time,mean_abs_reaction_rhs,mean_abs_diffusion_rhs,mean_abs_electrodiffusion_rhs,mean_abs_ecs_rhs,mean_abs_geometry_rhs,mean_abs_total_rhs,number_wavefront_points
0.0,0.01429916792712005,0.01355075859375,0.0005933404679644094,0.0,0.0,0.01795557698904357,23
0.02,0.014436139719261836,0.01349772285133496,0.0005868572883272734,0.0,0.0,0.017953754171001923,23
0.04,0.014571556191294781,0.013445513952075256,0.0005804869105708549,0.0,0.0,0.017953307760406323,23
0.06,0.014705453219401003,0.013394117404987036,0.0005742269427348261,0.0,0.0,0.017954181428636792,23
0.08,0.014837864247855425,0.013343519064955286,0.0005680750413686603,0.0,0.0,0.01795632196727266,23
0.1,0.01496882053667203,0.013293705114119165,0.0005620289108884554,0.0,0.0,0.017959679011346825,23
0.12,0.01509838077987408,0.01324466204519466,0.0005560863029097406,0.0,0.0,0.017964204797488635,23
0.14,0.015226691193751295,0.013196376646460154,0.000550245015559875,0.0,0.0,0.017969853951546894,23
0.16,0.015353675200832298,0.013148835988175657,0.0005445028927733876,0.0,0.0,0.017976583301282757,23
0.18,0.015479355882844789,0.013102027410243116,0.0005388578235732631,0.0,0.0,0.0179843517104647,23
0.2,0.015603849762944511,0.013055938510945502,0.0005333077413408428,0.0,0.0,0.017993119931350273,23
0.22,0.015727259993931802,0.013010557136626966,0.0005278506230768205,0.0,0.0,0.018002850473012144,23
0.24,0.01584957340857058,0.012965871372197046,0.0005224844886555424,0.0,0.0,0.018013507483403905,23
0.26,0.015970720662842497,0.012921869532358812,0.0005172074000746164,0.0,0.0,0.018025056643366778,23
0.28,0.016090717715729064,0.0128785401534752,0.0005120174607016372,0.0,0.0,0.01803746507108268,23
0.3,0.016209579678407977,0.0128358719859996,0.000506912814519664,0.0,0.0,0.01805070123567561,23
0.32,0.016327320877987002,0.01279385398740694,0.0005018916453729226,0.0,0.0,0.018064734878879697,23
0.34,0.016443954914734504,0.012752475315569828,0.0004969521762140459,0.0,0.0,0.018079536943828547,23
0.36,0.016559494713566308,0.012711725322531642,0.0004920926683540591,0.0,0.0,0.018095079510167377,23
0.38,0.016673952570430563,0.012671593548634489,0.0004873114207161563,0.0,0.0,0.018111335734787286,23
0.4,0.01678734019415506,0.012632069716965167,0.0004826067690942367,0.0,0.0,0.018128279797585814,23
0.42,0.01689966874423999,0.012593143728086764,0.00047797708541704007,0.0,0.0,0.018145886851731404,23
0.44,0.01701094886501924,0.012554805655027288,0.00047342077701863715,0.0,0.0,0.01816413297798089,23
0.46,0.0171211907165512,0.012517045738500014,0.0004689362859159456,0.0,0.0,0.018182995142649847,23
0.48,0.01723040400256246,0.01247985438233313,0.000464522088093854,0.0,0.0,0.018202451158894906,23
0.5,0.017338597995724087,0.012443222149088532,0.0004601766927984746,0.0,0.0,0.018222479651006596,23
0.52,0.0174457815604972,0.012407139755851905,0.00045589864183895876,0.0,0.0,0.018243060021440775,23
0.54,0.01755196317377472,0.012371598070177911,0.00045168650889828394,0.0,0.0,0.01826914117897617,23
0.56,0.01765715094348558,0.012336588106175939,0.0004475388988533279,0.0,0.0,0.01829728033594105,23
0.58,0.017761352625348382,0.012302101020723153,0.0004434544471045168,0.0,0.0,0.01832583061178004,23
0.6,0.017864575637895626,0.012268128109792862,0.00043943181891527386,0.0,0.0,0.018354775103799674,23
0.62,0.017966827075912975,0.01223466080488713,0.0004354697087614631,0.0,0.0,0.01838409755471643,23
0.64,0.018068113722386276,0.012201690669563491,0.0004315668396909712,0.0,0.0,0.018413782331929602,23
0.66,0.018168442059056496,0.012169209396046262,0.00042772196269355404,0.0,0.0,0.01844381440840701,23
0.68,0.018267818275672868,0.012137208801913862,0.0004239338560810187,0.0,0.0,0.018474179345098804,23
0.7000000000000001,0.018366248277995576,0.012105680826853598,0.00042020132487780314,0.0,0.0,0.018504863274779643,23
0.72,0.018463737694627586,0.012074617529476434,0.0004165232002219786,0.0,0.0,0.01853585288726919,23
0.74,0.018560291882708645,0.01204401108418403,0.00041289833877665005,0.0,0.0,0.018567135415953808,23
0.76,0.01865591593252562,0.012013853778081156,0.00040932562215180717,0.0,0.0,0.01859869862557186,23
0.78,0.018750614671063228,0.011984138007926493,0.0004058039563365162,0.0,0.0,0.018630530801210795,23
0.8,0.018844392664522952,0.011954856277115103,0.0004023322711414032,0.0,0.0,0.018662620738483293,23
0.8200000000000001,0.01893725421983277,0.011926001192686043,0.0003989095196513698,0.0,0.0,0.018694957734858717,23
0.84,0.01902920338515628,0.011897565462348648,0.00039553467768846043,0.0,0.0,0.018727531582124805,23
0.86,0.019120243949407225,0.01186954189152099,0.0003922067432847687,0.0,0.0,0.018760332559963764,23
0.88,0.019210379440771044,0.011841923380374068,0.000388924736165274,0.0,0.0,0.01879335143063373,23
0.9,0.01929973470619856,0.011814702920875275,0.00038568769724050124,0.0,0.0,0.01882657943475626,23
0.92,0.01938840997931017,0.011787873593824558,0.00038249468810886133,0.0,0.0,0.018860008288195156,23
0.9400000000000001,0.019476201057819192,0.011761428565876605,0.00037934479056855966,0.0,0.0,0.018893630180049536,23
0.96,0.019563110231867804,0.01173536108654229,0.0003762371061389287,0.0,0.0,0.018927437771747168,23
0.98,0.019649139509820283,0.011709664485162512,0.00037317075559105644,0.0,0.0,0.01896142419726376,23
1.0,0.019734290610617,0.011684332167847278,0.0003701448784875822,0.0,0.0,0.01899558306446233,23
1.02,0.019818578692534443,0.01165935761437296,0.00036715863273152204,0.0,0.0,0.01902990845757244,23
1.04,0.01990207573610016,0.011634734375030088,0.0003642111941239577,0.0,0.0,0.019064394940807528,23
1.06,0.019984700595306274,0.011610456067414397,0.0003613017559305053,0.0,0.0,0.01909903756312672,23
1.08,0.020066453685805938,0.011586516373155204,0.0003584295284568587,0.0,0.0,0.019133831864129883,23
1.1,0.020147335080042475,0.011562909034571143,0.00035559373863264156,0.0,0.0,0.01916877388107492,23
1.12,0.020227344493006946,0.011539627851246835,0.00035279362960378237,0.0,0.0,0.01920386015697597,23
1.1400000000000001,0.020306481266964625,0.01151666667652473,0.00035002846033373294,0.0,0.0,0.019239087749732108,23
1.16,0.020384744355232923,0.011494019413903992,0.000347297505213071,0.0,0.0,0.019274454242208014,23
1.18,0.020462132305111184,0.01147168001334151,0.0003446000536778269,0.0,0.0,0.019309957753133558,23
1.2,0.020538643240142405,0.01144964246745012,0.0003419354098365923,0.0,0.0,0.019345596948670184,23
1.22,0.02061427484191264,0.011427900807590766,0.000339302892106588,0.0,0.0,0.01938137105439333,23
1.24,0.02068902433171325,0.01140644909985743,0.00033670183285898096,0.0,0.0,0.019417279867403513,23
1.26,0.020762888452461457,0.011385281440956295,0.0003341315780738095,0.0,0.0,0.01945332376815259,23
1.28,0.020835863451399796,0.011364391953984232,0.0003315914870049971,0.0,0.0,0.01948950373145618,23
1.3,0.02090794506426999,0.011343774784116217,0.00032908093185607916,0.0,0.0,0.019525821336042817,23
1.32,0.02097912850179965,0.011323424094217145,0.00032659929746740206,0.0,0.0,0.019569585270487674,23
1.34,0.021049408439589606,0.01130333406040091,0.0003245542197078393,0.0,0.0,0.019622392085998797,23
1.36,0.021118779012712217,0.011283498867568709,0.00032259265338928855,0.0,0.0,0.019686637776517378,23
1.3800000000000001,0.021187233816647357,0.011263912704969818,0.000320645006391943,0.0,0.0,0.01975059137672067,23
1.4000000000000001,0.02125476591648153,0.011244569761841615,0.00031871107157303597,0.0,0.0,0.019814266671199954,23
1.42,0.021321367866652938,0.011225464223202057,0.0003167906430921572,0.0,0.0,0.019877677929704008,23
1.44,0.021387031743890065,0.01120659026588697,0.0003148835164637158,0.0,0.0,0.019940839873632175,23
1.46,0.02145174919631311,0.01118794205494594,0.0003129894886217024,0.0,0.0,0.020003767626368192,23
1.48,0.021515511511967417,0.011169513740535856,0.00031143660839662817,0.0,0.0,0.020066476644201196,23
1.5,0.021578309711681894,0.011151299455477598,0.00030996926324074116,0.0,0.0,0.020128982625869735,23
1.52,0.02164013466579308,0.011133293313669213,0.00030850377055457247,0.0,0.0,0.020191301393464253,23
1.54,0.02170097723884634,0.011115489409576023,0.0003070402148028339,0.0,0.0,0.020253448742626835,23
1.56,0.021760939497227974,0.011097881819042024,0.0003055786740981008,0.0,0.0,0.020315440265109872,23
1.58,0.02181995676168907,0.011080464601684091,0.0003041192205626622,0.0,0.0,0.020377291136763436,23
1.6,0.021877970050263946,0.011063231805136436,0.0003026619207073989,0.0,0.0,0.02043901587347407,23
1.62,0.02193497228879994,0.011046177471401762,0.00030120683582873645,0.0,0.0,0.020500628058423422,23
1.6400000000000001,0.021990957599423433,0.011029295645532075,0.00029975402242365164,0.0,0.0,0.02056214004730336,23
1.6600000000000001,0.02204592160653852,0.011012580386799932,0.00029830353262126104,0.0,0.0,0.02062356266199456,23
1.68,0.022099861739812036,0.010996025782425957,0.0002968554146277896,0.0,0.0,0.020684904887279285,23
1.7,0.02215277751573473,0.01097962596379886,0.0002954097131797334,0.0,0.0,0.02074617358903055,23
1.72,0.022204772496668176,0.010963375124962683,0.0002939664699979576,0.0,0.0,0.02080737327521505,23
1.74,0.022255805472750027,0.010947267542961703,0.000292525724233494,0.0,0.0,0.02086850592227203,23
1.76,0.022305830410664338,0.010931297599440918,0.00029108751289424936,0.0,0.0,0.020929570888253632,23
1.78,0.022354856778604933,0.01091545980272153,0.00028965187124088584,0.0,0.0,0.02099056493001172,23
1.8,0.022402896481801448,0.010899748809430601,0.0002882188331401582,0.0,0.0,0.021051482334785016,23
1.82,0.02244996361555731,0.010884159444687472,0.00028678843136509437,0.0,0.0,0.021112315167252968,23
1.84,0.02251258180306487,0.010868686719855166,0.0002853606978336113,0.0,0.0,0.021173053622693096,23
1.86,0.022575071438601078,0.01085332584696228,0.0002839356637803473,0.0,0.0,0.021233686466803965,23
1.8800000000000001,0.022637004137443562,0.010838072249084127,0.0002825133598603109,0.0,0.0,0.021294201534722557,23
1.9000000000000001,0.022698352147397783,0.010822921566222918,0.0002810938161869688,0.0,0.0,0.02135458625691295,23
1.92,0.022759087097887733,0.010807869656515106,0.0002796770623111651,0.0,0.0,0.021414828178721472,23
1.94,0.02281918048267465,0.010792912592885612,0.00027826312715030304,0.0,0.0,0.021474915443228035,23
1.96,0.022878604090891274,0.010778046655529784,0.00027685203887928907,0.0,0.0,0.021534837212816446,23
1.98,0.02293733037155026,0.010763268320810095,0.0002755113529736267,0.0,0.0,0.021594584012409677,23
2.0,0.022995332724837492,0.010748574247291148,0.00027422892046559893,0.0,0.0,0.021654147985222156,23
2.02,0.023052585720891673,0.010733961259701646,0.000272946843896226,0.0,0.0,0.02171352305906739,23
2.04,0.023109065252666608,0.010719426331612955,0.0002716652005478597,0.0,0.0,0.021772705027022988,23
2.06,0.023164748633440972,0.010704966567574567,0.0002703840648521985,0.0,0.0,0.02183169155020826,23
2.08,0.023219614651680553,0.010690579185363841,0.00026910350831397514,0.0,0.0,0.02189048209271869,23
2.1,0.023273643596414643,0.010676261498905933,0.00026782359945710406,0.0,0.0,0.02194907779958605,23
2.12,0.02332681726549928,0.010662010902313807,0.00026654440379563816,0.0,0.0,0.022007481328484155,23
2.14,0.023379118967432732,0.010647824855395564,0.00026526598383058865,0.0,0.0,0.02206569664514939,23
2.16,0.02343053352513288,0.01063370087088369,0.00026398839907265637,0.0,0.0,0.022123728791525035,23
2.18,0.023481047287548833,0.010619636503559472,0.0002627117060900846,0.0,0.0,0.0221815836347212,23
2.2,0.02353064815238889,0.010605629341376132,0.0002614359585802216,0.0,0.0,0.02223926760416957,23
2.22,0.023579325600779966,0.010591676998624221,0.00026016120746285047,0.0,0.0,0.022296787423889554,23
2.24,0.02362707074245829,0.010577777111130515,0.00025888750099294186,0.0,0.0,0.022354149846497775,23
2.2600000000000002,0.023673876368314844,0.010563927333435252,0.0002576148848901364,0.0,0.0,0.02241136139541986,23
2.2800000000000002,0.02371973700583338,0.01055012533785029,0.00025634340248198846,0.0,0.0,0.022468428121474,23
2.3000000000000003,0.023770807909325686,0.010536368815263064,0.00025507309485781185,0.0,0.0,0.022525355379519996,23
2.32,0.023822302919276995,0.010522655477518301,0.00025380400102984727,0.0,0.0,0.022582147630018937,23
2.34,0.02387307984451861,0.010508983061183036,0.00025253615809847115,0.0,0.0,0.022638808269140626,23
2.36,0.023923148144059794,0.010495349332482338,0.000251269601418292,0.0,0.0,0.022695339489567482,23
2.38,0.023972529549415644,0.010481752093184533,0.0002500043647622146,0.0,0.0,0.022751742172503104,23
2.4,0.024021162802358147,0.010468189187216217,0.00024874048048090046,0.0,0.0,0.022808015809933448,23
2.42,0.024069038422759283,0.0104546585077976,0.0002474779796554491,0.0,0.0,0.022864158455080236,23
2.44,0.02411614783435374,0.010441158004905448,0.0002462168922415764,0.0,0.0,0.022920166698532335,23
2.46,0.024171348473462705,0.010427685692890116,0.00024495724720393106,0.0,0.0,0.02297603566773128,23
2.48,0.024230446871559244,0.010414239658090895,0.00024369907263951864,0.0,0.0,0.023031759048322727,23
2.5,0.02428922907450394,0.010400818066306513,0.00024244239588941326,0.0,0.0,0.02308732912706025,23
2.52,0.024347682517236513,0.01038741916998295,0.0002411872436380154,0.0,0.0,0.02314273685715548,23
2.54,0.02440590686110208,0.01037404131497896,0.00023993364199917158,0.0,0.0,0.023197971947801807,23
2.56,0.024463794094265277,0.01036068294676295,0.00023868161658843325,0.0,0.0,0.023253022979788592,23
2.58,0.02452130865036929,0.010347342615886847,0.00023743119258077102,0.0,0.0,0.02330787754846783,23
2.6,0.02457843315643089,0.010334018982578928,0.0002361823947531239,0.0,0.0,0.023362522433915647,23
2.62,0.024635149443441442,0.01032071082030184,0.00023493524751138915,0.0,0.0,0.023416943796106347,23
2.64,0.02469143875325466,0.010307417018138332,0.0002336897749017478,0.0,0.0,0.023471127390674102,23
2.66,0.02474728195906086,0.01029413658189634,0.00023244600060665755,0.0,0.0,0.023525058798757242,23
2.68,0.02480265979136042,0.010280868633865797,0.0002312039479263058,0.0,0.0,0.023578723662862032,23
2.7,0.02485755306057568,0.010267612411208804,0.00022996363974682373,0.0,0.0,0.023632107919910526,23
2.72,0.02491194286754913,0.010254367263017762,0.00022872509849697242,0.0,0.0,0.023685198022747087,23
2.74,0.02496581079412489,0.010241132646127263,0.00022748834609538453,0.0,0.0,0.023737981142329504,23
2.7600000000000002,0.025019139067573123,0.010227908119810664,0.00022625340389063469,0.0,0.0,0.02379044534439463,23
2.7800000000000002,0.0250719106946399,0.010214693339526949,0.00022502029259649595,0.0,0.0,0.023842579736413842,23
2.8000000000000003,0.025124109563073246,0.010201488049906164,0.00022378903222465806,0.0,0.0,0.02389437458272381,23
2.82,0.025175720510475348,0.01018829207717145,0.00022255964201701328,0.0,0.0,0.0239458213877192,23
2.84,0.025226729362016937,0.010175105321193681,0.00022133214037932004,0.0,0.0,0.02399691294868213,23
2.86,0.025277122939820332,0.010161927747362878,0.0002201065448177517,0.0,0.0,0.024047643381095107,23
2.88,0.025326889047662154,0.010148759378441192,0.00021888287187945912,0.0,0.0,0.02409800812013019,23
2.9,0.025376016435085275,0.010135600286538463,0.0002176611370979637,0.0,0.0,0.0241480039024462,23
2.92,0.025424494745095182,0.010122450585325057,0.0002164413549438601,0.0,0.0,0.02419762873251183,23
2.94,0.025472314449420417,0.010109310422570579,0.00021522353878104165,0.0,0.0,0.024246881837476347,23
2.96,0.02551946677497656,0.010096179973072201,0.0002140077008284448,0.0,0.0,0.02429576361426765,23
2.98,0.025565943624687625,0.010083059432013975,0.00021279385212711517,0.0,0.0,0.024344275572109428,23
3.0,0.025611737495299224,0.010069949008779399,0.00021158200251229333,0.0,0.0,0.024392420273125638,23
3.02,0.02565684139432258,0.010056848921223528,0.0002103721605901105,0.0,0.0,0.02444020127319941,23
3.04,0.025701248757746365,0.010043759390398258,0.00020916433371846103,0.0,0.0,0.02448762306474398,23
3.06,0.025744953369759932,0.01003068063571488,0.00020795852799156332,0.0,0.0,0.024534691022639818,23
3.08,0.025787949285329084,0.010017612870520888,0.00020675474822777186,0.0,0.0,0.024581411354177025,23
3.1,0.025830230756212585,0.010004556298063457,0.000205552997960181,0.0,0.0,0.02462779105357295,25
3.12,0.025871792160736404,0.009991511107809083,0.00020435327942961687,0.0,0.0,0.02467383786134373,25
3.14,0.02591270668774001,0.00997847747208762,0.0002031555935796652,0.0,0.0,0.024719560228628694,25
3.16,0.02595292848604547,0.00996545554302869,0.00020195994005340468,0.0,0.0,0.02476496728639615,25
3.18,0.025992414499326735,0.009952445449759314,0.0002007663171915967,0.0,0.0,0.02481006881934327,25
3.2,0.02603115898024831,0.009939447295832819,0.0001995747220321189,0.0,0.0,0.024854875244203,25
3.22,0.02606915601517899,0.009926461156860992,0.00019838515031049355,0.0,0.0,0.024899397592101146,25
3.24,0.026106399476657688,0.009913487078323688,0.00019719759646142097,0.0,0.0,0.024943647494546976,25
3.2600000000000002,0.02614288297928463,0.009900525073532321,0.00019601205362128191,0.0,0.0,0.02498763717258865,25
3.2800000000000002,0.02617859983899476,0.009887575121726326,0.00019482851363163164,0.0,0.0,0.025031379428630054,25
3.3000000000000003,0.02621354303570026,0.009874637166284332,0.00019365267937513836,0.0,0.0,0.025074887640329245,25
3.3200000000000003,0.026247705179413487,0.009861711113034388,0.00019260549258338252,0.0,0.0,0.02511817575600075,25
3.34,0.02628107847998853,0.009848796828650508,0.0001916088374288606,0.0,0.0,0.02516125829082789,25
3.36,0.026313654720772364,0.00983589413912565,0.00019061219363816266,0.0,0.0,0.025204150323181605,25
3.38,0.02634542523652861,0.009823002828314173,0.00018961557440203025,0.0,0.0,0.02524686749022942,25
3.4,0.02637638089614139,0.009810122636540047,0.0001886189915011339,0.0,0.0,0.025289425981955355,25
3.42,0.02640651209072646,0.009797253259270238,0.00018762245532321013,0.0,0.0,0.025331842532602435,25
3.44,0.02643580872793232,0.009784394345856309,0.00018662597488325227,0.0,0.0,0.025374134408455862,25
3.46,0.026464260233342855,0.009771545498350796,0.00018562955784733309,0.0,0.0,0.025416319390748086,25
3.48,0.026491855560067362,0.009758706270409081,0.00018463321056068265,0.0,0.0,0.02545841575236604,25
3.5,0.026518583207738235,0.00974587616629142,0.00018363693808074472,0.0,0.0,0.025500442226899817,25
3.52,0.02654443125229413,0.0097330546399845,0.00018264074421599975,0.0,0.0,0.025542417968467093,25
3.54,0.026569387388037973,0.009720241094466373,0.0001816446315714049,0.0,0.0,0.025584362500630314,25
3.56,0.02659343898356654,0.009707434881143708,0.00018064860160137022,0.0,0.0,0.025626295652658358,25
3.58,0.026616573153223688,0.009694635299494962,0.0001796526546712271,0.0,0.0,0.02566823748135655,25
3.6,0.02663877684569165,0.009681841596958325,0.00017865679012816414,0.0,0.0,0.025710208176693818,25
3.62,0.02666003695126594,0.009669052969107627,0.00017766100638261082,0.0,0.0,0.02575222794959961,25
3.64,0.02668034042913862,0.009656268560163724,0.0001766653010009897,0.0,0.0,0.025794316900514678,25
3.66,0.026711030692503458,0.009643487463892078,0.00017566967081068227,0.0,0.0,0.025836494867615932,26
3.68,0.026748946947588483,0.009630708724939332,0.0001746741120178867,0.0,0.0,0.02587878125418753,26
3.7,0.026786632036802472,0.009617931340662005,0.00017367862033885288,0.0,0.0,0.02592119483526391,26
3.72,0.026824091371480042,0.009605154263498684,0.00017268319114467268,0.0,0.0,0.02596375354456579,26
3.74,0.026861329177922902,0.009592376403932474,0.00017168781961943733,0.0,0.0,0.026006474243807278,26
3.7600000000000002,0.02689834832805587,0.009579596634082938,0.00017077979044330315,0.0,0.0,0.026049372477658046,26
3.7800000000000002,0.026942875325331038,0.009566813791955562,0.00016992457042976818,0.0,0.0,0.026092462218978908,26
3.8000000000000003,0.026988598619115994,0.009554026686362113,0.00016906721678544665,0.0,0.0,0.02613575561031689,26
3.8200000000000003,0.027034449158059786,0.009541234102506737,0.00016820774931376476,0.0,0.0,0.026179262708925292,26
3.84,0.027080431935184265,0.009528434808211366,0.00016734618826504184,0.0,0.0,0.026222991243693473,26
3.86,0.027126549282600634,0.009515627560729873,0.0001664825545501342,0.0,0.0,0.026266946393143642,26
3.88,0.0271728006744754,0.009502811114075412,0.00016561686995143041,0.0,0.0,0.026311130593958624,28
3.9,0.027219182569522073,0.009489984226760444,0.00016480095800529832,0.0,0.0,0.026355543389257725,28
3.92,0.027265688301339117,0.009477145669825951,0.00016402187454678463,0.0,0.0,0.026400181324936454,28
3.94,0.027312308023365064,0.00946429423501725,0.00016326972098139705,0.0,0.0,0.026445037900836837,28
3.96,0.027359028713142122,0.009451428742949953,0.0001625213297482773,0.0,0.0,0.026490103581437795,28
3.98,0.027405834238003683,0.009438548051102606,0.0001618150508448373,0.0,0.0,0.02653536586818131,28
4.0,0.027452705481576387,0.009425651061472879,0.00016112594805129093,0.0,0.0,0.026580809432828253,28
4.0200000000000005,0.027499620527721598,0.0094127367277421,0.00016046416271954278,0.0,0.0,0.026626416308474,28
4.04,0.02754655489605852,0.009399804061807966,0.00015979955861444755,0.0,0.0,0.026672166132372672,28
4.0600000000000005,0.027593481821152017,0.009386852139565773,0.00015913217677955837,0.0,0.0,0.026718036432659648,28
4.08,0.027640372565991264,0.009373880105843618,0.00015846205855014667,0.0,0.0,0.0267640029496027,28
4.1,0.0276871967595543,0.00936088717842408,0.00015788132489705285,0.0,0.0,0.026810039981176415,28
4.12,0.027733922748063185,0.009347872651112726,0.0001572979798966548,0.0,0.0,0.02685612074255731,28
4.14,0.027780517949867408,0.009334835895840573,0.00015671116037527689,0.0,0.0,0.026902217729459686,28
4.16,0.02782694920467885,0.009321776363812253,0.00015612091328530086,0.0,0.0,0.026948303076006094,28
4.18,0.027873183108954886,0.00930869358573315,0.0001555272858169555,0.0,0.0,0.02699434889888407,28
4.2,0.02791918633049275,0.009295587171167146,0.00015493032535959623,0.0,0.0,0.027040327620790634,28
4.22,0.027964925896662173,0.009282456807091223,0.00015433007945765586,0.0,0.0,0.027086212267510193,28
4.24,0.028010369452060986,0.009269302255724652,0.00015372659576264034,0.0,0.0,0.02713197673430758,28
4.26,0.028055485482741782,0.009256123351718402,0.00015311992198250898,0.0,0.0,0.027177596018657525,28
4.28,0.028100243505422284,0.009242919998795824,0.0001525101058296098,0.0,0.0,0.02722304641756953,28
4.3,0.028144614221280173,0.00922969216593771,0.0001518971949682726,0.0,0.0,0.027268305688926547,28
4.32,0.02818856963500825,0.009216439883204953,0.000151281236962987,0.0,0.0,0.027313353177297918,28
4.34,0.028232083140727466,0.009203163237289546,0.00015066227922797383,0.0,0.0,0.027358169905573423,28
4.36,0.028275129577132702,0.009189862366880385,0.0001500629366300793,0.0,0.0,0.02740273863450267,28
4.38,0.02831768525485088,0.00917653745792443,0.00014958629453899094,0.0,0.0,0.027447043892785763,28
4.4,0.028359727959428892,0.00916318873885663,0.00014910544089425428,0.0,0.0,0.027491071980751753,28
4.42,0.028401236933605994,0.009149816475864145,0.00014862042779549515,0.0,0.0,0.02753481095084757,28
4.44,0.02844219284265978,0.009136420968241805,0.00014813130704102539,0.0,0.0,0.027578250568241557,28
4.46,0.02848317682776356,0.009123002543887518,0.0001476381300915673,0.0,0.0,0.027621382254721365,28
4.48,0.02852961140101358,0.009109561554977975,0.00014714094803786,0.0,0.0,0.0276641990188869,28
4.5,0.02857567719944486,0.009096098373857492,0.00014663981157215603,0.0,0.0,0.027706695375337997,28
4.5200000000000005,0.028621368689777004,0.009082613389165809,0.00014613477096356626,0.0,0.0,0.027748867255222937,28
4.54,0.028666681608207782,0.009069107002224812,0.00014562587603719434,0.0,0.0,0.027790711910139158,28
4.5600000000000005,0.028711612856844107,0.009055579623698927,0.0001451131761569739,0.0,0.0,0.02783222781102018,28
4.58,0.028756160396269426,0.009042031670539867,0.00014459672021211316,0.0,0.0,0.027873414543277228,28
4.6000000000000005,0.028800323135214405,0.00902846356322324,0.00014407655660704998,0.0,0.0,0.027914272699170878,28
4.62,0.028844100818000377,0.009014875723281923,0.0001435527332548268,0.0,0.0,0.027954803768091032,28
4.64,0.028887493910250597,0.009001268571139538,0.00014302529757377041,0.0,0.0,0.027995010025250268,28
4.66,0.028930503483188142,0.008987642524245934,0.00014249429648740942,0.0,0.0,0.028034894419119397,28
4.68,0.028973247262141795,0.00897399799551583,0.00014195977642751797,0.0,0.0,0.028074460457879973,28
4.7,0.02901562660904669,0.008960335392071037,0.00014142178334019515,0.0,0.0,0.028113712095142355,28
4.72,0.029057634414136776,0.008946655114285891,0.0001408803626948806,0.0,0.0,0.02815265361526462,28
4.74,0.029099319857581137,0.008932957555134811,0.00014033555949618569,0.0,0.0,0.028191289518705826,28
4.76,0.02914063345353514,0.008919243099839554,0.00013978741829839415,0.0,0.0,0.028229624408073185,28
4.78,0.029181577433086345,0.008905512125812132,0.00013923598322246946,0.0,0.0,0.02826766287572208,28
4.8,0.029222153812445466,0.008891765002886994,0.00013868129797535582,0.0,0.0,0.028305409394079894,28
4.82,0.029262463519996795,0.008878002093833107,0.00013812340587131586,0.0,0.0,0.028342868210114752,28
4.84,0.029302440919558265,0.008864223755132919,0.00013756234985500202,0.0,0.0,0.028380043245683183,28
4.86,0.029342098037101864,0.008850430338010687,0.00013699817252589596,0.0,0.0,0.028416938005699863,28
4.88,0.029381404937152383,0.008836622189687872,0.00013643091616370216,0.0,0.0,0.028453555496268112,28
4.9,0.029420348790474463,0.008822799654837794,0.00013586062275422757,0.0,0.0,0.02848989815496407,28
4.92,0.0294589282720292,0.008808963077206506,0.0001352873340152178,0.0,0.0,0.028525967795411635,28
4.94,0.029497141258559356,0.008795112801361436,0.00013471109142162857,0.0,0.0,0.02856176556810134,28
4.96,0.02953498480012356,0.008781249174524941,0.0001341411639153243,0.0,0.0,0.0285972919390154,28
4.98,0.029572455110143014,0.008767372548446131,0.0001338714498386337,0.0,0.0,0.028632546687147375,28
5.0,0.029609547574385376,0.008753483281262174,0.0001336698756548578,0.0,0.0,0.028667528921353377,28
5.0200000000000005,0.029646256778594754,0.008739581739299774,0.00013346453789152895,0.0,0.0,0.028702237116253953,28
5.04,0.02968257655373093,0.008727219932067232,0.00013325544807402242,0.0,0.0,0.02873666916615786,28
5.0600000000000005,0.029718500037033066,0.008721050998254237,0.0001331061845808585,0.0,0.0,0.028770822455227628,28
5.08,0.029754019746481425,0.008714821555797381,0.00013305176317578166,0.0,0.0,0.028804693941461672,28
5.1000000000000005,0.029789143349945788,0.008708531933028332,0.0001329932136002953,0.0,0.0,0.028838280251543162,28
5.12,0.029823889557174525,0.008702182464967642,0.00013293054077956302,0.0,0.0,0.028871577783252035,28
5.14,0.02985820714957873,0.008695773493620117,0.00013286375086377772,0.0,0.0,0.028904582811993255,28
5.16,0.02989208707278194,0.008689305367977518,0.00013279285116398065,0.0,0.0,0.02893729159803597,28
5.18,0.029925520115444384,0.008682778443728195,0.00013271785008202362,0.0,0.0,0.028969700491288594,28
5.2,0.029958496997099394,0.0086761930826818,0.0001326387570358932,0.0,0.0,0.02900180603082532,28
5.22,0.02999100844821699,0.008669549651924298,0.00013255558238165516,0.0,0.0,0.029033605036849337,28
5.24,0.030023045280844117,0.008662848522724597,0.0001324683373333216,0.0,0.0,0.02906509469335755,30
5.26,0.030054598448720438,0.008656090069218551,0.00013237703388188448,0.0,0.0,0.029096272620298777,32
5.28,0.03008565909636934,0.008649274666899288,0.00013233222407029648,0.0,0.0,0.02912713693459075,32
5.3,0.030116218597151502,0.008642402690944375,0.0001323649076682959,0.0,0.0,0.029157686299817912,32
5.32,0.030146268580705047,0.008635474514411002,0.00013240294532606582,0.0,0.0,0.029187919964830684,32
5.34,0.03017580095056514,0.008628490506329736,0.0001324361919330644,0.0,0.0,0.029217837791792933,32
5.36,0.0302048078929982,0.008621451029726246,0.00013246467033271758,0.0,0.0,0.02924744027441577,32
5.38,0.030233281878282867,0.008614356439598876,0.00013248840362722048,0.0,0.0,0.029276728547255135,32
5.4,0.030261215655773204,0.00860720708087783,0.00013250741512264936,0.0,0.0,0.029305704386988325,32
5.42,0.030288602244132976,0.008600003286389987,0.00013252172827887257,0.0,0.0,0.029334370206563133,34
5.44,0.030315434918143598,0.008592745374851728,0.00013253136666445338,0.0,0.0,0.029362729043045127,34
5.46,0.030341707193443476,0.008585433648910632,0.000132536353916648,0.0,0.0,0.029390784539852725,34
5.48,0.0303674128105366,0.008578068393256089,0.0001325367137065711,0.0,0.0,0.029418540923952654,34
5.5,0.030392545719336247,0.008570649872818534,0.00013253246970956127,0.0,0.0,0.029446002978413915,34
5.5200000000000005,0.030417100065446036,0.00856317833107701,0.00013252364558075433,0.0,0.0,0.02947317601055044,34
5.54,0.030441070179332272,0.008555653988495735,0.00013251026493587575,0.0,0.0,0.029500065815732293,34
5.5600000000000005,0.030464459856192214,0.008548077041111445,0.00013249235133725956,0.0,0.0,0.029526678636785,34
5.58,0.03048729569395687,0.008540447659295335,0.00013246992828509763,0.0,0.0,0.02955302111875939,34
5.6000000000000005,0.03050953169042578,0.008532765986715455,0.00013244301921394496,0.0,0.0,0.029579100258752003,34
5.62,0.030531162903645333,0.008525032139528266,0.00013241164749451688,0.0,0.0,0.029604923350360163,34
5.64,0.03055218460163197,0.008517246205830598,0.00013237583644080503,0.0,0.0,0.02963049792233607,34
5.66,0.03058064562423529,0.008509408245406162,0.00013233560932254804,0.0,0.0,0.02965583167099239,34
5.68,0.030609173561538396,0.008501779466602976,0.0001323878810887752,0.0,0.0,0.029680932385991447,34
5.7,0.030637432730853755,0.008500552134928733,0.00013247063159172904,0.0,0.0,0.029705807869270212,34
5.72,0.030665429449255228,0.008499236086997052,0.00013254912243035392,0.0,0.0,0.02973046584707378,34
5.74,0.030693169818122208,0.008497830886117785,0.00013262334834231328,0.0,0.0,0.029754913875349693,34
5.76,0.030720659620769798,0.00849633606701909,0.00013269330479860026,0.0,0.0,0.02977915923913019,34
5.78,0.030747904215050526,0.00849475113930667,0.00013275898805352836,0.0,0.0,0.029803208846984303,34
5.8,0.030774908422531794,0.008493075591697133,0.00013282039519646756,0.0,0.0,0.029827069122151165,34
5.82,0.03080167641640091,0.008491308897049044,0.0001328775242049642,0.0,0.0,0.029850745892513637,34
5.84,0.030828211610850302,0.008489450518195888,0.00013293037399859044,0.0,0.0,0.02987424428217284,34
5.86,0.030854516555209596,0.008487499914561245,0.00013297894449265755,0.0,0.0,0.029897568607898137,34
5.88,0.03088059283655744,0.008485456549508342,0.00013302323665061852,0.0,0.0,0.029920722284194005,34
5.9,0.030906440994819682,0.008483319898344567,0.00013306325253378265,0.0,0.0,0.029943707740998544,34
5.92,0.030932060454416457,0.008481089456868261,0.00013309899534673283,0.0,0.0,0.029966526358085055,34
5.94,0.030957449476329287,0.008478764750311535,0.0001331304694767227,0.0,0.0,0.029989178420046513,34
5.96,0.030982605133912173,0.008476345342502014,0.00013315768052523554,0.0,0.0,0.03001166309519526,34
5.98,0.031007523314952174,0.008473830845040298,0.0001331806353299627,0.0,0.0,0.030033978440892267,34
6.0,0.03103219875136246,0.008471220926271535,0.00013319934197556855,0.0,0.0,0.03005612143669734,34
6.0200000000000005,0.031056625076565397,0.008468515319820909,0.00013321380979188516,0.0,0.0,0.030078088045406005,34
6.04,0.031080824286281224,0.008465713832465704,0.00013322404933853406,0.0,0.0,0.030099873300617322,34
6.0600000000000005,0.031104798228151508,0.008462816351131584,0.00013323007237542076,0.0,0.0,0.03012147141806218,34
6.08,0.031128537672633877,0.008459822848827552,0.00013323189181904278,0.0,0.0,0.030142875926680773,34
6.1000000000000005,0.031151994119611455,0.008456733389370953,0.00013327235136277964,0.0,0.0,0.0301640798144503,34
6.12,0.031175157371881593,0.008453548130798665,0.0001333827877073371,0.0,0.0,0.030185075683363847,34
6.140000000000001,0.031198016896415087,0.0084502673274097,0.00013349175508260133,0.0,0.0,0.030205855907747,34
6.16,0.03122056197514709,0.008447841391789947,0.00013359767704309672,0.0,0.0,0.030226412790301076,34
6.18,0.03124278184818103,0.008447227463288066,0.00013370053804450562,0.0,0.0,0.03024673871081901,34
6.2,0.03126466584517675,0.008446503847634504,0.00013380032047989994,0.0,0.0,0.03026682626335345,34
6.22,0.03128620350170254,0.008445671112724564,0.00013389700483316914,0.0,0.0,0.030286668378624766,34
6.24,0.031307384658401397,0.008444729911326625,0.00013399056984584936,0.0,0.0,0.03030625842952793,34
6.26,0.03132819954187638,0.008443680976125847,0.00013408099269264357,0.0,0.0,0.03032559031865146,34
6.28,0.0313486388271374,0.008442525114104614,0.00013416824916122086,0.0,0.0,0.030344658547658648,36
6.3,0.031368693682259065,0.008441263200424686,0.00013425231383232668,0.0,0.0,0.030363458269188393,36
6.32,0.03138835579648283,0.008439896171967873,0.00013433316025677526,0.0,0.0,0.030381985322515338,36
6.34,0.03140761739345108,0.008438425020678923,0.00013441076112647807,0.0,0.0,0.030400236254662143,36
6.36,0.03142651289812911,0.008436850786837865,0.00013448508843727226,0.0,0.0,0.030418208328876907,36
6.38,0.031445047241370164,0.00843517455237061,0.00013455611364186467,0.0,0.0,0.030435899522514135,36
6.4,0.0314631779255582,0.008433397434287797,0.00013462380779177043,0.0,0.0,0.030453308516316894,36
6.42,0.031480882816260464,0.008431520578323463,0.00013468814166754696,0.0,0.0,0.030470434676995617,36
6.44,0.03149820313966494,0.008429545152827875,0.00013474908589704404,0.0,0.0,0.030487278034831176,36
6.46,0.03151509393411736,0.00842747234295351,0.00013480661106171743,0.0,0.0,0.030503839257816072,36
6.48,0.03153154457325582,0.008425303345159603,0.0001348606877912804,0.0,0.0,0.030520119623630375,36
6.5,0.0315475508832318,0.008423039362049344,0.00013493561824347004,0.0,0.0,0.030536120990527486,36
6.5200000000000005,0.03156310898349536,0.008420681597544466,0.00013504352084756208,0.0,0.0,0.030551845767994038,36
6.54,0.031578215247379714,0.008418231252394482,0.00013514770027905259,0.0,0.0,0.030567296887845975,36
6.5600000000000005,0.0315928662635974,0.008415689520012199,0.0001352481301113083,0.0,0.0,0.030582477776272588,36
6.58,0.0316070587990681,0.008413057582622972,0.0001353447842809383,0.0,0.0,0.03059739232715393,36
6.6000000000000005,0.03162078976342611,0.008410336607712263,0.00013543763712695343,0.0,0.0,0.030612044876884282,36
6.62,0.03163405617544824,0.008407527744754447,0.00013552666342318232,0.0,0.0,0.030626440180802943,36
6.640000000000001,0.03164685513157591,0.008404632122204879,0.00013561183840469303,0.0,0.0,0.030640583391240074,36
6.66,0.03165918377667508,0.008401650844737313,0.0001356931377889443,0.0,0.0,0.030654480037124295,36
6.68,0.031671039277137235,0.008398584990709201,0.00013577053779234495,0.0,0.0,0.03066813600502569,36
6.7,0.03168242871927917,0.008395435609838554,0.00013584401514285302,0.0,0.0,0.030681557521449434,36
6.72,0.03169337985964853,0.008392203721077417,0.00013591354708921395,0.0,0.0,0.030694751136157137,36
6.74,0.03170384953841964,0.008388890310668726,0.0001359791114073973,0.0,0.0,0.030707723706267787,36
6.76,0.03171383478882472,0.008385496330375428,0.00013604068640475127,0.0,0.0,0.030720482380827818,36
6.78,0.0317233833823281,0.008382022695872652,0.0001360982509223533,0.0,0.0,0.030733034585547093,36
6.8,0.031732500217198055,0.008378470285296312,0.00013615178433602825,0.0,0.0,0.0307453880073603,36
6.82,0.031744558486322835,0.00837483993794362,0.00013620126655644705,0.0,0.0,0.03075755057846382,36
6.84,0.03175643020935811,0.008371132453123615,0.00013624667802870645,0.0,0.0,0.03076953045946683,36
6.86,0.03176794966112994,0.008367348589158111,0.00013628799973177476,0.0,0.0,0.030781336021312583,36
6.88,0.031779118368660035,0.008363489062535869,0.0001363252131781444,0.0,0.0,0.030792975825625016,36
6.9,0.03178993771408004,0.008359554547225029,0.00013635830041401465,0.0,0.0,0.03080445860317192,36
6.92,0.03180040889605705,0.008355545674150781,0.0001363872440203063,0.0,0.0,0.03081579323018659,36
6.94,0.03181053288838452,0.008351463030847066,0.00013641202711476414,0.0,0.0,0.030826988702354372,36
6.96,0.03182031039567257,0.008347307161292191,0.00013643263335537788,0.0,0.0,0.030838054106356688,36
6.98,0.03182974180621776,0.008343078565939063,0.000136449046945285,0.0,0.0,0.030848998588995667,36
7.0,0.03183882714228981,0.008338777701950652,0.0001364873605845841,0.0,0.0,0.030859831324062056,36
7.0200000000000005,0.03184756600826269,0.00833440498365039,0.00013654511337215234,0.0,0.0,0.03087056147727664,36
7.04,0.03185595753723726,0.008329960783195364,0.00013659918057818207,0.0,0.0,0.030881198169829573,36
7.0600000000000005,0.03186400033704557,0.008325445431477159,0.00013664955700848694,0.0,0.0,0.030891750441254744,36
7.08,0.031871692436758414,0.008320859219250933,0.0001366962374883579,0.0,0.0,0.030902227212571787,36
7.1000000000000005,0.0318790312350586,0.008316202398488157,0.0001367392167708694,0.0,0.0,0.030912637250828098,36
7.12,0.03188601345204155,0.008311475183941791,0.00013677848944264575,0.0,0.0,0.030922989136324592,36
7.140000000000001,0.03189263508616591,0.008306677754905633,0.00013681404982849866,0.0,0.0,0.030933291233914906,36
7.16,0.03189889137815293,0.008301810257141624,0.00013684589189658658,0.0,0.0,0.030943551669781095,36
7.18,0.03190477678362175,0.008296872804941091,0.00013687400916599825,0.0,0.0,0.030953778315006793,36
7.2,0.03191028495613902,0.00829186548327865,0.0001368983946188028,0.0,0.0,0.030963978777080434,36
7.22,0.031915408742124646,0.008286788350011239,0.00013691904061872997,0.0,0.0,0.03097416040013665,36
7.24,0.03192014018873319,0.008281641438070477,0.000136935938838665,0.0,0.0,0.030984330274325695,36
7.26,0.031924470565398974,0.008276424757594693,0.00013694908019907433,0.0,0.0,0.030994495254165474,36
7.28,0.03192840423712691,0.008271138297947987,0.00013695845481932815,0.0,0.0,0.03100466198517043,36
7.3,0.03193845394778016,0.008265782029578037,0.00013696405198359202,0.0,0.0,0.031014836937434304,38
7.32,0.03194833306516528,0.008260355905672008,0.00013696586012268026,0.0,0.0,0.03102502644428537,38
7.34,0.031958030298912324,0.008254859863580587,0.00013696386681282248,0.0,0.0,0.031035236743647023,38
7.36,0.03196756205540778,0.00824929382599337,0.0001369580587919041,0.0,0.0,0.031045474019354237,38
7.38,0.03197693901773382,0.008243657701864124,0.00013694842199329373,0.0,0.0,0.031055744439472732,38
7.4,0.031986126519581354,0.008237951387100302,0.0001369349415969839,0.0,0.0,0.031066054188589116,38
7.42,0.03200039786004563,0.00823217476504756,0.0001369660572146101,0.0,0.0,0.031076409491167956,38
7.44,0.032015611322514195,0.008226327706814954,0.00013708951426022283,0.0,0.0,0.031086816623320166,38
7.46,0.03203087692165083,0.008220410071500116,0.00013721494737591362,0.0,0.0,0.031097281910706792,38
7.48,0.032046200632704754,0.008214421706384525,0.000137396963404316,0.0,0.0,0.03110781171081232,38
7.5,0.03206158842402804,0.008208362447176917,0.0001375841097650354,0.0,0.0,0.031118412378353808,38
7.5200000000000005,0.03207704620491495,0.008202232118387462,0.00013776798919249147,0.0,0.0,0.03112909021321665,38
7.54,0.032092579755978436,0.008196030533916385,0.00013794860821144916,0.0,0.0,0.03113985139093576,38
7.5600000000000005,0.03210822928900906,0.008189757497938058,0.00013812597299521864,0.0,0.0,0.03115070187637528,38
7.58,0.032123979188586914,0.008183412806155536,0.00013830008934328684,0.0,0.0,0.03116164732191925,38
7.6000000000000005,0.03213982074021167,0.00817699624749101,0.00013847096265357642,0.0,0.0,0.031172692952086405,38
7.62,0.03215575820036535,0.008170507606264863,0.00013866852981613616,0.0,0.0,0.03118384343712751,38
7.640000000000001,0.0321717951318931,0.008163946664900537,0.00013888212252093622,0.0,0.0,0.03119510275870318,38
7.66,0.03218793426520496,0.00815731320717422,0.00013912702487142972,0.0,0.0,0.031206474071277326,38
7.68,0.03220417735923449,0.008150607022008361,0.0001393699437650272,0.0,0.0,0.03121795956329011,38
7.7,0.03222052506654621,0.008143827907786493,0.0001396109010352878,0.0,0.0,0.031229560322504377,38
7.72,0.032236976807173266,0.008136975677144883,0.00013984991714316103,0.0,0.0,0.031241276210109817,38
7.74,0.03225353065578995,0.008130050162174891,0.00014008701096716202,0.0,0.0,0.03125310574819136,38
7.76,0.03227018324664892,0.00812305121994962,0.00014032219958983383,0.0,0.0,0.031265046024993706,38
7.78,0.03228692970035563,0.008115978738270668,0.00014055549808474063,0.0,0.0,0.03127709262205615,38
7.8,0.0323037635759768,0.008108832641516553,0.00014078691930848993,0.0,0.0,0.031289239566715754,38
7.82,0.03232067685122287,0.008101612896464359,0.00014101647370247665,0.0,0.0,0.031301479312719545,38
7.84,0.032337659932546586,0.008098733218935167,0.00014124416910901014,0.0,0.0,0.031313802750788086,38
7.86,0.03235470169596353,0.00809663301497541,0.00014147001060629862,0.0,0.0,0.03132619924993602,38
7.88,0.03237178955833031,0.008094419686926103,0.00014169400036642183,0.0,0.0,0.031338656729284264,38
7.9,0.032388909577691964,0.008092092665038185,0.00014191613753991152,0.0,0.0,0.03135116175897411,38
7.92,0.032406046580290476,0.00808965148992514,0.00014213641816989792,0.0,0.0,0.03136369968777306,38
7.94,0.03242318431083408,0.00808709582050625,0.00014235483513801796,0.0,0.0,0.031376254793969514,38
7.96,0.03244030560184222,0.008084425440858184,0.00014257137814342,0.0,0.0,0.031388810455368454,38
7.98,0.03245739255724107,0.008081640265827222,0.00014278603371530442,0.0,0.0,0.03140134933355971,38
8.0,0.0324744267449894,0.008078740345288441,0.00014299878525852758,0.0,0.0,0.031413853567234896,38
8.02,0.032491389393343666,0.008075725866976066,0.0001432096131309155,0.0,0.0,0.031426304969158575,38
8.040000000000001,0.03250826158546122,0.00807259715784996,0.00014341849475013724,0.0,0.0,0.0314386852214887,38
8.06,0.03252502444736036,0.008069354684004035,0.0001436254047272793,0.0,0.0,0.03145097606446136,38
8.08,0.032541659324793394,0.008065999049162111,0.00014383031502370472,0.0,0.0,0.031463159473992836,38
8.1,0.032558147945302374,0.008062530991842396,0.0001440331951273586,0.0,0.0,0.03147521782446515,38
8.120000000000001,0.03257447256253644,0.008058951381302899,0.0001442340122444605,0.0,0.0,0.03148713403377142,38
8.14,0.03259061608083078,0.008055261212404291,0.00014443273150241452,0.0,0.0,0.031498891688618684,38
8.16,0.03260656215891569,0.008053832527001465,0.00014462931615987152,0.0,0.0,0.0315104751489544,38
8.18,0.03262229529247086,0.008053656669137054,0.00014482372782005353,0.0,0.0,0.03152186963123071,38
8.2,0.03263780087599662,0.008053362548035292,0.00014501592664380947,0.0,0.0,0.03153306127097693,38
8.22,0.03265306524508825,0.008052951507005713,0.00014520587155923307,0.0,0.0,0.03154403716576592,38
8.24,0.03266807570067212,0.008052424980614887,0.00014539352046516056,0.0,0.0,0.03155478540013315,38
8.26,0.03268282051711692,0.008051784486534637,0.00014557883042632584,0.0,0.0,0.03156529505436214,38
8.28,0.03269728893630917,0.008051031617374735,0.00014576175785842915,0.0,0.0,0.03157555619922613,38
8.3,0.03271147114987022,0.008050168032611472,0.00014594225870184777,0.0,0.0,0.03158555987886454,38
8.32,0.03272535827165678,0.008049195450705862,0.00014612028858312904,0.0,0.0,0.03159529808393733,38
8.34,0.03273894230259075,0.008048115641488022,0.00014629580296376824,0.0,0.0,0.03160476371710526,38
8.36,0.03275221608969378,0.008046930418867363,0.00014646875727612266,0.0,0.0,0.0316139505527129,38
8.38,0.032765173281010106,0.008045641633913142,0.0001466391070465681,0.0,0.0,0.03162285319236017,38
8.4,0.03277780827788601,0.008044251168336031,0.00014680680800622373,0.0,0.0,0.0316314670178331,38
8.42,0.03279021499740449,0.008042760928389441,0.00014697181618972429,0.0,0.0,0.031639788142640485,38
8.44,0.03280229856003326,0.00804117283919914,0.00014713408802266968,0.0,0.0,0.031647813363197844,38
8.46,0.03281404771321157,0.008039488839521297,0.0001472935803984389,0.0,0.0,0.03165554011050012,38
8.48,0.03282545938256611,0.008037710876922332,0.0001474502507451071,0.0,0.0,0.03166296640293557,38
8.5,0.032836531005336365,0.008035840903368558,0.0001476040570832534,0.0,0.0,0.031670090800751206,38
8.52,0.032847260486141054,0.008033880871209766,0.00014775495807541276,0.0,0.0,0.03167691236253484,38
8.540000000000001,0.03285764615498303,0.00803183272953792,0.00014790291306793565,0.0,0.0,0.031683430603954905,38
8.56,0.03286768672765526,0.008029698420900315,0.00014804788212597605,0.0,0.0,0.03168964545892285,39
8.58,0.032877381268623225,0.008027479878345352,0.00014818982606230774,0.0,0.0,0.03169555724325611,39
8.6,0.03288672915638928,0.008025179022778765,0.0001483287064606065,0.0,0.0,0.031701166620849645,39
8.620000000000001,0.03289573005131435,0.008022797760607886,0.000148464485693802,0.0,0.0,0.03170647457233368,39
8.64,0.03290438386582792,0.008020337981652238,0.0001485971269380609,0.0,0.0,0.03171148236615129,39
8.66,0.03291269073692498,0.008017801557299196,0.00014872659418289677,0.0,0.0,0.031716191531956886,39
8.68,0.03292065100085149,0.008015190338884502,0.00014885285223788144,0.0,0.0,0.03172060383623967,39
8.700000000000001,0.032928265169838565,0.008012506156278349,0.00014897586673635793,0.0,0.0,0.03172472126003484,39
8.72,0.03293553391076827,0.008010282915017975,0.00014909560413654339,0.0,0.0,0.03172854597860805,39
8.74,0.03294245802563456,0.008010750136000727,0.0001492120317203521,0.0,0.0,0.031732080342979425,39
8.76,0.03294903843366862,0.00801130934016383,0.0001493251175902374,0.0,0.0,0.031735326863158775,39
8.78,0.0329552761549982,0.008011791403689619,0.00014943483066431768,0.0,0.0,0.03173828819296493,39
8.8,0.0329611722957219,0.008012198015999136,0.00014954114067002326,0.0,0.0,0.03174096711631258,39
8.82,0.03296672803427589,0.008012530840238827,0.0001496440181364724,0.0,0.0,0.03174336653484737,39
8.84,0.03297194460898389,0.008012791512852956,0.0001497616600133326,0.0,0.0,0.03174548945682319,39
8.86,0.032976823306685846,0.008012981643248202,0.00014991658674710868,0.0,0.0,0.031747338987120115,39
8.88,0.0329813654523429,0.008013102813540859,0.0001500678907313433,0.0,0.0,0.03174891831830428,39
8.9,0.03298557239953703,0.008013521516865624,0.00015021554561171676,0.0,0.0,0.03175023072265129,39
8.92,0.032989445521766296,0.008016577028074519,0.00015040685472175353,0.0,0.0,0.031751279545038064,39
8.94,0.032992986204474904,0.008019880724284462,0.0001506050059871973,0.0,0.0,0.03175206819664594,39
8.96,0.032996195837730384,0.008023740801689471,0.00015079932738321108,0.0,0.0,0.03175260014939156,39
8.98,0.032999089996612344,0.008033584630558277,0.00015098979552772218,0.0,0.0,0.03175287893103462,39
9.0,0.03300174498427734,0.008043327214954,0.0001511763877463374,0.0,0.0,0.03175290812090079,39
9.02,0.03300407357512968,0.008052969771993827,0.00015141180921685482,0.0,0.0,0.031752691346170175,39
9.040000000000001,0.03300607711722816,0.008062513496971055,0.00015165439692373082,0.0,0.0,0.031752232278686204,39
9.06,0.033007756934339334,0.008071959563276413,0.00015189295200527007,0.0,0.0,0.03175153463224271,39
9.08,0.03300911432132911,0.008081309122344584,0.0001521274541868161,0.0,0.0,0.031750602160310865,40
9.1,0.03301015053984608,0.008090563303622423,0.00015235788383672212,0.0,0.0,0.03174943865417339,41
9.120000000000001,0.03301086681426073,0.008099723214555921,0.0001525842219524999,0.0,0.0,0.03174804794143638,41
9.14,0.03301126432782735,0.008108789940592907,0.00015280645014692832,0.0,0.0,0.031746433884892004,41
9.16,0.03301134421903634,0.008117764545199089,0.00015302455063414435,0.0,0.0,0.03174460038170661,41
9.18,0.03301110757813166,0.008126648069884926,0.00015323850621571796,0.0,0.0,0.031742551362916295,41
9.200000000000001,0.03301055544376485,0.008135441534241242,0.0001534483002667239,0.0,0.0,0.031740290793208996,41
9.22,0.03300968879976137,0.008144145935981516,0.00015365391672181325,0.0,0.0,0.03173782267097677,43
9.24,0.03300850857198047,0.008152762250989074,0.00015385534006128672,0.0,0.0,0.03173515102862826,43
9.26,0.033007015625241456,0.008161291433367421,0.00015405255529717425,0.0,0.0,0.03173227993314297,43
9.28,0.03300521076030196,0.008169734415492135,0.00015424554795931628,0.0,0.0,0.03172921348686263,43
9.3,0.03300309471086884,0.008178092108062881,0.00015443430408144755,0.0,0.0,0.03172595582851024,43
9.32,0.03300070200423775,0.00818636540015412,0.00015464684197808676,0.0,0.0,0.031722511134424904,43
9.34,0.03299801517943831,0.008194555159263235,0.00015485793356344378,0.0,0.0,0.03171888362001243,43
9.36,0.03299503825347281,0.008202662231354832,0.0001551042034552929,0.0,0.0,0.03171507754141022,43
9.38,0.03299182881895699,0.008210687440900083,0.00015540390608961746,0.0,0.0,0.03171109719735064,43
9.4,0.03298831148148269,0.008218631590909967,0.00015571256404869565,0.0,0.0,0.03170694693123641,43
9.42,0.032984486511593754,0.008226495462961322,0.00015603668364331752,0.0,0.0,0.03170263113341795,43
9.44,0.03298035409133148,0.008234279817214769,0.0001563572803711453,0.0,0.0,0.031698154243675905,43
9.46,0.03297591431092269,0.008241985392423367,0.00015670894005847418,0.0,0.0,0.03169352075390925,43
9.48,0.032971167165365,0.008249612905931162,0.00015707625719353768,0.0,0.0,0.03168873521103316,43
9.5,0.032966112550895245,0.00825716305366057,0.0001574399531105762,0.0,0.0,0.031683802220088625,43
9.52,0.03296075026132579,0.00826463651008769,0.00015781918200837543,0.0,0.0,0.03167872644756561,43
9.540000000000001,0.03295507998424008,0.008272033928204602,0.0001582039047638107,0.0,0.0,0.0316735126249485,43
9.56,0.032949101297031,0.008279355939467704,0.00015858517232803272,0.0,0.0,0.03166816555248577,43
9.58,0.03294281366277052,0.008286603153731167,0.00015897563081468296,0.0,0.0,0.031662690103190796,43
9.6,0.032936216425900014,0.008293776159164526,0.0001593771727715564,0.0,0.0,0.03165709122708236,43
9.620000000000001,0.03292930880772338,0.008300875522153518,0.00015977664420398484,0.0,0.0,0.03165137395566629,43
9.64,0.03292208990169751,0.008307901787183148,0.00016019624975317982,0.0,0.0,0.031645543406672375,43
9.66,0.03291455866850119,0.008314855476702066,0.00016061271651055415,0.0,0.0,0.03163960478904722,43
9.68,0.032906713930877865,0.008321737090967216,0.00016102604792614107,0.0,0.0,0.03163356340821748,43
9.700000000000001,0.03289855436823382,0.008328547107867854,0.0001614362480780615,0.0,0.0,0.031627424671624264,43
9.72,0.03289007851098349,0.00833528598272783,0.0001618433216733615,0.0,0.0,0.03162119409453773,43
9.74,0.03288128473463918,0.008341954148085211,0.00016224727404922826,0.0,0.0,0.03161487730616634,43
9.76,0.032872171253620054,0.008348552013448198,0.00016264811117459773,0.0,0.0,0.031608480056049736,43
9.78,0.03286273611479363,0.008355079965026315,0.00016304583965213648,0.0,0.0,0.031602008220761355,43
9.8,0.032853000441035486,0.008361538365435916,0.00016344046672061208,0.0,0.0,0.03159546781090364,43
9.82,0.03284296379065706,0.008367927553378974,0.00016383200025763025,0.0,0.0,0.03158886497841195,43
9.84,0.03283259878824361,0.008374247843294222,0.00016422044878274225,0.0,0.0,0.0315822060241609,43
9.86,0.03282190274091111,0.008380499524979787,0.00016461799884522218,0.0,0.0,0.03157549740586554,43
9.88,0.03281087275160825,0.008386682863186357,0.00016502419440379894,0.0,0.0,0.031568745746275925,43
9.9,0.03279950571095676,0.008392798097180272,0.00016542748139546432,0.0,0.0,0.03156195784164688,43
9.92,0.032787798288840674,0.008398845440275754,0.00016582787146299352,0.0,0.0,0.03155514067046658,43
9.94,0.032775746925770295,0.008404825079335912,0.00016622537692763566,0.0,0.0,0.03154830140241997,43
9.96,0.03276334782404906,0.008410737174242072,0.00016663827832998543,0.0,0.0,0.031541447407548925,43
9.98,0.032750596938790504,0.008416581857331488,0.00016705348589029863,0.0,0.0,0.03153458626556948,43
10.0,0.03273748996883781,0.008422359232803534,0.00016746612020791164,0.0,0.0,0.03152772577528952,43
10.02,0.03272402234765116,0.008428069376094988,0.00016787619731689388,0.0,0.0,0.031520873964054535,43
10.040000000000001,0.032710189234255796,0.008433712333225383,0.00016830754082962425,0.0,0.0,0.031514039097145854,43
10.06,0.03269598550434072,0.008439288120113901,0.0001687369073668164,0.0,0.0,0.03150722968701563,43
10.08,0.032681405741641564,0.008444796721869931,0.0001691640437417412,0.0,0.0,0.03150045450224478,43
10.1,0.03266644422975033,0.008450238092060115,0.00016958897013146865,0.0,0.0,0.03149372257607149,43
10.120000000000001,0.03265109494452636,0.008455612151955475,0.0001700117075306968,0.0,0.0,0.031487043214315995,43
10.14,0.032635351547314895,0.00846091878976349,0.00017043227776088337,0.0,0.0,0.03148042600250001,43
10.16,0.03261920737920393,0.008466157859850632,0.0001708507034785585,0.0,0.0,0.03147388081191812,43
10.18,0.03260265545659992,0.008471329181962778,0.00017126700818258564,0.0,0.0,0.031467417804398184,43
10.200000000000001,0.0325856884684201,0.008476432540451903,0.00017168121622008768,0.0,0.0,0.03146104743543021,43
10.22,0.032568298775260775,0.008481467683519501,0.0001720933527907206,0.0,0.0,0.03145478045532838,43
10.24,0.03255583904089106,0.008486434322488847,0.00017250344394895476,0.0,0.0,0.031448627908029894,43
10.26,0.03254418322954967,0.008491332131120416,0.0001729115166039665,0.0,0.0,0.03144260112711577,43
10.28,0.032532343999687435,0.00849616074498689,0.00017331759851671024,0.0,0.0,0.03143671172859513,43
10.3,0.03252032225804705,0.008500919760926758,0.00017372171829372092,0.0,0.0,0.03143097159997795,43
10.32,0.03250811871410474,0.008505608736597762,0.00017412390537713311,0.0,0.0,0.03142539288514045,43
10.34,0.032495733839752135,0.008510227190154184,0.0001745241900304037,0.0,0.0,0.031419987964499414,43
10.36,0.03248316782315975,0.008514774600074283,0.00017492260331919396,0.0,0.0,0.03141476943002638,43
10.38,0.03247042051646146,0.008519250405166455,0.00017532440524379935,0.0,0.0,0.03140975005469461,43
10.4,0.03245749137698916,0.008523654004784716,0.00017573867667799558,0.0,0.0,0.031404942756025546,43
10.42,0.032444379401953286,0.008527984759285335,0.00017615129366872363,0.0,0.0,0.03140036055354796,43
10.44,0.03243108305663743,0.008532241990757094,0.00017656228983940802,0.0,0.0,0.031396016520133053,43
10.46,0.03241760019644152,0.008536424984057303,0.00017697169941466225,0.0,0.0,0.03139192372740767,43
10.48,0.03240392798340876,0.008540532988183804,0.00017737955716160466,0.0,0.0,0.0313880951857179,43
10.5,0.03239249547720462,0.008544565218010034,0.00017778589832360967,0.0,0.0,0.03138454377943598,43
10.52,0.03238096777939353,0.008548520856404965,0.0001781907585465989,0.0,0.0,0.03138128219875547,43
10.540000000000001,0.032369325496285094,0.008552399056752626,0.0001785941737982241,0.0,0.0,0.03137832286951763,43
10.56,0.03235916725441416,0.008556198945876517,0.00017901329049182396,0.0,0.0,0.03137567788298757,43
10.58,0.032352046110758544,0.008559919627362859,0.0001794359743134637,0.0,0.0,0.03137335892783364,43
10.6,0.03234508828811271,0.008563560185263153,0.0001798647344324162,0.0,0.0,0.0313713772268817,43
10.620000000000001,0.03233817134170425,0.00856711968814174,0.00018030401777104378,0.0,0.0,0.03136974348135755,43
10.64,0.032331506096115986,0.008571520798721904,0.00018074237649876105,0.0,0.0,0.03136846782536751,43
10.66,0.032327049622974516,0.008577471448554306,0.00018117984647599965,0.0,0.0,0.031367559793218695,43
10.68,0.032322708630872374,0.00858332948672147,0.00018161646323097146,0.0,0.0,0.03136702830179303,43
10.700000000000001,0.03231848187257525,0.008589093896131978,0.00018205226187054382,0.0,0.0,0.031366881649625374,43
10.72,0.03231436709448444,0.00859476366746382,0.0001825369740704314,0.0,0.0,0.03136712753354619,43
10.74,0.03231036105513003,0.008600337803719276,0.00018302855286119022,0.0,0.0,0.031367773082819336,43
10.76,0.032306459560319474,0.008610057224586274,0.00018351934661452497,0.0,0.0,0.0313688249096681,43
10.78,0.032302657513004075,0.008621253533963482,0.00018400938790202054,0.0,0.0,0.031370289174031014,43
10.8,0.03229894897499983,0.008632319840132288,0.00018449870858220147,0.0,0.0,0.031372171659417775,43
10.82,0.03229532723690918,0.008643254925156506,0.00018498733977906058,0.0,0.0,0.031374477855895797,43
10.84,0.032291784892065196,0.008654057633037187,0.00018547531187364033,0.0,0.0,0.031377213045655154,43
10.86,0.032288313910064266,0.008664726872099418,0.00018596265450760853,0.0,0.0,0.03138038238628039,43
10.88,0.032284907686405136,0.008675261616418161,0.0001864493965971957,0.0,0.0,0.03138399098683193,43
10.9,0.03228159991251945,0.008685660906309001,0.00018693556635536625,0.0,0.0,0.03138804397213098,43
10.92,0.03227833652160577,0.008695923847943828,0.00018742119131971239,0.0,0.0,0.03139254653118004,43
10.94,0.032275867902273596,0.008706049612180584,0.00018790629838331152,0.0,0.0,0.03139750394640072,43
10.96,0.03227992862160987,0.00871603743271967,0.00018840294179124788,0.0,0.0,0.03140292160127749,43
10.98,0.03228554508023008,0.008729296013542075,0.00018890726926392253,0.0,0.0,0.03140880496499039,43
11.0,0.03229150289232325,0.008745064113819695,0.0001894286914197533,0.0,0.0,0.03141515955360366,43
11.02,0.03229780323276436,0.008760660218866474,0.00018995002892256192,0.0,0.0,0.03142199086838222,43
11.040000000000001,0.032305148449435196,0.008776083096480003,0.0001904713073815799,0.0,0.0,0.03142930431268004,43
11.06,0.03231440279641263,0.008791331548144009,0.00019099255195759098,0.0,0.0,0.031437105089665886,43
11.08,0.03232407620553904,0.008806404406035724,0.0001915137873367037,0.0,0.0,0.0314453980838114,43
11.1,0.03233417091245759,0.00882130053042465,0.00019203503769042997,0.0,0.0,0.03145418772961212,43
11.120000000000001,0.032344688482102806,0.008836018807566714,0.00019255632662181808,0.0,0.0,0.03146347787140234,43
11.14,0.032355629660406955,0.00885055814817943,0.00019307767709783236,0.0,0.0,0.03147327161838657,43
11.16,0.03236699422540692,0.008864917486564705,0.0001935991113685942,0.0,0.0,0.03148357119911582,43
11.18,0.03237878084196232,0.008879095780427289,0.00019412065087449443,0.0,0.0,0.03149437781961552,43
11.200000000000001,0.03239098692414963,0.008893092011418802,0.00019464231614250703,0.0,0.0,0.031505691529228025,43
11.22,0.03240360850912074,0.008906905186419919,0.00019516412667335676,0.0,0.0,0.031517511097960686,43
11.24,0.03241664014586022,0.008920534339556894,0.0001956861008214301,0.0,0.0,0.031529833908780634,43
11.26,0.03243007480182095,0.008933978534932666,0.00019620825566950953,0.0,0.0,0.03154265586784847,43
11.28,0.03244390378992056,0.008947236870037475,0.00019673060690057607,0.0,0.0,0.03155597133519141,43
11.3,0.032458116717834114,0.008960308479788494,0.00019725316866903554,0.0,0.0,0.0315697730777754,43
11.32,0.03247270146094654,0.00897319254113278,0.000197775953473756,0.0,0.0,0.03158405224636915,43
11.34,0.032487644159744096,0.008985888278132069,0.00019832957848611222,0.0,0.0,0.03159879837701384,43
11.36,0.03250292924183447,0.008998394967432566,0.00019890750025491663,0.0,0.0,0.031613999417326406,43
11.38,0.0325185394681748,0.009010711944007498,0.00019948561432830126,0.0,0.0,0.03162964177725591,43
11.4,0.03253454162326667,0.009022838607046316,0.0002000639253394868,0.0,0.0,0.031645710403326435,43
11.42,0.032550834919480354,0.009034774425852163,0.00020064243574267448,0.0,0.0,0.03166218887477846,43
11.44,0.03256739284673933,0.009046518945600875,0.0002012211457454431,0.0,0.0,0.03167905951942018,43
11.46,0.03258419239840403,0.00905807179281016,0.0002018000532577534,0.0,0.0,0.03169630354644141,43
11.48,0.03260120943901587,0.009069432680369163,0.00020237915385870926,0.0,0.0,0.03171390119290816,43
11.5,0.03261841885399653,0.009080601411986045,0.00020295844078179953,0.0,0.0,0.03173183188024837,43
11.52,0.03263579470489535,0.009091577885925359,0.00020353790491889833,0.0,0.0,0.031750074376750696,43
11.540000000000001,0.032653310386103626,0.00910236209792725,0.00020411753484282153,0.0,0.0,0.031768606962002933,43
11.56,0.03267093877906349,0.00911295414322615,0.00020469731684776864,0.0,0.0,0.0317874075892968,43
11.58,0.032688652400324904,0.009123354217615922,0.00020527723500653986,0.0,0.0,0.03180645404234431,43
11.6,0.03270642354034069,0.009133562617539807,0.00020585727124305348,0.0,0.0,0.031825724083179095,43
11.620000000000001,0.032724224390581653,0.009143579739214645,0.0002064374054183767,0.0,0.0,0.03184519558880078,43
11.64,0.03274202715735919,0.009153406076828047,0.0002070176154282971,0.0,0.0,0.03186484667491722,43
11.66,0.03275980416158973,0.009163042219872455,0.0002075978773103641,0.0,0.0,0.03188465580597878,43
11.68,0.03277752792455027,0.009172488849700393,0.00020817816535833051,0.0,0.0,0.031904601891504084,43
11.700000000000001,0.032795171240384155,0.009181746735399473,0.00020875845224202033,0.0,0.0,0.03192466436939674,43
11.72,0.03281270723668444,0.00919081672909428,0.0002093387091308188,0.0,0.0,0.03194482327750932,43
11.74,0.03283010942486225,0.00919969976078485,0.00020991890581918734,0.0,0.0,0.03196505931507731,43
11.76,0.032847351742188904,0.009208396832829176,0.0002105041822549319,0.0,0.0,0.031985353895811905,43
11.78,0.03286442126493817,0.009216909014170833,0.00021109607134020105,0.0,0.0,0.03200568919441505,43
11.8,0.032881309471096985,0.009225237434403651,0.00021168783664619675,0.0,0.0,0.03202604818812052,43
11.82,0.03289796268152834,0.00923338327775433,0.0002122794444225992,0.0,0.0,0.032046414694526036,43
11.84,0.03291435685352196,0.009241347777052248,0.0002128708602288085,0.0,0.0,0.032066773406637314,43
11.86,0.03293046851380443,0.00924913220774425,0.0002134620490463917,0.0,0.0,0.032087109925605276,43
11.88,0.03294836825679026,0.009256737882001445,0.00021405297538815593,0.0,0.0,0.0321074107912673,43
11.9,0.03296683035918967,0.009264166142955775,0.0002146436034036282,0.0,0.0,0.03212766351022476,43
11.92,0.032985057866737125,0.009271418359096213,0.00021523631206801953,0.0,0.0,0.032147856580941235,43
11.94,0.033003034176252555,0.009278495918848275,0.00021583712901146725,0.0,0.0,0.03216797951513633,43
11.96,0.033020743451083294,0.009285400225355895,0.0002164375835508643,0.0,0.0,0.03218802285466276,43
11.98,0.033038170619966264,0.009292132691481386,0.0002170376404145344,0.0,0.0,0.03220797818303325,43
12.0,0.033055301369450306,0.009298694735037149,0.00021763726447351496,0.0,0.0,0.032227838130830626,43
12.02,0.03307212212927249,0.00930508777426154,0.00021823642081681956,0.0,0.0,0.0322475963743524,43
12.040000000000001,0.03308948097497677,0.009311313223550718,0.00021883507482123218,0.0,0.0,0.03226724762699873,45
12.06,0.03310779046080324,0.00931737248945811,0.00021943319221537027,0.0,0.0,0.03228678762310504,45
12.08,0.03312582483635946,0.0093232669669732,0.00022003073913773454,0.0,0.0,0.03230621309409831,45
12.1,0.03314357597131193,0.009328998036091234,0.0002206276821885147,0.0,0.0,0.03232552173707285,45
12.120000000000001,0.03316103640415749,0.00933456705868535,0.0002212239884749371,0.0,0.0,0.0323447121760419,45
12.14,0.03317920535335586,0.009339975375692245,0.00022181962564999866,0.0,0.0,0.03236378391630941,45
12.16,0.033198175721993815,0.009345224304621445,0.00022241456194449077,0.0,0.0,0.03238273729254957,45
12.18,0.033216905505335126,0.009350315137397135,0.00022300876619226717,0.0,0.0,0.032401573411344156,45
12.200000000000001,0.03323539193846827,0.009355249138539252,0.00022360220784879885,0.0,0.0,0.032420294089038446,45
12.22,0.03325363269393867,0.009360027543688072,0.00022419485700312752,0.0,0.0,0.03243890178592232,45
12.24,0.03327162580464658,0.00936465155847304,0.00022478668438342608,0.0,0.0,0.03245739953783974,45
12.26,0.033289369585389056,0.009369122357722364,0.00022537766135645018,0.0,0.0,0.032475790886435624,45
12.280000000000001,0.03330686255439963,0.009373441085005037,0.00022596775992127886,0.0,0.0,0.032494079809316505,45
12.3,0.03332410335631894,0.009377608852491332,0.00022655695269781115,0.0,0.0,0.0325122706514634,45
12.32,0.03334109068803569,0.009381626741111659,0.00022714521291058944,0.0,0.0,0.03253036805922108,45
12.34,0.033357823228821464,0.009385495800987386,0.00022773251436858537,0.0,0.0,0.03254837691814895,45
12.36,0.0333743536353526,0.009389217052100711,0.00022831883144165088,0.0,0.0,0.03256630229589691,45
12.38,0.03339066036083559,0.009392791485164954,0.00022890413903436759,0.0,0.0,0.03258414939107997,45
12.4,0.03340670806517216,0.009396220062651424,0.0002294884125580441,0.0,0.0,0.03260192348885365,45
12.42,0.03342249478990814,0.009399503719925454,0.00023007162790156496,0.0,0.0,0.03261962992355824,45
12.44,0.03343801831350065,0.009402643366442115,0.00023065376140176625,0.0,0.0,0.032637274048396454,45
12.46,0.033453276127148615,0.009405639886952564,0.00023123478981387877,0.0,0.0,0.032654861211678494,45
12.48,0.03347259146296793,0.009408494142674292,0.00023181469028246452,0.0,0.0,0.03267239673873182,46
12.5,0.03349302772598095,0.009411206972383792,0.00023239344031309892,0.0,0.0,0.032689885918167204,46
12.52,0.03351340517525538,0.00941377919339742,0.00023297101774486707,0.0,0.0,0.0327073339908338,46
12.540000000000001,0.03353372839441002,0.009416211602415679,0.00023354740072354486,0.0,0.0,0.03272474613958042,46
12.56,0.0335540018767296,0.009418504976217096,0.00023412256767513988,0.0,0.0,0.032742127477768806,48
12.58,0.03357423001016516,0.009420660072199844,0.00023469649727928581,0.0,0.0,0.03275948303453494,48
12.6,0.0335944170572171,0.009422677628781458,0.00023526916844183608,0.0,0.0,0.032776817734911756,48
12.620000000000001,0.03361458831082738,0.009424558365678942,0.00023584056026588023,0.0,0.0,0.032794136373200986,48
12.64,0.03363474802630803,0.009426302984102257,0.00023641065202034548,0.0,0.0,0.03281144357838181,48
12.66,0.03365487857942556,0.009427912166903763,0.00023697942310531896,0.0,0.0,0.032828743770765806,49
12.68,0.03367498338060899,0.00942938657873316,0.000237546853013269,0.0,0.0,0.0328460411096558,49
12.700000000000001,0.03369506549591927,0.009430726866252924,0.00023811292128541082,0.0,0.0,0.03286333943225923,49
12.72,0.033715127577841376,0.009431933658471765,0.0002386776074626024,0.0,0.0,0.032880642184638376,49
12.74,0.03373517178934976,0.009433007567253964,0.00023924886334573882,0.0,0.0,0.03289795234593967,49
12.76,0.03375523038464272,0.009433949188060606,0.00023982310930938816,0.0,0.0,0.03291527234756267,51
12.780000000000001,0.03377528596560314,0.009434759100974273,0.00024040863698314413,0.0,0.0,0.032932603989267006,51
12.8,0.033795326620158696,0.009435437872052773,0.00024099309437939642,0.0,0.0,0.032949948354473346,51
12.82,0.03381536584903901,0.009435986055049118,0.0002415764605582486,0.0,0.0,0.03296730572718006,51
12.84,0.03383541644944746,0.009436404193525363,0.00024215871414409355,0.0,0.0,0.03298467551303035,51
12.86,0.03385544768685489,0.009436692823376485,0.00024274297657382802,0.0,0.0,0.033002056167051846,51
12.88,0.03387545602352478,0.009436852475768009,0.000243335595993663,0.0,0.0,0.033019445130562916,51
12.9,0.03389543683103759,0.009436883680477398,0.00024394392780083127,0.0,0.0,0.03303683877959966,51
12.92,0.033915406188310245,0.00943678696961486,0.00024455954433859784,0.0,0.0,0.03305423238704226,51
12.94,0.03393535181210006,0.009436562881684558,0.0002451868356172722,0.0,0.0,0.033071620100374746,51
12.96,0.03395524936883863,0.00943621196593243,0.00024581521414101783,0.0,0.0,0.03308899493668958,51
12.98,0.03397508964558106,0.009435734786912849,0.00024644273141185045,0.0,0.0,0.033106348796190316,51
13.0,0.033994862315063365,0.009435131929193628,0.0002470693599135111,0.0,0.0,0.03312367249496124,52
13.02,0.03401455598668309,0.009434404002108116,0.0002476950710944273,0.0,0.0,0.03314095581728634,52
13.040000000000001,0.03403419034959151,0.009433551644455139,0.0002483198353268191,0.0,0.0,0.03315818758718363,52
13.06,0.034053725922542605,0.009432575529042787,0.0002489436218763659,0.0,0.0,0.03317535575822359,52
13.08,0.034073142931463414,0.009431476366971604,0.0002495663988834443,0.0,0.0,0.03319244752001475,52
13.1,0.03409242660723925,0.009430254911556026,0.0002501881333566731,0.0,0.0,0.033209449419153415,53
13.120000000000001,0.03411156163027097,0.009428911961790977,0.00025080879117922173,0.0,0.0,0.03322634749182899,53
13.14,0.03413053226945078,0.009427448365282682,0.00025142833712799543,0.0,0.0,0.033243127404835635,53
13.16,0.034149322525868345,0.009425865020578099,0.000252051230843622,0.0,0.0,0.03325977460140947,53
13.18,0.03416791627752763,0.009424162878846027,0.00025269285927434184,0.0,0.0,0.03327627444816564,53
13.200000000000001,0.034186297421388165,0.009422342944882848,0.0002533332808572501,0.0,0.0,0.03329261237944323,53
13.22,0.03420445000927348,0.009420406277436594,0.00025397245601018484,0.0,0.0,0.033308774035596386,53
13.24,0.034222358374560474,0.009418353988863034,0.0002546160921956117,0.0,0.0,0.03332474539214097,53
13.26,0.03424000724710099,0.00941618724414585,0.00025526313370144373,0.0,0.0,0.03334051287720614,53
13.280000000000001,0.03425738185441005,0.009413907259328787,0.0002559090479553359,0.0,0.0,0.03335606347532288,53
13.3,0.034274468007819275,0.009411515299420276,0.0002565537947084637,0.0,0.0,0.03337138481624856,53
13.32,0.034291302287441656,0.009409012675840215,0.0002571973332151684,0.0,0.0,0.03338646524816395,53
13.34,0.03430785519117899,0.009406400743484046,0.0002578396223280208,0.0,0.0,0.03340129389517328,53
13.36,0.034324081595799756,0.009403680897481484,0.00025848062059245937,0.0,0.0,0.03341586069957151,53
13.38,0.03433997019918155,0.009400854569726282,0.00025912028633977735,0.0,0.0,0.03343015644977055,53
13.4,0.034355510484232035,0.009397923225250014,0.0002597585777773837,0.0,0.0,0.0334441727950949,53
13.42,0.03437069271884998,0.009394888358507476,0.0002604049176317876,0.0,0.0,0.033457902248894694,53
13.44,0.03438551469742045,0.009391751489634384,0.00026105163084809907,0.0,0.0,0.03347133818152493,53
13.46,0.03439999143754543,0.009388514160730598,0.0002616970767289241,0.0,0.0,0.03348447480480416,53
13.48,0.03441408568486851,0.009385177932213856,0.00026234121533308863,0.0,0.0,0.033497307149520344,53
13.5,0.0344277906670645,0.009381744379281177,0.0002629840069605854,0.0,0.0,0.033509831037469295,53
13.52,0.03444110027429162,0.009378215088507374,0.00026362541221491967,0.0,0.0,0.033522043049404475,53
13.540000000000001,0.03445400902038774,0.009374591654603042,0.0002642653920602135,0.0,0.0,0.03353394049011919,53
13.56,0.03446651200211164,0.00937087567734799,0.0002649039078732053,0.0,0.0,0.03354552135173221,53
13.58,0.03447860485733735,0.009367068758710469,0.00026554092149036354,0.0,0.0,0.03355678427609638,53
13.6,0.03449028372295298,0.009363172500157802,0.0002661787438866489,0.0,0.0,0.03356772851709444,53
13.620000000000001,0.03450154519307137,0.00935918850015993,0.000266822535616113,0.0,0.0,0.033578353903441736,53
13.64,0.03451238627803552,0.009355118351884158,0.00026746493896703376,0.0,0.0,0.03358866080249227,53
13.66,0.03452280436458822,0.009350963641076775,0.00026810592031421506,0.0,0.0,0.03359865008543144,53
13.68,0.03453279717747043,0.009346725944125193,0.0002687454466327682,0.0,0.0,0.033608323094133793,53
13.700000000000001,0.03454236274263744,0.009348175974805228,0.0002693834855217533,0.0,0.0,0.03361768160988991,53
13.72,0.03455149935220436,0.00935008350027537,0.00027002000522511526,0.0,0.0,0.03362672782412862,53
13.74,0.03456020553117906,0.009351886733718904,0.0002706549746501887,0.0,0.0,0.033635464311208334,54
13.76,0.03456848000599439,0.009353586990774898,0.0002712883633840675,0.0,0.0,0.03364389400330499,54
13.780000000000001,0.03457632167481673,0.009355185575197496,0.000271920141708075,0.0,0.0,0.03365202016738983,54
13.8,0.03458372957957731,0.009356683777595104,0.0002725502806105846,0.0,0.0,0.03365984638425945,54
13.82,0.03459070287965331,0.00935808287428082,0.0002731787517983977,0.0,0.0,0.03366737652956208,54
13.84,0.034597240827115176,0.009359384126224737,0.0002738055277068902,0.0,0.0,0.03367461475675266,54
13.86,0.034603342743438154,0.009360588778099145,0.0002744305815091002,0.0,0.0,0.03368156548189119,54
13.88,0.03460900799758422,0.009361698057408017,0.0002750538871239308,0.0,0.0,0.033688233370207085,54
13.9,0.03461423598534151,0.009362713173692704,0.00027567541922360995,0.0,0.0,0.033694623324331895,54
13.92,0.03461902610981807,0.00936363531780612,0.00027629515324054354,0.0,0.0,0.03370074047411276,54
13.94,0.03462337776299762,0.009364465661248229,0.0002769130653736863,0.0,0.0,0.0337065901679281,54
13.96,0.03462729030823766,0.009365205355556096,0.00027752913259452894,0.0,0.0,0.03371217796539875,54
13.98,0.03463076306363472,0.009365855531742155,0.0002781433326528033,0.0,0.0,0.03371750963143033,54
14.0,0.03463379528615441,0.009366417299774887,0.0002787556440819789,0.0,0.0,0.03372259113149324,54
14.02,0.03463638615645151,0.009366891748096393,0.00027936604620463763,0.0,0.0,0.033727428628071154,54
14.040000000000001,0.03463853476429317,0.009367279943171809,0.0002799745191377693,0.0,0.0,0.03373202847819331,54
14.06,0.034640240094527895,0.009367582929065872,0.00028058104379805553,0.0,0.0,0.03373639723199112,54
14.08,0.03464150101352613,0.009367801727042224,0.0002811856019071774,0.0,0.0,0.03374054163219681,54
14.1,0.034642316256050756,0.009367937335181447,0.00028178817599717836,0.0,0.0,0.03374446861452805,54
14.120000000000001,0.034642684412501054,0.009367990728014119,0.00028239062628864615,0.0,0.0,0.03374818530887985,55
14.14,0.03464260391650161,0.009367962856165347,0.00028300561447207204,0.0,0.0,0.03375169904126293,55
14.16,0.03464207303280928,0.009367854646007668,0.00028361964620407314,0.0,0.0,0.03375501733641866,55
14.18,0.034641089845518065,0.009367666999319327,0.00028423182467037525,0.0,0.0,0.03375814792103387,55
14.200000000000001,0.0346396522465618,0.009367400792945313,0.00028484213592493135,0.0,0.0,0.033761098727483146,55
14.22,0.03463963783411567,0.009367056878458579,0.0002854505667885565,0.0,0.0,0.03376387789801778,55
14.24,0.03463959608321863,0.009366636081819342,0.0002860571048540212,0.0,0.0,0.03376649378930624,56
14.26,0.034639177204813715,0.009366139203030383,0.0002866617384912372,0.0,0.0,0.03376895497723531,56
14.280000000000001,0.0346383816559585,0.009365567015786622,0.00028726445685249655,0.0,0.0,0.033771270261855856,56
14.3,0.03463720977840333,0.00936492026711741,0.00028786524987772257,0.0,0.0,0.03377344867235715,56
14.32,0.03463566178898539,0.009364199677020298,0.0002884641082996799,0.0,0.0,0.03377549947192646,56
14.34,0.03463556026677922,0.009363405938085202,0.00028906102364907257,0.0,0.0,0.033777432162345154,56
14.36,0.03463556068081201,0.00936253971510832,0.0002896559882594578,0.0,0.0,0.033779256488147114,57
14.38,0.03463526688468246,0.00936160164469524,0.0002902535350885641,0.0,0.0,0.03378098244014021,58
14.4,0.03463468178558963,0.00936059233485324,0.00029085437677445555,0.0,0.0,0.03378262025808735,58
14.42,0.03463380823260644,0.009359512364572954,0.0002914534463294537,0.0,0.0,0.03378418043229477,58
14.44,0.03463264900219851,0.009358362283400078,0.0002920507402950454,0.0,0.0,0.03378567370385987,58
14.46,0.03463120678146974,0.009357142610998164,0.0002926462560011601,0.0,0.0,0.033787111063280036,58
14.48,0.03462948414884691,0.009355853836704028,0.0002932399915680069,0.0,0.0,0.03378850374712991,58
14.5,0.034627483551890055,0.009355319458890928,0.0002938369342426924,0.0,0.0,0.0337898632324825,58
14.52,0.034625207281912325,0.00936013569913774,0.00029443785592406495,0.0,0.0,0.033791201228735565,58
14.540000000000001,0.03462265744511394,0.009364856882117835,0.00029503718897832805,0.0,0.0,0.03379252966651504,58
14.56,0.03461983592994265,0.009369482968942782,0.0002956349345331096,0.0,0.0,0.03379386068332013,58
14.58,0.03461674437043854,0.00937401388185519,0.00029623109445954386,0.0,0.0,0.03379520660560354,58
14.6,0.03461338935907027,0.009378449503202314,0.00029682567136731365,0.0,0.0,0.033796579927011405,58
14.620000000000001,0.03460979865602562,0.009382789674413609,0.0002974186685975409,0.0,0.0,0.03379799328256472,58
14.64,0.03460594101008284,0.009387034194989279,0.0002980364938874969,0.0,0.0,0.03379945941864243,58
14.66,0.03460181658654378,0.009391182821507879,0.00029866215443103626,0.0,0.0,0.03380099115872319,58
14.68,0.034597425049473565,0.00939523526666177,0.00029928623183403624,0.0,0.0,0.03380260136496743,58
14.700000000000001,0.034592765500675075,0.009399191198330083,0.00029990873137745316,0.0,0.0,0.03380430289586981,58
14.72,0.03458783641592977,0.00940305023869952,0.0003005296590330072,0.0,0.0,0.03380610856037328,58
14.74,0.03458263557943604,0.009406811963443997,0.00030114902143894633,0.0,0.0,0.03380803106901753,58
14.76,0.03457716001762054,0.009410475900974713,0.0003017668258725,0.0,0.0,0.0338100829828741,58
14.780000000000001,0.03457140593374955,0.009414041531772471,0.00030238308021903203,0.0,0.0,0.033812276661199805,58
14.8,0.0345653686449954,0.009417508287814652,0.00030299779293791655,0.0,0.0,0.033814624208886625,58
14.82,0.034559042523830484,0.009420875552109378,0.0003036116651897492,0.0,0.0,0.03381713742491657,58
14.84,0.034552993124695175,0.009424142658349571,0.0003042329850573673,0.0,0.0,0.033819827753082926,58
14.86,0.034550804274567734,0.009427308890700025,0.00030485297090826523,0.0,0.0,0.03382270623624734,58
14.88,0.03454985502792235,0.009430373483730905,0.00030547163308949183,0.0,0.0,0.03382578347532771,58
14.9,0.034548838360772854,0.009433335622511592,0.00030609615508935174,0.0,0.0,0.033829069594048716,58
14.92,0.03454775295882973,0.009436194442879828,0.00030672243379652837,0.0,0.0,0.03383257421024143,58
14.94,0.03454659655675754,0.009438949031902228,0.00030734760007827654,0.0,0.0,0.03383630641417727,58
14.96,0.03454536591670488,0.009441598428544064,0.0003079732335688839,0.0,0.0,0.033840274754015194,58
14.98,0.034544056815817965,0.009444141624568464,0.0003086093993226602,0.0,0.0,0.0338444872280629,58
15.0,0.03454620020778846,0.009446577565687958,0.00030924464309931796,0.0,0.0,0.03384895128307674,58
15.02,0.03455056442653604,0.009448905152994723,0.00030987897622724697,0.0,0.0,0.03385367381744463,58
15.040000000000001,0.034555062456381055,0.009451123244699348,0.0003105124099393676,0.0,0.0,0.03385866118771639,58
15.06,0.03455969513277879,0.009453230658212063,0.00031114495531419593,0.0,0.0,0.03386391921664396,58
15.08,0.03456446256178749,0.009455226172603724,0.0003117847059577211,0.0,0.0,0.03386945320073387,58
15.1,0.03456936411498866,0.009457108531487271,0.000312428407310071,0.0,0.0,0.03387526791523119,58
15.120000000000001,0.03457439841943968,0.009458876446362315,0.00031307140375490413,0.0,0.0,0.033881367614556485,58
15.14,0.034579563340943906,0.009460528600465968,0.0003137137051901325,0.0,0.0,0.033887756026448904,58
15.16,0.03458485595931797,0.00946206365317153,0.0003143553210255493,0.0,0.0,0.03389443633845029,58
15.18,0.03459027253487387,0.009463480244971989,0.00031499626010684736,0.0,0.0,0.033901411175890926,58
15.200000000000001,0.03459580846596898,0.009464777003077797,0.0003156365306354774,0.0,0.0,0.033908682571157034,58
15.22,0.03460145823819761,0.009465952547647146,0.0003162761400842982,0.0,0.0,0.03391625192472357,58
15.24,0.034607215366528256,0.009467005498652042,0.0003169150951092085,0.0,0.0,0.033924119959146445,58
15.26,0.03461307233241592,0.009467934483365355,0.00031755340145721495,0.0,0.0,0.03393228666791056,58
15.280000000000001,0.03461902051852328,0.00946873814443267,0.0003181910638716841,0.0,0.0,0.03394075126160798,58
15.3,0.03462505014419728,0.009469415148469636,0.00031882808599584023,0.0,0.0,0.033949512114403904,58
15.32,0.03463115020514273,0.009469964195101412,0.0003194644702758509,0.0,0.0,0.03395856671400869,58
15.34,0.03463730842084372,0.009470384026337278,0.0003201024706311972,0.0,0.0,0.03396791161844566,58
15.36,0.03464351119318689,0.009470673436152136,0.0003207410015342665,0.0,0.0,0.03397754242276579,58
15.38,0.034650122084774165,0.009470831280128754,0.0003213788714517079,0.0,0.0,0.03398745373849577,58
15.4,0.03465929626484508,0.009470856485001681,0.0003220160783750982,0.0,0.0,0.03399763918810263,58
15.42,0.034668588430226646,0.00947074805793675,0.0003226526190001608,0.0,0.0,0.03400809141608913,58
15.44,0.03467799112094431,0.009470505095379188,0.0003232892416729035,0.0,0.0,0.03401880211764049,58
15.46,0.03468751317698639,0.009470126791309031,0.0003239360764078573,0.0,0.0,0.03402976208499397,58
15.48,0.0346971078431411,0.009469612444753962,0.0003245823618718093,0.0,0.0,0.0340409612709852,58
15.5,0.034706757774613885,0.009468961466426139,0.00032525641961807385,0.0,0.0,0.03405238886858571,58
15.52,0.03471644467082684,0.009468173384370122,0.00032593115120136453,0.0,0.0,0.03406403340465026,58
15.540000000000001,0.03472614936971474,0.009467247848532116,0.00032660531589119704,0.0,0.0,0.03407588284560382,58
15.56,0.03473585195162701,0.009466184634185651,0.0003272789009417506,0.0,0.0,0.03408792471237903,58
15.58,0.034745531850019266,0.009464983644174323,0.0003279518921619873,0.0,0.0,0.034100146201589306,58
15.6,0.0347551679659187,0.009466126754048702,0.00032862427395818466,0.0,0.0,0.03411253430968361,58
15.620000000000001,0.03476473878306987,0.009467875143158905,0.00032930085510612635,0.0,0.0,0.034125075956705525,58
15.64,0.034774222480683126,0.009469560391038852,0.0003300011946331879,0.0,0.0,0.034137758106243976,58
15.66,0.034783597040920725,0.009472581665107319,0.0003307008845636644,0.0,0.0,0.03415056787831733,58
15.68,0.03479284034857376,0.009475454235920553,0.0003313999044181616,0.0,0.0,0.034163492652187426,58
15.700000000000001,0.03480347152266383,0.009478178692500087,0.0003320982326491244,0.0,0.0,0.034176520156533045,58
15.72,0.034815341218985205,0.009480885550601285,0.00033279584674214026,0.0,0.0,0.03418963854499934,58
15.74,0.0348271421224162,0.009485803167587101,0.00033349272332126536,0.0,0.0,0.03420283645579057,58
15.76,0.034838850300813275,0.009490567051463127,0.0003341888382564133,0.0,0.0,0.03421610305474553,58
15.780000000000001,0.034852715723489865,0.009495178135624713,0.00033488416677086196,0.0,0.0,0.034229428062070445,58
15.8,0.034867154977946714,0.009499637440761492,0.0003355786835470729,0.0,0.0,0.034242801763610636,58
15.82,0.03488160863892336,0.009503946067318225,0.00033627236282917863,0.0,0.0,0.03425621500812481,58
15.84,0.034896034698020835,0.009508105187854566,0.000336965178520687,0.0,0.0,0.03426965919246876,58
15.860000000000001,0.03491042319253352,0.009512116039414292,0.0003376571042761997,0.0,0.0,0.03428312623679986,58
15.88,0.03492476458035408,0.009515979916005026,0.0003383481135861663,0.0,0.0,0.03429660855197624,58
15.9,0.03493904969843908,0.00951969816127868,0.0003390381798539363,0.0,0.0,0.03431009900112591,58
15.92,0.03495326971691325,0.009523272161491476,0.0003397272764645939,0.0,0.0,0.034323590857051195,58
15.94,0.03496741609000021,0.009526703338810536,0.00034041537684524354,0.0,0.0,0.03433707775667831,58
15.96,0.03498153810598797,0.00952999314502256,0.0003411024545165999,0.0,0.0,0.03435055365329085,58
15.98,0.034995585182801624,0.009533143055688833,0.000341788483135864,0.0,0.0,0.03436401276682195,58
16.0,0.03500953450423266,0.009536154564780035,0.00034247343653099493,0.0,0.0,0.03437744953213424,58
16.02,0.03502337812414009,0.009539029179814355,0.00034315869716950673,0.0,0.0,0.03439085854501015,58
16.04,0.03503710809900991,0.00954176841751276,0.0003438518945350583,0.0,0.0,0.034404234505576184,58
16.06,0.03505071642341791,0.00954437379997646,0.0003445474589583623,0.0,0.0,0.03441757215907505,58
16.080000000000002,0.035064194962769205,0.009547551259500745,0.0003452421639236158,0.0,0.0,0.03443086623428327,58
16.1,0.03507753538412048,0.009552875270608129,0.00034593598979464903,0.0,0.0,0.034444111380394146,58
16.12,0.03509072908650373,0.009561546201330384,0.000346628916970276,0.0,0.0,0.03445730210379345,58
16.14,0.03510376713276701,0.009570050496934915,0.0003473209258725962,0.0,0.0,0.03447043270674891,58
16.16,0.035116640185481066,0.009578389598599685,0.0003480119969318511,0.0,0.0,0.03448349723056131,58
16.18,0.035129338449840904,0.009586564947064967,0.0003487066531934859,0.0,0.0,0.03449648940610115,58
16.2,0.03514185162662471,0.00959457798227885,0.0003494052080160367,0.0,0.0,0.03450940261478259,59
16.22,0.035154168878179556,0.009602430143471808,0.00035010288439015706,0.0,0.0,0.03452222986292887,59
16.240000000000002,0.03516627881002309,0.009610499923093648,0.00035079966310075757,0.0,0.0,0.03453496377209999,59
16.26,0.03517816947000459,0.009620778267063406,0.00035149867362633007,0.0,0.0,0.0345475965873043,59
16.28,0.03518982836612674,0.00963098440799565,0.0003521977121672586,0.0,0.0,0.03456012020417343,59
16.3,0.03520124250314885,0.009641743686006019,0.00035289591426166143,0.0,0.0,0.03457252621519903,59
16.32,0.03521240412540699,0.009652315136218139,0.0003535932631623304,0.0,0.0,0.034584805974068406,59
16.34,0.035223323984060355,0.009662700316855021,0.0003542897419015474,0.0,0.0,0.03459695067616069,59
16.36,0.03523397557447899,0.009672900809419962,0.0003549853332989227,0.0,0.0,0.03460895145237568,60
16.38,0.03524438102346858,0.00968291821891766,0.0003556800199755531,0.0,0.0,0.034620799472804525,60
16.4,0.03525447212099612,0.0096927541736722,0.0003563737843744069,0.0,0.0,0.03463248605635073,60
16.42,0.035264261613396346,0.009702410324714618,0.00035706660878660106,0.0,0.0,0.03464400278224992,60
16.44,0.035273716532488154,0.009711888344732024,0.00035775847538309076,0.0,0.0,0.03465534159959218,60
16.46,0.035282814389854,0.009721189926587711,0.00035844936625107607,0.0,0.0,0.03466649493131429,60
16.48,0.03529154132083387,0.009730316781437737,0.0003591392634343835,0.0,0.0,0.034677455769678886,60
16.5,0.03529988380488714,0.009739270636482108,0.00035982814897695325,0.0,0.0,0.03468821776094334,60
16.52,0.03530782872541861,0.009748053232398541,0.00036051600496859353,0.0,0.0,0.03469877527764762,60
16.54,0.03531536341605578,0.009756666320513021,0.00036120281359214464,0.0,0.0,0.03470912347766815,60
16.56,0.03532247569320277,0.009765111659764495,0.0003618894648632347,0.0,0.0,0.03471925834985997,60
16.580000000000002,0.03532915387526506,0.0097733910135212,0.00036257997909942727,0.0,0.0,0.03472917674666635,60
16.6,0.0353353867894088,0.009782020799614355,0.0003632695460067597,0.0,0.0,0.03473887640452817,60
16.62,0.03534116376706356,0.009791303878454453,0.0003639581502562339,0.0,0.0,0.034748355953252284,60
16.64,0.03534647462960066,0.00980041682914763,0.00036464577677258254,0.0,0.0,0.03475761491569766,60
16.66,0.03535130966573706,0.009809361369110177,0.00036533241077809557,0.0,0.0,0.03476665369923046,60
16.68,0.0353556596022464,0.00981813919908828,0.00036601947584338757,0.0,0.0,0.034775473580399764,62
16.7,0.03535951556952262,0.009826751999996993,0.00036670872805052204,0.0,0.0,0.03478407668421595,62
16.72,0.03536286906345218,0.009835201429873314,0.00036739704762448643,0.0,0.0,0.03479246595928492,62
16.740000000000002,0.03536571190493278,0.009843489120959064,0.00036808442193252757,0.0,0.0,0.03480064514989047,62
16.76,0.03536803619824872,0.00985161667692486,0.00036877083878325556,0.0,0.0,0.03480861876594184,62
16.78,0.035369834289372536,0.009859585670242428,0.0003694562864558173,0.0,0.0,0.03481639205151066,62
16.8,0.035373878669912935,0.009867397639709584,0.00037014075372653407,0.0,0.0,0.03482397095249681,62
16.82,0.03537755717301498,0.00987505408813002,0.00037082422989305935,0.0,0.0,0.034831362083791305,62
16.84,0.03538081192142972,0.009882556480148342,0.000371506704796087,0.0,0.0,0.03483857269612707,62
16.86,0.03538364090609562,0.009889906240240161,0.00037218816883865055,0.0,0.0,0.03484561064268077,64
16.88,0.03538604228467377,0.009897104750856677,0.0003728686130030282,0.0,0.0,0.03485248434533636,64
16.9,0.03538801433286877,0.00990415335072355,0.0003735480288652466,0.0,0.0,0.03485920276043142,64
16.92,0.03538955539507099,0.009911053333294626,0.0003742264086071529,0.0,0.0,0.03486577534370737,64
16.94,0.035390663834151966,0.009917805945362004,0.0003749037450260143,0.0,0.0,0.03487221201411225,64
16.96,0.035391337980251576,0.009924412385825452,0.00037558003154155103,0.0,0.0,0.034878523116076025,64
16.98,0.03539157607840744,0.009930873804625592,0.000376255262200313,0.0,0.0,0.03488471937984934,64
17.0,0.03539283810900609,0.009937191301846744,0.0003769338152343997,0.0,0.0,0.034890811879503006,64
17.02,0.035394916845756366,0.009943365926996956,0.0003776138142481389,0.0,0.0,0.03489681198824373,64
17.04,0.03539754650973934,0.009949398678473899,0.0003782928410431812,0.0,0.0,0.03490273133074962,64
17.06,0.035401501458132104,0.009955290503226421,0.0003789708916374592,0.0,0.0,0.03490858173237227,64
17.080000000000002,0.03540522016951925,0.009961042296621921,0.0003796479626084568,0.0,0.0,0.034914375165162936,64
17.1,0.0354087075071305,0.009966654902529822,0.0003803240510797269,0.0,0.0,0.03492012369087589,64
17.12,0.03541196808703935,0.009972129113630459,0.00038099915470404144,0.0,0.0,0.03492583940130426,64
17.14,0.035415006206150346,0.009977465671957253,0.0003816732716431416,0.0,0.0,0.03493153435651844,64
17.16,0.035417825768968694,0.009982665269677466,0.0003823464005440904,0.0,0.0,0.0349372205217946,64
17.18,0.0354205298340169,0.009987728550113508,0.0003830185405122884,0.0,0.0,0.0349429097042386,64
17.2,0.03542539696569433,0.00999265610900257,0.0003836896910812846,0.0,0.0,0.034948613490263916,65
17.22,0.035430149986837634,0.009997448495987587,0.0003843598521795646,0.0,0.0,0.034954343185185074,65
17.240000000000002,0.03543479438376637,0.010002106216327137,0.0003850290240945647,0.0,0.0,0.03496010975621339,65
17.26,0.03543933504157114,0.010006629732806764,0.00038569720743423115,0.0,0.0,0.03496592378004383,65
17.28,0.03544377618722713,0.010011019467828987,0.0003863644030864603,0.0,0.0,0.03497179539603081,65
17.3,0.035448121338623385,0.010015275805655137,0.00038703061217680953,0.0,0.0,0.03497773426564863,65
17.32,0.03545237325983478,0.010019399094769017,0.00038770276849958913,0.0,0.0,0.034983749538536904,65
17.34,0.03545653392253629,0.010023389650330734,0.00038837440975757355,0.0,0.0,0.034989849824999086,65
17.36,0.03546060447301673,0.0100272477566891,0.00038904786237263,0.0,0.0,0.034996043174371494,65
17.38,0.035464585203860054,0.010030973669922862,0.00038972039948835524,0.0,0.0,0.03500233705828641,65
17.400000000000002,0.0354684755290892,0.010034567620384228,0.00039039202126789926,0.0,0.0,0.03500873835757102,65
17.42,0.035472273961423426,0.010038029815222666,0.00039106272790600047,0.0,0.0,0.03501525335137222,65
17.44,0.03547597809035118,0.010041360440872086,0.00039173251959838737,0.0,0.0,0.035021887707139474,65
17.46,0.03547958455995696,0.010044559665489592,0.00039240139651221305,0.0,0.0,0.035028646470322396,65
17.48,0.035483089045822855,0.010047627641338479,0.0003930693587574414,0.0,0.0,0.0350355340530097,65
17.5,0.03548648623086336,0.010050564507111538,0.00039373640635907665,0.0,0.0,0.03504255422125713,65
17.52,0.03548976978054062,0.01005337039019247,0.00039440253923017236,0.0,0.0,0.03504971008142238,66
17.54,0.0354929323184903,0.01005604540885329,0.00039506775714555136,0.0,0.0,0.03505700406638425,66
17.56,0.03549596540413285,0.010058589674384076,0.0003957320597162587,0.0,0.0,0.03506443792304079,66
17.580000000000002,0.03549885951422637,0.010061003293148447,0.0003963954463648435,0.0,0.0,0.035072012702831806,67
17.6,0.03550160403056544,0.010063286368554492,0.0003970579163016317,0.0,0.0,0.03507972875724112,67
17.62,0.03550794114914969,0.01006543900292686,0.0003977194685022434,0.0,0.0,0.03508758574022148,67
17.64,0.03551570521223981,0.010067461299262077,0.0003983801016866694,0.0,0.0,0.035095582619293485,67
17.66,0.03552348317805783,0.010069353362846692,0.0003990398143002623,0.0,0.0,0.03510371769669288,67
17.68,0.03553131066301845,0.010071115302716524,0.0003996986044970009,0.0,0.0,0.035111988641440356,67
17.7,0.03553916288762264,0.010072747232935915,0.00040038744573883553,0.0,0.0,0.03512039253259491,67
17.72,0.03554703725829786,0.01007424927367827,0.0004010886784573145,0.0,0.0,0.035128925913348805,67
17.740000000000002,0.03555489337784071,0.010075621552093248,0.0004018082379484495,0.0,0.0,0.03513758485500263,67
17.76,0.03556272146391252,0.01007686420295153,0.0004025268400843845,0.0,0.0,0.03514636502931274,67
17.78,0.03557051121548892,0.010077977369064916,0.00040324532381535804,0.0,0.0,0.035155261787281795,67
17.8,0.03557826273186912,0.010078961201486858,0.00040396424597938154,0.0,0.0,0.03516427024209311,67
17.82,0.03558597398194789,0.010079815859506501,0.0004046821745885885,0.0,0.0,0.03517338535370582,67
17.84,0.035593613770757884,0.010080541510456942,0.00040539910296324283,0.0,0.0,0.03518260201251246,67
17.86,0.0356011704645404,0.010081138329365906,0.00040613260679323786,0.0,0.0,0.0351919151194735,67
17.88,0.035608632268118556,0.010081606498483784,0.00040688172840041995,0.0,0.0,0.035201319660260126,67
17.900000000000002,0.03561598727981661,0.010081946206729907,0.000407629801192766,0.0,0.0,0.03521081077112024,67
17.92,0.03562438652518541,0.010082157649102688,0.00040837681657823977,0.0,0.0,0.03522038379448934,67
17.94,0.03563358333697696,0.010082241026102931,0.00040912276576296307,0.0,0.0,0.03523003432272235,67
17.96,0.035642706095250276,0.010082196543221608,0.000409867639771133,0.0,0.0,0.03523975822875575,67
17.98,0.03565174534324079,0.010082024410543896,0.0004106114294641281,0.0,0.0,0.03524955168303862,67
18.0,0.035660691709584066,0.010081724842519887,0.0004113541255582122,0.0,0.0,0.03525941115660349,67
18.02,0.035669535887686454,0.010081298057948742,0.00041209571864029974,0.0,0.0,0.03526933341077653,67
18.04,0.035678268602456355,0.010080744280217671,0.00041283723177029723,0.0,0.0,0.035279315474613264,67
18.06,0.03568749850068042,0.010080063737829038,0.00041357843788229434,0.0,0.0,0.03528935461175239,67
18.080000000000002,0.035698031754368725,0.010079256665238985,0.0004143184863591664,0.0,0.0,0.03529944827892667,67
18.1,0.0357084924073585,0.010078323304019001,0.00041505746394274266,0.0,0.0,0.03530959407882682,67
18.12,0.03571887328006213,0.010077263904338149,0.00041580108075037995,0.0,0.0,0.03531978971036166,67
18.14,0.03572916704510153,0.01007607872674914,0.0004165436410719901,0.0,0.0,0.03533003291954103,67
18.16,0.03573936617207893,0.010074768044246138,0.0004172851396360621,0.0,0.0,0.035340321454245385,67
18.18,0.035749462878881984,0.010073332144547609,0.000418025571168607,0.0,0.0,0.03535065302593831,67
18.2,0.035759449092255945,0.010071771332543987,0.00041876493039439365,0.0,0.0,0.03536102528105282,67
18.22,0.035769316419797394,0.010070085932838615,0.00041951558008469265,0.0,0.0,0.03537143578419853,67
18.240000000000002,0.03577905613484822,0.010068276292302294,0.0004202820650568134,0.0,0.0,0.03538188201465493,67
18.26,0.03578865917496073,0.01006791478283525,0.00042106593473149813,0.0,0.0,0.03539236137679979,67
18.28,0.035798116153752335,0.010068093053811573,0.00042185645980605805,0.0,0.0,0.03540287122425977,67
18.3,0.035807417385116336,0.010068128339619382,0.00042264594875021064,0.0,0.0,0.035413408896706064,67
18.32,0.035816552917992524,0.010068021344916382,0.00042343439795567567,0.0,0.0,0.03542397176744051,67
18.34,0.035825512579265896,0.010067772815316985,0.000424221803856375,0.0,0.0,0.035434557299265264,67
18.36,0.03583428602190501,0.010067383537085833,0.00042500816293512773,0.0,0.0,0.03544516310565155,67
18.38,0.035842862775204105,0.010066854336485681,0.00042579347173124765,0.0,0.0,0.03545578701395203,67
18.400000000000002,0.035851232293973495,0.01006618607877112,0.0004265877881792871,0.0,0.0,0.03546642712735368,67
18.42,0.03585938400369813,0.010071084552807174,0.00042740172221721035,0.0,0.0,0.03547708188241155,67
18.44,0.03586730733905621,0.010076243559951167,0.00042821464635580677,0.0,0.0,0.03548775009933938,67
18.46,0.03587499177369464,0.01008123841421564,0.00042902959898006264,0.0,0.0,0.035498431022696314,67
18.48,0.03588242683976774,0.010086069850681209,0.00042984416125981336,0.0,0.0,0.03550912435067295,67
18.5,0.035889602136407205,0.010090738634393586,0.0004306577366271486,0.0,0.0,0.035519830251790695,67
18.52,0.035896507326950204,0.010095245557473953,0.0004314703230848384,0.0,0.0,0.03553054936843257,67
18.54,0.03590415808468676,0.010099591436157782,0.00043228191873863103,0.0,0.0,0.03554128280721448,67
18.56,0.035913516978681864,0.010104770958015565,0.00043309252179289594,0.0,0.0,0.035552032116717355,67
18.580000000000002,0.03592382073443117,0.01011493301120767,0.0004339021305433817,0.0,0.0,0.03556279925354622,67
18.6,0.035934849499627615,0.010125495918217667,0.0004347107433669906,0.0,0.0,0.035573586538037,68
18.62,0.0359457652522067,0.010136689106678105,0.00043551835870854895,0.0,0.0,0.035584396601186494,68
18.64,0.0359565654474851,0.010147681312958741,0.0004363249750646765,0.0,0.0,0.0355952323245556,68
18.66,0.035967247491105116,0.010158473252790057,0.00043713059096490926,0.0,0.0,0.0356060967749805,68
18.68,0.035977808659535114,0.010169065639537012,0.0004379356780836014,0.0,0.0,0.03561699313593584,68
18.7,0.03598824601876968,0.010179459181943348,0.00043873989878247564,0.0,0.0,0.03562792463733999,68
18.72,0.03599855634296945,0.01018965458210919,0.00043954306498050836,0.0,0.0,0.03563889448549278,68
18.740000000000002,0.03600873603464986,0.010199652533695489,0.00044034517463060227,0.0,0.0,0.035649905794692786,68
18.76,0.03601878104788751,0.010209453720344638,0.0004411462257078099,0.0,0.0,0.03566096152192915,68
18.78,0.036028686815861015,0.010219058814303688,0.0004419462161874458,0.0,0.0,0.03567206440587481,68
18.8,0.03603844818391204,0.010228468475234896,0.00044274514402221774,0.0,0.0,0.0356832169112603,68
18.82,0.03604805934920147,0.01023768334919809,0.0004435430071186693,0.0,0.0,0.0356944211795751,68
18.84,0.036057513807946806,0.01024670406778942,0.00044433980331321865,0.0,0.0,0.03570567898693113,68
18.86,0.03606680431119665,0.010255531247422147,0.0004451355303480737,0.0,0.0,0.03571699170986363,68
18.88,0.03607592283003935,0.010264165488735781,0.0004459301858473149,0.0,0.0,0.035728360299752696,68
18.900000000000002,0.03608486053116239,0.010272607376120582,0.0004467259190722599,0.0,0.0,0.03573978526652841,68
18.92,0.036093607763631456,0.010280857477344394,0.0004475223019790935,0.0,0.0,0.03575126667223003,69
18.94,0.03610215405770236,0.01028891634326823,0.0004483176806677252,0.0,0.0,0.03576280413488172,69
18.96,0.03611048813636316,0.010296784507635898,0.0004491120526837401,0.0,0.0,0.03577439684297393,70
18.98,0.03611859794011156,0.010304462486921295,0.0004499055071698464,0.0,0.0,0.03578604358058293,70
19.0,0.03612801227920445,0.010311950780215729,0.0004506979515968622,0.0,0.0,0.03579774276279896,70
19.02,0.036140069554214976,0.01031924986913664,0.000451489335100932,0.0,0.0,0.03580949248069368,70
19.04,0.036153543951679995,0.010326360217739526,0.0004522815824536042,0.0,0.0,0.03582129055454901,70
19.06,0.03616698474714228,0.01033328227241684,0.0004530748397318584,0.0,0.0,0.035833134593508204,70
19.080000000000002,0.03618038617457806,0.010340016461771793,0.0004538699218992483,0.0,0.0,0.0358450220592951,70
19.1,0.036193742261387815,0.010346563196461342,0.0004546639687763617,0.0,0.0,0.03585695033116959,70
19.12,0.03620704688598002,0.010352922869011296,0.00045545713080863035,0.0,0.0,0.035868916768983204,70
19.14,0.03622029382986229,0.0103590958536169,0.00045624928249239356,0.0,0.0,0.03588091877101825,71
19.16,0.036233476820994384,0.01036508250595383,0.00045704041697936003,0.0,0.0,0.035892953823369746,71
19.18,0.03624658956542305,0.010370883163036814,0.00045783052709454255,0.0,0.0,0.035905019537897,71
19.2,0.03625962576469146,0.010376498143174418,0.00045861960534735244,0.0,0.0,0.035917113676246774,71
19.22,0.0362725791171709,0.010381927746078979,0.0004594076439429773,0.0,0.0,0.03592923415810791,71
19.240000000000002,0.03628544330224506,0.010387172253198292,0.0004601948214938309,0.0,0.0,0.03594137905264226,71
19.26,0.036298211947132716,0.010392231928340604,0.0004609813116937137,0.0,0.0,0.035953546552895316,71
19.28,0.03631087857702116,0.010397107018665523,0.00046176675623420157,0.0,0.0,0.03596573493387775,71
19.3,0.03632343655003829,0.010401797756110729,0.0004625512558436683,0.0,0.0,0.03597794249586636,71
19.32,0.036335878979384804,0.01040630435931716,0.00046333691094798497,0.0,0.0,0.03599016749526715,71
19.34,0.03634819864563738,0.010410627036104092,0.0004641215057238155,0.0,0.0,0.03600240806607294,71
19.36,0.03636038790279302,0.010414765986530183,0.00046491494348863745,0.0,0.0,0.03601466213550528,71
19.38,0.03637243858204631,0.010418721406557339,0.00046572293710302567,0.0,0.0,0.036026927337852205,71
19.400000000000002,0.0363843418975333,0.010422493492311998,0.0004665298039033366,0.0,0.0,0.03603920093075138,71
19.42,0.036396098975344425,0.010426082444913713,0.00046733553042076887,0.0,0.0,0.03605147971824525,71
19.44,0.036407704660827114,0.010429488475814444,0.00046814010286471845,0.0,0.0,0.03606375998480115,71
19.46,0.03641913221608825,0.010432711812565481,0.0004689435071145967,0.0,0.0,0.036076037444189316,71
19.48,0.03643036963217061,0.010435752704903281,0.0004697457287119361,0.0,0.0,0.03608830720657336,71
19.5,0.03644140398389074,0.010438611431022194,0.00047054675285370626,0.0,0.0,0.03610056376648878,71
19.52,0.03645222142696693,0.010441288303883302,0.00047134656438776405,0.0,0.0,0.03611280101349884,71
19.54,0.036462807218182076,0.010443783677394746,0.00047214514781131114,0.0,0.0,0.036125012266342106,72
19.56,0.03647315833604046,0.010446097952292469,0.00047294248727312914,0.0,0.0,0.036137190330296984,73
19.580000000000002,0.03648325935829415,0.010448231581551132,0.0004737385665802269,0.0,0.0,0.03614932757642777,73
19.6,0.036493079756885156,0.010450185075163996,0.00047453336920937007,0.0,0.0,0.03616141604033198,73
19.62,0.036502601826528126,0.01045195900414761,0.0004753268783237611,0.0,0.0,0.03617344753714038,73
19.64,0.036511807365713224,0.010453554003650946,0.00047611907679496524,0.0,0.0,0.03618541378881731,73
19.66,0.03652175131646182,0.010454970775078287,0.0004769099472299515,0.0,0.0,0.03619730655934635,73
19.68,0.03653222948221081,0.01045621008716863,0.00047769947200293727,0.0,0.0,0.03620911779321563,73
19.7,0.03654239843616359,0.010457272776009384,0.0004784876332915777,0.0,0.0,0.036220839752691476,73
19.72,0.03655224160936575,0.010458159743996987,0.0004792744131168769,0.0,0.0,0.03623246514969122,73
19.740000000000002,0.03656174262982862,0.010458871957789218,0.0004800597933861124,0.0,0.0,0.03624398726859895,73
19.76,0.03657088542382293,0.01045941044532233,0.0004808437559380051,0.0,0.0,0.03625540007702137,73
19.78,0.036579654304144046,0.010459776291989083,0.00048162628258930946,0.0,0.0,0.03626669832222863,73
19.8,0.03658828917617186,0.010459970636090839,0.00048240735518203625,0.0,0.0,0.03627787761176798,73
19.82,0.03660080500255009,0.010459994663688028,0.0004831887424499549,0.0,0.0,0.03628893447745055,73
19.84,0.036613905663400385,0.01045984960297859,0.00048396940937552095,0.0,0.0,0.036299866422535444,73
19.86,0.03662679131216081,0.010459536718334227,0.00048474857815768196,0.0,0.0,0.03631067195243632,73
19.88,0.03663945750729724,0.01045905730412047,0.000485526230608466,0.0,0.0,0.036321350589667886,73
19.900000000000002,0.036651900661707176,0.010458412678419361,0.00048630234876766946,0.0,0.0,0.03633190287400481,73
19.92,0.03666411802139556,0.010457604176764388,0.00048707740015687913,0.0,0.0,0.03634233034895151,73
19.94,0.03667610763128668,0.010456633145986695,0.0004878836467602208,0.0,0.0,0.03635263553568352,73
19.96,0.03668786828926705,0.010455500938260745,0.0004886907002573833,0.0,0.0,0.036362821895557035,73
19.98,0.03669939948948322,0.010454208905426868,0.0004895121507166834,0.0,0.0,0.036372893782208295,73
20.0,0.036710703982523706,0.010452758393658126,0.0004903424572975972,0.0,0.0,0.03638285638411868,73
20.02,0.03672182631778032,0.010451150738529843,0.000491171262122265,0.0,0.0,0.036392715658395455,73
20.04,0.03673275745178532,0.010449387260542217,0.0004919985511550438,0.0,0.0,0.03640247825638059,74
20.06,0.036743463020110244,0.010447469261139637,0.0004928243107395559,0.0,0.0,0.03641215144159762,74
20.080000000000002,0.03675394482978086,0.01044539801926425,0.0004936485276058394,0.0,0.0,0.036421743000478644,74
20.1,0.03676420485959307,0.010443174788476424,0.0004944711888736024,0.0,0.0,0.03643126114630886,74
20.12,0.036774245147148325,0.010440800794669695,0.0004952922820515048,0.0,0.0,0.03644071441685961,74
20.14,0.03678408366124071,0.0104382772344034,0.0004961117950324229,0.0,0.0,0.0364501115663194,74
20.16,0.0367937201800948,0.01043560527387104,0.0004969297160846695,0.0,0.0,0.03645946145227969,74
20.18,0.03680314235874509,0.010432786048516805,0.0004977460338391882,0.0,0.0,0.036468772918809456,74
20.2,0.036812351240594156,0.010429820663306099,0.0004985607372727836,0.0,0.0,0.03647805467692693,75
20.22,0.036821355902729336,0.010426710193647843,0.000499373815687498,0.0,0.0,0.036487315184121454,75
20.240000000000002,0.0368301671149557,0.010423455686956849,0.0005001852586863186,0.0,0.0,0.03649656252493405,75
20.26,0.03683876435488927,0.01042005816483365,0.000501024614999179,0.0,0.0,0.03650580429492897,75
20.28,0.03684807367720583,0.010416518625826513,0.000501863750698975,0.0,0.0,0.03651504749069459,75
20.3,0.036858992235210185,0.010412838048726973,0.0005027012524822255,0.0,0.0,0.03652429840870544,75
20.32,0.03686979919889302,0.010409017396335622,0.0005035371110206935,0.0,0.0,0.03653356255596772,76
20.34,0.03688049362568152,0.01040505761962091,0.0005043713171082279,0.0,0.0,0.036542844575287704,76
20.36,0.036891073419035594,0.010400959662180033,0.000505203861620686,0.0,0.0,0.03655214818776216,76
20.38,0.03690153528232714,0.01039672446489936,0.0005060349112176659,0.0,0.0,0.03656147615464013,76
20.400000000000002,0.0369118746939623,0.010392352970703008,0.0005068673913312845,0.0,0.0,0.03657083026007812,76
20.42,0.03692208590465786,0.010387846129272625,0.0005077026877364345,0.0,0.0,0.03658021131554355,76
20.44,0.03693216502380002,0.010383204901620638,0.0005085364426786755,0.0,0.0,0.03658961918571325,76
20.46,0.03694356974201512,0.01037843026440273,0.0005093704188783604,0.0,0.0,0.036599052834778274,76
20.48,0.03695612878595596,0.010373523213864016,0.0005102033128443992,0.0,0.0,0.03660851039113687,76
20.5,0.036968653673844824,0.010368484769326444,0.0005110346453943142,0.0,0.0,0.03661798922762067,76
20.52,0.03698115503336481,0.010363315976141912,0.000511864406932139,0.0,0.0,0.03662748605370499,76
20.54,0.036993587842610795,0.010358017908055754,0.0005126939192279345,0.0,0.0,0.03663699701568426,76
20.56,0.037005943849024815,0.010352591668946842,0.0005135223331464531,0.0,0.0,0.03664651780054106,76
20.580000000000002,0.037018214274775266,0.010347038393933075,0.0005143492339079167,0.0,0.0,0.036656043739248516,76
20.6,0.037030389908457806,0.010341359249852517,0.0005151746122101934,0.0,0.0,0.03666556990549114,76
20.62,0.03704246118874839,0.010335555435150325,0.0005159984585145211,0.0,0.0,0.03667509120626254,76
20.64,0.03705441827718568,0.01032962817921858,0.0005168207630567305,0.0,0.0,0.03668460246142135,76
20.66,0.03706625111805078,0.010323578741249777,0.0005176415158613939,0.0,0.0,0.0366940984700581,76
20.68,0.0370779494841549,0.010317408408674792,0.0005184607067582653,0.0,0.0,0.03670357406234498,76
20.7,0.03708950300822208,0.010311118495261985,0.0005192783254003412,0.0,0.0,0.03671302413638984,76
20.72,0.037100901200371794,0.010304710338956772,0.0005200943612828923,0.0,0.0,0.036722443680403,77
20.740000000000002,0.037112133452971534,0.010298185299539997,0.0005209088037628199,0.0,0.0,0.036731827781215094,77
20.76,0.037123189034747706,0.010291544756179712,0.0005217216420777681,0.0,0.0,0.03674117162076298,77
20.78,0.03713405707654912,0.01028479010494506,0.0005225328653644589,0.0,0.0,0.03675047046262217,77
20.8,0.037144726551469776,0.010277922756343197,0.0005233424626758097,0.0,0.0,0.0367597196309276,77
20.82,0.037155186252213354,0.01027094413293144,0.0005241504229964517,0.0,0.0,0.03676891448414813,77
20.84,0.03716542476857446,0.010263855667047479,0.0005249567352563837,0.0,0.0,0.0367780503861163,77
20.86,0.03717543046778864,0.010256658798690784,0.0005257613883425311,0.0,0.0,0.036787122676536256,78
20.88,0.03718654306463926,0.010249354973579351,0.0005265643711080866,0.0,0.0,0.036796126642863115,79
20.900000000000002,0.03719932527102032,0.010244127767215325,0.0005273656723795618,0.0,0.0,0.036805057495080624,79
20.92,0.037211985510613256,0.010239055979070415,0.0005281652809615414,0.0,0.0,0.03681391034445598,79
20.94,0.0372245169650053,0.010233873509006133,0.0005289631856391684,0.0,0.0,0.03682268018692643,79
20.96,0.037236912635161774,0.01022858174265494,0.0005297593751784385,0.0,0.0,0.036831361891344505,79
20.98,0.03724916533196392,0.010223243095571677,0.0005305553392859041,0.0,0.0,0.03683995019247061,79
21.0,0.03726127120862906,0.010220437280248577,0.0005313500295565687,0.0,0.0,0.0368484396882613,79
21.02,0.0372732438651021,0.010217503950377519,0.0005321430512864427,0.0,0.0,0.0368568248408115,79
21.04,0.037285050943908486,0.01021444415885275,0.0005329343944199969,0.0,0.0,0.03686509998012055,79
21.06,0.03729668447221634,0.010211258978464343,0.0005337240488462796,0.0,0.0,0.036873259309782434,79
21.080000000000002,0.037308136285426785,0.010207949503622612,0.0005345120043874706,0.0,0.0,0.03688129691368578,79
21.1,0.03731939803001781,0.010204516851949237,0.0005352982507861594,0.0,0.0,0.0368892067628808,79
21.12,0.03733046116557794,0.010200962165672034,0.0005360827776914787,0.0,0.0,0.036896982721910734,79
21.14,0.03734131696555622,0.01019728661276942,0.0005368655746442381,0.0,0.0,0.036904618554133045,79
21.16,0.037351956516559724,0.010193491387822039,0.0005376466310612425,0.0,0.0,0.03691210792585847,79
21.18,0.037362370716382556,0.010189577712541677,0.0005384259362189964,0.0,0.0,0.03691944440948602,79
21.2,0.037372550271340926,0.010185546835960655,0.0005392034792370829,0.0,0.0,0.03692662148620138,79
21.22,0.03738248569387717,0.010181400034277747,0.0005399792490615211,0.0,0.0,0.036933632549190916,79
21.240000000000002,0.03739216730172316,0.010177138610367908,0.0005407532344485341,0.0,0.0,0.03694047090864909,79
21.26,0.03740158522013381,0.010172763892972888,0.0005415254239491742,0.0,0.0,0.03694712980007317,79
21.28,0.03741072938879333,0.010168277235597057,0.0005422984848066865,0.0,0.0,0.036953602397428884,79
21.3,0.03741958957487965,0.01016368001513771,0.0005430698525133536,0.0,0.0,0.03695988183264882,79
21.32,0.03742815539349709,0.010158973630282049,0.0005438394137143843,0.0,0.0,0.03696596122264753,79
21.34,0.037436416336223584,0.010154159499703688,0.0005446071558280487,0.0,0.0,0.03697183370456984,79
21.36,0.03744436180792172,0.010150165786891386,0.0005453730660140093,0.0,0.0,0.03697749247938906,79
21.38,0.03745198117130606,0.010150211163356347,0.0005461371311744624,0.0,0.0,0.036982930863312724,79
21.400000000000002,0.037459263798107954,0.010150130949221497,0.000546899337959648,0.0,0.0,0.036988142345799245,79
21.42,0.03746619912510169,0.010151116737050155,0.0005476596727778746,0.0,0.0,0.03699312065240995,79
21.44,0.037474083235544124,0.010152148004691731,0.0005484181218100507,0.0,0.0,0.036997859810304,79
21.46,0.0374823121326133,0.0101530309850765,0.0005491746710285289,0.0,0.0,0.03700235421393204,79
21.48,0.03749023265202081,0.010153767557302691,0.0005499293062199251,0.0,0.0,0.037006598688479136,79
21.5,0.03749783782339871,0.01015435961734145,0.0005506820130114494,0.0,0.0,0.03701058854875422,79
21.52,0.03750512112816876,0.010154809074544784,0.0005514327769001514,0.0,0.0,0.03701431965157179,79
21.54,0.037512076540572675,0.010155117848081199,0.0005521815832844526,0.0,0.0,0.037017788440106635,79
21.56,0.037518698559630005,0.010155287863331747,0.0005529284174972727,0.0,0.0,0.03702099197922055,79
21.580000000000002,0.03752498223149796,0.010155321048281095,0.0005536732648400864,0.0,0.0,0.037023927981257095,79
21.6,0.037530923162185474,0.010155219329938315,0.0005544170317436947,0.0,0.0,0.037026594822278415,79
21.62,0.03753651752096261,0.010154984630820632,0.0005551603304592278,0.0,0.0,0.03702899154910761,79
21.64,0.037541762035118116,0.010154618865530865,0.0005559016205079534,0.0,0.0,0.037031117877851606,79
21.66,0.03754665397691233,0.01015412393745535,0.0005566408872798008,0.0,0.0,0.03703297418477241,79
21.68,0.03755119114370824,0.010153501735605294,0.0005573781162877773,0.0,0.0,0.03703456149050886,79
21.7,0.037555371832266586,0.010152754131619752,0.0005581132931960683,0.0,0.0,0.03703588143865249,79
21.72,0.037559194808191324,0.010151882976944263,0.0005588464038460084,0.0,0.0,0.03703693626967887,81
21.740000000000002,0.03756265927140863,0.010150890100194843,0.0005595794140728315,0.0,0.0,0.03703772879113073,81
21.76,0.03756576481846548,0.010149777304713505,0.0005603105389347629,0.0,0.0,0.03703826234484944,81
21.78,0.03756851140230283,0.010148546366318142,0.0005610396327985523,0.0,0.0,0.03703854077191759,81
21.8,0.03757089929002841,0.010147199031247167,0.0005617976073167589,0.0,0.0,0.03703856837584265,82
21.82,0.03757292901910177,0.010145737014297112,0.0005625608192946037,0.0,0.0,0.037038349884396415,82
21.84,0.037574601352215645,0.010144161997150002,0.0005633219603455429,0.0,0.0,0.03703789041039265,82
21.86,0.03757591723109565,0.010142475626886248,0.0005640810184400223,0.0,0.0,0.03703719541161976,82
21.88,0.03757687772935378,0.010140679514678131,0.0005648379818205277,0.0,0.0,0.037036270650054715,82
21.900000000000002,0.037577484004503246,0.010138775234658776,0.0005655928390076369,0.0,0.0,0.03703512215045125,82
21.92,0.03757773724923,0.010136764322961126,0.0005663455788040095,0.0,0.0,0.037033756158378305,82
21.94,0.03757763864202784,0.01013464827692186,0.0005670961902963876,0.0,0.0,0.037032179097789025,82
21.96,0.037577189297352286,0.010132428554444933,0.0005678446628556859,0.0,0.0,0.03703039752824239,82
21.98,0.037576390215510985,0.01013010657351963,0.0005685909861352611,0.0,0.0,0.03702841810195287,82
22.0,0.03757524223260532,0.010127683711887934,0.0005693351500674541,0.0,0.0,0.03702624752093119,82
22.02,0.03757374597093763,0.010125161306855838,0.0005700786343871508,0.0,0.0,0.03702389249456712,82
22.04,0.03757190179042507,0.010122540655242623,0.0005708208232359165,0.0,0.0,0.03702135969811922,82
22.06,0.03756970974168617,0.010119823013461636,0.0005715618653453783,0.0,0.0,0.037018655732686846,82
22.080000000000002,0.03756719381107113,0.010117009597725001,0.000572301764037534,0.0,0.0,0.03701578708733213,82
22.1,0.037565322247553275,0.010114101584363646,0.0005730395397631506,0.0,0.0,0.03701276010411524,82
22.12,0.037564711445668864,0.010111100110252553,0.000573775184464516,0.0,0.0,0.03700958094685365,82
22.14,0.0375638465244594,0.010108006273329728,0.0005745086902763799,0.0,0.0,0.037006255574432295,82
22.16,0.03756272918459058,0.010104821133195928,0.0005752400495146652,0.0,0.0,0.03700278971945249,83
22.18,0.037561360741180806,0.010101545711780784,0.0005759692546653078,0.0,0.0,0.03699918887291844,83
22.2,0.0375597600856714,0.010098180994059857,0.0005766962983735261,0.0,0.0,0.03699545827549755,83
22.22,0.03755791518768956,0.010094727928806568,0.0005774211734338174,0.0,0.0,0.036991602915692125,83
22.240000000000002,0.03755582080887983,0.010091187429362679,0.0005781438727809538,0.0,0.0,0.03698762753498188,83
22.26,0.03755347663782079,0.010087560374411738,0.0005788643894822483,0.0,0.0,0.03698353663972591,83
22.28,0.03755088196680215,0.010083847608741026,0.0005795827167312907,0.0,0.0,0.036979334519279934,83
22.3,0.03754803570717183,0.01008004994397967,0.0005802988478433275,0.0,0.0,0.03697502526950017,83
22.32,0.03754493640858339,0.010076168159303458,0.0005810127762523993,0.0,0.0,0.0369706128205315,83
22.34,0.0375415822808085,0.010072203002100258,0.0005817244955102701,0.0,0.0,0.03696610096755109,83
22.36,0.037537971216651665,0.010068155188593874,0.0005824339992871373,0.0,0.0,0.036961493403009194,84
22.38,0.0375341008144334,0.010064025404428476,0.000583141281374037,0.0,0.0,0.036956793748834725,84
22.400000000000002,0.03752996839854117,0.010059814305219905,0.0005838463356868034,0.0,0.0,0.03695200558710349,84
22.42,0.03752557103667995,0.01005552251708424,0.0005845491562713912,0.0,0.0,0.03694713248779474,84
22.44,0.03752090555262674,0.01005115063715754,0.0005852497373103347,0.0,0.0,0.03694217803242998,84
22.46,0.037515968533599495,0.010046699234123574,0.0005859480731300825,0.0,0.0,0.03693714583268714,84
22.48,0.0375107618744868,0.010042168848768207,0.0005866441582089528,0.0,0.0,0.03693203954335802,84
22.5,0.03750529808997401,0.010037559994579899,0.0005873379871854332,0.0,0.0,0.0369268628693854,84
22.52,0.03749955124568556,0.010032873158415478,0.0005880295548665806,0.0,0.0,0.03692161956706071,84
22.54,0.03749351693612896,0.010028108801248572,0.0005887188562362989,0.0,0.0,0.036916313439810375,84
22.56,0.037487190466915433,0.010023267359015129,0.0005894058864633091,0.0,0.0,0.03691094832933042,84
22.580000000000002,0.03748056682973982,0.01001834924356647,0.0005900906409086556,0.0,0.0,0.03690552810310135,84
22.6,0.03747364067507192,0.010013986429633158,0.0005907731151326703,0.0,0.0,0.036900056639555666,84
22.62,0.03746640628411655,0.010014655865116998,0.00059145330490132,0.0,0.0,0.03689453781232581,85
22.64,0.03745885754170324,0.010015435936374176,0.0005921312061919604,0.0,0.0,0.036888975475077884,85
22.66,0.03745098791179233,0.010016113684120864,0.0005928070511452295,0.0,0.0,0.03688337344843253,85
22.68,0.037442790417221296,0.010016689222658618,0.0005934818566764096,0.0,0.0,0.036877735510378144,85
22.7,0.03743751212457619,0.010017162650138318,0.0005941873433485725,0.0,0.0,0.03687206539138203,85
22.72,0.037433779782706275,0.010017534049741659,0.0005948905593912729,0.0,0.0,0.036866366775133545,85
22.740000000000002,0.03742988955026021,0.010017803490829685,0.0005955915041548083,0.0,0.0,0.036860643305500665,85
22.76,0.03742584016756059,0.010017971030020884,0.0005962922004542724,0.0,0.0,0.03685489859987892,85
22.78,0.037421630182000475,0.010018036712161824,0.0005969922513279556,0.0,0.0,0.036849136268686564,85
22.8,0.03741725796400961,0.010018000571156175,0.0005976900674024234,0.0,0.0,0.036843359940322534,85
22.82,0.03741272172695597,0.010017862630622675,0.0005983856485022158,0.0,0.0,0.03683757329052585,85
22.84,0.037408019549548144,0.010017622904359811,0.0005990895184103807,0.0,0.0,0.03683178007472053,85
22.86,0.037403149399068254,0.010017281396603288,0.0005998137481485213,0.0,0.0,0.03682598416169454,85
22.88,0.03739810915360887,0.01001683810207226,0.0006005357392968788,0.0,0.0,0.03682018956680382,85
22.900000000000002,0.0373928966214262,0.01001629300581062,0.0006012554930567868,0.0,0.0,0.036814400482829995,85
22.92,0.03738750955559809,0.010015646082840123,0.0006019740114079244,0.0,0.0,0.036808621306694836,85
22.94,0.03738194566230621,0.01001489729765206,0.0006026913317371007,0.0,0.0,0.036802856660363426,85
22.96,0.037376202601294525,0.010015374821141456,0.0006034166998329051,0.0,0.0,0.03679711140449683,85
22.98,0.037370277977343824,0.010015955654075925,0.0006041806004176664,0.0,0.0,0.03679139064369974,85
23.0,0.037364192457876595,0.010016443072741573,0.0006049499597943202,0.0,0.0,0.036785699722542885,85
23.02,0.037357922552476004,0.010018360288073975,0.0006057227505721624,0.0,0.0,0.03678004421187824,85
23.04,0.0373514634574804,0.010020167829383121,0.0006064938944493908,0.0,0.0,0.03677442988535164,85
23.06,0.03734481227232654,0.010021865548308386,0.0006072629007358688,0.0,0.0,0.03676886268638373,85
23.080000000000002,0.03733796584810454,0.01002345328219347,0.0006080297713453311,0.0,0.0,0.036763348686258995,85
23.1,0.03733092072078899,0.010024930853965367,0.0006087978712605679,0.0,0.0,0.03675789403433174,85
23.12,0.03732367303756362,0.01002629807228709,0.0006095649731352279,0.0,0.0,0.03675250490171333,85
23.14,0.03731621847800996,0.010027554732018475,0.0006103299929807661,0.0,0.0,0.036747187420126684,85
23.16,0.03730855217227707,0.010028700615009479,0.0006110929331382662,0.0,0.0,0.03674194761793669,85
23.18,0.03730066861862238,0.010029735491239087,0.0006118537961324517,0.0,0.0,0.036736791355611156,85
23.2,0.03729256160295836,0.010030659120300232,0.000612612584661371,0.0,0.0,0.03673172426307934,85
23.22,0.037284224123199004,0.010031471253217447,0.0006133693015849551,0.0,0.0,0.036726751681577664,85
23.240000000000002,0.03727564832125487,0.01003217163456986,0.0006141239499127331,0.0,0.0,0.03672187861258388,85
23.26,0.037266825425472654,0.010032760004878117,0.0006148765327910224,0.0,0.0,0.036717109676340336,85
23.28,0.03725774570611614,0.010033236103200505,0.0006156270534899754,0.0,0.0,0.0367124490822119,85
23.3,0.037248398446166876,0.01003449520631281,0.000616375515390865,0.0,0.0,0.03670790061274508,85
23.32,0.03723992243122637,0.010036342936926953,0.000617121921974006,0.0,0.0,0.03670346762272906,85
23.34,0.03723284935165852,0.010038073274084043,0.0006178662768077074,0.0,0.0,0.0366991530539295,85
23.36,0.03722795989682444,0.010039685965434914,0.0006186085835385973,0.0,0.0,0.03669495946538185,85
23.38,0.03722339500158526,0.0100411807712649,0.0006193488458836279,0.0,0.0,0.03669088907834237,85
23.400000000000002,0.037218734635760316,0.01004255746672474,0.000620087067623989,0.0,0.0,0.036686943834210596,85
23.42,0.03721397174686921,0.010043815843734441,0.000620823252601065,0.0,0.0,0.03668312546298927,85
23.44,0.037209098766617765,0.010044955712507348,0.0006215584941353122,0.0,0.0,0.03667943555925304,85
23.46,0.03720410767640457,0.0100468459187079,0.0006222927619725075,0.0,0.0,0.03667587566214853,85
23.48,0.03719899007357977,0.01005367858453828,0.0006230250111362132,0.0,0.0,0.03667244733569337,85
23.5,0.037193737234934694,0.010060363706859374,0.0006237552457032976,0.0,0.0,0.03666915224559154,85
23.52,0.03718834017410697,0.010066900680572869,0.0006244834698471973,0.0,0.0,0.03666599222893686,85
23.54,0.037182789689974884,0.010073288915935145,0.000625209687842471,0.0,0.0,0.036662969353510134,86
23.56,0.03717707640363954,0.010079527838023017,0.0006259339040695321,0.0,0.0,0.03666008596383787,86
23.580000000000002,0.03717119078227923,0.010085616886078593,0.0006266561230190817,0.0,0.0,0.036657344711799975,86
23.6,0.037165123148860696,0.010091555512829125,0.0006273763492957585,0.0,0.0,0.036654748570202476,86
23.62,0.037158863677487365,0.010097343183884219,0.0006280945876205327,0.0,0.0,0.03665230082845505,86
23.64,0.037152402374928555,0.010102979377314185,0.0006288108428313807,0.0,0.0,0.0366500050701845,86
23.66,0.03714848078148465,0.010108463583510332,0.0006295251198818123,0.0,0.0,0.03664786513330452,86
23.68,0.03714502682740475,0.010113795305420064,0.000630237423836888,0.0,0.0,0.03664588505371565,86
23.7,0.037141496329742105,0.010118974059237678,0.0006309477598664075,0.0,0.0,0.0366440689944029,86
23.72,0.037137884090025636,0.010123999375615065,0.0006316561332350408,0.0,0.0,0.036642421162239695,86
23.740000000000002,0.03713418446854764,0.010128870801436648,0.0006323625492892303,0.0,0.0,0.036640945715275874,86
23.76,0.0371303912733316,0.010133587902179504,0.0006330670134408179,0.0,0.0,0.036639646663639294,86
23.78,0.03712649764709859,0.010138150264854172,0.0006337695311474026,0.0,0.0,0.03663852776748142,86
23.8,0.03712386407351074,0.01014255750149441,0.0006344701078895498,0.0,0.0,0.03663759243551443,86
23.82,0.03712193594288242,0.010146809253137283,0.0006351696512851142,0.0,0.0,0.036636843627722966,86
23.84,0.03712276322161267,0.010150905194208375,0.000635867756643146,0.0,0.0,0.03663628376568785,86
23.86,0.03712368316007311,0.010154845037203705,0.0006365639603170979,0.0,0.0,0.036635914653681004,86
23.88,0.03712467510478584,0.010158628537539828,0.0006372582673720655,0.0,0.0,0.036635737413267894,86
23.900000000000002,0.03712572234735987,0.010162255498429584,0.000637950682723896,0.0,0.0,0.03663575243360823,86
23.92,0.037126819299864854,0.010165725775632682,0.0006386412111050049,0.0,0.0,0.03663595933901319,86
23.94,0.03712795938193586,0.010169039281929696,0.0006393298570302339,0.0,0.0,0.036636356974613316,86
23.96,0.03712913787208986,0.010172195991174408,0.0006400166247634132,0.0,0.0,0.03663694341029403,86
23.98,0.03713036280373227,0.010175195941793204,0.0006407015182853307,0.0,0.0,0.03663771596235644,86
24.0,0.03713162427172943,0.010178039239619959,0.0006413845412637673,0.0,0.0,0.03663867123171767,86
24.02,0.03713289943666906,0.01018072605997985,0.0006420656970262722,0.0,0.0,0.03663980515689271,86
24.04,0.03713489070639494,0.01018325664896364,0.0006427462937896861,0.0,0.0,0.03664111307948586,86
24.060000000000002,0.03713892214475409,0.010185631323863834,0.0006434254928951229,0.0,0.0,0.0366425898195068,87
24.080000000000002,0.037143036500757884,0.010187850472773792,0.0006441028440095235,0.0,0.0,0.03664422975748389,87
24.1,0.037147224870173114,0.010189914553378563,0.0006447783488041775,0.0,0.0,0.03664602692007648,87
24.12,0.03715147795485889,0.010191824090991203,0.0006454520085310003,0.0,0.0,0.036647975065765524,87
24.14,0.03715578613902406,0.010194885915708132,0.0006461238240214195,0.0,0.0,0.03665006776714693,87
24.16,0.03716013955863031,0.010198172392178236,0.0006467948874121908,0.0,0.0,0.03665229848649593,87
24.18,0.037164528160890255,0.01020157779536471,0.0006474647471910735,0.0,0.0,0.0366546606415433,87
24.2,0.03716894175129212,0.010207451970402836,0.0006481327738712127,0.0,0.0,0.036657147658891345,87
24.22,0.03717337002619833,0.010213152941009053,0.0006487989665821496,0.0,0.0,0.03665975301311764,87
24.240000000000002,0.037177802589852156,0.01021868121213118,0.0006494633240887652,0.0,0.0,0.03666247025040716,87
24.26,0.03718222895547463,0.010224037320292364,0.0006501258448118597,0.0,0.0,0.03666529299640482,87
24.28,0.03718663853103506,0.010229221829329595,0.0006507865268499624,0.0,0.0,0.03666821494888619,87
24.3,0.0371910205911252,0.010234235326377435,0.0006514453680015828,0.0,0.0,0.03667122985669265,87
24.32,0.037195364237102034,0.010239078418183832,0.000652102365787181,0.0,0.0,0.03667433148711343,87
24.34,0.037199658348267356,0.010243751727831398,0.0006527575174702083,0.0,0.0,0.03667751358449871,87
24.36,0.037203891527236785,0.01024825589192302,0.0006534108200766869,0.0,0.0,0.03668076982326942,87
24.38,0.03720805204284711,0.010252591558275471,0.0006540622704129342,0.0,0.0,0.036684093758680376,87
24.400000000000002,0.037212127773942505,0.010256759384148932,0.0006547118650811586,0.0,0.0,0.03668747877867635,87
24.42,0.03721610615720437,0.010260760035024423,0.0006553596004928063,0.0,0.0,0.03669091805999521,87
24.44,0.03721997414186981,0.010264594183925323,0.000656005472879658,0.0,0.0,0.03669440453133816,87
24.46,0.03722371815376902,0.010268262511263377,0.0006566494783028032,0.0,0.0,0.03669793084599714,87
24.48,0.03722733477179525,0.010271765705174383,0.0006572916126597066,0.0,0.0,0.036701489365830856,87
24.5,0.037230812507690836,0.010275104462294286,0.0006579318716896822,0.0,0.0,0.03670507215795776,87
24.52,0.03723412235104248,0.010278279488912821,0.0006585702509781288,0.0,0.0,0.03670867100499448,87
24.54,0.03723724851929377,0.01028129150242994,0.0006592083095065022,0.0,0.0,0.03671227742914391,87
24.560000000000002,0.03724017471710598,0.01028414123303038,0.0006598445410555233,0.0,0.0,0.03671588272991359,87
24.580000000000002,0.03724288417971373,0.01028682942548398,0.0006604788884302742,0.0,0.0,0.03671947803475825,87
24.6,0.0372453620902382,0.010289356840975327,0.0006611113465215513,0.0,0.0,0.03672305436145619,87
24.62,0.037247609999583826,0.010291724258865154,0.0006617419100806404,0.0,0.0,0.03672660269058336,87
24.64,0.037251317532181104,0.010293932478289084,0.0006623705737244636,0.0,0.0,0.03673011404606413,87
24.66,0.037258250159794754,0.010295982319506312,0.0006629973319419721,0.0,0.0,0.03673357958141833,89
24.68,0.037265078890537866,0.010297874624921625,0.0006636221791019248,0.0,0.0,0.03673699066907682,89
24.7,0.03727179361369427,0.010299610259718595,0.0006642451094621001,0.0,0.0,0.036740338989986736,89
24.72,0.03727838455865667,0.010301190112058885,0.0006648666616996265,0.0,0.0,0.03674361662066086,89
24.740000000000002,0.03728484237408253,0.010303623883319653,0.0006654863727822133,0.0,0.0,0.036746816114919256,89
24.76,0.03729115819905838,0.010306166525245426,0.0006661041489500438,0.0,0.0,0.03674993057775428,89
24.78,0.03729732372398743,0.010308529543972645,0.0006667199847199867,0.0,0.0,0.036752953729029994,89
24.8,0.03730333123929642,0.010310714359384587,0.0006673338745873394,0.0,0.0,0.03675587995510861,89
24.82,0.03730917367047643,0.010312722419115293,0.0006679458130389224,0.0,0.0,0.036758704346917484,89
24.84,0.037314844598403556,0.01031455519444114,0.0006685557945658688,0.0,0.0,0.03676142272340302,89
24.86,0.03732033826435176,0.010316214176053448,0.0006691638136758145,0.0,0.0,0.03676403163978511,89
24.88,0.03732564955950528,0.010317700869798416,0.0006697698649041724,0.0,0.0,0.036766528380422936,89
24.900000000000002,0.03733077399918447,0.010319016792472645,0.000670373942824218,0.0,0.0,0.036768910936510156,89
24.92,0.03733570768231603,0.010320163467761562,0.0006709760420557133,0.0,0.0,0.03677117796913594,89
24.94,0.03734044723699439,0.010321142422405111,0.0006715761572718478,0.0,0.0,0.03677332875856506,89
24.96,0.03734498975322315,0.010321955182669817,0.0006721742832042843,0.0,0.0,0.036775363140833094,89
24.98,0.03734933270416906,0.010322603271199432,0.0006727704146461672,0.0,0.0,0.0367772814329973,89
25.0,0.03735347385747232,0.010323088204307973,0.0006733645464529638,0.0,0.0,0.03677908434859509,89
25.02,0.03735741117837012,0.010323411489769183,0.0006739566735410889,0.0,0.0,0.036780772905076045,89
25.04,0.037361142726597976,0.010323574625145451,0.0006745467908842842,0.0,0.0,0.03678234832518086,89
25.060000000000002,0.03736466654926297,0.010323579096687085,0.0006751348935078044,0.0,0.0,0.036783811934470015,89
25.080000000000002,0.037367995526185145,0.010323426378819714,0.0006757209764805056,0.0,0.0,0.036785165057392294,89
25.1,0.037371144266817105,0.010323117934223278,0.0006763050349049954,0.0,0.0,0.036786408914515005,89
25.12,0.03737407852083305,0.010322655214491057,0.000676887063906076,0.0,0.0,0.03678754452365974,89
25.14,0.037376795222353876,0.010322039661341475,0.0006774670586177522,0.0,0.0,0.03678857260782455,89
25.16,0.037379290786573,0.01032127270833933,0.0006780450141691502,0.0,0.0,0.03678949351276511,89
25.18,0.03738156103388681,0.010320355783067432,0.0006786224475568642,0.0,0.0,0.03679030713700991,89
25.2,0.03738360112878824,0.010319290309674607,0.000679198495921526,0.0,0.0,0.03679101287686029,90
25.22,0.037385405535661595,0.010318077711712708,0.0006797725064082386,0.0,0.0,0.036791609588513595,90
25.240000000000002,0.03738696799310153,0.010316719415164328,0.0006803444740935097,0.0,0.0,0.03679209556892958,91
25.26,0.03738828150770744,0.010315216851555196,0.0006809143939945803,0.0,0.0,0.036792468556385745,91
25.28,0.037389338367522895,0.010313571461041294,0.0006814822610595563,0.0,0.0,0.036792725750881494,91
25.3,0.0373903496447973,0.010311784695361245,0.0006820480701592525,0.0,0.0,0.036792863853748164,91
25.32,0.03739277574810252,0.010309858020549626,0.0006826118160810406,0.0,0.0,0.03679287912498345,91
25.34,0.03739497945685182,0.01030779291931628,0.0006831734935249363,0.0,0.0,0.03679276745609402,91
25.36,0.037396952909289766,0.010305590893010403,0.0006837330971020684,0.0,0.0,0.03679252445559392,91
25.38,0.03739868792918028,0.010303253463104973,0.0006842906213355958,0.0,0.0,0.036792145543852586,92
25.400000000000002,0.03740017612139934,0.010300782172156157,0.0006848468275095024,0.0,0.0,0.036791626053742324,92
25.42,0.03740140896957763,0.010298178584212628,0.0006854011307953584,0.0,0.0,0.03679096133349604,92
25.44,0.03740237793237189,0.010295444284669837,0.0006859533553870807,0.0,0.0,0.036790146848345695,92
25.46,0.037403074535292374,0.010292580879583216,0.0006865034959561882,0.0,0.0,0.03678917827785702,92
25.48,0.03740505506231084,0.010289589994471075,0.0006870525956148358,0.0,0.0,0.036788051606345656,92
25.5,0.03740712249443204,0.010286473272651914,0.0006876004019843436,0.0,0.0,0.03678676320431348,92
25.52,0.03740895571512704,0.010283232373171549,0.0006881461373371153,0.0,0.0,0.03678530989943133,92
25.54,0.03741054954821475,0.010279868968382734,0.0006886897962430883,0.0,0.0,0.03678368903617802,92
25.560000000000002,0.037411899298277575,0.010276384741243936,0.0006892313732655202,0.0,0.0,0.036781898523760494,92
25.580000000000002,0.03741300078361392,0.010272781382404911,0.0006897708629758269,0.0,0.0,0.036779936872406764,92
25.6,0.037413850357859955,0.010269060587145292,0.0006903082599683238,0.0,0.0,0.0367778032184834,92
25.62,0.037414444920982864,0.010265224052228737,0.0006908435588746313,0.0,0.0,0.03677549733914945,92
25.64,0.03741478192053961,0.010261273472730358,0.0006913767543775613,0.0,0.0,0.03677301965745005,92
25.66,0.03741485934417593,0.01025721053888917,0.0006919078412243172,0.0,0.0,0.036770371238835406,92
25.68,0.037414675704366976,0.010253036933030984,0.0006924368142388669,0.0,0.0,0.036767553780116854,93
25.7,0.03741423001637412,0.010250170135226543,0.0006929664542624827,0.0,0.0,0.036764569591846825,93
25.72,0.03741352177030959,0.010247603724506137,0.000693495190776081,0.0,0.0,0.036761421575026154,93
25.740000000000002,0.037412550898113926,0.010244922229190939,0.0006940222847294904,0.0,0.0,0.03675811319295631,93
25.76,0.037411317736136034,0.010242127422349378,0.0006945492587768186,0.0,0.0,0.036754648438939386,93
25.78,0.03740982298388159,0.0102392210523771,0.0006950743904282697,0.0,0.0,0.03675103180040465,93
25.8,0.03740806765940765,0.010236204840990692,0.0006955975174939956,0.0,0.0,0.03674726821995275,93
25.82,0.03740605305172889,0.010233080481456486,0.0006961186368640625,0.0,0.0,0.03674336305369626,94
25.84,0.03740378067052747,0.010229849637061163,0.0006966377455248942,0.0,0.0,0.036739322027201114,94
25.86,0.03740125219341007,0.010226513939828806,0.0006971548405613654,0.0,0.0,0.036735151189284825,94
25.88,0.03739846941091676,0.010223074989486861,0.0006976699191577789,0.0,0.0,0.03673085686388759,94
25.900000000000002,0.03739543416948077,0.010219534352681744,0.0006981829785977859,0.0,0.0,0.03672644560022497,94
25.92,0.03739214831256136,0.010215893562443117,0.0006986940162632862,0.0,0.0,0.03672192412145304,94
25.94,0.037388613620206276,0.010212154117893888,0.0006992030296323973,0.0,0.0,0.03671729927210831,95
25.96,0.03738483174737837,0.010208317484201297,0.0006997100162765778,0.0,0.0,0.03671257796466068,95
25.98,0.03738080416144424,0.010204385092762001,0.0007002149738570113,0.0,0.0,0.03670776712557695,95
26.0,0.03737653207933811,0.010200358341611801,0.0007007181795320478,0.0,0.0,0.03670287364140435,95
26.02,0.037373647730713694,0.010196238596047779,0.0007012209742036111,0.0,0.0,0.03669790430546969,95
26.04,0.03737084301267568,0.010192741063768914,0.0007017217592041688,0.0,0.0,0.03669286576588688,95
26.060000000000002,0.03736786020252428,0.010190854327596798,0.0007022205325905752,0.0,0.0,0.03668776447566488,95
26.080000000000002,0.03736470082995796,0.010188870436221947,0.000702717292481777,0.0,0.0,0.03668260664576812,95
26.1,0.03736138432733006,0.010186790569032217,0.0007032120370541845,0.0,0.0,0.03667739820204309,95
26.12,0.037357890689333685,0.010184615878988385,0.0007037052595925784,0.0,0.0,0.03667214474692706,95
26.14,0.03735423138129248,0.010182347494034148,0.0007041971068550829,0.0,0.0,0.03666685152684921,95
26.16,0.0373504080934807,0.010179986518543524,0.000704686937571547,0.0,0.0,0.03666152340616751,95
26.18,0.037346423507980245,0.010177534034771044,0.0007051747499705091,0.0,0.0,0.03665616484838666,95
26.2,0.03734225986200188,0.010174991104269976,0.0007056605423250728,0.0,0.0,0.036650779905268716,95
26.22,0.037337915084951205,0.010172358769244619,0.0007061443129551488,0.0,0.0,0.03664537221427765,95
26.240000000000002,0.03733338646780645,0.01016963805380477,0.0007066260602313795,0.0,0.0,0.03663994500459681,95
26.26,0.03732867066742898,0.010166829965093731,0.0007071376987121965,0.0,0.0,0.036634522097470215,95
26.28,0.037323763718929946,0.010163935494265454,0.0007076483386807757,0.0,0.0,0.03662947427947027,95
26.3,0.037318661055657,0.010160955617291507,0.0007081569307769936,0.0,0.0,0.03662441387876784,95
26.32,0.0373133575361732,0.010157891295584346,0.0007086634728855684,0.0,0.0,0.036619342719667394,95
26.34,0.03730784747736771,0.010154743476429478,0.0007091679629947857,0.0,0.0,0.03661426237015516,95
26.36,0.037302124692682126,0.010151513093225062,0.0007096766282852162,0.0,0.0,0.036609174192281074,95
26.38,0.037296182534279576,0.010148201065533543,0.0007102126101878646,0.0,0.0,0.03660407939685386,95
26.400000000000002,0.037290013937863783,0.0101448082989551,0.0007107479944465737,0.0,0.0,0.036598979101142806,95
26.42,0.03728361146879545,0.010141335684837315,0.000711283342302223,0.0,0.0,0.03659387438820757,95
26.44,0.03727696736810891,0.010137784099839238,0.0007118166801117682,0.0,0.0,0.03658876636641823,95
26.46,0.03727007359706754,0.0101341544053708,0.0007123480061298777,0.0,0.0,0.036583656227742886,95
26.48,0.037262921878943076,0.010130447446930363,0.0007128773188025039,0.0,0.0,0.03657854530340266,95
26.5,0.037255503736846746,0.010126664053364192,0.0007134046167792333,0.0,0.0,0.03657343511560791,95
26.52,0.03724783089131005,0.01012280503607171,0.0007139298989248552,0.0,0.0,0.03656832742418884,95
26.54,0.03724032064699132,0.010120184048938977,0.0007144548419036272,0.0,0.0,0.03656349638907721,95
26.560000000000002,0.037232559362576564,0.010121101997081083,0.0007149785278774785,0.0,0.0,0.036558800550663476,95
26.580000000000002,0.037225119120892824,0.010121927171202043,0.0007155002393488153,0.0,0.0,0.03655411381735639,97
26.6,0.03721910308531922,0.010122660297560105,0.000716019976352198,0.0,0.0,0.03654943923256521,97
26.62,0.0372128577392053,0.010123302079126208,0.0007165377391667913,0.0,0.0,0.03654478020545481,97
26.64,0.03720639534431608,0.010123853194849729,0.0007170535283220044,0.0,0.0,0.03654014051277879,97
26.66,0.03719969348982437,0.010124314298999966,0.0007175673446021282,0.0,0.0,0.03653552429283196,97
26.68,0.03719274554002763,0.010124686020593646,0.0007180791890499684,0.0,0.0,0.036530936031914145,97
26.7,0.0371855458607817,0.010124968962916649,0.0007185890629694678,0.0,0.0,0.03652638054384964,97
26.72,0.03717808877128798,0.010125163703146148,0.0007190969679272887,0.0,0.0,0.03652186294321495,97
26.740000000000002,0.03717036851690432,0.010125270792077371,0.0007196029057533167,0.0,0.0,0.03651738861300312,97
26.76,0.03716287511381676,0.010125290753957272,0.0007201068785400237,0.0,0.0,0.03651296316750377,97
26.78,0.03715795338434488,0.010125224086425726,0.0007206088886405958,0.0,0.0,0.03650859241117393,97
26.8,0.03715290294921459,0.010125071260563228,0.0007211089386657339,0.0,0.0,0.03650428229423909,97
26.82,0.03714772333130507,0.010124832721042554,0.0007216070314789937,0.0,0.0,0.03650003886570173,97
26.84,0.037142413854607315,0.010124508886380815,0.0007221031701905141,0.0,0.0,0.03649586822433457,97
26.86,0.03713739370693701,0.010124100149287404,0.0007225973581490002,0.0,0.0,0.036491776468111366,97
26.88,0.037132280851844744,0.010123606877102674,0.000723089598931771,0.0,0.0,0.03648776964241481,97
26.900000000000002,0.03712703373660777,0.010123029412322113,0.0007235798963327339,0.0,0.0,0.03648385368724295,97
26.92,0.037121650246464626,0.010122368073200909,0.000724068254348119,0.0,0.0,0.03648003438354584,97
26.94,0.03711612773837754,0.010121623154434076,0.0007245547781279606,0.0,0.0,0.03647631729880242,97
26.96,0.03711046297098844,0.010120794927908182,0.0007250406591217637,0.0,0.0,0.03647270773197695,97
26.98,0.03710465203362002,0.010119883643521312,0.0007255246401146275,0.0,0.0,0.036469210658112365,97
27.0,0.037098690274824604,0.010122989909736724,0.0007260067257490967,0.0,0.0,0.036465830673050224,97
27.02,0.03709359565173982,0.01012772813782031,0.0007264869207518687,0.0,0.0,0.03646257193904528,97
27.04,0.03708919042972732,0.01013235707669671,0.0007269652299052038,0.0,0.0,0.03645943813243355,97
27.060000000000002,0.03708467563509988,0.01013687668713152,0.0007274416580164904,0.0,0.0,0.036456432394925756,97
27.080000000000002,0.037080045212833215,0.010141286912225985,0.0007279162098863897,0.0,0.0,0.036453557290493314,97
27.1,0.03707529213981911,0.010145587678253633,0.0007283888902760961,0.0,0.0,0.03645081477016894,97
27.12,0.037070408384384836,0.010149778895524625,0.0007288597038743746,0.0,0.0,0.03644820614730451,97
27.14,0.03706538487858813,0.010153860459263826,0.0007293286552651007,0.0,0.0,0.03644573208587163,97
27.16,0.03706021150579794,0.010157832250484706,0.0007297957488961329,0.0,0.0,0.03644339260421584,97
27.18,0.03705682181429736,0.010161694136837224,0.0007302609890503433,0.0,0.0,0.036441187096254254,97
27.2,0.0370538425862509,0.01016544597340435,0.0007307439930332659,0.0,0.0,0.03643911437144869,97
27.22,0.037050772214791826,0.010169087603419467,0.0007312402126987063,0.0,0.0,0.03643717271403461,97
27.240000000000002,0.037047600331575115,0.010172618858875295,0.0007317345707481535,0.0,0.0,0.036435359960980906,97
27.26,0.03704431585631923,0.010176039560995465,0.0007322270706698533,0.0,0.0,0.0364336735971231,97
27.28,0.037040907088597835,0.010179349520541702,0.0007327178480896367,0.0,0.0,0.03643211086491722,97
27.3,0.037037361810197934,0.010182548537933328,0.0007332075288195126,0.0,0.0,0.036430668885406164,97
27.32,0.03703366739401389,0.010185636403161141,0.0007336953620163186,0.0,0.0,0.0364293447863565,97
27.34,0.037029810915086045,0.010188612895484466,0.0007341813501927933,0.0,0.0,0.03642813583315869,97
27.36,0.03702577925931739,0.010191477782907675,0.0007346654956575423,0.0,0.0,0.0364270395580018,97
27.38,0.03702155922560699,0.010194230821440617,0.0007351478005330806,0.0,0.0,0.03642615900448571,97
27.400000000000002,0.03701713761757171,0.010196871754155548,0.0007356282667774785,0.0,0.0,0.036425668380227406,97
27.42,0.037012501321662596,0.010199400310060667,0.0007361068962088669,0.0,0.0,0.0364254368409976,97
27.44,0.03700763736918936,0.010201816202817356,0.0007365839911639739,0.0,0.0,0.036425549224062624,97
27.46,0.03700254230188775,0.010204119129333793,0.0007370597692239867,0.0,0.0,0.036425769004893804,97
27.48,0.03699720328976944,0.01020630876827227,0.0007375337142619265,0.0,0.0,0.03642609745793072,98
27.5,0.03699159900550626,0.010208384778510316,0.0007380069643963448,0.0,0.0,0.036426536690259664,98
27.52,0.03698571731605126,0.01021034679759772,0.0007384792639417249,0.0,0.0,0.036427089652523496,98
27.54,0.0369795462691349,0.0102121944402515,0.0007389497573549821,0.0,0.0,0.036427802099104296,98
27.560000000000002,0.03697307404842091,0.01021392729693015,0.0007394184458606144,0.0,0.0,0.03642897125111026,98
27.580000000000002,0.03696628891471315,0.010215544932526107,0.0007398853307492496,0.0,0.0,0.03643026748798237,98
27.6,0.03695917913543099,0.010217046885212086,0.0007403504133993828,0.0,0.0,0.0364316969065382,98
27.62,0.03695422468204846,0.010218432665472722,0.0007408136952969759,0.0,0.0,0.03643326626219538,98
27.64,0.03694937251564537,0.010219701755347577,0.000741275178052849,0.0,0.0,0.036434982896004914,98
27.66,0.036944281291655126,0.010220853607905644,0.0007417348634178209,0.0,0.0,0.03643685465444139,99
27.68,0.03693894320978352,0.010221887646964677,0.0007421927532956263,0.0,0.0,0.036438946165699135,99
27.7,0.03693335013882623,0.010222803267061405,0.0007426488497536723,0.0,0.0,0.03644153164684934,99
27.72,0.036927531366894396,0.010223599833671186,0.0007431031550317207,0.0,0.0,0.03644442403494965,99
27.740000000000002,0.036925521573438876,0.010225256034789909,0.0007435556715486263,0.0,0.0,0.03644775985746985,99
27.76,0.03692569844213918,0.010228739613539121,0.0007440071347015977,0.0,0.0,0.036451293769033555,99
27.78,0.03692697694727258,0.01023208650874535,0.0007444571501014393,0.0,0.0,0.036455034829919984,99
27.8,0.03692931070666443,0.010235295738321092,0.000744905386617619,0.0,0.0,0.03645899201858377,99
27.82,0.03693421280127421,0.010238366291372503,0.000745351846972368,0.0,0.0,0.03646317416518958,99
27.84,0.03693926350888939,0.010241297129179974,0.0007457965340619702,0.0,0.0,0.036467589892577514,99
27.86,0.03694442858489464,0.010245329660075037,0.0007462394509546384,0.0,0.0,0.03647224756455508,99
27.88,0.03695145707422593,0.010250079813430171,0.0007466806008873385,0.0,0.0,0.036477155240901185,99
27.900000000000002,0.0369596832209808,0.01025466932275279,0.0007471199872616163,0.0,0.0,0.0364823206379214,99
27.92,0.03696814411098369,0.010259097319186698,0.0007475576136384086,0.0,0.0,0.03648775109296275,99
27.94,0.03697684526615287,0.010263362911770076,0.0007479934837318127,0.0,0.0,0.03649345353090562,99
27.96,0.03698579172047692,0.010267465187954947,0.0007484276014017365,0.0,0.0,0.03649943443043341,99
27.98,0.03699499836125839,0.010271403214222392,0.0007488599706452964,0.0,0.0,0.03650569978778239,99
28.0,0.03700456905928141,0.01027517603682704,0.0007492905955868357,0.0,0.0,0.03651225507574629,99
28.02,0.03701473933977048,0.010278782682718703,0.0007497550038795809,0.0,0.0,0.0365191051959593,99
28.04,0.03702516894508446,0.010282222160702077,0.0007502214816438563,0.0,0.0,0.03652625442284288,99
28.060000000000002,0.03703585978469011,0.010285493462906727,0.0007506880462698989,0.0,0.0,0.036533706338114535,99
28.080000000000002,0.03704681294980552,0.010288595566648021,0.0007511529103111207,0.0,0.0,0.0365414637553273,99
28.1,0.03705802862641396,0.010291527436764938,0.0007516417317776193,0.0,0.0,0.03654952863456844,99
28.12,0.037069511846468374,0.010294288028521776,0.0007521413212371926,0.0,0.0,0.03655790198808204,99
28.14,0.03708127051075751,0.01029687629115782,0.0007526398658145875,0.0,0.0,0.036566583778260525,99
28.16,0.03709371754250424,0.010299291172161166,0.0007531369131512292,0.0,0.0,0.036575572810058646,99
28.18,0.037106871368835066,0.010301531622330254,0.0007536322949932293,0.0,0.0,0.036584866620495156,99
28.2,0.037120270547955074,0.010303596601669178,0.0007541260140873909,0.0,0.0,0.036594461368434805,100
28.22,0.0371339076269651,0.010305485086140483,0.0007546180731490532,0.0,0.0,0.03660435172834167,100
28.240000000000002,0.037147773502289705,0.01030719607527251,0.0007551084748330536,0.0,0.0,0.036614530792085584,100
28.26,0.03716185733072456,0.010308728600587885,0.0007555972217028469,0.0,0.0,0.036624989983201135,100
28.28,0.037176146457221455,0.010310081734786525,0.00075608431619824,0.0,0.0,0.036635718988152904,100
28.3,0.03719062636394544,0.010311254601581667,0.0007565697606023035,0.0,0.0,0.03664670570915063,100
28.32,0.03720528064490554,0.010312246386052546,0.0007570535570080772,0.0,0.0,0.03665793624282142,100
28.34,0.03722009100994538,0.010313056345344457,0.0007575357072857789,0.0,0.0,0.03666939488852739,100
28.36,0.03723503732111148,0.010313683819517723,0.0007580334653693447,0.0,0.0,0.03668106418934477,100
28.38,0.037250097663348684,0.010318317380528215,0.0007585493711713464,0.0,0.0,0.03669292500764894,100
28.400000000000002,0.03726524845016171,0.010325476618042421,0.0007590636401806883,0.0,0.0,0.036704956635936085,100
28.42,0.03728046456343365,0.010332393204354069,0.000759576273078841,0.0,0.0,0.036717136942061086,100
28.44,0.03729571952501502,0.010339066785081459,0.0007600872702040136,0.0,0.0,0.036729442546491374,100
28.46,0.03731098569623805,0.010345497187631733,0.0007605966315360107,0.0,0.0,0.03674184902771527,100
28.48,0.03732623450014818,0.010351684427273597,0.000761104356685384,0.0,0.0,0.03675433115057772,100
28.5,0.0373414366602154,0.010357628711470154,0.0007616104448870404,0.0,0.0,0.036766863111285304,101
28.52,0.03735656244857455,0.01036333044237753,0.000762114894998315,0.0,0.0,0.036779418792105535,101
28.54,0.03737158193658694,0.010368790217466336,0.0007626263860262486,0.0,0.0,0.036791972018526395,101
28.560000000000002,0.03738813278580651,0.010374008828275485,0.000763164109320147,0.0,0.0,0.03680449681174592,102
28.580000000000002,0.03740476881336933,0.010378987257358705,0.0007637002047032626,0.0,0.0,0.03681696762990916,102
28.6,0.03742127421025222,0.01038372667352995,0.000764234668758332,0.0,0.0,0.03682935959235163,102
28.62,0.03743762305524061,0.010388228425553436,0.0007647674977458978,0.0,0.0,0.036841648682179005,102
28.64,0.03745379039523131,0.010392494034454938,0.0007652986876236813,0.0,0.0,0.03685381192375729,102
28.66,0.037469767286541236,0.01039652518465273,0.0007658282340678105,0.0,0.0,0.036865827532938426,102
28.68,0.03748552117860437,0.010400323714119189,0.0007663561324954269,0.0,0.0,0.03687767503905289,102
28.7,0.03750104363090742,0.010403891603787588,0.000766882378088172,0.0,0.0,0.036889335378819235,102
28.72,0.037516297128393036,0.010407230966414549,0.0007674069658161504,0.0,0.0,0.03690079096321609,102
28.740000000000002,0.03753126319623877,0.010410344035097828,0.0007679472281455959,0.0,0.0,0.036912025719117225,102
28.76,0.03754592479635707,0.01041323315163334,0.0007684890554664871,0.0,0.0,0.03692302510799389,102
28.78,0.03756026632122893,0.010415900754876042,0.0007690291855771733,0.0,0.0,0.03693382805019262,102
28.8,0.03757427357008008,0.010418349369247884,0.0007695676127607545,0.0,0.0,0.0369446789288516,102
28.82,0.03758793371018854,0.010420581593513818,0.0007701043311999682,0.0,0.0,0.03695549713181019,102
28.84,0.03760123522599452,0.010422600089924896,0.0007706393349982013,0.0,0.0,0.036966161296533746,102
28.86,0.03761416785848795,0.01042440757380651,0.0007711726181993646,0.0,0.0,0.03697653908533542,102
28.88,0.03762672253710022,0.010426006803650599,0.000771704174806568,0.0,0.0,0.03698662461667746,102
28.900000000000002,0.03763889130603128,0.010427400571753441,0.0007722339987995967,0.0,0.0,0.036996413257612146,102
28.92,0.03765067303051546,0.010428591695425428,0.0007727620841511746,0.0,0.0,0.037005901552207676,102
28.94,0.037662086527564455,0.010429583008786752,0.0007732884248420324,0.0,0.0,0.03701508714767691,102
28.96,0.037673101523703297,0.010430377355152117,0.0007738130148748235,0.0,0.0,0.03702396871930874,102
28.98,0.03768370857505801,0.010430977579999253,0.0007743358482869202,0.0,0.0,0.037032545895051866,102
29.0,0.03769390410074523,0.010431386524509366,0.0007748569191621242,0.0,0.0,0.03704081918039638,102
29.02,0.037703685148784374,0.010431607019662642,0.0007753762216413638,0.0,0.0,0.037048789884017455,102
29.04,0.03771304931494194,0.010431641880868404,0.0007758937499323992,0.0,0.0,0.03705646004450456,102
29.060000000000002,0.03772199466250939,0.010431493903107061,0.0007764094983186043,0.0,0.0,0.03706383235839342,102
29.080000000000002,0.037730519643158024,0.010431165856559487,0.0007769234611668621,0.0,0.0,0.037070910109658364,102
29.1,0.03773862301898292,0.010430660482698877,0.0007774356329346309,0.0,0.0,0.03707769710079082,102
29.12,0.037746303785836585,0.010429980490819465,0.0007779460081762178,0.0,0.0,0.03708419758557591,102
29.14,0.03775356109811255,0.010429128554977074,0.0007784545815483127,0.0,0.0,0.03709041620373645,103
29.16,0.03776039419517331,0.010428107311316308,0.0007789613478148296,0.0,0.0,0.03709635791764517,103
29.18,0.03776680232971669,0.01042691935575972,0.0007794663018511005,0.0,0.0,0.03710202795140178,103
29.2,0.03777278469845995,0.010425567242034415,0.0007799694386474842,0.0,0.0,0.03710743173265215,104
29.22,0.03777834037563251,0.010424053480011772,0.0007804707533124278,0.0,0.0,0.037112574837633416,104
29.240000000000002,0.03778346824986555,0.010422380534335791,0.00078097024107506,0.0,0.0,0.037117462940018484,104
29.26,0.037788167810494495,0.010420550823315255,0.0007814930558150351,0.0,0.0,0.03712210176422404,104
29.28,0.037792455464921194,0.010418566718054583,0.0007820238363579916,0.0,0.0,0.037126497043889956,104
29.3,0.03779632699560226,0.01041643054179745,0.0007825527788350882,0.0,0.0,0.03713065448627977,104
29.32,0.03779976705441257,0.010414144569456621,0.0007831092691817218,0.0,0.0,0.037134579743315056,104
29.34,0.037802769306440095,0.010411711027302857,0.000783670436633899,0.0,0.0,0.03713827838989094,104
29.36,0.037805330484598866,0.010409132092785187,0.0007842297590526689,0.0,0.0,0.037141755909993905,104
29.38,0.037807659537569385,0.010406409894454667,0.0007847872317527832,0.0,0.0,0.03714501769095182,104
29.400000000000002,0.037810181618995034,0.010403546511964028,0.000785343073460734,0.0,0.0,0.037148069025928154,104
29.42,0.03781224897334543,0.010400543976116396,0.0007858973978499639,0.0,0.0,0.03715091512449542,104
29.44,0.037813856417339885,0.010397404268937618,0.0007864498607603629,0.0,0.0,0.03715356113083995,104
29.46,0.03781499830254823,0.010394129323749045,0.0007870008706330649,0.0,0.0,0.03715601214885988,105
29.48,0.0378178210075109,0.010390721025220309,0.0007875502138924605,0.0,0.0,0.037158273273149446,105
29.5,0.03782288031162268,0.010387181209385135,0.000788097704316924,0.0,0.0,0.0371603496246152,105
29.52,0.037827816783581596,0.010383511663607433,0.0007886433385876111,0.0,0.0,0.03716224638930548,105
29.54,0.037832462327017806,0.010379714126489324,0.000789187909095996,0.0,0.0,0.03716396885889375,105
29.560000000000002,0.03783681732655886,0.010375790287717632,0.0007897320541786211,0.0,0.0,0.037165522471216,105
29.580000000000002,0.03784088213942108,0.0103717417878504,0.0007902746303077336,0.0,0.0,0.03716691284927381,105
29.6,0.037844657123092366,0.010367570218049847,0.000790815385618114,0.0,0.0,0.03716814583718405,105
29.62,0.03784814265857554,0.010363277119773124,0.0007913543180449906,0.0,0.0,0.03716922753167209,105
29.64,0.037851339168050946,0.010358863984436615,0.0007918914256746297,0.0,0.0,0.03717016430788108,105
29.66,0.03785424712598326,0.010354332253073811,0.0007924268618852781,0.0,0.0,0.03717096283841685,106
29.68,0.03785686706292934,0.010349683316010423,0.0007929608572514514,0.0,0.0,0.0371716301047601,106
29.7,0.03785979681339745,0.010344918512583765,0.0007934930411629187,0.0,0.0,0.037172173400347876,108
29.72,0.03786436116542864,0.01034003913093614,0.0007940234125964278,0.0,0.0,0.03717260032479696,109
29.740000000000002,0.03786876456263267,0.010335046407914286,0.0007945748980118823,0.0,0.0,0.03717291876891941,109
29.76,0.03787298557788022,0.010329941529108764,0.0007951374051855533,0.0,0.0,0.03717313689032105,110
29.78,0.03787702889669403,0.01032472562906827,0.0007956980979332116,0.0,0.0,0.037173263079523566,110
29.8,0.03788089923812632,0.010319399791724566,0.0007962569752180763,0.0,0.0,0.037173477912359726,110
29.82,0.037884614527375834,0.010313965051063554,0.0007968140361525864,0.0,0.0,0.03717379925271264,110
29.84,0.03788817425592493,0.010308422392077143,0.0007973692799952942,0.0,0.0,0.03717405439536836,110
29.86,0.03789157485788538,0.010302772752028596,0.0007979227061463398,0.0,0.0,0.03717425214072369,110
29.88,0.037894820509608095,0.010297017022061095,0.0007984743141414488,0.0,0.0,0.03717440121949966,110
29.900000000000002,0.03789791504377013,0.010291156049174957,0.0007990241036444372,0.0,0.0,0.03717451020995426,110
29.92,0.037900861854788255,0.010285190638593084,0.0007995720744381974,0.0,0.0,0.03717458745019273,110
29.94,0.03790366380118908,0.010279121556527118,0.0008001182264142176,0.0,0.0,0.037174640947165945,110
29.96,0.03790632310695719,0.010272949533347812,0.0008006625595606924,0.0,0.0,0.03717467828423456,110
29.98,0.037908841264132666,0.010266675267152895,0.0008012050739493399,0.0,0.0,0.03717470652939705,110
30.0,0.037911218939173805,0.010260299427714023,0.0008017468856130432,0.0,0.0,0.03717473214649053,110
30.02,0.03791345588573153,0.010253822660772004,0.0008022870345522925,0.0,0.0,0.037174760911765005,110
30.04,0.03791555086654934,0.010247245592636376,0.0008028253814756825,0.0,0.0,0.03717479783825648,110
30.060000000000002,0.037917501587130226,0.010240568835032727,0.0008033619267207138,0.0,0.0,0.03717484711026444,110
30.080000000000002,0.03791930464362301,0.010233792990129168,0.0008038966706487327,0.0,0.0,0.03717491202999844,110
30.1,0.037920955487053376,0.010226918655663352,0.0008044296136301471,0.0,0.0,0.037174994978077615,110
30.12,0.03792244840558355,0.010219946430083556,0.0008049607560297097,0.0,0.0,0.03717509738906812,110
30.14,0.03792377652596397,0.010212876917612902,0.0008054901866905468,0.0,0.0,0.03717521974266877,110
30.16,0.037926527767934315,0.01020571073314478,0.0008060187287547374,0.0,0.0,0.03717536157050624,110
30.18,0.037930816651662695,0.010198448506880514,0.0008065454932047711,0.0,0.0,0.037175521477868505,110
30.2,0.03793506298880587,0.010191090888626901,0.0008070704803870303,0.0,0.0,0.037175697179099416,110
30.22,0.03793926140144972,0.010183638551681615,0.0008075936905787877,0.0,0.0,0.03717588554488046,110
30.240000000000002,0.037943405649775344,0.010176092196247419,0.0008081162033762251,0.0,0.0,0.037176082659227803,110
30.26,0.0379474886928646,0.010168452552331236,0.0008086369613422994,0.0,0.0,0.0371762838837856,110
30.28,0.037951502754099496,0.010160720382100375,0.0008091559569838363,0.0,0.0,0.037176483926908435,110
30.3,0.03795543938866566,0.010152896481684558,0.0008096731902044065,0.0,0.0,0.037176676915050805,110
30.32,0.03795929754758375,0.010144981682427976,0.0008101886607840496,0.0,0.0,0.03717685646415394,110
30.34,0.03796306877400551,0.01013697685160984,0.0008107025069972127,0.0,0.0,0.03717701574897748,110
30.36,0.03796673396826442,0.010130383319309296,0.0008112155249226044,0.0,0.0,0.03717714756866505,110
30.38,0.037970387357971015,0.010123715123506058,0.0008117267927148941,0.0,0.0,0.037177244407231504,110
30.400000000000002,0.037974228796147945,0.010116956155380469,0.0008122363095636372,0.0,0.0,0.03717729848809995,110
30.42,0.03797793122011201,0.010110107405149905,0.000812744074475654,0.0,0.0,0.037177301822289434,110
30.44,0.0379814831687765,0.010103169896257695,0.0008132500862612836,0.0,0.0,0.03717724625033946,110
30.46,0.037984872921515374,0.010096747158300725,0.0008137543435199254,0.0,0.0,0.03717712347853509,110
30.48,0.037988088523860715,0.010091161176867331,0.0008142568446250092,0.0,0.0,0.037176925110454735,110
30.5,0.037991117809754005,0.010085989445741189,0.0008147575877086755,0.0,0.0,0.03717664267525126,110
30.52,0.03799394842208268,0.010082681993192715,0.0008152565706465087,0.0,0.0,0.03717626765437062,110
30.54,0.037996567833400226,0.010079263804243644,0.0008157537910427672,0.0,0.0,0.03717579150857155,110
30.560000000000002,0.03799896336872856,0.010075736045272864,0.0008162493622768043,0.0,0.0,0.03717520570710155,110
30.580000000000002,0.03800248299771269,0.010072099931537454,0.0008167433621102603,0.0,0.0,0.03717450176069288,110
30.6,0.038006395945417056,0.010068356723785104,0.0008172355963681447,0.0,0.0,0.03717367125966705,110
30.62,0.038010117653593536,0.010064507724710797,0.000817726062040253,0.0,0.0,0.03717270591792145,110
30.64,0.03801363802002087,0.010060554275303958,0.0008182147557985652,0.0,0.0,0.03717159762293235,110
30.66,0.03801694710094594,0.010056497751127456,0.0008187016739951552,0.0,0.0,0.03717033849123911,110
30.68,0.038020035167811835,0.010052339558565312,0.0008191868126639335,0.0,0.0,0.03716892092824275,110
30.7,0.0380228927665834,0.01004808113107146,0.0008196705922977347,0.0,0.0,0.03716733769060954,111
30.72,0.03802551077759418,0.010043723925448096,0.0008201531910663711,0.0,0.0,0.03716558194919943,111
30.740000000000002,0.03802788047364127,0.010039269418178792,0.0008206340096868926,0.0,0.0,0.03716364735024653,111
30.76,0.03802999357406597,0.010034719101838726,0.0008211130430258873,0.0,0.0,0.03716152807253446,111
30.78,0.038031842292757474,0.010030074481601968,0.0008215902856954718,0.0,0.0,0.03715921887851298,111
30.8,0.03803341937833182,0.01002533707186381,0.0008220657320755513,0.0,0.0,0.037156715157622346,111
30.82,0.03803471814518994,0.010020508392994055,0.0008225393763380002,0.0,0.0,0.037154012960545525,111
30.84,0.03803573249462386,0.010015589968235558,0.0008230127761198405,0.0,0.0,0.03715110902357755,111
30.86,0.03803645692559748,0.010011181888606844,0.0008234846833304372,0.0,0.0,0.03714800078276022,111
30.88,0.03803688653526678,0.010007651029577751,0.0008239547858042338,0.0,0.0,0.037144686377869614,111
30.900000000000002,0.03803701700963511,0.010004030835893367,0.0008244230776109433,0.0,0.0,0.037141164646675905,111
30.92,0.038036844605006975,0.010000322804249681,0.0008248895527574394,0.0,0.0,0.03713743511016215,111
30.94,0.03803636612108713,0.009996528421571236,0.0008253542052094258,0.0,0.0,0.03713349794957161,111
30.96,0.038035578866643896,0.009992649162967777,0.0008258170289119183,0.0,0.0,0.03712935397622502,111
30.98,0.038034480618709315,0.009988686489886753,0.0008262780178083577,0.0,0.0,0.03712500459510089,111
31.0,0.03803306957625114,0.009984641848462815,0.0008267371658582347,0.0,0.0,0.03712045176313406,111
31.02,0.03803134430920775,0.009980516668064357,0.0008271944670531428,0.0,0.0,0.03711569794314217,111
31.04,0.03802930370371592,0.009976312360036328,0.000827649915431224,0.0,0.0,0.03711074605422705,111
31.060000000000002,0.038026946904286665,0.00997203031663765,0.0008281035050900144,0.0,0.0,0.037105599419423166,111
31.080000000000002,0.0380242732536483,0.009967671910171162,0.0008285552301977045,0.0,0.0,0.03710026171132664,111
31.1,0.03802130001348973,0.009963238492303057,0.0008290050850028834,0.0,0.0,0.037094897712165814,111
31.12,0.03801802889162466,0.009958731393568449,0.0008294530638428154,0.0,0.0,0.037089864821020516,111
31.14,0.0380144397242541,0.009954151923058614,0.0008298991611503495,0.0,0.0,0.037084669154059745,111
31.16,0.038010532024075255,0.009949793395223427,0.000830343371459548,0.0,0.0,0.037079298809702885,111
31.18,0.038006305190145535,0.009947462135442993,0.0008307856894101352,0.0,0.0,0.03707375837046123,111
31.2,0.03800175844849722,0.009945054230061742,0.0008312261097508837,0.0,0.0,0.037068052439154675,111
31.220000000000002,0.03799689079573231,0.00994257083859446,0.0008316646273420597,0.0,0.0,0.037062185590804146,111
31.240000000000002,0.03799170094658701,0.009940013100523018,0.0008321012371570306,0.0,0.0,0.03705616232887596,111
31.26,0.03798618728644311,0.009937382135863542,0.0008325359342831871,0.0,0.0,0.03704998704685362,111
31.28,0.03798034782978106,0.009934679045846412,0.0008329687139222993,0.0,0.0,0.03704366399612501,111
31.3,0.03797418018547395,0.009931904913691756,0.000833400279271251,0.0,0.0,0.0370371972610726,111
31.32,0.037967681529727335,0.009929060805461106,0.0008338302427518362,0.0,0.0,0.03703059074215343,111
31.34,0.037960848587268815,0.009926147770964223,0.0008342590648215464,0.0,0.0,0.0370238481475476,111
31.36,0.03795367762116721,0.009923166844698827,0.000834685971665912,0.0,0.0,0.037016972993719956,111
31.38,0.037946164431381484,0.009920119046800416,0.0008351110835924605,0.0,0.0,0.03700996861495021,111
31.400000000000002,0.037938304361837795,0.00991700538397913,0.0008355349340804833,0.0,0.0,0.03700283818157202,111
31.42,0.03793009231551296,0.009913826850421687,0.0008359568650709952,0.0,0.0,0.03699558472632603,112
31.44,0.03792152277672419,0.00991058442863762,0.0008363768725434554,0.0,0.0,0.03698821117793777,113
31.46,0.03791259571091728,0.009907279090231461,0.0008367949525779052,0.0,0.0,0.03698072040074435,113
31.48,0.03790331141012861,0.00990391179658532,0.0008372111013559886,0.0,0.0,0.036973115238986394,113
31.5,0.03789365096293907,0.00990235355087128,0.0008376253151624645,0.0,0.0,0.03696539856423677,113
31.52,0.03788360750594236,0.00990455017266849,0.0008380375903872258,0.0,0.0,0.0369575733243693,113
31.54,0.03787317393430517,0.009906688429034026,0.0008384479235278185,0.0,0.0,0.03694964259249366,113
31.560000000000002,0.03786234294097868,0.009908739747099606,0.0008388563111924494,0.0,0.0,0.03694160961436282,113
31.580000000000002,0.03785304558192713,0.009912316153138494,0.0008392627501034481,0.0,0.0,0.03693347785291035,113
31.6,0.03784429218318259,0.009917084493103566,0.0008396672946294677,0.0,0.0,0.036925251028758,113
31.62,0.037835238578928655,0.00992175325826065,0.0008400710764687943,0.0,0.0,0.03691693315575484,113
31.64,0.03782588172850005,0.009926322864131379,0.0008404729273064659,0.0,0.0,0.03690886325768028,114
31.66,0.03781621865387193,0.009932993559078321,0.000840872844486828,0.0,0.0,0.03690075613695344,114
31.68,0.037806246444431,0.009942199853151716,0.0008412708254805797,0.0,0.0,0.036892852217872495,114
31.7,0.037795962254710345,0.009951928017053304,0.0008416668678901488,0.0,0.0,0.03688495583855058,114
31.720000000000002,0.03778536329509902,0.009962540568800688,0.0008420609694552466,0.0,0.0,0.03687699295774661,114
31.740000000000002,0.03777444681567308,0.009973032794254133,0.0008424531280585819,0.0,0.0,0.03686896975032793,114
31.76,0.03776321008337456,0.009983404912972223,0.0008428437142462965,0.0,0.0,0.036860892757115876,114
31.78,0.03775171384127372,0.009993657119307255,0.0008432323806568795,0.0,0.0,0.03685276886945474,114
31.8,0.03774065084982604,0.010003789581167863,0.0008436191030592373,0.0,0.0,0.0368446053079094,114
31.82,0.03772925822590608,0.010013802438789602,0.0008440038801235121,0.0,0.0,0.03683640959545423,114
31.84,0.037717532955844645,0.010023695803523885,0.0008443867106933664,0.0,0.0,0.036828189525578835,114
31.86,0.03770547184290557,0.010033469756655164,0.0008447675937918865,0.0,0.0,0.0368199531258179,114
31.88,0.037693083828289654,0.010043124348255512,0.0008451465286275341,0.0,0.0,0.036811708617309945,114
31.900000000000002,0.03768144293918459,0.010052659596085268,0.0008455588718512245,0.0,0.0,0.03680346437110695,114
31.92,0.03767113920496464,0.010062075484547704,0.0008459700218214057,0.0,0.0,0.036795228862088476,115
31.94,0.03766060982468259,0.010071371963705115,0.0008463792038534134,0.0,0.0,0.036787043253183896,115
31.96,0.03764983988694582,0.010080548948363148,0.0008467864174983242,0.0,0.0,0.036779226499096436,115
31.98,0.03763882842293715,0.010089606317229419,0.0008471916625253737,0.0,0.0,0.03677144370140625,115
32.0,0.03762791968695721,0.01009854391215201,0.0008475949389279365,0.0,0.0,0.036763828751484554,115
32.02,0.03761685723687618,0.010107361537442674,0.0008480239986851615,0.0,0.0,0.03675649479594567,115
32.04,0.03760554686146034,0.010116058959289196,0.0008484589121561446,0.0,0.0,0.036749219279704724,115
32.06,0.03759398543598242,0.010124635905260915,0.0008488918371150957,0.0,0.0,0.036742010154367045,115
32.08,0.03758216918334287,0.010133092063911364,0.0008493227745181109,0.0,0.0,0.036734875163418265,115
32.1,0.03757010790467323,0.010141427084482076,0.0008497517255808807,0.0,0.0,0.036727821829219354,115
32.12,0.037558103363967914,0.01014964057671217,0.0008501786917816108,0.0,0.0,0.03672085744861171,115
32.14,0.03754593873131991,0.010157732110759255,0.0008506044745882858,0.0,0.0,0.03671398909704385,115
32.160000000000004,0.037533496740381554,0.010165701217238277,0.000851028308455928,0.0,0.0,0.03670722364063797,115
32.18,0.037520770056742696,0.010173547387386649,0.0008514501724885319,0.0,0.0,0.0367005677551809,115
32.2,0.03750775062891082,0.010181270073365306,0.0008518707695758423,0.0,0.0,0.03669402795063024,115
32.22,0.03749602861176261,0.010188868688707033,0.0008522901212970225,0.0,0.0,0.03668761059943524,115
32.24,0.03748485114882592,0.010196632525982064,0.0008527260908528342,0.0,0.0,0.036681321966835226,115
32.26,0.03747344486704825,0.010205342365244936,0.0008531782593915539,0.0,0.0,0.036675168241288865,115
32.28,0.037463699614789854,0.010213902923666,0.0008536290872949306,0.0,0.0,0.036669155563354,115
32.3,0.037454486259833004,0.010222313519723017,0.0008540779477143981,0.0,0.0,0.03666329005159627,115
32.32,0.037445135679092495,0.010230573467975717,0.0008545248445538861,0.0,0.0,0.03665757782451771,115
32.34,0.037437535444686226,0.010238682079929529,0.0008549697819786924,0.0,0.0,0.036652025017898444,115
32.36,0.037430700965833834,0.010246638664813151,0.0008554127644062361,0.0,0.0,0.03664663779740757,115
32.38,0.03742410954148161,0.010254442530298407,0.0008558537964962602,0.0,0.0,0.03664142236671817,115
32.4,0.03741746265553452,0.010262092983186135,0.0008562928831406325,0.0,0.0,0.03663638497166591,115
32.42,0.037410758665137094,0.01026958933007533,0.0008567300294528862,0.0,0.0,0.03663153190117541,115
32.44,0.03740399565650009,0.010276930878025005,0.0008571652407576736,0.0,0.0,0.03662686948571959,115
32.46,0.0373971714263526,0.010284116935210861,0.0008575985225802091,0.0,0.0,0.03662240409396881,115
32.480000000000004,0.037390283461421356,0.010291146811572224,0.000858029880635845,0.0,0.0,0.036618142128084404,115
32.5,0.03738368394677635,0.010298019819440705,0.0008584593208198242,0.0,0.0,0.03661409001775945,115
32.52,0.0373770817958087,0.010304735274140326,0.0008588868491972612,0.0,0.0,0.036610254212773495,115
32.54,0.03737040576625007,0.010311292494550817,0.0008593128628915107,0.0,0.0,0.036606641173434484,115
32.56,0.037363651857150154,0.010317690803630476,0.0008597372928108502,0.0,0.0,0.03660325735797332,115
32.58,0.037356815617458274,0.01032392952890285,0.0008601598253693582,0.0,0.0,0.03660010920573239,115
32.6,0.03734989210474482,0.010330008002920903,0.000860580466837454,0.0,0.0,0.03659720311492444,115
32.62,0.03734287583698042,0.010335925563733082,0.0008609992236069494,0.0,0.0,0.03659454541381302,115
32.64,0.03733576073657978,0.010341681555385824,0.0008614161021832073,0.0,0.0,0.03659214232443151,115
32.660000000000004,0.03732854006637138,0.010347275328505833,0.0008618311091772993,0.0,0.0,0.03658999991839018,115
32.68,0.03732259772946453,0.010352706241011407,0.0008622672277883484,0.0,0.0,0.03658812406487926,116
32.7,0.0373169960255292,0.010357973659004366,0.0008627090632035033,0.0,0.0,0.03658652037164326,116
32.72,0.03731132279515962,0.010363076957892136,0.0008631490184611197,0.0,0.0,0.036585194120419245,116
32.74,0.0373087277258423,0.010368015523782683,0.0008635871005991114,0.0,0.0,0.03658415019903475,116
32.76,0.037307799721520415,0.010372788755183712,0.0008640239034039698,0.0,0.0,0.03658339303299406,116
32.78,0.037306957193538035,0.010377396065022146,0.0008644589355696316,0.0,0.0,0.03658292651989079,116
32.8,0.0373061962686088,0.010381836882981022,0.0008648921124439835,0.0,0.0,0.0365827539702986,116
32.82,0.037305527230339725,0.010386110658130313,0.0008653234409410085,0.0,0.0,0.03658287805888028,116
32.84,0.037305558625352835,0.010390216861806674,0.0008657529279982767,0.0,0.0,0.036583300789286406,116
32.86,0.03730684724687138,0.010394154990676488,0.0008661805805677987,0.0,0.0,0.03658402347596069,116
32.88,0.037308249432751836,0.010397924569898744,0.000866606405607363,0.0,0.0,0.03658504674527282,116
32.9,0.03730975824970889,0.010401525156290007,0.0008670304100725394,0.0,0.0,0.03658637055745979,116
32.92,0.03731136585074254,0.01040495634138523,0.0008674526009095254,0.0,0.0,0.03658799424974579,116
32.94,0.03731306352678781,0.010408217754285553,0.0008678729850489839,0.0,0.0,0.03658991659983447,116
32.96,0.037314849919009935,0.010411309064188282,0.0008682915694009934,0.0,0.0,0.036592135907742435,116
32.980000000000004,0.03731671397222181,0.010414229982505274,0.0008687083608511718,0.0,0.0,0.03659465009284089,116
33.0,0.03731924827124403,0.01041698026449253,0.0008691233662579942,0.0,0.0,0.036597456802039956,116
33.02,0.03732334126095419,0.010419559710335926,0.0008695365924512713,0.0,0.0,0.036600651658474814,116
33.04,0.037327550041931876,0.010421968165663343,0.0008699480462316744,0.0,0.0,0.0366044028042321,116
33.06,0.037331865784589364,0.010424775738419413,0.0008703577343711737,0.0,0.0,0.03660843858620956,116
33.08,0.03733627957979383,0.01042855225753453,0.0008707656636141832,0.0,0.0,0.03661275669287052,116
33.1,0.037342050090160554,0.010432151683086406,0.0008711718406791777,0.0,0.0,0.03661735507395694,116
33.12,0.03734925810351974,0.010435574086640786,0.0008715762722605263,0.0,0.0,0.036622418789664504,116
33.14,0.03735664250380449,0.010438819577760909,0.0008719789650302615,0.0,0.0,0.03662791922495702,116
33.160000000000004,0.03736419887920997,0.010441888301937628,0.0008723799535227814,0.0,0.0,0.0366336956120419,116
33.18,0.037371923092309446,0.01044478043840713,0.0008727797213725587,0.0,0.0,0.03663974745197464,116
33.2,0.03737981125643741,0.010447496197972247,0.0008731777606645962,0.0,0.0,0.03664607464949461,116
33.22,0.03738785969001268,0.010450035820939719,0.0008735740777845952,0.0,0.0,0.036652677474855934,116
33.24,0.037396064850710405,0.010452399575276874,0.0008739689346727053,0.0,0.0,0.03665955650586472,116
33.26,0.03740442325208192,0.010454587755078076,0.0008743625555805883,0.0,0.0,0.036666712552731205,116
33.28,0.0374129313657431,0.010456604112070804,0.0008747544809151965,0.0,0.0,0.03667414656886553,116
33.3,0.03742158551260057,0.010462887829840103,0.0008751451224387466,0.0,0.0,0.036681859551091656,116
33.32,0.03743038878725039,0.010469826731088351,0.0008755344421010739,0.0,0.0,0.03668985243292726,116
33.34,0.0374393484267806,0.010476558738163638,0.0008759220872923125,0.0,0.0,0.03669812597457102,116
33.36,0.03744851591525101,0.01048308430018265,0.0008763080646436894,0.0,0.0,0.03670668065304784,116
33.38,0.03745953831206652,0.010489403903060477,0.0008766923807407452,0.0,0.0,0.03671551655565544,116
33.4,0.03747073889732397,0.010495518069649563,0.0008770750421117191,0.0,0.0,0.03672463327938455,116
33.42,0.03748212023413865,0.010501427360293213,0.0008774560552153052,0.0,0.0,0.036734029838467394,116
33.44,0.03749367659770784,0.010507132373724037,0.0008778354264279855,0.0,0.0,0.036743704581632,117
33.46,0.0375053936281496,0.010512633748228846,0.0008782131620311987,0.0,0.0,0.03675373874460092,117
33.480000000000004,0.03751726356636525,0.010517932162997113,0.0008785892681985941,0.0,0.0,0.03676430897901785,117
33.5,0.03752927759723916,0.010523028339569864,0.000878963750983631,0.0,0.0,0.036775147425302836,117
33.52,0.037541425802485005,0.010527923043309071,0.0008793366163077791,0.0,0.0,0.0367862491628286,117
33.54,0.03755369712454672,0.010532819805797516,0.0008797078699495839,0.0,0.0,0.03679760835803191,117
33.56,0.03756622642107732,0.010540015657424458,0.0008800776731970717,0.0,0.0,0.036809218248169455,117
33.58,0.03757912950412953,0.010546990932014172,0.0008804468906215795,0.0,0.0,0.0368210711358966,117
33.6,0.0375921149999702,0.010553746185048422,0.0008808146801010025,0.0,0.0,0.036833158394876477,117
33.62,0.03760516715558919,0.010560282031301667,0.0008811809792399421,0.0,0.0,0.03684547048684714,117
33.64,0.03761826906852032,0.010566599147515917,0.0008815456970965494,0.0,0.0,0.036857996990785465,117
33.660000000000004,0.03763140272288126,0.010572698274822734,0.0008819088383743957,0.0,0.0,0.036870726644873626,117
33.68,0.037644561677853655,0.010578580220853466,0.0008822704075965105,0.0,0.0,0.03688364740192299,117
33.7,0.0376577196932477,0.01058424586148033,0.0008826304091075387,0.0,0.0,0.036896746498669926,117
33.72,0.037671178399269596,0.010589696142132931,0.0008829888470775818,0.0,0.0,0.03691001053893654,117
33.74,0.03768467042416751,0.010594932078639202,0.0008833457255075678,0.0,0.0,0.036923425590090354,117
33.76,0.037698089353192486,0.010599954757545816,0.0008837011673226894,0.0,0.0,0.036936977291550425,117
33.78,0.0377124066279266,0.010604765335882302,0.0008840551497553095,0.0,0.0,0.036950650973367985,117
33.8,0.03772878119528783,0.01060936504034424,0.0008844075763113479,0.0,0.0,0.03696443178220297,118
33.82,0.03774515354656169,0.010613755165884722,0.0008847584503169612,0.0,0.0,0.03697830481140252,118
33.84,0.03776150526855725,0.010617937073718315,0.0008851082263971268,0.0,0.0,0.03699225523143408,118
33.86,0.03777799786095587,0.010621912188757613,0.0008854564851041635,0.0,0.0,0.03700626841666994,118
33.88,0.03779466771577501,0.010625681996518307,0.000885803198837856,0.0,0.0,0.03702033006446885,118
33.9,0.0378112619751995,0.010629248039543168,0.0008861485342578166,0.0,0.0,0.03703442630272581,118
33.92,0.0378277630775825,0.010632611913408013,0.0008864925326482176,0.0,0.0,0.037048543782447964,118
33.94,0.03784415388438782,0.010635775262382817,0.0008868349929146698,0.0,0.0,0.03706266975252261,118
33.96,0.03786041772719058,0.01063873977482805,0.0008871759178951671,0.0,0.0,0.03707679211458852,118
33.980000000000004,0.03787653843304815,0.010641507178410085,0.0008875153103647797,0.0,0.0,0.03709089945674974,118
34.0,0.03789250648902219,0.010644079235220023,0.0008878531730336961,0.0,0.0,0.037104981065768636,118
34.02,0.03790831136008786,0.010646457736877684,0.0008881895085430542,0.0,0.0,0.03711902691827744,118
34.04,0.03792392756997134,0.01064864449969736,0.0008885243194585724,0.0,0.0,0.037133027652415676,118
34.06,0.03793934075532533,0.01065064135998426,0.0008888576082620141,0.0,0.0,0.0371469745221167,118
34.08,0.03795453686863002,0.010652450169521308,0.0008891893773406524,0.0,0.0,0.03716085933699777,118
34.1,0.03796950209611449,0.010654072791295353,0.0008895196289749189,0.0,0.0,0.037174674391404865,118
34.12,0.03798422276848946,0.01065551109550015,0.0008898483653245353,0.0,0.0,0.037188412386648356,118
34.14,0.037998685268858655,0.010656766955841713,0.0008901755884134908,0.0,0.0,0.0372020663507437,118
34.160000000000004,0.038012875942323304,0.010657842246159588,0.0008905013001142782,0.0,0.0,0.03721562956010558,118
34.18,0.03802678101167181,0.010658738837366169,0.000890825502131903,0.0,0.0,0.03722909546750397,118
34.2,0.038040386503257216,0.010659458594695399,0.000891148195988165,0.0,0.0,0.03724245764028345,120
34.22,0.038053686778043876,0.010660003375242703,0.0008914693830067949,0.0,0.0,0.03725570971226747,120
34.24,0.03806666499392893,0.010660375025769874,0.0008917890642999762,0.0,0.0,0.037268845352006946,120
34.26,0.03807930007278057,0.010660575380742422,0.0008921072407567875,0.0,0.0,0.0372818582490929,121
34.28,0.0380915768254166,0.010660606260562562,0.0008924239130340209,0.0,0.0,0.03729474211920334,121
34.300000000000004,0.03810441158389439,0.010660469469958835,0.000892739081549786,0.0,0.0,0.037307490727459,121
34.32,0.03811976869767558,0.010660166796493467,0.0008930527464801416,0.0,0.0,0.037320097928628025,121
34.34,0.03813667299497721,0.010659700009150438,0.0008933649077589519,0.0,0.0,0.03733255772177871,121
34.36,0.03815434302649416,0.010659070856971289,0.0008936755650809766,0.0,0.0,0.037344864316263854,121
34.38,0.03817183063917084,0.010658281067711,0.0008939848055705633,0.0,0.0,0.03735701220540794,121
34.4,0.03818912943766945,0.010657332346492928,0.0008942925367323893,0.0,0.0,0.03736899624403532,121
34.42,0.03820623341767386,0.010656226374448893,0.000894598755372377,0.0,0.0,0.03738081172598748,121
34.44,0.0382231614418263,0.010654964807338345,0.0008949034603862588,0.0,0.0,0.03739245445802387,121
34.46,0.03823989338357209,0.01065354927414775,0.0008952066504949238,0.0,0.0,0.03740392082688556,121
34.480000000000004,0.038256415717522495,0.010651981375678625,0.0008955083242612176,0.0,0.0,0.03741520785685945,121
34.5,0.03827272464995456,0.010650262683139015,0.0008958084801074982,0.0,0.0,0.037426313255740994,121
34.52,0.03828882438034869,0.010648394736758856,0.0008961071163335136,0.0,0.0,0.03743723544770475,121
34.54,0.03830471470963413,0.010646379044454422,0.0008964042311341542,0.0,0.0,0.03744797359213295,121
34.56,0.038320384378269255,0.010644217080571037,0.0008966998226167016,0.0,0.0,0.03745852758796276,121
34.58,0.03833583228923414,0.010641910284736118,0.0008969938888172497,0.0,0.0,0.037468898063513265,121
34.6,0.03835105799118744,0.010639460060856967,0.0008972865383598809,0.0,0.0,0.03747908635208783,121
34.62,0.038366061639001164,0.010636867776299056,0.0008975780295044909,0.0,0.0,0.03748909445390431,121
34.64,0.03838084646289931,0.010634134761281413,0.0008978679933122775,0.0,0.0,0.037498924985103606,121
34.660000000000004,0.03839542454212699,0.010631262308525546,0.0008981691585056796,0.0,0.0,0.037508708291972157,121
34.68,0.03840978416817607,0.010628251673193735,0.0008984931150351563,0.0,0.0,0.03751854964564278,121
34.7,0.038423927280511604,0.010625104073150803,0.0008988155306741072,0.0,0.0,0.03752855791040873,121
34.72,0.03843785605187548,0.010621820689580936,0.0008991364029469813,0.0,0.0,0.037538403103391856,122
34.74,0.038451572786501374,0.010618402667987574,0.000899455729386176,0.0,0.0,0.03754808977266232,123
34.76,0.03846507981256919,0.010614851119599441,0.0008997735075341011,0.0,0.0,0.037557622563719736,123
34.78,0.03847837937065276,0.010611167123199587,0.0009000902486995202,0.0,0.0,0.03756700611032653,123
34.800000000000004,0.038491473500135244,0.010607351727386758,0.000900405458194997,0.0,0.0,0.03757624492347699,123
34.82,0.03850436392577091,0.010603405953269208,0.0009007191216029603,0.0,0.0,0.03758534328069024,123
34.84,0.03851705194676028,0.010599330797580596,0.0009010312365900459,0.0,0.0,0.03759430511800249,123
34.86,0.038529538330842966,0.010595127236196024,0.0009013418008180181,0.0,0.0,0.03760313392717289,123
34.88,0.03854182321599084,0.010590796228013602,0.0009016508119382171,0.0,0.0,0.0376118326606944,123
34.9,0.038553906022248494,0.010587411748510885,0.0009019582675853601,0.0,0.0,0.037620403647166616,124
34.92,0.03856578537612571,0.010584653396937775,0.0009022643565346264,0.0,0.0,0.03762884851944511,124
34.94,0.03857745904966961,0.010581760416189887,0.0009025693471963034,0.0,0.0,0.03763716815770491,124
34.96,0.038588923915928865,0.010578733897405487,0.0009028731023050807,0.0,0.0,0.037645362649141,124
34.980000000000004,0.03860017592201316,0.010575574933844575,0.0009031752969941903,0.0,0.0,0.03765343126551972,124
35.0,0.03861121008031507,0.010572284625599943,0.0009034759288433412,0.0,0.0,0.03766137245915907,124
35.02,0.03862202047781084,0.010568864084140225,0.0009038016453446349,0.0,0.0,0.037669183877265255,125
35.04,0.03863260030268499,0.010565314436593587,0.0009041409122696044,0.0,0.0,0.03767686239388222,126
35.06,0.03864294188690223,0.010561636829687837,0.0009044933930484265,0.0,0.0,0.03768440415808884,127
35.08,0.038653237197294216,0.010557832433273115,0.0009048442759133769,0.0,0.0,0.037691804656552336,127
35.1,0.03866389991919708,0.010553902443366792,0.0009051935805123086,0.0,0.0,0.037699235134848776,127
35.12,0.03867429587813971,0.010549848084675496,0.0009055412608436854,0.0,0.0,0.037706700633271834,127
35.14,0.0386844146525338,0.010545670612565738,0.0009058873138042673,0.0,0.0,0.037714007796871465,127
35.160000000000004,0.038694245339410016,0.01054137131447099,0.000906231736260082,0.0,0.0,0.03772115029121008,127
35.18,0.03870377664416115,0.010536951510738985,0.0009065745250478373,0.0,0.0,0.037728121562206174,127
35.2,0.03871299696973996,0.010532412554936949,0.0009069156769770283,0.0,0.0,0.037734914933402704,127
35.22,0.03872189450348771,0.01052775583364461,0.000907255247058871,0.0,0.0,0.03774152370126555,127
35.24,0.03873045730007955,0.010522982765774186,0.0009075932304851044,0.0,0.0,0.03774794122701015,127
35.26,0.03873867335940746,0.01051809480146364,0.0009079296254722345,0.0,0.0,0.03775416969155157,127
35.28,0.03874653069848476,0.010513093420593726,0.0009082643650656839,0.0,0.0,0.03776052703825836,127
35.300000000000004,0.038754017416713644,0.010507980130981684,0.000908597871538157,0.0,0.0,0.03776667410581751,127
35.32,0.03876112175405698,0.010502756466304537,0.0009089298163458797,0.0,0.0,0.03777260532780273,127
35.34,0.038767832141821085,0.010497423983803692,0.0009092601031297865,0.0,0.0,0.037778315577479425,127
35.36,0.038774137245898115,0.010491984261820004,0.0009095887283033636,0.0,0.0,0.037783800222584665,127
35.38,0.038780035868103704,0.01048643889720512,0.0009099156882892385,0.0,0.0,0.037789055172984296,127
35.4,0.03878551199097586,0.010480789502650988,0.000910240979524579,0.0,0.0,0.03779407692127452,127
35.42,0.03879055061518195,0.0104750377039753,0.0009105645984665107,0.0,0.0,0.037798862576485,127
35.44,0.03879514162793797,0.010469185137396244,0.0009108875301894131,0.0,0.0,0.03780340989112857,127
35.46,0.03879927525657374,0.010463233446825631,0.0009112089079269411,0.0,0.0,0.03780771728192377,127
35.480000000000004,0.03880294206933946,0.010457184281205399,0.0009115605389991856,0.0,0.0,0.03781178384458592,127
35.5,0.03880613297045803,0.010451039291908316,0.0009119155250211651,0.0,0.0,0.03781560936314225,127
35.52,0.03880883918999538,0.010444800130220125,0.0009122688158477092,0.0,0.0,0.03781919431427148,127
35.54,0.03881105226917371,0.01043846844491668,0.0009126204075989025,0.0,0.0,0.037822539867201875,127
35.56,0.03881279701982151,0.01043204587994654,0.0009129702964442426,0.0,0.0,0.03782564787970085,128
35.58,0.03881442075352565,0.010425534072226458,0.0009133184786074938,0.0,0.0,0.037828520890693336,128
35.6,0.038815527128844174,0.010418934649554571,0.0009136807565536352,0.0,0.0,0.037831162110010315,129
35.62,0.038816108716816754,0.010412583703805066,0.0009140605858472716,0.0,0.0,0.03783357540573569,129
35.64,0.03881615828093909,0.010408672307091343,0.0009144386778312142,0.0,0.0,0.03783576528956046,129
35.660000000000004,0.03881621756561821,0.010404664505842242,0.0009148150285664906,0.0,0.0,0.03783773690048495,129
35.68,0.038818098921571995,0.01040056174495693,0.0009151896341943347,0.0,0.0,0.037839495987145914,129
35.7,0.038821183913432956,0.010396365449956719,0.0009155624909407064,0.0,0.0,0.037841048888956216,129
35.72,0.038823887015355954,0.01039207702537715,0.0009159335951207638,0.0,0.0,0.03784240251616873,129
35.74,0.03882631364159817,0.01038769785325414,0.0009163029431433232,0.0,0.0,0.03784356432889811,129
35.76,0.038829600324775816,0.010383229291697469,0.00091667053151532,0.0,0.0,0.03784454231504513,129
35.78,0.038833881612375845,0.010378672673544283,0.0009170363568463012,0.0,0.0,0.03784534496700427,129
35.800000000000004,0.038837871091877564,0.010374029305085216,0.0009174004158529727,0.0,0.0,0.037845981256950094,129
35.82,0.038841573389931355,0.01036930046485554,0.000917762705363826,0.0,0.0,0.0378464606104544,129
35.84,0.03884499337749442,0.010364487402483875,0.0009181232223238581,0.0,0.0,0.037846792878116986,129
35.86,0.03884813613191463,0.010359591337591165,0.0009184819637994236,0.0,0.0,0.0378469883048607,129
35.88,0.03885102374400611,0.010354613458733014,0.0009188389269832218,0.0,0.0,0.037847057496520634,129
35.9,0.03885364503850369,0.01034955492237895,0.000919194109199435,0.0,0.0,0.0378470113833409,129
35.92,0.038856005248345454,0.010344416851922913,0.0009195475247785296,0.0,0.0,0.03784686118001443,129
35.94,0.03885810983655648,0.010339200336720067,0.0009198992611667001,0.0,0.0,0.03784661834194412,129
35.96,0.038859964234418565,0.010333906431146197,0.0009202492182020648,0.0,0.0,0.037846294517458176,129
35.980000000000004,0.038861573782461994,0.010328536153677152,0.0009205973939247141,0.0,0.0,0.03784590149582452,129
36.0,0.038862943667543115,0.010323090485987538,0.0009209437865325645,0.0,0.0,0.03784545115102228,129
36.02,0.03886407885625512,0.010317570372069507,0.000921288489961048,0.0,0.0,0.03784495538138757,129
36.04,0.03886498402512272,0.010311976717374887,0.0009216318067269979,0.0,0.0,0.037844426045432554,129
36.06,0.038865673715547853,0.010306310387986193,0.0009219733421630411,0.0,0.0,0.03784387489432019,129
36.08,0.0388680844458643,0.010301350360664433,0.0009223131277703131,0.0,0.0,0.03784331350169284,129
36.1,0.03887108254557857,0.010299140486270958,0.0009226512488165973,0.0,0.0,0.03784275319172795,129
36.12,0.0388739753753496,0.010298794721438171,0.0009229875948870019,0.0,0.0,0.03784220496648069,129
36.14,0.038876769395554296,0.010298346448255882,0.0009233221656134847,0.0,0.0,0.03784167943368671,129
36.160000000000004,0.03887947046003076,0.010297795906651017,0.0009236549608232119,0.0,0.0,0.037841186736275456,129
36.18,0.03888208374257304,0.010297143297126894,0.0009239859805418382,0.0,0.0,0.037840736484851416,129
36.2,0.03888461366722394,0.010296388781428842,0.0009243152249958543,0.0,0.0,0.037840337694316085,129
36.22,0.03888706384337953,0.010295532483398331,0.0009246426946138268,0.0,0.0,0.037839998725674506,129
36.24,0.038889437006500695,0.01029457449002305,0.0009249683900264043,0.0,0.0,0.0378397272338517,129
36.26,0.038891734964989676,0.01029565401242822,0.000925292312064977,0.0,0.0,0.037839530122108375,129
36.28,0.03889395855352718,0.010298306051388864,0.0009256148121963734,0.0,0.0,0.03783941350338171,130
36.300000000000004,0.03889610759293266,0.01030082614488841,0.0009259355862943042,0.0,0.0,0.03783938266864299,130
36.32,0.038898180856416546,0.010303214067474444,0.0009262552848888475,0.0,0.0,0.037839442062168466,131
36.34,0.03890018850405817,0.010305469594204746,0.0009265734962891601,0.0,0.0,0.03783959526350169,131
36.36,0.03890211999534962,0.01030759250392489,0.0009268899439136091,0.0,0.0,0.03783984497584134,131
36.38,0.038903981335957356,0.010309582582415272,0.0009272046296174507,0.0,0.0,0.037840193020646284,131
36.4,0.03890575124729747,0.010311439625403741,0.0009275175554282521,0.0,0.0,0.03784064033834335,131
36.42,0.03890742296618363,0.01031316344144814,0.0009278287235342415,0.0,0.0,0.03784118699520256,131
36.44,0.038908988601562736,0.010314753854698976,0.00092813852303395,0.0,0.0,0.037841832196612676,131
36.46,0.03891043914151831,0.010316210707556119,0.0009284466345680858,0.0,0.0,0.03784257430715336,131
36.480000000000004,0.038911764467026634,0.010317533863233842,0.0009287529965766339,0.0,0.0,0.037843410877987045,131
36.5,0.03891295337306528,0.01031872320824639,0.0009290576818725739,0.0,0.0,0.03784433868214514,131
36.52,0.038913993597678664,0.010319778654821149,0.0009293607578189475,0.0,0.0,0.03784535375827884,132
36.54,0.0389148718595205,0.01032070014323929,0.0009296621011923387,0.0,0.0,0.037846451463350216,132
36.56,0.03891557390423329,0.010321487644094868,0.000929961714976591,0.0,0.0,0.037847626534566185,132
36.58,0.038916084559824114,0.010322141160453399,0.0009302596022206229,0.0,0.0,0.037848873160644746,132
36.6,0.03891638780092279,0.010322660729881186,0.0009305557660283443,0.0,0.0,0.03785018506221134,132
36.62,0.03891646682151559,0.010323046426307405,0.0009308502095496469,0.0,0.0,0.03785155558081308,132
36.64,0.03891630411543973,0.010323298361673313,0.0009311429359725598,0.0,0.0,0.03785297777570668,132
36.660000000000004,0.038915881563607174,0.010323416687317795,0.0009314339485166387,0.0,0.0,0.03785444452723451,132
36.68,0.03891518052663394,0.010323401595045922,0.0009317232504276428,0.0,0.0,0.037855948645280184,132
36.7,0.03891418194130384,0.010323253317828168,0.0009320108449735002,0.0,0.0,0.037857482981013865,132
36.72,0.03891370644360107,0.010322972130082254,0.0009322967354415377,0.0,0.0,0.03785904053990063,132
36.74,0.03891470321799573,0.010326432785819895,0.000932580925136954,0.0,0.0,0.03786061459377939,132
36.76,0.03891545004415398,0.01033065152323987,0.0009328634173824573,0.0,0.0,0.037862198789751146,132
36.78,0.03891593135464224,0.010334721024971906,0.0009331442155189771,0.0,0.0,0.03786378725362793,132
36.800000000000004,0.038916131758548675,0.010338641638552463,0.0009334236131200889,0.0,0.0,0.03786537468581419,132
36.82,0.038916036114327146,0.010342413745817031,0.0009337018315787911,0.0,0.0,0.03786695644768044,132
36.84,0.03891562959214235,0.01034603776017116,0.0009340027181921586,0.0,0.0,0.037868528636780543,132
36.86,0.03891728018562959,0.010349514123429361,0.0009343175933526998,0.0,0.0,0.03787008814958105,132
36.88,0.03891882163021693,0.01035284330227349,0.0009346307729559401,0.0,0.0,0.03787163273072513,132
36.9,0.03892012379939056,0.010356397185190342,0.0009349422597346223,0.0,0.0,0.03787316100822222,132
36.92,0.03892134144564941,0.010362226099201548,0.0009352520564570375,0.0,0.0,0.03787467251428354,132
36.94,0.038924647661996374,0.01036789097342007,0.0009355601659319126,0.0,0.0,0.03787616769183815,132
36.96,0.03892777851962769,0.010373391978288637,0.0009358665910132959,0.0,0.0,0.037877647887015184,132
36.980000000000004,0.038930730546400595,0.010378729282542767,0.0009361713346053504,0.0,0.0,0.03787911532809132,132
37.0,0.03893350088070947,0.010383903049169193,0.0009365063469836959,0.0,0.0,0.037880573091554265,132
37.02,0.03893608721433192,0.010388913431594876,0.0009368768117357449,0.0,0.0,0.03788202505606277,132
37.04,0.03893848772358799,0.010393760570183977,0.0009372512915326816,0.0,0.0,0.03788347584515626,132
37.06,0.03894070098974462,0.010398444589114816,0.0009376246448189139,0.0,0.0,0.03788493075964592,132
37.08,0.038942725909669115,0.01040296559370214,0.0009379962926768016,0.0,0.0,0.0378863957006876,132
37.1,0.03894456159779356,0.010407323668222642,0.0009383662379223336,0.0,0.0,0.03788787708458774,132
37.12,0.03894620728056857,0.010411518874293335,0.0009387344930174874,0.0,0.0,0.03788938175050361,132
37.14,0.03894766218467613,0.010415551249843315,0.0009391012808993389,0.0,0.0,0.03789091686228059,132
37.160000000000004,0.03894892542041289,0.010421355941689367,0.0009394663831838991,0.0,0.0,0.03789248980580143,132
37.18,0.03894999586179632,0.01042708169973296,0.0009398298030991473,0.0,0.0,0.03789427811789848,132
37.2,0.03895087202510523,0.010432628193359257,0.0009401915439459772,0.0,0.0,0.03789640212242899,132
37.22,0.03895155194770786,0.0104379956255806,0.0009405516090966938,0.0,0.0,0.03789858585326303,132
37.24,0.03895379265265956,0.01044318417812624,0.0009409100019929536,0.0,0.0,0.03790083652367165,132
37.26,0.03895648964572088,0.010448194013844609,0.0009412667261432099,0.0,0.0,0.03790316104564983,132
37.28,0.03895907978697135,0.010453025279691056,0.0009416217851197443,0.0,0.0,0.037905565936235786,132
37.300000000000004,0.03896192305900167,0.010457678110237522,0.0009419756735620331,0.0,0.0,0.037908057232043546,132
37.32,0.03896476304268119,0.01046215263162866,0.0009423281533912337,0.0,0.0,0.03791064041386858,132
37.34,0.03896747966445439,0.010466448965898526,0.0009426789819070323,0.0,0.0,0.03791332034306005,132
37.36,0.03897006856553506,0.010470567235553596,0.0009430281627060952,0.0,0.0,0.0379161012111471,132
37.38,0.03897252430836689,0.01047450756832198,0.0009433756994243031,0.0,0.0,0.03791898650392795,132
37.4,0.03897484034095226,0.010478270101965354,0.0009437215957330104,0.0,0.0,0.037921978980917995,132
37.42,0.038977008977114265,0.010481854989049579,0.0009440658553355083,0.0,0.0,0.037925080670698816,132
37.44,0.038979178820461965,0.010485262401572175,0.0009444084819637562,0.0,0.0,0.03792856722481932,132
37.46,0.03898287025580682,0.010488492535349421,0.0009447494793754354,0.0,0.0,0.03793233936566812,132
37.480000000000004,0.03898644771924303,0.010491545614073148,0.0009450888513513787,0.0,0.0,0.0379362220867811,132
37.5,0.038989901590615716,0.010494421892956428,0.0009454266016934043,0.0,0.0,0.03794021476145979,132
37.52,0.03899322135907836,0.010497121661898711,0.0009457627342225595,0.0,0.0,0.0379443162382596,132
37.54,0.0389963956954336,0.010499645248113748,0.0009461186367249944,0.0,0.0,0.03794852492021134,132
37.56,0.03899941253437478,0.010501993018178125,0.0009464894059677657,0.0,0.0,0.037952838852038845,133
37.58,0.03900225916430987,0.010504165379473471,0.0009468585393315095,0.0,0.0,0.03795725581259625,133
37.6,0.039007002909406965,0.010506162781011793,0.0009472260402767496,0.0,0.0,0.03796177340948232,133
37.62,0.03901303552034032,0.01050798571364973,0.0009475919122862172,0.0,0.0,0.0379663891726448,133
37.64,0.039018991355117875,0.010509634709713844,0.0009479561588646995,0.0,0.0,0.03797110064375278,133
37.660000000000004,0.039024865475799406,0.010511110342074458,0.0009483187835388147,0.0,0.0,0.03797590545825383,133
37.68,0.0390306580091355,0.010512413222719544,0.0009486797898565058,0.0,0.0,0.03798080141728992,133
37.7,0.03903634672886383,0.010513608577854137,0.0009490391813861327,0.0,0.0,0.03798578654706495,133
37.72,0.0390447240401652,0.010514676753927933,0.0009493969617149417,0.0,0.0,0.037990859143762996,133
37.74,0.03905496859240229,0.01051557371131261,0.0009497531344467421,0.0,0.0,0.037996017802728356,133
37.76,0.039065261946248465,0.01051693852271236,0.0009501077031985928,0.0,0.0,0.03800126143125398,134
37.78,0.03907560207544908,0.010518993604674464,0.0009504606715963289,0.0,0.0,0.03800658924497704,134
37.800000000000004,0.039086002173882035,0.010520876329488855,0.0009508120432687564,0.0,0.0,0.03801200074851135,134
37.82,0.03909645552558822,0.010522587499612381,0.0009511618218403883,0.0,0.0,0.03801749570148194,134
37.84,0.039106958093283066,0.010524127936253812,0.0009515100109225874,0.0,0.0,0.038023074071619894,134
37.86,0.039117515896742464,0.010525498476747549,0.0009518566141030775,0.0,0.0,0.0380287359769226,135
37.88,0.03912811497833058,0.010526699972112924,0.0009522018606616018,0.0,0.0,0.038034813174077184,135
37.9,0.03913875252970013,0.010528926348082137,0.000952545534263518,0.0,0.0,0.03804099991809242,135
37.92,0.039149427140081544,0.010531375915308517,0.0009528877997216204,0.0,0.0,0.03804727035622122,135
37.94,0.03916013720079342,0.010533655155163978,0.0009532289004165118,0.0,0.0,0.03805362449209759,135
37.96,0.03917088082533401,0.010535764937082881,0.000953568560801742,0.0,0.0,0.03806006210845423,135
37.980000000000004,0.03918165577210448,0.010537706135801874,0.0009539116819962939,0.0,0.0,0.03806658269264164,136
38.0,0.0391924593714931,0.010539479630367873,0.0009542847207978815,0.0,0.0,0.03807318536665928,136
38.02,0.03920328845872465,0.010541086303386482,0.0009546561926700716,0.0,0.0,0.03807986882310081,136
38.04,0.039214139313522564,0.010542527040505217,0.000955026100245406,0.0,0.0,0.03808663126805588,136
38.06,0.03922500760726007,0.01054380273012771,0.0009553944459567566,0.0,0.0,0.03809347037163817,136
38.08,0.03923588835788207,0.01054491426335805,0.0009557612320200376,0.0,0.0,0.038100383226412904,136
38.1,0.039246775892532205,0.010545862534177731,0.0009561264604184667,0.0,0.0,0.03810739809259382,136
38.12,0.03925766381749078,0.010546648439860922,0.0009564901328887533,0.0,0.0,0.03811481985331984,136
38.14,0.039268544994798774,0.010547272881636495,0.0009568569103581987,0.0,0.0,0.03812230249126731,136
38.160000000000004,0.039279411524792765,0.010547766612738003,0.0009572337518335003,0.0,0.0,0.038129840522220786,136
38.18,0.03929025473377388,0.010548230143226306,0.0009576184409661309,0.0,0.0,0.038137427782968955,136
38.2,0.039301065166143956,0.01054853414983295,0.0009580015408002576,0.0,0.0,0.038145057427556056,136
38.22,0.03931183258058477,0.010552153709503222,0.0009583830516727728,0.0,0.0,0.03815272192766935,136
38.24,0.03932254595019606,0.010557179145255216,0.0009587629736442265,0.0,0.0,0.03816041307708493,136
38.26,0.039333245090079905,0.010562019773529599,0.0009591414725713366,0.0,0.0,0.038168134768590475,136
38.28,0.03934423258728992,0.010566676637485764,0.0009595184914230378,0.0,0.0,0.038176225873499836,136
38.300000000000004,0.0393551277904351,0.010571150796727715,0.0009598939243108872,0.0,0.0,0.038184708970757326,136
38.32,0.03936591662972759,0.010575651735153489,0.000960267770399919,0.0,0.0,0.03819322435499629,136
38.34,0.039376584332854445,0.01058129934678752,0.0009606400286141364,0.0,0.0,0.03820171474647182,136
38.36,0.03938711546603476,0.010586763610071694,0.0009610106976480582,0.0,0.0,0.03821016827568588,136
38.38,0.039397493985817315,0.010592045664983568,0.0009613797759789917,0.0,0.0,0.03821885959037235,136
38.4,0.03940770330209269,0.010597146681632186,0.0009617472618798468,0.0,0.0,0.03822755055476195,136
38.42,0.039417726352228226,0.010602067862815541,0.0009621131534323027,0.0,0.0,0.03823616614424998,136
38.44,0.03942754568558656,0.010606810446336629,0.0009624779051955941,0.0,0.0,0.03824469307508586,136
38.46,0.039437143557055826,0.010611375706996657,0.0009628414346370334,0.0,0.0,0.03825311793528173,136
38.480000000000004,0.03944650202762433,0.010615764958192487,0.0009632034477501818,0.0,0.0,0.038261427292031455,136
38.5,0.03945560306956401,0.010619979553057194,0.0009635638577692212,0.0,0.0,0.03826960780406162,136
38.52,0.039464428673462414,0.010624020885097164,0.000963933496028853,0.0,0.0,0.03827764633616226,136
38.54,0.039473387329693785,0.010627948049736961,0.0009643039332921555,0.0,0.0,0.03828553007300194,136
38.56,0.03948204485828934,0.010631705467062413,0.0009646728983014885,0.0,0.0,0.038293534690288324,136
38.58,0.03949053737452188,0.010635293807729889,0.0009650402338259701,0.0,0.0,0.03830144282700641,136
38.6,0.03949899517991401,0.010638714623061787,0.000965405936926905,0.0,0.0,0.038309160272230885,136
38.62,0.03950709012252158,0.010641969499923057,0.000965770004608988,0.0,0.0,0.03831667651930582,136
38.64,0.03951480630732021,0.010645060058283131,0.0009661541541110388,0.0,0.0,0.038323981849636556,137
38.660000000000004,0.039522128438803886,0.010647987948389868,0.0009665524762350187,0.0,0.0,0.03833106739354281,137
38.68,0.03952904185909577,0.010650754847615606,0.0009669491299060062,0.0,0.0,0.03833792517831812,137
38.7,0.03953553257323931,0.010653362457038348,0.0009673441118171018,0.0,0.0,0.03834454816366194,137
38.72,0.03954158726229413,0.010655812497821108,0.0009677393433416388,0.0,0.0,0.038350930265055413,137
38.74,0.03954735584106577,0.010658106707450724,0.000968144814975123,0.0,0.0,0.03835706636595616,137
38.76,0.0395529328794223,0.010660246835893252,0.0009685485858005868,0.0,0.0,0.03836295231990009,137
38.78,0.039558041610108806,0.010662234641718246,0.000968950652511533,0.0,0.0,0.038368584943724554,138
38.800000000000004,0.039564092968464866,0.010664071888238015,0.0009693845026389796,0.0,0.0,0.03837396200319388,138
38.82,0.039570659725665085,0.010665760339701688,0.0009698191733339434,0.0,0.0,0.03837908219228189,138
38.84,0.039576819204359494,0.010667301757577331,0.0009702521100902979,0.0,0.0,0.038383945107317234,138
38.86,0.03958272682462178,0.010668697896949074,0.0009706833096041405,0.0,0.0,0.03838886669879766,138
38.88,0.03958848978384725,0.010669950503050508,0.000971112768629143,0.0,0.0,0.03839357734282693,139
38.9,0.039593830919581,0.010671061307950072,0.0009715404839818836,0.0,0.0,0.03839803420863065,139
38.92,0.03959874676528984,0.010672032027399797,0.0009719664525467558,0.0,0.0,0.03840238246637478,139
38.94,0.03960323433146589,0.01067286435785467,0.000972390709634447,0.0,0.0,0.03840669457786044,139
38.96,0.03960754788541388,0.010673559973666806,0.0009728134105579491,0.0,0.0,0.038410763304916815,139
38.980000000000004,0.03961158167678816,0.010674120524455986,0.0009732343613312966,0.0,0.0,0.03841459360081276,139
39.0,0.03961518007632897,0.010674547632656366,0.0009736535592830534,0.0,0.0,0.038418191031988076,139
39.02,0.03961834150594732,0.010674842891237653,0.0009740948571193992,0.0,0.0,0.03842156173871652,139
39.04,0.03962106461354242,0.010675007861598494,0.000974539983941505,0.0,0.0,0.03842471239551014,139
39.06,0.039623348221366476,0.010675044071629211,0.0009749833211284355,0.0,0.0,0.0384276501711476,139
39.08,0.03962519127384839,0.010674953013941134,0.0009754248662872327,0.0,0.0,0.03843038268817247,139
39.1,0.03962659278478969,0.010674736144260085,0.0009758646171211491,0.0,0.0,0.038432917981667626,139
39.12,0.0396275517838814,0.010674394879981937,0.00097630257143104,0.0,0.0,0.03843526445712464,139
39.14,0.03962806726252237,0.010675320305470401,0.000976738727116424,0.0,0.0,0.03843743084723254,139
39.160000000000004,0.0396295391310054,0.01067635534681285,0.0009771730821761958,0.0,0.0,0.03843942616745913,139
39.18,0.03963168838891366,0.010677265252174387,0.0009776056347090007,0.0,0.0,0.03844125967036463,139
39.2,0.03963574089131962,0.010678051264058304,0.0009780363829132526,0.0,0.0,0.03844294079867804,139
39.22,0.03963954217915385,0.010678714582330686,0.0009784655633648506,0.0,0.0,0.03844447913727612,139
39.24,0.0396431035875772,0.010679256363728615,0.0009788930530366777,0.0,0.0,0.038445884364334035,140
39.26,0.039646412586326035,0.010679677721531871,0.0009793187357415491,0.0,0.0,0.0384471662020544,140
39.28,0.039649474251636375,0.010679979725399179,0.0009797426100077685,0.0,0.0,0.03844833436752335,140
39.300000000000004,0.03965229343959177,0.010680163401369428,0.0009801646744593128,0.0,0.0,0.03844939852436698,140
39.32,0.03965487473199614,0.010680229732027622,0.0009805849278144208,0.0,0.0,0.03845036823599367,140
39.34,0.03965751262345881,0.010680179656834259,0.0009810033688839265,0.0,0.0,0.038451252921270225,140
39.36,0.039660361625353184,0.01068001407261579,0.0009814199965693436,0.0,0.0,0.03845206181350108,140
39.38,0.03966308680162898,0.010679733834212803,0.000981835311559243,0.0,0.0,0.0384528039235222,140
39.4,0.0396655876262699,0.0106793397552816,0.000982249045460167,0.0,0.0,0.038453488007610934,141
39.42,0.039667866598979584,0.010678832609244493,0.0009826650694794055,0.0,0.0,0.03845412254070937,141
39.44,0.03966992569045326,0.010678213130383784,0.0009831024248168892,0.0,0.0,0.03845471569519852,141
39.46,0.0396717663164423,0.01067748201507524,0.0009835379294694702,0.0,0.0,0.03845527532515064,141
39.480000000000004,0.03967338931645224,0.010676639923157882,0.0009839715828062535,0.0,0.0,0.03845606008439311,141
39.5,0.03967479493632482,0.010675687479438896,0.0009844033842643374,0.0,0.0,0.038456938938175644,141
39.52,0.03967598281366765,0.010674679980981953,0.0009848333333458826,0.0,0.0,0.03845780541266353,141
39.54,0.03967695196488384,0.010673776820922309,0.0009852705713342162,0.0,0.0,0.038458666019694714,141
39.56,0.039677700772443564,0.010672762735750794,0.0009857241139305643,0.0,0.0,0.038459526931104326,141
39.58,0.03967822697107675,0.010671638243592258,0.000986175758834778,0.0,0.0,0.038460393977556157,141
39.6,0.03967913792735796,0.010670403837419488,0.0009866255057387817,0.0,0.0,0.03846127264545183,142
39.62,0.039681168492669935,0.010669059987481223,0.0009870733543846425,0.0,0.0,0.03846216807102708,142
39.64,0.039683036276255135,0.010667607143925584,0.0009875229369245443,0.0,0.0,0.03846308503113518,142
39.660000000000004,0.03968473905338,0.010666045739628935,0.000987996432107989,0.0,0.0,0.038464027930729484,142
39.68,0.03968627395531948,0.010664411860036487,0.0009884680342667478,0.0,0.0,0.038465000787599575,142
39.7,0.03968763744143952,0.01066267805846765,0.0009889376905760903,0.0,0.0,0.03846600721545358,142
39.72,0.03968882527095815,0.010660836740948374,0.0009894054008827851,0.0,0.0,0.038467050406930756,144
39.74,0.039689832476404285,0.01065889428666562,0.0009898711650617447,0.0,0.0,0.03846813311851265,144
39.76,0.03969065334104242,0.010656871385926064,0.0009903355430379724,0.0,0.0,0.03846925765953694,144
39.78,0.039691281382618494,0.010655922307100732,0.000990803185573006,0.0,0.0,0.03847042588758827,144
39.800000000000004,0.03969171513739318,0.010655971784247658,0.0009912808164100535,0.0,0.0,0.03847163921239001,144
39.82,0.039691948073756325,0.010655893010028774,0.000991756481561925,0.0,0.0,0.03847289861001311,144
39.84,0.03969196417930894,0.010657766333599881,0.0009922301808679332,0.0,0.0,0.03847420464868874,144
39.86,0.03969175394412943,0.010660254579746078,0.0009927019141806788,0.0,0.0,0.03847555752687242,144
39.88,0.03969131316380541,0.010662603084550354,0.0009931716813646955,0.0,0.0,0.03847701461565836,144
39.9,0.03969229510525897,0.010664812442285957,0.0009936394822956727,0.0,0.0,0.03847889361866539,144
39.92,0.039694518398009165,0.010666883285523475,0.0009941053168602881,0.0,0.0,0.03848081789890711,144
39.94,0.039696585516965345,0.010668816285679469,0.0009945691849567253,0.0,0.0,0.038482786781489565,144
39.96,0.03969851439414758,0.010670612153136068,0.0009950310864958818,0.0,0.0,0.03848479956574951,144
39.980000000000004,0.03970027003626659,0.010672271636903931,0.0009954910214032878,0.0,0.0,0.03848685560944314,144
40.0,0.03970184429072765,0.010673795523815584,0.0009959489896217322,0.0,0.0,0.03848895441094461,144
40.02,0.03970460371025564,0.010675184637251334,0.0009964194410931083,0.0,0.0,0.03849109568620682,144
40.04,0.03970757589274349,0.010676439835414954,0.0009969015482623267,0.0,0.0,0.03849327943747112,144
40.06,0.03971039824768544,0.010677562009189746,0.000997381647850952,0.0,0.0,0.03849550601111561,144
40.08,0.03971306458071713,0.010678552079617008,0.000997859793165888,0.0,0.0,0.03849777614253283,144
40.1,0.03971556884056665,0.010679410995047772,0.0009983365164620331,0.0,0.0,0.03850009098651795,144
40.12,0.03971790540095425,0.010680139728024523,0.0009988112360281296,0.0,0.0,0.03850245213227223,144
40.14,0.03972008284628634,0.010680739271952795,0.0009992839519038412,0.0,0.0,0.03850486160274275,144
40.160000000000004,0.039722096035077016,0.010681210637622595,0.0009997546641861068,0.0,0.0,0.03850732183863664,144
40.18,0.0397250109326481,0.010681554849637762,0.0010002233730365814,0.0,0.0,0.038509835668006386,144
40.2,0.03972842193298818,0.010681772942806965,0.001000690078689361,0.0,0.0,0.03851240626281572,144
40.22,0.03973169269579795,0.010681865958544543,0.0010011547814589565,0.0,0.0,0.03851503708435531,144
40.24,0.039734819413375214,0.010681834941322702,0.0010016175976401518,0.0,0.0,0.03851773181977152,144
40.26,0.03973779813678622,0.01068168093520918,0.0010020788374046354,0.0,0.0,0.03852049431228539,144
40.28,0.03974062469240938,0.010681404980517263,0.0010025380783490689,0.0,0.0,0.038523328487942606,144
40.300000000000004,0.039743595521398827,0.01068100811058786,0.00100299532125846,0.0,0.0,0.03852623828188492,144
40.32,0.03974657325517205,0.010680491348716774,0.0010034505670417188,0.0,0.0,0.03852922756719861,144
40.34,0.03974938580964236,0.010679855705234808,0.00100390381673988,0.0,0.0,0.03853230008934872,144
40.36,0.03975274926370576,0.010679911471414373,0.0010043550715341486,0.0,0.0,0.0385354594090289,144
40.38,0.03975785123830967,0.010681106371819711,0.0010048043327535987,0.0,0.0,0.03853870885593668,144
40.4,0.03976287936278442,0.010683335461235045,0.0010052516018824234,0.0,0.0,0.038542051495536744,144
40.42,0.039767828290276974,0.010685423652290388,0.001005698086271525,0.0,0.0,0.03854549011027893,144
40.44,0.03977269029872747,0.01068737159222902,0.0010061774488570392,0.0,0.0,0.03854902719604603,144
40.46,0.039777484509982794,0.01068917991760147,0.001006654791974819,0.0,0.0,0.038552664973805245,144
40.480000000000004,0.03978218261228947,0.010690849254880017,0.001007130117716309,0.0,0.0,0.03855640541563156,144
40.5,0.03978677701342494,0.010692380221083512,0.0010076034283487702,0.0,0.0,0.0385602502834374,144
40.52,0.039791261769567286,0.01069480858266604,0.0010080747263160564,0.0,0.0,0.03856420117801571,144
40.54,0.03979742140235125,0.010698862569945039,0.0010085440142378922,0.0,0.0,0.038568259595358145,144
40.56,0.039804358323558775,0.010702763742219686,0.0010090112949075582,0.0,0.0,0.038572426986769076,144
40.58,0.03981127405784179,0.010706512436858917,0.0010094765712879213,0.0,0.0,0.038576704819015956,144
40.6,0.03981816579079523,0.010710108977986578,0.001009939846505788,0.0,0.0,0.03858109463072951,144
40.62,0.039825030677577096,0.010713553676267142,0.0010104011238445934,0.0,0.0,0.03858559808141766,144
40.64,0.03983186587429251,0.01071684682862994,0.001010860466618582,0.0,0.0,0.038590216989838826,144
40.660000000000004,0.039838668555614874,0.010719988717973444,0.0010113180954790006,0.0,0.0,0.03859495335899809,144
40.68,0.039846477436210156,0.010722979612901199,0.0010117737373908826,0.0,0.0,0.03859980938569502,144
40.7,0.03985498300705798,0.010725819767548583,0.0010122273960851906,0.0,0.0,0.038604787453282934,144
40.72,0.0398635061338518,0.010728509421564293,0.0010126790753893114,0.0,0.0,0.03860989010709111,144
40.74,0.039872043101777756,0.010733459411141023,0.0010131379258076715,0.0,0.0,0.03861512001272474,144
40.76,0.03988059293784173,0.010739031236238953,0.0010136220927080917,0.0,0.0,0.03862047989822557,144
40.78,0.03988915452740862,0.010746613230530644,0.001014104265688856,0.0,0.0,0.0386259724817468,145
40.800000000000004,0.039897726522765777,0.01075400959944391,0.0010145844484490568,0.0,0.0,0.0386316003870306,145
40.82,0.03990630724195144,0.010761220288092212,0.0010150626447074115,0.0,0.0,0.0386373660494854,145
40.84,0.03991489456105175,0.010768245245924986,0.0010155388581858642,0.0,0.0,0.03864327161606663,145
40.86,0.039923485803485745,0.010775084429209292,0.0010160130925936704,0.0,0.0,0.03864931884248017,145
40.88,0.03993207762994483,0.01078173780404789,0.0010164853516121878,0.0,0.0,0.03865550899137655,145
40.9,0.03994066593269571,0.010788205349909335,0.0010169556388806528,0.0,0.0,0.038661842735245894,145
40.92,0.03994924772532923,0.010794487063624108,0.0010174239579831723,0.0,0.0,0.03866832006762505,145
40.94,0.039957826558049206,0.01080058296378056,0.0010178903177128105,0.0,0.0,0.03867494022598156,145
40.96,0.03996652954398246,0.01080649309543635,0.001018360287872423,0.0,0.0,0.038681701629275284,145
40.980000000000004,0.03997561405797631,0.01081221753504557,0.0010188445388181011,0.0,0.0,0.0386889468321764,145
41.0,0.03998465930811376,0.010817756395490322,0.0010193268123671172,0.0,0.0,0.038696525758271816,145
41.02,0.03999365501541926,0.010823109831097685,0.0010198071331467573,0.0,0.0,0.03870423514534825,145
41.04,0.04000258977255713,0.010828278042519816,0.0010202857878616053,0.0,0.0,0.03871206988359091,145
41.06,0.04001145106870904,0.010833261281356121,0.0010207624711990864,0.0,0.0,0.038720024019575625,145
41.08,0.04002022533426506,0.010838059854401718,0.0010212371859709695,0.0,0.0,0.03872809081296382,145
41.1,0.04002889800392046,0.01084267412741574,0.0010217099349108378,0.0,0.0,0.03873626281207292,145
41.12,0.040037453596186184,0.010847113584701527,0.0010221810205321767,0.0,0.0,0.038744531946356645,145
41.14,0.04004587580681664,0.010851389860830389,0.001022650154126696,0.0,0.0,0.03875288963332619,146
41.160000000000004,0.0400541508664708,0.010855483248654632,0.001023117327274762,0.0,0.0,0.038761550347138234,146
41.18,0.04006226734742399,0.010859394375023342,0.0010235826191553638,0.0,0.0,0.03877042448399677,147
41.2,0.04007019773176484,0.010863123934677902,0.0010240464435718757,0.0,0.0,0.03877989119923881,147
41.22,0.04007823698167368,0.010866672689763648,0.0010245083220196494,0.0,0.0,0.03878940832079121,147
41.24,0.040086294850006386,0.010870041468576183,0.0010249682569153842,0.0,0.0,0.038798966599703555,147
41.26,0.04009412101221912,0.010873231163576417,0.0010254262506794972,0.0,0.0,0.03880855704281146,147
41.28,0.04010168531666481,0.010876242728724419,0.0010258823057462483,0.0,0.0,0.03881817103069469,147
41.300000000000004,0.0401089688628792,0.01087907717619598,0.0010263364245734821,0.0,0.0,0.03882780042497005,147
41.32,0.040115952868154316,0.010881735572556627,0.0010267886096518887,0.0,0.0,0.038837437662903936,147
41.34,0.04012261872920791,0.010886501703091645,0.0010272388635137349,0.0,0.0,0.03884707583789503,147
41.36,0.04012894806864649,0.01089117064411309,0.0010276871887410098,0.0,0.0,0.038856708764963215,147
41.38,0.04013492276611769,0.010895695499077214,0.0010281335879729972,0.0,0.0,0.03886633103097986,147
41.4,0.04014052497463924,0.01090004513144365,0.0010285785285432687,0.0,0.0,0.03887593802992803,147
41.42,0.04014573712313828,0.010904216238674462,0.0010290536402477574,0.0,0.0,0.03888552598398222,147
41.44,0.040150541906693205,0.010908225441677823,0.0010295313137685899,0.0,0.0,0.03889509195160688,147
41.46,0.040154922266363684,0.010912072339978806,0.001030015790476873,0.0,0.0,0.03890463382420734,147
41.480000000000004,0.040161102368717796,0.0109157443972507,0.0010305195545775728,0.0,0.0,0.038914150313080334,147
41.5,0.04016712385971731,0.010919242883806073,0.001031021393069563,0.0,0.0,0.038923640928526536,147
41.52,0.04017277102010276,0.010922569074337751,0.0010315212598698699,0.0,0.0,0.03893310595300534,147
41.54,0.04017901283926376,0.010925724243253632,0.0010320191579059497,0.0,0.0,0.0389425464101204,147
41.56,0.04018609179455811,0.010928715513906213,0.0010325150902102916,0.0,0.0,0.038951964031049606,147
41.58,0.040197699943538195,0.01093156363892622,0.0010330096037420363,0.0,0.0,0.03896136121978495,147
41.6,0.040209163752004104,0.010934244471390126,0.0010335022984393888,0.0,0.0,0.038970741018215425,147
41.62,0.04022048240603834,0.01093675924295431,0.0010339932224240434,0.0,0.0,0.03898010707174496,147
41.64,0.04023186117438356,0.010939109165480708,0.0010344822036996142,0.0,0.0,0.03898946359572687,147
41.660000000000004,0.04024331168115669,0.010941295427928127,0.0010349695914356578,0.0,0.0,0.03899899324877924,147
41.68,0.040254616268287816,0.010943319193503644,0.0010354551916457121,0.0,0.0,0.03900872795393725,147
41.7,0.040265775461071886,0.01094518159707138,0.001035938862859183,0.0,0.0,0.039018468449425595,148
41.72,0.04027679001251103,0.0109468837428178,0.0010364206089240465,0.0,0.0,0.03902822089988054,148
41.74,0.040287660855510055,0.010948426702175558,0.001036912567685578,0.0,0.0,0.03903799186846562,148
41.76,0.04029838905026145,0.010949811512011558,0.001037424402507095,0.0,0.0,0.03904778827465764,148
41.78,0.0403089834898662,0.010954288263966544,0.0010379342896819528,0.0,0.0,0.0390576173463017,149
41.800000000000004,0.040319445619535994,0.010960076400599717,0.001038442233242256,0.0,0.0,0.03906748656469656,149
41.82,0.040329768519963574,0.01096569223189828,0.0010389482372884105,0.0,0.0,0.03907740360169404,149
41.84,0.04033995309389673,0.010971159646159316,0.0010394523059777672,0.0,0.0,0.039087376248167854,149
41.86,0.04034999999463691,0.010976461522871845,0.0010399544435116717,0.0,0.0,0.03909741233365286,149
41.88,0.04035990952395909,0.01098159323272524,0.0010404546541209483,0.0,0.0,0.039107519637485405,149
41.9,0.040369681522048964,0.010986555430465275,0.0010409529420498719,0.0,0.0,0.039117705792390704,149
41.92,0.0403793152510545,0.010991348731489816,0.0010414493115387254,0.0,0.0,0.039127978182077486,149
41.94,0.04038880927450519,0.01099597371306478,0.001041943774349711,0.0,0.0,0.03913867064332066,149
41.96,0.040398161335446034,0.011000705897878825,0.0010424365701187947,0.0,0.0,0.039149664184561124,149
41.980000000000004,0.04040736823664508,0.011005589659603292,0.0010429275371089328,0.0,0.0,0.039160762817942764,149
42.0,0.04041642572661993,0.011011805880966499,0.0010434167953107078,0.0,0.0,0.039171971876044515,149
42.02,0.04042532839542216,0.011017847441203448,0.0010439041573112816,0.0,0.0,0.03918355207193953,149
42.04,0.04043406958410284,0.011023714805625523,0.0010443896269221025,0.0,0.0,0.039195352388278364,149
42.06,0.040443025350685544,0.011029408414292202,0.0010448732078088964,0.0,0.0,0.03920727389747057,149
42.08,0.040455477935504996,0.011034928685936187,0.0010453805345636482,0.0,0.0,0.039219318524284556,149
42.1,0.04046886459659744,0.011040276022077012,0.001045896353637354,0.0,0.0,0.03923148724662403,149
42.12,0.04048222848737615,0.011045450811240734,0.0010464193453354716,0.0,0.0,0.03924378010172562,149
42.14,0.04049556325683186,0.011050453433196215,0.001046951527470631,0.0,0.0,0.03925619621579368,149
42.160000000000004,0.040508861465664334,0.011055284263114957,0.0010474817925177138,0.0,0.0,0.03926873385611181,149
42.18,0.040522114649616296,0.01105994367556131,0.0010480101428721167,0.0,0.0,0.039281390503601604,149
42.2,0.0405353134002916,0.011064432048223933,0.0010485369706427368,0.0,0.0,0.03929416294283108,149
42.22,0.040548447459765526,0.011068749765307273,0.0010490619801713282,0.0,0.0,0.039307047365704686,149
42.24,0.040563639292257855,0.011072897220512894,0.0010495854499871144,0.0,0.0,0.03932033805293332,149
42.26,0.04057942042840063,0.01107687983023166,0.0010501070887226245,0.0,0.0,0.039333865724590494,150
42.28,0.0405951967043848,0.011080725405509934,0.0010506268264944818,0.0,0.0,0.03934749104621028,151
42.300000000000004,0.04061095282260433,0.011084418836850895,0.001051144664448515,0.0,0.0,0.03936120899539505,151
42.32,0.04062667947110512,0.011087961217650509,0.0010516606035583906,0.0,0.0,0.03937501452638383,151
42.34,0.04064281680619304,0.01109133537018689,0.001052174644639029,0.0,0.0,0.039388902664979256,151
42.36,0.04065905584043463,0.011094541780084986,0.0010526867883608806,0.0,0.0,0.039402868589732194,151
42.38,0.040675236235771225,0.011097580949296864,0.0010531970352646856,0.0,0.0,0.039416907697587746,151
42.4,0.040691351754740854,0.011100453395204652,0.0010537053857763638,0.0,0.0,0.03943101565295117,151
42.42,0.040707401434547826,0.01110315964939251,0.0010542118402217296,0.0,0.0,0.03944538881024946,152
42.44,0.040723364724026975,0.011105700256155301,0.0010547163988407619,0.0,0.0,0.039459989795666284,152
42.46,0.04073924088809603,0.011108075770814107,0.0010552193304742103,0.0,0.0,0.03947464803854308,153
42.480000000000004,0.04075525467879682,0.011110286757909097,0.0010557206837017877,0.0,0.0,0.03948936043227186,153
42.5,0.04077133931819785,0.011112333789338059,0.0010562201457026109,0.0,0.0,0.039504124141520235,153
42.52,0.04078777653319462,0.01111421744250502,0.001056717716433229,0.0,0.0,0.039518936562534294,153
42.54,0.04080419773320782,0.011115938298538129,0.0010572133958201598,0.0,0.0,0.03953412969667601,153
42.56,0.04082047659366494,0.01111749694062949,0.001057707183768062,0.0,0.0,0.039549636580403245,153
42.58,0.04083660359471782,0.011118893952542562,0.0010581990801667165,0.0,0.0,0.039565184263309884,153
42.6,0.0408525689131725,0.011120129917324932,0.0010586890848968615,0.0,0.0,0.03958077051185366,153
42.62,0.040868362345586724,0.011121205416256372,0.0010591771978349037,0.0,0.0,0.039596393024030715,153
42.64,0.0408839732326731,0.011122121028053801,0.0010596634188565737,0.0,0.0,0.03961204936396141,153
42.660000000000004,0.04089939038731532,0.011122877328346643,0.0010601479068453284,0.0,0.0,0.03962783942018787,153
42.68,0.04091616409284998,0.011123474889427751,0.0010606305486719025,0.0,0.0,0.0396441490255475,153
42.7,0.04093580080955945,0.011123914280277286,0.0010611112972455385,0.0,0.0,0.0396604828235774,153
42.72,0.04095540143375858,0.011124196066849125,0.0010615901524355497,0.0,0.0,0.03967683728527968,153
42.74,0.04097493887235615,0.011125847409412479,0.0010620671141170265,0.0,0.0,0.03969320850932355,153
42.76,0.040994709060113176,0.011128328081334349,0.0010625421821701126,0.0,0.0,0.03970959220418436,153
42.78,0.041015876543393434,0.011130628759276031,0.0010630153564789512,0.0,0.0,0.03972598368294117,153
42.800000000000004,0.04103777681742774,0.011132749791489788,0.0010634866369303693,0.0,0.0,0.039742377871096406,153
42.82,0.041059704550084654,0.011134691556869851,0.0010639560234124309,0.0,0.0,0.0397587693273464,153
42.84,0.041081584463782045,0.011136491517623626,0.0010644235158129437,0.0,0.0,0.0397751522767384,153
42.86,0.04110340882707801,0.011138131804525959,0.0010648891140179828,0.0,0.0,0.03979152065519781,153
42.88,0.04112516962355744,0.011139617827276715,0.0010653528179105295,0.0,0.0,0.03980786816397621,153
42.9,0.04114685861256269,0.011140982733439416,0.001065814627369253,0.0,0.0,0.03982418833218496,153
42.92,0.04116846739574574,0.01114218659619984,0.001066300299798307,0.0,0.0,0.03984047458524316,154
42.94,0.04118998748703057,0.011143213922158926,0.001066830022548026,0.0,0.0,0.03985672031683154,154
42.96,0.04121141038337797,0.01114406534593896,0.001067357807229678,0.0,0.0,0.039872918961746204,154
42.980000000000004,0.04123272763368265,0.011144741540180315,0.0010678836535575737,0.0,0.0,0.03988906406698538,154
43.0,0.04125393090314165,0.011145243214848357,0.0010684075612214796,0.0,0.0,0.03990514935841084,154
43.02,0.041275012030546905,0.011145571116244648,0.0010689295298874331,0.0,0.0,0.03992116880044083,154
43.04,0.04129596307617956,0.011145726025769888,0.001069449559198806,0.0,0.0,0.039937116646455925,154
43.06,0.041316776358306766,0.01114570875849438,0.0010699676487775083,0.0,0.0,0.03995298747792313,154
43.08,0.041337444476680384,0.011145520161598036,0.001070483798225283,0.0,0.0,0.039968776230642995,154
43.1,0.04135796032194044,0.01114516111274655,0.0010709980071249934,0.0,0.0,0.03998447820702851,154
43.12,0.04137831707036258,0.0111446325184729,0.0010715102750418184,0.0,0.0,0.04000008907386125,154
43.14,0.04139850816398431,0.01114629089345239,0.001072020601524294,0.0,0.0,0.040015604845567064,154
43.160000000000004,0.041418527276748746,0.011150308219281348,0.001072528986105114,0.0,0.0,0.04003102185365796,154
43.18,0.041438368267903,0.011154162871778697,0.0010730354283016615,0.0,0.0,0.04004633670358565,154
43.2,0.04145802512443534,0.011157828872896933,0.0010735399276161999,0.0,0.0,0.04006154622080073,154
43.22,0.041477498523624194,0.011161305655980112,0.001074042483535723,0.0,0.0,0.04007670794468115,154
43.24,0.04149678321685755,0.011164599372725193,0.0010745430955314385,0.0,0.0,0.04009206997850742,154
43.26,0.04151586589528886,0.011167728869157196,0.0010750417630579114,0.0,0.0,0.040107317402559156,154
43.28,0.04153474035028627,0.011170696101451437,0.0010755384855518845,0.0,0.0,0.04012244725518698,154
43.300000000000004,0.04155397957273254,0.011173478282272453,0.0010760332624308246,0.0,0.0,0.04013745645505675,154
43.32,0.04157299959508056,0.011176076549817752,0.0010765262680515674,0.0,0.0,0.04015242573810341,154
43.34,0.04159179028723117,0.011178492063611843,0.0010770173658729836,0.0,0.0,0.04016799335536838,154
43.36,0.041610344152237334,0.011180786536285016,0.0010775065168551325,0.0,0.0,0.040183888077477053,154
43.38,0.04162866275032604,0.011182908605386671,0.0010779937203686998,0.0,0.0,0.04019983983158972,154
43.4,0.04164673196210525,0.01118485141222229,0.0010784789757565358,0.0,0.0,0.04021564992901319,155
43.42,0.041664539251798346,0.011186616216864669,0.001078962282331984,0.0,0.0,0.040231313672217564,156
43.44,0.041682075315211856,0.011188204308358072,0.0010794436393774581,0.0,0.0,0.04024682606100488,156
43.46,0.04169933041051994,0.011189617006042029,0.0010799230461433344,0.0,0.0,0.04026218181741161,156
43.480000000000004,0.04171629438631337,0.011190855660640778,0.0010804006005115136,0.0,0.0,0.04027737542102273,156
43.5,0.04173295671767104,0.011191921655064614,0.0010808763010209204,0.0,0.0,0.04029240115268023,156
43.52,0.041749306548036394,0.011192816404882627,0.0010813500501877884,0.0,0.0,0.04030725314438565,157
43.54,0.041765332734695536,0.011193541358440497,0.0010818218472149852,0.0,0.0,0.04032192543320993,157
43.56,0.04178141059671354,0.011194097996611228,0.001082291691273346,0.0,0.0,0.04033641201717283,157
43.58,0.04179729100254252,0.011194487832180133,0.0010827595815028285,0.0,0.0,0.04035074764349572,157
43.6,0.041812812340229655,0.01119471240887703,0.001083255112697379,0.0,0.0,0.040365207697391534,157
43.62,0.04182796278440803,0.011194773300078295,0.0010837551945759917,0.0,0.0,0.04037946394279472,157
43.64,0.04184273044478259,0.011194672107208578,0.0010842532930913497,0.0,0.0,0.04039351076701561,157
43.660000000000004,0.041857103402287966,0.01119441045787663,0.0010847494821062792,0.0,0.0,0.040407342779907846,157
43.68,0.041871074861624405,0.01119399000378209,0.001085243922157236,0.0,0.0,0.04042095485847558,157
43.7,0.0418846486536612,0.011193412418430313,0.0010857363788304541,0.0,0.0,0.04043434218896015,157
43.72,0.04189799556271936,0.011192679394691063,0.0010862268509969043,0.0,0.0,0.04044750030674559,157
43.74,0.0419111264523044,0.011191792642234457,0.0010867153375155388,0.0,0.0,0.040460425134415404,157
43.76,0.04192420891043882,0.011190753884874222,0.0010872021452400145,0.0,0.0,0.0404731130182343,157
43.78,0.04193684674431668,0.011189564857845134,0.0010876950333656007,0.0,0.0,0.04048556076319661,158
43.800000000000004,0.04194900709084435,0.011188227305037705,0.001088209298499998,0.0,0.0,0.040497765666665755,158
43.82,0.04196067876475474,0.011186742976210263,0.001088721532846217,0.0,0.0,0.040509725550466426,158
43.84,0.04197185075865785,0.01118511362419561,0.0010892317351864412,0.0,0.0,0.04052143879120751,158
43.86,0.04198251225462452,0.011183345979422806,0.0010897399043071896,0.0,0.0,0.04053290434850971,158
43.88,0.04199265263287929,0.011181461104992643,0.0010902460390023647,0.0,0.0,0.040544121790794405,158
43.9,0.04200226147730609,0.011179436403461543,0.0010907501380762988,0.0,0.0,0.04055509131827992,158
43.92,0.04201132857753133,0.011177273612458589,0.0010912522003467748,0.0,0.0,0.040565813782875625,158
43.94,0.04201984392744053,0.011174974459098253,0.001091752224648024,0.0,0.0,0.040576290704734584,158
43.96,0.04202779772008794,0.011172540657410331,0.0010922502098336892,0.0,0.0,0.04058652428530556,158
43.980000000000004,0.042035180339074725,0.011171373144060297,0.0010927461547797417,0.0,0.0,0.040596517416813145,158
44.0,0.042042281853048744,0.011170486002890416,0.001093240058387357,0.0,0.0,0.04060627368818642,158
44.02,0.04205082162208589,0.011169458878644624,0.0010937319195857402,0.0,0.0,0.04061579738752161,159
44.04,0.04205949989701748,0.011168293564478808,0.0010942217373348846,0.0,0.0,0.040625093501224285,159
44.06,0.04206935670777543,0.011166991825052434,0.0010947095106282818,0.0,0.0,0.040634167710012735,159
44.08,0.04207880975975162,0.011165555394486913,0.0010951952384955707,0.0,0.0,0.04064302638196603,159
44.1,0.04208784206103541,0.011163985974429748,0.0010956789200051232,0.0,0.0,0.04065167656279869,159
44.12,0.04209676267211786,0.011162307460018105,0.0010961605542665724,0.0,0.0,0.0406601259635093,159
44.14,0.04210534889634761,0.011160510730044862,0.001096640140433283,0.0,0.0,0.04066838294549832,160
44.160000000000004,0.04211351120585392,0.011159571145516122,0.0010971176777047622,0.0,0.0,0.040676456503198406,160
44.18,0.04212123756550894,0.011160337096334448,0.0010975931653290265,0.0,0.0,0.04068435624417509,160
44.2,0.042128526414802005,0.011160970737734371,0.0010980666026049167,0.0,0.0,0.04069209236659039,160
44.22,0.042137875297564,0.011161466870092084,0.001098537988884368,0.0,0.0,0.04069967563383015,160
44.24,0.0421470208692546,0.011161826781693949,0.0010990073235746514,0.0,0.0,0.04070711734603088,161
44.26,0.042155841346378335,0.011162051714791172,0.0010994746061405733,0.0,0.0,0.040714429308147254,161
44.28,0.04216434139933762,0.011162142864599494,0.0010999399123203875,0.0,0.0,0.04072162379416097,161
44.300000000000004,0.04217252581550665,0.01116210137846318,0.0011004032308565164,0.0,0.0,0.04072871350696201,161
44.32,0.042180399440960456,0.011161928355196348,0.0011008644956514413,0.0,0.0,0.040735711533415764,161
44.34,0.04218796711658203,0.011162222060946957,0.00110132370643283,0.0,0.0,0.04074263129411006,161
44.36,0.042195233608138025,0.011164574618531249,0.0011017808629964375,0.0,0.0,0.040749486487311,161
44.38,0.042203149096024316,0.011166783833745152,0.0011022359652082666,0.0,0.0,0.04075629102670369,161
44.4,0.04221161622420609,0.011168850421752877,0.001102689013006784,0.0,0.0,0.040763058972599894,161
44.42,0.04221985504222663,0.011170775044806952,0.0011031400064052026,0.0,0.0,0.040769804456434446,161
44.44,0.04222787149259784,0.011172558312678332,0.0011035889454938453,0.0,0.0,0.04077654159857847,161
44.46,0.042235671094634476,0.01117420078337445,0.001104035830442624,0.0,0.0,0.0407832844197285,161
44.480000000000004,0.04224325884028404,0.011175702964158903,0.0011044806615036463,0.0,0.0,0.040790046746443355,161
44.5,0.04225129218385347,0.01117706531288262,0.0011049234390139715,0.0,0.0,0.04079684211173976,161
44.52,0.042261092216309984,0.011178288239631445,0.0011053642467169882,0.0,0.0,0.04080368365202841,161
44.54,0.04227079679359784,0.011179372108689,0.0011058032760263114,0.0,0.0,0.04081058400207949,161
44.56,0.04228041188996658,0.01118031724080611,0.0011062402553903784,0.0,0.0,0.04081755519008962,161
44.58,0.04228994253167485,0.01118112815328512,0.0011066751854217243,0.0,0.0,0.04082460853528455,161
44.6,0.04229939269049904,0.011181815740963184,0.0011071080668305555,0.0,0.0,0.04083175455079067,161
44.62,0.042308765185386024,0.011183301987946594,0.0011075389004288076,0.0,0.0,0.040839002854695494,161
44.64,0.042318061595319804,0.011185363235236044,0.0011079676871344369,0.0,0.0,0.040846362092292185,161
44.660000000000004,0.04232728218637273,0.011187267272675749,0.0011083946307341888,0.0,0.0,0.0408538398723855,161
44.68,0.04233642585566697,0.011189013917637124,0.0011088196880054565,0.0,0.0,0.04086180755929453,162
44.7,0.04234549009450353,0.011190602973025307,0.0011092427027617052,0.0,0.0,0.04087010745616659,163
44.72,0.04235501363105891,0.011192034233042448,0.0011096636762581054,0.0,0.0,0.040878541269208105,163
44.74,0.04236518742598474,0.011193307488921797,0.0011100826098752665,0.0,0.0,0.0408871121862567,163
44.76,0.042377133581106514,0.011194442227579662,0.0011104998745245893,0.0,0.0,0.04089582232221609,163
44.78,0.04238907799681013,0.011195779860156675,0.0011109151479616935,0.0,0.0,0.04090467277223185,163
44.800000000000004,0.042401015401120234,0.011196957660748701,0.001111328386492326,0.0,0.0,0.04091366368214957,163
44.82,0.04241407149592769,0.011197975491058621,0.001111739591997867,0.0,0.0,0.04092279433321203,163
44.84,0.042428190284007274,0.011198833233640036,0.0011121487665091488,0.0,0.0,0.04093206323723598,163
44.86,0.042442369799278165,0.01119953079574201,0.0011125559122077031,0.0,0.0,0.04094146823803665,163
44.88,0.042456610074288054,0.011200068112675751,0.001112961031425899,0.0,0.0,0.04095100661463041,163
44.9,0.04247089529020251,0.011200445150709388,0.0011133641266458676,0.0,0.0,0.04096067518180624,163
44.92,0.04248521891146344,0.011200661909515911,0.0011137652004972183,0.0,0.0,0.04097047038397478,163
44.94,0.04249957401843246,0.011200718424216249,0.001114164255753539,0.0,0.0,0.04098038837877493,163
44.96,0.04251395337303928,0.011200614767071964,0.0011145612953277128,0.0,0.0,0.040990425107669544,163
44.980000000000004,0.04252834946919859,0.011200351048890703,0.0011149565495462933,0.0,0.0,0.04100057635164661,163
45.0,0.04254275456704603,0.011199956003651382,0.0011153498697469393,0.0,0.0,0.041010837771083934,164
45.02,0.04255716071095335,0.01119940171463432,0.0011157411846713073,0.0,0.0,0.041021204929743545,164
45.04,0.04257155973212817,0.01119868788516914,0.0011161304976450934,0.0,0.0,0.0410316733037064,164
45.06,0.04258594323730286,0.011197814790901787,0.0011165178120969197,0.0,0.0,0.041042238276755856,164
45.08,0.042600302585551475,0.011196782750951326,0.0011169031315494634,0.0,0.0,0.04105289512425296,164
45.1,0.042614628855621534,0.011195592128820143,0.0011173151320708326,0.0,0.0,0.04106364436399498,164
45.12,0.04262891280634367,0.011194243333341456,0.0011177252272622056,0.0,0.0,0.0410748549177941,164
45.14,0.042643144832694733,0.011192736819666324,0.0011181333115079983,0.0,0.0,0.04108614176961896,164
45.160000000000004,0.04265732165587991,0.011191693126839876,0.0011185393885294196,0.0,0.0,0.04109749945617165,164
45.18,0.042671433386481335,0.011191354147966468,0.001118943624185632,0.0,0.0,0.041109038816354276,164
45.2,0.042685461825836435,0.011190855705702893,0.0011193460936982013,0.0,0.0,0.04112095613226333,164
45.22,0.04269939546912275,0.011190198431617716,0.001119746567983964,0.0,0.0,0.041132925595386415,164
45.24,0.04271323366946098,0.011189383008876083,0.0011201450509176092,0.0,0.0,0.04114494045906934,164
45.26,0.04272696800376301,0.011188417759337486,0.0011205415463901856,0.0,0.0,0.04115699359884044,164
45.28,0.04274056966373641,0.011187314075092658,0.0011209360583026853,0.0,0.0,0.04116907750413211,164
45.300000000000004,0.042754024733399974,0.011186799835986147,0.0011213692631900345,0.0,0.0,0.04118118427875122,164
45.32,0.04276731866748131,0.011186873432835094,0.001121820006439092,0.0,0.0,0.0411933056506052,164
45.34,0.04278043629879231,0.011186789545300281,0.001122268700158433,0.0,0.0,0.041205432990993315,164
45.36,0.04279336185494169,0.011186549160780906,0.00112271534796115,0.0,0.0,0.041217664179224206,164
45.38,0.042806078984304115,0.011186153321064408,0.0011231602548512354,0.0,0.0,0.04123048001038601,164
45.4,0.04281857079092854,0.011185607394719212,0.0011236031414267437,0.0,0.0,0.041243462674148176,164
45.42,0.042830822620773285,0.011184964602114364,0.0011240440314097863,0.0,0.0,0.041256412783592655,164
45.44,0.0428428232035999,0.011186815953557631,0.001124483077627859,0.0,0.0,0.04126932054460295,164
45.46,0.04285454503959046,0.011188498260091835,0.001124927726253832,0.0,0.0,0.041282176111984384,164
45.480000000000004,0.04286596956178185,0.01119095219016513,0.0011253999840847857,0.0,0.0,0.04129496966565404,164
45.5,0.04287707794316519,0.011194679311989277,0.0011258701819564973,0.0,0.0,0.041307691491097434,164
45.52,0.04288801023905778,0.011198224878615038,0.001126338323175262,0.0,0.0,0.041320332062667296,164
45.54,0.04289887543468621,0.011201590276955468,0.0011268044110381219,0.0,0.0,0.04133288212821511,164
45.56,0.042911065710916976,0.011204776947801939,0.0011272686865074892,0.0,0.0,0.0413456180812978,164
45.58,0.0429237299100758,0.01120778638227885,0.0011277310588746396,0.0,0.0,0.04135835367008196,164
45.6,0.042936084506176884,0.011210620117981466,0.0011281915414535926,0.0,0.0,0.04137097302585165,164
45.62,0.04294811473745762,0.01121327973483796,0.001128649988791148,0.0,0.0,0.041383468808463324,164
45.64,0.042959806216564186,0.011215766850741523,0.001129106404286049,0.0,0.0,0.041395834339356674,164
45.660000000000004,0.042971281254997946,0.011218083117001489,0.001129560791345565,0.0,0.0,0.04140806366140113,164
45.68,0.042985029623561634,0.011220230213664348,0.0011300131533880625,0.0,0.0,0.04142015158959099,164
45.7,0.04299851651586368,0.011222209844755728,0.0011304636694705352,0.0,0.0,0.04143209375150526,164
45.72,0.04301221124257021,0.011224023733493852,0.0011309123411443129,0.0,0.0,0.04144388661661594,164
45.74,0.043025683476790255,0.011227030488707806,0.0011313590044025213,0.0,0.0,0.041455527513765494,164
45.76,0.04303887281287337,0.011230026787766105,0.0011318036627865934,0.0,0.0,0.04146701463633562,164
45.78,0.043051773733192036,0.01123285877327188,0.001132246319856588,0.0,0.0,0.041478347034863576,164
45.800000000000004,0.04306493312081591,0.011235528184725306,0.0011326869791915698,0.0,0.0,0.04148952459706278,164
45.82,0.04307816010517689,0.011238036758256312,0.0011331256443892406,0.0,0.0,0.041500548015403,164
45.84,0.04309108465385602,0.011240386222576705,0.0011335623190647432,0.0,0.0,0.04151141874258573,164
45.86,0.043103703565554874,0.011242578295175155,0.0011339970068484954,0.0,0.0,0.04152213893541691,164
45.88,0.043116014055705774,0.01124461467877881,0.0011344297113829928,0.0,0.0,0.04153271138774354,164
45.9,0.04312801366950167,0.011246497058101178,0.0011348604363184383,0.0,0.0,0.041543139453286346,164
45.92,0.04313970018547496,0.011248227096892341,0.0011352891853071616,0.0,0.0,0.04155342695938421,164
45.94,0.04315107151085204,0.011249806435303761,0.0011357159619967327,0.0,0.0,0.04156357811286631,164
45.96,0.04316212557015056,0.011251236687576154,0.0011361407700217307,0.0,0.0,0.04157359739950031,164
45.980000000000004,0.04317286018875987,0.011254695634860905,0.0011365937817536158,0.0,0.0,0.04158364246575527,164
46.0,0.04318327297353472,0.011258472772480016,0.0011370503012601704,0.0,0.0,0.04159377969560197,165
46.02,0.04319337252151399,0.011262083878765502,0.001137513995391698,0.0,0.0,0.04160379869538233,165
46.04,0.04320314774752283,0.01126553005510382,0.00113800327425529,0.0,0.0,0.041613703998722454,166
46.06,0.04321259155682652,0.0112688123774051,0.0011384908846167412,0.0,0.0,0.041623499889056656,166
46.08,0.04322171103267532,0.011271931897749821,0.0011389764914102338,0.0,0.0,0.041633190306389165,166
46.1,0.04323049095624017,0.011274889646406211,0.0011394600877493062,0.0,0.0,0.041642778765137056,166
46.12,0.043239210868665424,0.01127768663415734,0.0011399416764511774,0.0,0.0,0.04165226828606768,167
46.14,0.043249696459814746,0.011280323854865985,0.0011404212730920802,0.0,0.0,0.041661661345068254,167
46.160000000000004,0.043259914441284505,0.011282802288196074,0.0011408991420730238,0.0,0.0,0.0416711480825829,167
46.18,0.04326985971701421,0.011285122902402722,0.0011413750137356615,0.0,0.0,0.041680732735777874,167
46.2,0.043279627879544966,0.011287286657099332,0.001141848890266637,0.0,0.0,0.04169022441480735,167
46.22,0.04328945133703942,0.011289294505910059,0.0011423207736632665,0.0,0.0,0.04169962330679774,167
46.24,0.043299584175567306,0.011291147398920242,0.0011427907794634758,0.0,0.0,0.04170892910546341,167
46.26,0.043311222676264055,0.01129284628484543,0.0011432588111837821,0.0,0.0,0.04171814108195898,167
46.28,0.04332264460354055,0.011294392112851706,0.0011437248549820238,0.0,0.0,0.04172725817112446,167
46.300000000000004,0.04333384433786641,0.01129733967790581,0.0011441889120361482,0.0,0.0,0.04173627906934982,167
46.32,0.043345567992572706,0.011300546199080415,0.001144650983308381,0.0,0.0,0.04174520233978108,167
46.34,0.04335815334948387,0.011303586864234353,0.0011451110695479536,0.0,0.0,0.041754026520291095,167
46.36,0.0433705628478279,0.01130646287789541,0.00114556918497634,0.0,0.0,0.04176275022965965,167
46.38,0.04338279280923179,0.01131056326415097,0.0011460255939494085,0.0,0.0,0.04177137226764499,167
46.4,0.043394839741468606,0.011315433059934444,0.0011464800243073932,0.0,0.0,0.041779891705110914,167
46.42,0.043406700412634926,0.011320133700638632,0.001146932527380414,0.0,0.0,0.04178830796098865,168
46.44,0.04341837190965317,0.011324666316639517,0.0011473893502418875,0.0,0.0,0.041796620863610426,168
46.46,0.04342985167937431,0.011329032033204206,0.0011478611079656855,0.0,0.0,0.04180483069470527,168
46.480000000000004,0.04344144457478371,0.011333231968672237,0.0011483308668944314,0.0,0.0,0.04181293821513551,168
46.5,0.04345296712790906,0.011338432009801568,0.0011487986264201568,0.0,0.0,0.04182094467215179,168
46.52,0.04346430268364334,0.011343854118126016,0.0011492643858220116,0.0,0.0,0.04182885178860026,168
46.54,0.04347543960408502,0.01134910929920417,0.0011497281442811665,0.0,0.0,0.041836661735062966,168
46.56,0.043486377115956126,0.011354198619076761,0.0011501899008952681,0.0,0.0,0.04184437708637365,169
46.58,0.04349711467985719,0.011359123129428743,0.001150649654692225,0.0,0.0,0.041852000764333756,169
46.6,0.04350765191748723,0.011363883866785994,0.0011511074046432165,0.0,0.0,0.04185978592897334,169
46.62,0.04351798852933692,0.011368481852087277,0.0011515631496747786,0.0,0.0,0.041867604702358306,169
46.64,0.043528124205386626,0.011372918090663762,0.0011520399410299544,0.0,0.0,0.04187579597174264,169
46.660000000000004,0.0435380880667942,0.011377193572646138,0.001152526896130088,0.0,0.0,0.04188400856144913,169
46.68,0.04354826142372613,0.01138130927380646,0.0011530118063331736,0.0,0.0,0.041892145347123086,170
46.7,0.04355823133401138,0.011385266156828673,0.0011534946703432383,0.0,0.0,0.041900209649698,170
46.72,0.04356799650610419,0.011389065172988416,0.0011539754868699046,0.0,0.0,0.04190820455047499,170
46.74,0.043577555179663365,0.011392707264209646,0.0011544542546344334,0.0,0.0,0.041916132812310915,170
46.76,0.043586905049565215,0.011396193365453583,0.0011549309723748655,0.0,0.0,0.04192399680955529,170
46.78,0.043596459841399524,0.011399526814355661,0.0011554227144193725,0.0,0.0,0.04193179846870288,170
46.800000000000004,0.043605946856806764,0.011405754126515505,0.0011559275403953512,0.0,0.0,0.04193953922132668,170
46.82,0.0436152134902257,0.011413456337239697,0.0011564302660314694,0.0,0.0,0.04194721997040012,170
46.84,0.043624254725999366,0.01142098935175777,0.0011569308901012818,0.0,0.0,0.041954841070618254,171
46.86,0.04363306480342451,0.011428353983719884,0.001157429411410374,0.0,0.0,0.04196240232278782,171
46.88,0.043641637216650465,0.011435551056293972,0.0011579258287978044,0.0,0.0,0.041969902981853144,171
46.9,0.04364996472687223,0.0114425814048734,0.0011584201411372391,0.0,0.0,0.041977341777630316,171
46.92,0.04365803938548236,0.01144944587954461,0.0011589123473378141,0.0,0.0,0.04198471694692653,171
46.94,0.043665852566523125,0.011456145347255224,0.0011594026025086434,0.0,0.0,0.041992026275396874,171
46.96,0.04367339655906466,0.011462680693633794,0.0011598908627590558,0.0,0.0,0.04199926714728505,171
46.980000000000004,0.04368067000000953,0.011469052824424389,0.0011603770161103491,0.0,0.0,0.04200643660112137,171
47.0,0.043687652498272465,0.011475262666511504,0.0011608610616048011,0.0,0.0,0.04201353138948506,171
47.02,0.043694333163221535,0.01148131248579548,0.0011613429983221837,0.0,0.0,0.04202054804108974,171
47.04,0.04370070066319474,0.011487219297961484,0.001161826810658653,0.0,0.0,0.04202782207549464,171
47.06,0.04370674327586968,0.011492966686499418,0.0011623403257077201,0.0,0.0,0.042035048759816944,171
47.08,0.043712460103815784,0.011498555664821329,0.0011628516865142525,0.0,0.0,0.04204218573023112,171
47.1,0.043717830065322205,0.011503987266430588,0.0011633608922403857,0.0,0.0,0.04204922924164155,171
47.12,0.043722849182905005,0.011509262543603196,0.0011638679420920704,0.0,0.0,0.04205617562903823,171
47.14,0.04372772245106531,0.011514382565770094,0.0011643771938389762,0.0,0.0,0.04206302136310882,171
47.160000000000004,0.04373242293211824,0.0115193484176362,0.0011649158687260192,0.0,0.0,0.0420697631040302,171
47.18,0.043736722959271015,0.01152416119707158,0.0011654796908408265,0.0,0.0,0.04207639775363816,171
47.2,0.043740608569645255,0.011528822012808655,0.00116604991385081,0.0,0.0,0.04208292250618234,171
47.22,0.04374536978171231,0.011533331981977242,0.0011666179231591956,0.0,0.0,0.04208933489776478,171
47.24,0.043750700953163434,0.011537692227506665,0.0011671837180341892,0.0,0.0,0.04209563285443614,171
47.26,0.043755664511557935,0.011541903875421375,0.001167752460327862,0.0,0.0,0.04210181473876441,171
47.28,0.043760250560023195,0.011545968052054316,0.0011683498243485872,0.0,0.0,0.042107879394533206,171
47.300000000000004,0.0437644493846622,0.011549885881199758,0.001168944947983714,0.0,0.0,0.042113826189099035,171
47.32,0.04376837736020985,0.011553658481225838,0.0011695378304838275,0.0,0.0,0.04211965505284505,171
47.34,0.04377346440773836,0.011557286962165568,0.0011701284711656055,0.0,0.0,0.0421253665151306,171
47.36,0.04377818923114161,0.011560772422803994,0.0011707168694146527,0.0,0.0,0.04213096173614105,171
47.38,0.04378254491348362,0.011564115947778607,0.0011713030246884059,0.0,0.0,0.04213644253410186,171
47.4,0.04378652487281809,0.0115673186047095,0.001171886936519053,0.0,0.0,0.04214181140740689,171
47.42,0.04379012286365851,0.011570381441375425,0.0011724686045164732,0.0,0.0,0.04214707155132526,171
47.44,0.04379333297229532,0.01157330548295158,0.0011730480283711382,0.0,0.0,0.04215222686907974,171
47.46,0.04379615593058349,0.01157609172932465,0.0011736252078569502,0.0,0.0,0.04215728197720073,171
47.480000000000004,0.04379910553477892,0.011578741152500424,0.0011742001428340122,0.0,0.0,0.0421622422051799,171
47.5,0.043802832937511416,0.011581254694118881,0.0011747728332512613,0.0,0.0,0.04216711358953514,172
47.52,0.043806526232180724,0.011583633263091458,0.0011753432791489675,0.0,0.0,0.042171902862474665,173
47.54,0.043809979792577114,0.01158587773337486,0.0011759114806610517,0.0,0.0,0.04217661743539487,173
47.56,0.04381308137144555,0.011587988941895545,0.0011764775394581236,0.0,0.0,0.04218157717040312,173
47.58,0.04381581992756567,0.011589967686638525,0.0011770414628185144,0.0,0.0,0.04218654429472406,173
47.6,0.043818193447489655,0.011591814724914152,0.0011776031448410072,0.0,0.0,0.0421914623439603,173
47.62,0.04382031512128988,0.011594563849949873,0.0011781625861292078,0.0,0.0,0.04219634118808698,173
47.64,0.04382481230120219,0.011597758077411275,0.0011787200189323852,0.0,0.0,0.042201191226498694,173
47.660000000000004,0.04383072211054001,0.011600817586070808,0.0011792752304933907,0.0,0.0,0.04220602334686392,173
47.68,0.04383643359300001,0.011603742943846824,0.0011798430974063428,0.0,0.0,0.04221084888110178,173
47.7,0.04384195159524522,0.011606534672795885,0.0011804265340988004,0.0,0.0,0.04221575263175933,173
47.72,0.04384728105318974,0.011609193248715125,0.0011810077009293258,0.0,0.0,0.04222098407943512,173
47.74,0.04385242693212591,0.01161171910099152,0.0011815865991437204,0.0,0.0,0.04222624468170248,173
47.76,0.04385739416592257,0.011614112612701883,0.0011821632300908621,0.0,0.0,0.0422315470660407,173
47.78,0.043862187595994,0.011616374120964376,0.0011827375952207174,0.0,0.0,0.04223690405786666,173
47.800000000000004,0.04386763965483925,0.011618503917539231,0.0011833096960818554,0.0,0.0,0.04224232863010853,173
47.82,0.04387440158567494,0.011620738453461227,0.0011838795343184732,0.0,0.0,0.04224783385385735,173
47.84,0.043881093150806655,0.011623078811832487,0.0011844471281367154,0.0,0.0,0.042253558444874405,173
47.86,0.04388772186448818,0.011625282571550257,0.0011850126306771212,0.0,0.0,0.04225963955832044,173
47.88,0.043894294998514445,0.011627350003138227,0.0011855758772973861,0.0,0.0,0.04226584021458605,173
47.9,0.04390081953226226,0.011629281334670526,0.0011861368699714076,0.0,0.0,0.042272173422530465,173
47.92,0.04390730210447635,0.011631076753703803,0.0011866956107446354,0.0,0.0,0.042278652073106736,173
47.94,0.043913748966277505,0.011632736409361326,0.0011872521017280055,0.0,0.0,0.04228528890239777,173
47.96,0.04392142277740488,0.011634260414553328,0.0011878063450913722,0.0,0.0,0.042292096455523745,173
47.980000000000004,0.043929534697925675,0.01163564884832136,0.0011883583430564244,0.0,0.0,0.042299087050345165,173
48.0,0.04393768077055646,0.01163690175829888,0.0011889080978891076,0.0,0.0,0.04230639369017376,173
48.02,0.04394586713618952,0.01163801916328623,0.00118945576105521,0.0,0.0,0.042314290716997674,173
48.04,0.04395409937455952,0.011639001055944308,0.0011900013460225225,0.0,0.0,0.04232240529673734,173
48.06,0.04396238244345187,0.011641443568803861,0.0011905448110148924,0.0,0.0,0.04233074842440713,173
48.08,0.043970720610680684,0.011646930679087565,0.0011910862188621591,0.0,0.0,0.042339330636153846,173
48.1,0.043979117378168085,0.01165225991961369,0.001191625401396766,0.0,0.0,0.04234816194453873,174
48.120000000000005,0.04398758092710436,0.011657431173685983,0.0011921623609701339,0.0,0.0,0.04235725176634115,174
48.14,0.043996534481286105,0.011662444310002459,0.0011926970999090528,0.0,0.0,0.042366608843357655,174
48.160000000000004,0.044005570802346024,0.01166729918632979,0.0011932296205052302,0.0,0.0,0.04237624115732266,174
48.18,0.04401466980403755,0.011671995653430526,0.0011937599250048832,0.0,0.0,0.04238615584077944,174
48.2,0.04402382976890236,0.011676533559249011,0.0011942880155985363,0.0,0.0,0.04239635908634518,174
48.22,0.04403304762809573,0.011680912753350271,0.001194813894411196,0.0,0.0,0.04240685605741256,175
48.24,0.044042318861463724,0.011685133091592787,0.0011953376419143805,0.0,0.0,0.04241765080374993,175
48.26,0.04405163740562175,0.011689194441000927,0.0011958594809342359,0.0,0.0,0.0424287461857489,175
48.28,0.04406100211279867,0.01169309668478749,0.0011963791525039659,0.0,0.0,0.04244014381115829,175
48.300000000000004,0.04407053399205264,0.01169683972746201,0.0011968966238375778,0.0,0.0,0.042451843988000254,175
48.32,0.04408039176107503,0.011700423499947083,0.0011974118965890567,0.0,0.0,0.04246384569703978,175
48.34,0.04409032983556794,0.011705829664906228,0.0011979250181736836,0.0,0.0,0.04247614658660697,175
48.36,0.04410062065050853,0.011711855149948882,0.00119843621656426,0.0,0.0,0.04248874299185675,175
48.38,0.04411088567997405,0.011717707274068756,0.0011989452231998823,0.0,0.0,0.04250162997967142,175
48.4,0.044121106888415994,0.01172338596001153,0.0011994523059311115,0.0,0.0,0.042514801419441244,175
48.42,0.044131264633783626,0.011728891175896467,0.0011999572256218352,0.0,0.0,0.04252825007896679,175
48.44,0.04414141565707943,0.011734222938139815,0.0012004599597004273,0.0,0.0,0.042541967743739105,175
48.46,0.044151910473877023,0.011739381313758181,0.001200960509037255,0.0,0.0,0.042555945356949565,175
48.480000000000004,0.04416228589961216,0.011744366422001381,0.0012014588744092595,0.0,0.0,0.042570173176797024,176
48.5,0.04417250483273328,0.011749178435282694,0.0012019550565078717,0.0,0.0,0.04258464094704132,176
48.52,0.04418254142861825,0.011753817579393942,0.0012024490559477455,0.0,0.0,0.04259933807631323,176
48.54,0.04419236905832222,0.011758284133012168,0.001202940975588338,0.0,0.0,0.04261425382146196,176
48.56,0.04420261642323467,0.011762578426522872,0.0012034308288001955,0.0,0.0,0.04262937747018822,176
48.58,0.04421387917818004,0.011767569615353028,0.0012039185020497921,0.0,0.0,0.042645003153356544,176
48.6,0.0442277158150212,0.01177428872387199,0.001204415253557139,0.0,0.0,0.04266095063748494,176
48.620000000000005,0.04424374779207758,0.011780822428886362,0.0012049338906014021,0.0,0.0,0.04267707526591742,176
48.64,0.04425974350632491,0.011787171065986321,0.0012054503082620427,0.0,0.0,0.0426933681098815,176
48.660000000000004,0.044275662779427453,0.011793335004612921,0.001205964506959821,0.0,0.0,0.042709821028602865,176
48.68,0.04429148949842356,0.011799314643781696,0.001206476487120747,0.0,0.0,0.04272642676806837,176
48.7,0.044307208145432694,0.011805110407602527,0.001206986249184323,0.0,0.0,0.042743179038264204,176
48.72,0.04432280383668909,0.011810722740675206,0.0012074937936114114,0.0,0.0,0.0427600725686042,176
48.74,0.04433826233959199,0.01181615210343606,0.0012079991208917942,0.0,0.0,0.04277710314187963,176
48.76,0.044354938581666885,0.011821398967525277,0.001208502231551433,0.0,0.0,0.04279426760760107,176
48.78,0.044371801117730085,0.011826475506099249,0.0012090031261595038,0.0,0.0,0.042811563876030925,176
48.800000000000004,0.04438854164152363,0.011831393585675157,0.0012095018053352579,0.0,0.0,0.04282899089450679,176
48.82,0.04440515024271379,0.01183614978604164,0.00120999826975478,0.0,0.0,0.04284654860785827,176
48.84,0.04442161754551529,0.011840725295066907,0.0012104925201576965,0.0,0.0,0.04286423790481469,176
48.86,0.04443898605076865,0.011845120575797731,0.001210984557353902,0.0,0.0,0.04288206055228614,176
48.88,0.04445746122133085,0.0118493360781622,0.0012114743822303393,0.0,0.0,0.04290001911932581,176
48.9,0.044476593222575585,0.011853372235857975,0.0012119620001708445,0.0,0.0,0.04291811689246227,176
48.92,0.04449721093594074,0.01185801066236808,0.001212447523048862,0.0,0.0,0.04293635778391563,176
48.94,0.04451782746805178,0.011864724487142332,0.0012129446815110807,0.0,0.0,0.04295474623407513,176
48.96,0.04453844187643357,0.011872102370042036,0.001213450608226088,0.0,0.0,0.04297328710946496,176
48.980000000000004,0.04455905330033964,0.011879263176656427,0.001213954300976427,0.0,0.0,0.04299198559735789,176
49.0,0.04457968844376384,0.011886207151520849,0.00121445575204351,0.0,0.0,0.04301084709814675,176
49.02,0.044600329463174,0.011892934517731208,0.0012149549631734295,0.0,0.0,0.043029877116642544,176
49.04,0.04462096445289874,0.011899445476897079,0.0012154519362472787,0.0,0.0,0.04304908115355341,176
49.06,0.04464159169836944,0.011905740209740095,0.0012159466732883147,0.0,0.0,0.04306846459854913,176
49.08,0.044662208980273066,0.011911818877317895,0.001216456247992149,0.0,0.0,0.04308803262648447,176
49.1,0.04468281346578962,0.01191919676716324,0.0012169820218118916,0.0,0.0,0.04310779009850662,176
49.120000000000005,0.044703401606907195,0.011926501036392076,0.0012175055369735817,0.0,0.0,0.043127741469860106,176
49.14,0.044723969047834065,0.011933584142422753,0.0012180267961717495,0.0,0.0,0.04314789070624233,176
49.160000000000004,0.04474451054339987,0.011940446206397871,0.0012185458022779018,0.0,0.0,0.04316868893307209,176
49.18,0.04476501989016412,0.011947093318091956,0.0012190625583441829,0.0,0.0,0.04318978722663903,176
49.2,0.04478712853115945,0.011953520962623528,0.0012195770676059132,0.0,0.0,0.04321109087188939,176
49.22,0.04481168332435176,0.011959727900718446,0.0012200893334829042,0.0,0.0,0.04323260126481029,176
49.24,0.04483728317290117,0.011965714247014179,0.0012205993595794033,0.0,0.0,0.04325431906992732,177
49.26,0.04486302436260689,0.0119714956568544,0.0012211071496826295,0.0,0.0,0.0432762442104048,177
49.28,0.04488907750203547,0.011977074928709443,0.0012216127077598288,0.0,0.0,0.043298375869203695,177
49.300000000000004,0.044915567524759,0.011982433967165985,0.001222116037953864,0.0,0.0,0.043320712499341996,177
49.32,0.04494219386090003,0.011987572945434493,0.0012226171445773664,0.0,0.0,0.043343251840861706,177
49.34,0.04496894667970034,0.011992492060576633,0.0012231160321055361,0.0,0.0,0.04336599094187261,177
49.36,0.044995816071903096,0.011997191536709492,0.0012236128480821117,0.0,0.0,0.04338892618099199,177
49.38,0.04502279489070437,0.012001671627951838,0.001224107573345073,0.0,0.0,0.04341205328865531,177
49.4,0.04504987525429603,0.01200593262112992,0.0012246000943333182,0.0,0.0,0.043435367365122754,177
49.42,0.04507747664236072,0.01200997483827346,0.001225114276140283,0.0,0.0,0.04345886289349254,177
49.44,0.045105290833142006,0.01201491970023151,0.0012256380551828009,0.0,0.0,0.04348253374663205,177
49.46,0.045133177767830074,0.012021224101208192,0.0012261596204933942,0.0,0.0,0.04350637318757013,177
49.480000000000004,0.04516112663395864,0.012027292340773875,0.0012266789772453312,0.0,0.0,0.04353037386356009,177
49.5,0.045189125856047764,0.012033124565037264,0.0012271961306822437,0.0,0.0,0.0435545277945868,177
49.52,0.04521716307272393,0.01203872096064948,0.0012277110861059972,0.0,0.0,0.04357882635760876,177
49.54,0.04524522511093796,0.012044093631959905,0.0012282238488648496,0.0,0.0,0.04360332061218021,177
49.56,0.0452732979591961,0.012049250053801972,0.0012287344243420352,0.0,0.0,0.04362825853634607,177
49.58,0.045301366741830745,0.012054171420401593,0.0012292428179448563,0.0,0.0,0.043653310730555506,177
49.6,0.045329415696323296,0.012058858107966428,0.0012297490872954162,0.0,0.0,0.04367846581922852,178
49.620000000000005,0.04535742815557667,0.012063310547815927,0.0012302533056999636,0.0,0.0,0.04370371170489396,178
49.64,0.04538538653686142,0.0120675369366102,0.0012307553571610707,0.0,0.0,0.04372903556582147,178
49.660000000000004,0.045413272338933657,0.012071556014952974,0.0012312552471164633,0.0,0.0,0.04375442386200322,180
49.68,0.045441066148601564,0.01207534244485982,0.0012317529888666552,0.0,0.0,0.043780138387112075,180
49.7,0.045468747657792664,0.012078896913420801,0.001232248749399442,0.0,0.0,0.04380601482088475,180
49.72,0.045496300042456694,0.01208222018072236,0.0012327423651255416,0.0,0.0,0.04383191050227051,180
49.74,0.045523705825166,0.012085313083387053,0.0012332338413725856,0.0,0.0,0.04385780928352947,180
49.76,0.04555093985301575,0.012088176537957261,0.0012337231834315427,0.0,0.0,0.0438836944891877,181
49.78,0.04557797774753461,0.012090811544051151,0.0012342103965528321,0.0,0.0,0.04390954899027605,181
49.800000000000004,0.04560478995042316,0.012093219187215771,0.001234695485943097,0.0,0.0,0.043935355290812626,182
49.82,0.04563135181330591,0.012095400641400295,0.00123517845676263,0.0,0.0,0.04396109562598932,182
49.84,0.04565763825098691,0.012097357170972631,0.0012356593141233888,0.0,0.0,0.043986752071076884,182
49.86,0.04568362385365202,0.012099090132205611,0.0012361381261232019,0.0,0.0,0.044012306659592035,182
49.88,0.04571115269423065,0.012100600974164944,0.0012366148880426906,0.0,0.0,0.04403774150877047,182
49.9,0.04574088642580905,0.012101891238940924,0.001237089550764124,0.0,0.0,0.04406303894990552,182
49.92,0.04577041025990651,0.01210296256117863,0.0012375621192812051,0.0,0.0,0.04408818166070191,182
49.94,0.045799705370176684,0.012103816666877504,0.0012380325985407578,0.0,0.0,0.04411315279650406,182
49.96,0.04582875856463549,0.012104455371449533,0.0012385009934430286,0.0,0.0,0.04413793611710178,182
49.980000000000004,0.04585755505881037,0.012104892958349066,0.0012389673088421434,0.0,0.0,0.04416251610585257,182
50.0,0.0458860700645581,0.012105136720819594,0.001239431549546586,0.0,0.0,0.044186878078046776,182
50.02,0.04591428752595481,0.012105170974749838,0.001239893720319626,0.0,0.0,0.044211183362287576,182
50.04,0.04594219230528751,0.012104997859746284,0.0012403538258795122,0.0,0.0,0.044235445332064964,182
50.06,0.04596977024115476,0.012104619584976734,0.0012408118708993447,0.0,0.0,0.04425945064502706,182
50.08,0.04599700861640364,0.012104038423607051,0.0012412678600064707,0.0,0.0,0.04428318872864316,182
50.1,0.046023907368328947,0.012103256706908776,0.001241721797781264,0.0,0.0,0.044306650146293196,182
50.120000000000005,0.04605045560146551,0.012102276818135622,0.001242173688755179,0.0,0.0,0.044329826603192436,182
50.14,0.04607663076995307,0.012101101186265823,0.0012426235374079445,0.0,0.0,0.04435271093431208,182
50.160000000000004,0.04610246429000766,0.01210024601312844,0.0012430713481637915,0.0,0.0,0.04437560731047933,182
50.18,0.04612830600101086,0.012101262719437504,0.0012435171253866464,0.0,0.0,0.04439826771741548,182
50.2,0.04615374964409117,0.012102073469378078,0.0012439608733741886,0.0,0.0,0.04442062046829453,182
50.22,0.04617878877320366,0.012102680814860621,0.0012444078756044107,0.0,0.0,0.044442662483489014,183
50.24,0.04620341765841668,0.01210530836331375,0.001244880133577365,0.0,0.0,0.04446439153403298,183
50.26,0.04622763119426275,0.012107804147916585,0.0012453503705934256,0.0,0.0,0.04448580615609131,183
50.28,0.04625142480330777,0.012110095070235135,0.0012458186381386323,0.0,0.0,0.044506905560978686,183
50.300000000000004,0.04627479433743454,0.0121122077192777,0.001246284849093483,0.0,0.0,0.04452768954324085,183
50.32,0.04629773597932813,0.01211411587079106,0.0012467490071322914,0.0,0.0,0.044548158389300097,183
50.34,0.04632024614660213,0.012115822131867253,0.001247211115791891,0.0,0.0,0.04456831278911826,183
50.36,0.04634232864083393,0.012117329099244225,0.0012476711784587043,0.0,0.0,0.04458815375319678,183
50.38,0.046363979511721096,0.012118664676916736,0.00124812919835583,0.0,0.0,0.044607682537028556,183
50.4,0.04638518878872143,0.01211981154283654,0.001248585326140088,0.0,0.0,0.04462690057479817,183
50.42,0.04640595683631562,0.012120766748288785,0.0012490394282882755,0.0,0.0,0.04464580942375304,183
50.44,0.04642672298179481,0.012121532812898508,0.0012494916669361488,0.0,0.0,0.04466441072016446,183
50.46,0.04644703608728675,0.012122112229882062,0.0012499419280071465,0.0,0.0,0.04468270614727485,183
50.480000000000004,0.046466892166468876,0.012122507463843647,0.0012503901616321177,0.0,0.0,0.0447006974150405,183
50.5,0.0464862870070821,0.01212272094884353,0.0012508363698589904,0.0,0.0,0.04471838625092611,183
50.52,0.04650521616028814,0.012122755086709444,0.0012512805545087267,0.0,0.0,0.04473577440049054,184
50.54,0.046523674937732754,0.012122612245564107,0.0012517227171737104,0.0,0.0,0.04475286363609597,185
50.56,0.04654165841437546,0.012122294758543659,0.0012521628592183929,0.0,0.0,0.044769655771798915,185
50.58,0.046559161435013145,0.012121804922684618,0.0012526009817821968,0.0,0.0,0.04478615268234812,185
50.6,0.04657621715907857,0.012121144997959583,0.0012530370857845286,0.0,0.0,0.04480235632427082,185
50.620000000000005,0.04659318009285926,0.012120317206444778,0.0012534711719317559,0.0,0.0,0.044818268757206584,185
50.64,0.046609645233591575,0.012119323731605233,0.0012539032407259073,0.0,0.0,0.04483389216398617,185
50.660000000000004,0.04662561343207136,0.01211816671768536,0.0012543332924748406,0.0,0.0,0.044849228868347926,185
50.68,0.04664107597794151,0.012116848269194503,0.0012547613273035938,0.0,0.0,0.0448642813496627,186
50.7,0.04665602216368473,0.012115370450477909,0.0012552106599167936,0.0,0.0,0.04487905225449073,186
50.72,0.04667061104199072,0.012113735285364009,0.0012556696794456454,0.0,0.0,0.04489354440522457,186
50.74,0.046684942487495634,0.012111944756878686,0.001256126650122694,0.0,0.0,0.04490776080642369,186
50.76,0.046698736449501635,0.012110003834241755,0.0012565815714485405,0.0,0.0,0.044921704649709994,186
50.78,0.04671198560609076,0.01210792982193172,0.0012570344428064046,0.0,0.0,0.04493537931822359,186
50.800000000000004,0.04672468238207306,0.012105706095499592,0.0012574852634748617,0.0,0.0,0.04494878839168739,186
50.82,0.046738976183946825,0.012103334472958704,0.0012579340326401664,0.0,0.0,0.044961935653031915,186
50.84,0.046752974193164314,0.01210081673071803,0.001258380749408077,0.0,0.0,0.044974825097373244,186
50.86,0.04676649030081578,0.012098154603460493,0.0012588254128150925,0.0,0.0,0.04498746094387865,186
50.88,0.04677951966585345,0.012095532266302632,0.0012592736419615286,0.0,0.0,0.04499984765077311,187
50.9,0.04679205732042324,0.012094302137423331,0.001259742646947943,0.0,0.0,0.045011989933410844,187
50.92,0.04680409817798854,0.012092925184815173,0.0012602095652054996,0.0,0.0,0.045023892785036206,188
50.94,0.04681563704388694,0.012091403056885908,0.0012606743955109066,0.0,0.0,0.04503556149956889,188
50.96,0.04682894872536378,0.012089737356491846,0.0012611371366199758,0.0,0.0,0.04504700169551195,188
50.980000000000004,0.04684188749299852,0.012087929640615277,0.0012615977872752144,0.0,0.0,0.04505821933990285,188
51.0,0.04685589756150432,0.012085981419992427,0.0012620563462128831,0.0,0.0,0.04506922077111055,188
51.02,0.046870389550217675,0.012083894158698722,0.0012625128121695201,0.0,0.0,0.04508001271923247,189
51.04,0.046884548943680875,0.012081669273702295,0.001262967183887994,0.0,0.0,0.04509060232285545,189
51.06,0.04689865461312152,0.012079308134400715,0.0012634194601230996,0.0,0.0,0.04510099714099183,189
51.08,0.04691417663048931,0.01207681206215966,0.0012638696396467233,0.0,0.0,0.045111205159116166,189
51.1,0.046929449294794055,0.012074182329875881,0.0012643178895325004,0.0,0.0,0.045121647145500945,189
51.120000000000005,0.04694447855444434,0.012071420161589916,0.0012647640878796081,0.0,0.0,0.045132007164911815,189
51.14,0.04695927066429767,0.012068526732176708,0.0012652081985991181,0.0,0.0,0.045142206177074665,189
51.160000000000004,0.04697383215648744,0.012065503167144612,0.001265650335835429,0.0,0.0,0.045152253785400005,191
51.18,0.04698816980188652,0.012062350542574844,0.0012660903719880316,0.0,0.0,0.04516215993303347,191
51.2,0.04700229056201539,0.012059069885234648,0.001266528306009195,0.0,0.0,0.04517193485860313,191
51.22,0.04701620153137641,0.012055662172897774,0.0012669641368934044,0.0,0.0,0.045181589042573696,191
51.24,0.04702990987036614,0.012052128334905697,0.0012673978636797518,0.0,0.0,0.0451911331443631,191
51.26,0.04704342272910567,0.01204846925300172,0.0012678294854540186,0.0,0.0,0.045200577930562896,191
51.28,0.04705674716273626,0.012044685762468144,0.0012682590013504303,0.0,0.0,0.04520993419481192,191
51.300000000000004,0.047069890038933575,0.012040778653593641,0.00126868656726822,0.0,0.0,0.04521921267007578,191
51.32,0.04708285793864242,0.012036748673493703,0.001269112041699749,0.0,0.0,0.04522842393433313,191
51.34,0.04709570917032025,0.012032596528301773,0.00126953548704321,0.0,0.0,0.045237578310889454,191
51.36,0.04711003998160549,0.012028546011804237,0.0012699569437336603,0.0,0.0,0.04524668576479595,191
51.38,0.04712426809531011,0.012024896804353476,0.0012703762922439985,0.0,0.0,0.04525575579706369,191
51.4,0.04713839995327672,0.012021322693677106,0.001270793532001713,0.0,0.0,0.0452647973385873,191
51.42,0.047152441254475944,0.012019712032904613,0.0012712086624861922,0.0,0.0,0.04527381864584772,191
51.44,0.04716639685209476,0.012017961205023967,0.0012716216832280754,0.0,0.0,0.04528282720059707,191
51.46,0.04718027065671951,0.012016070968992773,0.0012720325938082619,0.0,0.0,0.0452918296157872,191
51.480000000000004,0.047194065547861014,0.012014042062943526,0.0012724413938565806,0.0,0.0,0.04530083154999704,191
51.5,0.047207783295991866,0.012011875208940153,0.001272848088001075,0.0,0.0,0.045309837632536085,191
51.52,0.047221424497112245,0.012009571117895223,0.0012732528390988227,0.0,0.0,0.045318851401249347,191
51.54,0.047234988521636066,0.012007130494579141,0.0012736556232699537,0.0,0.0,0.045327875254823055,191
51.56,0.04724847347908863,0.012004581833352887,0.001274056344755123,0.0,0.0,0.04533691042109096,191
51.58,0.047261876199758114,0.012001904839960408,0.0012744549597249546,0.0,0.0,0.045345956942492494,191
51.6,0.04727519223402482,0.011999093381426112,0.001274851468105239,0.0,0.0,0.04535501367941453,191
51.620000000000005,0.04728841586964848,0.011996148187335137,0.001275255091928385,0.0,0.0,0.04536407833170667,191
51.64,0.04730154016681131,0.011993070004933683,0.0012756709094733877,0.0,0.0,0.04537314747817616,191
51.660000000000004,0.04731505396213226,0.011989859603125336,0.0012760845903169679,0.0,0.0,0.04538221663338087,191
51.68,0.04732847846891568,0.011986517776061587,0.0012764961344447336,0.0,0.0,0.04539134000458939,191
51.7,0.04734177532180176,0.011983045346277709,0.0012769055418609494,0.0,0.0,0.045400779429476644,191
51.72,0.047354933342615264,0.011979443167335834,0.0012773128125860456,0.0,0.0,0.04541019935770387,191
51.74,0.047367940527149245,0.01197571212594851,0.0012777200399749222,0.0,0.0,0.045419591911444096,191
51.76,0.04738078415715168,0.011971853143568105,0.0012781587199779249,0.0,0.0,0.04542894863728539,192
51.78,0.047393450917089734,0.011967867177439171,0.0012785952359405427,0.0,0.0,0.04543826062927286,192
51.800000000000004,0.047405927012988125,0.01196569304287659,0.0012790295877539767,0.0,0.0,0.04544751865432383,192
51.82,0.04741820952009077,0.011966091794885647,0.0012794617753151543,0.0,0.0,0.0454567132774035,192
51.84,0.0474302745045836,0.011968688108583229,0.0012798917985260034,0.0,0.0,0.04546583498395992,192
51.86,0.047442105818463115,0.011971161721618216,0.0012803196572930755,0.0,0.0,0.045474874297334766,192
51.88,0.04745368889562816,0.011973472189386448,0.001280745351527487,0.0,0.0,0.04548382188909,192
51.9,0.04746500923062599,0.011975620533598963,0.001281168881145171,0.0,0.0,0.04549266868046832,192
51.92,0.047476058984971536,0.011977607832401517,0.0012815902460673908,0.0,0.0,0.045501405933499904,192
51.94,0.0474868236650148,0.011979435216848995,0.0012820094462215,0.0,0.0,0.04551002533057554,192
51.96,0.04749728329389642,0.01198110386702241,0.0012824264815418898,0.0,0.0,0.04551851904163951,192
51.980000000000004,0.04750742431163381,0.011982615007874514,0.0012828413849960132,0.0,0.0,0.04552687977848751,192
52.0,0.047517233505660665,0.011983969904887131,0.0012832542505068155,0.0,0.0,0.04553510083600205,192
52.02,0.047526698028721025,0.011985169859618134,0.0012836649521361216,0.0,0.0,0.04554317612052234,192
52.04,0.047535805404041356,0.011986216205209638,0.0012840734898843323,0.0,0.0,0.04555110016587872,192
52.06,0.047544543518658645,0.011987110301921356,0.0012844800153560942,0.0,0.0,0.04555919003103389,192
52.08,0.047552900606108874,0.011987853532744798,0.0012848844284209502,0.0,0.0,0.045567575783508105,192
52.1,0.04756086611909085,0.011988447299145158,0.0012852866799897716,0.0,0.0,0.04557579671589859,192
52.120000000000005,0.04756843957838828,0.011988893016968719,0.001285686770150242,0.0,0.0,0.045583849822851095,192
52.14,0.04757559856613388,0.011989192112544757,0.0012860846990084048,0.0,0.0,0.045592196793634444,193
52.160000000000004,0.04758233237211972,0.011989346019002135,0.0012864804666896372,0.0,0.0,0.045600442101719714,193
52.18,0.04758863044450032,0.01198935617281239,0.0012868740733395767,0.0,0.0,0.04560851305195513,193
52.2,0.04759668390926903,0.01198922401056432,0.0012872707652256134,0.0,0.0,0.045616408706572464,193
52.22,0.04760439114645492,0.011988950965966744,0.0012876956429011708,0.0,0.0,0.045624128568385866,193
52.24,0.047611718106645905,0.011988538467071886,0.0012881183321034556,0.0,0.0,0.04563167255516177,193
52.26,0.04761865783006425,0.011987994500571206,0.0012885388328644045,0.0,0.0,0.045639270326877764,193
52.28,0.047625204560312655,0.0119873166589505,0.0012889571452411902,0.0,0.0,0.045646923334159976,193
52.300000000000004,0.047631615302897015,0.011986503583284997,0.0012893733406011845,0.0,0.0,0.04565514038793989,193
52.32,0.04763783289750567,0.011985556655103115,0.0012897874218047172,0.0,0.0,0.04566321841330372,193
52.34,0.04764363579958919,0.011984477239135342,0.0012901994271422856,0.0,0.0,0.04567112436096429,193
52.36,0.0476490173580585,0.011983266681496964,0.0012906227284457065,0.0,0.0,0.045678860406142385,193
52.38,0.04765397095741998,0.011981926307963341,0.0012910644701224618,0.0,0.0,0.045686429114534105,193
52.4,0.04765849001769414,0.011980457422322722,0.001291504121452817,0.0,0.0,0.0456938334581604,193
52.42,0.04766256799577794,0.011978861304795071,0.001291941564879762,0.0,0.0,0.04570131334444104,193
52.44,0.04766619838695892,0.01197713921050915,0.0012923767892656921,0.0,0.0,0.045708784803670535,193
52.46,0.04766937472530911,0.011976708045478936,0.0012928097950491318,0.0,0.0,0.04571610297066894,193
52.480000000000004,0.04767209058177546,0.011977482754357725,0.001293240582710251,0.0,0.0,0.04572327262202386,193
52.5,0.047674339558922384,0.01197812133890594,0.001293669335499581,0.0,0.0,0.04573029902428148,193
52.52,0.04767626971929632,0.011978624785973257,0.0012940959482640958,0.0,0.0,0.04573718794323458,193
52.54,0.04767813040870714,0.011979554685070866,0.0012945203445452577,0.0,0.0,0.045743945648584375,193
52.56,0.047679504404784766,0.01198125608300496,0.0012949425248993801,0.0,0.0,0.045750578913439456,193
52.58,0.047682321581987194,0.011982821746451098,0.0012953624899269464,0.0,0.0,0.045757095008314215,193
52.6,0.04768723544946099,0.011984252495419814,0.0012957802402734238,0.0,0.0,0.045763501689485044,193
52.620000000000005,0.04769181290384705,0.01198554911032967,0.0012961957766299721,0.0,0.0,0.045769807181764745,193
52.64,0.04769605385400913,0.0119867123310924,0.0012966090997340257,0.0,0.0,0.04577602015591497,193
52.660000000000004,0.04769995827301998,0.011987742856360364,0.0012970203750487985,0.0,0.0,0.045782149701091894,193
52.68,0.04770358934271042,0.011989467664244939,0.0012974296760569406,0.0,0.0,0.04578820529286236,193
52.7,0.0477072745261964,0.011991705280463952,0.00129783676881714,0.0,0.0,0.04579419675745389,193
52.72,0.0477107997189074,0.011993808616090907,0.0012982416541772103,0.0,0.0,0.04580013423302622,193
52.74,0.04771425164008177,0.011995778182922677,0.0012986443330299192,0.0,0.0,0.0458060281288345,193
52.76,0.04771736491547274,0.011997614450902454,0.0012990449276040201,0.0,0.0,0.04581188908322637,193
52.78,0.047720138810270235,0.0119993178485785,0.0012994491037947786,0.0,0.0,0.045817727921432974,193
52.800000000000004,0.047723413395329435,0.012000888763776913,0.0012998802225505776,0.0,0.0,0.0458235556141153,194
52.82,0.04772805325833454,0.012002327544481418,0.0013003091038143262,0.0,0.0,0.04582938323754866,194
52.84,0.047732451831295014,0.012003634499908494,0.001300758229246078,0.0,0.0,0.04583522193621304,194
52.86,0.047736610886660355,0.012004809901764262,0.0013012082987403286,0.0,0.0,0.04584108288836939,194
52.88,0.04774053395360628,0.012005853985665678,0.0013016561808072086,0.0,0.0,0.045846977274972625,194
52.9,0.04774423074547865,0.012006766952707935,0.0013021018098548325,0.0,0.0,0.045852916251969335,194
52.92,0.047747690987637224,0.012007548971159967,0.0013025451687721553,0.0,0.0,0.04585891092572057,194
52.94,0.047751341247147534,0.012008216537820839,0.0013029862588246333,0.0,0.0,0.04586497233096487,195
52.96,0.047754780431027016,0.012008770647559461,0.0013034250813176369,0.0,0.0,0.04587111141040412,195
52.980000000000004,0.047758316007201755,0.012011370293206258,0.0013038616375951912,0.0,0.0,0.045877372492338135,196
53.0,0.04776172239071032,0.012018158777874294,0.0013042959290386826,0.0,0.0,0.04588409263672267,196
53.02,0.04776489852129253,0.012024785317260159,0.0013047279570655534,0.0,0.0,0.045890922047235556,196
53.04,0.04777143671369259,0.012031250005706625,0.0013051577231279656,0.0,0.0,0.045897871083204624,196
53.06,0.047779687002926195,0.012037552911694534,0.0013055852287114581,0.0,0.0,0.045904949889327355,196
53.08,0.047787889750963465,0.012045250120461452,0.0013060104753335644,0.0,0.0,0.045912168357953996,196
53.1,0.04779614465790455,0.012055641562857268,0.0013064335830344708,0.0,0.0,0.04591953608491981,196
53.120000000000005,0.04780552034784139,0.01206836007303074,0.001306854557985437,0.0,0.0,0.045927062318861844,196
53.14,0.04781583626758665,0.012080880521794624,0.0013072839739764206,0.0,0.0,0.04593475590448462,197
53.160000000000004,0.04782617211928996,0.012093202375731912,0.0013077360738648924,0.0,0.0,0.045942625220782886,197
53.18,0.04783653044491244,0.012105325084289627,0.0013081860606921365,0.0,0.0,0.045950678115737234,197
53.2,0.047846912990801585,0.012117248083708815,0.0013086337718327045,0.0,0.0,0.04595892183943622,197
53.22,0.04785732063221786,0.012128970801326073,0.0013090792088640026,0.0,0.0,0.04596736297789261,197
53.24,0.04786775330053806,0.012140492660235173,0.0013095223733886256,0.0,0.0,0.04597600739001033,197
53.26,0.04787820991557745,0.012151813084281883,0.001309986238082526,0.0,0.0,0.04598486015016321,197
53.28,0.04788868832532814,0.012162931503348837,0.0013104602104897114,0.0,0.0,0.0459939254987019,197
53.300000000000004,0.04789918525509583,0.012173847358872088,0.001310931888369835,0.0,0.0,0.04600320680238879,197
53.32,0.0479096962675735,0.012184560109516906,0.0013114012733131226,0.0,0.0,0.046012706526316616,197
53.34,0.04792021573483302,0.012196400291149193,0.0013118683669369985,0.0,0.0,0.046022426218307266,197
53.36,0.047930736822619745,0.012208504313762176,0.0013123331708878561,0.0,0.0,0.0460323665061895,197
53.38,0.047941251486721695,0.012220406537086382,0.0013127956868435324,0.0,0.0,0.04604252710773913,197
53.4,0.047951750480630904,0.01223208611315058,0.0013132559165165273,0.0,0.0,0.04605290685250761,197
53.42,0.04796222337325597,0.012243542367738992,0.0013137213410314287,0.0,0.0,0.04606350371430393,197
53.44,0.047972658575120265,0.012254774672379056,0.001314219628665301,0.0,0.0,0.04607431485276554,197
53.46,0.04798304337132874,0.012265806349681482,0.0013147405006308053,0.0,0.0,0.04608533666229787,196
53.480000000000004,0.04799336395958978,0.01227661343510664,0.0013152590110410958,0.0,0.0,0.04609656482665911,196
53.5,0.04800360549177156,0.012287194958694764,0.0013157751618140484,0.0,0.0,0.04610799437765365,196
53.52,0.04801375211776511,0.012297550526053622,0.0013162889549361823,0.0,0.0,0.046119619756680864,196
53.54,0.04802378703084862,0.012307679811944184,0.001316800392471239,0.0,0.0,0.046131434878297614,196
53.56,0.048033692514182484,0.012317582563575515,0.0013173095360593723,0.0,0.0,0.04614343319537656,196
53.58,0.04804346240974056,0.012327258603374375,0.001317816459005869,0.0,0.0,0.046155607765846866,197
53.6,0.048053065342718713,0.012336707831212048,0.0013183210326645402,0.0,0.0,0.04616795132133766,197
53.620000000000005,0.0480624886879937,0.012345930226072159,0.0013188435252430109,0.0,0.0,0.04618045633823355,197
53.64,0.048071708101776744,0.01235492584714395,0.0013193788853483018,0.0,0.0,0.046193115111675606,197
53.660000000000004,0.04808071347679141,0.012363694834325506,0.0013199118529181007,0.0,0.0,0.04620591983291273,197
53.68,0.0480899023694728,0.0123722374081222,0.0013204424307212085,0.0,0.0,0.04621886267008528,197
53.7,0.04809917324090503,0.012380553868927991,0.0013209706216742202,0.0,0.0,0.04623193585211329,197
53.72,0.048111643489922716,0.012388644595681314,0.0013214964288466072,0.0,0.0,0.04624513175485947,197
53.74,0.04812475226268157,0.012396510043894199,0.0013220199338264667,0.0,0.0,0.04625854032406234,197
53.76,0.04813817316803952,0.012404150743062366,0.001322541119437493,0.0,0.0,0.04627234415262977,197
53.78,0.04815320788079059,0.012411567293475327,0.0013230599334911868,0.0,0.0,0.046286249115522995,197
53.800000000000004,0.04816870279464179,0.012418760362458274,0.0013235765339818756,0.0,0.0,0.046300249029461185,197
53.82,0.04818564705337863,0.012426767503887997,0.001324090823197699,0.0,0.0,0.04631433826487791,197
53.84,0.048202540509456646,0.012435035433896237,0.0013246027532529995,0.0,0.0,0.04632851180818805,197
53.86,0.04821937414379022,0.012443078059995177,0.0013251123283139724,0.0,0.0,0.046342765313422095,196
53.88,0.04823613946297236,0.012450896262214007,0.0013256195526956086,0.0,0.0,0.046357095142096634,196
53.9,0.048252828517971,0.012458490962469926,0.0013261244308566888,0.0,0.0,0.04637149839070332,196
53.92,0.048269433909921326,0.012465863118726946,0.0013266269673942322,0.0,0.0,0.046385972905644446,196
53.94,0.04828594878330428,0.012473013719104836,0.0013271271670375314,0.0,0.0,0.04640051728588233,196
53.96,0.048302369010741565,0.012479943776027857,0.001327625034641909,0.0,0.0,0.04641542217783899,196
53.980000000000004,0.0483187063145913,0.01248665432049961,0.0013281427527816812,0.0,0.0,0.04643051658351242,196
54.0,0.04833493820032312,0.012493146396585369,0.0013286683898737967,0.0,0.0,0.04644568053593037,196
54.02,0.04835105718799816,0.012499421056177296,0.0013291916600775106,0.0,0.0,0.04646091544747134,196
54.04,0.048367058644283846,0.01250548977638078,0.0013297125686255505,0.0,0.0,0.04647622333534763,196
54.06,0.04838293821305532,0.012511382685245029,0.0013302311208457421,0.0,0.0,0.04649160676467048,196
54.08,0.048398691739875196,0.012517061944094125,0.0013307473221552358,0.0,0.0,0.046507068783365066,196
54.1,0.04841431518859676,0.01252252788362199,0.0013312611780549712,0.0,0.0,0.046522612849007064,196
54.120000000000005,0.048429804550219564,0.012527781530840118,0.0013317726941243374,0.0,0.0,0.04653824274757049,196
54.14,0.048445155744153576,0.01253282389855486,0.001332281876016035,0.0,0.0,0.04655396250407762,196
54.160000000000004,0.0484603645122151,0.01253765598370772,0.0013328071007402405,0.0,0.0,0.04656977628528003,196
54.18,0.048477214718280336,0.01254227876638495,0.0013333468620193383,0.0,0.0,0.04658571778268982,196
54.2,0.04849479252192292,0.012546693209516999,0.0013338842578811078,0.0,0.0,0.046602124395939734,196
54.22,0.04851233003411236,0.012550900259279915,0.0013344192941895745,0.0,0.0,0.0466186368274351,197
54.24,0.04852981802813633,0.012554900846200647,0.0013349519768603216,0.0,0.0,0.046635258699281264,197
54.26,0.048547254178022456,0.012558695886956007,0.0013354824488448786,0.0,0.0,0.046651993196092645,197
54.28,0.04856464401770874,0.01256228628684158,0.0013360106131897914,0.0,0.0,0.04666884294239164,197
54.300000000000004,0.04858197707593797,0.012565672942871834,0.0013365364420701872,0.0,0.0,0.04668580988388888,197
54.32,0.04859924620409783,0.012568856747456522,0.0013370599415482168,0.0,0.0,0.04670289517597939,197
54.34,0.04861644524212367,0.012571838592582363,0.0013375811177097738,0.0,0.0,0.046720099082910645,197
54.36,0.048633566803851086,0.012574619374413091,0.0013380999766580172,0.0,0.0,0.04673742089099809,197
54.38,0.048651945033932935,0.012577199998206634,0.0013386165245065057,0.0,0.0,0.04675485883898694,196
54.4,0.04867154138821691,0.012579581383436027,0.001339130767371872,0.0,0.0,0.04677241006818251,196
54.42,0.048691382872783226,0.012581764468992002,0.0013396427113660271,0.0,0.0,0.04679007059432202,196
54.44,0.04871120599467619,0.012583750218340066,0.0013401523625878882,0.0,0.0,0.04680783530236254,196
54.46,0.04873099928698114,0.012585539624504621,0.00134066575418636,0.0,0.0,0.04682574758677886,196
54.480000000000004,0.048750751329311705,0.012587133714756917,0.001341205852030958,0.0,0.0,0.0468440880580806,196
54.5,0.04877044953391987,0.01258853355489271,0.001341743755669509,0.0,0.0,0.04686251040681101,196
54.52,0.048790080218681274,0.012589740252998893,0.0013422794224708554,0.0,0.0,0.04688100539175521,196
54.54,0.04880962869530633,0.012590772518502656,0.0013428128705938415,0.0,0.0,0.04689988953942858,196
54.56,0.04882907936922837,0.012591626461754173,0.001343344036475985,0.0,0.0,0.04691899572466228,196
54.58,0.04884841584733816,0.012592290812294633,0.00134387292588917,0.0,0.0,0.04693814158622817,196
54.6,0.0488676210496936,0.01259276687239279,0.0013443995444987634,0.0,0.0,0.046957315219506635,197
54.620000000000005,0.04888756579071656,0.012593055995585202,0.0013449239344641394,0.0,0.0,0.0469765043501294,198
54.64,0.04890811959414742,0.0125931595863649,0.0013454461479780273,0.0,0.0,0.04699569645230118,198
54.660000000000004,0.04892853963761748,0.012593079099220396,0.001345966106971856,0.0,0.0,0.047014878861675366,198
54.68,0.048948808989512295,0.012592816037081997,0.0013464838165467145,0.0,0.0,0.047034038880614214,197
54.7,0.04896891061183551,0.012592371949244091,0.0013469992816358082,0.0,0.0,0.04705316387434446,197
54.72,0.04898882743851283,0.012591748428839793,0.00134751250699308,0.0,0.0,0.04707224135716103,197
54.74,0.04900854244317302,0.012590947109948496,0.0013480235062562347,0.0,0.0,0.04709125906841109,198
54.76,0.04902839218013645,0.012589969664417772,0.0013485323721492773,0.0,0.0,0.04711020503846584,197
54.78,0.049049299553689606,0.012588817798478737,0.0013490390118786584,0.0,0.0,0.04712906764522967,197
54.800000000000004,0.049070009386266544,0.012587493249229507,0.0013495434846121385,0.0,0.0,0.04714783566196452,197
54.82,0.04909082859857319,0.012585997781054969,0.001350045777246769,0.0,0.0,0.04716649829731388,197
54.84,0.04911157073380227,0.012584333182043267,0.0013505458552622257,0.0,0.0,0.04718504522844376,197
54.86,0.04913206861485221,0.012583866776140385,0.0013510437220071547,0.0,0.0,0.04720346662820395,197
54.88,0.049152308644554527,0.01258343447000107,0.0013515394788129302,0.0,0.0,0.04722175318717798,197
54.9,0.04917228643522587,0.01258283367292564,0.001352033049899661,0.0,0.0,0.04723989613146899,197
54.92,0.04919242107894071,0.012582066225893649,0.0013525244186003513,0.0,0.0,0.047257887237065616,197
54.94,0.049212258657181526,0.012583291660544593,0.0013530135874160003,0.0,0.0,0.04727571884163461,197
54.96,0.049231787034369194,0.012584705195282073,0.0013535005586529888,0.0,0.0,0.04729338385462227,197
54.980000000000004,0.04925099444604018,0.012586980337642164,0.0013539853344327684,0.0,0.0,0.04731087576652416,199
55.0,0.049269876212404036,0.012591691083915238,0.0013544680570138187,0.0,0.0,0.04732818865815288,199
55.02,0.04928842021530618,0.012597312687798807,0.0013549485939054911,0.0,0.0,0.04734566140564246,199
55.04,0.04930662221477307,0.012602726128579182,0.0013554269408470787,0.0,0.0,0.047362988071424895,199
55.06,0.04932446863482356,0.012607932974969586,0.001355903099355547,0.0,0.0,0.04738012114212697,199
55.08,0.049341944639959605,0.012612934810724893,0.0013563770708210235,0.0,0.0,0.047397057174148605,197
55.1,0.04935903719009608,0.012617733234080561,0.001356855268855944,0.0,0.0,0.047413793378862486,197
55.120000000000005,0.04937579383812795,0.012622329857040903,0.0013573594545073816,0.0,0.0,0.04743032763936234,197
55.14,0.04939253778622782,0.012626726304471779,0.0013578614115645616,0.0,0.0,0.04744665852718568,197
55.160000000000004,0.049408871572404124,0.012630924212964587,0.0013583611410430854,0.0,0.0,0.04746278531796185,197
55.18,0.04942630937368082,0.012634925229451876,0.0013588586438880168,0.0,0.0,0.0474787080048067,197
55.2,0.04944381660719778,0.0126387310095687,0.001359353920981895,0.0,0.0,0.047494427308255496,197
55.22,0.04946290068011189,0.012642343215767312,0.0013598469731517593,0.0,0.0,0.04750994468157686,197
55.24,0.049481714738482764,0.012645763515205138,0.001360337801175102,0.0,0.0,0.047525262310440755,197
55.26,0.0495002058552066,0.012648993577436556,0.0013608264057847544,0.0,0.0,0.04754038310611735,197
55.28,0.04951837266976204,0.012652039663575655,0.0013613127876726762,0.0,0.0,0.04755531069160769,197
55.300000000000004,0.04953621431101555,0.012655954105066472,0.001361796947492678,0.0,0.0,0.04757004938038268,197
55.32,0.04955373036017209,0.01265966258022009,0.001362278885862093,0.0,0.0,0.04758460414764993,198
55.34,0.049570920806132235,0.012663167102946241,0.0013627586033624411,0.0,0.0,0.04759898059434307,198
55.36,0.049587785993672424,0.01266816086863422,0.001363236100539142,0.0,0.0,0.04761318490423308,198
55.38,0.049604326565099756,0.01267317835464502,0.0013637113779003697,0.0,0.0,0.04762722379478704,198
55.4,0.04962054839828774,0.012677982860186107,0.0013641844359151252,0.0,0.0,0.04764110446254725,198
55.42,0.04963645489048035,0.012682576577549247,0.0013646552750106592,0.0,0.0,0.04765483452396995,198
55.44,0.04965203989307024,0.01268696167529871,0.0013651238955693472,0.0,0.0,0.04766842195274807,198
55.46,0.049667304556557386,0.012691140295542618,0.0013655902979252098,0.0,0.0,0.04768187501473464,198
55.480000000000004,0.049682249972633534,0.012695114551498923,0.00136605456820558,0.0,0.0,0.047695671697283205,198
55.5,0.049696877098133724,0.012698886525353607,0.0013665166508636023,0.0,0.0,0.047709408560957095,198
55.52,0.049712536415086904,0.012702458266402367,0.0013669765173679083,0.0,0.0,0.047723036195840646,198
55.54,0.049728892416149466,0.012705831789461103,0.0013674341678227505,0.0,0.0,0.047736563378845846,198
55.56,0.049745022822131356,0.012709009073525696,0.001367889602266233,0.0,0.0,0.04774999885822433,198
55.58,0.04976093099978687,0.01271199206065762,0.0013683428206682194,0.0,0.0,0.04776335129790169,198
55.6,0.04977661997962142,0.012714782655069376,0.0013687938229290672,0.0,0.0,0.04777662922669245,198
55.620000000000005,0.049792092403787465,0.012717382722382375,0.0013692426947392677,0.0,0.0,0.04778984099294633,198
55.64,0.049807350479877506,0.012719794089030142,0.0013696893986368584,0.0,0.0,0.04780299472494997,198
55.660000000000004,0.049822395940769204,0.012722018541781127,0.0013701338873304016,0.0,0.0,0.047816098297157265,198
55.68,0.04983845134485028,0.012724057827358387,0.0013705761604784587,0.0,0.0,0.04782915930208657,199
55.7,0.049855402679662326,0.012725913652137497,0.0013710162474797687,0.0,0.0,0.047842185027458746,199
55.72,0.04987260246441698,0.01272758768190916,0.0013714541778152075,0.0,0.0,0.047855182437919815,199
55.74,0.04988976065148522,0.012729091037600443,0.0013718898902330078,0.0,0.0,0.04786815816049639,200
55.76,0.049906803299401434,0.012730417191415657,0.001372323384151951,0.0,0.0,0.04788111847275492,200
55.78,0.049923732609063014,0.01273156629183197,0.001372754658956469,0.0,0.0,0.04789406929254066,200
55.800000000000004,0.049940550291850426,0.012732539841085537,0.0013731837391787749,0.0,0.0,0.04790701616811623,201
55.82,0.04995725755511311,0.01273333930056408,0.0013736107529279703,0.0,0.0,0.04791996426754269,201
55.84,0.04997385508563897,0.01273396609101429,0.0013740355552410925,0.0,0.0,0.04793291836624098,202
55.86,0.049990343030172114,0.012734421592884843,0.0013744581355330122,0.0,0.0,0.04794588283182303,202
55.88,0.05000672097227019,0.012734707146832598,0.0013748784931417555,0.0,0.0,0.047958886892704736,202
55.9,0.050022987905057166,0.012734824054420583,0.001375296627419143,0.0,0.0,0.04797227634540495,202
55.92,0.0500391421997363,0.012734773579036006,0.0013757125377375065,0.0,0.0,0.04798568614122354,202
55.94,0.050055181570063674,0.012734556947054755,0.0013761262234957866,0.0,0.0,0.04799911879221737,202
55.96,0.05007260734519863,0.012734175349275694,0.001376537684124992,0.0,0.0,0.04801257627179634,202
55.980000000000004,0.050090082796301005,0.012733629942643779,0.0013769469190929846,0.0,0.0,0.04802605997901198,202
56.0,0.05010784028753017,0.012732921852275673,0.0013773539279086202,0.0,0.0,0.04803957070156265,201
56.02,0.05012571040203759,0.012732052173795212,0.0013777587101252888,0.0,0.0,0.048053108578855946,201
56.04,0.05014349833104616,0.012731021975978958,0.0013781612653438631,0.0,0.0,0.04806667306661912,201
56.06,0.05016119899943385,0.012729832303704591,0.001378561593215149,0.0,0.0,0.04808026290465893,201
56.08,0.05017880647451802,0.012728484181186876,0.001378959693441876,0.0,0.0,0.048093876089412034,202
56.1,0.050196313940128044,0.01272697861547781,0.00137935556578026,0.0,0.0,0.04810750985290097,202
56.120000000000005,0.05021371367830731,0.012725316600199514,0.0013797492676487452,0.0,0.0,0.048121160649625946,202
56.14,0.050230997060013625,0.012723499119470724,0.0013801407608204704,0.0,0.0,0.048134824152767895,202
56.160000000000004,0.05024815454598856,0.012721527151980478,0.001380530024719428,0.0,0.0,0.04814849526087992,202
56.18,0.050265175698707705,0.012719401675156356,0.0013809170593083477,0.0,0.0,0.04816216811598651,202
56.2,0.05028204920601525,0.012717580824647431,0.0013813294540884272,0.0,0.0,0.048175836133702424,202
56.22,0.05029876291672096,0.012716768877342107,0.001381747226265538,0.0,0.0,0.04818949204565839,202
56.24,0.050315303888068236,0.012715801182430906,0.001382162740948445,0.0,0.0,0.04820324695362791,202
56.26,0.050331658444621515,0.012714678743127188,0.0013825759981882502,0.0,0.0,0.04821730206319542,202
56.28,0.05034781224775324,0.012713402581085305,0.0013829869980896037,0.0,0.0,0.04823131921287732,202
56.300000000000004,0.050363750374576945,0.012711973739912966,0.001383395740809976,0.0,0.0,0.04824528905850833,202
56.32,0.05037945740487172,0.012710418348625619,0.0013838143174683107,0.0,0.0,0.04825920195336058,202
56.34,0.05039491751427953,0.012708720888477182,0.0013842539001951545,0.0,0.0,0.048273048050497064,202
56.36,0.050410115755144785,0.012706873989456517,0.0013846911943925836,0.0,0.0,0.048286817409929766,202
56.38,0.050425044559972314,0.012704878810651691,0.001385126200243919,0.0,0.0,0.048300802966819774,202
56.4,0.05043967759276043,0.01270273654468736,0.0013855589179818982,0.0,0.0,0.04831478554007332,202
56.42,0.0504539984009019,0.012701168914328004,0.0013859893478873012,0.0,0.0,0.048328661619528285,202
56.44,0.050467990617023076,0.012701022657834323,0.0013864224667148879,0.0,0.0,0.04834242198800834,202
56.46,0.05048163804674639,0.012700724984223893,0.0013868765755936682,0.0,0.0,0.048356057870070926,202
56.480000000000004,0.05049492474845897,0.012700277150729238,0.001387328365539559,0.0,0.0,0.04836956102439171,202
56.5,0.05050783510344502,0.012699680447311467,0.0013878093935260826,0.0,0.0,0.048382923827076776,202
56.52,0.050520362965284976,0.0126989361951106,0.001388290812898608,0.0,0.0,0.048396139344551406,202
56.54,0.05053248919178533,0.012698045744517375,0.0013887698770280244,0.0,0.0,0.048409201394971915,202
56.56,0.05054421097304205,0.012697010472915564,0.0013892465864446645,0.0,0.0,0.048422104597449556,202
56.58,0.0505555045476704,0.012695831782148318,0.0013897209757055698,0.0,0.0,0.0484348444087211,202
56.6,0.05056635038330991,0.012694511095764329,0.0013901930743327484,0.0,0.0,0.048447417147251495,202
56.620000000000005,0.050576745929894605,0.012693049856100702,0.0013906843034543462,0.0,0.0,0.04845982000509403,202
56.64,0.05058685116898784,0.012691449521258318,0.0013911759136167805,0.0,0.0,0.0484720510481371,202
56.660000000000004,0.05059674044751773,0.012689711562023316,0.0013916652090895506,0.0,0.0,0.048484109205645484,202
56.68,0.050606132656749195,0.012687863631442453,0.0013921523315058965,0.0,0.0,0.04849599425023077,202
56.7,0.050615016590639564,0.012688319725853244,0.0013926370728730437,0.0,0.0,0.048507706769579335,202
56.72,0.05062338134465646,0.012688930716884485,0.0013931196077943435,0.0,0.0,0.048519248131394827,202
56.74,0.05063121625561745,0.012689396047324317,0.0013935997950929144,0.0,0.0,0.048530620443116124,202
56.76,0.050640578850110925,0.012689717042657013,0.0013940776058086047,0.0,0.0,0.04854182650801658,202
56.78,0.05064960117825863,0.012689963713334904,0.0013945530408096445,0.0,0.0,0.0485528697792988,202
56.800000000000004,0.05065815088824196,0.012693677190612304,0.0013950261010027259,0.0,0.0,0.04856375431377319,202
56.82,0.05066622119002459,0.01269816282610641,0.0013954967873334575,0.0,0.0,0.0485744847266136,202
56.84,0.050673805343675,0.012702492331788388,0.001395965100786832,0.0,0.0,0.04858506614859584,202
56.86,0.050680896600504226,0.01270666682196954,0.0013964310423877227,0.0,0.0,0.04859559339066473,202
56.88,0.05068748814853846,0.01271068739039536,0.0013968946555350163,0.0,0.0,0.04860629716335304,202
56.9,0.05069357306321869,0.012714555108290294,0.001397373740695804,0.0,0.0,0.04861686958344548,202
56.92,0.0506991442639694,0.012718271022537307,0.001397859079817582,0.0,0.0,0.048627317504855154,203
56.94,0.05070419447700331,0.012724458751760733,0.0013983420109807535,0.0,0.0,0.048637648155813014,203
56.96,0.05070871620446003,0.012730570875943304,0.0013988226780601368,0.0,0.0,0.04864786912863799,203
56.980000000000004,0.05071478280165991,0.012736518834378381,0.0013993012161398516,0.0,0.0,0.048657988375297716,203
57.0,0.05072169509724243,0.012742303340336238,0.001399777452606512,0.0,0.0,0.048668014208046284,203
57.02,0.05072892453456578,0.012747925069174956,0.0014002512908269018,0.0,0.0,0.04867795530416404,203
57.04,0.050735753040707335,0.012753384656685716,0.0014007227321552998,0.0,0.0,0.04868799870763209,203
57.06,0.05074217787929252,0.012758682697480175,0.0014011917779885414,0.0,0.0,0.048698192198564465,204
57.08,0.050748196217142195,0.012763819743418493,0.0014016678836977989,0.0,0.0,0.04870832877987996,203
57.1,0.05075614244889766,0.012768796302081014,0.001402167349831259,0.0,0.0,0.048718418672559285,203
57.120000000000005,0.05076434475293938,0.012773612835291603,0.001402664391573582,0.0,0.0,0.04872847250032226,203
57.14,0.050772233187451145,0.012778269757705305,0.0014031590371693164,0.0,0.0,0.04873850128951056,203
57.160000000000004,0.050782082244538375,0.012782767435477977,0.0014036513436402715,0.0,0.0,0.04874851646317269,203
57.18,0.05079209872267077,0.01278710618503975,0.0014041413414710888,0.0,0.0,0.048758529828273195,203
57.2,0.050801887656994664,0.012791286271998476,0.0014046289446321763,0.0,0.0,0.04876855355521583,203
57.22,0.05081145283567908,0.012795307910202619,0.0014051141332393727,0.0,0.0,0.04877860014913498,203
57.24,0.05082079798873804,0.012799171260995857,0.0014055983265811073,0.0,0.0,0.048788682412721385,203
57.26,0.05082992672606992,0.012802876432697795,0.001406113857485526,0.0,0.0,0.048798813400653084,202
57.28,0.05083884246685206,0.012806424318111779,0.0014066270530537848,0.0,0.0,0.048809006366027946,202
57.300000000000004,0.05084754836098812,0.012809846412760052,0.0014071378108403108,0.0,0.0,0.048819274699482905,202
57.32,0.050856056612934825,0.012813119538899955,0.0014076462312626844,0.0,0.0,0.048829631861981485,203
57.34,0.050864363434006805,0.012816237482079726,0.0014081522556137038,0.0,0.0,0.04884009131249667,203
57.36,0.05087246744373663,0.012819206906799305,0.001408655848724716,0.0,0.0,0.048850666432028005,203
57.38,0.05088036981127901,0.012822017656499823,0.0014091570126029101,0.0,0.0,0.04886137044555329,203
57.4,0.05088807955354754,0.012824669479944905,0.0014096557492922946,0.0,0.0,0.04887221634360717,203
57.42,0.05089559177089223,0.012827162080853254,0.001410152060871015,0.0,0.0,0.0488832168052141,203
57.44,0.050902901121560366,0.012829495120785262,0.001410645949448502,0.0,0.0,0.0488943841238582,203
57.46,0.050910005251642645,0.012831668222478373,0.0014111374171624496,0.0,0.0,0.04890573013807546,203
57.480000000000004,0.050918171727780515,0.012833680973616658,0.0014116265002911252,0.0,0.0,0.048917266168074465,202
57.5,0.05092693672868025,0.012835532931009886,0.0014121131827042372,0.0,0.0,0.048929002959581705,203
57.52,0.05093788213036586,0.012837223625147057,0.0014125974501475662,0.0,0.0,0.04894095063584959,204
57.54,0.0509514950517799,0.01283875256507912,0.001413079304837537,0.0,0.0,0.04895311865848553,204
57.56,0.05096676354518868,0.012840119243576193,0.0014135587490029082,0.0,0.0,0.048965515797476024,204
57.58,0.05098214014077152,0.012841323142496114,0.001414035784881726,0.0,0.0,0.0489781501104959,204
57.6,0.05099762751317037,0.012842363738294225,0.001414510414718449,0.0,0.0,0.04899102893132678,204
57.620000000000005,0.05101322743147533,0.012843240507599328,0.0014149826407613116,0.0,0.0,0.049004158866961606,204
57.64,0.051028940756030323,0.01284611314884022,0.0014154525838230307,0.0,0.0,0.049017545802753755,204
57.660000000000004,0.051044767442084395,0.012849305952800516,0.0014159202462139956,0.0,0.0,0.049031194914775846,204
57.68,0.05106070654929955,0.012852315685787484,0.0014163856028961063,0.0,0.0,0.049045110762792596,205
57.7,0.051077109928758996,0.012855164743532646,0.0014168485653872505,0.0,0.0,0.049059689175108355,205
57.72,0.0510937202587494,0.012857839141909837,0.0014173091358611319,0.0,0.0,0.04907454077227722,205
57.74,0.051110434375942176,0.012860328471636935,0.0014177673164891096,0.0,0.0,0.049089668123913945,205
57.76,0.051127474820481085,0.012862632167125475,0.00141822310944078,0.0,0.0,0.04910507322160508,205
57.78,0.051144837995877886,0.012864749711601203,0.001418676516885149,0.0,0.0,0.04912075751016646,205
57.800000000000004,0.05116229398724836,0.012868300289103293,0.001419127540992435,0.0,0.0,0.04913672191748586,204
57.82,0.05117983107680946,0.012871880116090641,0.0014195762542319925,0.0,0.0,0.04915296688168484,204
57.84,0.05119744180536243,0.01287525601351615,0.0014200226461089003,0.0,0.0,0.04916949237440247,204
57.86,0.051215117965007564,0.01288000039368599,0.0014204666609740266,0.0,0.0,0.04918629791910575,204
57.88,0.05123285060000661,0.012884620895405884,0.001420908301022133,0.0,0.0,0.04920338260345343,204
57.9,0.051250630000951855,0.012890627616429066,0.0014213475684695855,0.0,0.0,0.04922074508487962,204
57.92,0.05126900976226218,0.012899462781830146,0.0014217845230858615,0.0,0.0,0.04923838358873953,204
57.94,0.05128929414503678,0.012908066154005889,0.001422256592772317,0.0,0.0,0.04925629589856257,204
57.96,0.05130968920065702,0.01291643736750533,0.0014227541771586589,0.0,0.0,0.04927447933820309,204
57.980000000000004,0.051330185914307214,0.012924985310607609,0.0014232493153315266,0.0,0.0,0.0492929307459816,204
58.0,0.05135077451384119,0.012934977004036402,0.0014237421262382334,0.0,0.0,0.0493116464412527,204
58.02,0.05137145622863194,0.012944715826555013,0.0014242324939974197,0.0,0.0,0.049330622184252916,204
58.04,0.051392207938967434,0.012954201869484353,0.0014247204212583854,0.0,0.0,0.049349853130535845,204
58.06,0.051413017209723924,0.012963435281121129,0.0014252059107516216,0.0,0.0,0.049369700087801685,204
58.08,0.0514338706791383,0.012972416266322779,0.0014256889652974423,0.0,0.0,0.049389818975931234,204
58.1,0.05145475393400928,0.012981145086373533,0.0014261695878144975,0.0,0.0,0.04941017393190251,204
58.120000000000005,0.051475651451766816,0.012989622059145866,0.0014266477813279798,0.0,0.0,0.04943075720144368,204
58.14,0.05149654654988267,0.01299784755955304,0.00142712354897733,0.0,0.0,0.049451560195204206,204
58.160000000000004,0.05151742134598419,0.013005822020268988,0.0014275968940232757,0.0,0.0,0.04947257346298595,203
58.18,0.05153825673186403,0.013013545932673018,0.0014280678198540198,0.0,0.0,0.049493786682254265,203
58.2,0.05155903236417426,0.013021019847959066,0.0014285363299904076,0.0,0.0,0.04951518866367218,202
58.22,0.051579726673978116,0.01302824437833444,0.001429002428089981,0.0,0.0,0.04953676737577009,202
58.24,0.051600316896494955,0.013035220198221542,0.0014294661179497798,0.0,0.0,0.0495585099900057,203
58.26,0.051621454315330675,0.013041948045369083,0.0014299274035078772,0.0,0.0,0.04958087316940028,203
58.28,0.05164414077826586,0.013048458572974203,0.0014304132796731388,0.0,0.0,0.04960339649220665,203
58.300000000000004,0.051666741954963,0.013054725478945147,0.001430903928522191,0.0,0.0,0.04962628622826801,203
58.32,0.05168923474403836,0.013060746957422629,0.0014314205594840286,0.0,0.0,0.049649428792933416,203
58.34,0.0517119756814858,0.013067375254809924,0.0014319406658848707,0.0,0.0,0.04967266097957252,202
58.36,0.05173582881646773,0.013075528229015872,0.0014324583262627312,0.0,0.0,0.049696382971015876,201
58.38,0.0517595539352113,0.013083417966695135,0.001432973545431121,0.0,0.0,0.04972016668307133,201
58.4,0.05178312812670277,0.013091045278578038,0.0014334863283142682,0.0,0.0,0.04974399277689845,201
58.42,0.051806701196984224,0.013098411038406208,0.0014339966799409177,0.0,0.0,0.049767846022216344,201
58.44,0.051830366070671735,0.013105516181984236,0.0014345046054378482,0.0,0.0,0.04979171158392216,201
58.46,0.051853810929333555,0.013112361705904354,0.001435010110023279,0.0,0.0,0.04981557513990467,201
58.480000000000004,0.051877013313856586,0.013118948665974567,0.0014355132000946852,0.0,0.0,0.04983942298617744,201
58.5,0.05189995110747868,0.013125278175383538,0.001436013977455324,0.0,0.0,0.04986324212819626,201
58.52,0.0519226026011446,0.013131351402635792,0.0014365123499319914,0.0,0.0,0.049887020357928094,201
58.54,0.051945126199374365,0.013137169569288117,0.0014370083230404345,0.0,0.0,0.04991074631682016,200
58.56,0.051969665448669294,0.013142733947513849,0.0014375019023577986,0.0,0.0,0.049934409545242635,199
58.58,0.05199553598455539,0.013148047127486098,0.0014379930990729038,0.0,0.0,0.04995800051921531,199
58.6,0.052021832263597675,0.013153124358337579,0.0014384819463210499,0.0,0.0,0.049981510675318926,199
58.620000000000005,0.0520479376187775,0.013157951858920363,0.0014389684164471674,0.0,0.0,0.050004932424615664,199
58.64,0.05207603268108067,0.013162531076801466,0.001439452515227665,0.0,0.0,0.05002825915627208,199
58.660000000000004,0.05210401937980453,0.013166863496034478,0.0014399342484760905,0.0,0.0,0.05005148523135141,199
58.68,0.05213187263587603,0.013170968081092308,0.001440413622038818,0.0,0.0,0.05007460596706435,199
58.7,0.05215958643117352,0.013174842984119013,0.0014408906417907755,0.0,0.0,0.05009761761158809,198
58.72,0.05218715667934848,0.013178475673554464,0.00144136531363111,0.0,0.0,0.0501205173094878,197
58.74,0.05221458010676604,0.013181867747735495,0.001441837643478709,0.0,0.0,0.050143303057767805,197
58.76,0.05224185818559295,0.01318502082551504,0.0014423076372674752,0.0,0.0,0.050165973652654336,196
58.78,0.05226899238555335,0.013187936543112422,0.0014427753009412568,0.0,0.0,0.05018852862737209,197
58.800000000000004,0.052295974292404755,0.01319061655106336,0.001443240640448335,0.0,0.0,0.05021096818135806,197
58.82,0.0523228032471491,0.013193062511309427,0.0014437036617353626,0.0,0.0,0.05023329310158494,197
58.84,0.05234983839813901,0.013195276094465117,0.001444164412518366,0.0,0.0,0.0502555046768493,196
58.86,0.05237682334142078,0.01319725897729714,0.0014446229662293285,0.0,0.0,0.050277604606043365,196
58.88,0.05240365603951884,0.013199012840445858,0.0014450792200260453,0.0,0.0,0.05029972131488722,196
58.9,0.05243033620514329,0.013200539366412977,0.0014455331797477782,0.0,0.0,0.05032199970356919,196
58.92,0.052456864465822144,0.013201840237833651,0.0014459848511905653,0.0,0.0,0.050344172539901116,197
58.94,0.05248324139519098,0.013202917136045676,0.0014464342400965441,0.0,0.0,0.05036624216491154,197
58.96,0.05250946740509623,0.013203771739963475,0.0014468813521423046,0.0,0.0,0.05038821081963925,197
58.980000000000004,0.05253554772508126,0.01320440572526112,0.0014473261929266242,0.0,0.0,0.05041008053984432,197
59.0,0.05256149390968608,0.013204820763866353,0.001447783221338792,0.0,0.0,0.05043185305152986,197
59.02,0.05258729044023462,0.0132050185237666,0.0014482549797019747,0.0,0.0,0.05045352966797616,197
59.04,0.052613306716274566,0.013205000669128015,0.001448724538424731,0.0,0.0,0.050475111189044866,198
59.06,0.052639661234895725,0.013204768860729153,0.001449191816899928,0.0,0.0,0.05049667176328653,197
59.08,0.05266596097110764,0.013204324756711447,0.001449656820129277,0.0,0.0,0.05051846898852381,197
59.1,0.052692109497172956,0.013203672390451612,0.0014501195529536414,0.0,0.0,0.0505406614006944,197
59.120000000000005,0.05271809178777662,0.013202820833354088,0.0014505800200389134,0.0,0.0,0.05056278235087224,197
59.14,0.05274390128405023,0.013201761952143058,0.0014510382258626333,0.0,0.0,0.05058480003935114,197
59.160000000000004,0.05276953124238,0.013200497408241895,0.0014514941747016063,0.0,0.0,0.0506067103404838,197
59.18,0.05279497376926047,0.01319902886892985,0.001451947870620826,0.0,0.0,0.05062850807868055,197
59.2,0.05282021978586872,0.013197358009927032,0.0014523993174639497,0.0,0.0,0.05065018699743652,198
59.22,0.05284525901004928,0.013195486518218596,0.0014528485188455612,0.0,0.0,0.050671739745925745,198
59.24,0.052870079957376734,0.013193416095073572,0.0014532954781453827,0.0,0.0,0.05069315788482789,198
59.26,0.05289466996251452,0.013191148459202377,0.001453740198504571,0.0,0.0,0.05071443191260738,198
59.28,0.052919015221518234,0.01318868534998649,0.0014541826828241302,0.0,0.0,0.05073589179677974,199
59.300000000000004,0.05294318104496674,0.013186028530704814,0.0014546229337654701,0.0,0.0,0.05075725037935014,199
59.32,0.05296745943272546,0.013183179791674843,0.0014550609537529885,0.0,0.0,0.05077843005222105,199
59.34,0.05299145684566258,0.01318014095322325,0.0014554967449786694,0.0,0.0,0.05079941774540698,199
59.36,0.05301515024177297,0.013176928522595732,0.00145593030940831,0.0,0.0,0.05082019976344486,199
59.38,0.053038515201591585,0.013173547551008925,0.0014563616487894497,0.0,0.0,0.05084076192366446,199
59.4,0.05306153305826375,0.013169998920605807,0.0014567907646605438,0.0,0.0,0.05086108970500424,199
59.42,0.05308418479761057,0.013166283172926596,0.0014572176583612672,0.0,0.0,0.050881168403665016,199
59.44,0.053106451209940043,0.013163531479927852,0.0014576711215228712,0.0,0.0,0.05090098329169312,199
59.46,0.053128313040573624,0.013160759678134994,0.0014581286599979996,0.0,0.0,0.05092051977457316,199
59.480000000000004,0.05314975113532419,0.013157787212152444,0.001458583947811591,0.0,0.0,0.05093976354408849,199
59.5,0.053170746577499824,0.01315461642146635,0.0014590369979594331,0.0,0.0,0.0509587007230449,200
59.52,0.053191280813499435,0.01315124970360511,0.0014594878590129317,0.0,0.0,0.05097731799894513,200
59.54,0.05321133576464544,0.013147689510623761,0.001459936470913176,0.0,0.0,0.05099560274427955,200
59.56,0.05323089392355391,0.013143938345126477,0.0014603828337944947,0.0,0.0,0.0510135431217526,201
59.58,0.05324993843399123,0.013139998755904651,0.0014608269476891363,0.0,0.0,0.05103112817341247,202
59.6,0.053268453153820054,0.013135873333270553,0.001461268812538216,0.0,0.0,0.05104834789330248,203
59.620000000000005,0.05328642270118699,0.013131564704166106,0.0014617084282021156,0.0,0.0,0.0510651932838021,203
59.64,0.053304206748762704,0.013127075527123729,0.0014621457944702858,0.0,0.0,0.05108165639634643,203
59.660000000000004,0.05332149362086042,0.01312240848715144,0.0014625809110704404,0.0,0.0,0.051097730357583124,203
59.68,0.05333819336663972,0.013117566290608082,0.0014630137776771401,0.0,0.0,0.05111340938231966,203
59.7,0.05335429380341142,0.013112551660127234,0.0014634444764377165,0.0,0.0,0.05112868877481626,203
59.72,0.0533697835233641,0.013108313492541396,0.0014638729298792313,0.0,0.0,0.0511435649200544,203
59.74,0.05338488976200622,0.013105377939956397,0.0014642991327516585,0.0,0.0,0.05115803526664611,202
59.76,0.053399667381130986,0.013102367068499475,0.0014647295052387312,0.0,0.0,0.051172098302986635,202
59.78,0.05341380361352226,0.01310157292275684,0.001465185841910501,0.0,0.0,0.0511857535281676,202
59.800000000000004,0.05342728978606088,0.013102024273293109,0.001465639897714641,0.0,0.0,0.05119900141902537,201
59.82,0.053440117792852446,0.013102293741408998,0.0014660916720320388,0.0,0.0,0.05121184339454863,201
59.84,0.05345228004317491,0.013102375693450475,0.0014665411642360835,0.0,0.0,0.05122428177870757,201
59.86,0.05346376940852023,0.013102272858875764,0.0014669883736968677,0.0,0.0,0.051236319762591256,201
59.88,0.05347547276144392,0.01310198794001294,0.0014674332997850251,0.0,0.0,0.051247961366584695,201
59.9,0.053488323892800956,0.01310222936309126,0.001467875941875233,0.0,0.0,0.05125940442063023,202
59.92,0.053500571617591745,0.013103038001776226,0.001468316326664674,0.0,0.0,0.051270672991937105,202
59.94,0.053512213731592505,0.013103669174289796,0.0014687544341734976,0.0,0.0,0.051281561357372885,202
59.96,0.05352325674843798,0.013104125425059857,0.0014691902558005706,0.0,0.0,0.05129207649434554,202
59.980000000000004,0.05353486117623862,0.01310440925757769,0.0014696237909756775,0.0,0.0,0.05130222603633562,202
60.0,0.05354685049744057,0.013104523132171982,0.0014700550391462109,0.0,0.0,0.05131201824278365,202
60.02,0.05355981171224562,0.013104469463953767,0.0014704839997792384,0.0,0.0,0.0513214619704764,202
60.04,0.05357229348908754,0.01310557465947501,0.0014709106723634236,0.0,0.0,0.0513305666462599,201
60.06,0.053584300256089346,0.013106662631101548,0.0014713350564107787,0.0,0.0,0.05133934224086203,201
60.08,0.05359593231379488,0.01310759835328071,0.0014717571514582914,0.0,0.0,0.05134779924353598,201
60.1,0.05360746283979016,0.013108372260312383,0.0014721769570694354,0.0,0.0,0.05135594863719314,201
60.120000000000005,0.05361853273667959,0.013108986497776693,0.001472594472835537,0.0,0.0,0.05136380187365918,201
60.14,0.053629147459696866,0.013109443156958061,0.0014730096983770595,0.0,0.0,0.05137137084863743,201
60.160000000000004,0.05363931263503184,0.013109744273710915,0.0014734226530327761,0.0,0.0,0.051378667875954444,201
60.18,0.05364903402354599,0.013109891827432836,0.0014738333972433276,0.0,0.0,0.05138570566062385,201
60.2,0.05365831748279375,0.013109887740143118,0.0014742418504751782,0.0,0.0,0.05139249727026909,201
60.22,0.05366716892696424,0.013109733875666316,0.0014746481467142077,0.0,0.0,0.051399056104440594,201
60.24,0.053676405717301374,0.013109432038921747,0.0014750522916607486,0.0,0.0,0.0514053958613732,202
60.26,0.05368670012141839,0.01310898397532152,0.0014754541461163627,0.0,0.0,0.05141153050177229,202
60.28,0.0536966685640281,0.013108391370281096,0.0014758537099669562,0.0,0.0,0.051417474209251475,202
60.300000000000004,0.05370632027805848,0.013107655848847538,0.001476250983133257,0.0,0.0,0.05142324134712464,202
60.32,0.05371566444537736,0.013106778975452028,0.0014766459655710979,0.0,0.0,0.05142884641133262,202
60.34,0.053724710138852244,0.013105762253793906,0.0014770386572715794,0.0,0.0,0.051434303979407424,202
60.36,0.053733466260386435,0.013104607126864431,0.0014774290582611246,0.0,0.0,0.051439628655492946,202
60.38,0.053741941475152516,0.013103314977118793,0.0014778171686014253,0.0,0.0,0.05144521046691319,202
60.4,0.053750144142398454,0.013101887126805,0.0014782030163119713,0.0,0.0,0.05145076405614279,202
60.42,0.05375850068245999,0.01310032483845822,0.001478586639687521,0.0,0.0,0.05145622756382389,201
60.44,0.0537684310778241,0.01310001352629398,0.0014789679741212074,0.0,0.0,0.05146161508118804,201
60.46,0.05377819774941696,0.013099653591012532,0.0014793470198386307,0.0,0.0,0.05146694040327598,201
60.480000000000004,0.05378781054669666,0.013099159061532372,0.0014797237770984302,0.0,0.0,0.051472216959027615,202
60.5,0.05379727877265354,0.013098530954441022,0.0014800982461916122,0.0,0.0,0.05147745774149512,201
60.52,0.053806611110413356,0.013097770232027916,0.0014804704274408238,0.0,0.0,0.05148267523907109,201
60.54,0.053815815551462066,0.013096877803897646,0.001480867888683591,0.0,0.0,0.051487881368581616,201
60.56,0.0538248993262376,0.013095854528781379,0.0014812699739165677,0.0,0.0,0.051493087411001,201
60.58,0.05383386883770551,0.013094701216546505,0.0014816698334572309,0.0,0.0,0.051498303950415276,201
60.6,0.053842729598387366,0.013093418630403881,0.0014820674347089007,0.0,0.0,0.05150354081671463,202
60.620000000000005,0.05385148617117235,0.013092007489311592,0.0014824627900444005,0.0,0.0,0.05150906386128567,203
60.64,0.053860142114114454,0.01309046847057398,0.001482855831964617,0.0,0.0,0.051514765789329696,203
60.660000000000004,0.053868700353392925,0.01308880221263448,0.0014832465610466214,0.0,0.0,0.05152051201401751,204
60.68,0.05387717408722465,0.013087009318060798,0.0014836349778909927,0.0,0.0,0.05152630885971725,204
60.7,0.053885551432949395,0.01308509035672049,0.0014840210831207309,0.0,0.0,0.05153216167455603,204
60.72,0.0538938314620089,0.013083045869144197,0.0014844048773802513,0.0,0.0,0.051538074800058536,204
60.74,0.05390241164893703,0.013080876370072264,0.0014847863613344885,0.0,0.0,0.05154405154612528,204
60.76,0.05391094725828203,0.013078582352178411,0.0014851655356680966,0.0,0.0,0.05155009417192893,204
60.78,0.053919374755927583,0.013076164289960755,0.0014855424010847607,0.0,0.0,0.05155620387344325,204
60.800000000000004,0.05392768821196932,0.013073622643786684,0.0014859169583066444,0.0,0.0,0.05156238077847624,204
60.82,0.053935880412742485,0.013070957864073338,0.0014862892080739411,0.0,0.0,0.05156862395012317,204
60.84,0.05394394286418909,0.013068170395580178,0.0014866591511445758,0.0,0.0,0.051574931399575634,204
60.86,0.05395186580513037,0.013066384201747609,0.0014870267882939993,0.0,0.0,0.05158130010911413,203
60.88,0.05395963823113226,0.01306559992889307,0.0014873921203151072,0.0,0.0,0.05158772606594345,203
60.9,0.05396724792940793,0.013067001558875583,0.0014877551480182657,0.0,0.0,0.05159420430727699,203
60.92,0.05397468435514855,0.013068617742549284,0.0014881158722314135,0.0,0.0,0.05160072897675094,203
60.94,0.05398193998525886,0.013070075768117856,0.0014884742938002544,0.0,0.0,0.051607293391915526,203
60.96,0.053988989599312205,0.013071376097319681,0.0014888430907119177,0.0,0.0,0.051614101506055124,203
60.980000000000004,0.05399581671898447,0.01307251922807116,0.0014892318860167274,0.0,0.0,0.05162112638465202,203
61.0,0.054002403990627626,0.013073505696380341,0.0014896184133568675,0.0,0.0,0.05162816633688876,203
61.02,0.05400928245088238,0.01307660264616797,0.0014900026649354136,0.0,0.0,0.05163521224405161,203
61.04,0.05401782181409308,0.013079971741862909,0.0014903845993926212,0.0,0.0,0.05164225463241844,203
61.06,0.05402616502410649,0.01308317152277181,0.001490764398094653,0.0,0.0,0.05164928378421376,203
61.08,0.05403429619943854,0.01308620250013435,0.0014911534942805577,0.0,0.0,0.051656321532250186,203
61.1,0.05404219922183256,0.013089155126202415,0.0014915555707182345,0.0,0.0,0.051663699252174775,203
61.120000000000005,0.05404986334723149,0.013093346418530093,0.0014919552783221113,0.0,0.0,0.051671033751563886,202
61.14,0.05405727672368312,0.01309736929580751,0.0014923526179667764,0.0,0.0,0.05167831545409699,202
61.160000000000004,0.05406442037067593,0.01310123251614777,0.0014927475905490224,0.0,0.0,0.05168553508613835,202
61.18,0.054071276257255205,0.013104926067860595,0.0014931424576149965,0.0,0.0,0.051692683773800686,202
61.2,0.0540778307962969,0.013108450675296266,0.0014935676440319182,0.0,0.0,0.05169975313280755,202
61.22,0.054084061040355666,0.013111807095431619,0.0014939904746858758,0.0,0.0,0.051706735350007436,202
61.24,0.05408995174281257,0.013114996115663564,0.0014944109325346322,0.0,0.0,0.05171362325549617,202
61.26,0.05409548805239493,0.013118018551350167,0.001494829014614446,0.0,0.0,0.05172041038442345,202
61.28,0.05410065555041393,0.013120875243142068,0.001495244761936423,0.0,0.0,0.051727091027700116,202
61.300000000000004,0.054105440275896685,0.013123567054153596,0.001495658135823779,0.0,0.0,0.051733660271004935,202
61.32,0.05410982873824828,0.013126094867027828,0.0014960691164162766,0.0,0.0,0.051740114021695226,202
61.34,0.054113807917331766,0.013128459580954065,0.001496477704806934,0.0,0.0,0.05174644902346871,202
61.36,0.05411736606800432,0.01313066210869847,0.0014968929115961823,0.0,0.0,0.051752662858889964,202
61.38,0.05412085767707509,0.013132703373709287,0.001497330948016699,0.0,0.0,0.05175875394017444,201
61.4,0.05412403257502808,0.01313458430735716,0.001497766543355544,0.0,0.0,0.051764721488902175,201
61.42,0.05412674980426611,0.013136705962071508,0.0014981997326688184,0.0,0.0,0.0517705655056184,201
61.44,0.05412936929629951,0.01314054056413146,0.0014986305495325633,0.0,0.0,0.051776286730534096,200
61.46,0.05413399502148755,0.013144209531749966,0.0014990589296433223,0.0,0.0,0.05178188659678249,200
61.480000000000004,0.05413824133435589,0.013147713729116836,0.0014994862646940273,0.0,0.0,0.051787367177880336,200
61.5,0.05414208628738836,0.013151054017951589,0.0014999347048329267,0.0,0.0,0.051792731131222326,200
61.52,0.05414552332747952,0.013154231256444503,0.0015003806772010168,0.0,0.0,0.051798295000853124,200
61.54,0.054148545993578,0.013157246298567314,0.0015008537734701468,0.0,0.0,0.05180384638717762,200
61.56,0.05415114784545418,0.013160099993743611,0.0015013289127261988,0.0,0.0,0.05180929154260464,200
61.58,0.05415332239608159,0.013162793186856024,0.0015018015368278295,0.0,0.0,0.05181463488368759,200
61.6,0.054155063049375105,0.013165326718555137,0.001502271647261857,0.0,0.0,0.051819881136379815,200
61.620000000000005,0.05415804404758316,0.013167701425823944,0.001502739245553101,0.0,0.0,0.05182503529522302,200
61.64,0.05416139636603476,0.013169918142742511,0.0015032043332641144,0.0,0.0,0.051830102590329045,200
61.660000000000004,0.05416440139403498,0.013171977701391098,0.0015036669119949096,0.0,0.0,0.051835088462726685,200
61.68,0.054167049511821164,0.013173880932826149,0.001504126983382698,0.0,0.0,0.051839998548172395,200
61.7,0.05416934487753036,0.013175628668063717,0.001504584640897285,0.0,0.0,0.05184501043562619,200
61.72,0.05417127458368549,0.013177221739008222,0.0015050398272945281,0.0,0.0,0.05185018885586913,200
61.74,0.05417283458393186,0.013178660979271334,0.0015054925130758318,0.0,0.0,0.05185530902807411,200
61.76,0.054174020628713924,0.01317994722483588,0.001505942700036022,0.0,0.0,0.05186037734970639,200
61.78,0.05417482825805383,0.01318446763117649,0.0015063904221918319,0.0,0.0,0.05186540042826247,200
61.800000000000004,0.05417525279361907,0.013190004380683826,0.0015068357097520228,0.0,0.0,0.05187057786844665,200
61.82,0.05417565512831839,0.01319537368644127,0.0015072834318277284,0.0,0.0,0.051875930255546765,199
61.84,0.0541757660773697,0.013200583314395912,0.0015077518669314469,0.0,0.0,0.05188125809472726,199
61.86,0.05417553668602663,0.013205651346648485,0.0015082178202310932,0.0,0.0,0.05188695105349646,198
61.88,0.05417691906308557,0.01321109723057584,0.001508681300968479,0.0,0.0,0.051892651167380996,198
61.9,0.05417918150836029,0.013218468231864587,0.0015091422620111127,0.0,0.0,0.05189834950633773,199
61.92,0.054181219389942144,0.013225656765508525,0.0015096007053152464,0.0,0.0,0.05190405423579515,199
61.940000000000005,0.05418332080710011,0.01323349175870797,0.0015100566328725244,0.0,0.0,0.051909773686710174,199
61.96,0.054185108841199314,0.013242093331240124,0.001510510046709744,0.0,0.0,0.051915516321594336,199
61.980000000000004,0.05418658245589667,0.013250502699920038,0.0015109609488885534,0.0,0.0,0.05192129069586011,199
62.0,0.054187745442651855,0.013258720359171049,0.001511409341505068,0.0,0.0,0.05192710541618229,199
62.02,0.054189110558550434,0.013266746792589008,0.001511855226689433,0.0,0.0,0.051932969097832134,199
62.04,0.05419122254300649,0.013274582473631238,0.0015123236778287912,0.0,0.0,0.05193889032311189,199
62.06,0.05419304873418908,0.01328222786661494,0.0015128300184365179,0.0,0.0,0.051944877603048084,199
62.08,0.054195173853264576,0.01329101053998661,0.0015133337574515214,0.0,0.0,0.0519509393444233,199
62.1,0.05419959610890168,0.013299827262350749,0.0015138349672863649,0.0,0.0,0.05195708382403713,200
62.120000000000005,0.05420521820028004,0.013308461540599944,0.0015143335992304076,0.0,0.0,0.0519633191717849,200
62.14,0.05421071403909022,0.013316933939446687,0.0015148296369648414,0.0,0.0,0.051969653363761206,200
62.160000000000004,0.054216083679677916,0.013325214376132632,0.0015153230828444135,0.0,0.0,0.051976094226151556,200
62.18,0.05422132673849393,0.01333330252452295,0.0015158139392589117,0.0,0.0,0.05198310126966612,200
62.2,0.05422644240599249,0.013341198828324071,0.0015163022086332385,0.0,0.0,0.05199027077241193,201
62.22,0.05423143522949041,0.01334890373753684,0.0015167878934276972,0.0,0.0,0.051997569074648316,199
62.24,0.054236302490865446,0.013357882731887124,0.001517270996138523,0.0,0.0,0.052005003656596174,199
62.26,0.054241037679514714,0.013367773148689888,0.001517751519298689,0.0,0.0,0.05201258202163838,199
62.28,0.05424563856917051,0.013377455129120896,0.0015182608982032184,0.0,0.0,0.05202031175326388,198
62.300000000000004,0.05425010267798701,0.01338770145683633,0.001518771087515669,0.0,0.0,0.05202820057472148,198
62.32,0.05425442731075006,0.013398853119506325,0.0015192786739790798,0.0,0.0,0.05203625640875126,198
62.34,0.05425860959783015,0.013409781825915993,0.0015197836601824647,0.0,0.0,0.05204448743462109,198
62.36,0.0542626465280784,0.013420487792186306,0.0015202860487591053,0.0,0.0,0.05205290213963103,198
62.38,0.054266534972965574,0.013430971249540832,0.0015207858423894694,0.0,0.0,0.05206150936233401,198
62.4,0.054270271699433804,0.01344123244240125,0.0015212830438044685,0.0,0.0,0.05207031832487682,198
62.42,0.05427385336924334,0.013451271626092845,0.0015217776557890567,0.0,0.0,0.05207933865215902,198
62.440000000000005,0.054279839051146424,0.013461089064233427,0.0015222696811861293,0.0,0.0,0.0520885930924589,199
62.46,0.05428877131659049,0.013470685025891183,0.0015227591229007183,0.0,0.0,0.05209847118006604,199
62.480000000000004,0.0542985039664324,0.013480059782605415,0.001523246006169108,0.0,0.0,0.0521085913871178,199
62.5,0.05430828629492594,0.013489213605369664,0.0015237303778555253,0.0,0.0,0.052118964821160844,199
62.52,0.05431847240059,0.01349814676167815,0.0015242122661541227,0.0,0.0,0.052129602841658323,199
62.54,0.05432882061145751,0.013506859512734705,0.0015246915836912174,0.0,0.0,0.05214051697870721,199
62.56,0.05433922926748866,0.013515352110917653,0.0015251683337484273,0.0,0.0,0.0521517188370606,199
62.58,0.05434970159689827,0.013523624797585633,0.0015256425196973145,0.0,0.0,0.0521632199877089,199
62.6,0.05436034589599115,0.01353167780129749,0.0015261141450038558,0.0,0.0,0.05217503184982588,199
62.620000000000005,0.054371406712517535,0.013539511336505529,0.0015265832132326028,0.0,0.0,0.05218716556634225,199
62.64,0.05438253675860824,0.01354712560276507,0.0015270497280504157,0.0,0.0,0.05219963187678348,199
62.660000000000004,0.054393810568117075,0.013554520784486154,0.00152751369322967,0.0,0.0,0.052212440991225906,199
62.68,0.05440553276312202,0.013561697051234882,0.0015279751397250338,0.0,0.0,0.05222560246929338,199
62.7,0.054417321497471874,0.013568654558573668,0.001528434064183883,0.0,0.0,0.05223912510802708,199
62.72,0.05442917362714257,0.013575393449412356,0.00152889045114849,0.0,0.0,0.05225301684215875,198
62.74,0.054442287193331926,0.013581913855825743,0.001529344304830515,0.0,0.0,0.05226728465985578,198
62.76,0.05445633372579299,0.013588215901279314,0.0015297957316712095,0.0,0.0,0.05228193453638301,198
62.78,0.05447042360546102,0.013594299703193511,0.0015302204965696536,0.0,0.0,0.0522969139866035,198
62.800000000000004,0.05448461964888733,0.013600165345229561,0.0015306390195681241,0.0,0.0,0.05231227525028508,198
62.82,0.054498927064385826,0.013608291900089648,0.001531055069695573,0.0,0.0,0.052328052755479304,198
62.84,0.05451333686657675,0.013618306202115156,0.0015314686516265743,0.0,0.0,0.05234462890391426,197
62.86,0.054529079951740965,0.013628083545756392,0.0015318797701275992,0.0,0.0,0.05236160029630115,197
62.88,0.0545460061991606,0.013637623932346033,0.001532288430051849,0.0,0.0,0.052378966542128265,197
62.9,0.05456309878163086,0.013646927371701862,0.0015326946363339287,0.0,0.0,0.05239672630705749,197
62.92,0.05458033888849575,0.013655993884777704,0.0015331347049207993,0.0,0.0,0.05241497329037552,197
62.940000000000005,0.054597714348282846,0.0136648235061112,0.0015336044886087746,0.0,0.0,0.052434028152537886,197
62.96,0.05461521188966089,0.013673416286047246,0.0015340717572333025,0.0,0.0,0.05245346685103763,197
62.980000000000004,0.05463375483870169,0.013681772292729889,0.0015345365160582152,0.0,0.0,0.05247328498969604,198
63.0,0.054653938458730046,0.013689891613868143,0.001534998770410274,0.0,0.0,0.052493477591120226,198
63.02,0.05467429821272773,0.013697774358291883,0.0015354585256761053,0.0,0.0,0.05251403916411939,198
63.04,0.05469482107537323,0.013705420657321835,0.0015359158677778885,0.0,0.0,0.0525349637650323,197
63.06,0.05471595593058997,0.01371283066598261,0.0015363707978764674,0.0,0.0,0.052556245052194354,197
63.08,0.05473725606442359,0.013720004564089438,0.0015368161003793902,0.0,0.0,0.05257785820340971,197
63.1,0.054758640196429884,0.013726942549509171,0.0015372653872198433,0.0,0.0,0.052599788983179234,197
63.120000000000005,0.05478012797441555,0.013733644843711855,0.001537730440743536,0.0,0.0,0.05262205537062923,197
63.14,0.0548030606919037,0.013740111706522245,0.0015381930859877904,0.0,0.0,0.05264464983933572,197
63.160000000000004,0.05482634802757504,0.013746343426162785,0.0015386532802630656,0.0,0.0,0.05266756463743056,197
63.18,0.05484977425311751,0.01375234032005197,0.0015391110136578413,0.0,0.0,0.05269079180571383,197
63.2,0.05487555532260458,0.01375810273557126,0.0015395662918426182,0.0,0.0,0.052714323191399216,197
63.22,0.05490149863810289,0.013763631050795517,0.0015400191269201796,0.0,0.0,0.052738150457579555,197
63.24,0.05492759074139977,0.013768925675178642,0.0015404695715823132,0.0,0.0,0.052762265088258806,197
63.26,0.05495381779757289,0.01377398705018516,0.0015409175784954908,0.0,0.0,0.05278665838862396,197
63.28,0.05498016558106441,0.013778815649859142,0.0015413631534871226,0.0,0.0,0.05281132148011931,197
63.300000000000004,0.055006619455852244,0.013783411981324692,0.0015418063285864466,0.0,0.0,0.05283624528995169,197
63.32,0.05503329274972064,0.01378838776228072,0.0015422471856522638,0.0,0.0,0.05286142053482821,197
63.34,0.05506037062876511,0.013794097759655033,0.0015426856878833165,0.0,0.0,0.05288683769907468,197
63.36,0.055087507330878985,0.0137995721415339,0.0015431218697609874,0.0,0.0,0.05291248700773205,197
63.38,0.05511468626425537,0.013804811541055749,0.0015435556502272304,0.0,0.0,0.052938651289855795,197
63.4,0.05514189024730207,0.013809816626293315,0.0015440000404222855,0.0,0.0,0.05296513710436282,197
63.42,0.05516910146514875,0.01381460406994437,0.001544461819324741,0.0,0.0,0.052991823374534924,196
63.440000000000005,0.0551979658391186,0.0138191589456267,0.0015449211816958948,0.0,0.0,0.053018698969554426,196
63.46,0.055227367669091844,0.013823481689056177,0.001545378133269208,0.0,0.0,0.053045752346664754,196
63.480000000000004,0.055256772325919905,0.013827573109472644,0.0015458306158292814,0.0,0.0,0.05307294276590698,196
63.5,0.055287737875858,0.01383143404142446,0.001546276826408291,0.0,0.0,0.05310023258089159,196
63.52,0.055319322624959505,0.01383506534602343,0.0015467206730958197,0.0,0.0,0.05312779314721429,196
63.54,0.055350970673834196,0.01383846793879357,0.0015471621772491307,0.0,0.0,0.053155753240026866,196
63.56,0.05538266612641984,0.013841642770321731,0.001547601302798782,0.0,0.0,0.053183826618994935,196
63.58,0.05541439267755472,0.013844590825879178,0.0015480380548191471,0.0,0.0,0.0532119993432701,197
63.6,0.05544613367257427,0.01384731312487198,0.0015484724671607794,0.0,0.0,0.05324025721348207,197
63.620000000000005,0.055477872178450884,0.013849819697833693,0.0015489045561243146,0.0,0.0,0.05326858584751292,197
63.64,0.055509591063777446,0.013852108315277589,0.0015493342851885157,0.0,0.0,0.05329697076526183,197
63.660000000000004,0.05554127308433532,0.013854174427039482,0.0015497801116715177,0.0,0.0,0.05332539747913521,196
63.68,0.055572959159112596,0.01385601917942683,0.0015502388579222632,0.0,0.0,0.053353851586653914,196
63.7,0.05560505215346344,0.013857644915503111,0.0015506952255823242,0.0,0.0,0.05338231886149027,196
63.72,0.05563706061487666,0.013860500627209112,0.001551149218421897,0.0,0.0,0.05341078533936939,196
63.74,0.05566897027049353,0.01386320981371901,0.0015516008400056655,0.0,0.0,0.05343923739563887,196
63.76,0.05570075740346017,0.0138656776170157,0.0015520501231148934,0.0,0.0,0.05346766181181648,196
63.78,0.05573240575658466,0.013867905278399985,0.0015524970787298066,0.0,0.0,0.05349604582907824,196
63.800000000000004,0.05576389942790854,0.013869894087434413,0.0015529416727136736,0.0,0.0,0.05352437718730918,196
63.82,0.055795228526527935,0.013871645383610652,0.001553383907830484,0.0,0.0,0.05355264414904839,196
63.84,0.055826377003808325,0.013873174191107654,0.0015538237866613944,0.0,0.0,0.05358083550825982,196
63.86,0.05585745128503292,0.013874468261412844,0.0015542613116132345,0.0,0.0,0.05360894058441244,196
63.88,0.05588861973541324,0.013875529050502149,0.0015547053850883934,0.0,0.0,0.05363689815318483,196
63.9,0.05591954607827088,0.013876358052942272,0.0015551504189386704,0.0,0.0,0.05366473046518781,195
63.92,0.05595022923853541,0.013876956792767675,0.0015555930811746623,0.0,0.0,0.05369244734045357,195
63.940000000000005,0.05598065549921389,0.013877370254933715,0.0015560333737009676,0.0,0.0,0.05372003988522239,195
63.96,0.0560108214006958,0.013879913168690828,0.001556471298296809,0.0,0.0,0.05374749952247791,195
63.980000000000004,0.05604070585705619,0.0138822062333216,0.0015569068566259365,0.0,0.0,0.05377481792556811,195
64.0,0.056071002814824196,0.013884250928812493,0.001557340050246185,0.0,0.0,0.053801986948043515,195
64.02,0.0561020689252507,0.013886048788182791,0.0015577708806185822,0.0,0.0,0.053828998551909486,195
64.04,0.05613288415089462,0.013887601396946619,0.0015581993491159535,0.0,0.0,0.05385584473666987,195
64.06,0.05616343953136618,0.013888910392690832,0.0015586254570309729,0.0,0.0,0.05388251747168222,197
64.08,0.056193710146174865,0.013889977464772343,0.0015590492055836097,0.0,0.0,0.053909008634470415,197
64.1,0.05622392268742561,0.013890804354130485,0.0015594706061255648,0.0,0.0,0.05393530995766059,197
64.12,0.05625517440402021,0.013891392853200344,0.0015598897232007125,0.0,0.0,0.053961412987118755,197
64.14,0.056286153375880915,0.013891744805903229,0.0015603064843611382,0.0,0.0,0.0539873090536263,197
64.16,0.05631684971687268,0.013891862107680123,0.001560720931647695,0.0,0.0,0.054012989260043345,198
64.18,0.056347259987237,0.013891746705524994,0.001561159025927524,0.0,0.0,0.054038444485347725,198
64.2,0.05637748036145521,0.013891400597966997,0.0015616023862250075,0.0,0.0,0.05406366540626669,199
64.22,0.056407718073786785,0.013890825834945626,0.0015620433853214529,0.0,0.0,0.054088642536430094,199
64.24,0.056437622202924906,0.0138900245175205,0.0015624820625688772,0.0,0.0,0.05411336628217263,199
64.26,0.056467180043827336,0.013888998797358837,0.0015629183530905446,0.0,0.0,0.05413782701330886,199
64.28,0.05649637882983662,0.013887750875948048,0.0015633522577876398,0.0,0.0,0.05416201514648354,199
64.3,0.05652520582147233,0.013886283003489102,0.0015637837775381552,0.0,0.0,0.05418592123812979,199
64.32000000000001,0.056553648401212665,0.013884606175152003,0.001564212913199473,0.0,0.0,0.05420953608363649,199
64.34,0.056581694170658295,0.013882734946769476,0.001564639665610812,0.0,0.0,0.05423290084325785,200
64.36,0.056609331046446394,0.013882229842790762,0.0015650640355955462,0.0,0.0,0.0542563129636746,200
64.38,0.056636788643189495,0.013881809339552758,0.0015654860239634352,0.0,0.0,0.05427940817148581,200
64.4,0.05666402894433887,0.01388116626646136,0.0015659056917161965,0.0,0.0,0.054302179208862385,199
64.42,0.0566908262556092,0.013880303338209561,0.0015663230206972496,0.0,0.0,0.05432461952310714,199
64.44,0.05671718064224994,0.013879223296760383,0.0015667558302694458,0.0,0.0,0.05434672333292131,199
64.46000000000001,0.0567430747067083,0.013877928907437128,0.0015671994717509582,0.0,0.0,0.05436848568087389,199
64.48,0.056768497893727725,0.01387642295486048,0.0015676407055418647,0.0,0.0,0.054389902471142615,199
64.5,0.05679344228795745,0.013874708238790435,0.0015680795323468426,0.0,0.0,0.05441097049214904,199
64.52,0.056817900690683654,0.013873092033817784,0.0015685159528670116,0.0,0.0,0.054431687424203574,200
64.54,0.05684186660547129,0.013873336891909378,0.001568949967801478,0.0,0.0,0.05445205183269776,200
64.56,0.05686533420985999,0.013873368271924487,0.001569381577848743,0.0,0.0,0.05447206314772614,200
64.58,0.05688829831425054,0.013874784197623481,0.0015698107837079916,0.0,0.0,0.054491721631292296,200
64.6,0.05691075430933294,0.013876578865707373,0.0015702375860802303,0.0,0.0,0.05451102833346828,200
64.62,0.056932698103544864,0.013878156892107382,0.0015706619856692928,0.0,0.0,0.054529985039015114,200
64.64,0.05695412605216776,0.013879520984789484,0.0015710839831826896,0.0,0.0,0.05454897908634688,200
64.66,0.05697503487973052,0.0138806738334793,0.001571503587504233,0.0,0.0,0.05456769814949169,200
64.68,0.05699542159743552,0.013881618106687548,0.001571970116476652,0.0,0.0,0.05458607577220085,200
64.7,0.05701525156948107,0.013882356449024748,0.001572439827507593,0.0,0.0,0.054604089450581185,200
64.72,0.0570345004625925,0.013882891470877491,0.0015728921788757638,0.0,0.0,0.054621725552180866,200
64.74,0.05705321917354164,0.013883255997838434,0.0015733420692838665,0.0,0.0,0.0546390334798029,200
64.76,0.0570714049955246,0.01388342301103079,0.0015737894996356776,0.0,0.0,0.05465601821841239,201
64.78,0.05708905508089854,0.01388339431587228,0.0015742344708398201,0.0,0.0,0.054672684920017464,201
64.8,0.0571061663640607,0.013883172407466362,0.0015746769838096396,0.0,0.0,0.05468903884033906,202
64.82000000000001,0.05712273549038216,0.013882759746958946,0.001575117039462997,0.0,0.0,0.05470508528209834,202
64.84,0.05713875875223219,0.013882590635937934,0.0015755546387220191,0.0,0.0,0.05472082954595289,202
64.86,0.0571541892653011,0.013883451810143672,0.001575978065603875,0.0,0.0,0.05473624582127907,203
64.88,0.05716904825324651,0.013884150359910615,0.0015763944259815069,0.0,0.0,0.054751358008907416,203
64.9,0.05718335991086207,0.013884666402908741,0.0015768083711682145,0.0,0.0,0.05476618349012586,203
64.92,0.05719710667553365,0.01388499794854637,0.001577219901890606,0.0,0.0,0.0547807272421594,203
64.94,0.05721028212857561,0.013885147240495572,0.0015776290188794465,0.0,0.0,0.05479499412762798,204
64.96000000000001,0.057222890035754474,0.013885311625734524,0.0015780357228694108,0.0,0.0,0.05480898889849369,204
64.98,0.05723588752622032,0.013887791310315156,0.0015784400190343483,0.0,0.0,0.054822716207759255,204
65.0,0.05724957251800849,0.013890081189445718,0.0015788661989552292,0.0,0.0,0.054836180628156976,204
65.02,0.05726276104784233,0.0138921831788542,0.0015793000932360181,0.0,0.0,0.054849386677020016,203
65.04,0.057275433347257355,0.013894099153489218,0.0015797315471823025,0.0,0.0,0.054862338846506147,203
65.06,0.057287579657939285,0.013895830947377723,0.0015801605614375956,0.0,0.0,0.05487504163834687,203
65.08,0.0572991937355156,0.013897380353431582,0.0015805871366490754,0.0,0.0,0.05488749960232386,203
65.1,0.057310268986080756,0.013898749123192368,0.0015810112734679117,0.0,0.0,0.05489971737767394,203
65.12,0.05732079849311673,0.01389993896650648,0.0015814329728796451,0.0,0.0,0.05491169973665052,201
65.14,0.05733077504585567,0.01390097381983596,0.0015818522883591383,0.0,0.0,0.05492345162942128,201
65.16,0.057340207384931806,0.013901841391031625,0.0015822691677321427,0.0,0.0,0.0549349782294736,201
65.18,0.057351809449241,0.013902534861574048,0.0015826836116942023,0.0,0.0,0.05494628497862188,202
65.2,0.05736481454672701,0.013903055769799827,0.0015830956209478726,0.0,0.0,0.05495737763065926,202
65.22,0.0573774208630015,0.013903405609592974,0.001583505196203631,0.0,0.0,0.05496826229263416,202
65.24,0.05738981254142167,0.013903585829631103,0.0015839123381808737,0.0,0.0,0.05497894546268215,202
65.26,0.05740207717135179,0.013903597832587612,0.0015843170476090161,0.0,0.0,0.054989434063328416,202
65.28,0.05741394025366347,0.013903442974307087,0.0015847193252286741,0.0,0.0,0.0549997354691733,202
65.3,0.057425401372459835,0.013903122562974612,0.0015851191969707842,0.0,0.0,0.05500985752792512,202
65.32000000000001,0.05743646026994866,0.013902637858303389,0.0015855166637771495,0.0,0.0,0.05501980857381404,202
65.34,0.05744711683807716,0.013901990070768377,0.0015859117013491651,0.0,0.0,0.05502959743252876,202
65.36,0.05745852006469611,0.013901180360916622,0.001586322920077011,0.0,0.0,0.05503923341696496,202
65.38,0.057470000892854776,0.013900209838787715,0.0015867402668499884,0.0,0.0,0.05504872631321752,202
65.4,0.057481134921593985,0.013899451704756602,0.001587155142421427,0.0,0.0,0.05505808635644752,202
65.42,0.057491925073308865,0.013900831181088693,0.0015875855295013196,0.0,0.0,0.055067324196440816,202
65.44,0.05750449955622851,0.013902037441935081,0.001588030135599714,0.0,0.0,0.055076450852883235,203
65.46000000000001,0.057517109247940706,0.013903071164325317,0.0015884722364915649,0.0,0.0,0.05508547766060994,203
65.48,0.057529477461448444,0.013903932970366973,0.0015889118330271893,0.0,0.0,0.05509441620530113,204
65.5,0.05754161005779253,0.013904623428115543,0.0015893489260896114,0.0,0.0,0.055103278250349434,204
65.52,0.05755345478697964,0.013905143052856056,0.0015897565976340938,0.0,0.0,0.05511202939702941,204
65.54,0.05756505632055528,0.013905492299781143,0.001590192256697011,0.0,0.0,0.05512071271101089,205
65.56,0.05757643864405925,0.013905671581288722,0.0015906409188059668,0.0,0.0,0.05512935496734346,205
65.58,0.05758760650538188,0.013906601774814158,0.0015910870666438312,0.0,0.0,0.05513796777204905,204
65.6,0.05759856410992461,0.013909084793654929,0.0015915307011553452,0.0,0.0,0.05514656245268662,204
65.62,0.057609307981515305,0.013911382079436093,0.001591969904913215,0.0,0.0,0.05515541574496852,204
65.64,0.05761976050894758,0.013913493598408969,0.001592401281480119,0.0,0.0,0.055164324106222795,204
65.66,0.05763142999991653,0.013915419269791646,0.001592868192178819,0.0,0.0,0.055173221939782094,204
65.68,0.05764361983271961,0.013917158994909059,0.0015933325596091958,0.0,0.0,0.05518214177714961,204
65.7,0.057655815222872706,0.013918712645425263,0.0015937943849314835,0.0,0.0,0.0551910921651885,204
65.72,0.05766826109907842,0.013920080071851403,0.0015942536693515812,0.0,0.0,0.0552000808623027,204
65.74,0.05768059241785198,0.013921261109750215,0.0015947104340543685,0.0,0.0,0.055209114784811546,204
65.76,0.05769280924626833,0.013922255586200348,0.001595164725708571,0.0,0.0,0.0552181999663513,204
65.78,0.05770491052172643,0.013923088737362777,0.0015956164876111695,0.0,0.0,0.055227341531090816,204
65.8,0.05771689403114665,0.013923735827532384,0.0015960815023693274,0.0,0.0,0.055236543681139415,204
65.82000000000001,0.05772875640432699,0.013924195804515106,0.0015965619417213537,0.0,0.0,0.05524596920069023,204
65.84,0.05774049312104382,0.013924468528422248,0.0015970398149443843,0.0,0.0,0.05525571281933608,204
65.86,0.05775243327439334,0.013924553884133134,0.0015975151235314352,0.0,0.0,0.05526552367902711,204
65.88,0.057766263638837044,0.013924451787515401,0.0015979878690093857,0.0,0.0,0.05527540244085447,203
65.9,0.05778004215597725,0.013924162191310938,0.0015984580529367297,0.0,0.0,0.055285348977204433,203
65.92,0.05779376378645407,0.013923685090620542,0.0015989257153672337,0.0,0.0,0.05529536242905139,203
65.94,0.05780742268050045,0.01392302052793074,0.0015993908424185796,0.0,0.0,0.05530544126923964,203
65.96000000000001,0.05782101223864831,0.013922168597637832,0.001599866992633463,0.0,0.0,0.05531558336965499,203
65.98,0.057834451009624394,0.013921129450035917,0.0016003504285892294,0.0,0.0,0.055325683532315706,203
66.0,0.05784780479270128,0.013919920997195136,0.0016008313099136631,0.0,0.0,0.05533584057931764,203
66.02,0.057861065645612504,0.013918538404358763,0.0016013097584825547,0.0,0.0,0.05534605173344212,203
66.04,0.05787422457593993,0.01391696938345171,0.0016017856747367633,0.0,0.0,0.055356591823555616,202
66.06,0.057887272127968,0.013915214337121812,0.0016022590599894001,0.0,0.0,0.05536730480700892,202
66.08,0.05790019842461194,0.013913273735416077,0.0016027299155719093,0.0,0.0,0.05537805905553662,202
66.1,0.05791299320129181,0.013911148116445862,0.0016031982428323514,0.0,0.0,0.05538886799985382,202
66.12,0.0579256458310012,0.01390883808655983,0.0016036640431337566,0.0,0.0,0.05540010559020527,202
66.14,0.05793814534009814,0.013906344320060052,0.0016041273178525367,0.0,0.0,0.05541136988602598,202
66.16,0.05795048928037736,0.013903667558502133,0.0016045880683769565,0.0,0.0,0.05542265596677065,203
66.18,0.057962660717214724,0.013900808609625328,0.0016050462961056402,0.0,0.0,0.05543395881329097,203
66.2,0.057974644133293514,0.013897768345963112,0.0016055020024461084,0.0,0.0,0.05544556530966987,203
66.22,0.057986427141698396,0.013894547703188475,0.0016059551888133212,0.0,0.0,0.055457303676070706,203
66.24,0.05799799695379676,0.013891147678250894,0.0016064058566282442,0.0,0.0,0.05546904261214541,203
66.26,0.058009340347315835,0.013887569327362865,0.0016068805033654964,0.0,0.0,0.05548124530162831,203
66.28,0.05802044363109563,0.013883813763893367,0.0016073572699834649,0.0,0.0,0.055493459550949746,203
66.3,0.05803129260868138,0.01387988215622281,0.0016078471815340815,0.0,0.0,0.05550592369417535,203
66.32000000000001,0.05804187254311054,0.01387577572560921,0.001608344122889093,0.0,0.0,0.05551851186023256,203
66.34,0.05805216812530217,0.013871495744108338,0.0016088384636475295,0.0,0.0,0.05553107016563759,203
66.36,0.058063867757526054,0.013867043532582203,0.0016093302051415602,0.0,0.0,0.05554359211659973,203
66.38,0.058075453317642474,0.01386242045882,0.0016098193487006757,0.0,0.0,0.05555607098511626,203
66.4,0.05808677453130338,0.013857627935785056,0.0016103058956503948,0.0,0.0,0.05556889771136136,203
66.42,0.05809778448722707,0.013854085125808636,0.0016107914052478191,0.0,0.0,0.05558164471184062,203
66.44,0.058108379496655004,0.013851241511078922,0.0016112675002032143,0.0,0.0,0.05559420821360073,203
66.46000000000001,0.05811862489839533,0.013848224696748516,0.0016117370625978017,0.0,0.0,0.05560666213235897,203
66.48,0.05812860527962028,0.013845036170879848,0.00161220404678179,0.0,0.0,0.05561903605369138,203
66.5,0.058138647522135246,0.013841677471187468,0.001612668454146638,0.0,0.0,0.05563132244586101,203
66.52,0.05814832840818412,0.013838150171472373,0.0016131302860725439,0.0,0.0,0.055643513854227916,203
66.54,0.05815763070996614,0.013834455880220711,0.0016135895439282329,0.0,0.0,0.055655602988209166,202
66.56,0.058166537053052546,0.013830596239124622,0.001614046229070951,0.0,0.0,0.05566758281424446,202
66.58,0.05817503736487108,0.01382657292148812,0.001614500342846675,0.0,0.0,0.05567944665235945,202
66.6,0.058183111541014576,0.013822392388924654,0.001614965145289667,0.0,0.0,0.055691188273791464,202
66.62,0.05819073764788836,0.013818890288095034,0.001615448731806567,0.0,0.0,0.05570309219081902,202
66.64,0.058198463654249445,0.013816052837611193,0.001615929717840665,0.0,0.0,0.055714980804565446,202
66.66,0.05820844503291043,0.013813052345340707,0.001616408104638816,0.0,0.0,0.05572673166206205,202
66.68,0.05821943301937988,0.013809890656029496,0.0016168838934397683,0.0,0.0,0.05573834124891705,202
66.7,0.05823009658099986,0.013806569630485292,0.0016173570854757496,0.0,0.0,0.0557498069199945,202
66.72,0.05824042755799507,0.01380309114272512,0.0016178277132388671,0.0,0.0,0.05576143283544235,201
66.74,0.05825056109545817,0.013800279765800196,0.0016182957836891835,0.0,0.0,0.05577301263875104,200
66.76,0.058260665327048135,0.013800915249836976,0.001618761261622868,0.0,0.0,0.055784445795275105,200
66.78,0.058270416231923146,0.01380148766774212,0.0016192241482693099,0.0,0.0,0.05579573355544544,200
66.8,0.0582798085598892,0.013801893163408772,0.0016196844448612643,0.0,0.0,0.05580687817930069,200
66.82000000000001,0.058288837757853165,0.013802133474397894,0.001620142152637257,0.0,0.0,0.05581788292259235,200
66.84,0.05829749992890172,0.013802210330988742,0.0016205972728441207,0.0,0.0,0.05582875200920784,200
66.86,0.05830602705057292,0.0138036132756272,0.0016210498067396558,0.0,0.0,0.05583961538749544,200
66.88,0.058315551407103504,0.01380603465761625,0.0016214997555954694,0.0,0.0,0.055850643236256166,200
66.9,0.058324863656425516,0.013810018930980961,0.0016219471206999777,0.0,0.0,0.05586155293053129,200
66.92,0.058334199332453374,0.01381381312722306,0.0016223919033616081,0.0,0.0,0.055872356850722775,199
66.94,0.05834321147281802,0.013817418646854504,0.0016228341049122424,0.0,0.0,0.05588356470655415,199
66.96000000000001,0.05835190066941456,0.013820836864644259,0.0016232737267109078,0.0,0.0,0.05589467826837345,199
66.98,0.05836026763946753,0.013824069126671201,0.0016237108016667215,0.0,0.0,0.05590570676307893,199
67.0,0.05836831310398096,0.013828898241806796,0.0016241453537690696,0.0,0.0,0.055916659763444954,200
67.02,0.05837603766105524,0.013833763838765997,0.0016245773703393751,0.0,0.0,0.05592754707575936,200
67.04,0.05838435400402078,0.013838428727279148,0.001625006822685995,0.0,0.0,0.05593837862433266,200
67.06,0.058394046966646976,0.013842894360765953,0.0016254337473803966,0.0,0.0,0.055949164334681556,200
67.08,0.05840349815219416,0.01384716215515117,0.001625881525079622,0.0,0.0,0.0559599140173802,200
67.1,0.05841270947454017,0.013851233487700192,0.001626373772030308,0.0,0.0,0.055970637254738574,200
67.12,0.058421682202382516,0.013855109696314111,0.0016268688239372449,0.0,0.0,0.05598134329263944,200
67.14,0.05843042123229477,0.013858792079264765,0.0016273611717624158,0.0,0.0,0.055992040939948834,201
67.16,0.05843892919700853,0.01386228189534317,0.0016278508177307736,0.0,0.0,0.05600273847797537,201
67.18,0.05844719748429908,0.013865580364387403,0.0016283377641598522,0.0,0.0,0.056013443582407604,201
67.2,0.05845553279080977,0.01386868866814903,0.0016288220134680906,0.0,0.0,0.056024163260027814,201
67.22,0.05846424829432438,0.013871674952162573,0.0016293035681833393,0.0,0.0,0.056034903802254996,201
67.24,0.05847315796934379,0.013878142827996598,0.0016297656021134342,0.0,0.0,0.056045596157678804,201
67.26,0.0584818030600542,0.013884599769045984,0.0016302224937506677,0.0,0.0,0.056056308349489534,201
67.28,0.05849037648206232,0.01389086904672725,0.0016307041028905138,0.0,0.0,0.05606705586871585,201
67.3,0.05849894364890695,0.013896926860703672,0.001631190246838682,0.0,0.0,0.056077842066037026,201
67.32000000000001,0.05850722828561772,0.013902773887479975,0.0016316737587611413,0.0,0.0,0.056088669637367396,201
67.34,0.058515220121351484,0.013908410798384768,0.0016321546412499256,0.0,0.0,0.056099540693813454,201
67.36,0.05852419918910182,0.013914681799139204,0.0016326328970660542,0.0,0.0,0.056110456847204164,201
67.38,0.058534881842044105,0.013921339381673564,0.001633108536870969,0.0,0.0,0.05612183233012687,201
67.4,0.0585463407547374,0.01392778555007603,0.0016335815924138411,0.0,0.0,0.05613327347294383,202
67.42,0.05855762167573888,0.013934020966035842,0.0016340520614308283,0.0,0.0,0.056144762049493466,202
67.44,0.058568716658246006,0.013940067593984902,0.0016345199266806164,0.0,0.0,0.05615629872240725,202
67.46000000000001,0.058580055660607325,0.013945913289526534,0.001634985181913815,0.0,0.0,0.05616788419133692,202
67.48,0.05859381598912057,0.01395155021563208,0.00163544788016205,0.0,0.0,0.05617951929264254,202
67.5,0.05860906385423718,0.013956979066708505,0.0016359079798237658,0.0,0.0,0.05619120508706875,202
67.52,0.0586242796934015,0.013962200544792566,0.0016363654818290934,0.0,0.0,0.05620294293221073,202
67.54,0.058639878834392735,0.013967215358395386,0.0016368203905442434,0.0,0.0,0.05621473453727577,202
67.56,0.05865548727797755,0.013972024221002466,0.001637272738984866,0.0,0.0,0.05622658199846846,202
67.58,0.05867106089061819,0.01397662784931973,0.0016377225240058284,0.0,0.0,0.056238487814157155,202
67.6,0.05868659957188516,0.0139810269613614,0.0016381697298236233,0.0,0.0,0.05625045487980933,202
67.62,0.05870251486017984,0.013985222274476359,0.0016386143614136298,0.0,0.0,0.056262486463464136,202
67.64,0.05871844268923879,0.013989214503406717,0.0016390564238821118,0.0,0.0,0.05627458616316432,202
67.66,0.05873433617405938,0.01399300435846582,0.0016394959393845594,0.0,0.0,0.0562867578483323,200
67.68,0.05875019600725531,0.013996592543913717,0.001639932992996412,0.0,0.0,0.05629900558748283,200
67.7,0.05876602289069017,0.013999979756597006,0.0016403675413520144,0.0,0.0,0.05631133356490708,201
67.72,0.05878181743883266,0.01400322969689738,0.0016407995426186137,0.0,0.0,0.05632374598907295,201
67.74,0.058797580076257974,0.01401116806216695,0.0016412290333182545,0.0,0.0,0.05633624699542165,201
67.76,0.05881331093178321,0.014019941991794073,0.0016416560053120256,0.0,0.0,0.05634884054605948,201
67.78,0.05882909956401967,0.014028495311393958,0.0016421042998826262,0.0,0.0,0.05636153032852163,201
67.8,0.058845351920802216,0.014036828507995149,0.0016425602117627423,0.0,0.0,0.05637431965542238,201
67.82000000000001,0.05886197956293459,0.014044942057588074,0.001643013604171306,0.0,0.0,0.0563875403410142,201
67.84,0.05887856948709846,0.014052836426311822,0.0016434644534483297,0.0,0.0,0.05640094991654978,201
67.86,0.05889512018871946,0.014060512072037273,0.0016439127653969869,0.0,0.0,0.05641446525192682,202
67.88,0.05891163888721492,0.014067969446334018,0.0016443585458157267,0.0,0.0,0.0564280872137763,202
67.9,0.05892812547652553,0.014075208996807352,0.0016448018004846217,0.0,0.0,0.05644181583978223,202
67.92,0.05894456185268922,0.014082231169790741,0.0016452425351512646,0.0,0.0,0.056455761801147024,202
67.94,0.058960936151037,0.01408903641337827,0.001645680755516238,0.0,0.0,0.05647010963019703,202
67.96000000000001,0.05897724004327484,0.014095625180779964,0.0016461164672182584,0.0,0.0,0.05648455800255267,202
67.98,0.058993463886113116,0.014101997933979581,0.0016465496758190656,0.0,0.0,0.05649910290933765,202
68.0,0.059009596658895117,0.014108155147669332,0.0016469804134016542,0.0,0.0,0.05651373917941871,202
68.02,0.05902562591166503,0.014114097313428931,0.0016474086785489223,0.0,0.0,0.05652846043786265,202
68.04,0.059041537726379434,0.014119824944106693,0.0016478344572953556,0.0,0.0,0.05654325907800504,202
68.06,0.05905731669420917,0.014125338578349718,0.0016482577547471693,0.0,0.0,0.05655812625008103,202
68.08,0.05907294591190441,0.014131134838397494,0.0016486785758598884,0.0,0.0,0.056573051869390566,202
68.1,0.05908838409516852,0.01413790864127986,0.0016490979931630657,0.0,0.0,0.056588000646522606,202
68.12,0.05910360431227254,0.014144453640884815,0.0016495163423806704,0.0,0.0,0.05660295268088525,202
68.14,0.05911861541596844,0.014150771289577296,0.0016499322284070788,0.0,0.0,0.056617925928306896,202
68.16,0.059133394951014266,0.014156854155719895,0.0016503456554571676,0.0,0.0,0.05663290591726639,202
68.18,0.05914792886789875,0.01416270284477064,0.0016507566275460203,0.0,0.0,0.056647877344217154,202
68.2,0.05916218399018376,0.01416831804368749,0.0016511651484844279,0.0,0.0,0.05666282422745922,202
68.22,0.05917613386886585,0.014173700524818677,0.0016515712218764915,0.0,0.0,0.05667773008037736,202
68.24,0.059189750029761214,0.014178851148841716,0.001651974152753015,0.0,0.0,0.056692576384094896,202
68.26,0.05920294425446748,0.014183770865897808,0.0016523552644102776,0.0,0.0,0.05670730029006154,202
68.28,0.059215753363036576,0.014188460696466381,0.0016527340270977397,0.0,0.0,0.05672193254955702,202
68.3,0.059230036471287884,0.01419292177332972,0.0016531104082668033,0.0,0.0,0.056736456611883125,202
68.32000000000001,0.059244197996812145,0.01419715531869784,0.0016534844170280176,0.0,0.0,0.05675085640753159,202
68.34,0.05925797619661924,0.014201162641802751,0.00165385606214164,0.0,0.0,0.05676511653221937,202
68.36,0.05927249773218734,0.014204945135517743,0.001654225320815508,0.0,0.0,0.05677922241565705,202
68.38,0.059287607522371645,0.014209534759387155,0.0016545921949683376,0.0,0.0,0.056793160471858395,202
68.4,0.05930234760710287,0.01421434350783411,0.00165495669394606,0.0,0.0,0.0568069182287668,201
68.42,0.05931670020593465,0.01421892824109226,0.0016553188966746473,0.0,0.0,0.05682048443589764,201
68.44,0.05933064858775347,0.014223290624419519,0.0016556787811763181,0.0,0.0,0.056833849149579896,201
68.46000000000001,0.059344198922775905,0.014227432378990554,0.0016560362877585946,0.0,0.0,0.05684700379613559,201
68.48,0.05935776478618207,0.014231355274975967,0.0016563914177218611,0.0,0.0,0.05685994121394618,202
68.5,0.05937088231948134,0.01423506112445629,0.0016567441722786624,0.0,0.0,0.05687265567582188,202
68.52,0.059383539303756366,0.01423855177427907,0.0016570945525646705,0.0,0.0,0.05688514289339713,202
68.54,0.05939572463055463,0.014241829098956663,0.0016574425596491238,0.0,0.0,0.056897400005430546,202
68.56,0.05940742826269477,0.014244894993691455,0.0016577881945446966,0.0,0.0,0.056909425551944635,202
68.58,0.059418621461272636,0.014247751367603862,0.0016581261230055487,0.0,0.0,0.0569212034624963,202
68.60000000000001,0.05942925357065211,0.01425040012558108,0.001658444839747532,0.0,0.0,0.05693270044774291,202
68.62,0.05943978278123019,0.01425284970727686,0.0016587612238018082,0.0,0.0,0.056943969478109195,202
68.64,0.05945104453710754,0.014256757453889447,0.0016590752760283526,0.0,0.0,0.056955014219687114,203
68.66,0.05946184834621451,0.014260499737536432,0.0016593870146577522,0.0,0.0,0.056965839458363435,204
68.68,0.05947218631079204,0.014264033793568092,0.0016596964525830476,0.0,0.0,0.056976451022620965,204
68.7,0.05948205611256577,0.014267361583746935,0.0016600035612696917,0.0,0.0,0.056986855701638806,204
68.72,0.0594914670783083,0.014270485043441247,0.0016603083415412006,0.0,0.0,0.05699706115933477,203
68.74,0.059501142714964615,0.01427340607811686,0.001660610794224382,0.0,0.0,0.05700707584489911,203
68.76,0.05951179732255605,0.01427612656033925,0.0016609245498179826,0.0,0.0,0.057016908900317374,202
68.78,0.05952250985546359,0.014278648327296145,0.001661254844874499,0.0,0.0,0.05702657006538969,202
68.8,0.059532854938850216,0.014280973178847904,0.0016615827992266688,0.0,0.0,0.057036069580799605,202
68.82000000000001,0.05954303529945178,0.014283102876109718,0.0016619084299618976,0.0,0.0,0.05704541808989373,202
68.84,0.059553088449244375,0.01428503914056587,0.0016622318388510803,0.0,0.0,0.057054625345835164,202
68.86,0.05956270106478385,0.01428678365394863,0.0016625613890740752,0.0,0.0,0.0570636273165979,202
68.88,0.059571938198794645,0.014288338073101902,0.001662888545513038,0.0,0.0,0.0570725117225354,202
68.9,0.05958189194251444,0.014289704000558387,0.001663213309356827,0.0,0.0,0.057081289841259694,202
68.92,0.059592325437924185,0.01429088300082877,0.0016635356818183826,0.0,0.0,0.05708997287700102,202
68.94,0.0596024611012593,0.014291876601994399,0.0016638556641359378,0.0,0.0,0.05709857187778208,202
68.96000000000001,0.05961228962849014,0.014292686297709726,0.0016641886797390116,0.0,0.0,0.05710708278475368,202
68.98,0.05962174684670541,0.014293313552246174,0.0016645385076861647,0.0,0.0,0.05711544061692948,202
69.0,0.05963088773430003,0.014293759813304876,0.0016648871907999525,0.0,0.0,0.05712412970963224,202
69.02,0.05963974084993108,0.014294026490700319,0.0016652334539812594,0.0,0.0,0.057132821270441746,201
69.04,0.059648306955796905,0.014294114966635114,0.0016655772986722659,0.0,0.0,0.057141478918187244,201
69.06,0.05965658604043415,0.014294026603073872,0.0016659187263401898,0.0,0.0,0.05715011157169357,200
69.08,0.059664577301947165,0.014293762744928577,0.0016662826020918079,0.0,0.0,0.05715872771146417,200
69.10000000000001,0.05967227914333822,0.014293324723181641,0.0016666537139920954,0.0,0.0,0.05716733539078096,200
69.12,0.05968012610834873,0.014292713857873075,0.001667048852181833,0.0,0.0,0.057175942258173865,201
69.14,0.05968881426369049,0.01429334433955503,0.0016674483201533717,0.0,0.0,0.05718466776413359,202
69.16,0.05969725452340549,0.014295057321278637,0.0016678452917820506,0.0,0.0,0.05719370826018813,202
69.18,0.05970544564853053,0.014296587199741287,0.0016682397687556884,0.0,0.0,0.057202768304911666,202
69.2,0.05971339138362361,0.014297935088891389,0.001668631752795187,0.0,0.0,0.05721185430403786,202
69.22,0.05972108113292258,0.014299102097905168,0.0016690212456544969,0.0,0.0,0.05722137683736452,202
69.24,0.05972851355838888,0.01430008933202694,0.0016694082774071086,0.0,0.0,0.05723094357178432,202
69.26,0.05973688527201121,0.014300897893055097,0.0016697928318591586,0.0,0.0,0.05724055391018402,202
69.28,0.05974534686332594,0.01430247161659263,0.001670202699474647,0.0,0.0,0.05725021365670479,202
69.3,0.05975357401367302,0.014304427252272829,0.0016706390009982688,0.0,0.0,0.05725992852506512,202
69.32000000000001,0.05976156879150192,0.014306212424845456,0.001671073751761164,0.0,0.0,0.057269704144093866,202
69.34,0.05976931642316591,0.01430857671392341,0.001671505995588072,0.0,0.0,0.05727954605372534,202
69.36,0.059778334522000716,0.014312344384377161,0.0016719357033422224,0.0,0.0,0.05728945969234792,202
69.38,0.05978797754176541,0.014317610290706077,0.001672350925315606,0.0,0.0,0.05729941580127571,202
69.4,0.05979960379627265,0.014323164490830818,0.001672760720333341,0.0,0.0,0.057309445646879904,202
69.42,0.0598113536285533,0.0143308100983626,0.0016731680277628227,0.0,0.0,0.057319562705634416,203
69.44,0.059823023186679244,0.014338634351941945,0.001673572849201179,0.0,0.0,0.057329771770468003,205
69.46000000000001,0.05983461087139683,0.014346246769801438,0.001673975204807347,0.0,0.0,0.05734007740358961,205
69.48,0.05984611459375986,0.014353648004106118,0.0016743751210417462,0.0,0.0,0.05735048391295221,205
69.5,0.0598575317464103,0.014360838685647661,0.0016747725568247332,0.0,0.0,0.05736099533423555,206
69.52,0.05986885918128301,0.014367819422821934,0.0016751675465684784,0.0,0.0,0.057371615419725595,206
69.54,0.059880093194606,0.014374590800710905,0.001675560072167537,0.0,0.0,0.05738234763496853,206
69.56,0.05989122951955632,0.014381153380272028,0.0016759501959350048,0.0,0.0,0.057393577021382584,206
69.58,0.05990226332640677,0.01438750769763676,0.0016763378729087086,0.0,0.0,0.05740495220686129,205
69.60000000000001,0.05991318922951352,0.014393654263519368,0.0016767230786711544,0.0,0.0,0.05741644778329385,205
69.62,0.05992400130006606,0.01439959356273858,0.0016771058151534874,0.0,0.0,0.057428066193385995,205
69.64,0.05993512962175852,0.014405326053856981,0.0016774860843155864,0.0,0.0,0.057439809688140685,205
69.66,0.059947243710750116,0.014410852168946555,0.0016778638881440855,0.0,0.0,0.0574516803609594,205
69.68,0.059959271872798744,0.014416172313492914,0.0016782392286502342,0.0,0.0,0.0574636801828211,205
69.7,0.059971215896949634,0.01442128686645528,0.0016786246891201746,0.0,0.0,0.05747581103646917,205
69.72,0.05998310247047941,0.014426196180503911,0.001679022485416005,0.0,0.0,0.05748807474753455,205
69.74,0.059997016166359315,0.01443090058246081,0.001679417779064767,0.0,0.0,0.05750047311057462,205
69.76,0.06001089881710856,0.014435400373973015,0.0016798700868577683,0.0,0.0,0.05751300790819825,205
69.78,0.06002474600013658,0.014439695832450085,0.001680358607476738,0.0,0.0,0.0575256809217081,205
69.8,0.060038553047715056,0.014443787212298066,0.0016808445138198084,0.0,0.0,0.057538493932067225,205
69.82000000000001,0.060052315026360804,0.014447674746480904,0.0016813278080154924,0.0,0.0,0.05755144871045458,205
69.84,0.060066026705209136,0.014452270166508206,0.001681808492198038,0.0,0.0,0.057564546998233795,205
69.86,0.06007968251379702,0.014459007590835491,0.0016822865685023711,0.0,0.0,0.05757779047674353,205
69.88,0.060093276490313874,0.014467027077590934,0.0016827620417428383,0.0,0.0,0.057591180727948096,205
69.9,0.06010680736769729,0.014474804426045216,0.0016832349395997106,0.0,0.0,0.05760471918760027,204
69.92,0.060120270547851226,0.014482339747902858,0.0016837052359814962,0.0,0.0,0.05761840709309704,204
69.94,0.06013365112693124,0.014489633163475546,0.0016841729774261449,0.0,0.0,0.057632245428656186,204
69.96000000000001,0.06014824464477334,0.014496684805299656,0.0016846381363197853,0.0,0.0,0.05764623487070957,204
69.98,0.06016363460067948,0.014503494822113638,0.0016851006999708577,0.0,0.0,0.05766037573650899,204
70.0,0.06017901473909248,0.014510063383108835,0.0016855607300807155,0.0,0.0,0.057674667938825044,204
70.02,0.06019436196577518,0.014516390682349183,0.0016860182049632426,0.0,0.0,0.05768911094930063,204
70.04,0.06020966838289553,0.014522476943243797,0.0016864730915700655,0.0,0.0,0.05770370377252,204
70.06,0.06022493525692576,0.014528322422948077,0.0016869321578887782,0.0,0.0,0.05771844493220129,204
70.08,0.060240145344416705,0.014533927416567949,0.0016874160491596553,0.0,0.0,0.05773333247016847,204
70.10000000000001,0.06025525200580431,0.01453933000280714,0.0016879045122591685,0.0,0.0,0.05774831632113849,204
70.12,0.06027092672806549,0.014544501285605119,0.0016883930254233312,0.0,0.0,0.05776342346536641,204
70.14,0.06028680556759859,0.014549433193451719,0.0016888788836479176,0.0,0.0,0.057778796989379995,204
70.16,0.060303006283165005,0.014554126207376563,0.0016893628738228277,0.0,0.0,0.057794586836606404,204
70.18,0.06031912267225083,0.014558580860699397,0.0016898774422158917,0.0,0.0,0.05781050644317147,204
70.2,0.06033510627853882,0.014562797740076005,0.001690389355722733,0.0,0.0,0.05782655155473676,204
70.22,0.06035094274247878,0.014566777485887155,0.0016908986081148314,0.0,0.0,0.05784271769774303,204
70.24,0.060368337474021365,0.014570520791999227,0.001691405179250285,0.0,0.0,0.05785900023055901,204
70.26,0.06038623542939898,0.014574028404946423,0.001691909070230816,0.0,0.0,0.057875394391418734,204
70.28,0.060404042712741156,0.01457730112260203,0.0016924102820966886,0.0,0.0,0.05789189534157936,204
70.3,0.060422901131431166,0.01458033979241904,0.001692908815833968,0.0,0.0,0.057908498202576396,204
70.32000000000001,0.06044205330950011,0.014583145309328466,0.001693404672382553,0.0,0.0,0.057925198086875525,204
70.34,0.06046322247315444,0.014585718613386906,0.0016938978526448364,0.0,0.0,0.057941990121617375,203
70.36,0.060484568147704386,0.014588060687263826,0.0016943883574947294,0.0,0.0,0.05795888899275394,204
70.38,0.060505896569284665,0.014590172553654033,0.001694908867680843,0.0,0.0,0.05797626243575413,204
70.4,0.060527199307386856,0.01459205527269287,0.0016954283796225907,0.0,0.0,0.05799371313001053,204
70.42,0.06054846784891744,0.014593709939441464,0.001695945183411223,0.0,0.0,0.0580112363671739,205
70.44,0.060569693587467055,0.01459587129963361,0.0016964593330761912,0.0,0.0,0.05802882747769053,205
70.46000000000001,0.060590867808158845,0.014598612866586086,0.0016970016077741154,0.0,0.0,0.058046890758302536,205
70.48,0.060612416763203676,0.014601125006592861,0.001697544748900362,0.0,0.0,0.058065093361075355,205
70.5,0.060633921525898964,0.01460343463686225,0.0016980851507607923,0.0,0.0,0.05808334929820202,205
70.52,0.06065534715365138,0.01460552019138561,0.0016986228142196185,0.0,0.0,0.058101653920679314,205
70.54,0.06067669012004361,0.014607379962883296,0.0016991618415741424,0.0,0.0,0.05812000253719228,205
70.56,0.060697916710163106,0.014609015229614355,0.00169972857927919,0.0,0.0,0.058138364831221735,205
70.58,0.06071900003260564,0.014610427297102624,0.0017003210695050624,0.0,0.0,0.058157103240421344,205
70.60000000000001,0.060739965346087346,0.014611617494705893,0.0017009107285091466,0.0,0.0,0.05817590869666434,205
70.62,0.060762465973891684,0.014612587164816636,0.001701497557498593,0.0,0.0,0.05819473800678109,205
70.64,0.06078489037333352,0.014613337670464984,0.0017020815577368583,0.0,0.0,0.05821358591847384,204
70.66,0.06080722422504045,0.014613870395227584,0.001702662730544001,0.0,0.0,0.05823244699899077,203
70.68,0.060829416799222054,0.014615998762148516,0.0017032415288689665,0.0,0.0,0.058251273712583346,202
70.7,0.060851490322692964,0.01461863627504544,0.0017038176082201434,0.0,0.0,0.0582700924056908,202
70.72,0.06087344438060515,0.014621039579527378,0.0017043908662574185,0.0,0.0,0.05828890666281537,202
70.74,0.060895268635310806,0.014623209778668895,0.0017049613045118412,0.0,0.0,0.058307710170107725,202
70.76,0.06091695237154676,0.014625148000996785,0.0017055289245646258,0.0,0.0,0.05832649637110631,202
70.78,0.06093848448983766,0.014626855402740929,0.0017060937280447112,0.0,0.0,0.0583452584661089,203
70.8,0.060959853504072015,0.014628333170247506,0.0017066557166260583,0.0,0.0,0.0583639894160125,203
70.82000000000001,0.06098104754334285,0.014629582522517106,0.001707214981988274,0.0,0.0,0.05838268195072286,203
70.84,0.061002054358139185,0.014630604713825435,0.0017077714692524345,0.0,0.0,0.05840153793395337,203
70.86,0.06102282966615961,0.014631985947846751,0.0017083250758070673,0.0,0.0,0.058420508928573915,204
70.88,0.06104335361292454,0.014634315302260914,0.0017088757859337435,0.0,0.0,0.05843937333651135,204
70.9,0.06106365149296835,0.01463641064403615,0.0017094236869316395,0.0,0.0,0.058458333881580435,204
70.92,0.06108370969503209,0.014638273545254406,0.0017099687807930895,0.0,0.0,0.058477473713619416,204
70.94,0.061103514329044734,0.014639905622192178,0.0017105110695313957,0.0,0.0,0.05849652675946343,204
70.96000000000001,0.06112305126002088,0.014641308537327856,0.001711050555177777,0.0,0.0,0.05851548477383025,204
70.98,0.06114230614606218,0.014642484001044906,0.001711587239778427,0.0,0.0,0.058534339523237736,204
71.0,0.061161264479775795,0.014643433772977254,0.0017121211253917435,0.0,0.0,0.05855308283725379,205
71.02,0.061179911632125814,0.01464415966295023,0.0017126522590919064,0.0,0.0,0.058571706662594446,205
71.04,0.06119823289746998,0.01464466353148,0.0017131806050064658,0.0,0.0,0.058590203118828184,205
71.06,0.061216213538292784,0.01464494728980577,0.001713710773997605,0.0,0.0,0.05860867546739846,205
71.08,0.06123406399093365,0.014645012899442058,0.0017142592066785027,0.0,0.0,0.058627401727835406,205
71.10000000000001,0.061251780453068796,0.014644873701090688,0.0017148048116517225,0.0,0.0,0.058646144543194924,205
71.12,0.061269111677422466,0.014644538443878068,0.0017153475909541694,0.0,0.0,0.05866497901617771,205
71.14,0.061286043182524994,0.014643991162901214,0.001715887546622007,0.0,0.0,0.05868364997816631,205
71.16,0.06130256061680952,0.014643234007064557,0.0017164246962982797,0.0,0.0,0.058702151647279474,205
71.18,0.06131862164056492,0.014642269166609035,0.0017169515468858595,0.0,0.0,0.05872045590627005,205
71.2,0.061334586152729596,0.01464109885179745,0.0017174613580644036,0.0,0.0,0.05873853741285192,205
71.22,0.061351248345364484,0.014639725291773011,0.0017179683882041004,0.0,0.0,0.05875643520269513,205
71.24,0.061367488263723055,0.01463815078305378,0.0017184726393467786,0.0,0.0,0.05877414545005416,205
71.26,0.061383655255474824,0.014636377650928166,0.0017189741135279057,0.0,0.0,0.058791664812014546,204
71.28,0.06140129448896215,0.014634408246054074,0.0017194728328518009,0.0,0.0,0.058808990411520705,204
71.3,0.06141898250203868,0.014632244941068963,0.0017199687797373826,0.0,0.0,0.058826119815417015,204
71.32000000000001,0.06143635016679248,0.014629890127257928,0.0017204619555047285,0.0,0.0,0.058843051009159306,204
71.34,0.061453332641784694,0.014627346211319187,0.0017209524110313084,0.0,0.0,0.05885978236993438,205
71.36,0.061469924174462946,0.014624615612257674,0.0017214401174401126,0.0,0.0,0.05887631263992198,205
71.38,0.06148612524945665,0.014621700758428547,0.0017219250585165128,0.0,0.0,0.058892640901319376,205
71.4,0.061501917869063345,0.014620059420373623,0.001722407236261892,0.0,0.0,0.058908766554584796,205
71.42,0.06151729434461797,0.014619020926214749,0.0017228867286722038,0.0,0.0,0.05892468930110512,205
71.44,0.06153225859501334,0.014618484272913268,0.0017233634844988528,0.0,0.0,0.058940409131216336,205
71.46000000000001,0.06154679216974456,0.014619023622628735,0.0017238374837521052,0.0,0.0,0.05895592631817593,205
71.48,0.06156115020621201,0.014619367723907093,0.0017243087531545163,0.0,0.0,0.0589712414183446,206
71.5,0.06157531340500988,0.014619518689174304,0.0017247772738309183,0.0,0.0,0.058986355277492145,206
71.52,0.06158902113019627,0.014619478615819864,0.0017252430440358386,0.0,0.0,0.059001269042785395,206
71.54,0.06160226553553429,0.01461924958421119,0.0017257060657796782,0.0,0.0,0.05901598417970883,206
71.56,0.06161530014502401,0.014619928249043202,0.0017261663617690736,0.0,0.0,0.059030502492871395,206
71.58,0.061628070274166724,0.014621761471636347,0.0017266239464648497,0.0,0.0,0.05904482614941375,206
71.60000000000001,0.06164035283596428,0.014623402332632733,0.0017270787935033723,0.0,0.0,0.059058957703567616,207
71.62,0.061652513082289084,0.01462484583891432,0.0017275309001596499,0.0,0.0,0.059072900120803996,207
71.64,0.061665774755048336,0.014626094001343681,0.001727980268528993,0.0,0.0,0.05908665680001222,207
71.66,0.06167860035540686,0.014627148804847584,0.001728426900738229,0.0,0.0,0.05910023159220722,207
71.68,0.061690984944701606,0.01462801220669729,0.001728870798951907,0.0,0.0,0.05911362881444483,207
71.7,0.061702923685414385,0.014629268152509763,0.0017293119653791179,0.0,0.0,0.05912685325784074,207
71.72,0.06171441182564225,0.014633950158083404,0.0017297748394519245,0.0,0.0,0.0591399101889188,207
71.74,0.06172544467578353,0.014638731214441411,0.0017302436190986179,0.0,0.0,0.0591528053438541,207
71.76,0.061736017577392166,0.014643311387614188,0.0017307096602238944,0.0,0.0,0.059165544915561266,208
71.78,0.06174612586455491,0.014647692314529979,0.0017311729423501196,0.0,0.0,0.059178135533974205,208
71.8,0.06175576481850854,0.014651875595478231,0.0017316334987189197,0.0,0.0,0.05919058424021723,208
71.82000000000001,0.061765139628065895,0.014655862793294817,0.0017320913062750238,0.0,0.0,0.05920289845569798,208
71.84,0.06177428947327268,0.01465965543271575,0.0017325463631961905,0.0,0.0,0.05921508594741548,207
71.86,0.061782954358075695,0.014664316177564434,0.0017329986724362628,0.0,0.0,0.05922715479094035,207
71.88,0.06179112880575362,0.014669301953542244,0.001733448237075914,0.0,0.0,0.059239113332613606,207
71.9,0.06179880700312934,0.014674115798795823,0.0017338950603322273,0.0,0.0,0.05925097015247227,207
71.92,0.06180598274324166,0.014678769911172966,0.0017343402626303188,0.0,0.0,0.059262734029287514,207
71.94,0.06181264937118081,0.014683231155551937,0.001734784762791954,0.0,0.0,0.059274413908862726,207
71.96000000000001,0.061818974733902576,0.01468750081201927,0.0017352265483350292,0.0,0.0,0.05928621365295399,207
71.98,0.061827383415416916,0.014691580121811394,0.0017356875866213648,0.0,0.0,0.05929818950727896,208
72.0,0.061839712444727774,0.014695470287508342,0.0017361480555723224,0.0,0.0,0.059310108418506195,209
72.02,0.06185220443074634,0.01469917247321408,0.0017366057895169737,0.0,0.0,0.05932197977043157,209
72.04,0.06186441379040528,0.014702687804700309,0.001737060792560847,0.0,0.0,0.05933381302052133,209
72.06,0.06187667243476531,0.014706017369493769,0.0017375130689945369,0.0,0.0,0.05934561769238473,209
72.08,0.06188878093186975,0.01470916221689286,0.0017379626232930144,0.0,0.0,0.05935743116989179,209
72.10000000000001,0.06190055860580812,0.014712123357904677,0.0017384099083511146,0.0,0.0,0.059369572532163545,208
72.12,0.06191205070534801,0.014714901766793083,0.0017388545050482005,0.0,0.0,0.05938171113705303,208
72.14,0.06192518221558256,0.014717498377557803,0.0017392964477337281,0.0,0.0,0.059393859296198934,208
72.16,0.06193836309177774,0.01471991408514996,0.0017397356960345998,0.0,0.0,0.059406026771954,208
72.18,0.06195134509031427,0.014722149745205458,0.001740172248346753,0.0,0.0,0.05941822334586563,208
72.2,0.06196407961295734,0.014724206173645683,0.001740593619298271,0.0,0.0,0.05943042118138954,208
72.22,0.06197661405694652,0.014726084124537903,0.0017410220121632112,0.0,0.0,0.0594426647309444,209
72.24,0.06198895896631594,0.014727784331465196,0.0017414651702912373,0.0,0.0,0.0594549666154459,209
72.26,0.06200112082808604,0.014729307488705575,0.0017419277005109473,0.0,0.0,0.05946730603209666,208
72.28,0.06201511650968102,0.0147306542536765,0.0017424011953184918,0.0,0.0,0.059479700411640926,208
72.3,0.06203082173143978,0.014731825240938053,0.0017428719759841314,0.0,0.0,0.05949218185790696,208
72.32000000000001,0.06204673434120958,0.014732821019772867,0.001743340048366945,0.0,0.0,0.05950475965007855,208
72.34,0.06206261490214123,0.014733642117395506,0.0017438054184052807,0.0,0.0,0.05951744286876862,209
72.36,0.06207855665121754,0.014734289018919024,0.0017442680921040512,0.0,0.0,0.059530240356597076,209
72.38,0.06209592233211482,0.014734762167454648,0.0017447280755216797,0.0,0.0,0.05954316067613701,209
72.4,0.06211331256675146,0.01473506196436373,0.0017451955238027411,0.0,0.0,0.05955621206495572,209
72.42,0.06213073159711007,0.014735188769681856,0.001745684531297754,0.0,0.0,0.05956940238739956,209
72.44,0.062148183116693075,0.014735142902736031,0.0017461708316184826,0.0,0.0,0.05958273908276325,209
72.46000000000001,0.06216567020865784,0.01473492464297706,0.0017466544308773195,0.0,0.0,0.05959622910956706,209
72.48,0.06218319527963195,0.014734534231050207,0.0017471353492557328,0.0,0.0,0.059609878885833426,209
72.5,0.06220075998936229,0.014733971870128046,0.0017476135830148207,0.0,0.0,0.05962369422552989,208
72.52,0.0622183651767164,0.014733511726812323,0.0017480891397034057,0.0,0.0,0.05963793184080993,208
72.54,0.062236010782992866,0.014734363341881438,0.0017485620566097813,0.0,0.0,0.05965250799583999,208
72.56,0.06225369577395853,0.014735037283134175,0.0017490323024948052,0.0,0.0,0.05966726234275764,208
72.58,0.06227141806249354,0.014735530604264087,0.0017494998831232892,0.0,0.0,0.059682197595187295,208
72.60000000000001,0.06228917443411627,0.01473583006861451,0.0017499648041484552,0.0,0.0,0.05969731552161856,208
72.62,0.06230696047793607,0.014735943076032435,0.0017504270710975679,0.0,0.0,0.059712616885398334,208
72.64,0.06232477052569414,0.014738072093204952,0.0017509121996459416,0.0,0.0,0.059728101393215785,209
72.66,0.062342597601486624,0.014742307875602365,0.0017514033921131786,0.0,0.0,0.059743767654677996,209
72.68,0.06236043338448046,0.014746330189148369,0.001751891955780453,0.0,0.0,0.05975961315529048,208
72.7,0.062378229197412136,0.014750138630322119,0.0017523758941446902,0.0,0.0,0.05977559403379026,208
72.72,0.06239600434245895,0.014753732819073726,0.0017528562218511918,0.0,0.0,0.059791726295334933,208
72.74,0.062413757469613765,0.014757112399663238,0.0017533338884523919,0.0,0.0,0.05980802349078853,208
72.76,0.06243147247970491,0.014760277047159844,0.001753808898234291,0.0,0.0,0.05982447865823066,208
72.78,0.062449134315435445,0.014763226475418362,0.001754281255289264,0.0,0.0,0.05984108381861032,208
72.8,0.06246730779386598,0.014765960442989362,0.0017547509635159535,0.0,0.0,0.05985783004379185,208
72.82000000000001,0.06248655528754045,0.014768478758688145,0.001755218026621042,0.0,0.0,0.059874707536475405,209
72.84,0.0625057594370092,0.014770781286762385,0.0017556824682442432,0.0,0.0,0.05989170571953578,209
72.86,0.062524903105628,0.014772867951610412,0.0017561442774162472,0.0,0.0,0.05990881333221502,208
72.88,0.06254396833300084,0.014775605776558485,0.0017566034578024362,0.0,0.0,0.05992635850840277,208
72.9,0.06256293642664262,0.014779540823276819,0.0017570600433324988,0.0,0.0,0.059944064955541485,208
72.92,0.06258178805343763,0.014783235987753187,0.00175751400008261,0.0,0.0,0.05996184345048235,208
72.94,0.06260048999798827,0.014786691484602155,0.001757967827166512,0.0,0.0,0.0599796651989075,208
72.96000000000001,0.06261899676303416,0.014789907634611243,0.00175842622589948,0.0,0.0,0.05999748721357592,208
72.98,0.06263732612648137,0.01479288486798098,0.0017588819794376832,0.0,0.0,0.06001534194756326,208
73.0,0.06265545706100388,0.014795623708673794,0.0017593351240279675,0.0,0.0,0.06003321618108045,208
73.02,0.0626733683162236,0.014798124782829315,0.00175978563923701,0.0,0.0,0.06005109679857149,207
73.04,0.06269103849187754,0.014800388817308777,0.0017602335161609724,0.0,0.0,0.060068970876124714,207
73.06,0.06270875204300379,0.014802416637706508,0.0017606787592650984,0.0,0.0,0.060086825765905905,207
73.08,0.06272631433411935,0.014804209165862916,0.0017611216820638258,0.0,0.0,0.060104624281758785,207
73.10000000000001,0.06274361158280163,0.014805767417746194,0.0017615622735793607,0.0,0.0,0.06012235583717863,207
73.12,0.0627609920436112,0.014807092499187656,0.0017620002875031815,0.0,0.0,0.060140032709762016,207
73.14,0.06277832022541098,0.014808185601341393,0.0017624354997888773,0.0,0.0,0.06015758562972148,207
73.16,0.06279701791248694,0.01480904799674805,0.0017628680120522558,0.0,0.0,0.06017503941836984,207
73.18,0.0628154036544307,0.014809681035675502,0.0017632978964158973,0.0,0.0,0.06019281979426763,207
73.2,0.06283346011406782,0.014810086141246239,0.0017637551606408733,0.0,0.0,0.060210516174911355,207
73.22,0.06285220488823466,0.014810264804200947,0.0017642130736550744,0.0,0.0,0.06022811054782416,207
73.24,0.06287167472883519,0.01481021857764853,0.0017646683295140626,0.0,0.0,0.06024559586216273,207
73.26,0.06289084532333712,0.014809949071662104,0.0017651209299489473,0.0,0.0,0.060262965915412664,206
73.28,0.06290970426309292,0.014809457947774217,0.0017655708766693109,0.0,0.0,0.06028021536649389,207
73.3,0.06292823971832891,0.014809018393406105,0.0017660181713668266,0.0,0.0,0.06029733973927089,207
73.32000000000001,0.06294644042175436,0.014809936148584626,0.0017664628390643968,0.0,0.0,0.06031433541691292,207
73.34,0.06296429564369162,0.01481062336884649,0.0017669048688958783,0.0,0.0,0.06033135837985791,207
73.36,0.0629817972873317,0.014812973383191473,0.0017673442518651185,0.0,0.0,0.06034851051492101,207
73.38,0.06300069954639884,0.014815848768852452,0.0017677809896233041,0.0,0.0,0.060365527560099934,207
73.4,0.0630199189603924,0.014821125985204422,0.0017682150838165091,0.0,0.0,0.060382409123143965,207
73.42,0.06303886064041263,0.014826175929184207,0.0017686465360873924,0.0,0.0,0.06039921618074971,207
73.44,0.06305751175006173,0.014830978475518189,0.0017690753480766985,0.0,0.0,0.060416288630268516,207
73.46000000000001,0.06307589291878098,0.014835532207409135,0.00176950152142456,0.0,0.0,0.06043322799702574,207
73.48,0.06309441435274293,0.014839838736244363,0.0017699250577716214,0.0,0.0,0.060450036499258265,207
73.5,0.06311263257524337,0.014843899654346255,0.0017703459587600347,0.0,0.0,0.060466716881981575,207
73.52,0.06313054409337775,0.014849287528838018,0.0017707642260343008,0.0,0.0,0.06048327236079085,207
73.54,0.06314814555711468,0.01485447008833416,0.001771179861242014,0.0,0.0,0.06049970656305779,208
73.56,0.06316543947941156,0.014859406036601446,0.001771592887101123,0.0,0.0,0.0605160234666483,208
73.58,0.0631824249519498,0.014864096863250268,0.0017720033004516218,0.0,0.0,0.06053222733631301,208
73.60000000000001,0.06319911129932067,0.014868544021656839,0.0017724111241952155,0.0,0.0,0.0605483226579382,208
73.62,0.06321547715686501,0.01487274892726108,0.0017728163335581787,0.0,0.0,0.06056449352905181,208
73.64,0.06323151599156945,0.01487671295635039,0.0017732189193267048,0.0,0.0,0.06058080034208164,208
73.66,0.06324722370989834,0.01488045797299145,0.001773618883173826,0.0,0.0,0.06059701219748992,208
73.68,0.06326397004645586,0.014883971892610173,0.0017740177448159545,0.0,0.0,0.06061313377542048,208
73.7,0.06328137801222969,0.014887248779563194,0.001774414826859957,0.0,0.0,0.06062916962698295,208
73.72,0.06329853812548847,0.014890289851670537,0.0017748092906955427,0.0,0.0,0.060645124102896984,209
73.74,0.06331545189527713,0.01489309628932662,0.001775201138033049,0.0,0.0,0.0606610012829825,209
73.76,0.06333210914169404,0.01489566923747809,0.0017755903705889845,0.0,0.0,0.060676805938360306,209
73.78,0.06334942759800682,0.014898009808150661,0.00177597699008607,0.0,0.0,0.06069295415149671,208
73.8,0.06336712734955811,0.0149001190835147,0.0017763609982532882,0.0,0.0,0.06070903449679484,208
73.82000000000001,0.06338460730670029,0.01490199811947091,0.001776742396825889,0.0,0.0,0.06072504931107923,208
73.84,0.06340186318266754,0.014903647949727317,0.0017771211875453798,0.0,0.0,0.06074100035124195,208
73.86,0.06341893770364548,0.014905069590327991,0.0017774973721595075,0.0,0.0,0.0607571101966617,208
73.88,0.06343619457563811,0.014906264044581697,0.0017778709524222099,0.0,0.0,0.060773357452782825,208
73.9,0.06345320857354002,0.014907232308326567,0.0017782419300935719,0.0,0.0,0.06078954180630973,208
73.92,0.06346998043051315,0.01490797537545481,0.0017786103152396934,0.0,0.0,0.06080566234851977,208
73.94,0.06348715368301865,0.014908494243610257,0.0017789761103724415,0.0,0.0,0.06082171747548421,208
73.96000000000001,0.06350576575313319,0.014908809272338612,0.0017793393081840965,0.0,0.0,0.060837704904087984,208
73.98,0.0635241919120688,0.014908903480183694,0.001779699910459287,0.0,0.0,0.06085362170297135,208
74.0,0.0635424242681145,0.014908790776158412,0.0017800579189885116,0.0,0.0,0.060869464338176436,209
74.02,0.06356045422826323,0.014908459431547701,0.0017804133355681048,0.0,0.0,0.06088522873262047,209
74.04,0.06357827256285903,0.014907909105528413,0.0017807801628562812,0.0,0.0,0.06090091033786538,208
74.06,0.06359586948000287,0.014907140934892274,0.0017811626653177768,0.0,0.0,0.06091650421600801,208
74.08,0.06361322446706023,0.014906156096410356,0.0017815421514980156,0.0,0.0,0.06093199465244592,208
74.10000000000001,0.06363028605144584,0.014904955810979068,0.0017819298417555594,0.0,0.0,0.06094733445457468,208
74.12,0.06364709433403508,0.014903541348407382,0.0017823296226245535,0.0,0.0,0.06096257031748231,208
74.14,0.06366363811240387,0.014901914023924583,0.001782726756581044,0.0,0.0,0.06097769666646278,208
74.16,0.06367990603666475,0.014900466315818069,0.001783129048851655,0.0,0.0,0.06099270799548272,209
74.18,0.06369605303598813,0.01490208147875443,0.0017835551205409713,0.0,0.0,0.061007598946872896,208
74.2,0.06371220382615744,0.014904260586654646,0.0017840024247180784,0.0,0.0,0.06102236438105667,208
74.22,0.06372803929642619,0.014906210080471431,0.0017844534069226955,0.0,0.0,0.06103699061359565,208
74.24,0.06374349072602578,0.01490793137467926,0.0017848831756908342,0.0,0.0,0.06105142476646086,208
74.26,0.06375861846264404,0.014909766753693906,0.0017853102566514876,0.0,0.0,0.061065719831128414,208
74.28,0.06377340181379511,0.014913611982440528,0.0017857346517430443,0.0,0.0,0.06107987200079294,208
74.3,0.06378782970047137,0.014917215023280781,0.0017861564091955582,0.0,0.0,0.061093877856937,208
74.32000000000001,0.06380189112363886,0.014920577131198192,0.0017865755098868793,0.0,0.0,0.06110773437026796,208
74.34,0.06381557514310379,0.014923699594267764,0.0017869919448946833,0.0,0.0,0.061121438893450106,209
74.36,0.06382916781699592,0.01492709148627434,0.0017874057162211771,0.0,0.0,0.06113498914719161,209
74.38,0.06384253288890017,0.014932303780560147,0.001787816810208397,0.0,0.0,0.06114838320121552,210
74.4,0.0638554871495,0.014937279243874998,0.0017882252285710762,0.0,0.0,0.061161619451477946,210
74.42,0.06386801956272765,0.014942002222201439,0.0017886309730256937,0.0,0.0,0.061174696594839297,210
74.44,0.06388011896741556,0.014946473976849643,0.0017890517098293882,0.0,0.0,0.061187613602183104,210
74.46000000000001,0.06389177403347848,0.014950695804691794,0.001789486345507835,0.0,0.0,0.061200369690837336,210
74.48,0.06390354661057124,0.014954669037443975,0.0017899183040221195,0.0,0.0,0.06121296429702231,210
74.5,0.06391644179563877,0.014958395040970783,0.0017903475758696387,0.0,0.0,0.061225397049018054,210
74.52,0.0639299880486902,0.014961875214600009,0.0017907741468210002,0.0,0.0,0.06123766774173724,210
74.54,0.06394414077723357,0.014966091371209576,0.0017911980185854525,0.0,0.0,0.06124977631344347,210
74.56,0.06395795681805029,0.014970504866135053,0.0017916191928717727,0.0,0.0,0.06126172282540248,210
74.58,0.06397160598213444,0.014974673710438254,0.0017920376713880565,0.0,0.0,0.06127350744530427,210
74.60000000000001,0.06398554667523336,0.01497859941077903,0.0017924534558415577,0.0,0.0,0.06128513043528136,210
74.62,0.0639992797236527,0.01498228350360299,0.0017928665479385228,0.0,0.0,0.06129659214529338,210
74.64,0.06401264108066804,0.01498572755408601,0.0017932752389201267,0.0,0.0,0.06130788795652977,210
74.66,0.06402557733249882,0.014989961267093366,0.0017936678700832297,0.0,0.0,0.061318983892197435,210
74.68,0.06403813393498382,0.014994353952590809,0.001794057858822848,0.0,0.0,0.06132992010719373,211
74.7,0.06405030324216697,0.014998508159587618,0.0017944452145701438,0.0,0.0,0.061340697361137536,211
74.72,0.06406207742103108,0.015002425535525108,0.0017948299196776669,0.0,0.0,0.06135147557469416,211
74.74,0.06407525914231921,0.015006107748689216,0.0017952119756719559,0.0,0.0,0.06136235881186344,211
74.76,0.06408883991444088,0.015009556485879564,0.0017955913840802462,0.0,0.0,0.06137351103425298,210
74.78,0.06410208227336163,0.015012773449833086,0.0017959681464308774,0.0,0.0,0.06138482710676319,210
74.8,0.06411498108828814,0.01501576035641586,0.0017963422642538487,0.0,0.0,0.06139615115931276,210
74.82000000000001,0.06412753127909916,0.0150185297742586,0.0017967137585473071,0.0,0.0,0.06140732337141527,210
74.84,0.06414145026526698,0.015021089805073906,0.0017970826326247798,0.0,0.0,0.061418346232805045,210
74.86,0.06415558745080756,0.015023424926315638,0.0017974488668552609,0.0,0.0,0.061429222609335525,210
74.88,0.06416967156692284,0.015025536874709531,0.001797812462783174,0.0,0.0,0.06143995576373949,210
74.9,0.0641837307949127,0.015027427383724402,0.0017981830309984446,0.0,0.0,0.061450549368279275,210
74.92,0.06419751481581383,0.015029098180156531,0.0017985716374507605,0.0,0.0,0.06146100750786587,210
74.94,0.06421102302790539,0.0150305509808004,0.001798957558396493,0.0,0.0,0.06147133467252217,210
74.96000000000001,0.06422425502770535,0.015031787489266391,0.0017993407953507347,0.0,0.0,0.06148153573835703,210
74.98,0.06423721057076195,0.015032809393004741,0.0017997366446334602,0.0,0.0,0.061491615936596765,211
75.0,0.06424988952008298,0.015033618360592272,0.0018001480838034534,0.0,0.0,0.06150158081062573,211
75.02,0.06426229178256673,0.015035309377837433,0.0018005839063611917,0.0,0.0,0.061511436161410214,211
75.04,0.06427442461163899,0.015037150516356132,0.0018010205160552998,0.0,0.0,0.061521187982121174,211
75.06,0.06428628533624374,0.01503878012538989,0.001801454379636114,0.0,0.0,0.0615308423832185,211
75.08,0.0642978686477233,0.015040199761132588,0.0018018854985403401,0.0,0.0,0.06154040550965342,211
75.10000000000001,0.06430917379095485,0.0150414109531058,0.00180231387422303,0.0,0.0,0.061549883452217326,210
75.12,0.06432021437700079,0.015042415203887802,0.0018027804494215904,0.0,0.0,0.061559282155364,210
75.14,0.06433098418561504,0.015043213989320918,0.0018032602209202173,0.0,0.0,0.06156860732402874,210
75.16,0.06434147085101258,0.015043808759191916,0.001803737202105203,0.0,0.0,0.06157786433208065,210
75.18,0.0643518737484929,0.015044200938370682,0.0018042127354085126,0.0,0.0,0.06158698539652385,210
75.2,0.06436347418103434,0.015044391934659649,0.0018046861182754647,0.0,0.0,0.06159602010285626,210
75.22,0.06437484532818365,0.015044383130859642,0.0018051567103549283,0.0,0.0,0.06160570275644782,211
75.24,0.06438598408873793,0.01504417588807096,0.0018056245130104605,0.0,0.0,0.061615465489955196,211
75.26,0.0643968770918521,0.015043771551023875,0.0018060912991263098,0.0,0.0,0.06162516709310291,211
75.28,0.06440748037457308,0.015043171453061818,0.0018065644627397574,0.0,0.0,0.0616347630706194,211
75.3,0.06441783631686368,0.015042376925823085,0.001807055636713825,0.0,0.0,0.06164439741381078,212
75.32000000000001,0.06442793791757973,0.015041389283334315,0.0018075569195754495,0.0,0.0,0.061654403901948554,212
75.34,0.06443778667756364,0.015040209836098207,0.0018080553558938739,0.0,0.0,0.06166470158981586,212
75.36,0.06444822894369943,0.01503883989460575,0.0018085509473407388,0.0,0.0,0.06167503406062877,213
75.38,0.0644597804372862,0.015037644964287743,0.0018090436956166383,0.0,0.0,0.06168531547005069,213
75.4,0.0644711289225059,0.015037540429640447,0.0018095336050642705,0.0,0.0,0.061695543366449335,213
75.42,0.06448316465717399,0.015037242647135523,0.0018100206946173687,0.0,0.0,0.061705714689157413,213
75.44,0.06449566616103525,0.015036753014382351,0.0018105049776022675,0.0,0.0,0.06171582582678545,213
75.46000000000001,0.0645079895001843,0.015036072943577788,0.0018110206307799586,0.0,0.0,0.06172587268389896,213
75.48,0.06452007831680616,0.015035203864463468,0.0018115335436959463,0.0,0.0,0.06173580268838983,213
75.5,0.06453196891937733,0.015034147227326619,0.001812043602156273,0.0,0.0,0.061745656296073016,213
75.52,0.06454365478861451,0.01503290450480026,0.0018125507941428864,0.0,0.0,0.061755431162314654,213
75.54,0.06455512639288669,0.015031477194172428,0.0018130551214907338,0.0,0.0,0.06176512206234569,213
75.56,0.06456637400074117,0.015029866819053527,0.001813556586050182,0.0,0.0,0.06177472371649975,213
75.58,0.06457738777113557,0.015028074930602537,0.0018140551896858208,0.0,0.0,0.061784230886610086,212
75.60000000000001,0.06458815784271567,0.015026128518349419,0.0018145509342753893,0.0,0.0,0.06179363847171396,212
75.62,0.06459867441974121,0.015024934686059498,0.0018150438217088693,0.0,0.0,0.06180298611135378,212
75.64,0.0646089278521064,0.015024086720552308,0.001815533853887716,0.0,0.0,0.06181260884568277,212
75.66,0.06461887907961274,0.015023059991389325,0.0018160208554278629,0.0,0.0,0.06182208810250148,212
75.68,0.06462851851224097,0.015021856176547487,0.0018165048250072039,0.0,0.0,0.061831419748507976,213
75.7,0.06463786742520834,0.015020476979526605,0.001816985962493312,0.0,0.0,0.061840630871147,213
75.72,0.0646469173452066,0.015018924127154634,0.001817464260630854,0.0,0.0,0.06184971885271608,213
75.74,0.06465575510336435,0.015017199367862066,0.0018179397272685158,0.0,0.0,0.061858681658253756,213
75.76,0.06466508255260471,0.015015304469344305,0.0018184123704504081,0.0,0.0,0.06186751784254574,213
75.78,0.0646741211143493,0.015013241216060787,0.0018188821708287617,0.0,0.0,0.06187622653999997,213
75.8,0.06468282916093936,0.01501101140664182,0.0018193491329483243,0.0,0.0,0.061884807437871774,213
75.82000000000001,0.06469119989801567,0.015008616851272888,0.001819835600070451,0.0,0.0,0.061893260733960474,213
75.84,0.06469965710556273,0.01500605936912291,0.0018203216485276196,0.0,0.0,0.06190194724793914,213
75.86,0.06470778457747786,0.015003345259694706,0.001820803824278195,0.0,0.0,0.06191050267184556,213
75.88,0.06471548332799594,0.015000492840498508,0.0018212829475323334,0.0,0.0,0.061918850883481896,213
75.9,0.06472459894329397,0.014997482922713934,0.0018217591947881906,0.0,0.0,0.06192707567270063,213
75.92,0.06473384465220579,0.014994317338673187,0.0018222551755534117,0.0,0.0,0.06193523307266948,213
75.94,0.06474280198216874,0.014991023858955555,0.0018227599219508284,0.0,0.0,0.0619436376350149,214
75.96000000000001,0.06475146730489914,0.014989509650754402,0.0018232617632479966,0.0,0.0,0.061951923507719914,214
75.98,0.06475983671693225,0.014987848703977793,0.0018237607015155403,0.0,0.0,0.06196009235127364,214
76.0,0.06476790596891957,0.014986028360875052,0.0018242567388283928,0.0,0.0,0.06196814566763377,214
76.02,0.06477567040673542,0.014984044098974433,0.0018247498772654888,0.0,0.0,0.06197608474916566,214
76.04,0.06478312492597653,0.014981897960533274,0.0018252401189095874,0.0,0.0,0.06198391064135279,214
76.06,0.06479026394072065,0.014980550841654961,0.0018257274658472788,0.0,0.0,0.061991624120163055,214
76.08,0.06479708136661326,0.014980078790690033,0.0018262119201692224,0.0,0.0,0.0619992256841579,214
76.10000000000001,0.06480357061756335,0.014981176600185758,0.0018266934960107426,0.0,0.0,0.062006715560643855,214
76.12,0.06480972461459567,0.014982752213306928,0.0018271722013958565,0.0,0.0,0.06201409372443188,214
76.14,0.0648155417994203,0.014984149864957616,0.0018276480206620824,0.0,0.0,0.062021359927154976,214
76.16,0.06482101491159256,0.014985358280450254,0.0018281209559273715,0.0,0.0,0.06202851373462015,214
76.18,0.06482612888755392,0.014986379038586165,0.0018285910093199201,0.0,0.0,0.06203555456941321,214
76.2,0.06483094021665792,0.014987213731425305,0.0018290581829807186,0.0,0.0,0.062042481755907944,214
76.22,0.06483592344770837,0.01498786396452984,0.0018295224790666046,0.0,0.0,0.0620492945649698,214
76.24,0.06484083766192102,0.014988331356919552,0.0018299838997538809,0.0,0.0,0.06205599225597262,214
76.26,0.06484535429648274,0.014989597119348396,0.0018304424472424929,0.0,0.0,0.06206257411420949,213
76.28,0.06484947163233505,0.014992064489899398,0.001830898147896772,0.0,0.0,0.062069039482338446,213
76.3,0.06485322880647125,0.014994338733535627,0.0018313509968799397,0.0,0.0,0.06207538778510018,213
76.32000000000001,0.0648570311466644,0.014996421550018416,0.0018318009930942485,0.0,0.0,0.06208161854714916,213
76.34,0.06486173828669793,0.014998314647885088,0.0018322481693102562,0.0,0.0,0.06208769362006326,213
76.36,0.06486613937072051,0.015000609756019535,0.0018326924985856822,0.0,0.0,0.0620936381142611,213
76.38,0.06487052786941944,0.015004354863505738,0.0018331339689294309,0.0,0.0,0.062099464389445025,213
76.4,0.06487455651530562,0.015007907223686473,0.0018335725828820576,0.0,0.0,0.06210517243237082,213
76.42,0.0648781482588232,0.015011268481943533,0.0018340083430631894,0.0,0.0,0.06211076234253431,213
76.44,0.06488129237236537,0.01501444028454121,0.0018344412521808817,0.0,0.0,0.062116234328892496,213
76.46000000000001,0.06488518546448244,0.01501789646760914,0.0018348713130413373,0.0,0.0,0.06212158870824298,213
76.48,0.06488892464398807,0.015022171553989811,0.0018352985285588397,0.0,0.0,0.06212682590668114,213
76.5,0.06489222869226756,0.015026258033026634,0.0018357229017657852,0.0,0.0,0.0621319464653902,213
76.52,0.06489508715038307,0.015030157533151595,0.0018361444358226417,0.0,0.0,0.06213695105179085,213
76.54,0.06489763982763401,0.015033871677940812,0.0018365631340276757,0.0,0.0,0.062141840476832196,214
76.56,0.0649018504402559,0.015037402085163075,0.0018369790184299796,0.0,0.0,0.06214661571892521,214
76.58,0.06490567693061958,0.015040750365859156,0.001837392089676984,0.0,0.0,0.062151302083538036,214
76.60000000000001,0.06490910591414036,0.015043918123425008,0.0018378023770263866,0.0,0.0,0.062156293756037435,215
76.62,0.06491212938254695,0.015046906952670077,0.0018382098457623494,0.0,0.0,0.06216117498607252,215
76.64,0.06491473929108296,0.01504971843882216,0.0018386145077204953,0.0,0.0,0.06216594779433377,215
76.66,0.06491692759630924,0.015054515876956004,0.0018390163732403136,0.0,0.0,0.062170614583852896,215
76.68,0.06491863607575342,0.015061435800076845,0.0018394154554810783,0.0,0.0,0.06217512794414158,215
76.7,0.06491989918530248,0.015068166153644102,0.0018398117386979739,0.0,0.0,0.06217953361653899,215
76.72,0.06492071694223371,0.015074708306271051,0.0018402052239714012,0.0,0.0,0.06218384331465872,215
76.74,0.0649214580798855,0.015081063608489246,0.0018406169306313578,0.0,0.0,0.06218806154439508,215
76.76,0.0649218429816679,0.015087233390799013,0.0018410373714644124,0.0,0.0,0.0621921934749602,215
76.78,0.06492175964690299,0.01509321896158588,0.0018414549810612997,0.0,0.0,0.06219624498571201,215
76.8,0.06492245693488229,0.015099021604898637,0.0018418697976759046,0.0,0.0,0.06220022270610879,215
76.82000000000001,0.06492428223923505,0.015104642578105884,0.001842281832345648,0.0,0.0,0.062204134047538606,215
76.84,0.06492687217023256,0.015110083109452901,0.0018426910688960757,0.0,0.0,0.06220798722600374,215
76.86,0.0649292236532895,0.01511534439554421,0.0018430975055978985,0.0,0.0,0.062211791274921414,216
76.88,0.06493121448503997,0.015120427598780248,0.0018435058620368586,0.0,0.0,0.06221555604754556,216
76.9,0.06493450228477726,0.015125333844778105,0.0018439392711845767,0.0,0.0,0.0622192922087828,216
76.92,0.06493787001739278,0.015130064219807305,0.0018443698450627166,0.0,0.0,0.06222301121637107,216
76.94,0.06494095269213533,0.015134619768271677,0.001844797590544606,0.0,0.0,0.06222672529160506,215
76.96000000000001,0.06494388799176402,0.015139001490267784,0.0018452225145895197,0.0,0.0,0.0622304473799612,215
76.98,0.06494688925187664,0.015143210339249492,0.0018456446360609032,0.0,0.0,0.06223419110211289,215
77.0,0.0649495744496357,0.015147247219826855,0.001846065955400975,0.0,0.0,0.06223792408785244,215
77.02,0.06495197885654985,0.015151711618685027,0.0018464849381278354,0.0,0.0,0.06224169689178974,215
77.04,0.06495411701673656,0.015157228961073061,0.0018469011274536377,0.0,0.0,0.06224553563731472,215
77.06,0.0649559930322879,0.015162556585208847,0.0018473353236610676,0.0,0.0,0.062249455989117616,215
77.08,0.06495761085225527,0.015167694832749788,0.0018477797397644668,0.0,0.0,0.06225347392487613,215
77.10000000000001,0.06495898419437739,0.015172643992612726,0.001848221359873584,0.0,0.0,0.06225760564643631,215
77.12,0.06496010799864735,0.015177408956734069,0.0018486601797151508,0.0,0.0,0.062261867488419186,215
77.14,0.0649609276437073,0.015181999528935858,0.0018490959628011444,0.0,0.0,0.06226630093327913,215
77.16,0.06496150356465807,0.01518640157095532,0.0018495289395359757,0.0,0.0,0.062271231966027095,215
77.18,0.06496375190434987,0.015190615174043567,0.0018499591353905189,0.0,0.0,0.06227634151427801,215
77.2,0.06496743245957154,0.015194640385320582,0.0018503865748750955,0.0,0.0,0.06228164552836377,215
77.22,0.06497157674976467,0.015198477210552492,0.0018508199614895493,0.0,0.0,0.06228715964526927,215
77.24,0.06497563925246663,0.015202125617212627,0.0018512758733844254,0.0,0.0,0.062292899110780564,215
77.26,0.06497960683424432,0.01520558697803643,0.0018517289904890419,0.0,0.0,0.062298865600702434,215
77.28,0.06498469241296145,0.015208885154422296,0.0018521793141939424,0.0,0.0,0.06230504077701091,215
77.3,0.06499008383435186,0.015211994573194861,0.0018526414765644213,0.0,0.0,0.062311484113390235,215
77.32000000000001,0.06499545351661455,0.015214915083215466,0.001853114352190156,0.0,0.0,0.06231820864441174,215
77.34,0.06500080290756756,0.01521764651286854,0.0018536025047785137,0.0,0.0,0.06232522672687353,216
77.36,0.06500613228487132,0.015220198996325403,0.0018541022551431868,0.0,0.0,0.062332550004734526,216
77.38,0.06501141950832355,0.015222574043643175,0.0018545992090836787,0.0,0.0,0.06234016813008185,217
77.4,0.06501665625325978,0.015226720683141477,0.0018550933859143393,0.0,0.0,0.062348085104772445,217
77.42,0.06502186635455294,0.0152313395481054,0.001855584724577227,0.0,0.0,0.06235633769018375,217
77.44,0.06502840106323796,0.015235753632629492,0.001856073260526454,0.0,0.0,0.06236493447566967,216
77.46000000000001,0.06503506525287044,0.015240103146613638,0.001856559038789639,0.0,0.0,0.06237404310008624,216
77.48,0.06504377634337685,0.015245789335862526,0.0018570420014186566,0.0,0.0,0.06238377295402987,214
77.5,0.06505283607531674,0.015251260940514383,0.0018575221407436187,0.0,0.0,0.062393867632217125,214
77.52,0.06506197794870797,0.015256517630488573,0.0018579994625606707,0.0,0.0,0.06240433269804749,214
77.54,0.06507119601756088,0.015263190839316312,0.0018584739962713918,0.0,0.0,0.06241517301842475,214
77.56,0.06508099568165895,0.01527384745267761,0.001858945715607507,0.0,0.0,0.06242659550701663,214
77.58,0.06509243555938145,0.015284413421246725,0.0018594146231782009,0.0,0.0,0.062438616873425876,214
77.60000000000001,0.06510401121542223,0.015294740089318764,0.001859880721463074,0.0,0.0,0.06245102380421634,213
77.62,0.06511571286102387,0.015304826982452327,0.0018603440128278801,0.0,0.0,0.06246381880767162,213
77.64,0.06512753267406286,0.015314673635729982,0.001860804499539993,0.0,0.0,0.06247700392678808,213
77.66,0.0651394138303253,0.015324279595158675,0.0018612467551525154,0.0,0.0,0.062490532266694106,213
77.68,0.06515137565260003,0.015333644399993362,0.0018616807136458049,0.0,0.0,0.06250443625723502,212
77.7,0.06516342746167349,0.015343163851744963,0.0018621119041934153,0.0,0.0,0.0625187342121933,213
77.72,0.0651755583067568,0.015354664068441406,0.0018625403288385085,0.0,0.0,0.06253342678560461,213
77.74,0.06518813901594228,0.015365906551009424,0.0018629659895913087,0.0,0.0,0.06254851437475033,213
77.76,0.06520363370817703,0.015376890679927806,0.0018633888884397373,0.0,0.0,0.06256399714040965,213
77.78,0.0652206511844799,0.015387615848004348,0.001863809027359,0.0,0.0,0.06257987501770726,213
77.8,0.06523789811462574,0.015398081461445737,0.001864226408320155,0.0,0.0,0.06259635025871127,213
77.82000000000001,0.06525533496824354,0.015408286941050115,0.001864641033297652,0.0,0.0,0.06261347047622155,213
77.84,0.06527295521733163,0.01541823172355351,0.0018650529042759077,0.0,0.0,0.06263137006048836,213
77.86,0.06529074344918712,0.015427915263155527,0.0018654620232549397,0.0,0.0,0.06264966110540207,212
77.88,0.06530868987646896,0.01543733703324232,0.001865868392255131,0.0,0.0,0.06266834227827708,211
77.9,0.06532678404139065,0.015446508319165754,0.0018662720133211664,0.0,0.0,0.06268741192062993,211
77.92,0.06534501477043063,0.015455431887047497,0.001866672888525186,0.0,0.0,0.06270703712080225,212
77.94,0.06536337480793847,0.01546409219474226,0.0018670710227846803,0.0,0.0,0.0627273395187743,212
77.96000000000001,0.0653818552367958,0.015472488813705715,0.0018674664327871199,0.0,0.0,0.0627480225710264,212
77.98,0.06540043406940359,0.015481237370255215,0.0018678591034243391,0.0,0.0,0.06276908301922206,212
78.0,0.06542059391621212,0.015491691830643193,0.001868249036895185,0.0,0.0,0.06279051714339601,212
78.02,0.06544282121105373,0.015501876710124606,0.001868636260112447,0.0,0.0,0.062812320745216,212
78.04,0.06546611431449059,0.015511789060504974,0.0018690207809147572,0.0,0.0,0.06283448913553631,212
78.06,0.06548962860349745,0.015521418455622868,0.0018694025871047626,0.0,0.0,0.06285701712589727,212
78.08,0.06551481255327363,0.015530764377867075,0.0018697816654738397,0.0,0.0,0.0628798990233909,212
78.10000000000001,0.06554075272560665,0.015539826350003526,0.0018701821345947264,0.0,0.0,0.06290307349670987,211
78.12,0.06556688649894932,0.015548603937342255,0.0018705884989196253,0.0,0.0,0.06292653003285253,211
78.14,0.06559345211892907,0.015557096751914818,0.001870992138218425,0.0,0.0,0.06295032038429972,211
78.16,0.06562052477273214,0.015565330402926996,0.0018713930424124428,0.0,0.0,0.06297443683206293,211
78.18,0.0656478210996436,0.015573279887050746,0.0018717911921617664,0.0,0.0,0.06299887115336547,211
78.2,0.06567533035510592,0.01558094368283098,0.0018721865900797473,0.0,0.0,0.06302361462316178,211
78.22,0.06570303242207767,0.0155883216063802,0.0018725792529270698,0.0,0.0,0.06304865801540663,211
78.24,0.06573091373594168,0.015595413529726064,0.0018729691884520321,0.0,0.0,0.06307399160401057,211
78.26,0.06575895856126143,0.015602219382367095,0.0018733563809922242,0.0,0.0,0.06309960363208272,211
78.28,0.06578748928109468,0.015608739152676295,0.0018737408634757905,0.0,0.0,0.06312543029495978,211
78.3,0.06581725480570488,0.015614972889119687,0.0018741226076632127,0.0,0.0,0.06315151500809528,211
78.32000000000001,0.06584718467255743,0.015620920701530993,0.001874501616244828,0.0,0.0,0.06317784605005829,211
78.34,0.06587726363647718,0.015626582762130567,0.0018748778919178218,0.0,0.0,0.06320441120150318,211
78.36,0.06590747584626425,0.01563195930653575,0.0018752514373845967,0.0,0.0,0.0632311977459202,211
78.38,0.06593780484091634,0.01563705063472826,0.0018756222553512696,0.0,0.0,0.06325819247086314,211
78.4,0.0659682335462889,0.01564185711199757,0.001875990353114358,0.0,0.0,0.0632853816698505,211
78.42,0.06599874427239065,0.015646379169875897,0.0018763557467011164,0.0,0.0,0.06331275114514782,211
78.44,0.06602931871152765,0.015650617307076575,0.0018767184344885507,0.0,0.0,0.06334028621165516,210
78.46000000000001,0.06605992299693095,0.01565457209044392,0.0018770784424011308,0.0,0.0,0.06336795672503372,210
78.48,0.06609051017128656,0.015658244155994427,0.0018774510321521362,0.0,0.0,0.0633957195623016,210
78.5,0.06612117451427063,0.015661634209963454,0.0018778398457838352,0.0,0.0,0.06342360110817521,210
78.52,0.06615222913429832,0.015664743029456286,0.0018782259148586364,0.0,0.0,0.06345158479779879,210
78.54,0.06618320836948517,0.015667571463681206,0.001878615977691435,0.0,0.0,0.06347967836208439,210
78.56,0.06621426664482653,0.01567012041699513,0.0018790426520898216,0.0,0.0,0.06350818858050923,211
78.58,0.06624555068854071,0.015672390877254545,0.0018794665426223932,0.0,0.0,0.06353674809954026,211
78.60000000000001,0.06627672883764642,0.015674383916261303,0.0018798876516720017,0.0,0.0,0.0635653386961964,211
78.62,0.0663077774130608,0.01567610068210533,0.001880305981609106,0.0,0.0,0.06359394179196431,211
78.64,0.0663386722090885,0.01567754240020735,0.001880731966576389,0.0,0.0,0.06362253848588834,211
78.66,0.06636939055781063,0.01567871037433694,0.0018811788293651467,0.0,0.0,0.0636511095936757,211
78.68,0.06639991384142128,0.015679605987585804,0.0018816228834805612,0.0,0.0,0.0636796356936134,211
78.7,0.06643020795564113,0.015680230703269377,0.001882064131221565,0.0,0.0,0.06370809718005564,212
78.72,0.06646024695582788,0.015680586065722996,0.0018825025906095455,0.0,0.0,0.06373647432510315,212
78.74,0.0664900045916528,0.015680673700952434,0.0018829382565169605,0.0,0.0,0.06376474734888764,211
78.76,0.06651945437519957,0.01568049531709285,0.0018833711228513955,0.0,0.0,0.06379289649856618,211
78.78,0.06654856965722812,0.015681281671181466,0.0018838011918490623,0.0,0.0,0.06382090213576279,211
78.8,0.06657762610765128,0.01568264007719003,0.001884228465731458,0.0,0.0,0.06384874483175762,211
78.82000000000001,0.06660640395686133,0.01568371705072643,0.0018846529523799747,0.0,0.0,0.06387635031778695,212
78.84,0.06663476312735331,0.015684514844774504,0.0018850782725837506,0.0,0.0,0.06390375154462637,213
78.86,0.06666350292564482,0.01568503579964238,0.0018855170431753504,0.0,0.0,0.06393093381022522,213
78.88,0.06669366858913257,0.015686391820937087,0.0018859530088790456,0.0,0.0,0.06395787958252815,213
78.9,0.06672343624772473,0.015687908801894745,0.001886386171715512,0.0,0.0,0.06398457207660822,213
78.92,0.0667527842301087,0.015691429325306115,0.001886816533698235,0.0,0.0,0.064010995358804,213
78.94,0.0667816852246208,0.015694871027770646,0.0018872440968344477,0.0,0.0,0.06403713444375195,213
78.96000000000001,0.06681011913802125,0.015698025388762075,0.0018876688631261419,0.0,0.0,0.06406297538186914,213
78.98,0.06683800640125509,0.01570180016486525,0.0018881023838305234,0.0,0.0,0.06408843346424505,214
79.0,0.06686538879314471,0.0157084789043497,0.001888533131834637,0.0,0.0,0.06411356863103035,214
79.02,0.06689219318598327,0.015715181544800314,0.00188896086974599,0.0,0.0,0.06413831135027437,214
79.04,0.06691838075865392,0.01572158624863905,0.0018893855859530182,0.0,0.0,0.06416262553958367,214
79.06,0.0669439870872752,0.015727695795287516,0.0018898076040030805,0.0,0.0,0.06418656203148913,214
79.08,0.06696894027028162,0.015733513019588915,0.001890227221248461,0.0,0.0,0.06421005366681151,214
79.10000000000001,0.06699332151977726,0.0157390407903584,0.0018906440183492845,0.0,0.0,0.06423318332283223,214
79.12,0.06701727162213562,0.015744282002836667,0.001891057997580788,0.0,0.0,0.0642559662061416,214
79.14,0.06704094748223406,0.015749239572571717,0.0018914691612180099,0.0,0.0,0.06427884884087467,214
79.16,0.06706401741668384,0.015753916428990836,0.0018919014440638032,0.0,0.0,0.06430135977868323,214
79.18,0.06708646132559809,0.015758315509202897,0.0018923396936592878,0.0,0.0,0.06432349818892956,214
79.2,0.06710827604908082,0.015762439752077105,0.0018927751103524038,0.0,0.0,0.06434526422363593,215
79.22,0.06712944328355779,0.01576629209263503,0.0018932076997835094,0.0,0.0,0.06436665893850653,215
79.24,0.0671507376454912,0.015769875456784054,0.0018936374625518376,0.0,0.0,0.06438774945996915,215
79.26,0.06717270072682884,0.015773208720689925,0.0018940854354656531,0.0,0.0,0.0644088293190586,216
79.28,0.0671940704744168,0.01577627911699772,0.0018945416003974785,0.0,0.0,0.06442954509080849,217
79.3,0.06721484161251638,0.01577908919940431,0.0018949962183473909,0.0,0.0,0.0644499440845734,217
79.32000000000001,0.06723507440324593,0.015781641812074986,0.0018954766871125347,0.0,0.0,0.064470366965969,217
79.34,0.06725626012257516,0.01578393976925065,0.0018959542403293934,0.0,0.0,0.06449043812363428,217
79.36,0.06727715936770182,0.015785985852173633,0.0018964288801915105,0.0,0.0,0.06451016263493843,217
79.38,0.06730054584759394,0.015787786328903854,0.0018969235361673104,0.0,0.0,0.064529545857964,217
79.4,0.06732384858222287,0.015789363327164078,0.0018974494907006926,0.0,0.0,0.06454859337625132,217
79.42,0.06734671977804126,0.015790696526321153,0.0018979822153721826,0.0,0.0,0.06456731095164236,217
79.44,0.06736916098759883,0.015791788551231863,0.0018985119638501961,0.0,0.0,0.06458570448563651,217
79.46000000000001,0.06739117370972444,0.01579369425423404,0.001899038738112672,0.0,0.0,0.06460377998947227,218
79.48,0.0674127611256713,0.01579676055484472,0.0018995625401374092,0.0,0.0,0.06462154356296776,218
79.5,0.06743393352965783,0.015799570950471672,0.0019000833719022047,0.0,0.0,0.06463900138196049,218
79.52,0.06745637032571669,0.015802127561650562,0.001900601240122507,0.0,0.0,0.06465615969396206,219
79.54,0.06747880679169242,0.015804432476427134,0.0019011161569571068,0.0,0.0,0.0646730248214155,219
79.56,0.06750096842172196,0.015806487751627202,0.0019016281292484481,0.0,0.0,0.06468960317166834,219
79.58,0.06752319156703668,0.015808295414148875,0.0019021399900513217,0.0,0.0,0.06470590125250157,219
79.60000000000001,0.06754507963444648,0.015809857462220106,0.0019026801858227649,0.0,0.0,0.06472192569176448,219
79.62,0.06756663679726217,0.015811175866571135,0.0019032173870065824,0.0,0.0,0.06473768325940092,220
79.64,0.06758786731526581,0.015812252571480695,0.0019037515955194512,0.0,0.0,0.06475362990247062,220
79.66,0.06760877555285745,0.015813089495666482,0.0019042828132799464,0.0,0.0,0.06476937566335984,220
79.68,0.0676293659932139,0.015813688533003717,0.0019048110599541722,0.0,0.0,0.06478487525607086,220
79.7,0.0676496432462959,0.015814051553070176,0.0019053363217323067,0.0,0.0,0.06480013621634095,220
79.72,0.06766961204868156,0.015814180401530858,0.0019058585985868809,0.0,0.0,0.06481516629609527,220
79.74,0.06768927953394387,0.01581425253411468,0.0019063778924540947,0.0,0.0,0.0648299734565805,219
79.76,0.067708656804954,0.01581565702730833,0.0019068942052775713,0.0,0.0,0.06484456585031087,220
79.78,0.0677277462909861,0.015816821875767106,0.0019074075390097284,0.0,0.0,0.06485895179087052,219
79.8,0.0677465534827385,0.015817748977479642,0.0019079178956132254,0.0,0.0,0.06487313971012258,220
79.82000000000001,0.06776507717454319,0.015818440203743324,0.0019084252770624063,0.0,0.0,0.06488713810291569,220
79.84,0.06778332223108087,0.015818897399518653,0.0019089296853447718,0.0,0.0,0.0649009554599363,220
79.86,0.06780127209381837,0.015819122383989363,0.0019094311349041205,0.0,0.0,0.06491457895284151,220
79.88,0.06781891696252063,0.01581911695127935,0.0019099459937097789,0.0,0.0,0.06492800263608753,221
79.9,0.06783629625492042,0.015818882871612386,0.0019104755591729638,0.0,0.0,0.064941269935266,221
79.92,0.067853413468095,0.01581842189302069,0.0019110028701455194,0.0,0.0,0.06495438846630021,221
79.94,0.06787027150146721,0.015817735743005594,0.0019115275737480386,0.0,0.0,0.06496736538343668,221
79.96000000000001,0.0678868725513407,0.015816826130739026,0.001912049278043115,0.0,0.0,0.06498020727943117,221
79.98,0.06790321800847278,0.015815694749629548,0.001912567985108314,0.0,0.0,0.06499292008907041,221
80.0,0.06791930836120719,0.0158143432802324,0.0019130836970427901,0.0,0.0,0.06500550899856757,221
80.02,0.06793514042697842,0.015812773393470484,0.0019135964162978016,0.0,0.0,0.06501797568338474,222
80.04,0.06795066092598105,0.015810986754096576,0.0019141061782856723,0.0,0.0,0.06503027188409272,222
80.06,0.0679659215587769,0.01580898502393574,0.0019146129546503126,0.0,0.0,0.06504245450714118,222
80.08,0.0679809184199564,0.015806769866720725,0.0019151167456388871,0.0,0.0,0.06505452502982999,223
80.10000000000001,0.06799564636911253,0.01580434295152971,0.0019156175708792925,0.0,0.0,0.06506656261072759,223
80.12,0.06801010714254742,0.015801705956745477,0.001916115414215054,0.0,0.0,0.06507883650970711,223
80.14,0.06802428951375658,0.015798860573968645,0.0019166102778830998,0.0,0.0,0.0650909958851864,222
80.16,0.06803812534830182,0.01579580851182081,0.0019171046565968754,0.0,0.0,0.06510298082065055,223
80.18,0.06805165518115065,0.015792551506284027,0.0019175962397410902,0.0,0.0,0.06511484056860438,223
80.2,0.0680648715270636,0.015789091311126376,0.0019181147526980073,0.0,0.0,0.0651265744840335,223
80.22,0.06807776915449834,0.015785429706821907,0.0019186308738369535,0.0,0.0,0.06513817683653428,223
80.24,0.06809033217392885,0.01578156850385513,0.0019191439880264975,0.0,0.0,0.06514982119654747,223
80.26,0.06810344613472805,0.01577750954518065,0.0019196540974356314,0.0,0.0,0.06516156714414521,222
80.28,0.06811626607074289,0.015773254708296422,0.0019201612042376978,0.0,0.0,0.06517315884051487,222
80.3,0.06812869736267226,0.015768805906905478,0.0019206653106087145,0.0,0.0,0.06518458753424704,222
80.32000000000001,0.06814072241582396,0.015764165092147314,0.0019211664291446,0.0,0.0,0.06519584396016713,222
80.34,0.06815232291130878,0.0157593342533861,0.0019216645580243034,0.0,0.0,0.06520691845294072,222
80.36,0.068163678831065,0.01575431541854917,0.0019221597652239251,0.0,0.0,0.0652177944299325,222
80.38,0.06817478568922129,0.015749110653976595,0.00192265519399872,0.0,0.0,0.06522885079209911,222
80.4,0.06818540915077312,0.015743722063866792,0.001923178075813112,0.0,0.0,0.0652399091028671,222
80.42,0.0681955290789095,0.015738673550027935,0.001923697935447074,0.0,0.0,0.06525095745455822,222
80.44,0.06820512515625478,0.015734500979784995,0.0019242147749713226,0.0,0.0,0.06526177280299073,222
80.46000000000001,0.0682145386401784,0.01573016364494012,0.0019247285991670416,0.0,0.0,0.06527234567400168,222
80.48,0.06822492264995311,0.015725654594754893,0.0019252394253280237,0.0,0.0,0.0652826670519278,222
80.5,0.0682347936766169,0.015720967334704093,0.0019257472376488203,0.0,0.0,0.06529272848897821,222
80.52,0.06824414748258821,0.015716104152685106,0.0019262802495068714,0.0,0.0,0.06530252220635838,222
80.54,0.06825431318997428,0.015711067359508342,0.0019268179315110445,0.0,0.0,0.06531204118599916,222
80.56,0.06826476744193924,0.015705859285779288,0.0019273760580628002,0.0,0.0,0.06532127925202282,222
80.58,0.06827472844279416,0.01570048227862086,0.001927931107681597,0.0,0.0,0.06533055561321038,222
80.60000000000001,0.0682841843915715,0.015694938698278062,0.0019284830856716117,0.0,0.0,0.06533964180225674,222
80.62,0.0682931242221517,0.015689235127203414,0.0019290319852228567,0.0,0.0,0.06534843372832388,222
80.64,0.06830153762789523,0.0156833836679321,0.0019295778082975168,0.0,0.0,0.06535692917793902,223
80.66,0.06830941507494714,0.01567737272853118,0.0019301205568535388,0.0,0.0,0.06536512702056632,223
80.68,0.06831684318676345,0.015671204686841245,0.0019306602328463352,0.0,0.0,0.0653731132186331,223
80.7,0.06832533831270916,0.015665819239912896,0.0019311968382306592,0.0,0.0,0.06538113959045386,223
80.72,0.06833359866803357,0.015661322713245954,0.001931730374962638,0.0,0.0,0.06538887104285648,223
80.74,0.06834139480159052,0.015656662065752478,0.0019322608450019969,0.0,0.0,0.06539631083401605,223
80.76,0.068350707232952,0.015651839410684855,0.0019327882634142682,0.0,0.0,0.06540346328801187,223
80.78,0.06835957487235163,0.01564685683771094,0.0019333126245754662,0.0,0.0,0.06541033376626502,223
80.8,0.068367998309205,0.015641716409916476,0.0019338339344238224,0.0,0.0,0.06541692863190249,222
80.82000000000001,0.068375978887067,0.015636422079909687,0.0019343521963114984,0.0,0.0,0.06542325520748167,222
80.84,0.0683835186463562,0.015630974600146973,0.0019348674206547583,0.0,0.0,0.06542932172644068,222
80.86,0.06839057053641208,0.01562537526354824,0.0019353793655329024,0.0,0.0,0.0654350865197395,221
80.88,0.06839717200937948,0.015619625995907702,0.0019358881871891814,0.0,0.0,0.06544090938154273,222
80.9,0.06840334233469267,0.01561372868802067,0.0019363939578227823,0.0,0.0,0.06544661387140137,222
80.92,0.06840908564228051,0.015607685192166588,0.0019368966806915236,0.0,0.0,0.06545209866928287,222
80.94,0.06841440637974125,0.015601512073605354,0.0019373963688777151,0.0,0.0,0.06545737563094094,222
80.96000000000001,0.06841931510645222,0.015595207906277431,0.0019378930125974882,0.0,0.0,0.06546245711114217,222
80.98,0.0684238179464638,0.015589998772508974,0.0019383866141187871,0.0,0.0,0.06546735587623334,220
81.0,0.06842791259478441,0.01558572833156422,0.0019388771757675742,0.0,0.0,0.0654720850119591,220
81.02,0.06843160378168764,0.015581306157230277,0.0019393646999348478,0.0,0.0,0.06547665782704076,220
81.04,0.06843489603656418,0.01557673385568823,0.0019398491890840965,0.0,0.0,0.06548108775324087,220
81.06,0.06843780250090832,0.015572012987717343,0.0019403306457591875,0.0,0.0,0.06548538824288745,220
81.08,0.06844032000570968,0.015567145069241992,0.001940809072592635,0.0,0.0,0.06548957266509975,220
81.10000000000001,0.06844244985769724,0.015562131572195645,0.0019412844723141714,0.0,0.0,0.06549365420222783,220
81.12,0.06844419461712262,0.01555697392569431,0.0019417568477595388,0.0,0.0,0.06549764574828987,220
81.14,0.06844761270187631,0.01555167351750674,0.001942226201879396,0.0,0.0,0.06550155981138628,220
81.16,0.06845087476673438,0.01554623169580259,0.0019426925377482023,0.0,0.0,0.06550540842224213,220
81.18,0.06845394883537854,0.015540649771153691,0.0019431558585729222,0.0,0.0,0.06550920305106017,219
81.2,0.0684570971912667,0.015534929018757063,0.0019436161677014085,0.0,0.0,0.06551295453482389,219
81.22,0.0684599552304105,0.015529070680842392,0.001944073468630257,0.0,0.0,0.06551667301698799,219
81.24,0.06846252327520012,0.015523075969221376,0.0019445277650119728,0.0,0.0,0.06552044475987347,219
81.26,0.06846480053318092,0.015516946067931995,0.0019449790606612552,0.0,0.0,0.06552456934337919,219
81.28,0.06846679347113555,0.015510682135928178,0.001945427365315929,0.0,0.0,0.06552868626058185,219
81.3,0.06846849516170393,0.01550428530976416,0.0019458726800240017,0.0,0.0,0.0655328025725756,220
81.32000000000001,0.06847036693908805,0.015498902359328461,0.0019463150129541771,0.0,0.0,0.06553692457083926,220
81.34,0.06847190762488853,0.015494453133968534,0.0019467543788211595,0.0,0.0,0.06554102979582122,220
81.36,0.06847310389302882,0.015489866069164115,0.0019471907980283538,0.0,0.0,0.06554511927546679,220
81.38,0.06847395967386798,0.015485142148993145,0.0019476190772868183,0.0,0.0,0.06554921249101889,220
81.4,0.06847443022784237,0.015480282335722104,0.001948028963860361,0.0,0.0,0.06555328031597948,220
81.42,0.06847454583872094,0.015475287559653769,0.0019484359117883294,0.0,0.0,0.06555735121277373,220
81.44,0.06847427496380461,0.015470158774592482,0.0019488399321259994,0.0,0.0,0.06556162958975473,220
81.46000000000001,0.06847364342284021,0.015464896926499445,0.0019492410290731545,0.0,0.0,0.06556614944889508,219
81.48,0.06847456098656764,0.015459502956004907,0.0019496392000136454,0.0,0.0,0.0655707503725355,219
81.5,0.06847570878404294,0.015453977797490677,0.0019500344023489393,0.0,0.0,0.06557569857440672,219
81.52,0.06847697854976398,0.015450095277507814,0.0019504266980641604,0.0,0.0,0.06558068324268419,219
81.54,0.06847795004508445,0.015446920779398226,0.0019508160931791551,0.0,0.0,0.0655857058664787,219
81.56,0.06847877653541273,0.015444405549982622,0.001951202598834009,0.0,0.0,0.0655907678793869,219
81.58,0.06848072152130608,0.015442857817249005,0.0019515862305768692,0.0,0.0,0.06559587070631127,219
81.60000000000001,0.06848236810340744,0.015443266656793873,0.001951966980358545,0.0,0.0,0.06560101580364933,220
81.62,0.06848396799575633,0.01544582608288419,0.0019523448548121928,0.0,0.0,0.06560620469299815,220
81.64,0.06848695656966487,0.015448208756845157,0.0019527198679508944,0.0,0.0,0.06561143898881869,220
81.66,0.06849126745099458,0.015450414798515808,0.0019530920218107156,0.0,0.0,0.06561676522531264,220
81.68,0.06849667242785981,0.015452450096006886,0.0019534617153891013,0.0,0.0,0.06562242897706233,220
81.7,0.06850187486285075,0.015454328239916356,0.001953841256633342,0.0,0.0,0.0656281210066886,220
81.72,0.06850689101661923,0.015456029976165613,0.0019542396005653244,0.0,0.0,0.06563386573760867,221
81.74,0.06851218207037305,0.015457558635819485,0.001954635070923798,0.0,0.0,0.06563966551428382,221
81.76,0.06851727723803194,0.015458933281686077,0.0019550276737842413,0.0,0.0,0.06564552286632448,221
81.78,0.06852216739504978,0.015461462858143354,0.001955417415136799,0.0,0.0,0.06565144052235271,221
81.8,0.06852791383157238,0.015464939088119543,0.0019558043008721057,0.0,0.0,0.06565758275599237,221
81.82000000000001,0.06853441251010761,0.015471613231290022,0.0019561883367681682,0.0,0.0,0.0656640547312819,221
81.84,0.06854076251766036,0.015478423241003484,0.0019565695284784815,0.0,0.0,0.06567059603567699,221
81.86,0.06854696008069538,0.015485014491292541,0.001956947881521603,0.0,0.0,0.06567721037496566,221
81.88,0.06855300142438096,0.015491386830937667,0.0019573234012723174,0.0,0.0,0.06568390175227906,221
81.9,0.06855888277917743,0.015497540109671094,0.0019576960929545456,0.0,0.0,0.06569067448872791,221
81.92,0.06856460038358889,0.01550424922632818,0.001958065967568493,0.0,0.0,0.06569753324068414,221
81.94,0.06857014143613639,0.015511400597849117,0.001958433052634895,0.0,0.0,0.06570445768227323,221
81.96000000000001,0.06857593540947614,0.015518346306789435,0.0019587992319150247,0.0,0.0,0.0657114460341876,221
81.98,0.0685815611653329,0.015525077427506187,0.001959194654558076,0.0,0.0,0.06571853648587264,221
82.0,0.06858701354990519,0.01553158537247389,0.0019595872410518036,0.0,0.0,0.06572573506365521,221
82.02,0.06859228253653202,0.01553786995667008,0.0019599769900433047,0.0,0.0,0.06573304808950249,221
82.04,0.06859736398634325,0.015543930989654927,0.0019603639055855776,0.0,0.0,0.06574048213533523,221
82.06,0.06860318477867103,0.01554976827525975,0.001960747991588548,0.0,0.0,0.06574821481638146,221
82.08,0.06861026736592829,0.015556730534272077,0.0019611292518260355,0.0,0.0,0.06575675778950692,221
82.10000000000001,0.06861889175486165,0.015564691999507541,0.0019615077074377272,0.0,0.0,0.06576544127712858,221
82.12,0.06862746180483122,0.015572412510378629,0.0019618833492908456,0.0,0.0,0.0657742721120047,221
82.14,0.06863597701716312,0.015579891591607397,0.001962256176059925,0.0,0.0,0.06578325694784348,221
82.16,0.06864443631240416,0.015587128765241513,0.0019626526651136357,0.0,0.0,0.06579240214625394,221
82.18,0.06865283790276117,0.015594857135728061,0.001963073478335521,0.0,0.0,0.06580171366173797,221
82.2,0.06866117916596046,0.015603222049387282,0.0019635048703993624,0.0,0.0,0.0658111969285912,221
82.22,0.06866945652448829,0.015612758974512423,0.0019639333885158703,0.0,0.0,0.06582085675367606,221
82.24,0.06867910164040328,0.01562244140589348,0.0019643590439623617,0.0,0.0,0.06583069721894433,221
82.26,0.06868876963632116,0.015632586659705263,0.001964781833083718,0.0,0.0,0.06584072159732213,221
82.28,0.06869840561746518,0.015643161030496004,0.0019652017711963643,0.0,0.0,0.0658509322850934,221
82.3,0.06870800303969465,0.01565346799503568,0.001965618854419991,0.0,0.0,0.06586133075330233,221
82.32000000000001,0.06871755408333437,0.01566350738376722,0.001966042554752063,0.0,0.0,0.06587191751992943,221
82.34,0.06872704732204665,0.015673279062902376,0.001966482148345149,0.0,0.0,0.06588268983150217,219
82.36,0.06873641877091966,0.015682782940090914,0.0019669188678283203,0.0,0.0,0.06589359272479528,219
82.38,0.06874571267488835,0.015692018969061385,0.001967352691605383,0.0,0.0,0.0659046798257397,219
82.4,0.06875593948707542,0.01570098715627663,0.0019677836221149497,0.0,0.0,0.06591594799051417,219
82.42,0.06876728185719812,0.01570968756458297,0.001968211661771795,0.0,0.0,0.0659273932957409,219
82.44,0.06877859360741485,0.01572087879637102,0.001968636812970011,0.0,0.0,0.06593901112445999,219
82.46000000000001,0.06879018758330539,0.015733472766021408,0.001969059078085943,0.0,0.0,0.06595089500872596,219
82.48,0.06880292476694767,0.01574578121338986,0.0019694784594808737,0.0,0.0,0.06596330601994077,219
82.5,0.06881700952534384,0.015757804276231177,0.0019698949595034747,0.0,0.0,0.06597587195228184,219
82.52,0.0688316663837466,0.01576954215754053,0.001970311515753214,0.0,0.0,0.06598855534192295,219
82.54,0.06884643044317491,0.015780995118411762,0.0019707302459396015,0.0,0.0,0.06600132713727759,219
82.56,0.0688611745917103,0.015792163479661458,0.0019711460792206635,0.0,0.0,0.06601423433712551,219
82.58,0.06887590333260644,0.015803057054645384,0.001971559017966632,0.0,0.0,0.06602727030499679,221
82.60000000000001,0.06889059639884151,0.015813682832549657,0.001971969064545227,0.0,0.0,0.06604042848394348,221
82.62,0.06890523590921342,0.01582402534791361,0.00197237622132324,0.0,0.0,0.0660537024599815,221
82.64,0.06891981749479549,0.01583408517982648,0.0019727804906679567,0.0,0.0,0.06606708601198415,221
82.66,0.06893431895702379,0.01584386296352033,0.001973181874948526,0.0,0.0,0.06608057314750294,221
82.68,0.06894872816034345,0.015853359387920197,0.0019735803765371855,0.0,0.0,0.06609415812445095,221
82.7,0.06896303298203336,0.015862575193170917,0.001973975997810395,0.0,0.0,0.06610783545905254,221
82.72,0.06897722129669434,0.015871511168215585,0.0019743687411498696,0.0,0.0,0.06612159992088298,221
82.74,0.06899137862375543,0.015880168148490456,0.0019747693836060635,0.0,0.0,0.06613544651620332,221
82.76,0.06900577918438178,0.015888547013789507,0.001975190350035918,0.0,0.0,0.06614937716681227,221
82.78,0.0690200325559569,0.015896648686339533,0.001975608419371241,0.0,0.0,0.06616380158777628,221
82.8,0.0690341305202791,0.015904474129113805,0.001976023596503386,0.0,0.0,0.06617829374205289,222
82.82000000000001,0.06904804956325683,0.015912126655981157,0.0019764358703863037,0.0,0.0,0.06619284923996943,222
82.84,0.06906355183120841,0.015920838354689156,0.0019768452525813344,0.0,0.0,0.06620746372957355,222
82.86,0.06907960661269708,0.01592927336357178,0.0019772517446767623,0.0,0.0,0.06622213284689234,222
82.88,0.06909551870586693,0.015937432781922032,0.001977655340800237,0.0,0.0,0.06623685216682627,222
82.9,0.06911127686194532,0.0159453177452212,0.0019780560433860558,0.0,0.0,0.06625161715590909,222
82.92,0.06912755095782161,0.01595292942482165,0.001978453865209446,0.0,0.0,0.06626642312785756,222
82.94,0.06914498610605423,0.015960269027771715,0.0019788488062626604,0.0,0.0,0.06628126520257738,221
82.96000000000001,0.06916230613566618,0.015968262353175226,0.0019792408611542475,0.0,0.0,0.06629613826908942,221
82.98,0.06917950081650123,0.015977554459973776,0.0019796300323557284,0.0,0.0,0.06631103695272643,221
83.0,0.06919655945540765,0.015986557917684167,0.0019800163223475543,0.0,0.0,0.06632595558695581,221
83.02,0.06921347334298392,0.01599527676567577,0.001980401256527664,0.0,0.0,0.06634088819024787,222
83.04,0.06923023920653898,0.01600372705585345,0.001980809679465221,0.0,0.0,0.06635582844857849,222
83.06,0.06924683399223241,0.01601189175125495,0.0019812151837507387,0.0,0.0,0.06637076970432354,222
83.08,0.06926324490917633,0.01601977196585202,0.001981617769598304,0.0,0.0,0.06638570495246704,222
83.10000000000001,0.06927991573342053,0.016027368858427968,0.001982017439472712,0.0,0.0,0.06640062684513642,222
83.12,0.06929685808224842,0.016034683634346496,0.001982414207961218,0.0,0.0,0.06641552770546914,222
83.14,0.06931357362837387,0.016041717547217366,0.0019828080730660254,0.0,0.0,0.06643039955165074,222
83.16,0.06933004743562607,0.01604847190039936,0.0019831990481010853,0.0,0.0,0.06644523413168996,223
83.18,0.06934626409375022,0.01605494804828006,0.001983614070654947,0.0,0.0,0.06646002296903691,223
83.2,0.0693622077636827,0.016061147397273393,0.0019840331932758242,0.0,0.0,0.06647475741864056,223
83.22,0.06937786223179036,0.01606708229637122,0.001984449377705122,0.0,0.0,0.06648942873242,223
83.24,0.06939318048338086,0.016072757877050883,0.0019848627047219475,0.0,0.0,0.06650399757017568,223
83.26,0.06940814809836739,0.016078161151189062,0.001985273183436924,0.0,0.0,0.06651845756116244,223
83.28,0.0694227762907173,0.01608329373541534,0.0019856807373716556,0.0,0.0,0.06653282833949896,223
83.3,0.06943704800282667,0.01608815729814517,0.0019860853708244352,0.0,0.0,0.0665471015206153,223
83.32000000000001,0.06945094613464735,0.016092753557578082,0.001986487091617891,0.0,0.0,0.0665612690119009,223
83.34,0.06946585198835241,0.01609708427984902,0.0019868858897154566,0.0,0.0,0.06657532308570457,223
83.36,0.06948093119896513,0.016101151276825217,0.001987281767583443,0.0,0.0,0.06658925644362025,223
83.38,0.06949566180827443,0.016104956403608536,0.0019876747301728263,0.0,0.0,0.0666030622697541,223
83.4,0.06951003008307509,0.016108501555813663,0.001988086174662007,0.0,0.0,0.06661673427121428,223
83.42,0.0695240225591751,0.016111788666700256,0.0019885073350028614,0.0,0.0,0.06663026670475426,223
83.44,0.06953762604135941,0.01611481970424019,0.0019889318207390295,0.0,0.0,0.06664365438920451,223
83.46000000000001,0.06955079727407681,0.016117596668200382,0.0019893505109861605,0.0,0.0,0.06665687015312478,223
83.48,0.06956353157853616,0.01612012157426777,0.0019897575603079736,0.0,0.0,0.06666990706735657,223
83.5,0.06957658008190329,0.016124795746864626,0.001990161704501122,0.0,0.0,0.06668278694163962,223
83.52,0.06958990405823301,0.016129224823211767,0.0019905629457508843,0.0,0.0,0.06669550671183236,223
83.54,0.06960282041627633,0.016133390473299945,0.001990961286255433,0.0,0.0,0.06670806376163906,224
83.56,0.06961531836850827,0.016137294830881086,0.0019913567282267806,0.0,0.0,0.06672050153704503,224
83.58,0.06962738715260665,0.01614094005198037,0.0019917492738918204,0.0,0.0,0.06673321447987048,224
83.60000000000001,0.06963901597599567,0.016144328312797798,0.001992138925493255,0.0,0.0,0.06674575847623732,224
83.62,0.06965126958835456,0.01614778730153276,0.001992525685290457,0.0,0.0,0.06675813228575615,224
83.64,0.0696634501232587,0.01615214899352963,0.00199290955556031,0.0,0.0,0.06677033492822554,225
83.66,0.06967520218062216,0.01615625640669373,0.001993290538597977,0.0,0.0,0.06678236566620677,226
83.68,0.06968651592519345,0.0161601117713735,0.0019936686367176162,0.0,0.0,0.06679422399817163,226
83.7,0.06969786406152449,0.01616371733124843,0.0019940438522530577,0.0,0.0,0.06680590966263994,226
83.72,0.06970876629579208,0.016167075342285366,0.001994416187558422,0.0,0.0,0.066817422653033,226
83.74,0.06971919920770654,0.016170188071669298,0.001994785645008711,0.0,0.0,0.06682876324232895,226
83.76,0.06972915243351091,0.01617305779665202,0.0019951747650575166,0.0,0.0,0.06684028748243455,227
83.78,0.06973856977376866,0.016176263161354853,0.0019955770635347253,0.0,0.0,0.06685208136773076,227
83.8,0.06974747696194765,0.016180782245336957,0.0019959797999340298,0.0,0.0,0.06686368376392228,227
83.82000000000001,0.06975587696971514,0.016186296894251488,0.0019963795799914376,0.0,0.0,0.06687511741215026,227
83.84,0.06976375521493146,0.016192571728794604,0.0019967764063380166,0.0,0.0,0.06688675388347304,227
83.86,0.06977148304722769,0.016198593575012583,0.00199717028162713,0.0,0.0,0.06689828337374375,227
83.88,0.06977877217766265,0.016204364539671785,0.0019975612220751162,0.0,0.0,0.06690965198294051,227
83.9,0.06978550714562434,0.016209886721960238,0.0019979492201657846,0.0,0.0,0.06692086365720748,228
83.92,0.06979234932396657,0.016215162210688614,0.0019983342753282208,0.0,0.0,0.06693192296217364,228
83.94,0.06980007918094953,0.01622019308134756,0.0019987163903077737,0.0,0.0,0.06694283509939418,228
83.96000000000001,0.06980797027189804,0.01622498139305702,0.0019990955678726038,0.0,0.0,0.06695360591530934,228
83.98,0.06981871353991487,0.016229529185445173,0.0019994718182550215,0.0,0.0,0.0669642049742158,228
84.0,0.06983070877923585,0.016233838474613793,0.001999845154954478,0.0,0.0,0.0669746553276061,228
84.02,0.06984336775157506,0.016237911251236824,0.002000215562742166,0.0,0.0,0.06698508358340122,228
84.04,0.0698556544600846,0.016241749477566726,0.002000582897998051,0.0,0.0,0.06699571449619986,228
84.06,0.06986859603198312,0.01624535507233208,0.0020009633601440306,0.0,0.0,0.06700620373784712,228
84.08,0.06988243004407742,0.01624872992168101,0.002001358174740342,0.0,0.0,0.06701659945745125,228
84.10000000000001,0.06989607070799488,0.016251875883194686,0.0020017500426048494,0.0,0.0,0.0670269118311703,228
84.12,0.06990952455530797,0.01625479477386962,0.0020021389587039076,0.0,0.0,0.067037151603534,228
84.14,0.06992279852451286,0.01625875132823156,0.002002524925454327,0.0,0.0,0.06704733007736184,228
84.16,0.06993590945211914,0.016262848447356204,0.0020029079574163857,0.0,0.0,0.06705745910559054,229
84.18,0.06994885955487798,0.01626671669603785,0.0020032880491145876,0.0,0.0,0.06706788281596432,229
84.2,0.06996165299420574,0.01627035776051447,0.0020036652114761573,0.0,0.0,0.06707837861700411,230
84.22,0.06997429819961345,0.01627378244934246,0.0020040394373632094,0.0,0.0,0.06708886323239974,230
84.24,0.06998680857916542,0.01627699183389744,0.002004410734795775,0.0,0.0,0.06709935064276323,229
84.26,0.06999919698059967,0.016279978753812135,0.002004789228727535,0.0,0.0,0.06710985533141497,229
84.28,0.07001146443841094,0.016282744665417143,0.0020051867869507684,0.0,0.0,0.06712039226154168,229
84.3,0.07002551631368724,0.01628529096380187,0.002005581373376631,0.0,0.0,0.0671309768440674,229
84.32000000000001,0.0700396507928027,0.016287618981739933,0.002005972991168057,0.0,0.0,0.06714162489425765,229
84.34,0.07005378256103914,0.016289729988885664,0.0020063616434787815,0.0,0.0,0.06715235257533421,227
84.36,0.07006791503094141,0.01629162519127569,0.0020067473334486746,0.0,0.0,0.06716317632772295,227
84.38,0.07008199337941125,0.01629330573117214,0.002007130055926747,0.0,0.0,0.06717404611152576,227
84.4,0.07009604098609616,0.01629477268446405,0.0020075181035765248,0.0,0.0,0.06718498892888325,227
84.42,0.07011012720423468,0.016296027064811446,0.0020079427219237174,0.0,0.0,0.06719607786651229,227
84.44,0.07012426574272154,0.016297069826145934,0.002008380582401284,0.0,0.0,0.06720732945686757,226
84.46000000000001,0.07013847771755298,0.016297901862150917,0.0020088154148941,0.0,0.0,0.06721875992500027,226
84.48,0.0701527669913077,0.016298524008346478,0.00200924722359555,0.0,0.0,0.06723038502979203,226
84.5,0.07016709697149497,0.01629893704470477,0.002009675974205694,0.0,0.0,0.06724216328870174,227
84.52,0.07018152021674587,0.016299141693668893,0.002010131496076816,0.0,0.0,0.0672541583594574,227
84.54,0.07019707290646102,0.016299138633439327,0.0020105870109311543,0.0,0.0,0.067266390934319,228
84.56,0.07021317965551875,0.01629892849842787,0.0020110394763527685,0.0,0.0,0.06727887316350961,228
84.58,0.07022944929877639,0.016298511883343483,0.00201148889508038,0.0,0.0,0.06729161584842316,228
84.60000000000001,0.07024588760372726,0.016297889348424053,0.0020119352697911277,0.0,0.0,0.06730462827162331,228
84.62,0.07026249854845444,0.016297061425105227,0.002012378603100084,0.0,0.0,0.06731791803817978,228
84.64,0.07027928417394949,0.01629615072985569,0.002012818897560747,0.0,0.0,0.06733149093229782,228
84.66,0.07029620706042522,0.016296395793077765,0.0020132802320169314,0.0,0.0,0.06734531167996866,228
84.68,0.07031327828189035,0.016296432606826644,0.0020137511844255987,0.0,0.0,0.06735939594886264,228
84.7,0.0703305175508688,0.01629626164655018,0.0020142190655680677,0.0,0.0,0.0673737686769388,228
84.72,0.07034809791881054,0.016295883388962682,0.002014683877696535,0.0,0.0,0.0673884273587234,228
84.74,0.07036616472147092,0.01629529832148954,0.0020151456248072943,0.0,0.0,0.06740336729472317,227
84.76,0.07038437157495302,0.01629450694896706,0.0020156333924477663,0.0,0.0,0.06741858160029034,227
84.78,0.07040270475480677,0.016293509818136334,0.0020161229100592788,0.0,0.0,0.06743406124375852,227
84.8,0.07042135490488023,0.016292314969727693,0.002016609329313982,0.0,0.0,0.0674497951128438,227
84.82000000000001,0.07044061694045468,0.01629093555479671,0.002017094889436573,0.0,0.0,0.06746577010754722,227
84.84,0.0704601780634149,0.016289352108350544,0.0020176072935768805,0.0,0.0,0.06748197125713852,227
84.86,0.07047978799496074,0.016288752243740007,0.0020181165640462953,0.0,0.0,0.06749838185828588,227
84.88,0.07049942290601348,0.016288656151584584,0.002018622706281154,0.0,0.0,0.0675150493629848,227
84.9,0.07051915891044346,0.01628834147899774,0.002019125733134566,0.0,0.0,0.06753225411439388,227
84.92,0.07053923859815465,0.01628780929833172,0.0020196256373913347,0.0,0.0,0.06754960890698611,227
84.94,0.0705592622375621,0.01628897223125813,0.0020201224168615987,0.0,0.0,0.06756709179362537,228
84.96000000000001,0.07057920066245689,0.016290275954630774,0.002020616080961045,0.0,0.0,0.06758467998439877,227
84.98,0.07059902382889065,0.016291353305180948,0.002021106633654519,0.0,0.0,0.06760235004178337,226
85.0,0.0706187009995658,0.016292207745695883,0.002021594068241525,0.0,0.0,0.0676200780753006,226
85.02,0.0706382009252887,0.016292826752607383,0.0020220783994462197,0.0,0.0,0.06763783993371522,225
85.04,0.07065749202187462,0.016293211801614926,0.0020225596351915744,0.0,0.0,0.06765561139316709,225
85.06,0.07067648519512333,0.016293372024264716,0.0020230378007541298,0.0,0.0,0.06767331096774194,225
85.08,0.07069520462226858,0.016293319021032055,0.0020235128584904986,0.0,0.0,0.0676909707806132,225
85.10000000000001,0.07071362015729311,0.016293036993619878,0.0020240139678697807,0.0,0.0,0.06770856890592175,225
85.12,0.07073188087479873,0.016292527775505185,0.002024516805604854,0.0,0.0,0.0677262232367815,225
85.14,0.07075011863769615,0.016291793282716852,0.0020250165110391504,0.0,0.0,0.06774406734752657,225
85.16,0.07076795934038746,0.0162908355101863,0.002025513078974645,0.0,0.0,0.06776178338227293,225
85.18,0.0707853733662123,0.016289656527730498,0.0020260065216810715,0.0,0.0,0.06777935127374875,225
85.2,0.07080424115100781,0.01628825847571435,0.0020264968317746357,0.0,0.0,0.06779675209391968,225
85.22,0.07082290131603892,0.016286643560440354,0.002026984014211773,0.0,0.0,0.06781396815134845,225
85.24,0.07084113866580546,0.016284814049315276,0.002027468080108744,0.0,0.0,0.06783098307288915,224
85.26,0.07085905984912114,0.01628277226584449,0.0020279490304154816,0.0,0.0,0.06784778186900485,224
85.28,0.0708767979050587,0.016280520584505624,0.002028443297541281,0.0,0.0,0.06786429836073356,224
85.3,0.07089403745182038,0.016278061423809585,0.002028944718251675,0.0,0.0,0.06788056659244204,224
85.32000000000001,0.07091076570607371,0.01627539724434491,0.002029465330598972,0.0,0.0,0.06789658246075568,224
85.34,0.0709278231852545,0.016272530542297773,0.0020299824392061732,0.0,0.0,0.06791273876517816,224
85.36,0.07094485768330545,0.016270656811675395,0.002030484476790088,0.0,0.0,0.06792858696950536,224
85.38,0.0709613839882924,0.016269379350636715,0.0020309833486993134,0.0,0.0,0.06794415924591399,224
85.4,0.07097737990115288,0.01626789313536881,0.002031479057329872,0.0,0.0,0.06795945074423684,224
85.42,0.070992831862531,0.016266200526485135,0.002031971616398262,0.0,0.0,0.06797445795259811,224
85.44,0.07100772834419611,0.016264303889710334,0.0020324662382784887,0.0,0.0,0.06798917863611555,225
85.46000000000001,0.07102205865865309,0.016262205591554203,0.002032985881361289,0.0,0.0,0.0680036117686379,224
85.48,0.07103581286947241,0.01625990799527471,0.0020335023340066764,0.0,0.0,0.0680177574593866,223
85.5,0.07104898169776507,0.01625741345714568,0.0020340155986040736,0.0,0.0,0.06803161687632871,223
85.52,0.0710615564265496,0.016254724323039267,0.002034525679733871,0.0,0.0,0.06804522392820721,223
85.54,0.07107352880464766,0.01625184292532838,0.002035057194211664,0.0,0.0,0.06805894427140487,223
85.56,0.07108489095157167,0.01624877158010972,0.0020355931951422227,0.0,0.0,0.06807238688882047,223
85.58,0.07109563526469662,0.016245512584743927,0.002036125981489792,0.0,0.0,0.0680855564097164,222
85.60000000000001,0.07110575432978575,0.01624206821570586,0.002036655563877385,0.0,0.0,0.06809845814538988,222
85.62,0.07111524780682316,0.016238440726735342,0.002037181935049784,0.0,0.0,0.06811109802364328,222
85.64,0.07112471018070583,0.016234632347276165,0.0020377050977708885,0.0,0.0,0.0681234825283168,222
85.66,0.07113518450538633,0.016230645281189823,0.002038225054857058,0.0,0.0,0.06813561864419056,222
85.68,0.07114509494784069,0.01622648170572873,0.0020387418091833347,0.0,0.0,0.06814751380733847,222
85.7,0.07115443749970227,0.016222761681902807,0.0020392553636902054,0.0,0.0,0.0681591758608555,222
85.72,0.07116320804757408,0.016223158143643748,0.0020397657213909372,0.0,0.0,0.06817061301573502,222
85.74,0.07117328908661766,0.01622532287758697,0.0020402728853793684,0.0,0.0,0.06818212075460252,222
85.76,0.0711831175288331,0.01622790277672551,0.00204077685883817,0.0,0.0,0.06819355995607092,222
85.78,0.07119244636827622,0.01623027258367856,0.002041277645047437,0.0,0.0,0.06820480025053755,222
85.8,0.07120127400578222,0.01623243380186159,0.0020417752473935367,0.0,0.0,0.06821585102197181,222
85.82000000000001,0.07120960391275116,0.016234387890290657,0.0020422696862464405,0.0,0.0,0.06822672189342287,222
85.84,0.07121743718108581,0.016236136263272454,0.0020427609551264434,0.0,0.0,0.06823742271288541,222
85.86,0.07122625328633977,0.016237680290213576,0.002043249060354076,0.0,0.0,0.06824805309580971,222
85.88,0.07123533990163552,0.016239021295534305,0.0020437340120731543,0.0,0.0,0.06825887336659059,222
85.9,0.07124451956396177,0.01624160959855349,0.002044215798919558,0.0,0.0,0.06826955385723009,223
85.92,0.07125429998372255,0.016244066380633224,0.002044694541490494,0.0,0.0,0.06828013803138915,223
85.94,0.07126366170406849,0.016246335304530388,0.0020451706786021157,0.0,0.0,0.06829095784613991,222
85.96000000000001,0.0712726569235995,0.016248418855061234,0.002045643673218719,0.0,0.0,0.06830166999944115,222
85.98,0.07128128758969815,0.01625030561105172,0.0020461135282048974,0.0,0.0,0.06831228578957713,223
86.0,0.07128984405663344,0.01625200174408282,0.0020465802424011223,0.0,0.0,0.06832281672943713,223
86.02,0.07129822448468545,0.016253506099168057,0.002047043820854306,0.0,0.0,0.0683332745477781,224
86.04,0.07130624461967633,0.01625481150296393,0.002047504277382677,0.0,0.0,0.06834367118670076,224
86.06,0.07131390571649879,0.016255918876667597,0.002047961615110598,0.0,0.0,0.0683540187935951,224
86.08,0.0713212087915173,0.01625682909917244,0.0020484158433404813,0.0,0.0,0.06836432970587876,225
86.10000000000001,0.07132815458011957,0.016257543007681743,0.0020488669600012403,0.0,0.0,0.06837461642701921,226
86.12,0.07133474348382768,0.01625806139846232,0.0020493149687218484,0.0,0.0,0.06838489159265795,226
86.14,0.07134097618147256,0.016260098991282123,0.002049759875504492,0.0,0.0,0.06839516792606198,226
86.16,0.0713478206739407,0.016262119826073444,0.0020502016864810337,0.0,0.0,0.06840545818265023,227
86.18,0.07135541112029962,0.01626392950554255,0.0020506404079006293,0.0,0.0,0.06841577508391636,227
86.2,0.0713644794918749,0.01626552832583684,0.0020510760567210634,0.0,0.0,0.06842613124167203,227
86.22,0.07137378785104945,0.01626691654606127,0.002051540720011663,0.0,0.0,0.06843653907413355,227
86.24,0.07138291365230497,0.016268094391586788,0.002052003798297058,0.0,0.0,0.06844701071593015,227
86.26,0.0713918709421885,0.01627010550997716,0.0020524637759054545,0.0,0.0,0.06845755792457936,228
86.28,0.0714006380800764,0.016274440984867643,0.0020529212218467425,0.0,0.0,0.0684681860885593,228
86.3,0.07140956691647453,0.016278837877926146,0.0020533830788630153,0.0,0.0,0.06847883233281635,228
86.32000000000001,0.07141838668649939,0.01628300802065577,0.0020538418306297137,0.0,0.0,0.06848958628794717,228
86.34,0.07142779486622365,0.016286951539778338,0.0020542974837428553,0.0,0.0,0.06850045730327037,228
86.36,0.07143883343138394,0.016290668552813817,0.002054750044769744,0.0,0.0,0.06851145393748657,229
86.38,0.07145061304122069,0.016294159173861716,0.002055199520231594,0.0,0.0,0.06852258390798062,230
86.4,0.07146242574175543,0.01629742351948243,0.0020556459165867267,0.0,0.0,0.06853389599712867,230
86.42,0.07147453608065489,0.01630046171457979,0.0020560892402145836,0.0,0.0,0.06854573959170185,229
86.44,0.07148656888711642,0.016303282332753355,0.0020565294974465146,0.0,0.0,0.06855773384165383,229
86.46000000000001,0.07149852014427217,0.01630589332069723,0.0020569667093325163,0.0,0.0,0.06857006628254272,229
86.48,0.07151036759385773,0.016308278653686725,0.0020574008675048588,0.0,0.0,0.06858296980618689,229
86.5,0.07152208079267051,0.01631194339742015,0.0020578319785214175,0.0,0.0,0.0685962357918012,229
86.52,0.07153369356873387,0.01631707976308476,0.0020582754098532317,0.0,0.0,0.06860966335701311,229
86.54,0.07154609867956278,0.016325535134862408,0.002058732913473834,0.0,0.0,0.06862325371644686,229
86.56,0.0715592713848137,0.01633388945210841,0.0020591873490369843,0.0,0.0,0.06863700752552297,229
86.58,0.07157259833289868,0.016342908086777484,0.0020596387219269053,0.0,0.0,0.06865092496521931,229
86.60000000000001,0.07158611039646647,0.01635326039325313,0.0020600870373689126,0.0,0.0,0.06866500582582617,229
86.62,0.07159954219652881,0.016363334567979438,0.0020605323004299946,0.0,0.0,0.06867924958595711,229
86.64,0.07161288402706881,0.016373130396576997,0.0020609745200539952,0.0,0.0,0.06869365548340088,229
86.66,0.07162613830037406,0.01638264771627948,0.002061413702152367,0.0,0.0,0.06870822257490448,229
86.68,0.07163935911870536,0.016391886416776674,0.0020618498461768132,0.0,0.0,0.06872294978268226,229
86.7,0.07165433454955458,0.01640084644066178,0.0020622829565972163,0.0,0.0,0.06873783592627396,229
86.72,0.071669248355622,0.016409527783560345,0.0020627130377490538,0.0,0.0,0.06875287973931561,229
86.74,0.07168409101711766,0.016417930494021727,0.0020631400938409157,0.0,0.0,0.06876807987176524,229
86.76,0.07169885745830494,0.01642605467325256,0.0020635641319930904,0.0,0.0,0.06878343487906571,229
86.78,0.07171354157561695,0.016433900474765076,0.0020639851585143357,0.0,0.0,0.06879894320059582,229
86.8,0.07172840318466157,0.01644146810400171,0.00206440317193579,0.0,0.0,0.068814603130445,229
86.82000000000001,0.07174461701499035,0.01644875781798236,0.0020648181814154998,0.0,0.0,0.06883041278404566,229
86.84,0.07176161928242432,0.016455769925002188,0.0020652301878842628,0.0,0.0,0.06884637006441482,229
86.86,0.07177856877557381,0.016462504784388564,0.0020656392125248443,0.0,0.0,0.06886247263172107,229
86.88,0.07179545553893164,0.016468962806306033,0.002066045245296265,0.0,0.0,0.06887871787956018,229
86.9,0.07181226903943815,0.016475167182138428,0.0020664482869688985,0.0,0.0,0.06889510292074823,229
86.92,0.07182899815206706,0.016481097895437828,0.0020668483419130843,0.0,0.0,0.06891162458466465,229
86.94,0.07184699651664568,0.0164867532656148,0.002067245408790344,0.0,0.0,0.0689282471311459,230
86.96000000000001,0.07186632708049405,0.016492133902802127,0.002067639490925209,0.0,0.0,0.06894497280804653,230
86.98,0.07188719842830052,0.01649724046646497,0.002068030591623201,0.0,0.0,0.06896182408064688,230
87.0,0.07190808491168352,0.016502073665239612,0.0020684187141289537,0.0,0.0,0.0689787968670143,230
87.02,0.07192897847467172,0.016506634254831565,0.0020688125001835363,0.0,0.0,0.06899608553161114,230
87.04,0.07194987085724681,0.01651092303649676,0.00206922855917748,0.0,0.0,0.06901378243660812,230
87.06,0.07197075364766593,0.016514940855172605,0.002069641611595312,0.0,0.0,0.06903198734500976,230
87.08,0.07199161833234714,0.016518688597262587,0.0020700516605315334,0.0,0.0,0.06905029570626253,230
87.10000000000001,0.07201245633998399,0.016522187928449384,0.0020704587152302043,0.0,0.0,0.06906870341170596,230
87.12,0.07203325907681259,0.01652542105404861,0.0020708832077899046,0.0,0.0,0.06908720649883243,230
87.14,0.07205401795037993,0.016528402012066366,0.002071317916683648,0.0,0.0,0.06910580118247636,230
87.16,0.07207501418885782,0.016531125663324674,0.0020717495954955907,0.0,0.0,0.06912448387271976,230
87.18,0.07209615722082631,0.016533584117233737,0.0020721782471626307,0.0,0.0,0.06914325117796567,230
87.2,0.07211723331288315,0.0165357784480608,0.00207260387461163,0.0,0.0,0.06916209989225286,230
87.22,0.07213823867730168,0.01653770975018155,0.002073026491162841,0.0,0.0,0.06918102696654663,229
87.24,0.07215909794350132,0.016539379135096517,0.0020734461006367824,0.0,0.0,0.06919997085586663,229
87.26,0.0721798605374233,0.016540787726298675,0.0020738626947633997,0.0,0.0,0.0692189870242858,230
87.28,0.07220051756557835,0.016541936661751067,0.002074276276405201,0.0,0.0,0.06923807285595605,230
87.3,0.07222105949978871,0.016542827089588253,0.002074692115334143,0.0,0.0,0.06925722534980623,230
87.32000000000001,0.07224147636084655,0.01654514811474556,0.0020751354603735467,0.0,0.0,0.06927673101000517,230
87.34,0.07226175761242729,0.016550267582434962,0.002075602243196525,0.0,0.0,0.06929643930371955,230
87.36,0.07228189205362885,0.016556314918299748,0.0020760659576461566,0.0,0.0,0.069316203194764,230
87.38,0.07230186771384424,0.01656208481797772,0.00207652659344463,0.0,0.0,0.06933601835294771,230
87.4,0.07232167237659863,0.016567578265547812,0.0020769841533471115,0.0,0.0,0.06935587988851846,229
87.42,0.0723413048087226,0.016572796251325232,0.00207743864010526,0.0,0.0,0.06937578227575042,229
87.44,0.07236073709165383,0.01657773977359973,0.0020778900564669394,0.0,0.0,0.06939571928950597,229
87.46000000000001,0.07238014756775295,0.016582409840851207,0.0020783385262072556,0.0,0.0,0.0694157815813998,229
87.48,0.07239990793315652,0.016586807472577913,0.0020787839765306305,0.0,0.0,0.06943613814041782,229
87.5,0.07242118222472646,0.01659093370532576,0.002079226378615524,0.0,0.0,0.06945650555385911,229
87.52,0.07244226947214069,0.016594789595214484,0.0020796657230781382,0.0,0.0,0.06947687449924035,229
87.54,0.0724634139648658,0.016598376220824367,0.0020801097464737362,0.0,0.0,0.06949723489700531,229
87.56,0.07248498691287504,0.016601694686709616,0.002080571412803138,0.0,0.0,0.06951754029747083,229
87.58,0.07250628439689323,0.016604746116458513,0.0020810303856152357,0.0,0.0,0.06953778162496445,229
87.60000000000001,0.07252799202937167,0.016607531667339522,0.0020814862643893216,0.0,0.0,0.06955798016884267,229
87.62,0.07255018100017666,0.016610054193059356,0.0020819390502531867,0.0,0.0,0.06957812340441552,229
87.64,0.07257210929469382,0.016612313474476576,0.002082388745831952,0.0,0.0,0.0695981984059122,229
87.66,0.07259420244593921,0.016614698072793158,0.0020828353537437655,0.0,0.0,0.06961819194857286,230
87.68,0.07261752614799794,0.0166184329951291,0.0020832788832555963,0.0,0.0,0.06963809061594059,230
87.7,0.07264059949143108,0.016621888564125047,0.0020837193401413486,0.0,0.0,0.06965788091046744,230
87.72,0.07266340349292424,0.01662506643207792,0.002084163479407436,0.0,0.0,0.06967754936578052,231
87.74,0.07268591909937787,0.016627968304450808,0.002084639364309945,0.0,0.0,0.06969708265916269,231
87.76,0.07270910879890455,0.0166305959397659,0.002085138361062407,0.0,0.0,0.06971646772294757,231
87.78,0.0727329695436186,0.016632951149059702,0.0020856520887677266,0.0,0.0,0.06973568844337123,232
87.8,0.0727564991958325,0.016635035794554855,0.0020861775215544357,0.0,0.0,0.06975467621853242,232
87.82000000000001,0.07277974201192407,0.016636851783039152,0.002086699774294502,0.0,0.0,0.06977359410816993,232
87.84,0.07280267357032535,0.016638401075259136,0.0020872188494337183,0.0,0.0,0.06979262198090534,232
87.86,0.07282523681258277,0.016639685677273162,0.002087734749677854,0.0,0.0,0.06981139101684088,232
87.88,0.07284747031471153,0.01664070763590212,0.0020882474769608,0.0,0.0,0.06982994402550777,233
87.9,0.07286936546855266,0.01664146904062919,0.002088757033637778,0.0,0.0,0.06984842023991887,232
87.92,0.07289086454351788,0.016641972017314398,0.0020892635126593946,0.0,0.0,0.0698668857616476,232
87.94,0.07291199798603974,0.016642218714309966,0.00208976683013073,0.0,0.0,0.06988511045133372,232
87.96000000000001,0.07293275518489438,0.016642211318215378,0.0020902669842473515,0.0,0.0,0.06990309043080754,232
87.98,0.07295312651631514,0.016641952040124003,0.002090763977361952,0.0,0.0,0.0699208211541976,232
88.0,0.07297310318702421,0.016641448613142262,0.0020912578118296382,0.0,0.0,0.06993829909564872,232
88.02,0.07299417523490408,0.016640717408173175,0.0020917484955810276,0.0,0.0,0.06995552172907732,232
88.04,0.07301495285867199,0.016639741015883946,0.0020922360271502763,0.0,0.0,0.06997248749349758,232
88.06,0.07303537035468585,0.016638521700296685,0.0020927204071784365,0.0,0.0,0.06998949724710335,232
88.08,0.0730554240090742,0.016637061727890905,0.0020932016380396006,0.0,0.0,0.07000643494282757,232
88.10000000000001,0.07307540774900365,0.01663730863092149,0.002093679722114565,0.0,0.0,0.07002311570425958,232
88.12,0.07309519817354833,0.016637720286055126,0.0020941546701190995,0.0,0.0,0.07003954124345986,232
88.14,0.07311461654290947,0.016637881535623598,0.0020946264781030186,0.0,0.0,0.07005571389948691,232
88.16,0.07313366122774494,0.01663779465097629,0.0020950951465153233,0.0,0.0,0.07007163655130387,232
88.18,0.07315233088931332,0.016637461889286966,0.002095560677768781,0.0,0.0,0.07008731252887172,233
88.2,0.07317062438384915,0.016636885490815108,0.0020960230804249595,0.0,0.0,0.07010274552416922,233
88.22,0.07318854066800451,0.0166362074027246,0.0020964823541240085,0.0,0.0,0.0701179395035905,234
88.24,0.07320607870648445,0.016637511202774926,0.0020969611828852023,0.0,0.0,0.07013289862285874,235
88.26,0.07322323738269164,0.016638554602662142,0.0020974438333464626,0.0,0.0,0.07014762714528192,235
88.28,0.07324001975911554,0.016639339535638103,0.002097923307475612,0.0,0.0,0.07016212936387772,235
88.3,0.07325691302660639,0.016639867936783737,0.002098399607683019,0.0,0.0,0.07017640952766159,235
88.32000000000001,0.07327342157168254,0.016640141744149378,0.0020988727382200076,0.0,0.0,0.0701906387244667,235
88.34,0.07328954448455666,0.016640162900051804,0.002099342706037888,0.0,0.0,0.07020491636628426,235
88.36,0.07330528859051265,0.01663993335249204,0.002099809514100755,0.0,0.0,0.07021898323036392,235
88.38,0.07332063979268198,0.0166394550566618,0.0021002731587770555,0.0,0.0,0.07023284274056663,234
88.4,0.0733355942257126,0.01663872997650979,0.0021007336417644615,0.0,0.0,0.07024649797550289,234
88.42,0.07335032088533583,0.016637760086341314,0.002101190965529141,0.0,0.0,0.07025995162364884,234
88.44,0.07336494504048117,0.016636547372425772,0.0021016451325458073,0.0,0.0,0.07027320594496049,235
88.46000000000001,0.07337917551755342,0.016635095095784178,0.002102096145297431,0.0,0.0,0.07028626273986979,235
88.48,0.0733929911798535,0.016633427206864847,0.0021025440062748943,0.0,0.0,0.07029947323601834,235
88.5,0.07340782644560366,0.016631538062165822,0.0021029958415975172,0.0,0.0,0.07031263549789082,235
88.52,0.07342288071809853,0.016629419257175305,0.002103447034583122,0.0,0.0,0.07032560203479868,235
88.54,0.0734375718340937,0.01662706772408297,0.0021038950887084336,0.0,0.0,0.07033837267863063,235
88.56,0.07345189305792021,0.01662448555186529,0.002104339995897633,0.0,0.0,0.07035094678713366,235
88.58,0.073466302322504,0.016622493108194324,0.00210479084079335,0.0,0.0,0.07036332327224577,235
88.60000000000001,0.07348033698532686,0.016623288339149066,0.0021052631325913234,0.0,0.0,0.07037550063836162,235
88.62,0.07349399074408923,0.016623837961349076,0.0021057322450054603,0.0,0.0,0.07038747702953466,235
88.64,0.07350724112812475,0.016625067215491684,0.002106228200452486,0.0,0.0,0.07039958703419126,235
88.66,0.07352004542141036,0.016627361105403683,0.0021067248770260585,0.0,0.0,0.07041155446636027,233
88.68,0.07353239865119618,0.016629405703306035,0.002107218342113871,0.0,0.0,0.0704232857708397,233
88.7,0.07354431774786781,0.016631203157995336,0.0021077085984149637,0.0,0.0,0.07043480573524445,234
88.72,0.07355579180652763,0.01663275563015359,0.002108195655486365,0.0,0.0,0.07044611161355269,233
88.74,0.07356681061450693,0.01663406528984791,0.0021086795115138157,0.0,0.0,0.07045720067828141,234
88.76,0.07357912568144562,0.01663513431475341,0.002109160175853448,0.0,0.0,0.07046807028199237,234
88.78,0.07359126643135046,0.016635964888153672,0.0021096376497941717,0.0,0.0,0.07047871791384658,234
88.8,0.07360299376964778,0.016636559196755798,0.0021101119273879503,0.0,0.0,0.07048914125012051,234
88.82000000000001,0.07361429882507632,0.016636919428361003,0.0021105830105021843,0.0,0.0,0.0704993381979488,234
88.84,0.07362517274481034,0.01663704776943401,0.0021110509015205463,0.0,0.0,0.07050930693193619,234
88.86,0.07363560671293921,0.0166369464026148,0.0021115156028296647,0.0,0.0,0.07051904592362424,235
88.88,0.07364559196158837,0.016636617504215936,0.0021119771168189804,0.0,0.0,0.07052855396409823,235
88.9,0.07365511977519897,0.016636063241746154,0.002112435445880656,0.0,0.0,0.07053783018026502,235
88.92,0.07366426985206548,0.016635285771498667,0.0021128905924095004,0.0,0.0,0.07054687404548358,235
88.94,0.07367333222130354,0.0166342914830929,0.0021133425588029256,0.0,0.0,0.07055568538532499,235
88.96000000000001,0.0736819106330896,0.016633093823991158,0.0021137913474609444,0.0,0.0,0.07056426437923144,235
88.98,0.07368999651226339,0.01663167933190879,0.002114236970680665,0.0,0.0,0.07057261155879545,235
89.0,0.07369758127981224,0.01663106155383096,0.002114679430893582,0.0,0.0,0.07058072780328287,235
89.02,0.07370505991206178,0.016630788684694697,0.002115118720643907,0.0,0.0,0.07058861433288803,235
89.04,0.07371247292706735,0.016631271970879366,0.0021155548423432333,0.0,0.0,0.0705962727001113,235
89.06,0.0737210575092365,0.016631963012033107,0.002115987798406362,0.0,0.0,0.07060370477953828,236
89.08,0.0737304861938986,0.016632448816842883,0.002116417591251612,0.0,0.0,0.07061091275625453,237
89.10000000000001,0.07373949039852157,0.016632736077902974,0.002116844224996193,0.0,0.0,0.07061789911311651,237
89.12,0.0737480651361438,0.016632811890932735,0.0021172677054977353,0.0,0.0,0.07062466661713494,237
89.14,0.07375620585907976,0.0166331313089237,0.0021176880300782554,0.0,0.0,0.07063121830529066,237
89.16,0.07376384248419456,0.016634187700414818,0.002118088373254001,0.0,0.0,0.07063750880036516,237
89.18,0.07377103491558006,0.01663503502855877,0.0021184853643176575,0.0,0.0,0.07064358956408007,236
89.2,0.0737777793790994,0.016635675083798297,0.00211887924738764,0.0,0.0,0.07064946505732832,236
89.22,0.07378407105411391,0.01663610963114264,0.002119270024710441,0.0,0.0,0.0706551392598472,236
89.24,0.07379028484894795,0.016636340410371958,0.002119657698542456,0.0,0.0,0.07066061635791626,236
89.26,0.07379795940395868,0.01663636913684682,0.0021200422745003794,0.0,0.0,0.07066589519602441,235
89.28,0.07380517798870673,0.016636197502150025,0.002120423784636987,0.0,0.0,0.07067093111633489,235
89.3,0.07381199260590966,0.016635827172983515,0.0021208207289521407,0.0,0.0,0.07067593965944041,235
89.32000000000001,0.07381840037733547,0.016635259797107827,0.0021212290161168024,0.0,0.0,0.07068104385741054,235
89.34,0.07382439832002133,0.01663449700179921,0.002121634174778559,0.0,0.0,0.07068597428592295,235
89.36,0.0738299833363552,0.016633540394887954,0.002122036207212466,0.0,0.0,0.07069073629076254,235
89.38,0.07383527291176657,0.016632391565780266,0.0021224351157126367,0.0,0.0,0.07069533541696837,235
89.4,0.07384043977452992,0.016631052086450413,0.00212283940683256,0.0,0.0,0.07069971206049701,235
89.42,0.07384512689870307,0.016629523512049185,0.0021232447483303628,0.0,0.0,0.07070386590439033,235
89.44,0.07384938928452459,0.016627807379960377,0.002123660144055244,0.0,0.0,0.07070787485716759,235
89.46000000000001,0.07385320520872489,0.016626180075142463,0.0021240894349911833,0.0,0.0,0.07071173256992096,235
89.48,0.07385802631100553,0.01662549911549358,0.0021244997104698186,0.0,0.0,0.07071540542897874,235
89.5,0.07386294376287485,0.016624631793053884,0.0021249068253267078,0.0,0.0,0.07071895327930379,235
89.52,0.07386749737063579,0.016623579575434304,0.0021253107812696263,0.0,0.0,0.07072238320272593,235
89.54,0.073871685743403,0.01662234391866652,0.0021257278484523474,0.0,0.0,0.07072586146583931,236
89.56,0.07387550739254892,0.016620927045657773,0.002126157323062813,0.0,0.0,0.07072950680283592,236
89.58,0.07387896071776415,0.01661935364222896,0.0021265836086935283,0.0,0.0,0.0707330563447299,236
89.60000000000001,0.07388211257662715,0.016617601064582894,0.002127007276279833,0.0,0.0,0.07073651812223158,236
89.62,0.07388534633023969,0.01661567072811231,0.0021274599187679605,0.0,0.0,0.0707399004000456,236
89.64,0.0738882102658333,0.01661356403924477,0.002127909345114096,0.0,0.0,0.07074321167048858,235
89.66,0.07389071602616629,0.016611282395868388,0.002128355555565464,0.0,0.0,0.07074694447071453,234
89.68,0.0738928506317807,0.016608827187746627,0.002128798552826023,0.0,0.0,0.07075134778192316,234
89.7,0.07389642214287195,0.016606199796935884,0.0021292383396354624,0.0,0.0,0.07075579493064767,234
89.72,0.0739000610964507,0.016603401598221296,0.0021296749201362448,0.0,0.0,0.07076020542730747,234
89.74,0.07390344872174874,0.01660198772181789,0.0021301083065147306,0.0,0.0,0.07076458864925989,234
89.76,0.07390696884058444,0.016601448710439136,0.0021305384975244643,0.0,0.0,0.07076895406143978,233
89.78,0.07391016676836522,0.016600747043324243,0.002130965492298116,0.0,0.0,0.07077328803738396,234
89.8,0.07391302873560798,0.01659987022377911,0.002131389291765301,0.0,0.0,0.07077758721705846,234
89.82000000000001,0.07391558940326104,0.016598813692354178,0.002131809898048483,0.0,0.0,0.07078189707218921,234
89.84,0.07391784686565825,0.016597578534027494,0.002132227319220347,0.0,0.0,0.07078622694000608,234
89.86,0.07392162933793617,0.016596165823451425,0.00213264156968391,0.0,0.0,0.070790585987523,234
89.88,0.0739253864371899,0.016594576625640452,0.002133052654333766,0.0,0.0,0.07079503305093796,235
89.9,0.07392891803250591,0.01659281199675084,0.0021334605609827843,0.0,0.0,0.07079991751445464,235
89.92,0.07393222176945022,0.016590891227144806,0.002133865289994816,0.0,0.0,0.0708048565011898,235
89.94,0.07393528977683574,0.016588803302563473,0.0021342668548939257,0.0,0.0,0.07080985791094956,235
89.96000000000001,0.0739381188123155,0.016588376794474658,0.00213466524817055,0.0,0.0,0.07081492918826646,235
89.98,0.07394070471380129,0.016588507240721667,0.0021350604729760986,0.0,0.0,0.07082007727396084,236
90.0,0.07394480352936786,0.016588876643884837,0.00213545737376134,0.0,0.0,0.07082530856188009,236
90.02,0.07394913396044188,0.016590301018882186,0.002135873305980074,0.0,0.0,0.07083062886172092,236
90.04,0.0739532925839166,0.016593289239623193,0.0021362860394286568,0.0,0.0,0.07083646557052928,236
90.06,0.07395727463579248,0.016596076842259274,0.0021366955734218466,0.0,0.0,0.07084241010879438,236
90.08,0.07396107434424305,0.016598664329860964,0.0021371019176539114,0.0,0.0,0.07084845678226699,235
90.10000000000001,0.07396467491447833,0.01660105219485031,0.002137505534816746,0.0,0.0,0.07085493186180176,235
90.12,0.07396887603996104,0.016603240920411464,0.0021379084714798985,0.0,0.0,0.07086155765173877,235
90.14,0.07397420245133673,0.01660523098277306,0.0021383082199316803,0.0,0.0,0.07086829288405087,235
90.16,0.07397940005706802,0.016607022849184357,0.0021387047898933746,0.0,0.0,0.07087513889731041,235
90.18,0.0739844614075181,0.016608616981109908,0.0021390981820807323,0.0,0.0,0.07088209644043891,235
90.2,0.07398937819201394,0.016610013835692647,0.0021394883959252016,0.0,0.0,0.0708891657093948,235
90.22,0.07399414126828815,0.016611213867324486,0.0021398754347497374,0.0,0.0,0.07089634638999347,235
90.24,0.07399874069627856,0.016612217529325266,0.002140259301904099,0.0,0.0,0.07090363770555308,235
90.26,0.07400309416698479,0.01661302527572822,0.002140645280218127,0.0,0.0,0.07091095957254666,236
90.28,0.0740078556255485,0.016613637538151056,0.002141030916813101,0.0,0.0,0.07091832274477415,236
90.3,0.07401338171118547,0.016614446147100958,0.002141413377215865,0.0,0.0,0.07092579204937266,236
90.32000000000001,0.0740187549236274,0.016617203240357033,0.002141792657605042,0.0,0.0,0.07093336538119813,236
90.34,0.07402445147500385,0.016619770746952534,0.002142168765864121,0.0,0.0,0.07094104043133428,236
90.36,0.07403159627838027,0.016622126926236755,0.002142541705375472,0.0,0.0,0.07094881473286037,236
90.38,0.07403863432527744,0.01662427195131667,0.0021429114777410736,0.0,0.0,0.07095668570177252,236
90.4,0.07404583334709319,0.016626206004465193,0.002143298424355104,0.0,0.0,0.07096465067217224,236
90.42,0.07405310470865101,0.01662792927975533,0.0021436922857176895,0.0,0.0,0.07097270692505998,236
90.44,0.0740602399075752,0.016630333236621976,0.002144082953738299,0.0,0.0,0.07098086008381599,236
90.46000000000001,0.07406723506019038,0.0166338902132718,0.002144470426916476,0.0,0.0,0.07098952082154723,236
90.48,0.07407408129882243,0.016637243214457205,0.002144874628098194,0.0,0.0,0.07099826401537931,236
90.5,0.07408076022150838,0.01664037378067582,0.002145288962310732,0.0,0.0,0.07100708688420473,236
90.52,0.07408727083310751,0.01664328217947979,0.0021457000754323886,0.0,0.0,0.07101598663570918,236
90.54,0.07409359654140173,0.016645968705039735,0.002146107971732988,0.0,0.0,0.07102496045695866,236
90.56,0.07409972102991905,0.016648433680898266,0.0021465126598446556,0.0,0.0,0.07103400550124092,237
90.58,0.07410563224033362,0.016650677462711944,0.002146914145092799,0.0,0.0,0.07104311887260835,237
90.60000000000001,0.07411131770320808,0.016652700440969944,0.002147312429162995,0.0,0.0,0.07105229760971053,237
90.62,0.07411763656320643,0.016654681434847197,0.0021477075149629863,0.0,0.0,0.07106157131419873,236
90.64,0.07412471074199002,0.01665836288660135,0.002148099407511048,0.0,0.0,0.07107132249273618,236
90.66,0.07413156045629965,0.016661802615642766,0.0021484881119887525,0.0,0.0,0.07108112906272628,236
90.68,0.07413869869321427,0.016665001355817145,0.002148873633742271,0.0,0.0,0.07109098768299298,236
90.7,0.07414650525887953,0.016667959901548676,0.002149255988156253,0.0,0.0,0.0711008949111617,235
90.72,0.07415415941547068,0.016671047131499247,0.002149635171370044,0.0,0.0,0.07111084721406713,235
90.74,0.07416321642913877,0.016675478701615985,0.0021500111888998205,0.0,0.0,0.0711208409853246,235
90.76,0.07417223342104311,0.01668063064683714,0.0021503840467289544,0.0,0.0,0.07113087256979929,235
90.78,0.07418150725007654,0.016685988575768338,0.0021507537509861704,0.0,0.0,0.07114093829429594,235
90.8,0.07419056170214207,0.016691090139009736,0.0021511203091772483,0.0,0.0,0.0711510815142411,235
90.82000000000001,0.0741998521733199,0.016695936143745826,0.002151483733498143,0.0,0.0,0.07116163548376511,235
90.84,0.07420922139300423,0.01670158144978408,0.0021518440234267115,0.0,0.0,0.0711722123052532,234
90.86,0.07421998450256125,0.016707509788361465,0.0021522019499602887,0.0,0.0,0.07118280862341737,235
90.88,0.07423054140806783,0.01671319073873172,0.002152589850295683,0.0,0.0,0.07119342126766262,235
90.9,0.07424088152150822,0.01671862678334979,0.0021529745966656516,0.0,0.0,0.07120404729189327,235
90.92,0.07425099422337236,0.01672380602551155,0.0021533562021193472,0.0,0.0,0.07121468401078763,235
90.94,0.074260868881186,0.01672872961876204,0.002153734668157054,0.0,0.0,0.07122534716036656,235
90.96000000000001,0.07427049486258085,0.016735361390608574,0.002154110000505265,0.0,0.0,0.07123643201084927,235
90.98,0.07427986154277946,0.016742230492862747,0.002154482209844803,0.0,0.0,0.07124752081661162,235
91.0,0.07428895830681458,0.016748829320613272,0.002154851300324112,0.0,0.0,0.07125861220269197,234
91.02,0.07429932178367893,0.016755159079056732,0.0021552172774153217,0.0,0.0,0.0712697051638252,234
91.04,0.07431001712417484,0.01676122102401149,0.0021555801478062037,0.0,0.0,0.07128079907341223,234
91.06,0.07432150274382915,0.0167670420517722,0.0021559492335930727,0.0,0.0,0.07129189369044747,234
91.08,0.07433345246015392,0.01677435181073599,0.002156339099106934,0.0,0.0,0.07130298916577794,234
91.10000000000001,0.07434540106346775,0.016781384489895548,0.0021567258407706306,0.0,0.0,0.07131408604907746,234
91.12,0.07435715601513271,0.01678815997988018,0.0021571094722187263,0.0,0.0,0.07132518529775572,234
91.14,0.07436897451145189,0.01679466239438746,0.002157489990922672,0.0,0.0,0.07133628828874206,234
91.16,0.07438080245938289,0.016800892632891487,0.0021578823710334386,0.0,0.0,0.07134739683366935,234
91.18,0.07439242054401214,0.016807344397287458,0.0021582903745992507,0.0,0.0,0.07135875981898102,235
91.2,0.07440411566674857,0.016815219550488505,0.002158695726575349,0.0,0.0,0.07137027499637373,235
91.22,0.07441571252709056,0.016822819379779676,0.0021590981657563547,0.0,0.0,0.0713817838399743,235
91.24,0.0744270850567222,0.0168301455449048,0.002159497485003359,0.0,0.0,0.07139330973939294,235
91.26,0.07443908714925508,0.016837199717695307,0.0021598936944576957,0.0,0.0,0.07140485699986165,235
91.28,0.0744521036549724,0.016843983576611436,0.002160286792271682,0.0,0.0,0.07141643048947734,235
91.3,0.07446496673008217,0.016850498802954195,0.0021606767834676647,0.0,0.0,0.07142803565129172,235
91.32000000000001,0.07447767616764409,0.016856747077117606,0.002161063672931406,0.0,0.0,0.07143967850662736,235
91.34,0.0744901778244395,0.016862730074925537,0.002161448125675141,0.0,0.0,0.07145131026652876,235
91.36,0.07450252627644077,0.01686844944775832,0.00216185328904184,0.0,0.0,0.07146297884313922,235
91.38,0.07451472254201466,0.016873923142218913,0.0021622942665451787,0.0,0.0,0.07147470653767486,235
91.4,0.07452676668448793,0.01687914460359185,0.0021627371979942417,0.0,0.0,0.0714865007356586,237
91.42,0.07453860084947968,0.01688410732619989,0.0021631769955837237,0.0,0.0,0.07149831112006726,237
91.44,0.07455028562062424,0.016891035638290475,0.002163613640383398,0.0,0.0,0.07151020609093002,237
91.46000000000001,0.07456182189066082,0.016899876549711455,0.0021640471440505567,0.0,0.0,0.07152219467203494,237
91.48,0.07457321032328913,0.016908447143204747,0.002164477514953923,0.0,0.0,0.07153428597815008,237
91.5,0.07458445121178041,0.01691674801317253,0.0021649047454465817,0.0,0.0,0.07154648908717942,237
91.52,0.07459552448535275,0.016924780478389533,0.002165328840912965,0.0,0.0,0.07155879305604447,236
91.54,0.07460663795449918,0.01693254582705452,0.002165749808161805,0.0,0.0,0.0715711820003425,236
91.56,0.0746187001846107,0.01694004531645927,0.002166167644769835,0.0,0.0,0.07158370832570535,237
91.58,0.07463169380944387,0.016947280181751134,0.0021665823559292928,0.0,0.0,0.07159637954575339,237
91.60000000000001,0.07464546240503682,0.016954259375660335,0.002166993946655962,0.0,0.0,0.07160920242670665,237
91.62,0.07465962155640662,0.016960993276662263,0.0021674024259071873,0.0,0.0,0.07162213156743485,237
91.64,0.07467365310096216,0.016967548807222968,0.0021678078665021503,0.0,0.0,0.07163514583897171,236
91.66,0.07468763055394151,0.01697617501984411,0.002168210192383017,0.0,0.0,0.0716485754476944,236
91.68,0.07470154865456732,0.016984520465437934,0.0021686094064256893,0.0,0.0,0.07166239256333151,236
91.7,0.07471540061490102,0.01699258593442953,0.0021690055114136617,0.0,0.0,0.07167637957782295,236
91.72,0.07472917813476196,0.01700107397548656,0.002169427396103997,0.0,0.0,0.07169053667901344,237
91.74,0.07474288785504953,0.017010038231956997,0.002169849122469157,0.0,0.0,0.07170486280846461,236
91.76,0.07475651405443197,0.017018720777108247,0.0021702677095652287,0.0,0.0,0.0717193556844411,236
91.78,0.07477003146163327,0.017027122435888758,0.0021706831563934473,0.0,0.0,0.07173401184894772,236
91.8,0.07478501829624115,0.017035244055523296,0.002171096017565011,0.0,0.0,0.0717488267367773,236
91.82000000000001,0.07480092070149089,0.017043086509401343,0.002171505856962349,0.0,0.0,0.07176379476384648,236
91.84,0.07481798868848634,0.017050650700471914,0.0021719211402903885,0.0,0.0,0.07177890943157372,236
91.86,0.07483502821672242,0.01705793756409087,0.0021723565949541826,0.0,0.0,0.0717941634437212,236
91.88,0.07485264069454202,0.01706494807028617,0.0021727888858135095,0.0,0.0,0.07180954883201451,236
91.9,0.07487054199872424,0.017071683225425353,0.0021732180103087267,0.0,0.0,0.07182505708691105,236
91.92,0.07488836949038598,0.017078144073287393,0.002173643970211474,0.0,0.0,0.07184067929012661,237
91.94,0.07490611985910303,0.01708433169555667,0.002174066767928991,0.0,0.0,0.071856406245883,237
91.96000000000001,0.07492376543113759,0.01709024721176989,0.0021744864122923476,0.0,0.0,0.07187222860827042,237
91.98,0.0749412994958669,0.01709589177875693,0.002174902900746075,0.0,0.0,0.07188813700258002,237
92.0,0.07495869935282115,0.01710126658962412,0.0021753162340263188,0.0,0.0,0.0719041221389125,237
92.02,0.07497595327266152,0.01710637287233301,0.0021757264208168087,0.0,0.0,0.07192017491678232,238
92.04,0.07499303446491244,0.017111211887930557,0.0021761418823121347,0.0,0.0,0.07193628651977552,238
92.06,0.07500992613719762,0.01711578492848744,0.002176579307885206,0.0,0.0,0.07195244849960958,238
92.08,0.07502707651196608,0.01712009331480127,0.002177016241726509,0.0,0.0,0.07196865284915141,238
92.10000000000001,0.07504562296562595,0.01712413839392055,0.002177475470532797,0.0,0.0,0.07198489206412048,238
92.12,0.07506421863018826,0.017127921536544174,0.0021779314720152916,0.0,0.0,0.07200115919332878,238
92.14,0.07508263054511247,0.017131444134350034,0.002178384255131531,0.0,0.0,0.07201744787742508,238
92.16,0.07510084576189965,0.01713470759730486,0.002178833824259837,0.0,0.0,0.07203375237621502,239
92.18,0.07511885169866149,0.017138219376580884,0.0021792801738259667,0.0,0.0,0.07205006758473738,239
92.2,0.07513663613324276,0.01714353816426713,0.002179723302773704,0.0,0.0,0.07206638903840051,239
92.22,0.07515418718521548,0.01715039297651645,0.0021801632133673188,0.0,0.0,0.07208271290760494,239
92.24,0.07517149328727436,0.017156976154453496,0.0021806119285615513,0.0,0.0,0.07209903598240038,239
92.26,0.07518867267656257,0.017163288960565067,0.002181095235153493,0.0,0.0,0.07211535564785668,239
92.28,0.07520593145664962,0.01716933265771293,0.002181585881317002,0.0,0.0,0.07213166985092449,239
92.3,0.07522291138673813,0.017175108507333205,0.002182083445564733,0.0,0.0,0.07214797705966075,239
92.32000000000001,0.07523960167949875,0.01718061776793225,0.0021826013752770956,0.0,0.0,0.07216427621575443,239
92.34,0.07525599158509916,0.017185861693898657,0.0021831174946138608,0.0,0.0,0.07218089084130919,239
92.36,0.07527325038738171,0.017190841534644764,0.0021836625894470453,0.0,0.0,0.07219760410863367,238
92.38,0.07529035622729577,0.01719555853408464,0.0021842043232421617,0.0,0.0,0.0722142490980929,238
92.4,0.07530717256183384,0.01720001392410283,0.0021847426989974523,0.0,0.0,0.07223088254442446,238
92.42,0.0753236979372953,0.017204208937102023,0.0021852777192869774,0.0,0.0,0.07224750723766936,239
92.44,0.07533991455698459,0.01720814480066822,0.002185809386697813,0.0,0.0,0.07226412371604445,239
92.46000000000001,0.07535580965901786,0.01721184686151141,0.0021863377069157486,0.0,0.0,0.07228089220599378,239
92.48,0.07537225530142375,0.0172153138033311,0.0021868626853544524,0.0,0.0,0.07229792702591388,239
92.5,0.07538998991964256,0.01721852519254574,0.002187384324398091,0.0,0.0,0.07231495468526478,240
92.52,0.07540832914415756,0.017221482246935347,0.002187902628730643,0.0,0.0,0.07233237597963205,240
92.54,0.07542642200232479,0.0172241861855655,0.0021884175977839307,0.0,0.0,0.072349824006192,240
92.56,0.07544425938938534,0.0172266382306333,0.002188929230173502,0.0,0.0,0.0723672646784745,240
92.58,0.07546253769471538,0.017228839609405265,0.002189437528684915,0.0,0.0,0.07238474056569418,240
92.60000000000001,0.07548171507348596,0.017230791556195214,0.0021899425958944907,0.0,0.0,0.07240261365738056,240
92.62,0.07550065254898088,0.017232495310002725,0.002190444398951068,0.0,0.0,0.0724204523938923,240
92.64,0.0755193653809139,0.017233962602500274,0.0021909428773186986,0.0,0.0,0.07243827986565991,240
92.66,0.07553780915783932,0.01723519812440263,0.002191438033669934,0.0,0.0,0.07245605974690775,240
92.68,0.07555592393818056,0.017236189218523948,0.002191929870605575,0.0,0.0,0.07247374050181125,240
92.7,0.0755742686792548,0.01723693717596632,0.0021924183936162015,0.0,0.0,0.07249140451911643,240
92.72,0.07559422258169492,0.01723925177848256,0.0021929036100479,0.0,0.0,0.07250904953456787,239
92.74,0.07561526426319638,0.01724181445972399,0.0021933945778477653,0.0,0.0,0.07252667316023041,239
92.76,0.07563615665662754,0.017244122526070528,0.0021939027276492405,0.0,0.0,0.07254427295226354,239
92.78,0.07565689277833507,0.01724617736935722,0.0021944075219398956,0.0,0.0,0.0725618464852273,239
92.8,0.07567746558120188,0.017247981484883327,0.00219490896365539,0.0,0.0,0.07257939143080419,239
92.82000000000001,0.07569786802870905,0.01724953568042644,0.00219540705574714,0.0,0.0,0.07259690563879362,239
92.84,0.07571810374598512,0.017250840914863192,0.002195901801182128,0.0,0.0,0.0726143872182435,239
92.86,0.07573815959986677,0.01725334976112429,0.002196393202942799,0.0,0.0,0.07263183461669673,239
92.88,0.07575802489125628,0.017255774002219493,0.0021968812674566292,0.0,0.0,0.07264924669563547,239
92.9,0.07577769333421112,0.017259390371700573,0.002197375922559098,0.0,0.0,0.07266662280035473,238
92.92,0.07579753117897292,0.017262792904180087,0.0021978894209878637,0.0,0.0,0.07268435506576838,238
92.94,0.07581728691225094,0.01726594210290466,0.0021983995500108283,0.0,0.0,0.07270209210004039,239
92.96000000000001,0.07583683168553286,0.01726883948366407,0.0021989063127696978,0.0,0.0,0.07271979413962806,239
92.98,0.07585616626216439,0.017271486556022543,0.002199409716475772,0.0,0.0,0.0727379241818351,239
93.0,0.07587527777059482,0.017273884820508636,0.002199909764158868,0.0,0.0,0.07275605780425283,238
93.02,0.07589416240262675,0.017276035765880726,0.0022004064550961997,0.0,0.0,0.07277416329541217,239
93.04,0.07591281677186323,0.01727794086652865,0.0022008997924806125,0.0,0.0,0.0727922445478656,239
93.06,0.0759312384393632,0.017279601580071243,0.0022014083296005094,0.0,0.0,0.07281030611375637,240
93.08,0.07595062980583371,0.017281019345208,0.002201928312654012,0.0,0.0,0.07282835315969767,240
93.10000000000001,0.07597061561886988,0.017282195579880484,0.00220244525182624,0.0,0.0,0.07284639140399635,239
93.12,0.07599043912230809,0.01728313167979544,0.002202959172754687,0.0,0.0,0.07286442703626028,239
93.14,0.07601010122436623,0.017283829017356908,0.002203469726928656,0.0,0.0,0.07288246661990903,239
93.16,0.07602960288835886,0.01728428894104826,0.0022039769093856352,0.0,0.0,0.07290051697861656,240
93.18,0.07604894499555524,0.017284512775297852,0.0022044807258790266,0.0,0.0,0.07291858506826558,240
93.2,0.0760681281952021,0.017284501820853056,0.002204981181286023,0.0,0.0,0.072936677836515,240
93.22,0.07608715274429818,0.017284257355677346,0.0022054782720719135,0.0,0.0,0.07295480207258766,240
93.24,0.07610601834016388,0.01728378063637413,0.0022059720015240596,0.0,0.0,0.07297296425034364,240
93.26,0.07612472465643425,0.017283072900129155,0.002206462372943318,0.0,0.0,0.07299117036808357,240
93.28,0.07614328312189474,0.0172821353671511,0.0022069493896431517,0.0,0.0,0.07300942578880977,240
93.3,0.07616167676737044,0.017280969243577637,0.0022074330549486133,0.0,0.0,0.07302773508487856,240
93.32000000000001,0.07618080032633054,0.017279575724802616,0.002207913372195177,0.0,0.0,0.07304610189104044,241
93.34,0.07620023384180115,0.017277955999169023,0.0022083903447274768,0.0,0.0,0.07306452876982758,241
93.36,0.07621952768539926,0.017276111251962847,0.0022088639758979013,0.0,0.0,0.07308301709308627,241
93.38,0.07623868009014445,0.017275493732201153,0.0022093342690651238,0.0,0.0,0.07310156694314877,241
93.4,0.07625768452636136,0.01727530296165413,0.0022098012275925563,0.0,0.0,0.07312017703673285,241
93.42,0.0762765365220392,0.017274880168623746,0.002210264854846737,0.0,0.0,0.07313884467411651,241
93.44,0.07629542072509664,0.017274226428583367,0.0022107251541957254,0.0,0.0,0.07315756571548764,241
93.46000000000001,0.07631437868453418,0.017274695574345873,0.002211182129007475,0.0,0.0,0.07317648887986337,241
93.48,0.07633314040852211,0.01727579175558852,0.0022116357838043634,0.0,0.0,0.07319573061685022,242
93.5,0.07635294400783489,0.017276650233644032,0.002212086124171976,0.0,0.0,0.0732150043486113,240
93.52,0.07637321555528162,0.017277272081108096,0.002212533150101447,0.0,0.0,0.07323430050534828,240
93.54,0.07639329442369285,0.017277664168526583,0.002212976864945254,0.0,0.0,0.07325360837787699,240
93.56,0.07641316133179932,0.01727783736538964,0.0022134172826581283,0.0,0.0,0.07327291625199872,240
93.58,0.07643307045685911,0.017277777319228277,0.0022138543971633993,0.0,0.0,0.0732922115607729,240
93.60000000000001,0.07645292849320649,0.01727748522759041,0.0022142882145620916,0.0,0.0,0.07331148105055829,240
93.62,0.07647250978428011,0.017276969031631926,0.002214718734220997,0.0,0.0,0.07333071095639364,240
93.64,0.07649209783553175,0.017276240505206368,0.002215145959447794,0.0,0.0,0.07334988718220269,239
93.66,0.07651153425408228,0.01727528370561093,0.0022155698935394626,0.0,0.0,0.07336899548142023,239
93.68,0.07653062308720614,0.017274099975784205,0.0022159905397820864,0.0,0.0,0.07338802163395601,239
93.7,0.0765493403457983,0.017272783595585386,0.0022164079115411313,0.0,0.0,0.07340695161590176,240
93.72,0.07656759829323428,0.01727300344380343,0.0022168097379145226,0.0,0.0,0.0734257194447808,240
93.74,0.07658543121843106,0.017275032862821744,0.0022172057154941313,0.0,0.0,0.07344435092758025,240
93.76,0.07660282216507563,0.017276961663291547,0.002217602705876692,0.0,0.0,0.07346284689553721,240
93.78,0.07661974640257432,0.017278635209649604,0.0022179964446421264,0.0,0.0,0.07348119557215071,240
93.8,0.07663797820595328,0.01728005161268097,0.0022183869350406032,0.0,0.0,0.07349938603692666,240
93.82000000000001,0.07665695664986717,0.017283698770365397,0.002218782433532119,0.0,0.0,0.0735174083130539,240
93.84,0.07667703119345083,0.017287159476116906,0.002219198740289368,0.0,0.0,0.07353525344067359,240
93.86,0.07669690037717697,0.017290353614600257,0.0022196117782200576,0.0,0.0,0.07355291353651791,240
93.88,0.0767182759790362,0.017293282941093304,0.002220021547781083,0.0,0.0,0.07357053129916998,240
93.9,0.07673923133063794,0.017295949232470045,0.0022204280503411566,0.0,0.0,0.07358811389764218,239
93.92,0.07675983966256773,0.017298354284389722,0.0022208447785519937,0.0,0.0,0.07360549419075514,240
93.94,0.07678009257628872,0.017300500928451156,0.0022212784574318625,0.0,0.0,0.07362266895290373,240
93.96000000000001,0.07679998267941938,0.01730241343980764,0.0022217088385314597,0.0,0.0,0.07363963615364331,240
93.98,0.07681950356780967,0.017304070166511885,0.0022221359294701927,0.0,0.0,0.0736563949479707,240
94.0,0.0768389850130096,0.017305472953915255,0.002222559727232049,0.0,0.0,0.07367294565534037,240
94.02,0.07685822878472641,0.01730662364828641,0.0022229802349348804,0.0,0.0,0.07368940588625293,240
94.04,0.07687708905459718,0.01730752409310643,0.002223397459510124,0.0,0.0,0.07370597840581597,240
94.06,0.07689556295464367,0.01730817612556436,0.002223811404516226,0.0,0.0,0.07372234985870488,240
94.08,0.07691364833478054,0.0173085815732935,0.0022242220688564744,0.0,0.0,0.07373852477733814,240
94.10000000000001,0.07693134367148417,0.017308742251389963,0.0022246294556672696,0.0,0.0,0.07375450857607206,240
94.12,0.07694864796455639,0.01730969847817827,0.002225033570481736,0.0,0.0,0.0737703074593491,240
94.14,0.07696607132854749,0.017311905923068603,0.002225434422122029,0.0,0.0,0.07378592831924864,240
94.16,0.0769831129442174,0.017313857363423706,0.002225837383546097,0.0,0.0,0.07380137862353434,240
94.18,0.07699976173180084,0.017315562255787877,0.002226265521860395,0.0,0.0,0.07381666629556981,240
94.2,0.0770160175473328,0.017317030352518817,0.002226690359344879,0.0,0.0,0.07383179958771778,240
94.22,0.07703188011231939,0.01731824664634606,0.002227111905091805,0.0,0.0,0.07384678695004042,241
94.24,0.07704734886476027,0.017319214931724045,0.0022275587518180763,0.0,0.0,0.07386163689625795,241
94.26,0.07706242280883498,0.017322965114466096,0.0022280073495827366,0.0,0.0,0.07387635786902079,241
94.28,0.07707710036532876,0.017327491802319035,0.0022284526168548048,0.0,0.0,0.07389095810657692,241
94.3,0.07709134965414108,0.017331750224260162,0.0022288945745930037,0.0,0.0,0.07390541593695155,241
94.32000000000001,0.077105164576879,0.01733574133789206,0.0022293332278071564,0.0,0.0,0.07391985947695043,241
94.34,0.07711857346473211,0.017339466077027594,0.0022297685603296933,0.0,0.0,0.0739345161860034,241
94.36,0.07713157099594856,0.017342925358916194,0.0022302005793318623,0.0,0.0,0.07394908005453933,241
94.38,0.07714410338126755,0.017346120085961026,0.002230634383735204,0.0,0.0,0.07396350227590898,241
94.4,0.07715618186809424,0.01734905112748061,0.0022310678942312114,0.0,0.0,0.07397824657188899,241
94.42,0.07716847187230683,0.017351735208791373,0.00223149807709846,0.0,0.0,0.07399291111124581,241
94.44,0.07718177625640622,0.017354166050591032,0.0022319249352399763,0.0,0.0,0.07400749852602058,241
94.46000000000001,0.07719470576213608,0.017356335836983466,0.0022323484751696405,0.0,0.0,0.07402209971089838,241
94.48,0.07720772126745368,0.017358245482204434,0.002232768699558463,0.0,0.0,0.07403697530327619,241
94.5,0.07722266567969722,0.017359895922338085,0.002233185606491977,0.0,0.0,0.07405177497727476,241
94.52,0.07723901818922711,0.017361288122132598,0.0022335991993695245,0.0,0.0,0.0740665716502767,241
94.54,0.0772553881830465,0.017362423081722936,0.002234009481606487,0.0,0.0,0.07408165137877779,241
94.56,0.07727182543053565,0.017363301843131458,0.00223441645663306,0.0,0.0,0.07409664752398748,241
94.58,0.07728812701519942,0.017363925496414776,0.002234820127893093,0.0,0.0,0.07411155602053171,241
94.60000000000001,0.07730414819716067,0.01736429518532653,0.002235220498843018,0.0,0.0,0.07412637212589887,242
94.62,0.07731987020800635,0.01736441211237194,0.00223563056753275,0.0,0.0,0.0741410905500322,242
94.64,0.07733678372419722,0.01736427754314125,0.0022360561107196437,0.0,0.0,0.07415570560004935,242
94.66,0.07735400592357684,0.017363892809825136,0.0022364783243328194,0.0,0.0,0.07417044792920888,242
94.68,0.07737096767979962,0.017363259313835488,0.00223692288577751,0.0,0.0,0.07418528187416773,242
94.7,0.07738765758055126,0.01736298381333884,0.002237371052973063,0.0,0.0,0.07419999399752795,242
94.72,0.07740407565363247,0.017363878321768274,0.0022378158631382954,0.0,0.0,0.07421457861661379,243
94.74,0.0774202003482167,0.017364517817481516,0.0022382765692790787,0.0,0.0,0.07422903046283885,243
94.76,0.07743601991839347,0.0173649013470538,0.002238741977418072,0.0,0.0,0.07424334483334348,243
94.78,0.07745152401253406,0.017365030430277553,0.0022392039975065786,0.0,0.0,0.07425751772888864,244
94.8,0.0774667028593764,0.01736490664575636,0.0022396626277920847,0.0,0.0,0.07427154597454533,245
94.82000000000001,0.0774815608563539,0.017364531627109984,0.0022401178716015364,0.0,0.0,0.07428542732034771,246
94.84,0.07749607750276064,0.017363907058594176,0.0022405697322793678,0.0,0.0,0.07429916051975605,246
94.86,0.07751026473275933,0.0173630346702608,0.0022410182231072367,0.0,0.0,0.0743128285041641,246
94.88,0.07752410458484105,0.017361916232789848,0.002241463343965035,0.0,0.0,0.07432670233785944,246
94.9,0.07753758170513442,0.017360553552126443,0.002241905100089282,0.0,0.0,0.0743404301884221,246
94.92,0.07755069144570052,0.017358948464053274,0.0022423434904472617,0.0,0.0,0.07435401512830007,246
94.94,0.07756344247750081,0.017357102828822833,0.0022427785148236437,0.0,0.0,0.07436777071093022,246
94.96000000000001,0.07757640066717142,0.017355018525964494,0.0022432101767335855,0.0,0.0,0.07438152006923616,245
94.98,0.07759092357189841,0.017352697449369788,0.002243638479735332,0.0,0.0,0.07439514113902405,245
95.0,0.07760514146357575,0.017350141502745692,0.002244081606572937,0.0,0.0,0.07440864069327174,245
95.02,0.07761905481055717,0.01734735259551054,0.002244535733193092,0.0,0.0,0.07442202618813763,245
95.04,0.0776326643730339,0.017345686374161874,0.0022449864766950966,0.0,0.0,0.07443530563880087,245
95.06,0.07764689121865627,0.017344106818354306,0.00224543383888716,0.0,0.0,0.07444848748645345,245
95.08,0.07766177657427345,0.017342296897494815,0.002245877823604951,0.0,0.0,0.07446158045938643,245
95.10000000000001,0.0776764330587722,0.017340272837403872,0.0022463184358446006,0.0,0.0,0.07447477724745542,245
95.12,0.07769092524159023,0.01733801679452636,0.0022467556847666384,0.0,0.0,0.07448815368748721,245
95.14,0.07770561073834714,0.017335530743903458,0.0022471895682557937,0.0,0.0,0.07450146720130683,245
95.16,0.07772007554462869,0.01733281664984788,0.0022476200905179864,0.0,0.0,0.07451472626118845,246
95.18,0.07773432155923277,0.017332478473786744,0.0022480472558709576,0.0,0.0,0.074527938944613,246
95.2,0.07774834994331509,0.017333971602275868,0.0022484710726617444,0.0,0.0,0.07454111281880137,246
95.22,0.07776216100745204,0.017335209988425904,0.0022488915419398093,0.0,0.0,0.07455425483725484,246
95.24,0.0777757541118333,0.0173361951642726,0.0022493086680164674,0.0,0.0,0.07456737124983277,246
95.26,0.07778939426593943,0.017336928659836777,0.0022497314411688263,0.0,0.0,0.07458075646633693,246
95.28,0.077804168279372,0.017337412006630082,0.002250163087618149,0.0,0.0,0.07459423589586198,245
95.3,0.07781871778671434,0.01733764671706006,0.0022505865431153567,0.0,0.0,0.07460764772863505,245
95.32000000000001,0.07783306944109042,0.017337634312273722,0.002251007050584937,0.0,0.0,0.0746210190155963,245
95.34,0.07784724986721236,0.017338622871966764,0.002251424242199544,0.0,0.0,0.07463452411216165,245
95.36,0.07786126072895716,0.017340051571168306,0.002251838124521366,0.0,0.0,0.07464833479166777,245
95.38,0.0778751079178523,0.017341221820329687,0.0022522487044343916,0.0,0.0,0.07466213844809608,244
95.4,0.07788878359200202,0.017342134911025167,0.002252655984849464,0.0,0.0,0.07467593429621944,244
95.42,0.07790226250528806,0.017342792154448776,0.00225305997150416,0.0,0.0,0.07468972071317159,244
95.44,0.07791553470494343,0.017344459765295306,0.0022534741508750964,0.0,0.0,0.07470349528651167,244
95.46000000000001,0.07792897217098488,0.017347004001067444,0.0022539019656804475,0.0,0.0,0.0747172548694219,244
95.48,0.0779422292515388,0.01734927836378717,0.002254369554029918,0.0,0.0,0.07473092570077401,244
95.5,0.0779551765997092,0.01735128422354855,0.002254870720988233,0.0,0.0,0.07474449768833355,244
95.52,0.07796811509036324,0.01735302298833741,0.002255368461920595,0.0,0.0,0.07475804151790309,244
95.54,0.07798291819807796,0.0173544961105863,0.0022558627831236913,0.0,0.0,0.07477180586305507,243
95.56,0.07799747327546512,0.017355705081565902,0.0022563537419728543,0.0,0.0,0.0747856733387693,243
95.58,0.07801177531214759,0.017356651418566918,0.002256841338603392,0.0,0.0,0.07479946476318869,243
95.60000000000001,0.07802580212064412,0.01735733667948073,0.0022573255348329684,0.0,0.0,0.07481316124249147,243
95.62,0.07803978519448507,0.017357762464580897,0.002257806340584138,0.0,0.0,0.07482709029749851,244
95.64,0.07805376977909023,0.01735793041309023,0.0022582837601097154,0.0,0.0,0.07484107688540571,244
95.66,0.07806777802276238,0.017357842202182863,0.0022587577982824273,0.0,0.0,0.07485498953238418,244
95.68,0.07808171048069544,0.017357499543281297,0.0022592284613816523,0.0,0.0,0.07486882106585918,244
95.7,0.07809534184271491,0.017356904180820327,0.0022596957622637256,0.0,0.0,0.07488256426489283,244
95.72,0.07810926344431599,0.01735605789093791,0.0022601597067688673,0.0,0.0,0.07489621190194555,244
95.74000000000001,0.07812425865645971,0.017354962480099267,0.0022606202945870996,0.0,0.0,0.07490975678347893,245
95.76,0.07813897936852052,0.01735361978365354,0.00226107753163027,0.0,0.0,0.07492319178995455,245
95.78,0.07815341285638967,0.01735203166431684,0.002261555127340695,0.0,0.0,0.07493650991563709,245
95.8,0.07816754633441048,0.017350218275440612,0.0022620394186908094,0.0,0.0,0.07494970430842517,245
95.82000000000001,0.07818135018054295,0.017349114162557463,0.0022625203360856355,0.0,0.0,0.07496275150879951,245
95.84,0.07819525181203145,0.017348362843787473,0.002262997884457448,0.0,0.0,0.07497561852947056,246
95.86,0.07820983118657449,0.017347368420513827,0.0022634720695208625,0.0,0.0,0.07498834259739004,246
95.88,0.07822446515453066,0.017346132855303557,0.002263942897611156,0.0,0.0,0.07500091786850265,246
95.9,0.07823878719098377,0.01734465812670022,0.002264410376541834,0.0,0.0,0.07501377033629443,247
95.92,0.07825278157623297,0.017342946227022992,0.002264874506741175,0.0,0.0,0.07502646730161588,247
95.94,0.0782664335523299,0.017340999160076868,0.0022653352959637043,0.0,0.0,0.07503899958138999,247
95.96000000000001,0.07827973247290185,0.01733881893879768,0.002265792746042264,0.0,0.0,0.07505136287941974,248
95.98,0.07829271733437351,0.01733640758286233,0.0022662468606888804,0.0,0.0,0.07506355333891587,248
96.0,0.07830575771974388,0.017333767116299616,0.0022666976444305955,0.0,0.0,0.07507556755023272,248
96.02,0.07831841362120667,0.01733089956514116,0.0022671451062128297,0.0,0.0,0.07508740255090558,248
96.04,0.0783306751337315,0.01732781335324317,0.00226758924474611,0.0,0.0,0.07509905581783968,248
96.06,0.07834254299486945,0.017324517920084416,0.002268030063871494,0.0,0.0,0.0751105252518378,248
96.08,0.07835589072984399,0.017321001465400308,0.0022684690492670097,0.0,0.0,0.07512177601317853,248
96.10000000000001,0.07836937312855032,0.01731918074415251,0.002268936465994216,0.0,0.0,0.07513280404317049,248
96.12,0.0783825026310713,0.01731739245735881,0.002269404194371741,0.0,0.0,0.07514364427416365,248
96.14,0.07839527287165782,0.01731538073785432,0.00226986857553657,0.0,0.0,0.07515429601915595,248
96.16,0.07840767753856215,0.017313147473019454,0.0022703296128246298,0.0,0.0,0.07516475885066214,247
96.18,0.0784196993162828,0.01731070627189217,0.0022707873093670483,0.0,0.0,0.07517502155393532,247
96.2,0.07843129342689002,0.01730805990832202,0.0022712416678720725,0.0,0.0,0.07518504568102968,247
96.22,0.07844262900215675,0.01730598994381136,0.0022716926921669506,0.0,0.0,0.0751948807753129,247
96.24000000000001,0.07845392595112612,0.017304295015288948,0.0022721403853954987,0.0,0.0,0.07520452703926885,247
96.26,0.07846482421637532,0.017302384645255728,0.0022725847506673276,0.0,0.0,0.07521398474152112,247
96.28,0.0784753167977814,0.017300260627634165,0.0022730257970743303,0.0,0.0,0.07522325418841876,247
96.3,0.07848538328689844,0.01729792474619712,0.002273463526409065,0.0,0.0,0.07523264922557621,247
96.32000000000001,0.07849492476674387,0.017296039022977057,0.002273897942941404,0.0,0.0,0.07524189423377234,247
96.34,0.07850408969423986,0.01729797545291754,0.002274329044504302,0.0,0.0,0.07525094496617657,247
96.36,0.07851323820264408,0.01730072761025785,0.002274756836981355,0.0,0.0,0.0752598081463272,247
96.38,0.0785219410935912,0.017303254615384955,0.00227518132538017,0.0,0.0,0.07526891048665224,247
96.4,0.07853018951911131,0.01730555800436625,0.0022756025103395344,0.0,0.0,0.07527783540752604,247
96.42,0.07853968423891666,0.017307639308863376,0.00227604425457141,0.0,0.0,0.07528657307608165,247
96.44,0.07854891680009733,0.017309500057407803,0.00227649158995133,0.0,0.0,0.07529512381794971,247
96.46000000000001,0.07855773685991875,0.01731114177655183,0.002276935594517837,0.0,0.0,0.07530348802067312,247
96.48,0.07856613699242664,0.01731256599185167,0.0022773762697826587,0.0,0.0,0.07531166616401218,248
96.5,0.0785741226861779,0.017315087397196244,0.00227781361879761,0.0,0.0,0.07531965885267318,248
96.52,0.07858167569547743,0.01731800393281542,0.002278247640819708,0.0,0.0,0.07532746684998398,248
96.54,0.07858878567703256,0.017320688912061677,0.002278678341619354,0.0,0.0,0.07533509111092418,248
96.56,0.0785954446447072,0.01732314409325273,0.0022791057262234607,0.0,0.0,0.07534271567889396,248
96.58,0.07860164451320886,0.01732537123631181,0.0022795297995994892,0.0,0.0,0.07535041379876656,248
96.60000000000001,0.07860763675177572,0.017327372101710488,0.002279950561837461,0.0,0.0,0.07535793193519993,249
96.62,0.07861338224689762,0.017329410395326043,0.0022803680125102425,0.0,0.0,0.07536527207118235,249
96.64,0.0786214586512821,0.017332355341115463,0.002280782157071737,0.0,0.0,0.0753724035482837,249
96.66,0.0786307073148818,0.01733507603656008,0.0022812130068185646,0.0,0.0,0.07537933410777073,249
96.68,0.07864081550772362,0.017337574208527235,0.0022816488323363074,0.0,0.0,0.07538609438421308,250
96.7,0.07865060983756406,0.017339851579370062,0.002282081314274491,0.0,0.0,0.07539268749590378,249
96.72,0.07866008888358947,0.017341909862280108,0.0022825104515802244,0.0,0.0,0.07539911680488359,249
96.74000000000001,0.0786692512886255,0.017343750759344183,0.002282936246030008,0.0,0.0,0.0754053858885033,249
96.76,0.07867852218733945,0.017345375959615168,0.0022833587005874605,0.0,0.0,0.07541149850738843,249
96.78,0.07868752716298422,0.017346787137229237,0.002283777819537089,0.0,0.0,0.07541745857176596,250
96.8,0.07869621076688892,0.01734798594959775,0.0022841936090231534,0.0,0.0,0.07542327010820707,250
96.82000000000001,0.07870457337696153,0.01734897403569659,0.0022846060675924943,0.0,0.0,0.07542893722879702,250
96.84,0.0787126249901576,0.01734975301447041,0.002285015198256277,0.0,0.0,0.07543446410453393,250
96.86,0.07872035046818882,0.01735032448336375,0.00228545325782689,0.0,0.0,0.07543985494442969,250
96.88,0.07872774786518558,0.017350690016986657,0.002285889409739931,0.0,0.0,0.07544511398133152,250
96.9,0.07873481504402699,0.017350851165918276,0.0022863222020088015,0.0,0.0,0.07545024546496079,250
96.92,0.07874154966784076,0.017350809455649673,0.0022867516402982676,0.0,0.0,0.07545525366210293,250
96.94,0.07874794919761517,0.01735056638566583,0.0022871777318832906,0.0,0.0,0.07546014286333352,250
96.96000000000001,0.07875401089478307,0.017351032770396832,0.0022876185653104425,0.0,0.0,0.07546491739516062,250
96.98,0.07875973884102305,0.017352645701072568,0.0022880920684955845,0.0,0.0,0.07546958163605667,250
97.0,0.07876547320557808,0.017354037809940822,0.0022885751929123117,0.0,0.0,0.07547414003455465,250
97.02,0.07877099738232297,0.017355210410552022,0.0022890548937024744,0.0,0.0,0.07547859712742554,250
97.04,0.07877611641185914,0.017357132795904666,0.002289531776620555,0.0,0.0,0.07548290301196157,250
97.06,0.0787808696598275,0.017360305136385402,0.002290005365431989,0.0,0.0,0.07548710591640612,251
97.08,0.0787852643012506,0.01736515256625872,0.002290475680008154,0.0,0.0,0.07549122183873455,251
97.10000000000001,0.07878929632084844,0.017369767401921317,0.0022909431475022614,0.0,0.0,0.07549525578523372,251
97.12,0.07879296148944588,0.01737415073766677,0.0022914072064434635,0.0,0.0,0.07549921287872814,251
97.14,0.07879625533369002,0.017379319421488498,0.0022918678597251625,0.0,0.0,0.07550309834279187,251
97.16,0.07879917309681277,0.017384643249356707,0.002292325110254862,0.0,0.0,0.07550735309561742,251
97.18,0.07880170969076143,0.01738973538966641,0.002292789275652199,0.0,0.0,0.07551159723179582,252
97.2,0.0788038596403909,0.017394596888389992,0.0022932683400801305,0.0,0.0,0.07551578509796293,252
97.22,0.07880561702072422,0.017399228783350814,0.0022937439661193117,0.0,0.0,0.0755199220041782,252
97.24000000000001,0.07880697538854119,0.017403632104560245,0.0022942161567006468,0.0,0.0,0.07552401316969434,252
97.26,0.07880792770973886,0.017407807874833592,0.002294684914771659,0.0,0.0,0.07552806366889753,252
97.28,0.07880956974587101,0.017411757110691244,0.0022951673624696557,0.0,0.0,0.07553207837530175,252
97.3,0.07881159420947623,0.017415480823542565,0.0022956587397909003,0.0,0.0,0.07553606190525058,252
97.32000000000001,0.07881325759947526,0.017418980021141242,0.0022961466472904398,0.0,0.0,0.07554001856305531,252
97.34,0.07881455247538406,0.017422733182308168,0.002296631084784595,0.0,0.0,0.0755439522893067,252
97.36,0.07881547129604945,0.017428049778621443,0.002297112053405609,0.0,0.0,0.07554786661414234,252
97.38,0.07881647402729111,0.017434577294799632,0.0022975895561453716,0.0,0.0,0.07555176461723333,252
97.4,0.07881982740511086,0.017441122355789436,0.00229806359601229,0.0,0.0,0.0755556488962515,252
97.42,0.07882288461085707,0.01744743117838644,0.0022985341760311546,0.0,0.0,0.07555952154550953,252
97.44,0.07882563762484837,0.01745349656704903,0.002299001299242995,0.0,0.0,0.07556338414636124,252
97.46000000000001,0.0788280775589426,0.01745931969018087,0.0022994649687049533,0.0,0.0,0.07556723777076102,253
97.48,0.07883019465815903,0.01746491623074449,0.0022999251931057597,0.0,0.0,0.075571287424366,253
97.5,0.07883209592025632,0.017470282788310056,0.0023003819737904543,0.0,0.0,0.07557570812891257,253
97.52,0.07883401473499876,0.017475410604322825,0.0023008353100171016,0.0,0.0,0.0755805208948208,253
97.54,0.07883557582693851,0.017480300888195868,0.0023012852049065285,0.0,0.0,0.07558570413994269,250
97.56,0.07883699334610803,0.017486183237051752,0.0023017316658457744,0.0,0.0,0.07559087553574766,250
97.58,0.07883831363746954,0.017492184938608664,0.0023021746978147,0.0,0.0,0.07559603400015241,250
97.60000000000001,0.07883923499980675,0.01749794712477739,0.002302626684243694,0.0,0.0,0.07560117837495307,250
97.62,0.07883974282762855,0.01750347106649373,0.0023030966223687712,0.0,0.0,0.07560630753659577,250
97.64,0.07883982213307575,0.017508758048441153,0.0023035630950963572,0.0,0.0,0.07561142051288122,251
97.66,0.078840066941646,0.017513831275438287,0.0023040355198463663,0.0,0.0,0.07561651660251098,251
97.68,0.07884165804405066,0.017518680681326324,0.002304528563709253,0.0,0.0,0.07562159549425218,250
97.7,0.07884389603928807,0.01752331014425719,0.0023050181088613885,0.0,0.0,0.07562665738247588,250
97.72,0.07884603321626564,0.017527707840374544,0.0023055041584126488,0.0,0.0,0.07563176121364032,250
97.74000000000001,0.07884774372551036,0.017531875103314047,0.0023059867156773706,0.0,0.0,0.07563718615096784,250
97.76,0.07884903768457305,0.01753581326551638,0.002306465788461432,0.0,0.0,0.07564266117821934,250
97.78,0.07885022547702115,0.01753952366193259,0.0023069413750863394,0.0,0.0,0.07564848151608594,250
97.8,0.07885241321359508,0.017543007626956746,0.002307413478746682,0.0,0.0,0.07565429576273318,251
97.82000000000001,0.07885592821617632,0.017546266489214635,0.0023078821026608727,0.0,0.0,0.075660109017792,251
97.84,0.0788591320013018,0.01754951517630707,0.0023083472500722646,0.0,0.0,0.07566592737511804,251
97.86,0.07886202032813391,0.017553744813968233,0.00230880892425026,0.0,0.0,0.07567175792827857,251
97.88,0.07886458949280326,0.01755774961111981,0.0023092671284914196,0.0,0.0,0.07567760875897188,250
97.9,0.07886683628094246,0.01756153082933141,0.0023097218680204305,0.0,0.0,0.07568348890921091,250
97.92,0.07886875790461549,0.017565089710383362,0.002310173146704623,0.0,0.0,0.0756894366260902,250
97.94,0.07887060119015386,0.017569539110053455,0.0023106209715260118,0.0,0.0,0.07569584257373695,250
97.96000000000001,0.07887479150244571,0.01757519801002287,0.0023110653399250553,0.0,0.0,0.07570230968845218,250
97.98,0.07887960271511542,0.017580622786330644,0.0023115062553495215,0.0,0.0,0.0757088502995449,250
98.0,0.07888423063807834,0.017585814322800118,0.0023119437232422854,0.0,0.0,0.07571547736640093,250
98.02,0.07888867923519928,0.01759266945329793,0.0023123777487788046,0.0,0.0,0.07572220438781121,250
98.04,0.07889295254171491,0.017599919155860035,0.0023128083380963933,0.0,0.0,0.07572904530811542,250
98.06,0.07889700103316938,0.01760693953304264,0.002313236554241451,0.0,0.0,0.07573596083130311,250
98.08,0.0789008710014062,0.017613720138142826,0.0023136779662834123,0.0,0.0,0.07574300708371845,248
98.10000000000001,0.07890566910379235,0.017620272642947302,0.0023141159262654266,0.0,0.0,0.07575021081823985,248
98.12,0.07891055030763616,0.01762658379666998,0.002314550437801715,0.0,0.0,0.07575758682934379,248
98.14,0.07891610660430524,0.017632649529292693,0.002314981505783847,0.0,0.0,0.07576514990657467,248
98.16,0.07892264433860291,0.017639640967002695,0.002315409134896224,0.0,0.0,0.07577303775252049,248
98.18,0.07892914392257644,0.01764730609573575,0.0023158333294916373,0.0,0.0,0.07578145463462604,248
98.2,0.078935610486944,0.017654726961524377,0.002316254090470351,0.0,0.0,0.07579010163843436,248
98.22,0.07894217380630192,0.017661906005211843,0.002316671421620528,0.0,0.0,0.07579899282521711,248
98.24000000000001,0.07895047064447519,0.017668829901786483,0.002317085326762804,0.0,0.0,0.07580814192461399,249
98.26,0.07895882963714433,0.017676199765834483,0.00231749580974906,0.0,0.0,0.07581756228375297,248
98.28,0.07896724231477452,0.01768480683293227,0.0023179028744610207,0.0,0.0,0.07582726681932105,248
98.3,0.07897568204546133,0.01769314872434699,0.002318306605950327,0.0,0.0,0.0758372371559766,248
98.32000000000001,0.07898414934776046,0.01770122526698469,0.002318707015769838,0.0,0.0,0.07584748245291871,247
98.34,0.07899411149627439,0.017709036270725002,0.0023191040198292452,0.0,0.0,0.07585804768123838,247
98.36,0.0790048221633263,0.017716581537890047,0.002319497622110878,0.0,0.0,0.07586894358976522,247
98.38,0.07901619533205735,0.01772386086194255,0.002319887827728199,0.0,0.0,0.07588018027899968,246
98.4,0.0790277253935457,0.017730874031584607,0.002320274644851775,0.0,0.0,0.07589176716119811,246
98.42,0.07903941807970448,0.017737637575961016,0.002320658074636164,0.0,0.0,0.07590371292287279,246
98.44,0.07905126484178059,0.017744142178528648,0.002321038118760469,0.0,0.0,0.07591602549066077,246
98.46000000000001,0.07906326532609532,0.017750379974130905,0.002321414789288965,0.0,0.0,0.07592871200154545,246
98.48,0.07907541807533916,0.017756350776042974,0.002321788083400979,0.0,0.0,0.07594177877830859,246
98.5,0.07908772563965136,0.017762054414991214,0.0023221580040226493,0.0,0.0,0.07595523131084962,246
98.52,0.0791001898155971,0.017767490743722168,0.0023225245551975974,0.0,0.0,0.07596907424367438,246
98.54,0.0791127950907719,0.01777265964150958,0.0023228877409591335,0.0,0.0,0.07598331136942613,246
98.56,0.07912553533087568,0.0177775610185464,0.0023232475653255412,0.0,0.0,0.07599794562790828,247
98.58,0.07913983996457861,0.01778238451469055,0.0023236040322951847,0.0,0.0,0.07601297910962308,247
98.60000000000001,0.0791555277299909,0.01778923939700011,0.0023239571458415014,0.0,0.0,0.07602841306252574,247
98.62,0.07917230441190272,0.017795809199812596,0.002324316054528449,0.0,0.0,0.07604415881021902,247
98.64,0.07918968931620936,0.01780209370368474,0.002324672962130739,0.0,0.0,0.07606062398592738,247
98.66,0.079207274952984,0.017808092766803705,0.0023250265055827753,0.0,0.0,0.07607754711082511,247
98.68,0.07922518448707389,0.017813806313727962,0.002325376690156459,0.0,0.0,0.07609486697662957,247
98.7,0.07924366360618847,0.017819252826630036,0.002325723521723517,0.0,0.0,0.07611258072518454,247
98.72,0.07926231173122367,0.017824419075651528,0.0023260670032483,0.0,0.0,0.0761306846804229,246
98.74000000000001,0.07928111628811746,0.017829299917978807,0.0023264071349588665,0.0,0.0,0.07614917433994062,246
98.76,0.0793017956888185,0.017834786976534053,0.002326743920484849,0.0,0.0,0.07616804436253938,246
98.78,0.0793229481602013,0.017840531443275208,0.0023270773665052726,0.0,0.0,0.07618728855266631,247
98.8,0.07934429436401501,0.017846054731155102,0.0023274074751940144,0.0,0.0,0.07620689984311824,247
98.82000000000001,0.07936582019036217,0.017853712502853735,0.0023277342482058375,0.0,0.0,0.07622687027775582,248
98.84,0.07938773722984312,0.017861063410285836,0.00232805769030857,0.0,0.0,0.0762471909962389,248
98.86,0.07941007637513897,0.017868122012206236,0.002328377806656971,0.0,0.0,0.0762678522229612,248
98.88,0.07943255258875039,0.01787492357058116,0.002328694597227314,0.0,0.0,0.0762888432624004,248
98.9,0.07945516139004966,0.017881424770610308,0.002329008069390831,0.0,0.0,0.07631049413025907,248
98.92,0.07947851142650712,0.017887620070165075,0.0023293182232788355,0.0,0.0,0.07633254490570358,248
98.94,0.07950325683135637,0.017893509908865547,0.0023296250607252253,0.0,0.0,0.07635488743479663,248
98.96000000000001,0.07952810300686668,0.017899094798251046,0.0023299285863964277,0.0,0.0,0.07637750749395704,248
98.98,0.07955302861496241,0.017904375322553606,0.0023302288071925413,0.0,0.0,0.07640039007792129,247
99.0,0.07957801135409938,0.017909352139456918,0.0023305257269786903,0.0,0.0,0.07642351946758705,247
99.02,0.07960302802989691,0.017914025980822687,0.0023308260427480913,0.0,0.0,0.07644687931149087,247
99.04,0.07962805463787989,0.017918397653357343,0.002331149916060885,0.0,0.0,0.07647045271983906,247
99.06,0.07965333582311647,0.01792246803918512,0.0023314704518632976,0.0,0.0,0.07649422236941253,247
99.08,0.07967878734525853,0.017926238096289113,0.0023317876499392744,0.0,0.0,0.07651817061712952,247
99.10000000000001,0.07970460125603632,0.017929708858780487,0.0023321309012964146,0.0,0.0,0.07654227961960854,247
99.12,0.07973126388278196,0.01793289735301166,0.0023324731099908062,0.0,0.0,0.07656653145572515,247
99.14,0.0797578513709732,0.017935798759872393,0.0023328119535864014,0.0,0.0,0.07659090824898071,247
99.16,0.07978445869776911,0.017938404426451154,0.002333147434049423,0.0,0.0,0.076615392286465,247
99.18,0.07981275141692554,0.01794071568955397,0.0023334795524921573,0.0,0.0,0.07663996613134633,247
99.2,0.0798409741366408,0.01794273395978718,0.002333808311978837,0.0,0.0,0.0766646127261256,247
99.22,0.07986905053445575,0.017944460720267678,0.0023341553453827234,0.0,0.0,0.07668951599491024,247
99.24000000000001,0.07989699186757805,0.017945897521700067,0.0023345091141192672,0.0,0.0,0.07671463673746774,247
99.26,0.0799248743705019,0.01794704598634745,0.0023348594948322367,0.0,0.0,0.07673999480164624,247
99.28,0.07995300597250242,0.01794790780474075,0.002335206490894037,0.0,0.0,0.07676559076553242,246
99.3,0.0799809533735992,0.017948484732608485,0.0023355501061113875,0.0,0.0,0.07679118152863951,246
99.32000000000001,0.08000953178382744,0.0179487785887193,0.002335890350169757,0.0,0.0,0.07681675375061475,246
99.34,0.0800383701282251,0.017948791252684292,0.002336227222552614,0.0,0.0,0.07684229482172926,246
99.36,0.08006700553712028,0.017948524662759584,0.0023365607241941423,0.0,0.0,0.07686779286312737,246
99.38,0.08009542076535293,0.017948745113373465,0.002336890863252761,0.0,0.0,0.07689323671933516,246
99.4,0.08012358531943811,0.01794992192367858,0.0023372178884189273,0.0,0.0,0.07691860194760058,246
99.42,0.08015143987406688,0.017951659493536682,0.0023375425826693656,0.0,0.0,0.07694383492654441,247
99.44,0.08017902526711085,0.017954302606308585,0.002337863921825202,0.0,0.0,0.07696930146751461,247
99.46000000000001,0.08020632596554003,0.017957539585188316,0.0023381863522013396,0.0,0.0,0.07699480564977455,247
99.48,0.08023332679425897,0.017961156398736453,0.002338528589908199,0.0,0.0,0.0770202096688294,246
99.5,0.08026001291001446,0.01796446797796399,0.00233886743843614,0.0,0.0,0.07704550637798724,246
99.52,0.08028717051125114,0.017967476661712077,0.0023392029046273547,0.0,0.0,0.07707068924490273,246
99.54,0.08031519349516998,0.017970184826459613,0.0023395349929836396,0.0,0.0,0.0770957523400201,246
99.56,0.0803429383631824,0.017972594883435764,0.0023398637043083085,0.0,0.0,0.07712069032551293,246
99.58,0.08037109586058581,0.017974709275755608,0.002340189042120412,0.0,0.0,0.07714549844352517,246
99.60000000000001,0.08040016421603972,0.01797653160210512,0.002340542215325064,0.0,0.0,0.07717011352103836,246
99.62,0.0804289918343111,0.01797806341389399,0.0023408926377439104,0.0,0.0,0.07719458383323152,246
99.64,0.0804575655220162,0.017979307039927173,0.0023412397101468876,0.0,0.0,0.07721906109845877,246
99.66,0.08048580324333166,0.01798026501560895,0.002341591092424919,0.0,0.0,0.07724357039657605,246
99.68,0.08051377574427272,0.017980939879587415,0.002341996123821173,0.0,0.0,0.07726792085621471,246
99.7,0.08054150402507133,0.01798133420544001,0.0023424003168935055,0.0,0.0,0.07729212355518342,246
99.72,0.08056895926765997,0.017981450580310233,0.002342831765728862,0.0,0.0,0.07731616493879044,246
99.74000000000001,0.08059609593323684,0.017981291599614094,0.002343259717849582,0.0,0.0,0.07734009654129147,246
99.76,0.08062296974612837,0.017980859861246305,0.0023436841759694963,0.0,0.0,0.07736422186991664,247
99.78,0.08064999395352325,0.017980157974554614,0.002344105144480584,0.0,0.0,0.07738819518728535,248
99.8,0.08067680162032038,0.01797918855199705,0.0023445226278619967,0.0,0.0,0.07741201605280333,248
99.82000000000001,0.08070331979752102,0.017977954207337134,0.0023449366306868362,0.0,0.0,0.07743568409632226,248
99.84,0.08072954303101716,0.017976457554071706,0.0023453471576290476,0.0,0.0,0.0774591989559419,248
99.86,0.08075545036648686,0.017975972728012216,0.0023457542267750196,0.0,0.0,0.07748254485733058,249
99.88,0.08078100282033404,0.017977155903032276,0.0023461578587002825,0.0,0.0,0.07750568817862448,249
99.9,0.08080624891424742,0.01797830846049511,0.0023465580296622005,0.0,0.0,0.077528676757125,249
99.92,0.08083113089947495,0.017981153502430854,0.0023469657386758114,0.0,0.0,0.07755145649034732,249
99.94,0.08085568569478793,0.01798413997257384,0.0023474204180525104,0.0,0.0,0.07757407152149486,249
99.96000000000001,0.08087991631011068,0.017989924417500813,0.002347876957205487,0.0,0.0,0.07759652855713857,249
99.98,0.08090380535888543,0.017996205959594898,0.002348343147540763,0.0,0.0,0.0776188259925673,248
100.0,0.08092735788561901,0.01800218493222184,0.0023488263706898716,0.0,0.0,0.0776409619375163,249
100.02,0.08095083411208055,0.018007887849112666,0.002349306044833902,0.0,0.0,0.07766293420565779,249
100.04,0.08097414512900904,0.018013292993640403,0.0023497821747107553,0.0,0.0,0.07768474030685961,249
100.06,0.08099709289521569,0.018018402522892923,0.0023502547671459565,0.0,0.0,0.0777063800118191,249
100.08,0.08101965915924574,0.01802321873326676,0.0023507238263189055,0.0,0.0,0.07772830120290072,249
100.10000000000001,0.08104182385495905,0.0180277439054654,0.0023511893583871555,0.0,0.0,0.07775004629863715,249
100.12,0.08106357493176596,0.01803198030481779,0.0023516513696219673,0.0,0.0,0.07777161152855061,249
100.14,0.08108489968318627,0.018035930181756886,0.002352109866397558,0.0,0.0,0.07779299278146308,251
100.16,0.08110578472288356,0.018039595772459917,0.0023525648588859495,0.0,0.0,0.07781418559482758,251
100.18,0.08112621595997473,0.01804297929965127,0.0023530163511180625,0.0,0.0,0.07783518514372868,251
100.2,0.08114795589740864,0.01804608297356698,0.002353464348512974,0.0,0.0,0.07785598623073527,251
100.22,0.08117151810796075,0.018048908993076034,0.0023539498980964923,0.0,0.0,0.07787658327812154,251
100.24000000000001,0.08119576252125071,0.01805145954694849,0.002354469850727913,0.0,0.0,0.07789697032417983,251
100.26,0.08121968051652922,0.018053736815254098,0.0023550064940019455,0.0,0.0,0.0779171410254285,253
100.28,0.0812432615169798,0.018055742970868136,0.0023555395491649082,0.0,0.0,0.07793708866646062,253
100.3,0.08126649446966697,0.018057785912949053,0.002356069022745863,0.0,0.0,0.07795680617897668,253
100.32000000000001,0.08128936786930067,0.01806157367211388,0.002356594921229753,0.0,0.0,0.07797628617123314,253
100.34,0.08131186979294779,0.01806507375383019,0.002357117254278783,0.0,0.0,0.0779955209686955,253
100.36,0.08133411264736955,0.01806828810378782,0.00235763602520398,0.0,0.0,0.07801450266620273,254
100.38,0.08135631616458254,0.018071218693268366,0.002358151240069933,0.0,0.0,0.0780332231913891,254
100.4,0.08137806830503459,0.01807386752150391,0.0023586629042869744,0.0,0.0,0.07805163290784356,255
100.42,0.08139937587191304,0.01807623661248738,0.002359171026946422,0.0,0.0,0.07806974346510026,255
100.44,0.08142071986772434,0.018078328023800286,0.0023596756137655643,0.0,0.0,0.07808756844546862,255
100.46000000000001,0.08144162378821453,0.018080143847636503,0.0023602060538769234,0.0,0.0,0.07810509992890213,255
100.48,0.08146206490525214,0.018081686208354365,0.0023607670097180954,0.0,0.0,0.07812233026933459,255
100.5,0.08148203037484106,0.01808295726206,0.0023613243597225093,0.0,0.0,0.07813925219309956,255
100.52,0.08150150762168662,0.01808395919559883,0.0023618781135473113,0.0,0.0,0.07815585889477925,255
100.54,0.08152048442137062,0.01808469422498488,0.0023624282717885454,0.0,0.0,0.0781721441278571,255
100.56,0.08153894897455356,0.01808516459331336,0.0023629748453266237,0.0,0.0,0.07818810228768819,256
100.58,0.08155689071229422,0.018085372568216636,0.0023635178336993425,0.0,0.0,0.07820372848454324,256
100.60000000000001,0.08157432147414184,0.018085320438934634,0.002364057240586175,0.0,0.0,0.07821901860477828,256
100.62,0.08159124403698174,0.018085010513080313,0.0023645930704471628,0.0,0.0,0.07823435239653738,256
100.64,0.08160761295488976,0.0180844451131863,0.0023651253276197478,0.0,0.0,0.07824939997277448,256
100.66,0.08162382931343723,0.01808362743241748,0.0023656540163257377,0.0,0.0,0.07826410364046431,256
100.68,0.0816395488563498,0.018082582059474054,0.002366179140678744,0.0,0.0,0.07827846271705857,256
100.7,0.08165468892616305,0.018081288201898513,0.0023667007046919136,0.0,0.0,0.07829247738181394,256
100.72,0.08166924225241927,0.018079748206172586,0.0023672187122857863,0.0,0.0,0.07830614864621319,257
100.74000000000001,0.0816832020408274,0.01807796853040458,0.0023677331672961447,0.0,0.0,0.07831947830984388,257
100.76,0.08169656561630632,0.018075967632958642,0.0023682440734817014,0.0,0.0,0.07833246890297083,257
100.78,0.08171096347884577,0.018073727577455137,0.0023687514345315523,0.0,0.0,0.07834512361743053,257
100.8,0.08172537754045921,0.01807125068412594,0.0023692552540723107,0.0,0.0,0.07835744622780765,257
100.82000000000001,0.08173924023553186,0.01806853926118361,0.00236975553567482,0.0,0.0,0.07836944100519543,258
100.84,0.0817525485212028,0.01806559560352082,0.002370252282860491,0.0,0.0,0.0783811126261055,258
100.86,0.08176574626946616,0.018062438810232687,0.0023707454991071415,0.0,0.0,0.07839246607932018,258
100.88,0.08177841672606403,0.018059058907257477,0.0023712351941276547,0.0,0.0,0.07840350657362763,258
100.9,0.08179052275504808,0.018055453560712805,0.002371721366615289,0.0,0.0,0.07841432245997036,258
100.92,0.08180206082424825,0.018051629036240545,0.0023722040184063473,0.0,0.0,0.07842526176664973,258
100.94,0.08181302704572514,0.018047603909710073,0.002372683152853834,0.0,0.0,0.07843627284021072,258
100.96000000000001,0.08182341710119313,0.01804335998348716,0.0023731587732897436,0.0,0.0,0.07844741853568594,258
100.98,0.08183376410043572,0.018040150320264414,0.00237363088302838,0.0,0.0,0.07845831946935987,258
101.0,0.08184437091851596,0.018037627089114848,0.00237409948536932,0.0,0.0,0.07846893728583981,257
101.02,0.08185443125900548,0.018034883179201367,0.002374566245302849,0.0,0.0,0.07847927681028445,256
101.04,0.08186394031382899,0.018031920671042014,0.0023750301985226,0.0,0.0,0.07848934269477795,256
101.06,0.08187289276015679,0.018028741640493097,0.00237549065675445,0.0,0.0,0.07849913943457064,257
101.08,0.08188128277441456,0.018025348160283602,0.002375971502100715,0.0,0.0,0.07850867139803357,257
101.10000000000001,0.08188910405716344,0.018021742301344616,0.00237645713548952,0.0,0.0,0.07851828923641678,257
101.12,0.08189634986627797,0.01801792613387589,0.002376939249176761,0.0,0.0,0.07852774316747858,257
101.14,0.081903013055553,0.018013901728104433,0.002377417845029811,0.0,0.0,0.07853694457356518,257
101.16,0.0819090861157623,0.01801080546188032,0.0023779046336782376,0.0,0.0,0.0785458978080088,256
101.18,0.08191456121527026,0.018007851159760422,0.0023784099173033814,0.0,0.0,0.07855460736709212,257
101.2,0.08191943023755573,0.01800525791621104,0.002378911649141301,0.0,0.0,0.07856307794831047,257
101.22,0.08192364405956212,0.018005721005937888,0.0023794098316695577,0.0,0.0,0.07857127376413371,257
101.24000000000001,0.0819283844383292,0.018006448878231402,0.0023799128745923535,0.0,0.0,0.0785792195436785,257
101.26,0.08193316249696994,0.018006958760410845,0.00238043241822714,0.0,0.0,0.07858694217524655,257
101.28,0.08193737602422031,0.018007252498817416,0.0023809483742551368,0.0,0.0,0.07859444763060534,258
101.3,0.08194102420315541,0.01800733193022039,0.0023814607458483095,0.0,0.0,0.07860174227935567,257
101.32000000000001,0.0819446713716044,0.01800719887969547,0.002381969536188608,0.0,0.0,0.07860883290455326,257
101.34,0.08195074966964512,0.018006855158385092,0.002382474748468713,0.0,0.0,0.07861572671108051,257
101.36,0.0819575795835715,0.018006302561183834,0.002382976388442289,0.0,0.0,0.07862243132773869,257
101.38,0.08196431264089835,0.018005542864388657,0.0023834744599031065,0.0,0.0,0.07862895480420187,257
101.4,0.08197060734445154,0.01800457782334883,0.0023839689661726616,0.0,0.0,0.07863530560405257,257
101.42,0.08197646286867812,0.01800340917014532,0.002384459908456874,0.0,0.0,0.07864149259510975,257
101.44,0.08198248583859512,0.018002038611324093,0.002384947288853616,0.0,0.0,0.07864752503820424,257
101.46000000000001,0.08198926746922292,0.018000485818068804,0.0023854311106331974,0.0,0.0,0.07865373451053029,258
101.48,0.0819968217794376,0.017998740775353815,0.0023859113770806776,0.0,0.0,0.07865992820932574,258
101.5,0.08200467710518028,0.017996798740298175,0.0023863880914962938,0.0,0.0,0.07866599683098403,258
101.52,0.08201224133480582,0.01799538851375132,0.002386861258406734,0.0,0.0,0.07867195109853621,258
101.54,0.08201950505873594,0.017994657082611987,0.002387330885862779,0.0,0.0,0.078677995886705,258
101.56,0.08202647256101063,0.01799372591447481,0.0023877969793308783,0.0,0.0,0.07868419241259861,258
101.58,0.08203314820085808,0.01799259654155311,0.00238825953516138,0.0,0.0,0.07869065061448159,258
101.60000000000001,0.08203953640153729,0.017991270453158993,0.002388718555743204,0.0,0.0,0.07869757675623892,259
101.62,0.08204564164047291,0.017989749094329748,0.0023891823834272384,0.0,0.0,0.07870444563234785,259
101.64,0.08205144888853734,0.017988033864552264,0.002389662912043951,0.0,0.0,0.07871125553199568,259
101.66,0.08205693215321197,0.017986126106643165,0.002390126931186912,0.0,0.0,0.07871799693157162,259
101.68,0.0820621460898463,0.01798402710007329,0.0023905874312291613,0.0,0.0,0.07872472040119925,259
101.7,0.08206709529127916,0.017981738101056462,0.0023910444153167187,0.0,0.0,0.078731439773374,260
101.72,0.08207176253977427,0.017979260316162756,0.002391497888967953,0.0,0.0,0.07873814743485258,260
101.74000000000001,0.0820765021171358,0.01797659489852215,0.0023919478570863456,0.0,0.0,0.07874499914920681,260
101.76,0.08208103951734727,0.01797374294474879,0.0023923943180111395,0.0,0.0,0.07875215307360198,260
101.78,0.08208532958413534,0.017970705503553612,0.0023928372757766117,0.0,0.0,0.07875936102384164,261
101.8,0.08209067262616863,0.017967483577033712,0.0023932767336397563,0.0,0.0,0.07876663840708847,261
101.82000000000001,0.08209652724827465,0.017964078115610377,0.0023937189110914726,0.0,0.0,0.07877396284516308,261
101.84,0.08210219225649995,0.01796049001817572,0.0023941875901131245,0.0,0.0,0.07878134377924703,261
101.86,0.08210771142207225,0.01795672013269975,0.0023946762056464236,0.0,0.0,0.07878884148371064,261
101.88,0.08211309096350446,0.01795399725940204,0.002395177743729669,0.0,0.0,0.07879647179524917,261
101.9,0.08211833661014893,0.01795199632616699,0.002395675663176452,0.0,0.0,0.07880425044025481,261
101.92,0.08212345347468683,0.01795189244977436,0.002396169968265944,0.0,0.0,0.07881219292460982,261
101.94,0.082128451030456,0.017951676717880814,0.0023966606629178553,0.0,0.0,0.07882031441471628,261
101.96000000000001,0.08213333914076408,0.017951264095794624,0.0023971477508896322,0.0,0.0,0.07882872592504384,261
101.98,0.08213810882811999,0.017953492762402323,0.002397639539854929,0.0,0.0,0.0788376903629889,261
102.0,0.08214276131295134,0.01795742437939351,0.0023981526369826825,0.0,0.0,0.07884687544498799,261
102.02,0.08214729647255146,0.01796113036073919,0.0023986620972829323,0.0,0.0,0.07885629370556523,261
102.04,0.08215171269871398,0.017964610646094344,0.00239916792304312,0.0,0.0,0.07886595670789096,259
102.06,0.08215799507715682,0.017967865133723674,0.0023996701166109314,0.0,0.0,0.0788759639170847,259
102.08,0.08216497189948237,0.017970893684729795,0.002400174209627167,0.0,0.0,0.07888664055326472,259
102.10000000000001,0.08217229107046319,0.017973696127642855,0.002400697903839758,0.0,0.0,0.07889758907378114,259
102.12,0.08218115733575673,0.017977531748305967,0.002401217931455764,0.0,0.0,0.07890881615919797,259
102.14,0.0821917440338456,0.01798239411927042,0.002401734297244427,0.0,0.0,0.07892032709321864,259
102.16,0.08220266766094822,0.017987013712163602,0.0024022470067970193,0.0,0.0,0.0789322700311295,259
102.18,0.0822154290172886,0.017991389991489543,0.0024027801361035704,0.0,0.0,0.07894479801952625,259
102.2,0.08222831471045783,0.01799552240826554,0.002403317902220635,0.0,0.0,0.0789576165083025,259
102.22,0.08224149752895993,0.01799941040557405,0.0024038519839189158,0.0,0.0,0.07897072501958276,259
102.24000000000001,0.08225571127292439,0.018003053424131932,0.002404382385383043,0.0,0.0,0.0789841216822064,259
102.26,0.08227176864474689,0.01800645090782267,0.002404909110292805,0.0,0.0,0.0789978032846405,259
102.28,0.08228798715683122,0.018009602309138582,0.0024054321614967672,0.0,0.0,0.07901176534304462,259
102.3,0.0823043539005006,0.018012507094482304,0.0024059515424459657,0.0,0.0,0.07902600218311086,260
102.32000000000001,0.08232085777716082,0.01801516474927967,0.0024064672553987068,0.0,0.0,0.07904050703411579,260
102.34,0.08233746808892883,0.01801757478285929,0.00240698017230783,0.0,0.0,0.07905525281395157,260
102.36,0.08235414082921985,0.01801973673260787,0.0024074917416203254,0.0,0.0,0.07907019871140163,260
102.38,0.08237091393303121,0.01802165016794705,0.0024079996524688963,0.0,0.0,0.07908546834303225,260
102.4,0.08238779875521537,0.018023314696204797,0.0024085039090744323,0.0,0.0,0.07910132700626427,260
102.42,0.08240475083380902,0.018024729965057388,0.0024090045169065603,0.0,0.0,0.07911740679656093,260
102.44,0.08242175866489056,0.01802589566573347,0.0024095014770825025,0.0,0.0,0.07913369678725408,260
102.46000000000001,0.0824387814744651,0.01802681153582168,0.002409988847465903,0.0,0.0,0.07915016011957215,260
102.48,0.08245577311721282,0.01802913558149213,0.0024104633471152552,0.0,0.0,0.07916677123274052,260
102.5,0.082472764841609,0.018033244390972928,0.0024109342275817976,0.0,0.0,0.07918371407807168,260
102.52,0.08248974891290185,0.01803807021332632,0.0024114014924861583,0.0,0.0,0.07920110517340104,260
102.54,0.08250670352436752,0.01804428843696876,0.0024118651454487633,0.0,0.0,0.0792186496295903,260
102.56,0.08252360600062544,0.018050200996155293,0.002412325190090016,0.0,0.0,0.07923633653835845,260
102.58,0.0825404389142948,0.018055807985183348,0.0024127816300304897,0.0,0.0,0.07925415527881388,259
102.60000000000001,0.08255750820857694,0.018061109558628698,0.002413234468891184,0.0,0.0,0.07927230046792844,259
102.62,0.08257591178375744,0.018066363739129503,0.002413683710293774,0.0,0.0,0.07929079381391514,259
102.64,0.08259423238900812,0.018072587080928466,0.002414129357860897,0.0,0.0,0.07930938860895548,259
102.66,0.08261261656059495,0.018078500898673664,0.0024145714161071846,0.0,0.0,0.07932807559786412,259
102.68,0.08263120464596467,0.0180841053388235,0.0024150098890482487,0.0,0.0,0.07934684582430174,259
102.7,0.08264996559528955,0.01808940084062824,0.0024154447790331367,0.0,0.0,0.07936569057597327,259
102.72,0.08266875650003522,0.018094387902482054,0.0024158760896906854,0.0,0.0,0.07938460131325162,259
102.74000000000001,0.08268786369586244,0.01809906907871354,0.0024163038264733575,0.0,0.0,0.0794035695837736,259
102.76,0.08270679368217886,0.01810346424405968,0.002416727991978261,0.0,0.0,0.07942258692632084,258
102.78,0.0827255354069221,0.018107572681736208,0.0024171485890604246,0.0,0.0,0.07944164476799698,257
102.8,0.08274402066457985,0.018111401992821102,0.002417565622767613,0.0,0.0,0.07946068505470154,257
102.82000000000001,0.08276226077116584,0.018114926188299435,0.002417979096620594,0.0,0.0,0.07948008131717652,256
102.84,0.08278024923027069,0.018118146152636423,0.002418389015275218,0.0,0.0,0.0794995854736527,256
102.86,0.0827979663672814,0.018121062845804295,0.0024187953814779613,0.0,0.0,0.0795190921588215,256
102.88,0.08281537443821459,0.018123677305625422,0.00241919819774097,0.0,0.0,0.0795385736839087,256
102.9,0.08283242441123351,0.01812599064989973,0.0024195974661609418,0.0,0.0,0.07955799148432592,256
102.92,0.08284913813886503,0.01812820453094935,0.002419993191574964,0.0,0.0,0.07957737828453969,255
102.94,0.08286605144632132,0.018132000222022687,0.0024203932385985314,0.0,0.0,0.07959665652334395,256
102.96000000000001,0.08288377865961688,0.018137294758021488,0.002420792420055618,0.0,0.0,0.07961585614161612,256
102.98,0.08290161605584183,0.018142896966720393,0.00242119929784838,0.0,0.0,0.07963498591780692,255
103.0,0.08291914896583859,0.01814817576800106,0.002421624904240812,0.0,0.0,0.07965403191639892,255
103.02,0.08293758295167239,0.01815313250790476,0.0024220469224825393,0.0,0.0,0.07967297988382517,255
103.04,0.08295572936964277,0.01815776864189522,0.0024224653557618995,0.0,0.0,0.0796918153802095,255
103.06,0.08297526654936868,0.018163671526533125,0.002422880208199228,0.0,0.0,0.0797105239279518,255
103.08,0.08299462195060622,0.01816984269370273,0.00242329148197237,0.0,0.0,0.07972909117297902,255
103.10000000000001,0.08301453124961665,0.018175688370127344,0.002423699182248711,0.0,0.0,0.07974750305419613,255
103.12,0.08303549305247471,0.018181210341129687,0.002424103312551981,0.0,0.0,0.07976574597656118,255
103.14,0.0830562387702368,0.01818641049343967,0.0024245038756881216,0.0,0.0,0.07978380698325849,255
103.16,0.08307663800925613,0.018191290811092428,0.0024249250567974674,0.0,0.0,0.07980167392265462,255
103.18,0.08309667414976209,0.01819585337044512,0.0024253521213862977,0.0,0.0,0.07981933560604515,255
103.2,0.08311627282541499,0.018200116515022475,0.002425776246198585,0.0,0.0,0.07983672267726172,255
103.22,0.08313547000340317,0.018204074483733887,0.002426196867048078,0.0,0.0,0.07985387748577741,255
103.24000000000001,0.08315426016436402,0.01820772137562638,0.002426613898682523,0.0,0.0,0.07987080066456667,255
103.26,0.08317277373556478,0.018211059571926164,0.002427027341499092,0.0,0.0,0.07988748615659541,255
103.28,0.08319149527108895,0.018214091511216925,0.0024274371986490813,0.0,0.0,0.07990392941269225,255
103.3,0.0832103775799004,0.018216819681201726,0.0024278434736169758,0.0,0.0,0.0799201274385059,255
103.32000000000001,0.08323020725701376,0.018219246610321135,0.0024282461698941805,0.0,0.0,0.07993607881895363,256
103.34,0.0832496454767825,0.0182217973404873,0.0024286452909799932,0.0,0.0,0.07995178372032372,256
103.36,0.08326868890350946,0.018224998769688777,0.002429040840382599,0.0,0.0,0.07996724387054852,256
103.38,0.08328734033902248,0.018227903627491524,0.0024294328216200593,0.0,0.0,0.07998246251843423,256
103.4,0.08330560410311977,0.018230514501846106,0.002429821238221286,0.0,0.0,0.07999744437282695,256
103.42,0.08332347091815769,0.018232833981309086,0.0024302060937270342,0.0,0.0,0.08001219552283509,257
103.44,0.08334094231534733,0.018235529346937118,0.002430587395411906,0.0,0.0,0.0800267233403068,258
103.46000000000001,0.0833580251035235,0.018238668422435066,0.0024309651449140606,0.0,0.0,0.08004103636583149,258
103.48,0.08337473146630728,0.018241520661940753,0.0024313393440354956,0.0,0.0,0.08005527455500676,258
103.5,0.08339105229159066,0.018244088570609534,0.002431722859846201,0.0,0.0,0.08006962952376616,258
103.52,0.0834072975848455,0.018246374624493345,0.002432122551687585,0.0,0.0,0.08008380041946249,257
103.54,0.08342334229479226,0.01824838126648476,0.0024325186665792643,0.0,0.0,0.08009779903618638,257
103.56,0.08343902143396176,0.0182501359505747,0.002432911302644838,0.0,0.0,0.08011163756891052,257
103.58,0.083454344103462,0.018251617387455624,0.0024333009382497667,0.0,0.0,0.08012532843197477,257
103.60000000000001,0.08346930433346217,0.01825282650886339,0.0024336870064207874,0.0,0.0,0.08013888407309681,258
103.62,0.08348418773386371,0.01825376559950656,0.002434070022224608,0.0,0.0,0.08015228826105779,259
103.64,0.08349884518513628,0.018254436890077694,0.002434450265634685,0.0,0.0,0.08016553734185118,259
103.66,0.08351314988001296,0.018254842563177772,0.002434826953083311,0.0,0.0,0.08017868691699642,259
103.68,0.08352710342485589,0.0182549966076576,0.0024352000882917465,0.0,0.0,0.08019174771714478,259
103.7,0.08354166110357238,0.018254919388154323,0.0024355696750031687,0.0,0.0,0.08020472961183508,259
103.72,0.08355666861169468,0.01825458904251661,0.0024359357169829537,0.0,0.0,0.08021764146159045,258
103.74000000000001,0.08357140219947262,0.018256744566075508,0.0024362982180188976,0.0,0.0,0.08023073229226158,258
103.76,0.08358629223401905,0.018260687366721186,0.0024366571819213817,0.0,0.0,0.0802439662167542,258
103.78,0.08360093105293913,0.018264920540291354,0.00243701261252344,0.0,0.0,0.08025714889058545,259
103.8,0.08361524785926493,0.018268868466594795,0.0024373645139248107,0.0,0.0,0.08027024457560941,259
103.82000000000001,0.0836306586593571,0.018272544740794157,0.00243773310207862,0.0,0.0,0.08028322337057814,259
103.84,0.08364614941008555,0.018275955431692942,0.002438111465937425,0.0,0.0,0.08029611769958182,259
103.86,0.08366132842421503,0.018279101656637955,0.002438486376909518,0.0,0.0,0.08030890599749854,260
103.88,0.08367619998595484,0.018281975525980283,0.002438857731821008,0.0,0.0,0.08032159989057693,260
103.9,0.08369098787819712,0.018284572898442212,0.002439225534743893,0.0,0.0,0.08033424453707752,260
103.92,0.0837068651408393,0.018286895603714725,0.0024396080861340402,0.0,0.0,0.0803468357874987,260
103.94,0.08372250455279528,0.018288945506865068,0.0024400024373055452,0.0,0.0,0.08035936846812361,260
103.96000000000001,0.08373794359077834,0.018290724512936268,0.002440409030287775,0.0,0.0,0.0803718129287669,260
103.98,0.08375348782927913,0.018292234567964957,0.0024408298821586133,0.0,0.0,0.08038414421899895,260
104.0,0.08376875419195409,0.01829347766280348,0.0024412471197512806,0.0,0.0,0.08039639668677961,260
104.02,0.08378372797637784,0.0182944558428525,0.0024416607469258727,0.0,0.0,0.08040856246799187,260
104.04,0.08379839392825401,0.018295171204669468,0.002442070767693796,0.0,0.0,0.08042063339790141,260
104.06,0.0838130157722683,0.018296852874988452,0.0024424771880897935,0.0,0.0,0.08043287825032416,260
104.08,0.08382823710392669,0.018299037245457863,0.002442880009457029,0.0,0.0,0.08044533884971158,260
104.10000000000001,0.08384314258318015,0.01830095230944171,0.0024432792359770986,0.0,0.0,0.08045789668710476,260
104.12,0.0838577174040782,0.018302600135010175,0.002443674871594924,0.0,0.0,0.08047032573249091,260
104.14,0.08387194686157369,0.0183039828336706,0.0024440669202742335,0.0,0.0,0.08048261835704427,259
104.16,0.08388581644298536,0.01830510255832535,0.002444455388733133,0.0,0.0,0.08049476738514047,259
104.18,0.08389931190781558,0.018305962165671263,0.00244484027910989,0.0,0.0,0.08050676618492805,260
104.2,0.08391386714213538,0.018306586859164614,0.002445237700884709,0.0,0.0,0.08051860874706446,261
104.22,0.08392849677066334,0.01830813468292829,0.002445643262833476,0.0,0.0,0.08053063713683473,262
104.24000000000001,0.08394278487931857,0.018309633018544626,0.002446075651982305,0.0,0.0,0.08054260121807248,262
104.26,0.0839567217163603,0.01831097628869987,0.0024465072476301092,0.0,0.0,0.08055445291847259,262
104.28,0.08397030402272879,0.018313498559998396,0.0024469351967942275,0.0,0.0,0.08056651327580133,262
104.3,0.08398352795521735,0.018315764973379046,0.002447359504888225,0.0,0.0,0.08057839743117703,261
104.32000000000001,0.08399637507137027,0.01831777787781527,0.0024477801770939555,0.0,0.0,0.08059010403657961,261
104.34,0.0840088059955746,0.018319539634168245,0.0024481973001937076,0.0,0.0,0.08060160049809798,262
104.36,0.08402081188122305,0.018321052606166618,0.002448610885881201,0.0,0.0,0.08061288505826122,262
104.38,0.08403242032848376,0.018322319162365857,0.002449020846750087,0.0,0.0,0.08062399273657538,263
104.4,0.08404362533609715,0.018323341679319247,0.002449427187156274,0.0,0.0,0.0806349251504784,263
104.42,0.08405442122532077,0.01832412253270852,0.0024498299151312,0.0,0.0,0.08064589095708279,263
104.44,0.08406480255248362,0.018324664094657918,0.0024502290327750673,0.0,0.0,0.08065692248333611,262
104.46000000000001,0.0840747640147847,0.018325290349136002,0.0024506245446830367,0.0,0.0,0.08066778634469957,262
104.48,0.08408430035187209,0.018327647880005897,0.002451016454337535,0.0,0.0,0.0806784860902408,262
104.5,0.08409340624587316,0.018329756739808703,0.0024514047671554988,0.0,0.0,0.08068902554111687,262
104.52,0.08410207622256106,0.01833161928032495,0.0024517894886565664,0.0,0.0,0.0806994087055308,262
104.54,0.0841103045562213,0.018333237839742774,0.002452170622564147,0.0,0.0,0.08070963969789378,262
104.56,0.08411808518054106,0.018334614741236484,0.002452548173993533,0.0,0.0,0.08071972266451152,262
104.58,0.08412542524822936,0.01833643889158085,0.0024529221481855218,0.0,0.0,0.08072966171773638,262
104.60000000000001,0.08413259294336908,0.018339282409854978,0.002453292549505879,0.0,0.0,0.0807394517004962,262
104.62,0.08414082049171588,0.01834190176634403,0.0024536593833645866,0.0,0.0,0.08074949334254534,262
104.64,0.0841489456232837,0.018346429136221875,0.002454022656453409,0.0,0.0,0.08075940217767263,262
104.66,0.08415685439384134,0.01835069929931239,0.0024543823752671856,0.0,0.0,0.08076918173427763,262
104.68,0.08416691868209426,0.01835471407967361,0.00245474100399149,0.0,0.0,0.08077883533771982,262
104.7,0.08417718557485071,0.018358475274200044,0.0024551318751413827,0.0,0.0,0.08078836610784967,262
104.72,0.08418714117227118,0.01836198465294657,0.002455570007339814,0.0,0.0,0.08079777696472201,262
104.74000000000001,0.08419677311328855,0.018365243959559623,0.0024560131785847325,0.0,0.0,0.08080707064098416,262
104.76,0.08420610524610106,0.018368254911796174,0.0024564526989675067,0.0,0.0,0.08081624969936863,262
104.78,0.08421630771130904,0.01837101920211662,0.002456888574753335,0.0,0.0,0.08082531655377119,261
104.8,0.08422620870064561,0.018373538498340284,0.002457320812317497,0.0,0.0,0.08083442803476022,261
104.82000000000001,0.08423580383188767,0.01837581444435754,0.0024577494190098927,0.0,0.0,0.08084373555618062,261
104.84,0.08424508841759706,0.01837785010431786,0.002458200370827445,0.0,0.0,0.0808529368818347,261
104.86,0.08425457888063476,0.018379668644498245,0.002458655375894588,0.0,0.0,0.0808620340689184,261
104.88,0.08426506634788469,0.018381493598342118,0.002459106726613829,0.0,0.0,0.08087102914406369,260
104.9,0.0842757173951379,0.018384235500813046,0.0024595544296341972,0.0,0.0,0.08087992412454591,260
104.92,0.08428610481134341,0.01838673835043061,0.0024599984916300376,0.0,0.0,0.08088876046154858,260
104.94,0.08429622526319541,0.018389003649766134,0.0024604389192845436,0.0,0.0,0.08089790331867801,260
104.96000000000001,0.08430607528599318,0.018391032883806713,0.0024608757192733834,0.0,0.0,0.08090695170960346,260
104.98,0.08431565129074448,0.018392827520946134,0.0024613088982487724,0.0,0.0,0.08091590779584137,260
105.0,0.0843249606151832,0.01839440146202525,0.002461738462824254,0.0,0.0,0.08092477381281112,260
105.02,0.08433400725338155,0.018395755685422593,0.002462164420406155,0.0,0.0,0.08093355208203586,260
105.04,0.08434277233064558,0.018396879598926615,0.0024625952553687406,0.0,0.0,0.08094224502173301,261
105.06,0.08435184620718171,0.018397774613977128,0.0024630467883015564,0.0,0.0,0.08095085515557988,261
105.08,0.08436127425034495,0.018398442129821224,0.002463494693777085,0.0,0.0,0.08095938511936089,261
105.10000000000001,0.08437044162372767,0.018398883534159347,0.0024639389784349218,0.0,0.0,0.08096783766512819,262
105.12,0.08437934509930266,0.018399100203684682,0.0024643796469589023,0.0,0.0,0.08097621566246646,262
105.14,0.08438798135118779,0.01839909350451372,0.0024648167053217523,0.0,0.0,0.08098452209644519,263
105.16,0.084396346940721,0.018398864792512147,0.002465250160591275,0.0,0.0,0.08099276006188198,263
105.18,0.08440508341714233,0.018398415413527186,0.0024656800179328094,0.0,0.0,0.08100093275362798,263
105.2,0.0844143281789935,0.018397746703544,0.002466106282361543,0.0,0.0,0.08100904345271351,264
105.22,0.08442354726307263,0.018396876640967032,0.0024665289614363016,0.0,0.0,0.08101709550837567,264
105.24000000000001,0.08443314061314185,0.018395797683840035,0.002466948060011555,0.0,0.0,0.08102509231618635,264
105.26,0.08444266332315432,0.018395894195503096,0.002467363581926275,0.0,0.0,0.08103303729274156,264
105.28,0.08445194459542338,0.01839624417891939,0.00246777553566196,0.0,0.0,0.08104093384759806,264
105.3,0.08446098153046312,0.018396363856743404,0.0024681839233221597,0.0,0.0,0.08104878535338915,264
105.32000000000001,0.08446977094379762,0.018396254733729148,0.002468588749754147,0.0,0.0,0.08105659511523367,264
105.34,0.08447830932703573,0.018395918305765067,0.00246899002570401,0.0,0.0,0.08106453962308172,265
105.36,0.08448659281047745,0.018395356060078548,0.0024693877503851134,0.0,0.0,0.08107271726087802,265
105.38,0.08449473850062693,0.01839456947563132,0.0024697819283064737,0.0,0.0,0.08108086182022195,265
105.4,0.08450298185149598,0.018393560023708847,0.002470172564998431,0.0,0.0,0.08108897606264225,265
105.42,0.08451095554218332,0.018392329168699425,0.0024705629171501726,0.0,0.0,0.08109706256492066,265
105.44,0.08451890114498133,0.018390878369051643,0.0024709999865162313,0.0,0.0,0.08110512371131205,265
105.46000000000001,0.08452680509736625,0.018389231692815658,0.0024714433205661286,0.0,0.0,0.08111357438605717,265
105.48,0.08453442042898482,0.018387369772989957,0.0024718830462235573,0.0,0.0,0.08112203082375258,265
105.5,0.08454174006613017,0.018385293094861126,0.0024723191653892775,0.0,0.0,0.08113046737798378,265
105.52,0.08454875645157092,0.01838302534564222,0.0024727516823322923,0.0,0.0,0.08113888572507032,265
105.54,0.0845558904443381,0.01838054483881893,0.002473180603793895,0.0,0.0,0.08114728741109827,265
105.56,0.08456351202173079,0.018377853024564704,0.002473605930881553,0.0,0.0,0.08115567387968645,265
105.58,0.08457130258296178,0.018374951356820733,0.0024740276676300204,0.0,0.0,0.08116404650186222,264
105.60000000000001,0.08457882414321555,0.018371849886401854,0.002474445818029886,0.0,0.0,0.08117240660654138,264
105.62,0.08458604542531797,0.01836855524516784,0.0024748603860271228,0.0,0.0,0.08118094994547395,264
105.64,0.08459294862039735,0.018365898498826867,0.002475271377854689,0.0,0.0,0.08118976072668715,264
105.66,0.08459952445830368,0.018364349202585863,0.0024756787979077046,0.0,0.0,0.08119856240717573,264
105.68,0.08460602329221276,0.01836257398058599,0.0024760826485515524,0.0,0.0,0.08120735642062624,264
105.7,0.08461319169142058,0.01836057438856305,0.002476482933289887,0.0,0.0,0.08121614427993712,264
105.72,0.08462004310901233,0.01835835201792448,0.0024768796559784985,0.0,0.0,0.08122492759121713,264
105.74000000000001,0.08462656828368184,0.018356053274875085,0.0024772728189520303,0.0,0.0,0.08123370806439413,264
105.76,0.08463287620409392,0.01835480547202001,0.00247766242580274,0.0,0.0,0.08124287937020062,264
105.78,0.08463916840769832,0.018353336037231226,0.002478048511777517,0.0,0.0,0.08125204636820596,264
105.8,0.08464509219282752,0.01835164667521719,0.002478431055951861,0.0,0.0,0.08126120379785381,264
105.82000000000001,0.08465064889727886,0.018349739129144196,0.0024788100546426087,0.0,0.0,0.08127036587543403,264
105.84,0.08465773737483996,0.018348645982823413,0.002479186969040319,0.0,0.0,0.08127953490633537,264
105.86,0.08466455555807037,0.018348444163136694,0.0024795874669715934,0.0,0.0,0.08128870821934325,265
105.88,0.08467099529785531,0.018348021021080612,0.00248000932884473,0.0,0.0,0.08129783531854833,265
105.9,0.08467710577769116,0.018347378295045,0.0024804361638280192,0.0,0.0,0.08130697707395662,265
105.92,0.08468287765094708,0.018346517751538848,0.0024808593779197213,0.0,0.0,0.0813161363012942,265
105.94,0.08468984113059032,0.018345441175826135,0.002481278976945352,0.0,0.0,0.08132531594889457,265
105.96000000000001,0.0846969436438121,0.018344150369776095,0.0024816949608324947,0.0,0.0,0.08133460219896514,266
105.98,0.08470375797193368,0.01834264714966813,0.0024821073321207596,0.0,0.0,0.08134427517985135,266
106.0,0.08471027650878855,0.018343288822513258,0.0024825160936007254,0.0,0.0,0.08135422886116608,266
106.02,0.08471650653386341,0.01834386097061414,0.0024829212480303505,0.0,0.0,0.08136440466119918,266
106.04,0.08472390097763279,0.018344210257018236,0.002483322798141446,0.0,0.0,0.08137461663206172,266
106.06,0.08473126881679645,0.01834626822938811,0.0024837207479922146,0.0,0.0,0.08138486860740951,266
106.08,0.08473900892784862,0.018352190013769587,0.002484115100937676,0.0,0.0,0.08139516459089556,266
106.10000000000001,0.08474681876367342,0.018359344603703108,0.00248450585768026,0.0,0.0,0.08140550876559553,266
106.12,0.08475435291623394,0.018366248601152577,0.002484893020917237,0.0,0.0,0.08141590550501562,266
106.14,0.0847616159218666,0.01837290343394503,0.002485276594550399,0.0,0.0,0.08142635938590571,267
106.16,0.08476858574320363,0.018379310505755267,0.002485656581235017,0.0,0.0,0.08143687520304209,267
106.18,0.08477525481018452,0.018385471193932572,0.002486032989079847,0.0,0.0,0.08144745798603706,267
106.2,0.08478162347637812,0.01839139884377134,0.0024864058168407614,0.0,0.0,0.0814581130180674,267
106.22,0.08478886317747177,0.018397095195768987,0.002486775066118384,0.0,0.0,0.0814688458562004,267
106.24000000000001,0.0847975686402964,0.018402549089980316,0.0024871407428842416,0.0,0.0,0.08147966235273854,266
106.26,0.08480663274770374,0.01840776177951812,0.0024875028470057593,0.0,0.0,0.0814905686767195,266
106.28,0.08481654140591639,0.018412734482407826,0.002487869111881228,0.0,0.0,0.08150151539493114,266
106.3,0.08482622382807123,0.018417468368864556,0.0024882576008163765,0.0,0.0,0.0815125188556385,266
106.32000000000001,0.08483570038179178,0.01842427374917688,0.0024886424809861165,0.0,0.0,0.08152360964237365,267
106.34,0.08484558234093158,0.018432555908185315,0.0024890237559692632,0.0,0.0,0.08153481851377219,267
106.36,0.08485662529345783,0.018441496872329113,0.00248940142883248,0.0,0.0,0.08154655602069719,267
106.38,0.08486755321395646,0.01845016853338743,0.002489775503328955,0.0,0.0,0.0815585114493314,267
106.4,0.08487836596059213,0.01845857123209834,0.0024901537294956056,0.0,0.0,0.08157060938941565,267
106.42,0.0848890633773285,0.018466705257982427,0.0024905816589897117,0.0,0.0,0.08158285887900928,267
106.44,0.0848996452371381,0.01847457085036327,0.0024910059113409265,0.0,0.0,0.08159526923896765,267
106.46000000000001,0.0849101111726163,0.0184821681998484,0.0024914264894017515,0.0,0.0,0.08160785001986126,267
106.48,0.0849208099908884,0.018489497450291964,0.002491843396629969,0.0,0.0,0.08162061093759192,267
106.5,0.08493152538558982,0.018496558701252844,0.0024922638391260796,0.0,0.0,0.08163356179884558,268
106.52,0.08494211912883257,0.018503352010952635,0.0024927164990512815,0.0,0.0,0.08164671016496712,268
106.54,0.08495253156675193,0.01850987739929052,0.002493187611092125,0.0,0.0,0.08166000798018362,267
106.56,0.08496282030471439,0.018516134841033063,0.002493654985625873,0.0,0.0,0.08167392067278688,266
106.58,0.08497419817077641,0.01852212429288811,0.002494118627335491,0.0,0.0,0.08168810743012792,266
106.60000000000001,0.08498631145067263,0.018527845686719946,0.002494578539692596,0.0,0.0,0.08170253092217303,265
106.62,0.08499836002758276,0.01853493904749576,0.0024950347258040663,0.0,0.0,0.0817171996317185,264
106.64,0.08501033282630137,0.018542316219324607,0.0024954882258690853,0.0,0.0,0.0817321215151918,264
106.66,0.08502371607576703,0.01854943194066654,0.002495970305555607,0.0,0.0,0.08174774140658021,264
106.68,0.0850374843861488,0.018556265939788933,0.0024964486278352934,0.0,0.0,0.08176368387801321,264
106.7,0.08505123167546468,0.018564483622614564,0.002496923196840635,0.0,0.0,0.08177989895094452,264
106.72,0.08506529697436749,0.018572864774019506,0.002497394017555739,0.0,0.0,0.0817963919107639,265
106.74000000000001,0.08508071458443506,0.018582797857410724,0.0024978674413021094,0.0,0.0,0.08181316730053477,264
106.76,0.08509615789764785,0.018592741374317774,0.0024983639907103024,0.0,0.0,0.08183022891867918,264
106.78,0.08511162057487841,0.018602395282412303,0.002498856758999043,0.0,0.0,0.08184757982905862,264
106.8,0.08512778119656264,0.018613001636727588,0.0024993775646824285,0.0,0.0,0.08186522238183833,265
106.82000000000001,0.08514588133306572,0.01862349607997472,0.002499895659976391,0.0,0.0,0.08188349449137852,265
106.84,0.08516497059596025,0.018633684346919366,0.0025004099479211312,0.0,0.0,0.08190216660821326,264
106.86,0.08518418338068853,0.018643566197818724,0.0025009204319652086,0.0,0.0,0.08192113290601359,264
106.88,0.08520382378841602,0.018653159176805593,0.002501449108540385,0.0,0.0,0.08194045233224202,264
106.9,0.08522408347989248,0.018662451743848257,0.0025019837097130545,0.0,0.0,0.08196044752342187,263
106.92,0.08524493872206801,0.018671437350942646,0.002502509721207229,0.0,0.0,0.08198071244664885,263
106.94,0.08526717338452366,0.018680115882544996,0.0025030224364498517,0.0,0.0,0.08200122376360089,263
106.96000000000001,0.08528954915896282,0.018688487245343947,0.0025035318316410115,0.0,0.0,0.08202202312258046,263
106.98,0.08531205860081052,0.01869655142451261,0.002504065817270439,0.0,0.0,0.08204310812625326,263
107.0,0.08533469372545784,0.01870430844874572,0.002504595961872377,0.0,0.0,0.08206447601695861,263
107.02,0.08535744601933092,0.018711758391636846,0.002505122269013343,0.0,0.0,0.0820861236957703,264
107.04,0.08538030644703708,0.01871890137298803,0.002505644742038907,0.0,0.0,0.0821080477380189,264
107.06,0.08540326545555586,0.01872573756006085,0.00250616338507048,0.0,0.0,0.08213024440626257,264
107.08,0.08542738787374739,0.018732267168766893,0.0025066782022425166,0.0,0.0,0.08215270966177425,264
107.10000000000001,0.08545174786110658,0.018738490464785776,0.002507189197302049,0.0,0.0,0.08217541388687324,264
107.12,0.08547629738521269,0.018744407760656806,0.0025076963780956635,0.0,0.0,0.08219834046185147,263
107.14,0.0855016552657327,0.01875001941872767,0.0025081997457389346,0.0,0.0,0.08222152183504458,262
107.16,0.08552722600192414,0.018755325859562695,0.002508699305239546,0.0,0.0,0.08224495287569183,262
107.18,0.08555286698945609,0.018760350031579928,0.0025091950618763422,0.0,0.0,0.08226862820950845,263
107.2,0.08557856645987306,0.018765071649185245,0.0025096870190436968,0.0,0.0,0.08229254222909325,263
107.22,0.08560431218426641,0.018769489622318745,0.0025101751795800708,0.0,0.0,0.08231668910137638,263
107.24000000000001,0.08563009146529023,0.01877361689467647,0.002510659549514958,0.0,0.0,0.0823414323239395,262
107.26,0.08565589112214593,0.018777453948099147,0.0025111401322195836,0.0,0.0,0.08236646923757737,261
107.28,0.08568169746691401,0.01878098938795482,0.002511616930974157,0.0,0.0,0.08239171958511274,262
107.3,0.0857074962710213,0.018786324419102853,0.0025120899500180073,0.0,0.0,0.08241717658522117,262
107.32000000000001,0.08573325836011288,0.01879162645345345,0.002512561935896329,0.0,0.0,0.08244281164682472,262
107.34,0.08575893628562678,0.018797263181103578,0.002513038585274839,0.0,0.0,0.08246857264101763,262
107.36,0.08578456043883198,0.018804294083824783,0.002513511445524194,0.0,0.0,0.08249451808970908,262
107.38,0.0858101138920489,0.018810987742445252,0.0025139805209327256,0.0,0.0,0.08252102026028695,262
107.4,0.08583557968632503,0.01881734478265693,0.0025144458157928965,0.0,0.0,0.08254775068806328,262
107.42,0.08586095878404837,0.018823365898817404,0.0025149073344005956,0.0,0.0,0.08257463877435763,261
107.44,0.08588623351784454,0.01882905185460825,0.0025153650810543697,0.0,0.0,0.08260167460643361,261
107.46000000000001,0.08591300180728297,0.018834403483819824,0.0025158343027563267,0.0,0.0,0.08262884759179331,261
107.48,0.08594178765320787,0.01883942169126917,0.002516316380121288,0.0,0.0,0.08265612811876208,261
107.5,0.08597121480607173,0.01884412871216876,0.0025167946660611356,0.0,0.0,0.08268347564044401,262
107.52,0.08600059538640482,0.018848507563787326,0.0025172691599198954,0.0,0.0,0.08271092409461427,262
107.54,0.08602991031709614,0.018852556104700047,0.0025177398663669207,0.0,0.0,0.08273857906905221,262
107.56,0.08605913954506113,0.01885627553524743,0.0025182067905287573,0.0,0.0,0.0827666315614952,263
107.58,0.08608826206815502,0.018859667132792832,0.00251866993641947,0.0,0.0,0.08279474123814225,263
107.60000000000001,0.08611771582570782,0.018862732252953197,0.00251912930881957,0.0,0.0,0.08282289228784034,263
107.62,0.086147072637932,0.01886547233072754,0.0025195849185314784,0.0,0.0,0.08285106830153481,263
107.64,0.08617757202742594,0.01886788888146888,0.0025200367631083875,0.0,0.0,0.08287925236627532,263
107.66,0.08620834180850083,0.01886998350164467,0.0025204848457119565,0.0,0.0,0.08290742717604332,263
107.68,0.08623895369927409,0.018872789357402647,0.002520929170609571,0.0,0.0,0.08293557515734966,263
107.7,0.08626952512221199,0.018876307292337233,0.0025213697435461655,0.0,0.0,0.08296367860714363,263
107.72,0.08630024010003473,0.018879497932350272,0.002521806567482203,0.0,0.0,0.082991719840257,263
107.74000000000001,0.08633074217299246,0.01888236303656451,0.002522239646469212,0.0,0.0,0.08301968134334245,263
107.76,0.08636099522666962,0.018884904439862592,0.0025226689847420687,0.0,0.0,0.08304754593209172,263
107.78,0.08639098610664529,0.018887157384516722,0.002523094586527989,0.0,0.0,0.08307529690841368,262
107.8,0.08642069266241713,0.01888910484039775,0.0025235164557362343,0.0,0.0,0.08310290714184902,262
107.82000000000001,0.0864500501778482,0.01889085480650974,0.0025239345954468735,0.0,0.0,0.08313032056239393,262
107.84,0.08647908119918458,0.018894351882216304,0.0025243490155409404,0.0,0.0,0.08315757472096252,261
107.86,0.08650792703737341,0.018897525572018785,0.0025247597162032184,0.0,0.0,0.08318465632027143,261
107.88,0.08653676508547219,0.018900378001463155,0.0025251667013774497,0.0,0.0,0.0832115532211516,261
107.9,0.08656521221862584,0.018902911348241555,0.0025255699752549507,0.0,0.0,0.08323825453391202,261
107.92,0.08659322257516015,0.018905127837479028,0.0025259700974668065,0.0,0.0,0.08326472256331705,262
107.94,0.08662096588769096,0.018907029720131207,0.0025263674108220164,0.0,0.0,0.08329093198811117,262
107.96000000000001,0.08664856396421668,0.01890861927442779,0.002526761026906726,0.0,0.0,0.08331692130621687,262
107.98,0.0866774937064168,0.018909898837529537,0.0025271509498874817,0.0,0.0,0.08334268512602874,262
108.0,0.08670607403026537,0.01891087077332871,0.002527537184183952,0.0,0.0,0.08336821944386275,262
108.02,0.08673625563299145,0.01891310827302556,0.0025279449711944845,0.0,0.0,0.08339352160419786,263
108.04,0.08676626797252382,0.01891651619357063,0.0025283574302408227,0.0,0.0,0.08341859023848527,263
108.06,0.08679592905564919,0.018919612611662504,0.00252876617106102,0.0,0.0,0.08344342518395229,264
108.08,0.08682523216263237,0.018922421580325907,0.002529171199202168,0.0,0.0,0.083468027384257,264
108.10000000000001,0.08685421095718995,0.018924926452603186,0.0025295725188867186,0.0,0.0,0.08349239877425037,265
108.12,0.08688396864674111,0.01892712712615011,0.002529970151013827,0.0,0.0,0.08351650995427848,265
108.14,0.08691330412458287,0.018929823953735547,0.0025303642753291794,0.0,0.0,0.083540291632364,265
108.16,0.08694225836280739,0.01893335426720501,0.002530740773000841,0.0,0.0,0.08356381332653895,265
108.18,0.08697086817734193,0.018936567907667665,0.0025311091313195795,0.0,0.0,0.08358710643622132,264
108.2,0.08699915141312713,0.018939467496412482,0.002531473846970786,0.0,0.0,0.08361018852649957,264
108.22,0.08702710984643683,0.018942055652059583,0.0025318452469090392,0.0,0.0,0.08363306452295163,265
108.24000000000001,0.08705475756239983,0.018944334980334657,0.0025322362752542003,0.0,0.0,0.08365573933085595,265
108.26,0.08708209776720996,0.018946317091576837,0.0025326236305926514,0.0,0.0,0.0836782176973304,265
108.28,0.08710907701949294,0.018948015018586593,0.002533034989269285,0.0,0.0,0.08370046771869033,265
108.3,0.08713569981827128,0.018949411853136852,0.0025334470314588874,0.0,0.0,0.08372250007098764,265
108.32000000000001,0.08716192927709522,0.01895051013988862,0.0025338681292608437,0.0,0.0,0.08374427041851967,265
108.34,0.08718782273862527,0.01895131241578583,0.002534286527780682,0.0,0.0,0.08376585317560716,265
108.36,0.08721338215431729,0.018951821207292576,0.0025347011901496993,0.0,0.0,0.08378725693562836,265
108.38,0.08723860324895506,0.018952039032835512,0.0025351121232312953,0.0,0.0,0.08380848324310847,265
108.4,0.08726391419512483,0.018951968400755588,0.0025355193327337255,0.0,0.0,0.08382953286323686,265
108.42,0.08728892671567187,0.018951611813172505,0.0025359228188293866,0.0,0.0,0.0838504057515486,266
108.44,0.08731424448636359,0.018950971769181653,0.0025363225851996983,0.0,0.0,0.08387110103847573,267
108.46000000000001,0.087340326829072,0.0189500507660273,0.0025367186376127034,0.0,0.0,0.083891617028372,268
108.48,0.08736610076541172,0.018948851301192608,0.002537110980043231,0.0,0.0,0.08391195121244961,268
108.5,0.08739155835398163,0.018947375874454324,0.0025374996167611846,0.0,0.0,0.08393219816586467,268
108.52,0.08741696821663189,0.018945626989863133,0.0025378845518831536,0.0,0.0,0.08395260335315632,268
108.54,0.08744224967515966,0.01894360715761556,0.002538265788463172,0.0,0.0,0.08397281408690625,268
108.56,0.08746718502497033,0.01894132748449334,0.002538643331074552,0.0,0.0,0.08399282498241735,268
108.58,0.08749176298056399,0.01894010259112705,0.0025390171835058773,0.0,0.0,0.08401263008081548,268
108.60000000000001,0.08751597156664688,0.018939007840145784,0.0025394042159590275,0.0,0.0,0.08403222292159654,268
108.62,0.08753979818686837,0.018937639932684668,0.002539837659614434,0.0,0.0,0.0840516982838834,268
108.64,0.08756323270528679,0.01893600771102491,0.0025402673391277746,0.0,0.0,0.08407129089173647,268
108.66,0.087586289252727,0.01893412538793395,0.002540693258569869,0.0,0.0,0.08409064906150227,268
108.68,0.08760892746208578,0.0189319780584713,0.002541115422025383,0.0,0.0,0.0841097651034579,268
108.7,0.08763122986568496,0.018929568472393413,0.0025415338335931198,0.0,0.0,0.08412863121246096,268
108.72,0.08765346549899718,0.018927422071416237,0.002541954554049082,0.0,0.0,0.08414723953918436,269
108.74000000000001,0.08767523402752891,0.018926481019705076,0.0025423984785501183,0.0,0.0,0.08416558225730023,269
108.76,0.08769652038122512,0.018925273081646814,0.002542838621785316,0.0,0.0,0.08418365162648828,270
108.78,0.08771727261715151,0.01892381397329974,0.0025432767235324355,0.0,0.0,0.08420140160335571,270
108.8,0.08773903184168716,0.018922102299094242,0.0025437125801617195,0.0,0.0,0.08421882937829264,271
108.82000000000001,0.08776055769947244,0.018920131428192887,0.0025441446667252223,0.0,0.0,0.0842363012989277,271
108.84,0.08778161012650175,0.01891790393930613,0.00254457298777878,0.0,0.0,0.08425361902984185,271
108.86,0.08780217653692755,0.01891542241645515,0.0025449975456352933,0.0,0.0,0.08427103017888986,271
108.88,0.08782223658614209,0.018912689448533453,0.0025454183441980835,0.0,0.0,0.08428811742024052,272
108.9,0.08784172903718802,0.018909707627828672,0.002545842597681833,0.0,0.0,0.0843048260774397,272
108.92,0.08786066752783067,0.018908210637937895,0.002546290046826705,0.0,0.0,0.08432117355742857,272
108.94,0.08787905628056454,0.018906939800737987,0.0025467610919306634,0.0,0.0,0.08433716053829282,272
108.96000000000001,0.08789689961045984,0.01890540438091855,0.00254722830730476,0.0,0.0,0.0843528119977907,272
108.98,0.08791418644406891,0.01890360692459234,0.002547691696213554,0.0,0.0,0.08436825290147128,273
109.0,0.08793090602396467,0.018903322915124275,0.00254815126126126,0.0,0.0,0.08438405764937972,274
109.02,0.08794704790807212,0.01890323847334264,0.002548607006718932,0.0,0.0,0.08439958029627244,274
109.04,0.08796260195950606,0.018902884228444865,0.0025490589369085944,0.0,0.0,0.08441475569913238,274
109.06,0.08797755832627743,0.018902262833822025,0.0025495070562090495,0.0,0.0,0.08442958271024477,274
109.08,0.08799190741063122,0.01890137696047287,0.0025499513690620612,0.0,0.0,0.08444406076138636,274
109.10000000000001,0.08800563982822726,0.018900229294432337,0.002550391879978834,0.0,0.0,0.08445818983673409,274
109.12,0.0880187463578693,0.018898822534145886,0.002550828596255395,0.0,0.0,0.08447197043685693,275
109.14,0.08803150804395371,0.018897159387840166,0.0025512615200149412,0.0,0.0,0.08448540353497941,275
109.16,0.08804510867307291,0.01889524257093669,0.002551690656732457,0.0,0.0,0.0844984905271585,275
109.18,0.08805812429543242,0.018893074803548977,0.0025521160108735847,0.0,0.0,0.08451123317837242,274
109.2,0.08807054838174823,0.018891126210038262,0.00255253758692337,0.0,0.0,0.08452389187751347,274
109.22,0.08808238106818783,0.01889040571569734,0.0025529865688786874,0.0,0.0,0.0845363975909414,273
109.24000000000001,0.08809361973885886,0.01888942771655511,0.002553467477144841,0.0,0.0,0.08454856535877471,273
109.26,0.08810425806828118,0.01888819462489138,0.002553944535829242,0.0,0.0,0.08456039788243583,273
109.28,0.08811428589637922,0.01888670884002748,0.0025544177504588004,0.0,0.0,0.08457189798270846,272
109.3,0.08812368770964701,0.01888497274699354,0.0025548923349724534,0.0,0.0,0.08458306856878499,272
109.32000000000001,0.08813309249644578,0.018882988715415185,0.0025553901115329303,0.0,0.0,0.0845939126170683,272
109.34,0.08814242966997285,0.01888208074439008,0.002555884023539133,0.0,0.0,0.08460483899844604,272
109.36,0.0881523591994602,0.018881761307087724,0.002556374077379282,0.0,0.0,0.08461548357343916,272
109.38,0.08816265748836907,0.01888118984583387,0.0025568602772945543,0.0,0.0,0.08462581032147083,272
109.4,0.08817309380782942,0.018880602975801884,0.0025573426285394186,0.0,0.0,0.08463582247505695,272
109.42,0.08818299781459775,0.018881012605615727,0.0025578211371758875,0.0,0.0,0.08464552337088564,272
109.44,0.08819236490615298,0.018881171836346744,0.002558295809363987,0.0,0.0,0.08465504272329956,272
109.46000000000001,0.08820116710573386,0.018881082811528924,0.002558766651174334,0.0,0.0,0.08466455088127073,272
109.48,0.08820938117884541,0.018880747648244926,0.002559233668775319,0.0,0.0,0.08467371655665719,272
109.5,0.08821760990233947,0.01888016843820374,0.0025596968688438287,0.0,0.0,0.08468258545531222,272
109.52,0.08822641968138914,0.018879347261630822,0.0025601562578127968,0.0,0.0,0.08469140274174645,272
109.54,0.08823471417214943,0.01887828617777144,0.002560612036039469,0.0,0.0,0.08470033948635722,272
109.56,0.08824245683099649,0.018876987222464153,0.0025610645931091022,0.0,0.0,0.08470917955141981,272
109.58,0.08824969613557251,0.018875452405830127,0.0025615133598371046,0.0,0.0,0.08471796901288478,274
109.60000000000001,0.08825642956798459,0.01887368372531981,0.0025619583426912465,0.0,0.0,0.08472670293054424,274
109.62,0.08826265470078759,0.01887168315830948,0.002562399548111183,0.0,0.0,0.08473516942681814,274
109.64,0.08826836920246524,0.018869452662395626,0.0025628369830613595,0.0,0.0,0.08474337501181439,274
109.66,0.08827380923209308,0.01886699417568615,0.0025632706540905494,0.0,0.0,0.08475132663432669,274
109.68,0.08827898223213641,0.01886430961707142,0.002563720993341314,0.0,0.0,0.0847590316983965,274
109.7,0.08828363782467467,0.018861400886458806,0.0025642038372453947,0.0,0.0,0.0847664980780142,274
109.72,0.08828779095118341,0.018858269864956614,0.0025646901428188237,0.0,0.0,0.0847743419473453,274
109.74000000000001,0.08829142272144708,0.018854918414996435,0.0025651726225202802,0.0,0.0,0.0847822429313526,274
109.76,0.08829453135560535,0.018851348380387413,0.0025656512807956102,0.0,0.0,0.08478993066582742,274
109.78,0.08829734669712806,0.018847561586301114,0.0025661261232399236,0.0,0.0,0.08479741500230853,275
109.8,0.08829989034191596,0.01884357644777578,0.0025665971553448037,0.0,0.0,0.08480470629398404,275
109.82000000000001,0.08830376484990517,0.01883938603669477,0.0025670643824979257,0.0,0.0,0.08481181538997677,276
109.84,0.08830759458768088,0.018834984201028884,0.0025675278099841006,0.0,0.0,0.08481875362463062,276
109.86,0.08831231649341247,0.01883037269012359,0.002567987444448934,0.0,0.0,0.08482552100891051,276
109.88,0.08831660125198015,0.018825553231570744,0.002568443290389631,0.0,0.0,0.0848320906257992,276
109.9,0.08832244037477689,0.01882052752568239,0.0025688953527810737,0.0,0.0,0.08483852613284187,276
109.92,0.08832935109004168,0.01881529726272726,0.002569343637876003,0.0,0.0,0.08484484059881259,276
109.94,0.08833621848046365,0.01880986411296249,0.0025697881488388223,0.0,0.0,0.08485104745210656,276
109.96000000000001,0.08834313105152798,0.018804229726538974,0.0025702295173432596,0.0,0.0,0.08485716044385455,276
109.98,0.08834981490283604,0.018798395733468087,0.0025706984735530433,0.0,0.0,0.08486336726172763,276
110.0,0.08835627917603751,0.018792374221642497,0.0025711662781879763,0.0,0.0,0.08486977781844535,276
110.02,0.0883625330355564,0.018786170463259602,0.0025716302847083815,0.0,0.0,0.08487613673390151,276
110.04,0.08836889988808251,0.018779771842295824,0.00257209049609985,0.0,0.0,0.08488245862719204,276
110.06,0.08837524675096685,0.018775264542156556,0.0025725469167661233,0.0,0.0,0.08488875821526043,276
110.08,0.08838139322213394,0.018770954797483804,0.002572999550550081,0.0,0.0,0.08489535496902238,276
110.10000000000001,0.08838731661576578,0.018766438498928943,0.0025734484007700832,0.0,0.0,0.0849020346449157,277
110.12,0.0883930730928909,0.018762499404792753,0.00257389347321805,0.0,0.0,0.08490873566304902,277
110.14,0.08839890096796282,0.018759154014183568,0.0025743347721775187,0.0,0.0,0.08491547254908188,277
110.16,0.08840483376424235,0.01875664671558265,0.0025747723019135652,0.0,0.0,0.08492225961073244,277
110.18,0.08841062162078697,0.0187553690394663,0.002575206066676584,0.0,0.0,0.08492911085894386,277
110.2,0.08841627095082961,0.018753866134730516,0.0025756360707056723,0.0,0.0,0.08493603992377297,278
110.22,0.0884219650443488,0.018752138786857664,0.0025760623195700597,0.0,0.0,0.08494305996558628,278
110.24000000000001,0.08842786201039268,0.018750187747823516,0.002576484817462272,0.0,0.0,0.08495018358246374,278
110.26,0.08843363436773842,0.018748013737691364,0.0025769035692683063,0.0,0.0,0.08495742271500334,278
110.28,0.08843928498530625,0.01874561744655751,0.0025773185774737362,0.0,0.0,0.0849647885499492,278
110.3,0.08844481557744574,0.01874299953686957,0.0025777298487741685,0.0,0.0,0.08497249707845914,278
110.32000000000001,0.08845124837033264,0.018740178641754052,0.0025781373847356417,0.0,0.0,0.0849806195128937,278
110.34,0.08845839395302404,0.01873716656158022,0.0025785411893032217,0.0,0.0,0.08498884727602624,278
110.36,0.0884657746042297,0.01873393466625001,0.00257894811353039,0.0,0.0,0.08499722233244744,277
110.38,0.0884732961747391,0.018730483535837873,0.0025793773127121863,0.0,0.0,0.08500576488294397,277
110.4,0.08848072394458618,0.01872750147798178,0.002579830254021011,0.0,0.0,0.0850144725090064,277
110.42,0.08848809499447371,0.018724968642024265,0.0025802823003801324,0.0,0.0,0.08502374608076159,277
110.44,0.08849540519316308,0.018722215205324452,0.002580730548552385,0.0,0.0,0.08503319692006023,277
110.46000000000001,0.08850265443173247,0.018719241717681852,0.0025811798203130855,0.0,0.0,0.08504282569654585,277
110.48,0.08850983840438127,0.01871604873911449,0.0025816491516122745,0.0,0.0,0.08505263164491653,277
110.5,0.08851729109682437,0.018713887448145575,0.0025821146465757915,0.0,0.0,0.08506261255446738,277
110.52,0.08852477292602823,0.018711612602439896,0.002582576309228685,0.0,0.0,0.0850727647729113,277
110.54,0.08853213925243074,0.018709116968939305,0.002583034143599314,0.0,0.0,0.085083083225047,277
110.56,0.08853937402083711,0.018706401185078405,0.0025835137173553396,0.0,0.0,0.08509356144668935,277
110.58,0.0885484496753261,0.018704125702997138,0.0025839962978930963,0.0,0.0,0.08510419163412819,277
110.60000000000001,0.08855769145414373,0.018703405552666964,0.0025844751797084297,0.0,0.0,0.08511490577587741,279
110.62,0.08856681736254521,0.018702449574426877,0.002584950233919213,0.0,0.0,0.0851257439133408,279
110.64,0.08857581969738165,0.01870125830825234,0.002585421442184915,0.0,0.0,0.08513670334274685,279
110.66,0.08858468436377197,0.01869983235744304,0.0025858888075757256,0.0,0.0,0.08514777170311798,279
110.68,0.08859377264305196,0.018699831035587474,0.002586352334073355,0.0,0.0,0.0851589357654011,279
110.7,0.08860371531530702,0.01870005506161998,0.0025868120256575295,0.0,0.0,0.0851701815651151,279
110.72,0.088613693329948,0.018700037935455282,0.002587267886602675,0.0,0.0,0.08518149454380368,279
110.74000000000001,0.0886237530892135,0.018699780434137468,0.0025877199237082237,0.0,0.0,0.08519285969683463,279
110.76,0.0886337681141,0.018699521755156438,0.002588168138573148,0.0,0.0,0.08520426172481702,279
110.78,0.08864352091959006,0.018700148559509695,0.0025886125351289907,0.0,0.0,0.08521568518573894,278
110.8,0.08865437855112182,0.01870053462737029,0.0025890531192984583,0.0,0.0,0.08522752942453968,278
110.82000000000001,0.08866571279417709,0.018700681029310835,0.0025894898965066766,0.0,0.0,0.08523939268210876,278
110.84,0.08867678182347903,0.018700588913576836,0.002589941915902538,0.0,0.0,0.08525123110243543,278
110.86,0.08868784277102935,0.018700262125117984,0.0025904041337309,0.0,0.0,0.08526303010916376,277
110.88,0.08869910242774887,0.018700919321098654,0.0025908625096926203,0.0,0.0,0.08527477565799302,277
110.9,0.08871019768657167,0.018704454504661485,0.0025913170476878408,0.0,0.0,0.0852864543389564,277
110.92,0.08872092931848859,0.018710068104104315,0.0025917677516183704,0.0,0.0,0.08529805346468683,277
110.94,0.08873127172528905,0.018715412482297408,0.002592214625388601,0.0,0.0,0.08530956114433318,277
110.96000000000001,0.08874122095939302,0.01872116399813193,0.0025926853439623854,0.0,0.0,0.0853209663432592,278
110.98,0.0887519014604211,0.018727471542295083,0.0025931579690011354,0.0,0.0,0.08533251138836653,278
111.0,0.08876265346035034,0.018733507598293283,0.002593646106627588,0.0,0.0,0.0853441686395007,277
111.02,0.0887742715550624,0.01873927325556438,0.002594140381631023,0.0,0.0,0.08535569520397011,277
111.04,0.08878586766414388,0.01874476964717521,0.0025946307508177154,0.0,0.0,0.08536708381144856,277
111.06,0.08879708404832737,0.018749997938940624,0.0025951172192974653,0.0,0.0,0.08537832816346803,277
111.08,0.0888079076241649,0.01875495933355955,0.002595599789542269,0.0,0.0,0.0853894229292106,277
111.10000000000001,0.08881832598176097,0.018759655066036905,0.002596078465385277,0.0,0.0,0.08540036373562668,277
111.12,0.08882872232055898,0.018764086400735746,0.0025965532511254955,0.0,0.0,0.08541114715323522,276
111.14,0.08883879282175747,0.01876902991219882,0.0025970241509823077,0.0,0.0,0.0854217706787857,275
111.16,0.08884843122772089,0.018774931558551484,0.0025974911690662275,0.0,0.0,0.08543223271575656,275
111.18,0.08885762040317417,0.0187806068267906,0.0025979543094062896,0.0,0.0,0.08544253255344852,274
111.2,0.0888663508462653,0.01878770188499138,0.002598413574715068,0.0,0.0,0.08545267034521219,274
111.22,0.0888749034662737,0.01879493024253333,0.0025988689689100527,0.0,0.0,0.08546264708617089,274
111.24000000000001,0.08888317556862768,0.018803847733137403,0.002599320495925542,0.0,0.0,0.08547246459064613,274
111.26,0.08889096245392446,0.018813597493683287,0.002599768160521301,0.0,0.0,0.08548247536466802,273
111.28,0.08889825627969417,0.018823060226218425,0.002600211967751493,0.0,0.0,0.08549247553822827,273
111.3,0.08890504951678248,0.018832228670760846,0.002600651921638545,0.0,0.0,0.0855023478331156,274
111.32000000000001,0.0889113349070389,0.018841096965859214,0.002601088026566099,0.0,0.0,0.08551283780399976,274
111.34,0.08891710542011375,0.01884966691020262,0.0026015202842771677,0.0,0.0,0.0855232932635998,274
111.36,0.08892235420929309,0.018857940304187172,0.0026019486988207306,0.0,0.0,0.08553361451546893,274
111.38,0.08892818073728095,0.018865918947209348,0.0026023732742669076,0.0,0.0,0.08554380846386561,273
111.4,0.08893423613430496,0.01887360463610249,0.0026027940147074426,0.0,0.0,0.08555388264526158,273
111.42,0.08894144157234908,0.01888099916113966,0.002603207588027708,0.0,0.0,0.08556382978717081,273
111.44,0.08894916339725843,0.018888104290166716,0.0026036064980454847,0.0,0.0,0.08557362391169333,273
111.46000000000001,0.08895679254899636,0.01889492175010953,0.0026040016039978534,0.0,0.0,0.0855834846195572,273
111.48,0.08896405315068098,0.01890206451895085,0.0026043929106082564,0.0,0.0,0.0855938401141944,273
111.5,0.08897094579046298,0.018910431015394757,0.0026047804220653017,0.0,0.0,0.08560427384070066,273
111.52,0.08897848957312227,0.018918574477607857,0.0026051641420007164,0.0,0.0,0.08561464359835981,273
111.54,0.0889863306179818,0.018928495990644858,0.0026055440746425847,0.0,0.0,0.08562496048490117,273
111.56,0.08899390990443917,0.01893811959312075,0.002605920225097979,0.0,0.0,0.08563523593383013,273
111.58,0.08900300284855382,0.018947446695227597,0.0026062925995831913,0.0,0.0,0.0856454816536283,274
111.60000000000001,0.08901210759520083,0.018956478678977543,0.0026066612020492264,0.0,0.0,0.08565570956046653,274
111.62,0.08902094954847967,0.01896521689730132,0.002607048474286568,0.0,0.0,0.08566593170493461,274
111.64,0.08902969339031466,0.018973662673475274,0.0026074426238228356,0.0,0.0,0.08567616019369603,274
111.66,0.08904002114064935,0.01898181730089599,0.002607832968049569,0.0,0.0,0.08568640710736518,272
111.68,0.08905094021957126,0.018989682043215442,0.0026082200646934902,0.0,0.0,0.08569668441624431,271
111.7,0.08906167072141484,0.018997258134842248,0.002608603407773767,0.0,0.0,0.08570695185868421,272
111.72,0.08907225293188739,0.01900455191705404,0.0026089829569795327,0.0,0.0,0.08571726028968579,272
111.74000000000001,0.08908268820263154,0.01901178313349059,0.0026093587172736302,0.0,0.0,0.0857276335638974,272
111.76,0.08909300880697646,0.019020836154097342,0.002609731845558384,0.0,0.0,0.08573807334200048,270
111.78,0.0891030837254845,0.019029587250884425,0.002610111248005851,0.0,0.0,0.08574848303515167,270
111.8,0.08911299263349724,0.019038037451532146,0.0026104868546813287,0.0,0.0,0.08575896140005869,270
111.82000000000001,0.0891238823662803,0.0190461878049773,0.0026108586688645486,0.0,0.0,0.08576954440163029,271
111.84,0.0891353145866741,0.019054039351425817,0.0026112497839645174,0.0,0.0,0.08578024051207847,271
111.86,0.08914667763020871,0.019062169375751253,0.0026116429600333267,0.0,0.0,0.08579105757254439,271
111.88,0.08915797233155259,0.01907080762906911,0.0026120323097857208,0.0,0.0,0.08580200279239023,271
111.9,0.08916919868379346,0.01907914672220186,0.0026124178378033945,0.0,0.0,0.08581308276218617,271
111.92,0.08918024255496927,0.019087187557307397,0.002612799587227756,0.0,0.0,0.08582419019892726,272
111.94,0.08919213938796847,0.01909493109010682,0.0026131823206921997,0.0,0.0,0.08583542652107945,272
111.96000000000001,0.08920467054954673,0.019102378293901986,0.002613589799756036,0.0,0.0,0.0858468140347841,272
111.98,0.08921715916831677,0.01910953014331687,0.002613993431571097,0.0,0.0,0.085858357212227,272
112.0,0.08922960253790761,0.0191163899615996,0.0026144012114578874,0.0,0.0,0.08587006012240023,274
112.02,0.08924199736070476,0.01912297862762984,0.002614829734601054,0.0,0.0,0.08588192648684598,274
112.04,0.08925433979022365,0.019129274840341298,0.0026152543837807533,0.0,0.0,0.08589395973271087,274
112.06,0.08926662546751031,0.01913527957814282,0.0026156855066081664,0.0,0.0,0.08590616304034389,274
112.08,0.0892788495492229,0.01914099382222296,0.0026161358785082725,0.0,0.0,0.0859185393831113,274
112.10000000000001,0.08929100672562813,0.019146418556985227,0.002616582346268183,0.0,0.0,0.08593109155768065,273
112.12,0.08930309122743205,0.019151554770392664,0.0026170249147556327,0.0,0.0,0.08594382220371222,273
112.14,0.08931509682109175,0.019156403454266394,0.002617490738167058,0.0,0.0,0.08595673381262114,273
112.16,0.08932703129578982,0.01916096643261403,0.0026179590401549774,0.0,0.0,0.08596982872577404,273
112.18,0.08933887683426543,0.01916526762872054,0.002618423414805883,0.0,0.0,0.08598310912310676,273
112.2,0.08935063339273455,0.019169284269353284,0.0026188838653503754,0.0,0.0,0.08599657700363614,274
112.22,0.08936276937176678,0.01917301736546521,0.0026193403967888344,0.0,0.0,0.08601023415967367,274
112.24000000000001,0.08937755360865995,0.019176467934232406,0.002619793014427306,0.0,0.0,0.08602408214670035,274
112.26,0.08939236385545614,0.01917963699995512,0.0026202417217298765,0.0,0.0,0.08603812225085279,273
112.28,0.08940713063079056,0.019183739342370575,0.002620686619768477,0.0,0.0,0.08605235070770113,273
112.3,0.08942283669672263,0.019188597962323292,0.0026211289886843526,0.0,0.0,0.08606670361439728,272
112.32000000000001,0.08943913277443125,0.019193178591962796,0.0026215674630383572,0.0,0.0,0.08608125060112473,272
112.34,0.08945542859042384,0.019197458646373525,0.002622002048204368,0.0,0.0,0.08609599156162658,272
112.36,0.08947171696613493,0.019203008113659464,0.002622432748271922,0.0,0.0,0.08611110962196393,272
112.38,0.08948799004926468,0.01920828807215997,0.0026228595673318594,0.0,0.0,0.08612668206837876,272
112.4,0.08950521193714969,0.019213261683391516,0.002623282510044785,0.0,0.0,0.08614244505450214,272
112.42,0.08952259388208626,0.019219962360384774,0.002623701582923802,0.0,0.0,0.08615839672868854,272
112.44,0.08954134646247101,0.01922636720979704,0.00262411679098579,0.0,0.0,0.08617453478273132,273
112.46000000000001,0.08956064577298056,0.019232458464096592,0.002624544580689069,0.0,0.0,0.08619085645524015,273
112.48,0.08958052437214448,0.019238237246730308,0.0026249856865875453,0.0,0.0,0.0862073302969208,273
112.5,0.08960073505902662,0.019243711102858385,0.0026254230332140374,0.0,0.0,0.08622387477424169,273
112.52,0.08962095799825462,0.019248895921442008,0.0026258564918521265,0.0,0.0,0.08624058786400153,273
112.54,0.08964118222263812,0.019253771879881847,0.0026262860642955227,0.0,0.0,0.08625746939506865,273
112.56,0.08966138952155571,0.01925834029954609,0.002626711844805101,0.0,0.0,0.08627451463410536,273
112.58,0.08968156869341304,0.01926370357216169,0.0026271671833729185,0.0,0.0,0.08629171856508051,273
112.60000000000001,0.08970170808193195,0.019269796093876978,0.002627618606689679,0.0,0.0,0.08630907594396336,273
112.62,0.0897223503869597,0.0192755754409049,0.002628066119895586,0.0,0.0,0.08632665361644908,273
112.64,0.08974334750179058,0.019281043019568737,0.002628509726269604,0.0,0.0,0.08634474660468493,273
112.66,0.08976422095904572,0.01928631945141866,0.0026289494303730334,0.0,0.0,0.0863629306648218,273
112.68,0.08978523359842551,0.019293582949250078,0.0026293852361165613,0.0,0.0,0.086381224122916,273
112.7,0.08980751021226466,0.01930103073215782,0.0026298171474028152,0.0,0.0,0.08639964314771832,273
112.72,0.08982974911087957,0.019308204993413968,0.002630245169101283,0.0,0.0,0.08641818252667406,273
112.74000000000001,0.08985191984065098,0.019315117692157806,0.0026306693074736333,0.0,0.0,0.08643714827349051,273
112.76,0.08987401073925813,0.01932175165132358,0.0026310895674246503,0.0,0.0,0.08645636055411321,273
112.78,0.0898960109772583,0.019328084293158944,0.002631505950563629,0.0,0.0,0.08647567866701093,273
112.8,0.08991790987250957,0.019334122633092476,0.002631918459363612,0.0,0.0,0.08649509868262352,273
112.82000000000001,0.0899396969074893,0.01933985429287338,0.0026323270976669703,0.0,0.0,0.08651461708800604,273
112.84,0.0899613796428545,0.019345281062390217,0.002632731869256478,0.0,0.0,0.0865342308026598,273
112.86,0.08998295379155155,0.01935040475149882,0.0026331327780805,0.0,0.0,0.08655393718188839,273
112.88,0.09000438581985404,0.019355227196791357,0.002633529828606515,0.0,0.0,0.08657373400758937,273
112.9,0.09002566579019869,0.019359750254607015,0.0026339230234313326,0.0,0.0,0.08659361946674587,273
112.92,0.09004678382564246,0.019363975797856987,0.0026343123661227556,0.0,0.0,0.08661359211821326,273
112.94,0.09006773005256244,0.01936790571295011,0.002634697860205053,0.0,0.0,0.08663365084869656,273
112.96000000000001,0.09008849453320363,0.019371541896874428,0.002635079509164569,0.0,0.0,0.08665379481908461,272
112.98,0.09010907428860425,0.019374886254486426,0.0026354573164559716,0.0,0.0,0.08667402340255402,272
113.0,0.0901294655156046,0.019377940696054637,0.002635831285508988,0.0,0.0,0.08669433611608046,272
113.02,0.09014983892566505,0.019380707135097625,0.002636201420569462,0.0,0.0,0.08671473254718569,273
113.04,0.09017133421979472,0.019383187486549065,0.002636567724730903,0.0,0.0,0.08673521227791894,273
113.06,0.09019560605604988,0.019385383665273124,0.002636930200868836,0.0,0.0,0.08675577480818619,273
113.08,0.09021979421109405,0.019387297584944372,0.0026372888523859385,0.0,0.0,0.0867764194806039,273
113.10000000000001,0.09024389199982769,0.01938893513145383,0.0026376436826964595,0.0,0.0,0.08679714540904447,273
113.12,0.0902678922361803,0.019390314876697668,0.0026380204761340055,0.0,0.0,0.08681795141293393,273
113.14,0.09029178716653939,0.01939141806355253,0.0026384007536960894,0.0,0.0,0.08683883595917184,273
113.16,0.09031556841190928,0.01939224659697268,0.002638777177830581,0.0,0.0,0.08685979711324392,273
113.18,0.09033922691997928,0.019392802380375756,0.002639149752560812,0.0,0.0,0.08688083250072834,274
113.2,0.09036275292782772,0.01939308731645481,0.00263951848000054,0.0,0.0,0.08690193927994525,274
113.22,0.09038613593553285,0.019393103308195995,0.0026398833639866923,0.0,0.0,0.08692311412603934,274
113.24000000000001,0.09040932929794018,0.019392852260056756,0.002640244406273301,0.0,0.0,0.08694431785584633,275
113.26,0.09043232607934155,0.019392336072596196,0.002640601610647467,0.0,0.0,0.0869655512472843,275
113.28,0.09045514386842497,0.0193915566514277,0.0026409549823070127,0.0,0.0,0.08698683987541678,275
113.3,0.0904777691561938,0.019390515913380226,0.002641304525085105,0.0,0.0,0.08700817853746584,275
113.32000000000001,0.09050018770813137,0.01938921578222111,0.0026416502422484766,0.0,0.0,0.08702956161978516,275
113.34,0.09052238458724123,0.019387658190031635,0.0026419921376819333,0.0,0.0,0.08705098313484318,275
113.36,0.09054438566908088,0.019385845078533828,0.0026423302153321584,0.0,0.0,0.08707243676262347,275
113.38,0.09056779248177578,0.019384982615836443,0.002642671426978833,0.0,0.0,0.08709410497063977,275
113.4,0.09059099281539705,0.019384633226669983,0.002643035130908441,0.0,0.0,0.08711604840704343,275
113.42,0.09061397165965167,0.01938403319048894,0.0026433949857334826,0.0,0.0,0.08713800289333964,275
113.44,0.09063671355859876,0.019383184709460335,0.0026437509974040086,0.0,0.0,0.08715996124379674,275
113.46000000000001,0.0906592026458837,0.019382077003507362,0.002644103167551074,0.0,0.0,0.0871819161775051,275
113.48,0.09068142130519057,0.019380711834247187,0.0026444515005394726,0.0,0.0,0.08720406600109838,275
113.5,0.09070328919148572,0.01937909097313574,0.0026447960062280893,0.0,0.0,0.08722641108262855,275
113.52,0.09072498119631767,0.019378337412373253,0.0026451366833127985,0.0,0.0,0.0872491761342621,275
113.54,0.09074671435580764,0.019378401456982258,0.0026454876718778643,0.0,0.0,0.08727231299104327,276
113.56,0.09076810489895985,0.019378217996456046,0.002645854194329013,0.0,0.0,0.08729540378782369,277
113.58,0.09078908223153451,0.019377777466339983,0.0026462168556591046,0.0,0.0,0.08731838794411506,277
113.60000000000001,0.09080996364927107,0.01937707539301804,0.002646575662044978,0.0,0.0,0.08734131737134888,277
113.62,0.09083297235326779,0.019376113604906372,0.002646930618118871,0.0,0.0,0.08736418567106757,277
113.64,0.0908558497970411,0.019374898032773816,0.0026472846845603812,0.0,0.0,0.08738729917626939,277
113.66,0.0908784109813839,0.01937373568968978,0.0026477040015387265,0.0,0.0,0.08741047724527977,277
113.68,0.09090064159207485,0.019373440684219076,0.0026481397945581063,0.0,0.0,0.08743357624313958,277
113.7,0.09092254469759352,0.0193728893452692,0.00264857163115046,0.0,0.0,0.0874565910652493,277
113.72,0.09094467170843823,0.019372083538203876,0.0026489995159209145,0.0,0.0,0.08747950557686059,277
113.74000000000001,0.09096762010725612,0.019371025135444083,0.002649428858578895,0.0,0.0,0.08750227477690863,278
113.76,0.0909902700291626,0.01936971601038487,0.0026498875375852897,0.0,0.0,0.08752500022885557,278
113.78,0.09101277381768698,0.01936815805530679,0.0026503685604703803,0.0,0.0,0.08754802632394988,278
113.8,0.09103527393252184,0.01936635317074013,0.002650845571118291,0.0,0.0,0.08757094788974945,278
113.82000000000001,0.09105742520360981,0.019365426755587323,0.0026513185749092415,0.0,0.0,0.08759376212530999,279
113.84,0.0910800756540807,0.01936506147368172,0.00265178757733673,0.0,0.0,0.08761646660764416,279
113.86,0.09110265335431873,0.01936444031406957,0.002652252584180085,0.0,0.0,0.08763905928590128,279
113.88,0.09112489090126864,0.019363564898783263,0.0026527136017742473,0.0,0.0,0.0876615384764509,280
113.9,0.09114749394294684,0.01936243684841327,0.0026531706352098464,0.0,0.0,0.0876839028598542,280
113.92,0.09117067421562966,0.019361736383764434,0.0026536236904722084,0.0,0.0,0.08770615148043795,280
113.94,0.09119351254252205,0.019361909151295643,0.002654072773674583,0.0,0.0,0.08772828374882127,280
113.96000000000001,0.09121600017146905,0.01936181771288983,0.0026545178910576677,0.0,0.0,0.0877502994473022,281
113.98,0.09123876345445102,0.01936146389609392,0.0026549590500724207,0.0,0.0,0.08777258622568461,281
114.0,0.09126236580032306,0.01936084952491132,0.002655396257833877,0.0,0.0,0.0877948175139241,281
114.02,0.09128567976927503,0.019360369722377983,0.0026558295192409985,0.0,0.0,0.08781693332501724,281
114.04,0.09131006469964328,0.01936137605622875,0.0026562588410079997,0.0,0.0,0.08783893501142945,281
114.06,0.09133460705507035,0.019362880482251228,0.002656684229950168,0.0,0.0,0.0878608243345195,281
114.08,0.09135890163978241,0.019365809127085812,0.002657105692973723,0.0,0.0,0.08788260346375452,281
114.10000000000001,0.09138294599295026,0.019368475003884687,0.0026575412453812277,0.0,0.0,0.08790427496965185,281
114.12,0.09140799407674255,0.019370871596423,0.002657986506801614,0.0,0.0,0.0879258418094158,281
114.14,0.09143317497901049,0.01937299150107659,0.0026584278266953546,0.0,0.0,0.08794730730467515,282
114.16,0.09145812017180352,0.019377133346774326,0.002658865211346575,0.0,0.0,0.08796863508703683,282
114.18,0.09148284549264141,0.019381145370513435,0.0026592986685725507,0.0,0.0,0.08798984444064098,282
114.2,0.0915073763199808,0.019384867702271397,0.002659728206009404,0.0,0.0,0.08801096429173655,282
114.22,0.09153171338389016,0.019388301318462326,0.0026601538300622435,0.0,0.0,0.08803226747702449,282
114.24000000000001,0.09155585744315337,0.019391821675357766,0.002660575547867147,0.0,0.0,0.08805366930134947,282
114.26,0.09157980922177246,0.01939673807173769,0.0026609933665214924,0.0,0.0,0.08807519163738424,282
114.28,0.09160356934355049,0.019401346067781027,0.00266140729307087,0.0,0.0,0.08809717666945517,281
114.3,0.09162713826604499,0.019405646718507117,0.0026618173344971656,0.0,0.0,0.08811927056955507,281
114.32000000000001,0.09165051621502046,0.01940964108433737,0.0026622234977080315,0.0,0.0,0.08814147553097747,281
114.34,0.0916737031203449,0.019413330232299245,0.0026626257898709413,0.0,0.0,0.08816389156294568,281
114.36,0.09169668415008861,0.019416715240480432,0.0026630242191204023,0.0,0.0,0.08818623741508176,280
114.38,0.0917193680767317,0.019419805991120177,0.002663418786733415,0.0,0.0,0.0882084266712519,280
114.4,0.09174184892612385,0.019422610509397004,0.002663809502698712,0.0,0.0,0.08823055825399426,280
114.42,0.09176414763921877,0.019425114123275945,0.0026641963749035593,0.0,0.0,0.0882526449251134,280
114.44,0.09178625522251058,0.01942731795932446,0.0026645794082782023,0.0,0.0,0.08827468955731729,280
114.46000000000001,0.09180816208552334,0.019429223162800848,0.0026649586090462126,0.0,0.0,0.08829669459267578,280
114.48,0.09182986453581357,0.01943083090025333,0.002665333983328357,0.0,0.0,0.08831866201023611,280
114.5,0.09185135818608144,0.019432142362193098,0.0026657055378286874,0.0,0.0,0.08834059329815105,282
114.52,0.09187299568833215,0.019433917439296657,0.0026660732788268853,0.0,0.0,0.08836248943025994,281
114.54,0.09189454267677818,0.019436170535112388,0.002666437212623311,0.0,0.0,0.08838435084692306,281
114.56,0.0919158625632053,0.019438125117925573,0.0026667973438934188,0.0,0.0,0.08840617743975045,281
114.58,0.09193694789725278,0.01943978250790167,0.002667153678199085,0.0,0.0,0.08842796853973184,281
114.60000000000001,0.09195779040762274,0.01944335038029164,0.002667506223056586,0.0,0.0,0.08844972290814589,281
114.62,0.09197838098433121,0.019446803710858558,0.0026678549831736236,0.0,0.0,0.08847143872958059,281
114.64,0.09199880884086441,0.019449944809782807,0.0026682281967301143,0.0,0.0,0.0884931136063949,281
114.66,0.09201984027248912,0.019452774786331516,0.0026686649534555474,0.0,0.0,0.08851474455405395,281
114.68,0.09204100386011464,0.019455294792195765,0.0026690978131351183,0.0,0.0,0.08853632799692154,281
114.7,0.09206193743447028,0.019457659925038735,0.002669526782209619,0.0,0.0,0.08855785976433671,282
114.72,0.0920825583554517,0.01946119711101688,0.0026699518650004097,0.0,0.0,0.08857933508705039,283
114.74000000000001,0.09210285213186867,0.019464417794323133,0.0026703730664472815,0.0,0.0,0.08860074859437916,283
114.76,0.09212274871071721,0.019467323435715046,0.002670776163717308,0.0,0.0,0.08862205397733301,283
114.78,0.09214226881024033,0.019469915521596635,0.002671170880064306,0.0,0.0,0.08864327206768752,283
114.8,0.0921618889996717,0.01947219561294947,0.0026715704340444413,0.0,0.0,0.08866442472288537,283
114.82000000000001,0.09218337404159903,0.019474719151813917,0.002671990837722919,0.0,0.0,0.08868590221489052,283
114.84,0.09220509362654246,0.01947780848358263,0.0026724073849865794,0.0,0.0,0.08870723481853711,283
114.86,0.09222648578160608,0.01948264382421365,0.002672820082293489,0.0,0.0,0.08872846028475642,283
114.88,0.09224753063377279,0.01948747934981267,0.0026732289342426413,0.0,0.0,0.08874956917498185,282
114.9,0.09226822663822255,0.0194919885305158,0.0026736433317759364,0.0,0.0,0.08877049456118027,283
114.92,0.0922901951562323,0.0194961730930762,0.002674058547858335,0.0,0.0,0.08879125463620766,283
114.94,0.09231182811595506,0.019500034858859965,0.002674469886133553,0.0,0.0,0.08881186707480164,283
114.96000000000001,0.0923331077265976,0.01950357662106481,0.002674877349153882,0.0,0.0,0.08883232069336246,284
114.98,0.09235401565793488,0.01950679941754164,0.0026752809414794018,0.0,0.0,0.08885269547400573,284
115.0,0.09237477474398931,0.019509705291744544,0.0026756806681841718,0.0,0.0,0.08887327146664102,284
115.02,0.09239539167071874,0.019512311016247664,0.0026760765336135217,0.0,0.0,0.0888936529796698,284
115.04,0.09241558044825156,0.01951463781762476,0.0026764685419500616,0.0,0.0,0.08891382809304792,284
115.06,0.09243534731004964,0.019516654258801915,0.002676856697704325,0.0,0.0,0.08893378491765978,284
115.08,0.0924560321720173,0.01951836268940069,0.0026772410053771023,0.0,0.0,0.08895351169503818,284
115.10000000000001,0.09247628121308468,0.01951976552990326,0.002677645839166079,0.0,0.0,0.0889729969025415,284
115.12,0.09249609211083011,0.01952087569531429,0.002678051173596023,0.0,0.0,0.08899222936271597,284
115.14,0.09251571761031555,0.01952169910170318,0.002678452624453403,0.0,0.0,0.08901119835523608,283
115.16,0.0925350521735986,0.019522224543685105,0.002678850195621037,0.0,0.0,0.08903013801443917,283
115.18,0.09255387802193554,0.019522454687604163,0.0026792438915181982,0.0,0.0,0.08904899713354633,283
115.2,0.09257328062649196,0.019522392249852007,0.002679633716560256,0.0,0.0,0.08906756391611283,283
115.22,0.09259265121730083,0.019522039991680305,0.00268001967521032,0.0,0.0,0.0890858305688159,284
115.24000000000001,0.0926115258534668,0.019521400713802383,0.002680401772628511,0.0,0.0,0.08910379027861919,285
115.26,0.09262989228503607,0.01952047725084704,0.0026807800124261294,0.0,0.0,0.08912143729335763,285
115.28,0.09264773915865848,0.01951927246572936,0.002681170879796865,0.0,0.0,0.08913876698906005,285
115.3,0.09266505606020778,0.019517789244004477,0.0026815741341134937,0.0,0.0,0.08915577592226924,285
115.32000000000001,0.09268177507011283,0.019516049187740546,0.0026819898935550226,0.0,0.0,0.08917240207086741,285
115.34,0.09269786805919068,0.019514042378949697,0.002682437673757558,0.0,0.0,0.08918862424662302,285
115.36,0.09271342730907978,0.019511765827150244,0.0026828963111787513,0.0,0.0,0.08920452278184746,285
115.38,0.09272856123334228,0.01950922245383852,0.0026833509812270394,0.0,0.0,0.08922009914180423,285
115.4,0.09274379352723672,0.01950641517689895,0.002683801685197914,0.0,0.0,0.08923535597848879,285
115.42,0.09275864674875342,0.019503346906153945,0.0026842728463046103,0.0,0.0,0.08925029708113952,285
115.44,0.0927729224107993,0.019500020539292808,0.0026847475203078622,0.0,0.0,0.08926492731198615,285
115.46000000000001,0.09278661852744233,0.019496438958214877,0.002685218202345587,0.0,0.0,0.08927925252891306,285
115.48,0.09280016020863067,0.01949410847913632,0.002685714942936152,0.0,0.0,0.08929327949701404,285
115.5,0.09281319286077408,0.019492124381914888,0.0026862104025927747,0.0,0.0,0.08930701579127552,285
115.52,0.09282705109568908,0.01948988475582198,0.0026867018404808487,0.0,0.0,0.08932046969281368,284
115.54,0.09284062646079223,0.019487392268044506,0.002687201740702765,0.0,0.0,0.08933405214513146,284
115.56,0.09285404340198078,0.019484649555876123,0.002687718263051036,0.0,0.0,0.0893474170685703,285
115.58,0.09286692561285982,0.01948165922562968,0.002688230730957451,0.0,0.0,0.08936052702872721,286
115.60000000000001,0.09287927328913373,0.019478426944390455,0.0026887609063841657,0.0,0.0,0.08937339205539219,286
115.62,0.09289108643234469,0.019474983685439675,0.002689304443363111,0.0,0.0,0.08938636491790473,286
115.64,0.0929023780110812,0.01947131520991768,0.0026898673551187585,0.0,0.0,0.08939937370587278,286
115.66,0.09291314216998256,0.019467450395592372,0.0026904261329606795,0.0,0.0,0.08941250065898255,286
115.68,0.09292391907747923,0.019466071241985763,0.002690980780920266,0.0,0.0,0.08942542255175137,286
115.7,0.09293520888729304,0.01946589450445165,0.0026915313041632042,0.0,0.0,0.08943814952552273,286
115.72,0.09294736099945226,0.019466009121131337,0.0026920777070903843,0.0,0.0,0.08945069156011345,286
115.74000000000001,0.09296046760398614,0.01946764605526738,0.0026926199923399167,0.0,0.0,0.08946305843810924,284
115.76,0.09297318394350879,0.01946901665887714,0.0026931581649200335,0.0,0.0,0.0894754772258912,284
115.78,0.09298551126588973,0.019470122715017028,0.00269369222973984,0.0,0.0,0.08948796890822386,284
115.8,0.09299745026413278,0.01947096599549119,0.002694222192740881,0.0,0.0,0.0895003128095667,284
115.82000000000001,0.0930090010556115,0.01947154826282477,0.002694748055688948,0.0,0.0,0.08951280297191436,284
115.84,0.09302016316312602,0.01947187127195562,0.002695269821654715,0.0,0.0,0.08952532533133997,285
115.86,0.09303093549608651,0.019473973586406908,0.002695787494825099,0.0,0.0,0.08953790075078862,285
115.88,0.09304132990729602,0.019475911572170528,0.0026963010809140458,0.0,0.0,0.08955108491476911,285
115.9,0.0930516931681875,0.01947758312453666,0.0026968105838645544,0.0,0.0,0.08956447665946086,285
115.92,0.09306417231056548,0.019478989914826605,0.0026973160066851585,0.0,0.0,0.08957794044537822,285
115.94,0.09307635496082789,0.019480133607189414,0.0026978173536276674,0.0,0.0,0.08959130997949383,284
115.96000000000001,0.09308947194946027,0.019481015858285825,0.0026983071518848455,0.0,0.0,0.08960455700573339,284
115.98,0.09310259465322256,0.01948163828689391,0.0026987864075321264,0.0,0.0,0.08961786515117533,285
116.0,0.09311545042800774,0.019482002506859518,0.0026992616190823224,0.0,0.0,0.08963137528884564,285
116.02,0.09312800864060936,0.019482110148251172,0.002699733123971757,0.0,0.0,0.08964478636744393,285
116.04,0.09314025670739964,0.019481962825956062,0.002700201048975722,0.0,0.0,0.08965809310353073,285
116.06,0.09315223238600967,0.01948156214136468,0.0027006649440775273,0.0,0.0,0.08967134136694879,285
116.08,0.0931639327104382,0.019480909688874844,0.002701124814462349,0.0,0.0,0.08968453617758994,285
116.10000000000001,0.09317533599215627,0.019480007048564972,0.0027015806629440853,0.0,0.0,0.0896976641475375,285
116.12,0.09318641010959669,0.019478855781627495,0.002702032492825995,0.0,0.0,0.08971070177991049,286
116.14,0.09319719697643213,0.019478201199852847,0.00270248031010617,0.0,0.0,0.08972380962712277,286
116.16,0.09320789701159568,0.01947937235514531,0.0027029241191555424,0.0,0.0,0.08973722042209314,287
116.18,0.09321980080298439,0.019481171022775714,0.0027033639243574836,0.0,0.0,0.08975060007667067,287
116.2,0.09323279322519204,0.01948270517505298,0.002703799730333174,0.0,0.0,0.08976395316969621,286
116.22,0.09324582348146407,0.01948397625466307,0.0027042315425179634,0.0,0.0,0.08977728445610735,286
116.24000000000001,0.09325866815499902,0.019485683617541164,0.002704659364083958,0.0,0.0,0.0897905989391066,286
116.26,0.09327149810043217,0.019488509927536694,0.002705093124746151,0.0,0.0,0.08980382492492432,285
116.28,0.09328439762895846,0.019491067678008386,0.002705524351574945,0.0,0.0,0.08981703378232209,285
116.3,0.09329710836355785,0.019494942792065716,0.0027059576806881696,0.0,0.0,0.08983024300274271,283
116.32000000000001,0.09331031922073564,0.01949910031575243,0.0027064143854973795,0.0,0.0,0.08984345912268966,283
116.34,0.09332634213218721,0.019502983447341627,0.0027068670574422007,0.0,0.0,0.08985668913101308,284
116.36,0.09334230478750374,0.019506593151427387,0.0027073157004578216,0.0,0.0,0.08986994046538037,285
116.38,0.09335821505942613,0.01950993035398814,0.002707761913787449,0.0,0.0,0.08988322099271,285
116.4,0.09337406553566409,0.019513000737889502,0.0027082668839625455,0.0,0.0,0.08989653897432093,286
116.42,0.0933898613955184,0.019515820460466744,0.0027087689496226863,0.0,0.0,0.08990990301706725,285
116.44,0.09340560800322156,0.01951837020143368,0.002709266921269059,0.0,0.0,0.08992332201212498,285
116.46000000000001,0.09342131083272716,0.01952065073341473,0.0027097629628248018,0.0,0.0,0.08993680506337333,285
116.48,0.09343697538402249,0.019522662792879314,0.0027102857441679107,0.0,0.0,0.08995036140746213,285
116.5,0.09345260709309512,0.01952459972218377,0.0027108043995050205,0.0,0.0,0.08996400032770623,285
116.52,0.0934682320693916,0.019527622457302794,0.002711318933157512,0.0,0.0,0.0899777310638945,285
116.54,0.0934838426055377,0.019530372083082545,0.0027118293494618573,0.0,0.0,0.0899917326538291,285
116.56,0.09349945025833455,0.019532863762283303,0.0027123356527693674,0.0,0.0,0.09000612348545159,285
116.58,0.09351504461178294,0.01953509375337135,0.002712837847445858,0.0,0.0,0.09002063209681306,285
116.60000000000001,0.09353062934816178,0.019537052459140752,0.002713335937871241,0.0,0.0,0.09003526663483864,285
116.62,0.09354620751714096,0.019538740452480892,0.0027138299284390436,0.0,0.0,0.09005003475232252,285
116.64,0.09356178144940348,0.019540158290238738,0.002714319823555836,0.0,0.0,0.09006494352699776,285
116.66,0.09357735267491232,0.019541307032081526,0.002714805628183231,0.0,0.0,0.09007999938551717,285
116.68,0.09359295995466853,0.01954218700803217,0.002715303320648113,0.0,0.0,0.09009520803264531,285
116.7,0.0936090086179054,0.019542798441233574,0.0027158101355764016,0.0,0.0,0.09011056630235925,285
116.72,0.09362500004358114,0.01954314185967776,0.0027163141807880283,0.0,0.0,0.09012601978605334,285
116.74000000000001,0.09364099582639492,0.019543217760914167,0.002716814108473166,0.0,0.0,0.09014163825855966,285
116.76,0.09365698159610697,0.019543440018046008,0.0027173099244137476,0.0,0.0,0.0901574239327151,285
116.78,0.09367295263580422,0.01954483896956244,0.0027178016314080306,0.0,0.0,0.09017337802108623,285
116.8,0.09368911057982134,0.01954595378263732,0.0027182892334061547,0.0,0.0,0.09018950069349603,285
116.82000000000001,0.09370552289993887,0.019546785283574286,0.0027187727347159985,0.0,0.0,0.09020579103825377,285
116.84,0.0937218653397178,0.01954733432429152,0.002719252137021523,0.0,0.0,0.09022218792693557,285
116.86,0.09373834452559553,0.019547601773528517,0.002719727448042499,0.0,0.0,0.09023874159133828,285
116.88,0.09375510346618544,0.019547588543363546,0.0027201986905323913,0.0,0.0,0.0902554468346819,285
116.9,0.09377206324854975,0.019547295579815254,0.0027206660345222987,0.0,0.0,0.09027224033329068,285
116.92,0.09378961253080052,0.019546723842085684,0.0027211293246763263,0.0,0.0,0.09028911490676944,285
116.94,0.09380807783131248,0.01954587433335947,0.002721591010282959,0.0,0.0,0.09030612311432724,285
116.96000000000001,0.09382649107665343,0.01954474812798896,0.002722079588858077,0.0,0.0,0.09032325997431374,286
116.98,0.09384492859669119,0.019543346351042906,0.0027225641014621093,0.0,0.0,0.09034049912636981,286
117.0,0.09386360216185421,0.019541670176120542,0.002723044652490066,0.0,0.0,0.09035779166602988,286
117.02,0.09388240397476982,0.019539730074678793,0.0027235211051080746,0.0,0.0,0.09037517770848964,286
117.04,0.09390131388542945,0.01953753673175732,0.00272399346347831,0.0,0.0,0.09039264308673084,286
117.06,0.09392016807816816,0.019535072864356427,0.0027244617319995335,0.0,0.0,0.0904101724664422,287
117.08,0.09393919876776517,0.019532348952470236,0.0027249259155395374,0.0,0.0,0.09042772285630175,287
117.10000000000001,0.09395827782073964,0.019529373036757697,0.002725386018733333,0.0,0.0,0.09044526222403379,287
117.12,0.09397734377862246,0.01952783479283843,0.0027258420452098,0.0,0.0,0.09046281316888613,287
117.14,0.09399639130542199,0.01952635157150693,0.002726293999340552,0.0,0.0,0.09048035629471438,287
117.16,0.09401539215750974,0.01952459456269124,0.00272674188548913,0.0,0.0,0.09049787141291757,287
117.18,0.09403407122024868,0.01952291810616416,0.0027271857080106094,0.0,0.0,0.0905153376614159,287
117.2,0.0940523981566621,0.019522282550214126,0.0027276351542987027,0.0,0.0,0.09053273363808402,287
117.22,0.09407035955932898,0.019521366315600322,0.002728104298990239,0.0,0.0,0.09055003754763061,287
117.24000000000001,0.09408803723738011,0.019520179140911382,0.00272856934855373,0.0,0.0,0.09056722736039652,286
117.26,0.09410618747218667,0.01951873661324731,0.0027290303060043923,0.0,0.0,0.09058423991174851,286
117.28,0.094123972831356,0.019517019505291708,0.0027294871768736885,0.0,0.0,0.09060107144043547,286
117.3,0.09414166482383331,0.019515893815883836,0.002729939967714232,0.0,0.0,0.0906177231191448,286
117.32000000000001,0.0941593823191747,0.01951574866030361,0.002730388680574863,0.0,0.0,0.09063436789960314,286
117.34,0.09417756352284648,0.019515325682009227,0.0027308333200432725,0.0,0.0,0.0906510465602172,286
117.36,0.09419522977558775,0.0195146457998794,0.002731273889762883,0.0,0.0,0.09066748325842676,287
117.38,0.09421233831648058,0.019514961653261265,0.0027317103947609735,0.0,0.0,0.09068364437002895,287
117.4,0.09422878274877677,0.01951508256317334,0.0027321428331463734,0.0,0.0,0.09069942053037772,287
117.42,0.09424463110725578,0.019514931895823907,0.002732571215168356,0.0,0.0,0.09071511415891402,287
117.44,0.09425987517465073,0.01951520372374032,0.002732995544412653,0.0,0.0,0.0907307245071529,287
117.46000000000001,0.09427448882727892,0.0195174184682074,0.002733426411172467,0.0,0.0,0.09074601126138121,287
117.48,0.09428846655275117,0.01951988872018933,0.0027338754739267613,0.0,0.0,0.09076096254116625,287
117.5,0.09430176031620903,0.01952207136263507,0.002734320452291957,0.0,0.0,0.09077556809867621,287
117.52,0.09431434453026862,0.019523969053771528,0.002734761350350715,0.0,0.0,0.09078981935688979,286
117.54,0.09432619997668736,0.019525584496532238,0.002735198172188522,0.0,0.0,0.090803709427844,286
117.56,0.09433730863987241,0.01952692043209605,0.002735639485005848,0.0,0.0,0.0908172331120199,286
117.58,0.09434765366724218,0.01952797963349578,0.0027361003891618065,0.0,0.0,0.09083038688037491,286
117.60000000000001,0.0943572193131636,0.01952876489937824,0.0027365571891209625,0.0,0.0,0.09084316884083703,286
117.62,0.09436690459003985,0.019530669336343825,0.0027370098889189206,0.0,0.0,0.09085557869132468,286
117.64,0.09437648151475218,0.019532379983325566,0.0027374584923355308,0.0,0.0,0.09086798816650214,286
117.66,0.09438671986283315,0.019533820052587365,0.002737903003719392,0.0,0.0,0.09088003947672567,286
117.68,0.09439765862821603,0.019535005639404305,0.0027383434280983192,0.0,0.0,0.09089172615811483,286
117.7,0.09440813278501278,0.019535943798291194,0.002738779769883332,0.0,0.0,0.09090305360941513,286
117.72,0.09441823542580048,0.019537402877569728,0.0027392120318373014,0.0,0.0,0.09091402846276983,286
117.74000000000001,0.09442766131175004,0.01953918176804603,0.0027396402180929636,0.0,0.0,0.09092465850431307,286
117.76,0.09443640459387717,0.019540701007225044,0.002740064332980017,0.0,0.0,0.09093509200496643,287
117.78,0.0944444876009663,0.019541963361805956,0.002740487732156982,0.0,0.0,0.09094550964342692,287
117.8,0.09445432886795513,0.01954297158101507,0.0027409370116771256,0.0,0.0,0.0909556114324509,287
117.82000000000001,0.09446423331611414,0.01954372839394448,0.0027413821870539957,0.0,0.0,0.0909654090517111,287
117.84,0.0944735718689871,0.01954423650766515,0.002741823263005943,0.0,0.0,0.09097491500380146,287
117.86,0.09448234826811969,0.01954449860562487,0.0027422602436430452,0.0,0.0,0.09098414256913023,287
117.88,0.09449056663022187,0.019544517346290584,0.0027426931328265155,0.0,0.0,0.09099310576865488,287
117.9,0.09449823140136633,0.01954429536199452,0.0027431219348623367,0.0,0.0,0.0910018193339408,287
117.92,0.09450644471844656,0.019543835257945227,0.0027435466540981137,0.0,0.0,0.0910102986835924,287
117.94,0.09451466852416766,0.01954313961136786,0.002743967294924875,0.0,0.0,0.09101855990474865,288
117.96000000000001,0.09452242780862298,0.019542210973678257,0.0027443838619795892,0.0,0.0,0.09102718230775318,288
117.98,0.09452973368781395,0.019541051861150946,0.002744796360031947,0.0,0.0,0.09103595351773375,288
118.0,0.09453658549425757,0.019539998888492685,0.002745204793127346,0.0,0.0,0.09104455759066786,288
118.02,0.09454298434283996,0.019542714483241113,0.0027456091658472777,0.0,0.0,0.09105301314393664,288
118.04,0.09454927957533438,0.01954673315924583,0.0027460094808788357,0.0,0.0,0.09106129101301483,288
118.06,0.09455631738580786,0.019551161955646403,0.0027464057441641747,0.0,0.0,0.09106944345037371,288
118.08,0.0945638281391493,0.01955532706717148,0.0027467979610673963,0.0,0.0,0.09107750667448758,288
118.10000000000001,0.09457186709745984,0.0195592301700235,0.0027471861363856137,0.0,0.0,0.09108582690245329,287
118.12,0.09457962887621688,0.019562872887054425,0.002747600290210737,0.0,0.0,0.09109422268822114,287
118.14,0.09458712719859998,0.019566256787385057,0.002748013487475205,0.0,0.0,0.09110259232356047,287
118.16,0.0945943758096227,0.019570618033364743,0.0027484471028790115,0.0,0.0,0.0911109577285515,287
118.18,0.09460138838554027,0.01957484005431645,0.0027488852498295377,0.0,0.0,0.09111934105507843,287
118.2,0.09460815692726948,0.019578804374827116,0.002749319302021128,0.0,0.0,0.09112774309986223,287
118.22,0.09461466947680015,0.019582512325312034,0.0027497492793294356,0.0,0.0,0.09113616102895553,287
118.24000000000001,0.09462165256524156,0.019585965178650442,0.002750175159716418,0.0,0.0,0.0911446638676185,287
118.26,0.09462933359354553,0.019589164168698825,0.002750596948940195,0.0,0.0,0.09115327375251879,288
118.28,0.09463690151207008,0.019593839895693986,0.0027510146516477466,0.0,0.0,0.09116201254883312,288
118.3,0.09464459953404082,0.01959893878429257,0.0027514604143434197,0.0,0.0,0.09117090173413281,288
118.32000000000001,0.0946532537508848,0.019603769387735975,0.002751903245164578,0.0,0.0,0.09118072893500995,288
118.34,0.09466187695686842,0.01961060045886157,0.0027523419606421042,0.0,0.0,0.09119088009125262,289
118.36,0.09467121884219952,0.01961727830197998,0.0027527765669374408,0.0,0.0,0.09120124141033831,289
118.38,0.09468088330059075,0.019623671139084406,0.002753219539575824,0.0,0.0,0.09121183162939936,289
118.4,0.09469058076063357,0.01962977919968715,0.002753674267488547,0.0,0.0,0.0912226685075522,289
118.42,0.09470031218600285,0.019636985598136807,0.0027541248555674417,0.0,0.0,0.09123406285198288,289
118.44,0.09471046913300495,0.0196444556505022,0.002754571308484265,0.0,0.0,0.09124583018683903,290
118.46000000000001,0.09472197927740247,0.019651632151005235,0.002755013633949652,0.0,0.0,0.09125788997925438,289
118.48,0.09473482887544597,0.01965852154043088,0.0027554518382496376,0.0,0.0,0.09127025505259057,289
118.5,0.09474813990669001,0.01966512307201936,0.0027558859277984024,0.0,0.0,0.09128293678542723,291
118.52,0.09476161797484207,0.019671424956516,0.0027563159091391993,0.0,0.0,0.09129594505056059,291
118.54,0.09477526598561596,0.019677426988271362,0.002756741788944115,0.0,0.0,0.09130960896090458,291
118.56,0.09478916742489467,0.019683128968191223,0.002757163574012456,0.0,0.0,0.09132375072076564,291
118.58,0.0948036456033986,0.01968853071153425,0.002757581271267721,0.0,0.0,0.09133845952623211,292
118.60000000000001,0.0948183014532346,0.019693632057358308,0.0027579948877529954,0.0,0.0,0.09135374507118632,292
118.62,0.09483313203808873,0.01969899587657212,0.00275840443062477,0.0,0.0,0.0913693816006329,292
118.64,0.09484811968785217,0.01970505389895401,0.0027588099077925517,0.0,0.0,0.09138536943568594,292
118.66,0.09486325652878472,0.01971080368001484,0.0027592113261633573,0.0,0.0,0.09140170733875103,292
118.68,0.094878672575374,0.019716330837683173,0.0027596086935886967,0.0,0.0,0.09141839255139568,292
118.7,0.09489715515720905,0.019723602737309463,0.002760002018555552,0.0,0.0,0.09143542084025062,292
118.72,0.09491635603863098,0.019730557124808274,0.0027604073207424962,0.0,0.0,0.09145274790712545,292
118.74000000000001,0.09493575232398764,0.0197371927865409,0.0027608259086521077,0.0,0.0,0.09147059281398992,291
118.76,0.09495535903291319,0.019744485245202646,0.002761240429996212,0.0,0.0,0.09148899619531399,291
118.78,0.09497555587620843,0.019751845126146344,0.0027616508924048545,0.0,0.0,0.09150771159139189,291
118.8,0.09499605480529338,0.01975890206208488,0.002762057303509422,0.0,0.0,0.09152672831978537,291
118.82000000000001,0.09501671987685967,0.01976564440595261,0.0027624596720675514,0.0,0.0,0.09154603463921897,291
118.84,0.0950375341756686,0.019772066199096345,0.0027628580049245534,0.0,0.0,0.0915656178431881,291
118.86,0.09505847977897455,0.019778168004810262,0.0027632523111268377,0.0,0.0,0.09158546436126952,291
118.88,0.09507953952007618,0.019783950475455732,0.002763642596473332,0.0,0.0,0.09160555986804265,291
118.9,0.09510071257350068,0.019789414354332423,0.002764028868201031,0.0,0.0,0.09162588939912289,290
118.92,0.09512197646726625,0.019794576965460966,0.0027644111345493227,0.0,0.0,0.09164643747333363,290
118.94,0.09514371264932543,0.01979943126432623,0.002764817367780815,0.0,0.0,0.09166718821953561,290
118.96000000000001,0.09516555435735848,0.019803969732377392,0.002765223970287213,0.0,0.0,0.09168812550617857,290
118.98,0.09518740444393799,0.019808193484818784,0.002765626546467356,0.0,0.0,0.09170923307123909,290
119.0,0.09520924107896812,0.01981210372908493,0.0027660251035868198,0.0,0.0,0.09173049464995182,290
119.02,0.09523104234619868,0.01981570176341564,0.0027664196486522647,0.0,0.0,0.09175232422813921,290
119.04,0.09525415970587515,0.019818988974879957,0.0027668101881159184,0.0,0.0,0.09177431023451477,290
119.06,0.0952775068337819,0.0198219668368732,0.0027671967282578407,0.0,0.0,0.09179640203938608,289
119.08,0.09530081897891124,0.019824636906122666,0.00276757927569493,0.0,0.0,0.09181858450765444,288
119.10000000000001,0.09532444895384551,0.01982700081924824,0.0027679578372339247,0.0,0.0,0.09184084301728922,288
119.12,0.09534871925781661,0.01982906028893352,0.0027683324187356413,0.0,0.0,0.09186316352417558,288
119.14,0.09537385517091301,0.019832805235937716,0.0027687030271779864,0.0,0.0,0.09188553261202001,288
119.16,0.09539891318795768,0.0198365656873982,0.0027690696693907064,0.0,0.0,0.09190793752762166,289
119.18,0.0954238774563315,0.019840008370342714,0.0027694323503746174,0.0,0.0,0.09193036620240078,289
119.2,0.09544873268935107,0.019843135123050276,0.0027697910760741138,0.0,0.0,0.09195280726156899,288
119.22,0.09547346416001945,0.01984606969682185,0.002770145852325374,0.0,0.0,0.09197562992820957,288
119.24000000000001,0.09549805768596381,0.01985103781924302,0.002770496684725626,0.0,0.0,0.09199851246437113,288
119.26,0.09552275642382106,0.019857054813949348,0.0027708435793541413,0.0,0.0,0.09202137679870029,288
119.28,0.09554752315679184,0.01986273677892994,0.002771186542635195,0.0,0.0,0.0920442142414438,288
119.3,0.09557211175075596,0.019868085476918994,0.00277152557996754,0.0,0.0,0.09206701672332628,288
119.32000000000001,0.09559650994425128,0.019873102719367975,0.002771860696310403,0.0,0.0,0.09208977677017681,288
119.34,0.09562070587902666,0.019877790363525098,0.002772191897244526,0.0,0.0,0.09211248747721354,288
119.36,0.09564468806804016,0.01988215030968259,0.002772519188623261,0.0,0.0,0.09213514248354733,288
119.38,0.09566844536345227,0.019886184498581365,0.002772842575895442,0.0,0.0,0.09215773594698552,288
119.4,0.09569196692423448,0.01988990416614161,0.0027731620642054648,0.0,0.0,0.09218026251877172,288
119.42,0.09571524218265022,0.01989331749392657,0.0027734776589373048,0.0,0.0,0.09220271731753185,288
119.44,0.09573826080859048,0.019896411077878835,0.002773789365425392,0.0,0.0,0.09222509590142476,288
119.46000000000001,0.09576101267062634,0.019899186997312322,0.002774097189403574,0.0,0.0,0.0922473942373709,288
119.48,0.09578404885127814,0.019901647360956575,0.002774401136300407,0.0,0.0,0.09226960866625471,288
119.5,0.0958072181937094,0.01990379430509438,0.0027747012114944557,0.0,0.0,0.09229173586314436,288
119.52,0.0958300897579759,0.019905802870121662,0.002774997419455339,0.0,0.0,0.09231418551104574,288
119.54,0.09585265371799791,0.019908725355313694,0.0027752897650611327,0.0,0.0,0.09233681321067388,288
119.56,0.09587490017127623,0.01991134079843076,0.0027755843840224807,0.0,0.0,0.0923595614230396,288
119.58,0.09589681906613966,0.019913647933763427,0.0027759326220368288,0.0,0.0,0.09238221030529148,289
119.60000000000001,0.09591840012451248,0.0199156489955257,0.0027762769213061133,0.0,0.0,0.09240475740974717,289
119.62,0.09594005937795841,0.019917346237287203,0.0027766464587073397,0.0,0.0,0.09242720027185032,289
119.64,0.09596142894948562,0.019918741931201047,0.002777015721039777,0.0,0.0,0.09244953634032729,289
119.66,0.09598310924537574,0.01991983836741888,0.0027773810143011655,0.0,0.0,0.09247175738060676,289
119.68,0.09600528941175288,0.019920637852362207,0.0027777423477442233,0.0,0.0,0.0924942257904204,289
119.7,0.09602702701826839,0.019921203301445634,0.00277809971434287,0.0,0.0,0.0925165150911717,289
119.72,0.09604970055659137,0.01992333604624912,0.0027784617418178674,0.0,0.0,0.09253867097734451,289
119.74000000000001,0.09607341526129774,0.01992517173366004,0.0027788399769800415,0.0,0.0,0.09256070322561778,289
119.76,0.09609687825007772,0.019926700139554387,0.002779214213554502,0.0,0.0,0.09258260747218332,289
119.78,0.09612047922654673,0.019929123044467596,0.0027795844570468525,0.0,0.0,0.09260437889894664,289
119.8,0.09614375912982942,0.019931737409933342,0.002779950710515177,0.0,0.0,0.09262612948365805,290
119.82000000000001,0.0961667060291898,0.019934038918979245,0.002780312977312387,0.0,0.0,0.09264806961442802,291
119.84,0.09618930731200204,0.01993603043236138,0.0027806712615710623,0.0,0.0,0.09266985905605278,292
119.86,0.09621154969500809,0.01993771482930837,0.0027810255672546355,0.0,0.0,0.09269149111848407,292
119.88,0.09623341924812404,0.019939095007281016,0.0027813758978498127,0.0,0.0,0.09271295869218747,292
119.9,0.09625492114254186,0.01994018293847587,0.0027817222571708783,0.0,0.0,0.09273425429330831,292
119.92,0.09627649144655823,0.01994099687124591,0.002782064649019266,0.0,0.0,0.09275537012150081,291
119.94,0.09629764299774345,0.01994153100782158,0.002782403077189716,0.0,0.0,0.09277629812983691,292
119.96000000000001,0.09631835976095951,0.019941772638855375,0.002782737545739147,0.0,0.0,0.09279703010586715,292
119.98,0.09633862535004865,0.019941724747900298,0.002783068058749215,0.0,0.0,0.09281755776251491,292
120.0,0.09635842311545895,0.01994139033392953,0.00278339461948596,0.0,0.0,0.0928378728371024,292
120.02,0.0963777362373382,0.019940772410352182,0.002783717233157516,0.0,0.0,0.09285796719644286,292
120.04,0.09639654782168516,0.019939874003819413,0.0027840359027551,0.0,0.0,0.0928778329456157,292
120.06,0.09641484099691809,0.019938698152810158,0.002784350631623976,0.0,0.0,0.09289746253781135,292
120.08,0.09643260926746494,0.019937247905993195,0.002784661423662155,0.0,0.0,0.09291684888249972,293
120.10000000000001,0.09644983933185512,0.01993552632037021,0.0027849682827991358,0.0,0.0,0.09293598544915943,293
120.12,0.09646650160569831,0.019933536459212406,0.0027852712129987165,0.0,0.0,0.09295486636390289,293
120.14,0.09648259530869781,0.019931300877125278,0.002785570218261365,0.0,0.0,0.09297348649655501,294
120.16,0.09649809813334481,0.019928808481277437,0.002785867449512435,0.0,0.0,0.0929918415360537,294
120.18,0.0965137901928543,0.019926074387507733,0.0027861912228336347,0.0,0.0,0.09300992805244732,294
120.2,0.09652953090078194,0.019923091485952192,0.002786526333610424,0.0,0.0,0.09302774354422698,294
120.22,0.09654468285893794,0.019919855584633068,0.0027868858058720065,0.0,0.0,0.09304528647023486,294
120.24000000000001,0.09655923451167507,0.019917556193176075,0.0027872572673632756,0.0,0.0,0.09306291663721342,295
120.26,0.09657317486641306,0.019915903326070374,0.002787624684080456,0.0,0.0,0.09308066825553832,296
120.28,0.09658784167058775,0.019913997555460992,0.0027879880601031463,0.0,0.0,0.09309832982634796,296
120.3,0.09660211081486093,0.019911841754245284,0.0027883766903835224,0.0,0.0,0.09311572115869737,296
120.32000000000001,0.09661577128801213,0.019909438773221984,0.0027887651456342056,0.0,0.0,0.09313284546396876,296
120.34,0.09662958375874454,0.019906791438726795,0.002789149527614621,0.0,0.0,0.09314970680263145,296
120.36,0.09664345127314257,0.019903902551062457,0.002789529839104067,0.0,0.0,0.09316627622756987,295
120.38,0.09665772973864276,0.01990077487727774,0.002789914602578085,0.0,0.0,0.09318256172598643,295
120.4,0.09667273832725641,0.019897411149632373,0.0027903201763482956,0.0,0.0,0.0931986009801345,295
120.42,0.09668832626299018,0.01989460424476786,0.002790721649285882,0.0,0.0,0.09321440084718415,294
120.44,0.09670343063745573,0.01989519150792142,0.0027911190256567748,0.0,0.0,0.09322996872687908,294
120.46000000000001,0.09671805047814594,0.01989787670661875,0.0027915123105707942,0.0,0.0,0.09324531250470162,295
120.48,0.09673247485394762,0.019901206547085135,0.0027919128015172407,0.0,0.0,0.09326044050157888,294
120.5,0.09674799124126698,0.01990427867926443,0.0027923303603492773,0.0,0.0,0.09327574212058544,294
120.52,0.09676374071246015,0.019907095254961236,0.002792748109995781,0.0,0.0,0.09329091960934893,294
120.54,0.0967790604207612,0.019909658345701044,0.0027931769072671994,0.0,0.0,0.09330588015929064,293
120.56,0.09679398638291521,0.01991258224023796,0.0027936015662175,0.0,0.0,0.09332066123069507,293
120.58,0.09680852106806748,0.019916864138751433,0.0027940220914020623,0.0,0.0,0.09333527287630146,293
120.60000000000001,0.09682266699527318,0.01992088210015952,0.00279443848679721,0.0,0.0,0.09334972547044446,293
120.62,0.09683755740272065,0.01992463801290882,0.002794850756807156,0.0,0.0,0.09336402971894898,294
120.64,0.0968523798680365,0.01992813370526696,0.002795258905872033,0.0,0.0,0.09337819667373091,294
120.66,0.09686687627416127,0.01993137095188968,0.002795662938574565,0.0,0.0,0.09339223775006726,295
120.68,0.09688139979353014,0.019934351469939906,0.002796062860353703,0.0,0.0,0.09340616474442032,295
120.7,0.09689619599810302,0.019937076918298265,0.002796458674898355,0.0,0.0,0.09341998985076433,295
120.72,0.09691071953568148,0.01994034097017374,0.0027968503866098934,0.0,0.0,0.09343372567353564,295
120.74000000000001,0.09692493421051167,0.019944723202099748,0.0027972381638380847,0.0,0.0,0.09344738523560821,295
120.76,0.09693886572279893,0.019948832747300287,0.0027976221999121485,0.0,0.0,0.09346098198003552,294
120.78,0.09695243549726491,0.01995267002728685,0.0027980133966452967,0.0,0.0,0.09347444270060223,293
120.8,0.09696613561480898,0.019956236340753268,0.0027984006948334394,0.0,0.0,0.09348786718262349,293
120.82000000000001,0.09698122287462706,0.01995953299844545,0.002798812378938077,0.0,0.0,0.0935016088835821,293
120.84,0.09699674648522397,0.019962561270735524,0.002799248339131459,0.0,0.0,0.09351545846671962,293
120.86,0.09701209642428253,0.01996622333789783,0.0027996877881638137,0.0,0.0,0.09352931778868465,293
120.88,0.09702728202871719,0.0199702991806182,0.0028001280771992446,0.0,0.0,0.09354320243239621,290
120.9,0.09704232850510817,0.019974119098729048,0.0028005924223476857,0.0,0.0,0.0935571906322664,290
120.92,0.09705719661204103,0.019977666688584427,0.0028010525588982307,0.0,0.0,0.0935715607969489,290
120.94,0.09707210649916785,0.019980943052754788,0.002801527560004687,0.0,0.0,0.09358600359213609,291
120.96000000000001,0.09708786165717002,0.01998439804636436,0.0028020448032929956,0.0,0.0,0.09360088190797124,291
120.98,0.09710471827380365,0.01998969505183146,0.002802557806252896,0.0,0.0,0.09361596858509201,292
121.0,0.09712165169936064,0.019995709430865413,0.002803066539652551,0.0,0.0,0.09363117550349084,291
121.02,0.09713854462791228,0.02000205689587511,0.0028035710084207657,0.0,0.0,0.09364651844796894,291
121.04,0.09715543870442103,0.02000959589382608,0.002804071217582042,0.0,0.0,0.09366201292463654,291
121.06,0.09717231800947343,0.020016843854894235,0.0028045671722312844,0.0,0.0,0.09367767407023635,292
121.08,0.09718918649260012,0.020023801240829413,0.002805058877101608,0.0,0.0,0.0936935165577375,292
121.10000000000001,0.09720604054275585,0.020030468463572242,0.0028055463370161827,0.0,0.0,0.09370955449883274,292
121.12,0.09722288654496596,0.020036845888977563,0.0028060295563691632,0.0,0.0,0.09372580134417371,292
121.14,0.09723972987600563,0.020042933841544087,0.0028065085400733945,0.0,0.0,0.09374226978240151,292
121.16,0.0972565720096835,0.02004873260233713,0.002806983350811855,0.0,0.0,0.09375920645679578,292
121.18,0.0972733568818846,0.020054242418796154,0.002807455406500659,0.0,0.0,0.09377652721333127,292
121.2,0.09729016284004453,0.020059463468553997,0.002807923243101276,0.0,0.0,0.09379410153352019,292
121.22,0.09730697556917696,0.02006439595220417,0.0028083868655907574,0.0,0.0,0.0938119380748218,293
121.24000000000001,0.09732379377880568,0.020069040049230217,0.0028088462789633635,0.0,0.0,0.09383004426318303,293
121.26,0.09734061825113818,0.020073395929646246,0.0028093287382405818,0.0,0.0,0.09384842621977164,293
121.28,0.09735746327958444,0.020077463760779332,0.0028098112528350057,0.0,0.0,0.09386708869970373,293
121.3,0.09737427077773533,0.020081243713439802,0.00281030540413327,0.0,0.0,0.09388600575189854,293
121.32000000000001,0.09739102656303927,0.020084735962865485,0.002810812277625166,0.0,0.0,0.09390517328276203,294
121.34,0.09740771004258074,0.020087940701345636,0.0028113150139781025,0.0,0.0,0.09392458103335646,294
121.36,0.09742536700282531,0.0200908581321742,0.002811844594274437,0.0,0.0,0.09394424853281488,294
121.38,0.09744375325013885,0.0200934884990505,0.0028123721709339493,0.0,0.0,0.09396426313688717,294
121.4,0.0974624778781397,0.02009583205263541,0.0028128954499194053,0.0,0.0,0.093984739998733,294
121.42,0.0974818002793856,0.02009788911270298,0.0028133991517950868,0.0,0.0,0.09400544715058305,294
121.44,0.09750109911130772,0.020099660038532308,0.0028138947867503016,0.0,0.0,0.09402641052113511,294
121.46000000000001,0.09752036936523316,0.020101149199225985,0.002814386188523861,0.0,0.0,0.09404763336013076,294
121.48,0.09753959233113829,0.02010237391084095,0.0028148733617967677,0.0,0.0,0.09406910710338223,294
121.5,0.09755951750662643,0.020103313969610702,0.00281536625161573,0.0,0.0,0.09409082226050565,294
121.52,0.09758058916055808,0.020103970010631852,0.0028158740481246357,0.0,0.0,0.09411276853386678,294
121.54,0.0976015709105707,0.02010434273859867,0.0028163817482963877,0.0,0.0,0.09413489787339309,294
121.56,0.09762236645325902,0.020105355425026627,0.0028168953476833815,0.0,0.0,0.09415711785607501,294
121.58,0.09764453411339298,0.020106593442733692,0.0028174046473330295,0.0,0.0,0.09417953456641735,294
121.60000000000001,0.0976667938972691,0.02010754646404339,0.0028179096522587075,0.0,0.0,0.09420213564555846,294
121.62,0.09769038132486701,0.02010823970589918,0.0028184103677267166,0.0,0.0,0.09422490848082435,294
121.64,0.09771416042404649,0.020108650851380527,0.0028189067982055814,0.0,0.0,0.09424784029098424,294
121.66,0.09773788215435993,0.020108780145915075,0.0028193989486460765,0.0,0.0,0.09427091820015168,294
121.68,0.09776152668676125,0.020108628791957187,0.0028198868242109818,0.0,0.0,0.094294550700362,294
121.7,0.09778507395622449,0.020108198061336676,0.0028203704302249386,0.0,0.0,0.09431833116562792,294
121.72,0.09780864540405479,0.020107489295656405,0.002820849771045518,0.0,0.0,0.09434221853965093,294
121.74000000000001,0.09783246074567957,0.020106503905293695,0.002821324851617539,0.0,0.0,0.09436620009948887,294
121.76,0.09785614022410777,0.020105243367784447,0.0028217956768845456,0.0,0.0,0.09439026325442557,295
121.78,0.0978796398335745,0.020104446981258614,0.00282229025800615,0.0,0.0,0.09441439557567796,295
121.8,0.09790293869290545,0.020104676778225826,0.0028227841902281293,0.0,0.0,0.09443867177266803,294
121.82000000000001,0.09792601581074248,0.02010462508271194,0.0028232738447143495,0.0,0.0,0.09446335571693715,294
121.84,0.09794885010791672,0.020104293429416532,0.0028237592254444937,0.0,0.0,0.09448807225752894,294
121.86,0.09797142044549126,0.02010368341000943,0.002824240337989302,0.0,0.0,0.09451280995229536,295
121.88,0.09799398559941096,0.020102796670865782,0.0028247171864805554,0.0,0.0,0.09453755771724136,295
121.9,0.09801712971137216,0.020101636625791886,0.0028251948541321457,0.0,0.0,0.09456230488536252,294
121.92,0.0980413709656108,0.02010022657874785,0.0028256960538971033,0.0,0.0,0.09458704127234634,294
121.94,0.09806530183720309,0.02009854504180812,0.0028261954994022753,0.0,0.0,0.09461170143111894,294
121.96000000000001,0.09808922337188422,0.020096593865027632,0.0028266915185613394,0.0,0.0,0.09463631320546466,294
121.98,0.09811352387122974,0.02009552122448676,0.00282718324987662,0.0,0.0,0.09466088732844713,294
122.0,0.09813810238943355,0.020097539113900456,0.002827670698141279,0.0,0.0,0.09468542798489887,294
122.02,0.09816238859013691,0.020099282198505052,0.002828153868149568,0.0,0.0,0.09471035703396363,294
122.04,0.09818636793019207,0.020100735388967977,0.002828632764697428,0.0,0.0,0.09473522789294707,294
122.06,0.0982112305255677,0.020101900235769656,0.0028291073925831517,0.0,0.0,0.09476003574570743,294
122.08,0.09823661687038983,0.020102778311952514,0.0028295777560811953,0.0,0.0,0.09478476081091233,294
122.10000000000001,0.09826173094339911,0.020103371203580293,0.002830043858817678,0.0,0.0,0.09480936502598464,294
122.12,0.09828673733295613,0.020105389910140523,0.0028305057072450877,0.0,0.0,0.09483389779116787,294
122.14,0.09831200106098471,0.020107790386214526,0.0028309633061782656,0.0,0.0,0.09485835826003335,294
122.16,0.09833821643429452,0.020109892050664078,0.0028314166612102665,0.0,0.0,0.09488274652622315,295
122.18,0.09836536389797484,0.020111696172851027,0.0028318657773762227,0.0,0.0,0.09490705940866281,295
122.2,0.09839263526421607,0.0201132040217134,0.002832338875184338,0.0,0.0,0.09493124106215754,294
122.22,0.09841969838542522,0.020114416851872124,0.002832845294963357,0.0,0.0,0.09495535579937663,294
122.24000000000001,0.09844655131069933,0.020115335930763707,0.002833347400496693,0.0,0.0,0.0949794067312211,294
122.26,0.09847319240386773,0.020115962523824235,0.0028338451959613632,0.0,0.0,0.09500339747076762,294
122.28,0.09849962021897511,0.020116297894707685,0.0028343386864695774,0.0,0.0,0.0950273320166996,293
122.3,0.09852583337389027,0.020116343306087654,0.0028348278764264304,0.0,0.0,0.09505121463522825,293
122.32000000000001,0.09855201539677598,0.020116100021046884,0.0028353127713417804,0.0,0.0,0.09507504974434808,293
122.34,0.0985782856460736,0.020115569305040524,0.002835793375199734,0.0,0.0,0.09509884180419756,293
122.36,0.0986043355825035,0.020114752428399805,0.0028362696928125905,0.0,0.0,0.09512259521705213,294
122.38,0.09863016290966631,0.020113650669323437,0.002836741729011991,0.0,0.0,0.09514631424011308,294
122.4,0.09865576486318753,0.02011226531728601,0.0028372094886501796,0.0,0.0,0.09517000291373445,293
122.42,0.09868174575411104,0.020112184486798308,0.0028376729766012437,0.0,0.0,0.09519366500709166,293
122.44,0.09870842369497215,0.020112588075576393,0.0028381321980165373,0.0,0.0,0.09521730398253583,293
122.46000000000001,0.09873635266057515,0.020112693227183367,0.002838587157876735,0.0,0.0,0.09524092297902753,294
122.48,0.09876493252322216,0.020114185963228254,0.002839037860817481,0.0,0.0,0.09526452481413875,294
122.5,0.09879361224124807,0.020115421846986125,0.0028395089493106324,0.0,0.0,0.09528856115764073,294
122.52,0.09882223169697711,0.020116347469820585,0.0028399828790742097,0.0,0.0,0.09531270245890108,294
122.54,0.09885119606359541,0.020118553077911966,0.0028404525277770545,0.0,0.0,0.09533717122034638,294
122.56,0.09888003868819732,0.02012097261063874,0.002840917899697788,0.0,0.0,0.09536204546550668,294
122.58,0.09890870119883374,0.020123091414586073,0.002841379355256422,0.0,0.0,0.09538685054108763,294
122.60000000000001,0.09893723108899931,0.020124923033403644,0.002841836993859062,0.0,0.0,0.09541160909656357,294
122.62,0.0989656496018822,0.020127802833000412,0.0028422903733188887,0.0,0.0,0.09543636260337938,295
122.64,0.09899395457392839,0.020130957169028414,0.0028427394996922576,0.0,0.0,0.09546153822799291,295
122.66,0.09902214377515856,0.02013378427680306,0.0028431843769529974,0.0,0.0,0.0954867884883398,296
122.68,0.09905023370634529,0.020136285521418103,0.002843625010142272,0.0,0.0,0.09551243966702465,297
122.7,0.09907820980140374,0.02013846230632979,0.0028440614045166044,0.0,0.0,0.09553809195206245,297
122.72,0.09910604912251061,0.020140316072123812,0.002844493564491787,0.0,0.0,0.09556372942048377,298
122.74000000000001,0.09913373599488144,0.020142427259155302,0.002844921493940884,0.0,0.0,0.09558932469436644,298
122.76,0.09916129492718853,0.02014558655511342,0.002845345200759174,0.0,0.0,0.0956149270107347,298
122.78,0.09918872279138059,0.02014840630136014,0.002845764690905757,0.0,0.0,0.09564053816616226,298
122.8,0.09921602820749569,0.020151365060760706,0.0028461799693610007,0.0,0.0,0.09566615972801426,298
122.82000000000001,0.09924339744066354,0.020156446365989674,0.0028465910414328674,0.0,0.0,0.09569179293039543,299
122.84,0.09927094916444995,0.02016196806251779,0.002847011836656184,0.0,0.0,0.09571743856266536,298
122.86,0.0992983517954434,0.02016731885040094,0.0028474476822378304,0.0,0.0,0.09574309685447296,298
122.88,0.0993255990210065,0.020173656949563756,0.00284787929274186,0.0,0.0,0.0957687673614147,298
122.9,0.09935268353137476,0.020179640147107852,0.0028483066739153286,0.0,0.0,0.09579444885540642,299
122.92,0.09937959690964528,0.020185264272280595,0.00284876266285603,0.0,0.0,0.09582013922368655,299
122.94,0.09940634735012363,0.0201905310376495,0.002849214529231296,0.0,0.0,0.09584628369847258,299
122.96000000000001,0.09943339291226712,0.020195442249080178,0.002849662138162489,0.0,0.0,0.09587288493270349,299
122.98,0.0994602472968021,0.020200084712657135,0.0028501054956569004,0.0,0.0,0.0958994814337916,299
123.0,0.0994868836162552,0.02020619398277691,0.0028505446078104252,0.0,0.0,0.09592606682815905,299
123.02,0.09951329625824042,0.02021193853904322,0.0028509794808106487,0.0,0.0,0.09595263358890063,299
123.04,0.09953952405603837,0.02021732004564051,0.002851410120939401,0.0,0.0,0.09597917304207466,299
123.06,0.09956696885188557,0.020222340221531358,0.00285183653457464,0.0,0.0,0.09600567539389404,299
123.08,0.09959419087411002,0.020227000843374275,0.0028522587287970686,0.0,0.0,0.09603212977775656,299
123.10000000000001,0.09962120270755755,0.020231303748245204,0.002852696667239072,0.0,0.0,0.09605852414548202,300
123.12,0.0996478948588721,0.02023525083603928,0.0028531388373139286,0.0,0.0,0.09608477968896958,301
123.14,0.0996743021594545,0.02023884404805507,0.002853576759732184,0.0,0.0,0.09611094899284277,301
123.16,0.09970040303982032,0.020242085418752127,0.002854010441324109,0.0,0.0,0.09613701769734857,302
123.18,0.0997264474213461,0.020244977046105533,0.00285443988900448,0.0,0.0,0.09616305481921056,302
123.2,0.09975239502488363,0.020247708568234945,0.0028548651097659475,0.0,0.0,0.09618933254558776,302
123.22,0.09977911904778329,0.02025150669881279,0.002855286110671015,0.0,0.0,0.0962154627992731,302
123.24000000000001,0.0998061514120122,0.0202549729954527,0.0028557028988426382,0.0,0.0,0.09624142947441097,301
123.26,0.09983392300907037,0.020258088756144634,0.0028561154814536385,0.0,0.0,0.09626721632581228,302
123.28,0.09986135718096584,0.02026085916941827,0.002856523865715047,0.0,0.0,0.09629280708421113,302
123.3,0.09988840074483683,0.020263330195155787,0.00285692805705684,0.0,0.0,0.09631851298496237,301
123.32000000000001,0.09991502913187442,0.02026660027109224,0.002857328062203555,0.0,0.0,0.09634405553402228,301
123.34,0.09994125656999922,0.020270472366903422,0.0028577238906281575,0.0,0.0,0.09636935358870566,301
123.36,0.09996706215787642,0.020273996298763777,0.0028581155498875912,0.0,0.0,0.09639439185977022,301
123.38000000000001,0.0999925298108649,0.0202771748154603,0.0028585030470143825,0.0,0.0,0.09641915555254296,301
123.4,0.100018663202466,0.02028001072571279,0.0028588863890278158,0.0,0.0,0.09644363045970056,301
123.42,0.10004435876947608,0.02028415672863603,0.002859291157810063,0.0,0.0,0.09646780305062978,301
123.44,0.1000696060706217,0.020288557294737206,0.0028596980633270363,0.0,0.0,0.09649166055704145,301
123.46000000000001,0.10009440034405952,0.0202926054665964,0.0028601007946486654,0.0,0.0,0.09651519105416233,300
123.48,0.10011865201933765,0.02029630418475583,0.0028604995044150127,0.0,0.0,0.0965386170068867,300
123.5,0.10014288168389915,0.02029965642390224,0.002860894096461111,0.0,0.0,0.09656210882956606,300
123.52,0.10016746050566581,0.020302688384664782,0.0028612845355895336,0.0,0.0,0.09658543214627176,300
123.54,0.1001915589965315,0.020305381630780828,0.0028616708295650045,0.0,0.0,0.09660838949350588,300
123.56,0.10021517488275737,0.020307737575515697,0.0028620529834728734,0.0,0.0,0.09663097414206366,300
123.58,0.10023830618089569,0.02030975935481464,0.0028624310039911875,0.0,0.0,0.09665318052785134,300
123.60000000000001,0.10026092825049997,0.02031145012798283,0.002862804897427459,0.0,0.0,0.09667500426395496,301
123.62,0.10028303596629028,0.020312813084652923,0.0028631746699553083,0.0,0.0,0.09669644213779086,301
123.64,0.10030464520121711,0.020313851405789795,0.0028635637156397887,0.0,0.0,0.09671749209300727,301
123.66,0.10032606024973757,0.02031456829319387,0.002863958296666414,0.0,0.0,0.09673815319628673,301
123.68,0.1003474217676075,0.020314966952408163,0.002864348728502086,0.0,0.0,0.09675842558967565,301
123.7,0.1003698093007376,0.02031505058766953,0.002864735016505748,0.0,0.0,0.09677831042950683,300
123.72,0.1003917478877362,0.02031482239733671,0.0028651171663819637,0.0,0.0,0.09679780981337215,300
123.74000000000001,0.10041317098414829,0.020314285569884634,0.002865495183768528,0.0,0.0,0.09681758784793217,300
123.76,0.10043407768888214,0.02031344327647177,0.0028658690742417435,0.0,0.0,0.09683724450486454,301
123.78,0.10045462887371316,0.020312298669600583,0.00286623884332167,0.0,0.0,0.0968565256022521,302
123.8,0.10047499480764899,0.020310854879529945,0.0028666044964772664,0.0,0.0,0.09687543609969497,302
123.82000000000001,0.10049596885950168,0.020309128822666212,0.002866966039358757,0.0,0.0,0.09689398142138704,302
123.84,0.10051683928922182,0.020307120929888914,0.002867323477329165,0.0,0.0,0.09691216735318704,302
123.86,0.1005372262544671,0.02030482305360908,0.002867676815524399,0.0,0.0,0.09692999994175439,302
123.88000000000001,0.1005571314968475,0.020302238205227165,0.0028680260592560307,0.0,0.0,0.09694748539735831,302
123.9,0.1005765700283729,0.020299369361699467,0.002868371213806663,0.0,0.0,0.09696463000169549,302
123.92,0.10059554246765869,0.02029621946456729,0.002868712284433502,0.0,0.0,0.09698144002177264,302
123.94,0.10061403783840242,0.020292791419441254,0.0028690492763715834,0.0,0.0,0.09699792163062654,302
123.96000000000001,0.10063205710116874,0.020289088095930496,0.002869382194836728,0.0,0.0,0.09701408083538171,302
123.98,0.10064960082893065,0.020285121459204476,0.0028697110450282047,0.0,0.0,0.09702992341290739,302
124.0,0.10066666914478253,0.02028090096281637,0.0028700358321311265,0.0,0.0,0.09704545485313393,302
124.02,0.10068326166694068,0.02027641356415379,0.00287035656154256,0.0,0.0,0.0970606803099464,302
124.04,0.10069937746083786,0.020271661996452507,0.002870673238408051,0.0,0.0,0.0970756045594759,303
124.06,0.1007150149980814,0.020266648962618445,0.0028709858676761904,0.0,0.0,0.0970902319655738,303
124.08,0.10073063311717716,0.020263252003241493,0.002871298413682907,0.0,0.0,0.09710456645225861,303
124.10000000000001,0.10074598717709544,0.020259875228498918,0.002871664839328523,0.0,0.0,0.09711861148295578,303
124.12,0.10076117096898646,0.020256221880728786,0.002872030992571114,0.0,0.0,0.0971323700464002,303
124.14,0.10077587571838174,0.020252294472985793,0.002872393027930058,0.0,0.0,0.09714584464910278,303
124.16,0.10079104468570907,0.02024809552761543,0.0028727509504152355,0.0,0.0,0.0971590373142942,303
124.18,0.10080588768631993,0.020243627577887963,0.0028731047650363316,0.0,0.0,0.0971719495872284,303
124.2,0.10082026093111814,0.020239955528103905,0.0028734544780781835,0.0,0.0,0.09718458254665964,304
124.22,0.1008341828817853,0.02023639134708363,0.002873800093643668,0.0,0.0,0.09719735596453807,304
124.24000000000001,0.10084762442742022,0.02023339981830099,0.0028741416168831966,0.0,0.0,0.0972098850138911,305
124.26,0.10086057783064686,0.02023063033677872,0.002874479052506982,0.0,0.0,0.0972227389591676,305
124.28,0.10087303572187419,0.020227596749099633,0.0028748124056970537,0.0,0.0,0.09723561478052599,305
124.3,0.10088500030717175,0.0202243016573698,0.0028751416811739535,0.0,0.0,0.09724820873934042,305
124.32000000000001,0.10089646820673621,0.020221436550536976,0.0028754668838973734,0.0,0.0,0.09726051965346119,306
124.34,0.10090741545924721,0.02021895183114186,0.0028758084442063432,0.0,0.0,0.09727277762964451,306
124.36,0.10091783268064539,0.020216210478388508,0.0028761797294928394,0.0,0.0,0.09728541025176038,306
124.38000000000001,0.10092791974822064,0.020213215800525614,0.0028765542918738007,0.0,0.0,0.097298243836657,307
124.4,0.10093774056686122,0.0202099698524184,0.002876924705576198,0.0,0.0,0.09731078584078562,307
124.42,0.10094700017054738,0.020206492819700602,0.002877290975912482,0.0,0.0,0.09732303430422895,308
124.44,0.10095568774425148,0.02020277730397676,0.002877682653860505,0.0,0.0,0.0973349872651102,308
124.46000000000001,0.10096379222355568,0.020198818649312413,0.0028780931215480624,0.0,0.0,0.09734664281821585,308
124.48,0.10097130234402038,0.020194644404438567,0.0028785435105675126,0.0,0.0,0.09735799917739417,308
124.5,0.10097820669375233,0.020190232914999665,0.0028789896368025553,0.0,0.0,0.09736905474174798,308
124.52,0.10098472941101845,0.020185586548058895,0.0028794413597715137,0.0,0.0,0.097379808165318,309
124.54,0.10099231329339985,0.020180708082807856,0.002879910964453891,0.0,0.0,0.09739025842956095,309
124.56,0.10099931134292983,0.020175860579526996,0.0028803762789831925,0.0,0.0,0.09740040491751772,309
124.58,0.10100571423872753,0.020171856156442285,0.0028808373088308075,0.0,0.0,0.09741024748817727,309
124.60000000000001,0.10101150352345367,0.0201676248742881,0.0028812940636477437,0.0,0.0,0.09741977718497004,309
124.62,0.10101661973636507,0.020163169493529164,0.0028817465777173576,0.0,0.0,0.09742894439218841,309
124.64,0.10102157447156992,0.020158492757252476,0.0028821948204304304,0.0,0.0,0.09743781087347793,309
124.66,0.10102598712540103,0.02015360247141035,0.002882638795967167,0.0,0.0,0.09744636934367266,309
124.68,0.10103007086984032,0.02014853885320232,0.002883078503471892,0.0,0.0,0.09745451163791055,310
124.7,0.1010335348012183,0.02014326376465092,0.0028835139538912467,0.0,0.0,0.09746236297108617,311
124.72,0.10103634629833493,0.02013777816680237,0.002883945151995599,0.0,0.0,0.09747007791316634,311
124.74000000000001,0.10103849894459967,0.0201320847502494,0.002884372102063174,0.0,0.0,0.09747781475546839,311
124.76,0.10103998671598863,0.020126186184506647,0.0028848054341372525,0.0,0.0,0.09748527722644672,311
124.78,0.10104128797003765,0.02012008511569517,0.002885285113332075,0.0,0.0,0.0974924727080777,311
124.8,0.1010436393957096,0.02011378416439058,0.0028857722017460673,0.0,0.0,0.09749940936760387,311
124.82000000000001,0.1010459592648871,0.020107285923658253,0.002886277794156203,0.0,0.0,0.09750609611182035,311
124.84,0.10104769949883552,0.020100592957296198,0.0028867790195692476,0.0,0.0,0.09751254253049402,310
124.86,0.10104997947735604,0.02009370779853506,0.0028872758825730714,0.0,0.0,0.09751875883065965,310
124.88000000000001,0.1010518627483357,0.02008792042980537,0.0028877683833605865,0.0,0.0,0.09752465578904504,310
124.9,0.10105344397365314,0.020082173410462874,0.002888256529357941,0.0,0.0,0.09753057364003803,310
124.92,0.1010547292097857,0.02007623483202909,0.0028887403266743866,0.0,0.0,0.09753652295324418,310
124.94,0.10105664152536001,0.02007010711643126,0.0028892197804542825,0.0,0.0,0.09754228704844121,310
124.96000000000001,0.10105825168515886,0.0200665062560403,0.002889722695774076,0.0,0.0,0.09754787806419635,309
124.98,0.10106028496411906,0.020065153486016483,0.0028902264687303593,0.0,0.0,0.09755330829238143,308
125.0,0.10106355440939817,0.020065261447132058,0.00289072586691371,0.0,0.0,0.09755859011032428,308
125.02,0.10106660539169417,0.020065948078023105,0.0028912213608491165,0.0,0.0,0.09756373592091551,308
125.04,0.10106949597164347,0.020066416356077504,0.002891744468234461,0.0,0.0,0.09756875810198293,308
125.06,0.10107278474707132,0.020066668158151557,0.002892263167387115,0.0,0.0,0.0975736689658267,307
125.08,0.10107660003331503,0.02006670531492426,0.002892777462966205,0.0,0.0,0.09757848072935642,307
125.10000000000001,0.10108003699773661,0.020066529609872253,0.002893306074469051,0.0,0.0,0.09758316356020609,308
125.12,0.10108312202170276,0.020066156967292418,0.002893827912291456,0.0,0.0,0.0975880078050206,308
125.14,0.10108588735663077,0.02006786766123172,0.0028943453316174084,0.0,0.0,0.09759309166260957,307
125.16,0.10108833628006063,0.020071171067449812,0.002894858338024863,0.0,0.0,0.09759850763962999,307
125.18,0.1010904716739377,0.020074249347323474,0.002895366935220055,0.0,0.0,0.09760388262065388,306
125.2,0.10109229603251388,0.020077103751106135,0.0028958711279287786,0.0,0.0,0.09760922816701154,306
125.22,0.10109381147355168,0.020079759138018495,0.002896370921605377,0.0,0.0,0.09761455578534302,306
125.24000000000001,0.10109501975139251,0.020082194554627425,0.0028968663204108703,0.0,0.0,0.0976198769546883,306
125.26,0.1010959222705751,0.020085194753850125,0.0028973573290610624,0.0,0.0,0.09762520315479667,307
125.28,0.10109652009886749,0.020088983345634425,0.0028978439523838044,0.0,0.0,0.0976305458945424,307
125.3,0.10109678603101298,0.020092536750217018,0.0028983261941411516,0.0,0.0,0.09763588881024356,306
125.32000000000001,0.1010975368235515,0.020095856116143545,0.0028988130925770243,0.0,0.0,0.09764116430823724,306
125.34,0.10109802776526662,0.02009894249422849,0.0028992980568343877,0.0,0.0,0.09764647239559927,306
125.36,0.10109857186072112,0.020101796920393454,0.0028997786335479424,0.0,0.0,0.09765184397060438,305
125.38000000000001,0.10110108967587422,0.020104420388302326,0.002900254827707202,0.0,0.0,0.09765729106228303,305
125.4,0.10110425379146093,0.020106813837775902,0.002900726644680527,0.0,0.0,0.09766302094931972,305
125.42,0.1011079313080198,0.020108978154865273,0.002901194089201508,0.0,0.0,0.09766910732042229,305
125.44,0.10111173746884204,0.020110914172061862,0.0029016571648629707,0.0,0.0,0.09767528614828963,305
125.46000000000001,0.1011153381121801,0.020112622663863395,0.002902115874677814,0.0,0.0,0.09768162500448149,304
125.48,0.10111878418209938,0.020114110901420432,0.0029025702271965824,0.0,0.0,0.09768865035642318,304
125.5,0.1011223087405117,0.020115392767629057,0.002903020227578972,0.0,0.0,0.09769609885789633,303
125.52,0.10112599874875472,0.02011644912369006,0.002903465881014103,0.0,0.0,0.09770371017748596,303
125.54,0.10113116069654336,0.020117504443251923,0.002903907192720693,0.0,0.0,0.09771149766307405,303
125.56,0.10113693578275042,0.020119454754409665,0.0029043441679471667,0.0,0.0,0.09771947476158607,303
125.58,0.10114358320287165,0.02012119232527462,0.002904776811971712,0.0,0.0,0.09772765498071435,303
125.60000000000001,0.10115021825369278,0.02012271351566049,0.002905205130102278,0.0,0.0,0.09773605184272881,303
125.62,0.10115710209844193,0.020124008170557775,0.0029056291276764756,0.0,0.0,0.09774467883069918,303
125.64,0.10116423178880027,0.020125703655320504,0.0029060488100614112,0.0,0.0,0.0977535493278633,303
125.66,0.10117132615813197,0.020129173443262843,0.002906464609335593,0.0,0.0,0.09776265574030399,303
125.68,0.10117957381299027,0.02013342354506182,0.0029068772302840444,0.0,0.0,0.09777197698150383,303
125.7,0.10118814596727524,0.02013757299832706,0.002907285555152891,0.0,0.0,0.09778158065085307,303
125.72,0.1011976074164162,0.020143725056557434,0.002907689588367938,0.0,0.0,0.0977914790402838,302
125.74000000000001,0.10120723381783105,0.02015074390549611,0.002908089335423365,0.0,0.0,0.09780168399300172,303
125.76,0.10121792890079609,0.02015750153660231,0.0029084994967468734,0.0,0.0,0.09781220684108109,303
125.78,0.10122876475888744,0.020163997505285185,0.002908955992555324,0.0,0.0,0.09782305835182427,302
125.8,0.10123973049593682,0.020170231756195756,0.002909409165164341,0.0,0.0,0.09783424868536747,303
125.82000000000001,0.10125079485284529,0.02017620422980174,0.0029098805860252584,0.0,0.0,0.09784575328616375,303
125.84,0.10126195579623216,0.02018191485282665,0.0029103573289377153,0.0,0.0,0.09785757713112107,303
125.86,0.1012734164912179,0.02018842635399746,0.0029108296930417123,0.0,0.0,0.09786974461437783,303
125.88000000000001,0.10128529658838797,0.02019559039891843,0.0029112976928815505,0.0,0.0,0.09788223677320956,301
125.9,0.10129732590929674,0.020202470605328465,0.0029117613162353956,0.0,0.0,0.09789509018382153,301
125.92,0.10130944193147662,0.020209067138013893,0.0029122205670659394,0.0,0.0,0.09790828360600184,301
125.94,0.10132169421438028,0.020217264241769672,0.00291267545299549,0.0,0.0,0.09792186957192027,301
125.96000000000001,0.10133409660618757,0.02022564321584175,0.002913125979539801,0.0,0.0,0.09793585359566802,301
125.98,0.1013465618002349,0.0202354298880336,0.0029135721572456728,0.0,0.0,0.097950179856132,301
126.0,0.10135913850853052,0.020245559844471572,0.0029140139874394384,0.0,0.0,0.09796490632770827,301
126.02,0.10137252247955057,0.02025536965697054,0.0029144514751219906,0.0,0.0,0.0979802571589573,300
126.04,0.1013866660715299,0.02026485898361469,0.002914884625775189,0.0,0.0,0.0979962381682423,300
126.06,0.10140208742793677,0.02027402750954134,0.002915313445035918,0.0,0.0,0.09801259902950933,300
126.08,0.10141775296432484,0.020282874953001715,0.002915737938115387,0.0,0.0,0.0980293854384499,300
126.10000000000001,0.10143363173925496,0.020291401090792156,0.00291616100103845,0.0,0.0,0.09804660173733519,300
126.12,0.1014496994326717,0.020299611018410647,0.0029166255353473623,0.0,0.0,0.09806425225333233,300
126.14,0.10146608443151879,0.020307522543609145,0.002917102258556599,0.0,0.0,0.09808234128672871,300
126.16,0.1014830281126444,0.020315112354270116,0.0029175745859124184,0.0,0.0,0.09810087307827606,300
126.18,0.10150015206414797,0.020322380398672835,0.0029180425227798117,0.0,0.0,0.09812012532529148,300
126.2,0.10151746042097728,0.020329326669321423,0.00291850607483397,0.0,0.0,0.09814000907129362,300
126.22,0.10153492946318951,0.020335951205742744,0.002918965247142505,0.0,0.0,0.0981606833269492,300
126.24000000000001,0.10155256258074943,0.0203422540953984,0.0029194200449257244,0.0,0.0,0.09818193001867281,300
126.26,0.10157159250843935,0.02034823547550204,0.0029198704734471298,0.0,0.0,0.0982036361032162,300
126.28,0.10159192874546409,0.020354842079306882,0.0029203165379352346,0.0,0.0,0.09822610166907847,300
126.3,0.10161264263226222,0.020361532075374472,0.0029207663263415154,0.0,0.0,0.09824918674726918,299
126.32000000000001,0.1016339008746789,0.02036790152020343,0.0029212327477772682,0.0,0.0,0.09827273469810038,300
126.34,0.10165538504388497,0.02037397265320557,0.002921694773251802,0.0,0.0,0.09829674503475987,300
126.36,0.10167758913580367,0.020379720186510394,0.0029221524078153014,0.0,0.0,0.09832121616245416,301
126.38000000000001,0.10169996580850481,0.02038514459281563,0.002922605656468587,0.0,0.0,0.0983461452880212,300
126.4,0.10172249980878594,0.020390246415769826,0.0029230545241617544,0.0,0.0,0.09837152835037712,300
126.42,0.10174517536119693,0.020396873252946167,0.00292349901579354,0.0,0.0,0.09839735997532569,300
126.44,0.10176906163487658,0.02040455659086916,0.002923939136211414,0.0,0.0,0.09842363345749096,300
126.46000000000001,0.1017942623919402,0.020412947638505728,0.002924374890212467,0.0,0.0,0.09845034077123291,300
126.48,0.1018210998145233,0.02042098657011895,0.002924806282883316,0.0,0.0,0.09847747261144714,300
126.5,0.10184847093455217,0.020428673750662815,0.0029252333186106662,0.0,0.0,0.09850501846412199,300
126.52,0.10187717177386378,0.020436009636781126,0.0029256560020312463,0.0,0.0,0.09853296670549613,300
126.54,0.10190701997154217,0.020442994780622125,0.0029260743377647748,0.0,0.0,0.09856130472766102,300
126.56,0.10193748446257546,0.020450369184650385,0.002926488330353971,0.0,0.0,0.09858999054693156,300
126.58,0.1019681151242493,0.020458974245673705,0.002926927492927982,0.0,0.0,0.09861899933955032,300
126.60000000000001,0.10199893115542297,0.020467211315493256,0.0029273657726141865,0.0,0.0,0.09864835580818536,301
126.62,0.10203114385125374,0.02047508110585866,0.0029277996760780716,0.0,0.0,0.0986780450684753,301
126.64,0.10206463629303056,0.02048438040772539,0.002928229207764336,0.0,0.0,0.09870834548538744,301
126.66,0.10209830115164552,0.02049359468359922,0.0029286543723917847,0.0,0.0,0.09873910862847693,300
126.68,0.10213211928561691,0.020502440496187234,0.002929075174291577,0.0,0.0,0.0987701595426012,300
126.7,0.10216607185103976,0.020510935291957817,0.0029294916177415487,0.0,0.0,0.09880148410725549,300
126.72,0.10220015400234989,0.0205190590879516,0.0029299037072010236,0.0,0.0,0.09883306882704253,300
126.74000000000001,0.10223434928100243,0.02052681122225806,0.0029303114474630455,0.0,0.0,0.0988649009693916,300
126.76,0.10226864254584331,0.020534192983085744,0.0029307148424407674,0.0,0.0,0.0988969572856058,300
126.78,0.10230294663573403,0.02054120574486257,0.00293111389442745,0.0,0.0,0.09892918394778163,301
126.8,0.10233752813403829,0.020547850956008487,0.0029315086104119634,0.0,0.0,0.09896162543407147,301
126.82000000000001,0.10237325374936897,0.02055413015263764,0.002931898995063413,0.0,0.0,0.09899427291431045,301
126.84,0.10240905033757589,0.020560044943378222,0.002932285053393588,0.0,0.0,0.09902711860295127,301
126.86,0.10244490664440685,0.020565597003327777,0.0029326667896296594,0.0,0.0,0.09906022806834527,301
126.88000000000001,0.10248203648941212,0.020570788067116083,0.0029330442084945676,0.0,0.0,0.09909390507906521,301
126.9,0.10251938773799418,0.020575619923372385,0.002933441955575125,0.0,0.0,0.09912776221151003,301
126.92,0.10255686517641255,0.020580094410806334,0.0029338435398055807,0.0,0.0,0.09916179532592094,301
126.94,0.10259443527495479,0.02058421341280653,0.0029342407746623064,0.0,0.0,0.09919600095781632,301
126.96000000000001,0.10263212377369921,0.020587978853127582,0.002934633665639427,0.0,0.0,0.09923037619621997,301
126.98,0.10267033174943023,0.020591392692095256,0.0029350222170678357,0.0,0.0,0.09926491855609318,301
127.0,0.10270905675113072,0.02059614710178398,0.0029354064344690447,0.0,0.0,0.09929962584956849,301
127.02,0.10274786099650678,0.02060246650274513,0.002935786322787941,0.0,0.0,0.09933449606037081,300
127.04,0.10278673945725003,0.02060841939304067,0.0029361618867213154,0.0,0.0,0.0993695272254,300
127.06,0.10282568694714223,0.020614024098924023,0.0029365331315038016,0.0,0.0,0.09940471732686654,301
127.08,0.10286469802335224,0.020619274868900375,0.002936900062600749,0.0,0.0,0.09944006419764823,301
127.10000000000001,0.1029037669025802,0.020624165294741505,0.002937262684998317,0.0,0.0,0.09947556544168225,301
127.12,0.10294288739295349,0.020628697475985874,0.0029376210042376667,0.0,0.0,0.09951121837030599,302
127.14,0.1029820528416448,0.02063287352984577,0.0029379750256794514,0.0,0.0,0.0995471935497938,302
127.16,0.10302143452047097,0.020637391470629127,0.0029383247546397287,0.0,0.0,0.0995835939492095,303
127.18,0.1030611606546694,0.020642624307570516,0.0029386701966435487,0.0,0.0,0.09962013522811851,303
127.2,0.10310090802907697,0.020649016008870494,0.0029390113576415514,0.0,0.0,0.09965681319120501,303
127.22,0.10314066788978014,0.020655042683156127,0.002939348243032268,0.0,0.0,0.09969362324167172,303
127.24000000000001,0.10318045114080161,0.020660706237192093,0.0029396808584059592,0.0,0.0,0.09973056038567796,303
127.26,0.10322023455660226,0.020666008591071604,0.0029400092095319143,0.0,0.0,0.09976761923853031,304
127.28,0.10326000108156615,0.02067095167894721,0.002940347440415967,0.0,0.0,0.09980479402965241,304
127.3,0.10329973977644392,0.020675557495745747,0.0029406994260901343,0.0,0.0,0.09984218923253083,304
127.32000000000001,0.1033394391393848,0.020679812965221388,0.0029410471212838463,0.0,0.0,0.0998800302616545,305
127.34,0.10337922908231946,0.020683715040490065,0.0029413905319460934,0.0,0.0,0.09991796700464024,305
127.36,0.10341933092246544,0.020687265718330267,0.0029417296644328283,0.0,0.0,0.0999559920959551,305
127.38000000000001,0.10345982402093003,0.020690746401691634,0.002942064524782974,0.0,0.0,0.09999409772317883,305
127.4,0.10350023964116839,0.0206950910218823,0.002942448968958554,0.0,0.0,0.10003227559384993,305
127.42,0.10354101431428397,0.020699084760726457,0.00294284133021046,0.0,0.0,0.10007051689726937,305
127.44,0.10358299343049245,0.020702745574181038,0.0029432293457728152,0.0,0.0,0.10010881226311642,304
127.46000000000001,0.10362499247268321,0.0207060927536048,0.002943613022157542,0.0,0.0,0.10014715171895179,304
127.48,0.10366689003523834,0.020709962667929547,0.0029439923660679163,0.0,0.0,0.10018552464872818,304
127.5,0.1037086700656741,0.020714821466272054,0.0029443673835324907,0.0,0.0,0.10022391975432408,304
127.52,0.10375031562771153,0.020719324293838177,0.0029447380811441336,0.0,0.0,0.10026232502189218,304
127.54,0.10379177320004236,0.02072533612440901,0.002945104463838533,0.0,0.0,0.10030069205011218,304
127.56,0.1038329996267392,0.02073097387678663,0.0029454665376758156,0.0,0.0,0.10033898298972473,304
127.58,0.10387399524636037,0.020736239344906007,0.0029458243106170083,0.0,0.0,0.10037720364096214,305
127.60000000000001,0.10391477932488045,0.02074114750653022,0.002946177790854266,0.0,0.0,0.10041575128728697,304
127.62,0.10395533014945679,0.02074569915838936,0.002946526985454737,0.0,0.0,0.1004544211651571,304
127.64,0.10399562503954157,0.020749884266151923,0.0029468779598264177,0.0,0.0,0.10049336520493025,304
127.66,0.10403564036433312,0.020753714037866668,0.0029472513907727624,0.0,0.0,0.10053221293279294,304
127.68,0.10407625147999996,0.020757240759742206,0.0029476205116228758,0.0,0.0,0.1005709463389826,304
127.7,0.1041169320476397,0.020762550947044572,0.0029479853297492958,0.0,0.0,0.10060954677094915,305
127.72,0.10415730404197418,0.020767491420227515,0.0029483458525991603,0.0,0.0,0.10064799499091912,306
127.74000000000001,0.10419746691445611,0.020772077285910226,0.0029487020848158797,0.0,0.0,0.10068621711274062,306
127.76,0.10423843792523799,0.020776291738132058,0.0029490540363955485,0.0,0.0,0.10072423509375569,305
127.78,0.10427906473184959,0.0207801371579913,0.0029494017145544785,0.0,0.0,0.10076202999666613,307
127.8,0.10432045686982969,0.020783615995614537,0.002949761325236701,0.0,0.0,0.10079953483895045,307
127.82000000000001,0.10436177309306366,0.020786737351692362,0.002950128922202773,0.0,0.0,0.10083678532951432,307
127.84,0.10440321919055788,0.020789515627110688,0.0029504922220274254,0.0,0.0,0.10087376052152536,307
127.86,0.1044446433168792,0.020791935064002225,0.0029508512320628247,0.0,0.0,0.10091043957632619,307
127.88000000000001,0.1044856670370678,0.02079399837377007,0.0029512059599716037,0.0,0.0,0.10094680189728798,308
127.9,0.10452626713496117,0.020795996026948278,0.0029515564133643494,0.0,0.0,0.10098282726828978,309
127.92,0.10456642082146789,0.0207994142276498,0.0029519025996087426,0.0,0.0,0.10101849599451641,309
127.94,0.10460610587122773,0.020802473741609363,0.0029522680202735845,0.0,0.0,0.10105398456832357,309
127.96000000000001,0.10464530075592512,0.02080517740208448,0.0029526369768381935,0.0,0.0,0.10108934183465895,309
127.98,0.10468400370474353,0.020807528097267172,0.002953001650546051,0.0,0.0,0.1011242873005289,309
128.0,0.10472218720383873,0.020809528765599442,0.0029533620486423724,0.0,0.0,0.10115880471349158,309
128.02,0.10475982160501539,0.020811182395789267,0.0029537181782896956,0.0,0.0,0.10119287898168837,310
128.04,0.10479731696311274,0.020812492016164558,0.002954095451378679,0.0,0.0,0.10122674873406204,310
128.06,0.10483432578759627,0.020813460696560624,0.002954474361714895,0.0,0.0,0.10126035868889935,310
128.08,0.10487073601892996,0.02081410323224786,0.0029548489863303693,0.0,0.0,0.10129348744744193,310
128.1,0.10490653384437676,0.020814424056375302,0.0029552193319647177,0.0,0.0,0.10132612531668544,310
128.12,0.10494166736420468,0.02081442735015456,0.002955567949446077,0.0,0.0,0.10135821502299829,310
128.14000000000001,0.10497701321522027,0.020815131830008007,0.0029559103900322946,0.0,0.0,0.10138979322797362,310
128.16,0.10501181108861504,0.020816289761633234,0.0029562486215356024,0.0,0.0,0.10142086001275687,310
128.18,0.10504598251355492,0.02081710766662006,0.0029565826500868187,0.0,0.0,0.10145141132530906,310
128.2,0.10507952078507243,0.020818756819890597,0.0029569124819449843,0.0,0.0,0.1014814444093429,310
128.22,0.10511242409536019,0.020821450378025696,0.0029572381237100666,0.0,0.0,0.10151095772440487,310
128.24,0.10514464452389362,0.02082426988019672,0.002957572172005218,0.0,0.0,0.10154004621839346,310
128.26,0.1051762080682039,0.02082674644941633,0.0029579039795174836,0.0,0.0,0.10156906710634311,310
128.28,0.10520733597481624,0.020828883653402866,0.002958231565333844,0.0,0.0,0.10159784586180845,310
128.3,0.10523809946609851,0.02083068504631177,0.002958583165664532,0.0,0.0,0.10162610780454401,311
128.32,0.1052682304612263,0.02083215416503687,0.002958935690971587,0.0,0.0,0.10165385592365049,311
128.34,0.10529770575415784,0.02083329452669161,0.0029593145017329783,0.0,0.0,0.10168109377604252,312
128.36,0.10532652430051327,0.02083410962677868,0.0029596890297846983,0.0,0.0,0.10170782537784136,312
128.38,0.10535468525267068,0.020834602937778533,0.0029600592809138925,0.0,0.0,0.101734055102383,312
128.4,0.10538218786064232,0.020834777908127475,0.0029604252606254826,0.0,0.0,0.10175978758652524,312
128.42000000000002,0.1054090313821384,0.020834637961549902,0.0029607869745816237,0.0,0.0,0.10178502764641022,314
128.44,0.1054353558721329,0.020834186496705875,0.0029611444284589825,0.0,0.0,0.10180978020330099,314
128.46,0.10546138089597867,0.020833426887113118,0.0029614976278276093,0.0,0.0,0.10183443560889617,313
128.48,0.10548670095387883,0.02083236248011139,0.002961846574613415,0.0,0.0,0.1018586315679627,313
128.5,0.10551135716733091,0.02083100399993279,0.0029621912783476326,0.0,0.0,0.10188235424840332,314
128.52,0.10553531169930747,0.02082936468487397,0.0029625439304172916,0.0,0.0,0.10190557234743171,314
128.54,0.10555856923095797,0.02082743042319423,0.0029629133044442773,0.0,0.0,0.10192829726509257,314
128.56,0.10558118031723597,0.02082520446401169,0.002963278405638862,0.0,0.0,0.10195056291686205,314
128.58,0.10560312709451666,0.02082269003998663,0.002963639239438354,0.0,0.0,0.10197237365455462,314
128.6,0.10562436304795735,0.02081989035940735,0.0029639983269573815,0.0,0.0,0.10199367854254168,314
128.62,0.1056449098357056,0.0208168086103361,0.0029643541046110566,0.0,0.0,0.10201451590808086,314
128.64000000000001,0.10566477319965557,0.020813447962827705,0.0029647236880430443,0.0,0.0,0.10203491033461887,314
128.66,0.10568394852897828,0.02080981157003284,0.002965104096334979,0.0,0.0,0.10205486539058252,314
128.68,0.10570243073383416,0.020805902567969832,0.002965480215212583,0.0,0.0,0.1020743844435743,314
128.7,0.1057202142422789,0.020801724076504872,0.0029658520500027495,0.0,0.0,0.10209347066869913,314
128.72,0.10573729300275786,0.020797282308726687,0.0029662196060528906,0.0,0.0,0.10211212706305653,315
128.74,0.10575366049256965,0.02079259934009594,0.0029665828883897066,0.0,0.0,0.10213035646680475,315
128.76,0.10576976418635707,0.02078765613264706,0.0029669419023116463,0.0,0.0,0.10214816159090663,314
128.78,0.10578591291070631,0.020782455750500143,0.0029672966531176692,0.0,0.0,0.10216554505130222,316
128.8,0.10580225856036768,0.02077700124562451,0.0029676471461076988,0.0,0.0,0.10218250940883844,316
128.82,0.1058179041819326,0.02077129565830522,0.0029680091332331578,0.0,0.0,0.10219905721389237,316
128.84,0.10583333602389593,0.02076534201745323,0.0029683825611722457,0.0,0.0,0.10221519105429398,316
128.86,0.10584842730699302,0.020759143340747115,0.0029687517079170114,0.0,0.0,0.10223091360492413,316
128.88,0.10586282228454438,0.020752702634600113,0.002969116578702728,0.0,0.0,0.10224622767726363,315
128.9,0.10587651409812383,0.020746022893951863,0.002969477594074302,0.0,0.0,0.10226113626720235,315
128.92000000000002,0.10588949576555183,0.020739107102328472,0.0029698661302495783,0.0,0.0,0.10227564259959457,315
128.94,0.10590196915500452,0.020731958230510186,0.0029702503612727845,0.0,0.0,0.10228975016831848,316
128.96,0.10591455604512542,0.020724579235617806,0.002970630292395404,0.0,0.0,0.10230346277095634,317
128.98,0.10592644814559325,0.020716973061421496,0.002971017713664612,0.0,0.0,0.10231713606092394,318
129.0,0.1059376394936435,0.02070914263692562,0.0029714178131432776,0.0,0.0,0.10233052671996172,318
129.02,0.1059481039583086,0.020701090878167724,0.002971813576872879,0.0,0.0,0.10234354161187707,318
129.04,0.10595795258787653,0.020693423208705906,0.002972206468696898,0.0,0.0,0.10235658613899168,318
129.06,0.10596822677125356,0.02068694439920501,0.0029726266748053096,0.0,0.0,0.10236925887994745,318
129.08,0.10597782497041373,0.02068023049908826,0.0029730425154045944,0.0,0.0,0.10238160109615944,318
129.1,0.10598674289912909,0.020673284460848963,0.002973453995577139,0.0,0.0,0.10239400518730533,318
129.12,0.10599497627189233,0.020666134279693178,0.002973861120413427,0.0,0.0,0.10240605618471658,319
129.14000000000001,0.10600294291629854,0.0206587580966917,0.0029742638950123867,0.0,0.0,0.10241776130248953,319
129.16,0.10601102532797749,0.020651181300453323,0.0029746623244817317,0.0,0.0,0.10242912814488228,319
129.18,0.10601909283030284,0.020644854613537218,0.002975056413938275,0.0,0.0,0.10244016470359377,321
129.2,0.10602646477876175,0.020638312089880824,0.002975446725473612,0.0,0.0,0.10245083013772231,321
129.22,0.1060331219963745,0.02063248745566789,0.002975832968535574,0.0,0.0,0.1024612996939163,321
129.24,0.10603985625252456,0.02062704062537062,0.0029762148868071985,0.0,0.0,0.10247171363183724,321
129.26,0.10604662723646166,0.020621370444072702,0.002976592486789263,0.0,0.0,0.1024818326034121,321
129.28,0.1060530983127614,0.020615479792637045,0.0029769657736419533,0.0,0.0,0.10249166652557096,321
129.3,0.10605966386865223,0.020609371526501566,0.002977334752536347,0.0,0.0,0.10250122570730782,321
129.32,0.10606752218188212,0.02060320278788734,0.0029777118387383198,0.0,0.0,0.10251058328747811,321
129.34,0.10607486494757405,0.020598761875660627,0.002978133601286243,0.0,0.0,0.1025200793483275,321
129.36,0.10608168119792596,0.02059410432747684,0.0029785525643550655,0.0,0.0,0.10252931995684626,321
129.38,0.10608788218197172,0.020590611627357223,0.002978967138990749,0.0,0.0,0.10253822575415233,321
129.4,0.10609361711036651,0.02058691703501582,0.002979396306349674,0.0,0.0,0.10254689825199625,321
129.42000000000002,0.10609938626861705,0.020583005116851086,0.0029798643462544856,0.0,0.0,0.10255536611771497,321
129.44,0.10610530817251651,0.02057889635882462,0.0029803279202349473,0.0,0.0,0.10256364271812131,321
129.46,0.10611240907042191,0.02057457167948041,0.002980787033671633,0.0,0.0,0.10257174192817885,321
129.48,0.10611961760278317,0.020570033552534055,0.0029812416911430364,0.0,0.0,0.10258053240478666,321
129.5,0.10612858372450348,0.020565284410152256,0.002981704622511483,0.0,0.0,0.10258948264205416,321
129.52,0.10613763596524038,0.020561782087957985,0.002982181909595692,0.0,0.0,0.10259850237971574,321
129.54,0.10614640198677895,0.020558657808707245,0.0029826547159010797,0.0,0.0,0.1026077335167129,320
129.56,0.10615489295553732,0.020555317399591294,0.0029831230463367845,0.0,0.0,0.10261702260628232,320
129.58,0.10616312049297563,0.020551784489390976,0.002983619046334743,0.0,0.0,0.10262662167847181,320
129.6,0.10617109667920922,0.02054804307011428,0.0029841254459895194,0.0,0.0,0.10263621603697848,319
129.62,0.10617883404992927,0.020545271887438855,0.002984674170601743,0.0,0.0,0.1026457619627575,318
129.64000000000001,0.106186357696389,0.02054313977341623,0.0029852229295356182,0.0,0.0,0.10265527879701729,318
129.66,0.10619368889531759,0.020540792033785626,0.0029857670977488236,0.0,0.0,0.10266509544415432,318
129.68,0.10620082169677776,0.020538230359700458,0.002986306680312289,0.0,0.0,0.10267506926817055,318
129.7,0.10620783012735434,0.020535456407168515,0.0029868282795100756,0.0,0.0,0.10268501182395014,319
129.72,0.10621503244356248,0.02053247171986964,0.0029873448620775676,0.0,0.0,0.10269500600807151,317
129.74,0.10622211085852426,0.020529277836315717,0.002987856893108599,0.0,0.0,0.10270529577259792,317
129.76,0.10622908191872361,0.020525876238710692,0.002988364377700347,0.0,0.0,0.1027159577829692,317
129.78,0.10623592737661577,0.020524831272568267,0.0029888673209769296,0.0,0.0,0.10272674068087335,316
129.8,0.10624266209168987,0.020526147937463726,0.00298936572808942,0.0,0.0,0.10273766765240921,316
129.82,0.10624930077075545,0.020528469850146832,0.0029898596042374336,0.0,0.0,0.10274876202707757,316
129.84,0.10625611394141504,0.020530549991503513,0.002990348955311181,0.0,0.0,0.10276018307507237,316
129.86,0.1062636613841299,0.020532388792957417,0.002990850098401703,0.0,0.0,0.10277213635024311,316
129.88,0.10627215997366737,0.02053398661536282,0.0029913693622669983,0.0,0.0,0.10278466187078114,316
129.9,0.1062806564222389,0.02053534371959939,0.0029918888594457453,0.0,0.0,0.10279747834850185,316
129.92000000000002,0.10629030386824974,0.02053646030954939,0.0029924037829332935,0.0,0.0,0.1028105757935873,316
129.94,0.10630124438465907,0.02053733654899753,0.002992942270771318,0.0,0.0,0.10282397582339228,316
129.96,0.10631234043136112,0.020537972545546693,0.0029934781411847695,0.0,0.0,0.10283769929268617,315
129.98,0.10632431215870815,0.020539767167181103,0.0029940094052705113,0.0,0.0,0.10285176615261607,315
130.0,0.10633660996183017,0.020542223312865544,0.0029945360683742224,0.0,0.0,0.10286619531173544,315
130.02,0.10634992131445496,0.02054441960149536,0.002995058140887384,0.0,0.0,0.10288100261401137,316
130.04,0.10636380556767153,0.020546355554113105,0.002995575807746563,0.0,0.0,0.10289613712025439,317
130.06,0.1063779733952783,0.02054803063875869,0.0029960888910357582,0.0,0.0,0.10291168313440893,317
130.08,0.10639243396382722,0.02054944430922249,0.0029965973959866143,0.0,0.0,0.10292765411230757,315
130.1,0.10640721299091885,0.02055216281737701,0.0029971013277914327,0.0,0.0,0.10294406186907146,315
130.12,0.10642244570615629,0.02055534872518624,0.0029976006918725996,0.0,0.0,0.10296091649123587,315
130.14000000000001,0.10643837153136422,0.020558250877085127,0.0029980954937273313,0.0,0.0,0.10297842288394388,314
130.16,0.10645461590729068,0.02056086830538648,0.002998585738869508,0.0,0.0,0.10299664978540155,314
130.18,0.10647115721406872,0.020563200056883574,0.002999071707815394,0.0,0.0,0.10301532881991542,314
130.2,0.1064879444391077,0.020565245194894125,0.002999573212765381,0.0,0.0,0.10303441315730544,314
130.22,0.10650503445352945,0.0205670027878236,0.003000084340815252,0.0,0.0,0.10305396627156502,314
130.24,0.10652250606670424,0.020568471986488934,0.0030005908899402352,0.0,0.0,0.10307398685703813,314
130.26,0.106540674985752,0.020569799640524404,0.0030010928656584784,0.0,0.0,0.10309454213154606,314
130.28,0.10655920658841694,0.020572690084391276,0.0030015902734959205,0.0,0.0,0.10311594079913397,314
130.3,0.10657926655807139,0.020575279386665833,0.0030020831189849803,0.0,0.0,0.10313779102890312,314
130.32,0.10660000604265182,0.02057756678065465,0.0030025714033475527,0.0,0.0,0.10316002686987093,313
130.34,0.10662094941460284,0.020580678443240675,0.0030030553313855632,0.0,0.0,0.10318261754749435,314
130.36,0.10664242953211135,0.02058439121587208,0.003003534728509924,0.0,0.0,0.10320562363423076,314
130.38,0.1066643436335255,0.0205877901917039,0.003004040598853745,0.0,0.0,0.1032294329578346,314
130.4,0.10668644080179593,0.020590886060832928,0.0030045425391527786,0.0,0.0,0.10325362332160892,314
130.42000000000002,0.10670874127495367,0.020593681301327972,0.0030050399100044513,0.0,0.0,0.1032781884635729,314
130.44,0.10673124564644271,0.02059616137730378,0.0030055327168336836,0.0,0.0,0.10330311089351012,314
130.46,0.10675450751024883,0.020598326076824033,0.003006021200121003,0.0,0.0,0.10332837211438083,312
130.48,0.10677893600788352,0.020600175309202544,0.003006505323364329,0.0,0.0,0.10335395278166053,312
130.5,0.10680360087752838,0.0206017091078304,0.0030069848984409973,0.0,0.0,0.10338021914879698,312
130.52,0.106828415900225,0.02060292763296487,0.0030074599308022904,0.0,0.0,0.10340683446259039,312
130.54,0.10685333656341126,0.020603831170786627,0.0030079304258952264,0.0,0.0,0.10343370724939621,312
130.56,0.10687830230360933,0.020604420135989395,0.0030083963893887612,0.0,0.0,0.10346078931634674,313
130.58,0.10690328073867628,0.0206046950593737,0.0030088578268279024,0.0,0.0,0.1034880446922912,313
130.6,0.10692830131082902,0.02060465659284805,0.0030093382124711464,0.0,0.0,0.10351549502482789,313
130.62,0.10695418377914596,0.0206043097745943,0.0030098231065528573,0.0,0.0,0.10354312005584955,313
130.64000000000001,0.10698019064840059,0.020603672385723838,0.0030103034440285437,0.0,0.0,0.10357090011091298,313
130.66,0.10700632694566986,0.020602724327378967,0.0030107792302653614,0.0,0.0,0.10359881625081034,313
130.68,0.1070327205150946,0.02060189698041924,0.0030112504706288463,0.0,0.0,0.10362685040487685,313
130.7,0.10705904310930434,0.020602278461742212,0.003011746984013542,0.0,0.0,0.10365498548290417,313
130.72,0.10708563124441826,0.020604053992088988,0.00301224131991484,0.0,0.0,0.10368320546315206,313
130.74,0.10711214890090276,0.020605499634146155,0.003012731078821915,0.0,0.0,0.10371147116718941,313
130.76,0.10713845412072882,0.020606616753900454,0.0030132162649460447,0.0,0.0,0.1037401619690934,313
130.78,0.10716491530691681,0.020607406807559306,0.0030137074484456756,0.0,0.0,0.10376894260436066,314
130.8,0.1071913698810372,0.0206078713512069,0.0030142164724183454,0.0,0.0,0.10379775503511791,314
130.82,0.10721794063310786,0.02060801202482542,0.0030147208957608963,0.0,0.0,0.10382658899307234,314
130.84,0.10724441698525117,0.020607830542535694,0.003015220723950805,0.0,0.0,0.10385543526792605,314
130.86,0.10727063087231163,0.02060829178672541,0.0030157159621717407,0.0,0.0,0.10388428562719988,314
130.88,0.10729745307232247,0.020609149947888764,0.003016209006916669,0.0,0.0,0.10391313272084256,314
130.9,0.10732427931195296,0.0206096982007246,0.0030167275488285597,0.0,0.0,0.103941969974135,314
130.92000000000002,0.10735083889080298,0.020609927156570295,0.00301724146966264,0.0,0.0,0.10397079147241153,314
130.94,0.10737711818897099,0.020611052593360834,0.0030177507746554245,0.0,0.0,0.10399959184098698,314
130.96,0.10740317512875058,0.02061279901655069,0.0030182554691926965,0.0,0.0,0.10402836612341515,314
130.98,0.10742943728497663,0.0206155757736768,0.003018755558768868,0.0,0.0,0.1040571096608795,313
131.0,0.10745666498171481,0.020619890288057593,0.0030192510482566102,0.0,0.0,0.10408590324651805,313
131.02,0.10748536591627589,0.020623849863712313,0.0030197419416104934,0.0,0.0,0.10411499841492676,313
131.04,0.10751412854891093,0.02062758848123612,0.003020228243649475,0.0,0.0,0.10414401119324429,313
131.06,0.1075426029409606,0.020632331420367595,0.0030207099612665957,0.0,0.0,0.10417308110783255,313
131.08,0.10757074225224521,0.020638023919464232,0.003021201706175753,0.0,0.0,0.10420237333794219,313
131.1,0.10759933190767572,0.020644942681862823,0.003021703323391764,0.0,0.0,0.10423154198341848,313
131.12,0.1076280193755765,0.020651742183077273,0.003022200324798634,0.0,0.0,0.10426064564134147,313
131.14000000000001,0.10765643250453227,0.020658170994645612,0.0030226927161104405,0.0,0.0,0.10428967848272244,313
131.16,0.10768455848966944,0.020664231630268426,0.003023180502547103,0.0,0.0,0.10431863424396585,313
131.18,0.10771240119258996,0.020669926660516272,0.0030236636890505542,0.0,0.0,0.1043475062066463,314
131.2,0.1077399466571266,0.020675258710522212,0.0030241422810974904,0.0,0.0,0.10437628719232463,313
131.22,0.10776716270521874,0.02068094552798743,0.0030246162839417013,0.0,0.0,0.10440496957261654,313
131.24,0.10779483338456929,0.020687590092470277,0.003025085702764855,0.0,0.0,0.10443354529442557,313
131.26,0.10782337799723403,0.020693869178963487,0.0030255505428792595,0.0,0.0,0.10446200591989893,313
131.28,0.10785181328896182,0.020700414098205194,0.0030260108096019814,0.0,0.0,0.10449034268029189,313
131.3,0.10788021973155065,0.02070728304004351,0.00302646650825539,0.0,0.0,0.10451854654256344,313
131.32,0.10790828580776371,0.02071381298097049,0.0030269176441678996,0.0,0.0,0.1045466082871937,313
131.34,0.10793599570713838,0.02071998520308317,0.0030273642226748953,0.0,0.0,0.10457451859544895,313
131.36,0.1079633333841169,0.020725802530047674,0.0030278062491198385,0.0,0.0,0.10460226814412248,313
131.38,0.10799022933959875,0.020731267828479207,0.003028243724872947,0.0,0.0,0.10462979443988063,314
131.4,0.10801680927561172,0.02073638398279782,0.0030286766580777482,0.0,0.0,0.1046571268765768,314
131.42000000000002,0.10804406412178294,0.02074116472124673,0.0030291223187000602,0.0,0.0,0.10468427161432053,316
131.44,0.10807102517823922,0.02074659812899639,0.0030295778719582546,0.0,0.0,0.10471122033714367,316
131.46,0.10809852336099429,0.02075275051383798,0.003030028857447538,0.0,0.0,0.10473796523937723,316
131.48,0.10812572256680451,0.02075857069053738,0.0030304752805678952,0.0,0.0,0.10476449912396506,316
131.5,0.10815318621087065,0.020764043277497528,0.0030309171468364832,0.0,0.0,0.10479081549572672,316
131.52,0.10818064947458293,0.0207691712759201,0.00303135446144268,0.0,0.0,0.10481690864840036,316
131.54,0.10820779459018348,0.02077457818828791,0.0030317872298022213,0.0,0.0,0.1048427737444019,316
131.56,0.10823608209757007,0.020780570861877554,0.0030322154573586024,0.0,0.0,0.10486840688629043,317
131.58,0.10826469830418362,0.020786239681760986,0.0030326391497001756,0.0,0.0,0.1048938051789459,318
131.6,0.10829294903534456,0.020791571016125786,0.0030330583123503547,0.0,0.0,0.10491896678143599,319
131.62,0.10832082928079625,0.020796563621457764,0.003033472950721792,0.0,0.0,0.10494389094752311,319
131.64000000000001,0.10834835202564763,0.020801220654252987,0.003033883070396321,0.0,0.0,0.10496857805373065,319
131.66,0.10837643698379132,0.020805769388505858,0.003034288676997462,0.0,0.0,0.10499302961389437,319
131.68,0.10840456174712965,0.020811079425709176,0.003034689776193372,0.0,0.0,0.10501724827919164,319
131.7,0.1084323317096328,0.020816123700137915,0.003035086373699846,0.0,0.0,0.10504156533534868,320
131.72,0.10846048103685929,0.020822657202448268,0.003035478475283409,0.0,0.0,0.10506578612625957,319
131.74,0.10848836996294048,0.020828853261250536,0.003035866086764447,0.0,0.0,0.10509022484356044,319
131.76,0.10851593211212579,0.020834714650275418,0.003036249214020463,0.0,0.0,0.1051144705098535,320
131.78,0.10854317135305465,0.020840244119883465,0.00303662786298941,0.0,0.0,0.10513851132319318,320
131.8,0.10857009223425709,0.020845444387302764,0.003037002039673131,0.0,0.0,0.10516235586869944,321
131.82,0.10859669987086354,0.020850318142586578,0.003037371750140917,0.0,0.0,0.10518601342462583,319
131.84,0.10862303244565047,0.02085486804541073,0.003037737000533137,0.0,0.0,0.10520949384144446,320
131.86,0.10864909340643933,0.02085909672545126,0.0030380977972483507,0.0,0.0,0.10523280741166997,320
131.88,0.10867486229855544,0.020863006780057584,0.003038454146519579,0.0,0.0,0.10525596473333225,320
131.9,0.10870035295605636,0.02086660076904039,0.0030388060546010644,0.0,0.0,0.10527897657038805,321
131.92000000000002,0.10872604600812243,0.02086988122379501,0.0030391535279551537,0.0,0.0,0.10530185371362664,320
131.94,0.1087514606666237,0.02087355598015152,0.003039515849880894,0.0,0.0,0.10532466105748868,318
131.96,0.108776602202386,0.020878330635960573,0.003039887274129571,0.0,0.0,0.10534775875601805,318
131.98,0.10880147536877963,0.020882781780944333,0.0030402542376030514,0.0,0.0,0.10537075240034179,318
132.0,0.10882604753399755,0.020886911761270884,0.003040616744794364,0.0,0.0,0.10539361489893864,318
132.02,0.10885032794630324,0.020890968469273942,0.003040974802848308,0.0,0.0,0.10541636119331574,318
132.04,0.10887435019842079,0.020896301543018428,0.0030413284202519325,0.0,0.0,0.10543903073983563,318
132.06,0.1088990491098336,0.02090130461007077,0.0030416776041367792,0.0,0.0,0.10546163140735842,318
132.08,0.10892401874280287,0.020905979581987876,0.0030420223620858254,0.0,0.0,0.10548417040042934,318
132.1,0.10894928618833305,0.020910328348544668,0.0030423627010928416,0.0,0.0,0.10550665425871505,318
132.12,0.10897444688236471,0.020914491767842675,0.00304269862882569,0.0,0.0,0.10552908887664335,318
132.14000000000001,0.10900023319031854,0.020919609783913516,0.0030430301524917015,0.0,0.0,0.10555147954146946,317
132.16,0.10902610971628704,0.020924402057549717,0.0030433572784953028,0.0,0.0,0.1055738118617233,317
132.18,0.10905200478069191,0.02092888954818903,0.003043680012759882,0.0,0.0,0.1055960624362026,317
132.2,0.10907779487424835,0.020933417707793767,0.003043998365918552,0.0,0.0,0.10561828190327537,318
132.22,0.1091038639328491,0.020938589208519046,0.0030443127354632987,0.0,0.0,0.10564047377633784,318
132.24,0.10912976940571774,0.020943438826709137,0.003044622929196101,0.0,0.0,0.10566264132850149,318
132.26,0.10915550987460886,0.020947968359500482,0.0030449287650161786,0.0,0.0,0.10568516365434343,319
132.28,0.10918108370771629,0.020952577481039757,0.0030452302511037588,0.0,0.0,0.10570774838680588,319
132.3,0.10920648912651848,0.020958554005821254,0.0030455273952944483,0.0,0.0,0.1057303174120143,318
132.32,0.10923172426207685,0.02096420739172805,0.0030458202056993905,0.0,0.0,0.1057528738295908,318
132.34,0.10925680198112049,0.020969525354849472,0.0030461086907553397,0.0,0.0,0.10577542084904909,318
132.36,0.10928174467619266,0.0209745300157468,0.0030464345857380984,0.0,0.0,0.10579794749895667,318
132.38,0.10930646124476072,0.020979208166147543,0.003046779659362513,0.0,0.0,0.10582041601145613,318
132.4,0.10933100046882747,0.020983556725614465,0.003047120337366431,0.0,0.0,0.10584288574409936,318
132.42000000000002,0.10935536037667795,0.020987577711700817,0.0030474566275821074,0.0,0.0,0.10586536054521582,319
132.44,0.10937953893218892,0.02099202265431441,0.003047788537812572,0.0,0.0,0.10588784439298032,319
132.46,0.10940347222119862,0.020997414989980628,0.0030481160723339353,0.0,0.0,0.10591027963091308,319
132.48,0.1094272154197149,0.02100247446075614,0.0030484463844515043,0.0,0.0,0.10593272782648866,320
132.5,0.10945145956479882,0.021007203022957267,0.0030487936459376625,0.0,0.0,0.105955197328744,321
132.52,0.10947598865355117,0.021011602653765362,0.003049136509715826,0.0,0.0,0.10597769210267728,321
132.54,0.10950036764915741,0.021015675349135447,0.0030494749831965037,0.0,0.0,0.1060002159346828,321
132.56,0.1095245943617405,0.021019423122717523,0.0030498181382303184,0.0,0.0,0.10602277235671476,321
132.58,0.10954866608436173,0.0210228480048989,0.0030501808461499465,0.0,0.0,0.10604571028938012,321
132.6,0.10957299974286677,0.021025952041972214,0.0030505391389091274,0.0,0.0,0.10606879908099208,322
132.62,0.10959820513466127,0.02102873729542418,0.003050914769814984,0.0,0.0,0.10609192825504232,322
132.64000000000001,0.10962335334597864,0.021031205841331998,0.0030513174756715165,0.0,0.0,0.10611509501717066,322
132.66,0.10964831372426412,0.021033359768674053,0.003051759409457349,0.0,0.0,0.10613824396356832,322
132.68,0.10967314292199218,0.02103520116578045,0.0030521968184271373,0.0,0.0,0.10616171464748973,321
132.7,0.10969783537128577,0.021036732149901594,0.0030526297090517334,0.0,0.0,0.10618541344411361,321
132.72,0.10972238478361719,0.021037954850786765,0.003053058087724674,0.0,0.0,0.10620915612582271,322
132.74,0.10974679392422719,0.021038871410231655,0.003053483541729808,0.0,0.0,0.10623294195671798,322
132.76,0.10977107244316159,0.021039483982266852,0.003053935728552563,0.0,0.0,0.10625686612919061,322
132.78,0.10979518530592655,0.021039794732327654,0.003054383375690471,0.0,0.0,0.10628140433227902,322
132.8,0.10981912903376882,0.02103980583729064,0.0030548264891885335,0.0,0.0,0.10630623156886604,322
132.82,0.10984291483854847,0.021039519483523717,0.00305526507557942,0.0,0.0,0.10633109376664446,322
132.84,0.10986697850015294,0.021038937866545357,0.003055699140387615,0.0,0.0,0.10635598840573607,323
132.86,0.10989097715052192,0.021038080179353526,0.003056128689233796,0.0,0.0,0.10638111625566038,323
132.88,0.10991517535565976,0.02103693971702868,0.003056553727858599,0.0,0.0,0.10640652519324442,323
132.9,0.10993915110351261,0.02103673583602861,0.0030569742619281797,0.0,0.0,0.10643195729759404,323
132.92000000000002,0.10996354732856738,0.02103634946826544,0.0030573902970354025,0.0,0.0,0.10645740939882799,323
132.94,0.1099895569797439,0.0210356970376143,0.0030578018387013967,0.0,0.0,0.10648287821995166,323
132.96,0.11001540131050593,0.021034759075532736,0.0030582088923775735,0.0,0.0,0.10650839134056826,323
132.98,0.11004107098328814,0.021033537800056727,0.0030586114634481446,0.0,0.0,0.10653434240145833,323
133.0,0.11006654476646172,0.021032035436145454,0.0030590095563922566,0.0,0.0,0.10656028756798723,323
133.02,0.1100917687770757,0.02103025420783139,0.003059419309268314,0.0,0.0,0.10658652721239131,323
133.04,0.1101167882871855,0.021028196323793658,0.0030598409072262896,0.0,0.0,0.1066128754765658,323
133.06,0.11014159665871609,0.021025864021563877,0.0030602579968909928,0.0,0.0,0.10663921742608512,323
133.08,0.11016621141281174,0.021024597000503735,0.0030606705833602582,0.0,0.0,0.10666554899194375,323
133.1,0.1101910506393685,0.021023201613106366,0.0030610897082654505,0.0,0.0,0.10669186597793705,323
133.12,0.11021567595806124,0.02102153170764212,0.003061526241217877,0.0,0.0,0.10671816406762026,323
133.14000000000001,0.11024003961465334,0.021019589557360756,0.0030619582388391083,0.0,0.0,0.10674443883729293,323
133.16,0.11026412918127318,0.021017377431891394,0.003062385705727592,0.0,0.0,0.10677109252314938,323
133.18,0.11028793189046034,0.02101489760774696,0.0030628086467321537,0.0,0.0,0.10679777828736683,323
133.2,0.1103114346541425,0.021012152372033733,0.003063227067097444,0.0,0.0,0.10682442643032972,323
133.22,0.11033486828941666,0.021009149565691145,0.0030636409715102684,0.0,0.0,0.10685103234630751,323
133.24,0.11035885741811967,0.021005905949881557,0.0030640503645523597,0.0,0.0,0.10687773677604918,323
133.26,0.11038308123459015,0.021002403786610453,0.003064455251068001,0.0,0.0,0.10690470061485421,323
133.28,0.11040720596269951,0.02099864538407775,0.0030648556365077484,0.0,0.0,0.10693160822257863,324
133.3,0.11043102852225765,0.020994633058113648,0.003065251525439193,0.0,0.0,0.10695845539276902,324
133.32,0.1104545367124015,0.02099036913273662,0.003065642922555937,0.0,0.0,0.10698523811747748,325
133.34,0.11047775739440995,0.020985855938501115,0.003066043684131233,0.0,0.0,0.10701195262324185,325
133.36,0.11050076235984412,0.020981095814502533,0.003066458994478712,0.0,0.0,0.10703859540388906,325
133.38,0.11052489525941118,0.02097609110754574,0.0030668697807960336,0.0,0.0,0.10706516324972737,325
133.4,0.11054960263795105,0.0209708441719161,0.0030672760480237185,0.0,0.0,0.10709165327295313,326
133.42000000000002,0.11057441371943394,0.020965357369076246,0.0030676777987128103,0.0,0.0,0.10711801316279053,325
133.44,0.11059898476571092,0.020959633048102073,0.003068075039339221,0.0,0.0,0.10714427312336658,325
133.46,0.1106232596083827,0.02095367357652033,0.003068467775827647,0.0,0.0,0.10717044876482835,325
133.48,0.11064722986914804,0.0209474813344216,0.0030688560132678296,0.0,0.0,0.10719653867193732,326
133.5,0.11067088733575389,0.020941058706869756,0.0030692397567889046,0.0,0.0,0.10722254183031797,326
133.52,0.1106941586138133,0.020934408083186203,0.0030696190086503855,0.0,0.0,0.10724839233852618,325
133.54,0.11071799433228079,0.02092753183054623,0.0030699937769297476,0.0,0.0,0.10727429417717227,325
133.56,0.11074223482771725,0.02092043234408648,0.0030703640668347217,0.0,0.0,0.1073004250534368,325
133.58,0.11076639911152175,0.020913787200172774,0.0030707298795589638,0.0,0.0,0.10732669102865566,325
133.6,0.11079030141590823,0.020907921277310934,0.0030711070003072226,0.0,0.0,0.10735303686116997,325
133.62,0.11081396003070111,0.02090258936060518,0.0030714925475356977,0.0,0.0,0.10737929767070023,326
133.64000000000001,0.11083733714694188,0.020898536737784742,0.0030718735871393616,0.0,0.0,0.10740547548195575,326
133.66,0.11086041634809336,0.020894996946698746,0.0030722501245368165,0.0,0.0,0.10743157277488492,326
133.68,0.11088319337259492,0.020892504653886725,0.003072622165280486,0.0,0.0,0.10745804315540156,326
133.7,0.11090566416163841,0.020890852322631562,0.003072989714662403,0.0,0.0,0.10748491630957743,326
133.72,0.1109280847404652,0.020889735003333795,0.0030733527781728587,0.0,0.0,0.10751188616326358,326
133.74,0.11095145390013997,0.020889267301746544,0.0030737113613528715,0.0,0.0,0.10753908871841607,324
133.76,0.1109745962695433,0.02088853959402397,0.0030740654699589888,0.0,0.0,0.10756622793626636,324
133.78,0.11099745886813646,0.020889176868069164,0.003074415109568545,0.0,0.0,0.10759330879358284,324
133.8,0.11102003698865659,0.0208902024937473,0.0030747602855921733,0.0,0.0,0.1076203365818172,324
133.82,0.11104232846596164,0.020890971896878684,0.003075101003677344,0.0,0.0,0.10764731685924593,324
133.84,0.11106433108034365,0.0208914674391615,0.003075437269500121,0.0,0.0,0.10767425539746313,324
133.86,0.11108697968619966,0.0208916905734144,0.003075769085432872,0.0,0.0,0.10770110785573195,324
133.88,0.11110989099315469,0.020891642704929655,0.003076096458983712,0.0,0.0,0.10772790620332438,324
133.9,0.11113293194562812,0.02089134388466282,0.00307641939384951,0.0,0.0,0.10775461938077575,325
133.92000000000002,0.1111563103303512,0.020890783731407566,0.0030767378992034647,0.0,0.0,0.10778131494162037,325
133.94,0.11117985162936,0.020889982514100073,0.0030770519808477363,0.0,0.0,0.1078079988436381,326
133.96,0.11120330565445528,0.020889939959773812,0.003077361644607122,0.0,0.0,0.10783467691753884,326
133.98,0.11122676612259011,0.020892584080398353,0.0030776668964174756,0.0,0.0,0.10786135482454565,327
134.0,0.11125040962395738,0.020896758703864208,0.003077976741027387,0.0,0.0,0.10788803802168984,328
134.02,0.11127483619123274,0.02090062873282936,0.0030783076726813518,0.0,0.0,0.10791473173516683,327
134.04,0.11129941778386382,0.02090419965300541,0.0030786604528650896,0.0,0.0,0.10794144094159853,327
134.06,0.11132440447850009,0.020907489259048017,0.0030790087480019987,0.0,0.0,0.10796817035657737,326
134.08,0.11134920196696063,0.02091047758486449,0.0030793525639154426,0.0,0.0,0.10799492442949536,325
134.1,0.11137428165209128,0.020913165780825558,0.003079691906449104,0.0,0.0,0.10802170734341171,325
134.12,0.11139945147595985,0.020917203217904197,0.0030800267816461628,0.0,0.0,0.108048523018601,325
134.14000000000001,0.11142492260204034,0.02092114368171659,0.0030803641556484047,0.0,0.0,0.10807537511845436,325
134.16,0.111450488701289,0.020924776228598542,0.003080737809962371,0.0,0.0,0.10810242201498217,325
134.18,0.11147608800840766,0.02092811818429547,0.0030811217745518667,0.0,0.0,0.10812984699009219,325
134.2,0.11150149479079682,0.020931146793119217,0.0030815011983174076,0.0,0.0,0.10815731726465663,325
134.22,0.11152670355968604,0.020935441299752236,0.003081876087083691,0.0,0.0,0.10818483554631575,325
134.24,0.11155194045991615,0.02093983666857409,0.003082277378522016,0.0,0.0,0.10821240432080673,326
134.26,0.11157866146159309,0.02094391319189786,0.003082708610532426,0.0,0.0,0.10824027957356631,325
134.28,0.11160604027407887,0.020947672337180364,0.003083135255989954,0.0,0.0,0.10826841518020021,324
134.3,0.11163388628507309,0.020951115598630693,0.003083546524204355,0.0,0.0,0.10829655596236093,324
134.32,0.1116616137020436,0.02095424445904904,0.003083950121274005,0.0,0.0,0.1083247399582492,325
134.34,0.11168923633378208,0.02095706046461319,0.003084349143714398,0.0,0.0,0.1083529833075852,326
134.36,0.11171674995690566,0.020959639018626405,0.0030847435973510406,0.0,0.0,0.10838168340143117,325
134.38,0.11174457858328837,0.020963820781928492,0.003085133488024994,0.0,0.0,0.10841054323952369,324
134.4,0.11177481524864129,0.02096966488130122,0.00308551882159256,0.0,0.0,0.10843946572132698,323
134.42000000000002,0.11180589300620135,0.020975258794281044,0.003085899604053797,0.0,0.0,0.10846845208403068,323
134.44,0.11183694574830108,0.020982630439667874,0.0030862758412270102,0.0,0.0,0.10849750361205598,323
134.46,0.11186795480673789,0.020989655443583607,0.003086654921294781,0.0,0.0,0.10852656459587574,323
134.48,0.11189891571639536,0.020996335155959632,0.0030870336266742605,0.0,0.0,0.10855608716188865,324
134.5,0.11192984743279412,0.021002670249053234,0.0030874077825742015,0.0,0.0,0.10858571055819315,324
134.52,0.11196074875569512,0.021008661909303228,0.0030877773949669974,0.0,0.0,0.10861540545878474,324
134.54,0.11199161874123166,0.02101431136757746,0.0030881424698390126,0.0,0.0,0.108645541402097,325
134.56,0.11202245674977432,0.021019619883029802,0.0030885030131905093,0.0,0.0,0.10867630347189657,325
134.58,0.11205326248407871,0.021024588757607432,0.003088859031035584,0.0,0.0,0.1087071445127846,324
134.6,0.11208406447560103,0.021029219330135605,0.0030892105294021183,0.0,0.0,0.10873806832677954,324
134.62,0.11211484732621636,0.021033512974958465,0.003089561716930199,0.0,0.0,0.10876907921549026,324
134.64000000000001,0.11214559960042107,0.021037471100491652,0.003089936955319425,0.0,0.0,0.10880018198297374,324
134.66,0.11217632249759811,0.021041095147633648,0.0030903313497828468,0.0,0.0,0.10883138192381059,323
134.68,0.11220706614642167,0.021044386588739347,0.0030907532892702526,0.0,0.0,0.10886268479654286,322
134.7,0.11223823140315428,0.02104830626198042,0.0030911789601526817,0.0,0.0,0.10889409678316211,321
134.72,0.11226973622233302,0.021052320172629185,0.0030916000915765835,0.0,0.0,0.10892562031790526,322
134.74,0.11230130188273392,0.02105601503360502,0.0030920390939237845,0.0,0.0,0.10895719389904021,322
134.76,0.11233286107487792,0.021059379344894175,0.0030924824073142853,0.0,0.0,0.10898889714459596,322
134.78,0.11236440205330993,0.021062414687805973,0.0030929210679753517,0.0,0.0,0.10902078816109678,321
134.8,0.11239668889891488,0.02106512266593773,0.0030933550820471498,0.0,0.0,0.10905323096556109,321
134.82,0.11242963614058904,0.021067950215076826,0.0030937844556951054,0.0,0.0,0.10908582467158756,321
134.84,0.11246266367477904,0.021074109599874408,0.0030941921676694256,0.0,0.0,0.10911852886309979,321
134.86,0.11249606063612594,0.02107991572290794,0.0030945926899183136,0.0,0.0,0.10915136624943986,321
134.88,0.11252955990967342,0.02108536989748741,0.003094988782500474,0.0,0.0,0.10918432651891527,322
134.9,0.112563090521351,0.021091203857259887,0.003095380310479097,0.0,0.0,0.1092174648222382,322
134.92000000000002,0.11259661660255552,0.021097952792894694,0.003095767292886005,0.0,0.0,0.10925075007568905,323
134.94,0.11263044244400647,0.021104343242783583,0.003096163539545049,0.0,0.0,0.10928416983615559,323
134.96,0.11266452026228682,0.02111037637277951,0.0030965872933560144,0.0,0.0,0.10931771516069089,323
134.98,0.11269922954723012,0.021116053387905828,0.0030970064165244133,0.0,0.0,0.1093514590092609,323
135.0,0.11273398791606096,0.021121375509107247,0.0030974209152052606,0.0,0.0,0.10938540498119151,323
135.02,0.11276879323382007,0.02112634397123344,0.0030978307952627053,0.0,0.0,0.10941955601905821,323
135.04,0.11280364251969593,0.021130960023857795,0.0030982569923522587,0.0,0.0,0.10945391439148977,323
135.06,0.11283853192969344,0.021135224934141692,0.00309868873564294,0.0,0.0,0.10948848168288057,323
135.08,0.11287345674426534,0.021139139987982686,0.0030991158387877124,0.0,0.0,0.10952325878841247,323
135.1,0.1129083812218604,0.021142706491777685,0.003099538308066367,0.0,0.0,0.10955821579163588,323
135.12,0.1129432890407322,0.021145925761537475,0.0030999561495713263,0.0,0.0,0.10959354712984774,323
135.14000000000001,0.11297821281220699,0.02114879913334627,0.003100369368973013,0.0,0.0,0.1096293403693178,323
135.16,0.11301318161138892,0.02115132798624013,0.003100777972531698,0.0,0.0,0.1096653395563839,323
135.18,0.11304818409349485,0.021154628669527914,0.003101181966074583,0.0,0.0,0.10970154212546356,323
135.2,0.11308343602388632,0.02115795353349596,0.003101581355631281,0.0,0.0,0.10973794480472565,323
135.22,0.11311939425254695,0.021160930669227026,0.0031019761472830224,0.0,0.0,0.109774543602464,322
135.24,0.11315535367901516,0.02116356160992851,0.003102380456460305,0.0,0.0,0.10981133378887699,323
135.26,0.1131913023442361,0.021165847923363047,0.003102798638674773,0.0,0.0,0.1098483098737273,324
135.28,0.1132272063826469,0.02116779121301835,0.0031032131950805312,0.0,0.0,0.10988544372061886,324
135.3,0.11326424766192175,0.021169418509498158,0.0031036256472527614,0.0,0.0,0.10992269511471162,324
135.32,0.11330205483571151,0.02117070959892383,0.003104055782814171,0.0,0.0,0.10996007967364571,324
135.34,0.11333983393047088,0.021171662736656372,0.003104490113426962,0.0,0.0,0.10999758467655843,324
135.36,0.11337763767677037,0.02117227964587931,0.0031049197976956034,0.0,0.0,0.1100355387399504,324
135.38,0.1134154207243686,0.021173514597031463,0.0031053448417283787,0.0,0.0,0.11007378450613829,324
135.4,0.11345371208470251,0.021174904373406616,0.0031057652515703465,0.0,0.0,0.11011215376209316,325
135.42000000000002,0.11349241419227181,0.021175973896691434,0.0031061810327707834,0.0,0.0,0.11015063405249118,325
135.44,0.11353103769565938,0.021176708969331385,0.0031065921912241867,0.0,0.0,0.11018921199583084,325
135.46,0.1135695993954401,0.021177111586234285,0.003106998732951686,0.0,0.0,0.1102278732974318,326
135.48,0.1136080464280364,0.021177203094390168,0.0031074006638430133,0.0,0.0,0.1102666027729695,326
135.5,0.11364635098392616,0.02117762137290018,0.003107797989648057,0.0,0.0,0.11030538438320645,326
135.52,0.11368504554489796,0.021178996432371516,0.0031081907162447764,0.0,0.0,0.1103442012804671,325
135.54,0.11372471055915782,0.021180034781266604,0.003108578849106902,0.0,0.0,0.1103830318488579,325
135.56,0.11376506575314842,0.021180738486761573,0.0031089858732895105,0.0,0.0,0.11042179653217599,325
135.58,0.11380583509757897,0.021182798040561626,0.003109428988780569,0.0,0.0,0.11046053172860051,325
135.6,0.1138472347219338,0.021184853143867102,0.0031098674334048473,0.0,0.0,0.11049916918841146,324
135.62,0.11388907577154501,0.02118656992265867,0.0031103012159006825,0.0,0.0,0.11053774814776877,325
135.64000000000001,0.11393094171442099,0.021187938219746426,0.0031107520071044126,0.0,0.0,0.11057624857269367,325
135.66,0.11397262322600901,0.02118896049068536,0.003111208674984088,0.0,0.0,0.11061465028632633,325
135.68,0.1140149942659303,0.02118963927650945,0.0031116606503100216,0.0,0.0,0.1106533462160373,325
135.7,0.11405761246679334,0.021189977202515375,0.0031121079523679274,0.0,0.0,0.11069194998742711,326
135.72,0.11410026566687634,0.021189976973848165,0.003112550601583466,0.0,0.0,0.11073039447833147,326
135.74,0.11414265043109623,0.021189966308383185,0.0031129885741885744,0.0,0.0,0.11076866037552444,326
135.76,0.11418474500573271,0.021191288781605287,0.003113421903295506,0.0,0.0,0.11080672895622062,326
135.78,0.11422652828076674,0.021192270448016744,0.003113868013069051,0.0,0.0,0.11084458223526425,326
135.8,0.11426797992796273,0.0211934163863047,0.0031143231902920313,0.0,0.0,0.11088220310639292,326
135.82,0.11430908053051873,0.021195842355563776,0.0031147796787314823,0.0,0.0,0.1109195754751789,326
135.84,0.11434981459887182,0.021199156098290067,0.0031152545708258896,0.0,0.0,0.11095667152715068,326
135.86,0.1143900969883059,0.021202122734303233,0.0031157254213219415,0.0,0.0,0.11099337159517525,326
135.88,0.11442997527491537,0.021204745083201384,0.0031161915615841697,0.0,0.0,0.11102977329798984,326
135.9,0.1144694367745759,0.02120702603619457,0.0031166529814867787,0.0,0.0,0.11106587459470661,326
135.92000000000002,0.11450866124888778,0.021208974631540534,0.003117109715094331,0.0,0.0,0.11110166602794391,326
135.94,0.11454774069276329,0.021210607275532357,0.0031175617512718802,0.0,0.0,0.11113713246410946,326
135.96,0.11458624502766393,0.021211927703844478,0.0031180090741875608,0.0,0.0,0.11117215295391912,326
135.98,0.11462428197654893,0.021212948884427877,0.0031184817631190916,0.0,0.0,0.11120683939013083,327
136.0,0.11466190228896438,0.021213643440377798,0.003118952342724454,0.0,0.0,0.11124140362244224,327
136.02,0.11469964471768962,0.02121401439398627,0.0031194181915073066,0.0,0.0,0.11127588290017203,327
136.04,0.11473692597224562,0.021214064773725942,0.0031198793304130306,0.0,0.0,0.11131002831128681,327
136.06,0.11477374340220148,0.021213797610287178,0.003120335745809719,0.0,0.0,0.11134384151207179,327
136.08,0.1148100957352969,0.021213215932774174,0.0031207874434174745,0.0,0.0,0.11137732567471473,327
136.1,0.11484598301406453,0.021212322765076518,0.0031212344290007183,0.0,0.0,0.11141083537663474,327
136.12,0.11488140651848333,0.021211121122434118,0.0031216767083715262,0.0,0.0,0.11144413483814607,328
136.14000000000001,0.1149163850616668,0.021209614008216013,0.003122114287393009,0.0,0.0,0.11147712262935054,328
136.16,0.11495092923095858,0.0212085937122679,0.0031225471719827183,0.0,0.0,0.11150980726150313,328
136.18,0.1149850060245356,0.021210021496748267,0.003122975389460639,0.0,0.0,0.1115421841789009,328
136.2,0.11501858244195118,0.02121148273423656,0.0031233989396245347,0.0,0.0,0.11157422578434507,329
136.22,0.11505171665032099,0.021212617693352736,0.0031238178122576076,0.0,0.0,0.1116059957640981,329
136.24,0.11508441493467118,0.021213428845053728,0.003124232013707632,0.0,0.0,0.11163750613886879,329
136.26,0.1151166838837736,0.021213918625587618,0.0031246415499727193,0.0,0.0,0.11166876942217817,330
136.28,0.11514892288675763,0.02121408943623805,0.0031250464273447224,0.0,0.0,0.11169979844559036,329
136.3,0.11518085066628218,0.021213943643631248,0.0031254466673017213,0.0,0.0,0.11173060617694595,329
136.32,0.11521312888539416,0.02121348358061672,0.003125842268733187,0.0,0.0,0.11176165381756027,329
136.34,0.11524520389454908,0.02121271154772201,0.0031262332306884024,0.0,0.0,0.11179251602658848,330
136.36,0.11527691466093111,0.021211629815170132,0.0031266195597439367,0.0,0.0,0.11182341836401813,330
136.38,0.11530828437995215,0.02121145939680964,0.003127001262674312,0.0,0.0,0.11185438477626088,331
136.4,0.11533932678484266,0.021211443198846658,0.003127378346153817,0.0,0.0,0.11188518910857752,331
136.42000000000002,0.1153700190847748,0.021211108062675506,0.003127762047443881,0.0,0.0,0.11191584131121766,331
136.44,0.11540036350402076,0.021210464794338888,0.0031281611315344374,0.0,0.0,0.11194635025861883,331
136.46,0.11543030677459468,0.021210966464302008,0.003128555571678094,0.0,0.0,0.11197701472874932,331
136.48,0.11545986506267701,0.021213055073654577,0.0031289771118504857,0.0,0.0,0.11200762819976534,331
136.5,0.11548929291687397,0.021214818499651532,0.003129394832725843,0.0,0.0,0.11203807329865696,331
136.52,0.11551968652724813,0.02121625900902189,0.003129808823738555,0.0,0.0,0.11206839716692957,331
136.54,0.11554979552664105,0.021217366152558897,0.0031302500460812905,0.0,0.0,0.11209860185168267,332
136.56,0.11557958059886103,0.0212181626151754,0.0031306865924607356,0.0,0.0,0.11212868790504162,332
136.58,0.11560904543050006,0.021218634764144213,0.003131118446558903,0.0,0.0,0.11215865439666818,332
136.6,0.11563859775404285,0.021218780032473107,0.0031315456157503174,0.0,0.0,0.11218849894935079,332
136.62,0.11566826011626004,0.021218600627819155,0.0031319681350090714,0.0,0.0,0.1122182074474104,333
136.64000000000001,0.11569791385846333,0.021218098812122957,0.0031323861492506423,0.0,0.0,0.11224772342364453,333
136.66,0.11572794517292247,0.021217276823840493,0.003132799501484544,0.0,0.0,0.11227731262921659,334
136.68,0.11575765791359899,0.021216136969389777,0.0031332082193123306,0.0,0.0,0.11230700757531309,334
136.70000000000002,0.11578703810396147,0.021214681605333546,0.003133612291683167,0.0,0.0,0.11233654917146856,334
136.72,0.11581622817952543,0.021212913135831703,0.003134011724412843,0.0,0.0,0.11236592823823231,335
136.74,0.1158456557611649,0.02121083401575633,0.0031344065249382866,0.0,0.0,0.11239539613413418,335
136.76,0.11587472943895102,0.021208446753219368,0.0031347967013242457,0.0,0.0,0.11242488085723436,335
136.78,0.11590343300908808,0.021205753911485346,0.0031351823124443905,0.0,0.0,0.1124541715641599,335
136.8,0.11593258345313948,0.021202758110251272,0.0031355906009761856,0.0,0.0,0.11248325739766195,335
136.82,0.11596194606960722,0.02119946203010738,0.003135999739159415,0.0,0.0,0.11251212750375507,335
136.84,0.11599108796441987,0.021195868401426215,0.0031364042820407083,0.0,0.0,0.11254077119752354,335
136.86,0.11601984752373068,0.02119198001421025,0.0031368365221444415,0.0,0.0,0.11256917812199327,333
136.88,0.11604819902217353,0.021187799714005924,0.0031372966470143994,0.0,0.0,0.11259733839740821,334
136.9,0.11607612815587351,0.021183330400226203,0.003137752059604871,0.0,0.0,0.11262524275863332,335
136.92000000000002,0.11610362119937687,0.02118044009373785,0.003138202766684387,0.0,0.0,0.11265288267889904,336
136.94,0.1161306651081924,0.02117736897931582,0.0031386487748792063,0.0,0.0,0.11268025047860993,336
136.96,0.11615724760545076,0.02117400564698652,0.0031390900908302008,0.0,0.0,0.11270733941848779,336
136.98,0.11618335725243034,0.021170352982479018,0.003139526721154136,0.0,0.0,0.1127341437768124,336
137.0,0.11620901514309623,0.02116641390277678,0.0031399587226956117,0.0,0.0,0.11276065891097715,336
137.02,0.11623419281544971,0.02116219135596268,0.003140386093005,0.0,0.0,0.11278688130392815,337
137.04,0.11625886913723833,0.021158543566616658,0.0031408198889679483,0.0,0.0,0.11281280859633369,337
137.06,0.11628303641801614,0.021155126271864135,0.003141270246485673,0.0,0.0,0.11283843960550205,337
137.08,0.11630668793358734,0.021151435974030165,0.003141715904612451,0.0,0.0,0.11286377433215124,336
137.1,0.11632981791324741,0.021147498288570717,0.003142156869547649,0.0,0.0,0.11288881395615438,336
137.12,0.11635242151669424,0.021143302875367757,0.003142593147453193,0.0,0.0,0.11291356082232967,336
137.14000000000001,0.11637458066172383,0.021138837302268832,0.0031430247476421412,0.0,0.0,0.11293801841726102,336
137.16,0.11639692061063331,0.021134446126619324,0.0031434797603854367,0.0,0.0,0.11296214822889447,336
137.18,0.11641901981184498,0.02113137894307336,0.0031439303712688734,0.0,0.0,0.11298597539418155,336
137.20000000000002,0.1164409314771182,0.021129397062655077,0.003144376270866424,0.0,0.0,0.11300965091196387,336
137.22,0.1164635246636943,0.021127130420294366,0.0031448174651664204,0.0,0.0,0.11303386096870222,336
137.24,0.11648655300222698,0.021124582154753477,0.003145264653898448,0.0,0.0,0.1130579147159998,336
137.26,0.116509137130078,0.021121755393221735,0.0031457517730185134,0.0,0.0,0.11308208104668763,336
137.28,0.11653128107029354,0.021118673154325893,0.0031462418584259715,0.0,0.0,0.1131060092351342,337
137.3,0.11655360766193344,0.021115324321309983,0.003146727220425313,0.0,0.0,0.11312984291658465,337
137.32,0.11657582877892864,0.021111706254580132,0.0031472078313211395,0.0,0.0,0.11315378661439882,337
137.34,0.11659795358130703,0.021107821999959094,0.0031476836852510934,0.0,0.0,0.11317752614277066,337
137.36,0.11662003845509822,0.021103787874060073,0.003148154788021936,0.0,0.0,0.11320107402671184,337
137.38,0.1166417660044514,0.021100865147795505,0.0031486211454430013,0.0,0.0,0.11322444313015766,336
137.4,0.11666314369536639,0.02109767691317755,0.003149082763327751,0.0,0.0,0.1132480865842101,336
137.42000000000002,0.11668417893734896,0.02109422615242266,0.003149539647495123,0.0,0.0,0.11327160075708874,336
137.44,0.11670511473152023,0.021090515814541105,0.003149991800175985,0.0,0.0,0.11329492700775978,336
137.46,0.11672591518360034,0.021087816947145697,0.0031504392291424885,0.0,0.0,0.11331810979269313,336
137.48,0.1167465504039614,0.021087989439167846,0.0031508819423093923,0.0,0.0,0.11334164214592837,336
137.5,0.11676770891098259,0.021087867642487965,0.003151319952042121,0.0,0.0,0.11336507264002155,336
137.52,0.11678926136356146,0.021087460788165684,0.0031517532571183784,0.0,0.0,0.11338841335605963,336
137.54,0.11681092405167783,0.02108803918291581,0.0031521818914083647,0.0,0.0,0.11341167581041334,336
137.56,0.11683245745960398,0.02108832594004823,0.003152605843264846,0.0,0.0,0.11343487085641883,336
137.58,0.11685461816539557,0.021088322913082377,0.0031530251073637184,0.0,0.0,0.11345800859661745,336
137.6,0.11687734667122636,0.021088504342949507,0.003153439689585549,0.0,0.0,0.11348109830750433,336
137.62,0.11689986076976891,0.021089225640230982,0.0031538496147350075,0.0,0.0,0.11350411505402104,336
137.64000000000001,0.11692214227730875,0.021089669000015514,0.0031542685347696205,0.0,0.0,0.11352706156696918,336
137.66,0.11694423070778094,0.021089826700122438,0.003154701787339854,0.0,0.0,0.11354998244738822,335
137.68,0.11696612631560137,0.021089700556375705,0.0031551303345853494,0.0,0.0,0.11357330108279341,335
137.70000000000002,0.11698813212487183,0.02108929405987917,0.003155554187154989,0.0,0.0,0.11359660844964005,335
137.72,0.11701045556366528,0.021088648848687296,0.0031559734031505757,0.0,0.0,0.11362021052582395,336
137.74,0.11703261248169075,0.021087732614509393,0.0031563879402317723,0.0,0.0,0.11364392632234524,336
137.76,0.11705459980690802,0.02108653992639138,0.0031567977974088276,0.0,0.0,0.1136676334421057,337
137.78,0.11707641350502948,0.02108507271136204,0.00315721321928922,0.0,0.0,0.11369133285971653,338
137.8,0.11709852568056213,0.02108333292960725,0.0031576464045947523,0.0,0.0,0.11371502480266678,337
137.82,0.11712103942995208,0.021081930555232827,0.0031580748803621697,0.0,0.0,0.11373870883057927,337
137.84,0.1171433726268179,0.021080935854004477,0.00315849864997022,0.0,0.0,0.11376278322533757,337
137.86,0.11716572041771063,0.0210796715019135,0.0031589177207873563,0.0,0.0,0.11378699069371281,337
137.88,0.11718818844087865,0.02107813953699398,0.0031593320997386574,0.0,0.0,0.11381150981955435,337
137.9,0.11721046003757708,0.021076342082377998,0.003159741792766207,0.0,0.0,0.11383601325907029,337
137.92000000000002,0.11723252715022528,0.02107428130154537,0.0031601468058234496,0.0,0.0,0.11386049865527054,337
137.94,0.11725438146751826,0.02107355974252093,0.003160547145054294,0.0,0.0,0.11388496357853853,337
137.96,0.11727601452239338,0.021076772730973106,0.003160942816411924,0.0,0.0,0.11390940563193529,337
137.98,0.11729741778710229,0.0210801276706836,0.0031613338257317418,0.0,0.0,0.11393426061077214,339
138.0,0.11731912029405196,0.0210831797910364,0.0031617201790162404,0.0,0.0,0.11395911052827214,339
138.02,0.11734089746680416,0.021085919416230663,0.0031621018824103068,0.0,0.0,0.11398437811978077,339
138.04,0.11736245094746843,0.021088348296841874,0.003162478941917229,0.0,0.0,0.11400962638397234,340
138.06,0.11738377382883337,0.02109046822873032,0.003162851363509454,0.0,0.0,0.11403484251118709,340
138.08,0.11740488095492677,0.02109228105251387,0.0031632191533426213,0.0,0.0,0.11406002624852989,340
138.1,0.11742576207423025,0.02109378865007761,0.0031635823176778834,0.0,0.0,0.11408559182652457,340
138.12,0.11744703324977034,0.021094992941300017,0.003163940862370212,0.0,0.0,0.114111172032333,340
138.14000000000001,0.11746891264091114,0.021095895880899884,0.0031642948000938924,0.0,0.0,0.11413672226142237,340
138.16,0.11749091764057583,0.02109649945626329,0.0031646441630266598,0.0,0.0,0.11416224485581652,340
138.18,0.1175141279230777,0.021097292939386208,0.0031649889240867282,0.0,0.0,0.11418774283580754,340
138.20000000000002,0.11753720206067246,0.021098591596376462,0.003165357268192312,0.0,0.0,0.11421321988437598,340
138.22,0.11756017987748565,0.021099593706473536,0.0031657697563892756,0.0,0.0,0.11423890818667891,340
138.24,0.11758302087262054,0.021100323373387648,0.0031662187339596866,0.0,0.0,0.11426481668328448,340
138.26,0.11760571425848619,0.021100763969518363,0.003166669473245067,0.0,0.0,0.11429071834181383,341
138.28,0.11762826149148461,0.02110091419787031,0.00316711547047472,0.0,0.0,0.11431661910492297,341
138.3,0.11765066431111504,0.021100776148452897,0.003167556715685668,0.0,0.0,0.11434252533682347,341
138.32,0.1176729246662042,0.0211003519209248,0.003167993214844918,0.0,0.0,0.11436844375470963,341
138.34,0.11769574366496334,0.021099643623256545,0.0031684249740131314,0.0,0.0,0.11439489568775162,341
138.36,0.11771872229112777,0.021098653371604527,0.0031688519999913877,0.0,0.0,0.11442180308623393,341
138.38,0.11774164334399205,0.0210983371474616,0.003169274316346851,0.0,0.0,0.11444874302234304,341
138.4,0.11776484891908828,0.02109987103618432,0.0031696919110038866,0.0,0.0,0.11447572294334009,340
138.42000000000002,0.11778844669496973,0.021101355170650822,0.0031701047901033777,0.0,0.0,0.11450275032894501,340
138.44,0.11781219908092257,0.021102547696422412,0.0031705129598075706,0.0,0.0,0.11452983264628185,340
138.46,0.1178361024336248,0.021103450567378793,0.003170916426300222,0.0,0.0,0.11455697731461353,340
138.48,0.11786045321216367,0.021104065670795494,0.0031713151958819193,0.0,0.0,0.11458419168046007,340
138.5,0.11788492591059636,0.021104419811028476,0.00317170927082274,0.0,0.0,0.1146114263602492,340
138.52,0.11790930788740804,0.02110449107234586,0.003172098660388837,0.0,0.0,0.11463873384472428,341
138.54,0.1179336123644927,0.021104280314145737,0.0031724833715777935,0.0,0.0,0.1146661325712155,340
138.56,0.11795795249031196,0.02110378947171685,0.003172863410807593,0.0,0.0,0.11469362954731005,340
138.58,0.11798260688195154,0.02110302048248611,0.0031732452585893664,0.0,0.0,0.11472123172579969,339
138.6,0.11800816084585421,0.0211019752875427,0.00317364477682555,0.0,0.0,0.1147489460282039,338
138.62,0.11803441516179954,0.0211006558314135,0.003174039590152239,0.0,0.0,0.11477677937076383,338
138.64000000000001,0.11806116374479134,0.021099064062217853,0.00317442970491952,0.0,0.0,0.11480473869089998,338
138.66,0.1180879229617389,0.021097201931729374,0.003174815127280662,0.0,0.0,0.11483283097218176,338
138.68,0.11811517705472663,0.021095308715782857,0.003175195863604634,0.0,0.0,0.11486106326603082,337
138.70000000000002,0.11814251695084443,0.021094204489896032,0.00317557192028092,0.0,0.0,0.1148897114212154,337
138.72,0.11816987653664231,0.021093082354830497,0.0031759433085147863,0.0,0.0,0.11491870721926406,337
138.74,0.11819725891206188,0.02109339128432191,0.0031763100322530404,0.0,0.0,0.11494786413332508,337
138.76,0.11822470373906725,0.021093425198395438,0.003176672095613086,0.0,0.0,0.11497718959082884,337
138.78,0.11825219288175169,0.021093185866214698,0.003177029505060141,0.0,0.0,0.11500706091088783,337
138.8,0.11827975829728846,0.021092674949318893,0.003177382267076201,0.0,0.0,0.11503723703024282,337
138.82,0.11830749711801032,0.021091894158814295,0.0031777304208824683,0.0,0.0,0.115067793667955,337
138.84,0.1183356485566302,0.021090845189373063,0.0031780968285395074,0.0,0.0,0.11509870390583825,338
138.86,0.11836422288960315,0.02108952971505544,0.0031784680382116355,0.0,0.0,0.1151297956795878,338
138.88,0.11839284935049084,0.02108956162191154,0.0031788345791973825,0.0,0.0,0.11516110034666115,338
138.9,0.11842149714857958,0.021093025601021918,0.0031791925472111336,0.0,0.0,0.11519271039980049,338
138.92000000000002,0.11845013334147889,0.021098205733484435,0.0031795393700031604,0.0,0.0,0.11522485926220401,338
138.94,0.11847882562078711,0.02110368883713317,0.003179914070560981,0.0,0.0,0.11525724233379732,338
138.96,0.11850760684251158,0.02110884812717305,0.003180310130998258,0.0,0.0,0.11529031038062487,338
138.98,0.1185369458362135,0.021113684704349767,0.003180701497664187,0.0,0.0,0.11532411858265326,337
139.0,0.11856720781852678,0.021118199672304314,0.0031810881579349783,0.0,0.0,0.11535820046820788,337
139.02,0.11859754823384232,0.02112296097984272,0.0031814701182389677,0.0,0.0,0.11539254134316228,336
139.04,0.11862799091491219,0.02112839599136571,0.0031818515907966,0.0,0.0,0.11542712883804743,335
139.06,0.1186587606746996,0.021134785652046732,0.003182268261668685,0.0,0.0,0.1154619149167974,336
139.08,0.11869077372098773,0.021140990871998454,0.0031826985831370108,0.0,0.0,0.11549697610909715,336
139.1,0.11872318074245662,0.02114687211513746,0.003183137482922442,0.0,0.0,0.11553231694992001,336
139.12,0.1187559745951668,0.021152456374526875,0.0031835716013478583,0.0,0.0,0.11556794151300567,336
139.14000000000001,0.11878913549424763,0.021157712545957087,0.003184000942574633,0.0,0.0,0.11560385337384918,336
139.16,0.11882287539923488,0.021162637737645665,0.0031844449219181566,0.0,0.0,0.11564005556841027,336
139.18,0.11885690531253383,0.02116723321106855,0.003184896730337615,0.0,0.0,0.11567655054754807,337
139.20000000000002,0.11889155253352876,0.02117150023540316,0.003185343733185228,0.0,0.0,0.11571334012775863,338
139.22,0.11892688369557056,0.021175626688254956,0.0031857859365191595,0.0,0.0,0.1157504254394139,337
139.24,0.11896265360989156,0.021180928958554453,0.003186223346355583,0.0,0.0,0.11578780687429377,337
139.26,0.11899873898743217,0.021185889941442975,0.0031866559686670112,0.0,0.0,0.11582548403471969,337
139.28,0.11903492669569411,0.021190536820280374,0.003187114866976221,0.0,0.0,0.11586344046206318,337
139.3,0.11907116323623343,0.02119532824154734,0.003187572007978903,0.0,0.0,0.11590172112689559,337
139.32,0.11910750018443698,0.021201250779072173,0.0031880243383196356,0.0,0.0,0.11594065768821671,336
139.34,0.11914438658664737,0.021208083573522583,0.0031884718617174444,0.0,0.0,0.11597987914449752,335
139.36,0.1191821908062384,0.02121458793262354,0.003188914581171318,0.0,0.0,0.11601938064040003,335
139.38,0.1192207103221884,0.021221404672555802,0.003189354261822223,0.0,0.0,0.11605915641524471,336
139.4,0.1192594794093007,0.021229164785913718,0.0031898187100581885,0.0,0.0,0.1160991998372916,336
139.42000000000002,0.11929827624933585,0.021236585766469997,0.00319030945826673,0.0,0.0,0.11613976731458005,335
139.44,0.11933739856749012,0.021243651189330547,0.003190796122100211,0.0,0.0,0.1161807102690916,335
139.46,0.11937721429783907,0.021250362370151973,0.003191277917678942,0.0,0.0,0.11622189582072863,335
139.48,0.1194172979212084,0.021256720669409673,0.003191754871557617,0.0,0.0,0.11626324925643593,334
139.5,0.11945769435418674,0.021262727465844164,0.003192239932980423,0.0,0.0,0.11630480724241524,334
139.52,0.11949872074175238,0.02126838420669638,0.0031927369162747174,0.0,0.0,0.11634652155811295,334
139.54,0.11954006058957321,0.02127369237377352,0.0031932290200768028,0.0,0.0,0.11638843861156618,334
139.56,0.11958153083480583,0.0212786535243628,0.003193716238363458,0.0,0.0,0.11643054786710284,333
139.58,0.1196234806672859,0.021283269268487993,0.0031941985726462634,0.0,0.0,0.11647283880070637,333
139.6,0.11966545540573827,0.021287541276207755,0.003194676029865829,0.0,0.0,0.11651530100430513,333
139.62,0.11970746718985908,0.021291471259111378,0.0031951486163306372,0.0,0.0,0.11655792427881495,333
139.64000000000001,0.11975023350259119,0.021295527952273276,0.0031956163349488105,0.0,0.0,0.11660069871382349,334
139.66,0.1197935452827305,0.021300257781726492,0.003196079189101988,0.0,0.0,0.11664351235752293,334
139.68,0.11983683720995092,0.021304641993674493,0.003196537185144524,0.0,0.0,0.11668642277882915,334
139.70000000000002,0.1198801325133871,0.021308682567529633,0.003196990329369298,0.0,0.0,0.1167295312735322,334
139.72,0.11992341898517996,0.02131239562000916,0.0031974386272276734,0.0,0.0,0.11677314395504249,334
139.74,0.11996672977525259,0.021315780538101025,0.003197882084198248,0.0,0.0,0.11681686382404477,335
139.76,0.12001047540457747,0.02131882805966456,0.0031983207077255237,0.0,0.0,0.11686068357028133,335
139.78,0.12005419294421427,0.021321540360999175,0.0031987545038077,0.0,0.0,0.1169045963498335,335
139.8,0.12009786795147087,0.02132391966325776,0.003199183475370896,0.0,0.0,0.11694859069601148,336
139.82,0.12014162918582134,0.02132598026740842,0.0031996076217597814,0.0,0.0,0.11699255955237321,336
139.84,0.12018561137114633,0.021327725708134942,0.0032000269535785953,0.0,0.0,0.11703658129201094,336
139.86,0.12022952506842395,0.02132960946473717,0.003200441521420504,0.0,0.0,0.11708067322704367,336
139.88,0.12027338228227004,0.021332085386215248,0.0032008513124127426,0.0,0.0,0.11712483072967807,336
139.9,0.12031761826325249,0.021334261332717763,0.003201256308429891,0.0,0.0,0.11716904961687888,336
139.92000000000002,0.12036177334686815,0.02133611297895847,0.003201656515213576,0.0,0.0,0.1172133261655259,336
139.94,0.12040596451286435,0.021338730594019122,0.0032020519385364174,0.0,0.0,0.11725765713436744,336
139.96,0.12045043321245132,0.021341776932445607,0.0032024425842018737,0.0,0.0,0.11730203979195851,337
139.98,0.12049479742685264,0.021344492175320876,0.003202828461779793,0.0,0.0,0.11734647194927882,337
140.0,0.12053942372991235,0.02134687857484978,0.003203209577303659,0.0,0.0,0.11739095199534925,337
140.02,0.12058494085601221,0.02134893841394823,0.003203585935418559,0.0,0.0,0.11743547893390571,337
140.04,0.12063050054579662,0.02135067400014757,0.003203957541232377,0.0,0.0,0.1174800524190678,337
140.06,0.12067711072973811,0.021352094175098875,0.0032043243989332555,0.0,0.0,0.1175246727879335,337
140.08,0.12072366808888856,0.021353218032104902,0.0032046865145106277,0.0,0.0,0.11756934108813823,337
140.1,0.12077016976911019,0.021354196820648215,0.0032050438939855417,0.0,0.0,0.1176140590986121,336
140.12,0.12081706309034716,0.021355992553522805,0.0032053965426064005,0.0,0.0,0.11765881138461971,337
140.14000000000001,0.12086382884320372,0.02135887690279561,0.0032057444649279247,0.0,0.0,0.11770356754361962,337
140.16,0.1209113213700087,0.02136196189354196,0.0032060876693616926,0.0,0.0,0.1177483832591386,337
140.18,0.12095931519477386,0.021365065771636816,0.00320642616235692,0.0,0.0,0.11779326326115566,336
140.20000000000002,0.12100726711280115,0.021369454091150788,0.0032067599497678477,0.0,0.0,0.1178382129713433,334
140.22,0.12105515154881655,0.021373516375619604,0.003207089036027523,0.0,0.0,0.1178832104774836,334
140.24,0.12110295684613855,0.021377247400055033,0.0032074134480615866,0.0,0.0,0.11792824789177567,334
140.26,0.12115112833527206,0.021380649158695333,0.003207733188351137,0.0,0.0,0.11797337502266567,335
140.28,0.12119972039985207,0.021383723660739408,0.0032080482483468017,0.0,0.0,0.11801859954821108,335
140.3,0.1212483504575616,0.02138772756799632,0.003208358634416492,0.0,0.0,0.11806392953266726,335
140.32,0.12129699344003216,0.021392083843093174,0.0032086643529001977,0.0,0.0,0.1181093733374557,335
140.34,0.12134565469713912,0.021397951739535997,0.003208970915958006,0.0,0.0,0.11815493952449233,336
140.36,0.12139433957584327,0.021403462910471276,0.0032092992323278684,0.0,0.0,0.11820063675269946,336
140.38,0.12144305330730287,0.021408619382479573,0.003209622857068358,0.0,0.0,0.11824647366858809,336
140.4,0.12149217792487436,0.021413423175784038,0.0032099417930430644,0.0,0.0,0.11829245879188006,336
140.42000000000002,0.1215416828317539,0.021417876303896907,0.0032102560469054156,0.0,0.0,0.11833860039725672,336
140.44,0.1215914349290136,0.021421980775427868,0.0032105656253673624,0.0,0.0,0.11838490639347268,336
140.46,0.12164162999770332,0.02142573859463725,0.0032108705352872596,0.0,0.0,0.11843138420124577,336
140.48,0.1216919058890234,0.02142915175359927,0.003211170783456305,0.0,0.0,0.11847804063154796,336
140.5,0.1217423096664513,0.021432222240073993,0.0032114663767350755,0.0,0.0,0.11852523542089206,336
140.52,0.12179274946548725,0.021434952041788517,0.0032117681184016954,0.0,0.0,0.11857268151107285,336
140.54,0.12184344691863686,0.021437343127289635,0.0032121051231542423,0.0,0.0,0.11862025224290942,336
140.56,0.12189446317249479,0.02144006145592293,0.003212448034858175,0.0,0.0,0.1186680006313987,337
140.58,0.12194555973943073,0.021443531978643123,0.0032127862239546235,0.0,0.0,0.11871594803037042,337
140.6,0.12199673377015637,0.021446669195193897,0.0032131196976142628,0.0,0.0,0.11876409531151294,338
140.62,0.12204806162621198,0.02144946781034634,0.003213448463087256,0.0,0.0,0.11881244206927674,339
140.64000000000001,0.12209947048028719,0.021451920246218868,0.0032137725277048028,0.0,0.0,0.11886098657897431,339
140.66,0.12215094039326788,0.02145402822006001,0.0032141023629793162,0.0,0.0,0.11890972577436296,339
140.68,0.12220250026460083,0.021455793474634863,0.003214449813708594,0.0,0.0,0.1189586552460242,339
140.70000000000002,0.12225498757082064,0.021457224683810346,0.0032148090614635277,0.0,0.0,0.11900812673468818,339
140.72,0.122307847041453,0.021458339426805167,0.0032151784869934702,0.0,0.0,0.11905788002598519,340
140.74,0.12236079662882382,0.021459137665156714,0.0032155431557009556,0.0,0.0,0.11910780201936857,340
140.76,0.12241380882907603,0.021459622615162,0.0032159030749947365,0.0,0.0,0.11915788334871182,341
140.78,0.12246685875765864,0.021459777620126713,0.0032162582525590137,0.0,0.0,0.11920811361584553,341
140.8,0.12251993160897937,0.02145960110339034,0.0032166086993039027,0.0,0.0,0.11925848150912265,341
140.82,0.12257301750507513,0.02145909511618571,0.0032169544219210477,0.0,0.0,0.1193089749352408,341
140.84,0.122626730874085,0.021459501033772452,0.0032172954264971026,0.0,0.0,0.1193598359097583,342
140.86,0.12268076534832392,0.021460063936664855,0.003217631721062333,0.0,0.0,0.11941100491169032,342
140.88,0.12273477054864848,0.02146028566796901,0.0032179633137962857,0.0,0.0,0.11946278025404808,342
140.9,0.12278923067788201,0.021460168215967624,0.0032182902127452684,0.0,0.0,0.11951503129936229,342
140.92000000000002,0.12284389558816125,0.021459713644148577,0.003218612444028887,0.0,0.0,0.11956733897543996,342
140.94,0.12289850898116288,0.021458924092559593,0.0032189467272011846,0.0,0.0,0.11961968954172515,342
140.96,0.12295305435648855,0.021457823924135085,0.0032193178788560003,0.0,0.0,0.11967206945359116,342
140.98,0.12300749556594005,0.02145639666389352,0.003219703403160481,0.0,0.0,0.11972444562088311,342
141.0,0.12306178744819331,0.021454641284414627,0.003220103723067273,0.0,0.0,0.1197767760397428,342
141.02,0.12311596649418138,0.02145359789397653,0.003220500521682371,0.0,0.0,0.11982909732564036,342
141.04,0.1231700549108114,0.02145393023786892,0.003220922939710543,0.0,0.0,0.11988139756163631,342
141.06,0.12322399760646222,0.021453930960990852,0.0032213405724507093,0.0,0.0,0.11993366535113348,342
141.08,0.12327778016280265,0.0214536026945057,0.0032217534087372697,0.0,0.0,0.11998588982309974,342
141.1,0.12333138856015224,0.021452948133226464,0.003222161443231059,0.0,0.0,0.1200380606183473,342
141.12,0.12338480914197567,0.02145197003223868,0.0032225646837367506,0.0,0.0,0.12009052216660557,343
141.14000000000001,0.12343802856386696,0.021451856092845438,0.0032229631378413496,0.0,0.0,0.12014301685055087,343
141.16,0.12349142024493207,0.021452356851160745,0.0032233568131272835,0.0,0.0,0.12019573270217457,343
141.18,0.1235446417551355,0.021452530079215302,0.0032237457159858952,0.0,0.0,0.12024850087528938,344
141.20000000000002,0.12359797710995947,0.021452367433313375,0.0032241298505205182,0.0,0.0,0.12030128984158212,344
141.22,0.12365137096286277,0.021451871480824145,0.0032245092285320765,0.0,0.0,0.12035425516436969,344
141.24,0.12370453972794025,0.02145104486485925,0.003224883857530436,0.0,0.0,0.12040710265670358,345
141.26,0.12375747158290111,0.021449890278380176,0.0032252537464541715,0.0,0.0,0.12045982397896682,345
141.28,0.12381019886296812,0.021448726468218215,0.0032256308089146663,0.0,0.0,0.12051281275363607,345
141.3,0.12386267041763074,0.02145053916888732,0.0032260235346339536,0.0,0.0,0.12056571899567033,345
141.32,0.12391486830560404,0.02145239681827459,0.003226411499135302,0.0,0.0,0.12061847264071412,344
141.34,0.12396677950083819,0.0214539008750801,0.003226794703173652,0.0,0.0,0.12067106461571155,344
141.36,0.12401839055092553,0.02145505364532377,0.0032271731537185408,0.0,0.0,0.12072348554827543,343
141.38,0.12406968755222908,0.02145585748433048,0.003227572239404105,0.0,0.0,0.12077572574619967,343
141.4,0.12412065613903639,0.02145631479702662,0.0032279736307015473,0.0,0.0,0.12082777519118194,343
141.42000000000002,0.12417137677838616,0.02145642803820744,0.003228370241477188,0.0,0.0,0.12087962354671326,343
141.44,0.12422218470835279,0.021456982786666075,0.0032287620855609377,0.0,0.0,0.12093126017962547,343
141.46,0.12427263750938074,0.021459590236255065,0.0032291491662063978,0.0,0.0,0.12098267419433856,343
141.48,0.1243227197495963,0.021462099194776804,0.003229531487523387,0.0,0.0,0.121033854478451,343
141.5,0.124372415696822,0.02146424490206133,0.003229909063649827,0.0,0.0,0.12108478975797228,343
141.52,0.12442170937652276,0.021466029790910546,0.003230281901200992,0.0,0.0,0.1211354686602126,343
141.54,0.12447058463500943,0.02146745636377828,0.003230649998610734,0.0,0.0,0.12118587978215145,343
141.56,0.12451899220456963,0.02146852719263331,0.0032310127661801806,0.0,0.0,0.12123598750671435,343
141.58,0.12456698327130619,0.021469244901561154,0.0032313833967591355,0.0,0.0,0.12128577351633259,344
141.6,0.12461511413560558,0.021469612178345057,0.0032317493125517084,0.0,0.0,0.12133525802600344,344
141.62,0.12466353329097081,0.021469631798742925,0.0032321105197697184,0.0,0.0,0.12138481603311868,344
141.64000000000001,0.12471165661239875,0.021469306603807754,0.0032324670246109237,0.0,0.0,0.12143412622099896,344
141.66,0.12475932858754621,0.02146996019223224,0.003232821056303122,0.0,0.0,0.12148308954819842,344
141.68,0.12480698534933142,0.0214705002263995,0.003233183160674033,0.0,0.0,0.12153163299612936,345
141.70000000000002,0.12485424528383969,0.021470709070894427,0.003233569940774214,0.0,0.0,0.12157982411816862,345
141.72,0.12490115810261297,0.02147057926060506,0.003233954553854439,0.0,0.0,0.12162765418064563,345
141.74,0.12494789369029599,0.021470107058048787,0.0032343343971719756,0.0,0.0,0.12167510922806969,345
141.76,0.12499406485261454,0.021469295795976912,0.003234709472766004,0.0,0.0,0.12172212418544062,345
141.78,0.12503987219226448,0.021468148826404788,0.00323508156064006,0.0,0.0,0.12176875516859788,345
141.8,0.12508558337211403,0.021466669571441815,0.0032354753669407445,0.0,0.0,0.1218149956641638,345
141.82,0.1251307329231515,0.02146486149303259,0.0032358643757115467,0.0,0.0,0.12186079025494127,346
141.84,0.12517572400848906,0.021462728068535348,0.0032362613793146112,0.0,0.0,0.12190616236365377,346
141.86,0.1252203020700666,0.02146027281970022,0.0032366715361409745,0.0,0.0,0.12195112805365878,347
141.88,0.12526434135855963,0.021457521658368103,0.003237076879728584,0.0,0.0,0.12199607064894855,347
141.9,0.1253083066915171,0.021455998061839232,0.003237477416007321,0.0,0.0,0.12204067297695326,347
141.92000000000002,0.12535191724946151,0.021454686222062275,0.0032378736817037985,0.0,0.0,0.12208485741727014,346
141.94,0.12539491529208027,0.021453044809950673,0.0032383118940717474,0.0,0.0,0.1221285438022727,346
141.96,0.12543731783648973,0.021451077228822186,0.0032387610717771595,0.0,0.0,0.12217175285409818,347
141.98,0.12547957395485207,0.021448786907544717,0.0032392062419555594,0.0,0.0,0.12221452101665034,346
142.0,0.1255218997628056,0.021447568551033403,0.003239649246843884,0.0,0.0,0.12225680814273467,347
142.02,0.12556408654403461,0.021446106260466828,0.0032400873856927442,0.0,0.0,0.12229867370827321,348
142.04,0.12560595845408062,0.021444416962754648,0.0032405206668690953,0.0,0.0,0.1223401190017039,348
142.06,0.12564761937184057,0.021443629039591065,0.003240949094851195,0.0,0.0,0.12238114606371008,349
142.08,0.12568877338500042,0.021442522013512925,0.0032413726749487694,0.0,0.0,0.12242210868934823,349
142.1,0.12572940298452914,0.02144109943503212,0.0032417914133227306,0.0,0.0,0.1224627746951111,349
142.12,0.12576952999826002,0.02143975877485948,0.003242205315964613,0.0,0.0,0.12250303265059306,349
142.14000000000001,0.1258091704854086,0.021439386560388,0.0032426144612302706,0.0,0.0,0.1225429998361463,349
142.16,0.12584882194055225,0.021439974209379025,0.0032430382344004437,0.0,0.0,0.12258292831093126,349
142.18,0.12588799220566113,0.021440849134333573,0.003243469001317485,0.0,0.0,0.12262246609419306,348
142.20000000000002,0.12592723398580205,0.02144139372758639,0.0032439210728615157,0.0,0.0,0.12266162078051306,348
142.22,0.12596599985950765,0.021442399099364084,0.0032443728415385157,0.0,0.0,0.12270065850776189,348
142.24,0.12600451794710102,0.02144422880849851,0.003244819716404916,0.0,0.0,0.12273953723503911,349
142.26,0.12604283914809855,0.02144571560815218,0.0032452617021320415,0.0,0.0,0.12277805974482917,349
142.28,0.1260806597677144,0.02144686294051156,0.0032456988026741142,0.0,0.0,0.12281619871555619,350
142.3,0.12611846427073808,0.021447674223932654,0.0032461310242641555,0.0,0.0,0.122853973168604,350
142.32,0.1261560172415865,0.0214481528619232,0.003246558374192831,0.0,0.0,0.12289142550716135,350
142.34,0.12619351900926948,0.0214483022618712,0.003246980871487346,0.0,0.0,0.12292865055111685,350
142.36,0.12623059097612843,0.021448135160461575,0.0032473985119421452,0.0,0.0,0.12296596185884152,350
142.38,0.1262672427728049,0.021447661860964633,0.0032478114098238382,0.0,0.0,0.12300299009164899,350
142.4,0.12630348436455302,0.021446869427826674,0.0032482194851196737,0.0,0.0,0.12303974944867983,350
142.42000000000002,0.12633980756849253,0.021445761192895194,0.0032486227143385055,0.0,0.0,0.12307625451124392,349
142.44,0.1263757606411544,0.02144435294345037,0.003249021103300617,0.0,0.0,0.12311252016915576,349
142.46,0.1264113339619964,0.021442652325468912,0.003249414660126124,0.0,0.0,0.12314856154422897,349
142.48,0.12644704361307707,0.021440697615873826,0.003249803389272869,0.0,0.0,0.12318457254412142,349
142.5,0.1264824710136486,0.021438461006462014,0.0032501872957574032,0.0,0.0,0.12322068762910028,350
142.52,0.12651751055370858,0.02143592482144308,0.003250567092595015,0.0,0.0,0.12325656188657624,350
142.54,0.1265522221645218,0.021433092226706044,0.003250942221393028,0.0,0.0,0.12329226022880001,351
142.56,0.1265866286428201,0.02142997446166414,0.0032513125465324093,0.0,0.0,0.12332781018678562,351
142.58,0.1266207402360838,0.021426584514600285,0.0032516780740349913,0.0,0.0,0.12336322674981584,351
142.6,0.12665505532520827,0.021422907514756045,0.0032520388097537615,0.0,0.0,0.12339852468450133,351
142.62,0.1266898715323413,0.02141894653453823,0.0032523948643189107,0.0,0.0,0.12343371850117174,350
142.64000000000001,0.12672484130068826,0.021414704621504865,0.0032527967173559256,0.0,0.0,0.12346882243014119,350
142.66,0.1267596206413215,0.02141018479808822,0.0032532062501813303,0.0,0.0,0.12350385040707379,351
142.68,0.12679420847763367,0.021405390064255278,0.0032536109338567195,0.0,0.0,0.12353890571482785,352
142.70000000000002,0.12682861412954996,0.02140213095659066,0.003254010774375811,0.0,0.0,0.12357438800479625,352
142.72,0.1268628465041143,0.021398665302908022,0.0032544058342493755,0.0,0.0,0.1236101929804041,352
142.74,0.12689713327813731,0.021394919362725542,0.003254796167568182,0.0,0.0,0.12364597354229706,352
142.76,0.12693157222926396,0.021390898207940812,0.003255181674014353,0.0,0.0,0.1236817421320846,352
142.78,0.12696587871779708,0.021386625279222412,0.0032555727680494426,0.0,0.0,0.12371751089653536,352
142.8,0.12700016837573957,0.021382079975981214,0.0032559769623817358,0.0,0.0,0.12375329168135131,354
142.82,0.12703474668376463,0.021377264885892276,0.003256376298140172,0.0,0.0,0.12378909601837684,354
142.84,0.12706921729477552,0.021372182572777412,0.0032567708025790453,0.0,0.0,0.12382514061742708,354
142.86,0.12710358672394492,0.021366835580780074,0.0032571604597830773,0.0,0.0,0.12386148976993082,354
142.88,0.12713786096930033,0.02136122643222965,0.0032575452753015616,0.0,0.0,0.1238978943507289,354
142.9,0.12717204546823704,0.021355357628696985,0.0032579252545059307,0.0,0.0,0.12393436436759013,354
142.92000000000002,0.12720641080669234,0.021349231652167552,0.0032583004033470224,0.0,0.0,0.12397090935109129,354
142.94,0.12724102330284837,0.021342907439737876,0.003258670727787849,0.0,0.0,0.12400753830997649,354
142.96,0.12727557941758427,0.02133821013549099,0.0032590362361951514,0.0,0.0,0.12404469357833177,354
142.98,0.12731008251472833,0.021333243903340484,0.003259396932965423,0.0,0.0,0.12408199955793851,354
143.0,0.12734499096168705,0.02132801053693637,0.0032597528235428614,0.0,0.0,0.12411983086421344,354
143.02,0.12737989495529836,0.021322512262058314,0.0032601039185741754,0.0,0.0,0.12415782053213857,354
143.04,0.12741475055462445,0.021316751290812924,0.0032604502248448153,0.0,0.0,0.12419592873711816,354
143.06,0.12744984626191164,0.021310729824286518,0.003260791742838014,0.0,0.0,0.1242341605751649,354
143.08,0.1274849459517201,0.021304767533948343,0.0032611284786529466,0.0,0.0,0.12427252041678524,355
143.1,0.12752006532366764,0.021299648355052606,0.0032614787307735523,0.0,0.0,0.12431101190648042,355
143.12,0.12755538392764967,0.02129556486628762,0.0032618375162115367,0.0,0.0,0.12435009318634532,355
143.14000000000001,0.1275906656185693,0.021292561997193416,0.0032621947402295564,0.0,0.0,0.12438931819282825,355
143.16,0.1276263004349584,0.021289901165996307,0.0032625725646816413,0.0,0.0,0.12442868092844384,355
143.18,0.12766202232522011,0.02128698977990064,0.003262945545930043,0.0,0.0,0.12446862986382293,354
143.20000000000002,0.1276977170218526,0.0212845128689395,0.0032633138285711543,0.0,0.0,0.12450873470378455,354
143.22,0.12773381511842302,0.02128237873518172,0.003263677604977075,0.0,0.0,0.12454897741024193,354
143.24,0.1277703706275361,0.02127997196040147,0.00326405555088226,0.0,0.0,0.12458934807366205,354
143.26,0.1278069661876478,0.021277294665209296,0.0032644406026140623,0.0,0.0,0.12463001776298403,355
143.28,0.1278441555511271,0.02127587725984613,0.003264820789387812,0.0,0.0,0.12467105843354048,355
143.3,0.1278814568918453,0.021275839900127505,0.0032651961366949754,0.0,0.0,0.124712229604066,355
143.32,0.1279187344198397,0.021276070075508604,0.0032655667350092853,0.0,0.0,0.12475352840921208,355
143.34,0.12795723372460024,0.021276011169149924,0.003265932592338602,0.0,0.0,0.12479495159385137,355
143.36,0.1279963970646716,0.02127566460667572,0.003266293617809603,0.0,0.0,0.12483665002278854,355
143.38,0.12803613468878955,0.021275038677034577,0.0032666498174074026,0.0,0.0,0.1248788035544952,355
143.4,0.12807609389185104,0.0212741462135147,0.0032670042649017603,0.0,0.0,0.1249210690721912,355
143.42000000000002,0.12811605404979648,0.021272970456623963,0.003267382841692267,0.0,0.0,0.12496344211960678,355
143.44,0.12815600729388835,0.021273189608666726,0.0032677565635476752,0.0,0.0,0.12500591802410202,353
143.46,0.1281959454732921,0.021273241207379154,0.0032681513965568815,0.0,0.0,0.12504849192763484,353
143.48,0.12823601756769332,0.02127300360636322,0.00326854758272451,0.0,0.0,0.12509115881664268,354
143.5,0.12827668474663526,0.02127246837124125,0.0032689389945078115,0.0,0.0,0.1251339135512948,354
143.52,0.12831753902177756,0.021271637292517877,0.003269315926676648,0.0,0.0,0.12517705476768146,354
143.54,0.1283583546077462,0.02127052353309143,0.003269683739754176,0.0,0.0,0.12522126331508887,354
143.56,0.12839931369710067,0.021269131680951993,0.0032700467256910437,0.0,0.0,0.1252655405184832,354
143.58,0.1284402588916908,0.021267449494229276,0.0032704048765509553,0.0,0.0,0.12530988253997813,353
143.6,0.1284811174942618,0.02126548043663292,0.003270758219149918,0.0,0.0,0.125354228504699,353
143.62,0.12852190584520548,0.02126324898082074,0.0032711067364283677,0.0,0.0,0.12539861435415683,353
143.64000000000001,0.12856268810483318,0.021260733136734485,0.0032714564126070816,0.0,0.0,0.12544300326759777,353
143.66,0.1286035434472756,0.021257934956570454,0.0032718182419921708,0.0,0.0,0.12548739302593892,353
143.68,0.12864441266123813,0.021255855654634625,0.003272198983260717,0.0,0.0,0.12553182263485635,351
143.70000000000002,0.12868609310837112,0.021254315167748068,0.003272601028170268,0.0,0.0,0.12557634942770846,351
143.72,0.12872811086139432,0.02125248464757347,0.0032729981573979337,0.0,0.0,0.1256213117848316,351
143.74,0.12877017993749307,0.021250366049108578,0.003273390374172096,0.0,0.0,0.1256662545261284,351
143.76,0.128812717670521,0.02124908320709721,0.003273806904793509,0.0,0.0,0.12571158693442758,351
143.78,0.12885540324849326,0.021248256354003705,0.0032742524915555537,0.0,0.0,0.1257570212288747,351
143.8,0.12889804954757147,0.021247134409070927,0.0032746930921679863,0.0,0.0,0.12580247602487732,351
143.82,0.1289413907279887,0.02124571922004319,0.003275128712588698,0.0,0.0,0.12584795063124807,351
143.84,0.1289849530911534,0.02124401267162697,0.0032755593587824377,0.0,0.0,0.12589344522587986,350
143.86,0.12902841989384897,0.02124298552201141,0.0032759864497021894,0.0,0.0,0.1259388926625641,351
143.88,0.12907186655026662,0.021241947628971258,0.00327640877097163,0.0,0.0,0.12598435422146578,352
143.9,0.12911526852135782,0.02124062084651524,0.003276826137400485,0.0,0.0,0.12602984213959134,353
143.92000000000002,0.12915884124057941,0.021239507992050214,0.0032772385549097957,0.0,0.0,0.1260753605877239,353
143.94,0.12920240320222565,0.021238856613221876,0.003277646031264547,0.0,0.0,0.12612091480729498,352
143.96,0.1292459315334954,0.021237919027403504,0.0032780485922078747,0.0,0.0,0.1261665048934299,351
143.98,0.12928988994708007,0.021236722354490655,0.0032784464177452077,0.0,0.0,0.1262124850043003,351
144.0,0.12933385241223094,0.021235245770861434,0.0032788393191094042,0.0,0.0,0.12625857998437132,350
144.02,0.12937766722243402,0.02123348911893917,0.0032792550696114716,0.0,0.0,0.12630488356935093,350
144.04,0.12942153437614912,0.021231454449668577,0.003279668884646142,0.0,0.0,0.12635132194013374,350
144.06,0.12946554081924513,0.021229143841684187,0.0032800777522140646,0.0,0.0,0.1263978371436554,349
144.08,0.12950957357916656,0.02122658094323579,0.0032805111369105682,0.0,0.0,0.1264444527660149,349
144.1,0.12955364336192293,0.021223750498050344,0.0032809419385511416,0.0,0.0,0.1264911818843928,349
144.12,0.12959816651469144,0.021221020637334977,0.003281385001821064,0.0,0.0,0.12653803833783178,349
144.14000000000001,0.12964284543595472,0.021218902037405337,0.0032818373832938265,0.0,0.0,0.1265850356990223,349
144.16,0.12968758501834227,0.021216515017371162,0.003282284772072411,0.0,0.0,0.12663212217132286,349
144.18,0.1297332429191824,0.021213861748922775,0.0032827271774212297,0.0,0.0,0.1266793559340123,349
144.20000000000002,0.12977900322912933,0.021210944438886978,0.00328316461621921,0.0,0.0,0.12672673192347955,349
144.22,0.12982502115101194,0.0212077652989061,0.0032836099235913556,0.0,0.0,0.12677426377013934,349
144.24,0.12987148118368297,0.0212043265515828,0.003284066835138415,0.0,0.0,0.12682199695919763,350
144.26,0.12991835063404367,0.02120063044349605,0.003284518725281832,0.0,0.0,0.12686997003329523,350
144.28,0.12996602222370973,0.021198249638453,0.00328496560045736,0.0,0.0,0.1269182003861088,351
144.3,0.13001389356878623,0.02119577761933241,0.0032854074776674947,0.0,0.0,0.12696680027318893,352
144.32,0.1300619925842604,0.02119305200233812,0.003285844365649031,0.0,0.0,0.12701606122601122,352
144.34,0.13011050408023014,0.02119147166908473,0.003286276258625102,0.0,0.0,0.12706563132152232,352
144.36,0.13016006979986436,0.02119092847284507,0.0032867031822651086,0.0,0.0,0.12711552786001934,352
144.38,0.13021041340146586,0.02119076746909835,0.0032871251265162342,0.0,0.0,0.12716576790038278,352
144.4,0.13026109845091427,0.021191063603111533,0.00328754209616199,0.0,0.0,0.12721636816712317,352
144.42000000000002,0.13031211935954717,0.02119262832095439,0.003287970614107827,0.0,0.0,0.12726734495454808,353
144.44,0.13036390080564447,0.021194923028454573,0.003288409745091049,0.0,0.0,0.12731871402830094,353
144.46,0.13041607231544175,0.021198170679196666,0.0032888438745420846,0.0,0.0,0.12737049052470972,353
144.48,0.1304686234943455,0.021202417631822876,0.003289273009462906,0.0,0.0,0.12742268884858443,353
144.5,0.13052156657528577,0.021206374465297252,0.003289716039761652,0.0,0.0,0.12747532257029162,353
144.52,0.13057491281706304,0.02121108716218672,0.0032901674389047664,0.0,0.0,0.12752840432312712,353
144.54,0.13062867240228362,0.021216286758730007,0.0032906374610903637,0.0,0.0,0.12758194570218281,353
144.56,0.13068290797738175,0.02122116280261105,0.0032911110350596117,0.0,0.0,0.12763595716606532,354
144.58,0.13073808221205424,0.021225716776659322,0.0032915795543951858,0.0,0.0,0.12769044794298096,355
144.6,0.13079369201034685,0.021229950171128418,0.0032920430258807313,0.0,0.0,0.12774587791122247,355
144.62,0.13084987257429234,0.02123386448571145,0.0032925014569000982,0.0,0.0,0.12780181412982278,355
144.64000000000001,0.13090683867263578,0.021237461231593195,0.0032929548512058504,0.0,0.0,0.12785818217226275,355
144.66,0.13096471546015945,0.021240761019860496,0.0032934032201527956,0.0,0.0,0.12791505193408148,355
144.68,0.13102304967183936,0.02124375693865747,0.0032938465686187376,0.0,0.0,0.12797236262398307,355
144.70000000000002,0.13108193888466346,0.021246439876810744,0.003294284906904311,0.0,0.0,0.1280301699538533,356
144.72,0.1311413977338263,0.021248811418823243,0.0032947182527680373,0.0,0.0,0.12808848005130688,356
144.74,0.13120170092033237,0.021250873178315526,0.0032951466091723784,0.0,0.0,0.12814729002667558,356
144.76,0.13126243971593168,0.021252626798364704,0.003295569979559226,0.0,0.0,0.12820659540366874,356
144.78,0.13132391190833612,0.021254394416943104,0.0032959883720120897,0.0,0.0,0.12826639016421093,356
144.8,0.13138594240586632,0.021257520930849646,0.003296401814100536,0.0,0.0,0.1283266668133163,356
144.82,0.13144855824207277,0.02126034214698239,0.0032968103040987543,0.0,0.0,0.128387416463309,355
144.84,0.1315119258385518,0.021262836417582035,0.003297213853883191,0.0,0.0,0.12844862893599665,355
144.86,0.13157579560778465,0.021266256060682522,0.0032976124878697803,0.0,0.0,0.12851029288069732,356
144.88,0.13164028865477356,0.02127098047350081,0.003298006186119705,0.0,0.0,0.1285724618865503,356
144.9,0.1317055025120887,0.021275475005892462,0.003298394967286283,0.0,0.0,0.12863545475370144,356
144.92000000000002,0.13177107368917684,0.021279863677642626,0.003298778858155069,0.0,0.0,0.1286988587623967,356
144.94,0.13183698594324034,0.021284980547761477,0.003299161729560919,0.0,0.0,0.12876265926317795,356
144.96,0.1319032225305747,0.021291639824865562,0.0032995665593480274,0.0,0.0,0.12882699947386106,357
144.98,0.1319697663471045,0.021297929199510544,0.0032999664514235093,0.0,0.0,0.12889247658327882,357
145.0,0.13203660006003218,0.021303850166452157,0.0033003614858053455,0.0,0.0,0.1289583028562283,357
145.02,0.13210370622781784,0.021309404315606337,0.0033008124954820367,0.0,0.0,0.129024462633511,358
145.04,0.1321710674064085,0.0213145933427189,0.0033012616403268417,0.0,0.0,0.12909094030523008,358
145.06,0.13223869626628773,0.02132133082934787,0.003301705838417773,0.0,0.0,0.12915772040405607,358
145.08,0.13230704621663628,0.021329382713929153,0.0033021450691327944,0.0,0.0,0.1292247876830537,357
145.1,0.1323756047954316,0.021337053561110864,0.0033025793310372696,0.0,0.0,0.12929212717835545,357
145.12,0.13244438234815933,0.021345890618869042,0.0033030291022693135,0.0,0.0,0.1293597242576819,357
145.14000000000001,0.13251379856848272,0.02135431088426443,0.0033034855805554163,0.0,0.0,0.12942756465628194,357
145.16,0.13258336441016855,0.02136231637031712,0.0033039370666812866,0.0,0.0,0.12949563135791986,356
145.18,0.1326530026630637,0.021369909203543595,0.003304383572145613,0.0,0.0,0.12956384947117983,356
145.20000000000002,0.1327227625994471,0.0213770915959004,0.0033048274732924428,0.0,0.0,0.12963227056055285,356
145.22,0.13279262918988718,0.021385055740575813,0.003305292638695194,0.0,0.0,0.12970100964999182,355
145.24,0.13286274012512211,0.021392843085058746,0.003305752798675987,0.0,0.0,0.12977026282954313,355
145.26,0.13293306755667103,0.021400219539632916,0.0033062079614441277,0.0,0.0,0.12983970455013716,355
145.28,0.13300370250808244,0.021407187553754706,0.003306677834567985,0.0,0.0,0.12990974172391148,355
145.3,0.1330745596718775,0.02141374988482667,0.0033071544806930744,0.0,0.0,0.12997992201134617,355
145.32,0.13314542720207376,0.021419909374070203,0.0033076261131178715,0.0,0.0,0.13005017808339656,355
145.34,0.13321633539988714,0.021425668918115454,0.0033080927689980986,0.0,0.0,0.1301207789084744,355
145.36,0.13328751522141302,0.021431038170758452,0.0033085544228321105,0.0,0.0,0.13019172292533268,355
145.38,0.13335893752414188,0.021436032566923058,0.0033090110792412283,0.0,0.0,0.13026304163413815,355
145.4,0.13343040045755836,0.021440636182579808,0.0033094627674235062,0.0,0.0,0.13033465161812915,354
145.42000000000002,0.13350191859784366,0.021444852204736197,0.0033099095336163896,0.0,0.0,0.1304066670245378,353
145.44,0.13357395014607046,0.021448683874603525,0.003310351383908416,0.0,0.0,0.13047890831882689,353
145.46,0.13364601058190753,0.021452134482662547,0.003310797689653115,0.0,0.0,0.13055122194941615,354
145.48,0.13371807573313826,0.021455207363804962,0.0033112775583044604,0.0,0.0,0.13062360164494244,354
145.5,0.13379012192335582,0.021457905892813114,0.00331176759191025,0.0,0.0,0.13069599918869135,354
145.52,0.13386219184231954,0.021460805274832986,0.0033122525846395346,0.0,0.0,0.13076842493577953,353
145.54,0.13393423725124165,0.02146414443485517,0.0033127325550361664,0.0,0.0,0.13084089115309167,353
145.56,0.13400620169209482,0.02146913609337087,0.0033132075969761997,0.0,0.0,0.13091334353966166,353
145.58,0.13407816566970596,0.021475257673144663,0.003313677623615274,0.0,0.0,0.13098583827032986,354
145.6,0.13415043558419867,0.02148097992495954,0.003314142645291362,0.0,0.0,0.13105837189598998,354
145.62,0.1342227333131583,0.021486306058804392,0.003314602660995612,0.0,0.0,0.13113094130145855,354
145.64000000000001,0.1342950040964871,0.02149123930565179,0.0033150576842883818,0.0,0.0,0.1312035436442709,353
145.66,0.13436724328973648,0.021495782912494907,0.0033155077864607274,0.0,0.0,0.1312761762851762,353
145.68,0.13443970783997142,0.021499940138340383,0.003315952930444502,0.0,0.0,0.1313488367107655,353
145.70000000000002,0.13451277719394072,0.021503714253068452,0.003316393095914894,0.0,0.0,0.1314215224489617,353
145.72,0.1345858359978301,0.02150710853393427,0.0033168283104006205,0.0,0.0,0.1314942309784298,353
145.74,0.13465886331534935,0.021510126263340274,0.0033172586327792778,0.0,0.0,0.13156695963333606,353
145.76,0.1347319994330708,0.021512777271001884,0.003317684029383822,0.0,0.0,0.13163970550526127,354
145.78,0.13480512825451163,0.021516285633073156,0.0033181044913060797,0.0,0.0,0.13171246534444495,355
145.8,0.13487825158070552,0.02152007529689302,0.0033185200513702936,0.0,0.0,0.13178523546287046,354
145.82,0.13495138931470302,0.02152380815700201,0.0033189307197291715,0.0,0.0,0.13185801164197075,354
145.84,0.1350244798307099,0.021528149693344836,0.0033193365031554617,0.0,0.0,0.13193078904789735,354
145.86,0.1350975159357792,0.021532124956983117,0.0033197373800503073,0.0,0.0,0.13200356215734377,355
145.88,0.135170489636927,0.021535717914504624,0.003320133387379765,0.0,0.0,0.1320763246968082,355
145.9,0.13524339209525502,0.021538931660375713,0.0033205245343781256,0.0,0.0,0.1321490695979153,355
145.92000000000002,0.13531632680293978,0.021541769302239874,0.0033209108444718256,0.0,0.0,0.13222178897099665,355
145.94,0.1353892482947913,0.021544233963368336,0.0033212922842303563,0.0,0.0,0.13229447409855455,355
145.96,0.13546208238843213,0.021546328785189306,0.003321668885585008,0.0,0.0,0.13236711544954494,356
145.98,0.13553495249350486,0.021548056929810596,0.0033220407089931793,0.0,0.0,0.13243970271463354,355
146.0,0.1356081701283361,0.02154942158245272,0.0033224076580379044,0.0,0.0,0.132512224861766,356
146.02,0.13568130602013856,0.021550425953714192,0.003322769734941216,0.0,0.0,0.13258467021059292,357
146.04,0.13575430268217287,0.02155107328159832,0.0033231457077843806,0.0,0.0,0.13265722198533023,357
146.06,0.13582714575234078,0.021551366833240736,0.0033235435431462567,0.0,0.0,0.13272994080684936,357
146.08,0.13590013044187996,0.0215513099062884,0.00332395411527941,0.0,0.0,0.13280254427521462,357
146.1,0.13597361667832183,0.021550905829893878,0.0033243598425702807,0.0,0.0,0.13287501914968483,358
146.12,0.13604691363566582,0.021550157965302016,0.0033247607037823683,0.0,0.0,0.13294735210100508,358
146.14000000000001,0.13611999551474296,0.021549069706019306,0.0033251566838225608,0.0,0.0,0.1330199699506182,358
146.16,0.1361928472504859,0.021547644477569045,0.003325547862124971,0.0,0.0,0.13309244316747276,358
146.18,0.13626545399593087,0.021545885736846234,0.0033259341465366344,0.0,0.0,0.13316473457736244,360
146.20000000000002,0.1363378010746289,0.021543796971096037,0.0033263155997873004,0.0,0.0,0.13323678657402208,359
146.22,0.13641004742096044,0.02154138167865955,0.0033266994578092937,0.0,0.0,0.13330860948098486,359
146.24,0.13648216772349633,0.021539297945316283,0.0033271031338685778,0.0,0.0,0.1333802147039148,359
146.26,0.13655408949171657,0.021537493284190093,0.003327501879954593,0.0,0.0,0.1334515914422758,359
146.28,0.13662590893076582,0.021536952732732036,0.0033278957827133533,0.0,0.0,0.13352272959038344,358
146.3,0.13669761426818314,0.021536276968395215,0.003328306377941909,0.0,0.0,0.13359361978539866,358
146.32,0.13676912194962568,0.021535271072244594,0.003328722106719087,0.0,0.0,0.13366425344422675,358
146.34,0.13684073977486472,0.021533938398553294,0.0033291329673433537,0.0,0.0,0.1337353282508913,358
146.36,0.13691215717029712,0.021532282313247435,0.0033295389544530873,0.0,0.0,0.13380635916118222,359
146.38,0.13698354948513128,0.02153030619234282,0.0033299400249589897,0.0,0.0,0.13387711148386378,359
146.4,0.1370550157927653,0.021528013420474564,0.003330358629602693,0.0,0.0,0.13394757994725798,359
146.42000000000002,0.13712617099360647,0.021525407389533773,0.003330777883515743,0.0,0.0,0.13401776012455394,359
146.44,0.13719701089907205,0.02152249149741734,0.0033311921638994888,0.0,0.0,0.13408803801243438,359
146.46,0.13726801162900892,0.021519269146912382,0.0033316014773678536,0.0,0.0,0.1341580968034886,360
146.48,0.1373392479254049,0.021515743747311918,0.0033320058549739396,0.0,0.0,0.13422785849326402,360
146.5,0.13741027348163135,0.021511933646404725,0.0033324053128850053,0.0,0.0,0.1342973220336872,359
146.52,0.13748134485078525,0.021507838419791127,0.003332799897479562,0.0,0.0,0.1343664872249962,360
146.54,0.13755235391189474,0.021503450358958447,0.003333189582193743,0.0,0.0,0.13443535472111062,361
146.56,0.1376230920144979,0.021498772877029736,0.0033335743937924064,0.0,0.0,0.1345039260371143,361
146.58,0.13769353338520182,0.02149539239383358,0.0033339543026691485,0.0,0.0,0.1345722035583435,361
146.6,0.13776372214141525,0.02149184121249185,0.0033343292789990847,0.0,0.0,0.13464019055021373,362
146.62,0.13783361703298566,0.02148799024283966,0.003334699328096286,0.0,0.0,0.1347078911676266,362
146.64000000000001,0.13790316972284566,0.02148386037203343,0.00333506446718198,0.0,0.0,0.13477525711735527,362
146.66,0.13797242150549524,0.021479451082410114,0.0033354259123362967,0.0,0.0,0.13484232964685355,362
146.68,0.13804139737017515,0.021474773092154377,0.0033358374752222183,0.0,0.0,0.13490913371545277,362
146.70000000000002,0.138110066041455,0.021469809434415104,0.003336251304056308,0.0,0.0,0.13497563806852494,362
146.72,0.1381784453013735,0.02146588412530356,0.003336660161279074,0.0,0.0,0.1350420264942373,362
146.74,0.13824653377024312,0.02146170566751032,0.0033370640557168238,0.0,0.0,0.13510843505406575,362
146.76,0.13831435445959492,0.021457245019056454,0.003337462971445693,0.0,0.0,0.1351745826618079,362
146.78,0.13838194661178752,0.02145250563140339,0.0033378569075346843,0.0,0.0,0.13524062182989524,362
146.8,0.13844932205020222,0.02144749095182028,0.003338245869317493,0.0,0.0,0.13530681097888084,363
146.82,0.13851649326173882,0.021442204408975835,0.003338629862152375,0.0,0.0,0.13537280206072996,363
146.84,0.1385834733246439,0.021436649413760858,0.0033390088914229056,0.0,0.0,0.13543860814266917,363
146.86,0.1386502758281047,0.021431724339445554,0.0033393829625385325,0.0,0.0,0.1355042428028797,363
146.88,0.1387169147848908,0.021427338400842925,0.0033397520952654536,0.0,0.0,0.13556972004314224,363
146.9,0.13878340453862442,0.021424728053238404,0.003340116325960907,0.0,0.0,0.13563505419611033,363
146.92000000000002,0.13884975966752644,0.021423052041315,0.0033404756381708585,0.0,0.0,0.13570025982905964,364
146.94,0.13891599488672457,0.021421076739896405,0.0033408300420788564,0.0,0.0,0.13576535164619896,363
146.96,0.13898212495142326,0.02141880500338033,0.0033411795242451756,0.0,0.0,0.13583034439184316,363
146.98,0.1390481050867661,0.021416239658627004,0.0033415241283665876,0.0,0.0,0.1358953019520632,363
147.0,0.1391140005218739,0.021413383480038843,0.003341863822533143,0.0,0.0,0.13596053996614313,363
147.02,0.1391798344385547,0.021410239241582814,0.0033421986248871357,0.0,0.0,0.13602572190842316,363
147.04,0.13924562088934864,0.021407224313273375,0.0033425285200531845,0.0,0.0,0.13609086182094934,363
147.06,0.13931137358393758,0.021405003620702235,0.003342853554269866,0.0,0.0,0.13615597340295388,363
147.08,0.13937710585006652,0.021403298014120303,0.0033431737143181403,0.0,0.0,0.13622106997177916,363
147.1,0.1394428306117097,0.02140177031941656,0.003343488984596016,0.0,0.0,0.13628645517200222,364
147.12,0.13950856038564743,0.02139995031879885,0.0033437993713775678,0.0,0.0,0.13635250691664677,364
147.14000000000001,0.1395744205885568,0.02139784079297607,0.003344104881590886,0.0,0.0,0.13641857995353235,365
147.16,0.13964069909665913,0.021395444514201487,0.0033444055364759634,0.0,0.0,0.13648468604066327,365
147.18,0.13970701727079465,0.021392764248945324,0.003344701341218071,0.0,0.0,0.13655127290202101,366
147.20000000000002,0.13977338633657155,0.021389802760341206,0.003344992285298014,0.0,0.0,0.1366179445495093,366
147.22,0.1398398173642408,0.021386565509257303,0.003345278382943202,0.0,0.0,0.13668508514064645,367
147.24,0.13990644225224022,0.021383075425755866,0.0033455596482958997,0.0,0.0,0.13675236709611638,367
147.26,0.13997353289625208,0.021379312393277096,0.0033458362779912286,0.0,0.0,0.13681973665337235,368
147.28,0.1400407180348651,0.02137571529531745,0.003346130456884731,0.0,0.0,0.13688720498616622,368
147.3,0.14010800909236817,0.021372729101591076,0.0033464282198198726,0.0,0.0,0.13695478350927986,368
147.32,0.14017537261262455,0.021369488089502182,0.0033467275585126258,0.0,0.0,0.13702243878840276,369
147.34,0.14024284358383096,0.021365985604671116,0.003347065879182327,0.0,0.0,0.13709020578733247,369
147.36,0.14031045714289603,0.02136223705841666,0.003347408033306679,0.0,0.0,0.137158119618586,369
147.38,0.1403782265479553,0.021358225973871887,0.0033477452424337073,0.0,0.0,0.13722619353116963,369
147.4,0.14044616566861276,0.0213546436991906,0.003348077522152609,0.0,0.0,0.13729474784449433,369
147.42000000000002,0.14051446444574933,0.02135300976760499,0.003348404904130042,0.0,0.0,0.13736364941879844,369
147.44,0.14058329164298722,0.021351355329932268,0.003348727361343353,0.0,0.0,0.13743295572359163,369
147.46,0.140652634530794,0.021349425492999768,0.003349044923469897,0.0,0.0,0.13750274712580063,369
147.48,0.14072241080419662,0.02134722268487879,0.0033493575707671847,0.0,0.0,0.13757277309286287,369
147.5,0.1407924342263521,0.021344749323171562,0.003349665329679257,0.0,0.0,0.1376430505889971,369
147.52,0.1408627222758613,0.021342007813936366,0.003349968194844425,0.0,0.0,0.13771361447115887,369
147.54,0.14093329286321946,0.021339745050843528,0.0033502661636254562,0.0,0.0,0.13778519499255787,369
147.56,0.14100463882497755,0.021338873935378994,0.0033505780757837455,0.0,0.0,0.13785728545495313,369
147.58,0.1410762885639497,0.021338830313471814,0.003350897577978816,0.0,0.0,0.13792965437975166,369
147.6,0.14114825181842836,0.021338496696147125,0.003351212175724989,0.0,0.0,0.1380024710622663,369
147.62,0.14122057107567978,0.021337874777106514,0.003351535603826701,0.0,0.0,0.13807598416956024,369
147.64000000000001,0.1412932649857192,0.02133696625141657,0.0033518722487462876,0.0,0.0,0.1381498751109268,369
147.66,0.1413663336766118,0.021335772807962106,0.0033522039419983355,0.0,0.0,0.13822414402218575,369
147.68,0.14143976222766863,0.021334296123853343,0.003352539312746805,0.0,0.0,0.13829877600290877,369
147.70000000000002,0.1415136200064072,0.021332537860741865,0.0033528893327765034,0.0,0.0,0.13837384037267395,369
147.72,0.1415878924645491,0.021330548960467443,0.003353234423119774,0.0,0.0,0.13844932259755546,369
147.74,0.141662592503228,0.02132828327027226,0.003353574531071803,0.0,0.0,0.1385252355752978,369
147.76,0.14173777215548525,0.021325741022544805,0.0033539096651934133,0.0,0.0,0.1386016313097078,370
147.78,0.14181344688389066,0.02132292394011288,0.003354239854666162,0.0,0.0,0.13867852525737961,370
147.8,0.1418896313758185,0.0213198337505696,0.0033545651301246254,0.0,0.0,0.13875593209994347,370
147.82,0.14196633948941464,0.02131649362467572,0.003354885585229018,0.0,0.0,0.13883386569004186,370
147.84,0.14204358420926502,0.021312916820951856,0.0033552295455508067,0.0,0.0,0.1389123390070079,370
147.86,0.1421215220671913,0.02130909488209914,0.003355571920131449,0.0,0.0,0.13899136412216706,370
147.88,0.14220038041166927,0.021305006938027372,0.0033559093625527437,0.0,0.0,0.13907095217347182,370
147.9,0.1422798080685018,0.021300654846296133,0.0033562419193694836,0.0,0.0,0.13915111334896096,370
147.92000000000002,0.1423598142719222,0.021296704562574653,0.003356569519711449,0.0,0.0,0.1392320477776468,369
147.94,0.1424404072962674,0.021293503396090405,0.0033569107447537004,0.0,0.0,0.1393138763930621,369
147.96,0.14252205312584196,0.021290034099400293,0.0033572600389583547,0.0,0.0,0.1393963022922823,369
147.98,0.14260434769797367,0.021286309629464064,0.003357604348647179,0.0,0.0,0.13947933184590805,369
148.0,0.14268724751688314,0.021284724503308754,0.0033579437146025034,0.0,0.0,0.13956297049272332,369
148.02,0.14277075710786638,0.021283894502839677,0.00335827811424624,0.0,0.0,0.1396472227549901,369
148.04,0.1428548800952952,0.02128385219482989,0.003358607547989165,0.0,0.0,0.13973209225440933,369
148.06,0.14293961921787024,0.021283505425874098,0.0033589320227789547,0.0,0.0,0.13981758172738576,369
148.08,0.14302497634193923,0.021282855895710957,0.0033592516129405075,0.0,0.0,0.13990404682507132,369
148.1,0.14311107832175757,0.021281905352262192,0.0033595663225930313,0.0,0.0,0.13999127844948706,370
148.12,0.14319815969475436,0.02128067022071766,0.0033598729548338017,0.0,0.0,0.14007911741818158,370
148.14000000000001,0.14328575784116357,0.021279147617749544,0.003360163960128337,0.0,0.0,0.1401674878089268,370
148.16,0.14337394052584324,0.021277329422886373,0.0033604500602666875,0.0,0.0,0.1402564466539124,370
148.18,0.143462737036535,0.021275217554160734,0.003360731265324175,0.0,0.0,0.14034602320774037,370
148.20000000000002,0.14355214407337508,0.021272813988024573,0.0033610075823992487,0.0,0.0,0.14043621417100888,370
148.22,0.14364257091272567,0.02127012074521193,0.0033612790328319485,0.0,0.0,0.14052701535213452,370
148.24,0.14373362586478217,0.021267139889706934,0.0033615551807537392,0.0,0.0,0.14061834777077117,369
148.26,0.14382537004949264,0.021263873487118366,0.0033618285385092267,0.0,0.0,0.14071026318168112,369
148.28,0.14391812629552816,0.021260323672733446,0.0033620895920727692,0.0,0.0,0.1408027501911737,368
148.3,0.14401186704359106,0.021256502847898345,0.0033623329889353112,0.0,0.0,0.14089578587762575,368
148.32,0.1441062929306643,0.021252418341616633,0.0033625715724824507,0.0,0.0,0.14098939666409516,366
148.34,0.1442016667223563,0.021248058580194747,0.0033628180667370547,0.0,0.0,0.14108357250267892,367
148.36,0.14429758774160725,0.0212434485115483,0.0033631038908909752,0.0,0.0,0.14117830227921102,367
148.38,0.1443940144445702,0.021239003504421827,0.003363422946943061,0.0,0.0,0.14127353861534234,367
148.4,0.1444909006386612,0.021235654681277406,0.0033637497009718843,0.0,0.0,0.14136923193730166,368
148.42000000000002,0.14458821237445532,0.02123521681117051,0.0033640720897019577,0.0,0.0,0.14146535700560073,369
148.44,0.14468596884275636,0.021234655112720716,0.0033643905254449073,0.0,0.0,0.1415619325983451,369
148.46,0.14478420063945796,0.021234635044224834,0.003364704021904253,0.0,0.0,0.14165899028201073,368
148.48,0.1448828900561857,0.021235953439273713,0.0033650125843816656,0.0,0.0,0.14175651235170753,368
148.5,0.14498239044632172,0.021237620056992524,0.0033653162000521343,0.0,0.0,0.14185442192335812,368
148.52,0.1450823730006656,0.021238921549639602,0.00336561487934959,0.0,0.0,0.1419527475610737,367
148.54,0.1451831637225127,0.021239860007501145,0.0033659088413153346,0.0,0.0,0.14205140521859977,367
148.56,0.1452843506188604,0.021240437593542175,0.00336622473821739,0.0,0.0,0.1421504452468764,366
148.58,0.14538589057443654,0.021240656630520955,0.0033665408172263377,0.0,0.0,0.1422499113726294,365
148.6,0.14548771765440766,0.021240542602594503,0.003366859256860461,0.0,0.0,0.14235007527573937,365
148.62,0.14558982093014838,0.021240948505424274,0.003367195778761833,0.0,0.0,0.14245052296295435,365
148.64000000000001,0.14569246352697057,0.021241478918486198,0.0033675273318770683,0.0,0.0,0.14255126020012712,365
148.66,0.14579560952194814,0.02124165365568794,0.003367880905048956,0.0,0.0,0.14265226229186775,365
148.68,0.1458989565446709,0.02124147555821308,0.0033682517937452887,0.0,0.0,0.14275347225782606,365
148.70000000000002,0.14600251786143753,0.021240947563713652,0.003368664718618175,0.0,0.0,0.14285500123011666,364
148.72,0.14610671214049764,0.021241544294564183,0.003369072696053825,0.0,0.0,0.14295703773278,364
148.74,0.14621150879956002,0.02124203005418378,0.0033694755950591277,0.0,0.0,0.14305923768132683,364
148.76,0.14631650487648737,0.0212421644492272,0.003369873418774018,0.0,0.0,0.14316157585526987,365
148.78,0.1464215552037108,0.02124300018018241,0.0033702940279042542,0.0,0.0,0.14326397735734914,365
148.8,0.14652659518404226,0.02124413565830585,0.003370712596191223,0.0,0.0,0.14336637760424312,365
148.82,0.14663169030665782,0.02124512327620253,0.0033711260566631584,0.0,0.0,0.1434688420028656,364
148.84,0.14673681665335736,0.021246802451090625,0.003371534446057958,0.0,0.0,0.1435715085943571,364
148.86,0.14684195082127457,0.021249726086674543,0.003371937738218943,0.0,0.0,0.1436744958878357,364
148.88,0.14694706998955923,0.021252330436948685,0.003372339018555739,0.0,0.0,0.14377747650737913,364
148.9,0.1470521519817523,0.021254544185711915,0.0033727612939511873,0.0,0.0,0.14388042824412278,365
148.92000000000002,0.14715717532463937,0.021256370895498953,0.003373178598825175,0.0,0.0,0.14398332958943474,365
148.94,0.14726211930444116,0.021257814213013322,0.0033736117226841715,0.0,0.0,0.14408615979120187,365
148.96,0.14736696402121444,0.021258877864571764,0.003374048918492977,0.0,0.0,0.1441889741927954,365
148.98,0.14747169044229488,0.021259565649470336,0.0033744810209558832,0.0,0.0,0.1442920692276845,365
149.0,0.14757628045551277,0.02125988142955864,0.003374907979284748,0.0,0.0,0.14439519148357288,365
149.02,0.14768071692275125,0.021259963688705637,0.00337532979991918,0.0,0.0,0.14449869858092745,365
149.04,0.14778498373420873,0.021261009231198127,0.0033757465028528633,0.0,0.0,0.14460229243179745,365
149.06,0.14788906586346864,0.02126167473862407,0.0033761580797124157,0.0,0.0,0.14470570772044658,366
149.08,0.14799294942319524,0.021262373185229,0.0033765645364840892,0.0,0.0,0.1448089305077314,366
149.1,0.14809669114090024,0.021263560308936665,0.003376965879340812,0.0,0.0,0.14491194804862487,366
149.12,0.1482006638561563,0.021264374444503353,0.0033773621142433523,0.0,0.0,0.14501474884773294,366
149.14000000000001,0.1483044029876763,0.02126481973685329,0.003377753264901387,0.0,0.0,0.14511732271307276,366
149.16,0.14840789975101235,0.02126491973646711,0.003378139327315044,0.0,0.0,0.14521966080678983,366
149.18,0.14851110803866482,0.021264665981976575,0.003378520773838329,0.0,0.0,0.14532171657163007,368
149.20000000000002,0.14861402508053348,0.021264056029435544,0.003378897611404039,0.0,0.0,0.14542348721633014,368
149.22,0.14871665911594995,0.021263094144864703,0.0033792693808163445,0.0,0.0,0.14552498130673233,369
149.24,0.14881898229972823,0.021261789602086918,0.0033796361489326497,0.0,0.0,0.14562617096363356,369
149.26,0.14892147622492052,0.02126016644235057,0.0033799978722811766,0.0,0.0,0.1457274751653286,369
149.28,0.1490237955535293,0.021259541567365,0.003380394858458539,0.0,0.0,0.14582908179059365,368
149.3,0.14912585118646304,0.02125859180813177,0.003380809047307995,0.0,0.0,0.14593043050185434,368
149.32,0.14922764611776873,0.02125729722408919,0.003381218093099704,0.0,0.0,0.14603152424935167,369
149.34,0.14932918476999993,0.021255675909246083,0.0033816264413251847,0.0,0.0,0.14613236741355562,368
149.36,0.14943047294223483,0.021255078664846553,0.0033820875937456973,0.0,0.0,0.14623296575320593,368
149.38,0.1495314952509874,0.02125414136676083,0.0033825436935700716,0.0,0.0,0.14633330386740045,368
149.4,0.14963223605541123,0.021252860261160363,0.003382994670528552,0.0,0.0,0.14643336610142388,368
149.42000000000002,0.1497327513763235,0.02125123979372759,0.0033834413323753304,0.0,0.0,0.1465332159585393,368
149.44,0.1498330517747825,0.021249284416271712,0.0033838828603285206,0.0,0.0,0.14663331636957713,368
149.46,0.14993314877307876,0.021246998561455385,0.003384319217960068,0.0,0.0,0.1467332182546707,369
149.48,0.15003305475227405,0.021244386638720802,0.0033847504038165715,0.0,0.0,0.14683293396471336,369
149.5,0.15013278284790735,0.021241453030525968,0.003385176423631398,0.0,0.0,0.1469324766065213,368
149.52,0.1502323468458696,0.021238202088900444,0.003385598773561614,0.0,0.0,0.147031859938631,368
149.54,0.15033176108031668,0.021234638132325585,0.003386046234777673,0.0,0.0,0.14713109826913165,370
149.56,0.1504310403352784,0.02123076544294005,0.003386488514113323,0.0,0.0,0.14723032478566034,370
149.58,0.15053019975136459,0.02122776503021243,0.003386925607739502,0.0,0.0,0.14732978663632285,370
149.6,0.15062925473866765,0.021224909778742355,0.0033873577970641674,0.0,0.0,0.147429148139868,370
149.62,0.15072822089664856,0.021221735213395997,0.0033878004211644742,0.0,0.0,0.14752842727397167,370
149.64000000000001,0.1508271139414786,0.02121929356293063,0.003388254120812133,0.0,0.0,0.14762810172906393,370
149.66,0.15092594964101272,0.021216813598529238,0.0033887314738846267,0.0,0.0,0.1477277222534551,370
149.68,0.1510250270311578,0.021214017478831195,0.003389206407930405,0.0,0.0,0.14782730459040214,370
149.70000000000002,0.1511242996082136,0.021212804941843664,0.0033896761833457365,0.0,0.0,0.14792686442778558,371
149.72,0.15122356120968886,0.02121257405787978,0.003390140728312296,0.0,0.0,0.1480264173545416,372
149.74,0.15132282730551708,0.021212000327871593,0.003390600049065032,0.0,0.0,0.1481259788232302,374
149.76,0.15142211319678148,0.02121108754258157,0.003391054192173863,0.0,0.0,0.14822556411804783,374
149.78,0.1515214577740752,0.02121090956653621,0.0033915031875212678,0.0,0.0,0.14832518832755506,374
149.8,0.15162133452208368,0.021210764981701297,0.003391946985427167,0.0,0.0,0.1484248663213888,375
149.82,0.15172123204342192,0.021210278759455952,0.0033923856059099654,0.0,0.0,0.14852456982428808,375
149.84,0.15182117967509723,0.02120963292709305,0.0033928461020760058,0.0,0.0,0.14862432814221327,375
149.86,0.15192121958894295,0.021209683027194788,0.003393302515377994,0.0,0.0,0.1487241834018686,375
149.88,0.15202129912234474,0.02120939871724645,0.0033937538869349476,0.0,0.0,0.1488243016502873,376
149.9,0.15212149118317497,0.021208876263884676,0.0033942069183990654,0.0,0.0,0.14892478809138246,376
149.92000000000002,0.15222181618986422,0.021209116507348268,0.00339469436691289,0.0,0.0,0.14902548927812645,376
149.94,0.15232251211232858,0.021209029181268844,0.0033952213868848062,0.0,0.0,0.14912668256664305,377
149.96,0.15242357547190855,0.02120861783182101,0.003395745275141309,0.0,0.0,0.14922813300160317,377
149.98,0.1525248088642033,0.021207885997585035,0.0033962638856201302,0.0,0.0,0.14933011049051645,377
