time,mean_abs_reaction_rhs,mean_abs_diffusion_rhs,mean_abs_electrodiffusion_rhs,mean_abs_ecs_rhs,mean_abs_geometry_rhs,mean_abs_total_rhs,number_wavefront_points
0.0,0.014346421592581357,0.0118291469714127,0.0005454732526284508,0.0,0.0,0.01639047417366779,23
0.02,0.014503888996394276,0.01179510496083619,0.0005402426810844006,0.0,0.0,0.016448811587851858,23
0.04,0.014659735689986082,0.011761527863432862,0.0005350916486859267,0.0,0.0,0.016507668609499107,23
0.06,0.014813986655734851,0.011728408829889693,0.0005300183017705423,0.0,0.0,0.016566798703379595,23
0.08,0.014966665622413422,0.011695741127057081,0.0005250210403506892,0.0,0.0,0.016626174427773328,23
0.1,0.015117795176374111,0.011663518145708767,0.0005200983535700155,0.0,0.0,0.01668576981354705,23
0.12,0.015267396859509078,0.011631733389176314,0.0005152487910066672,0.0,0.0,0.016745560252880126,23
0.14,0.015415491255865665,0.011600380472968522,0.0005104710200046542,0.0,0.0,0.01680552240016333,23
0.16,0.01556209806848407,0.01156945312026379,0.0005057636412802992,0.0,0.0,0.016865634083411622,23
0.18,0.015707245773624385,0.011538945157845825,0.000501125589757613,0.0,0.0,0.016925874224799214,23
0.2,0.015851085356666895,0.01150885050782863,0.0004965554423821312,0.0,0.0,0.016986222769140188,23
0.22,0.015993519468125113,0.011479163190839994,0.0004920518904267889,0.0,0.0,0.01704666061931693,23
0.24,0.016134662861373224,0.01144987731807326,0.0004876136860687869,0.0,0.0,0.01710716957780751,23
0.26,0.016274488707571744,0.011420987090033162,0.00048323961173323313,0.0,0.0,0.01716773229358598,23
0.28,0.01641297579861599,0.01139248679410393,0.00047892848879782214,0.0,0.0,0.017228332213772755,23
0.3,0.01655013808991738,0.011364370802631992,0.00047467914295951574,0.0,0.0,0.01728895353949916,23
0.32,0.01668598905854665,0.011336633571125408,0.00047049042962234074,0.0,0.0,0.01734958118552256,23
0.34,0.016820541732736713,0.011309269632007443,0.0004663612095792181,0.0,0.0,0.017410200743191342,23
0.36,0.016953808718672983,0.011282273598172477,0.00046229037464295627,0.0,0.0,0.017470798446410366,23
0.38,0.01708580222485483,0.011255640157227445,0.00045827683885305036,0.0,0.0,0.017531361140302907,23
0.4,0.01721653408427597,0.011229364069482673,0.00045431953964008426,0.0,0.0,0.017591876252303438,23
0.42,0.017346015774639935,0.011203440167681818,0.00045041745377208067,0.0,0.0,0.017652331765448007,23
0.44,0.017474258436800814,0.01117786335575978,0.0004465695276038459,0.0,0.0,0.017712716193657968,23
0.46,0.01760127289159538,0.01115262860661188,0.0004427747438277489,0.0,0.0,0.017773018558836496,23
0.48,0.017727069655213895,0.011127730961384419,0.0004390321031033002,0.0,0.0,0.01783322836961974,23
0.5,0.01785165895323818,0.011103165526294248,0.00043534062457985077,0.0,0.0,0.017893335601641615,23
0.52,0.017975051623358818,0.011078927471019358,0.00043169934918058924,0.0,0.0,0.017953330679188573,23
0.54,0.01809733351438166,0.01105501202913334,0.0004281073367629573,0.0,0.0,0.018013204458134223,23
0.56,0.018218546810947766,0.011031414495877532,0.0004245636657059543,0.0,0.0,0.018072948210056502,23
0.58,0.01833860196680882,0.011008130226835224,0.0004210674312337928,0.0,0.0,0.01813255360745063,23
0.6,0.018457507727787134,0.010985154637249769,0.00041761774284451193,0.0,0.0,0.01819201270996173,23
0.62,0.018575272613508952,0.010962483199549313,0.0004142137345121545,0.0,0.0,0.018251317951568556,23
0.64,0.018691904924634985,0.010940111442089083,0.00041085455152284274,0.0,0.0,0.01831046212865921,23
0.66,0.01880741274936979,0.010918034949254909,0.0004075393510470744,0.0,0.0,0.018369438388943112,23
0.68,0.01892180396929338,0.010896249359924885,0.0004042673043157269,0.0,0.0,0.018428240221155284,23
0.7000000000000001,0.01903508626454973,0.010874750365362361,0.0004010376022864824,0.0,0.0,0.018486861445510407,23
0.72,0.019147267118423558,0.010853533708028147,0.00039784944964310815,0.0,0.0,0.01854529620487124,23
0.74,0.019258353821329375,0.010832595182717163,0.0003947020684296834,0.0,0.0,0.01860353895659715,23
0.76,0.01936835347423812,0.010811930630971297,0.0003915949186412998,0.0,0.0,0.018661584465050285,23
0.78,0.019477272991557586,0.010791535944015027,0.00038852708932532025,0.0,0.0,0.018719427794733897,23
0.8,0.019585119103482086,0.010771407061609417,0.0003854978019842918,0.0,0.0,0.01877706430404477,23
0.8200000000000001,0.019691898357820734,0.01075153996610276,0.0003825063236528021,0.0,0.0,0.018834489639622524,23
0.84,0.019797617121313657,0.010731930686241014,0.00037955194306435203,0.0,0.0,0.01889169973128516,23
0.86,0.01990228158044133,0.010712575294325778,0.0003766339642953152,0.0,0.0,0.018948690787542195,23
0.88,0.02000589774172714,0.01069346990503843,0.0003737517044186564,0.0,0.0,0.019005459291677983,23
0.9,0.020108523245355486,0.010674610674254832,0.000370904493250567,0.0,0.0,0.019062001998403008,23
0.92,0.020210280645961778,0.010655993797848116,0.00036809167309993665,0.0,0.0,0.019118315931072726,23
0.9400000000000001,0.020311098438331912,0.010637615516072034,0.00036531259852065314,0.0,0.0,0.01917439837952362,23
0.96,0.020410933664298112,0.010619472095958425,0.00036256663687221744,0.0,0.0,0.019236988111615786,23
0.98,0.020509759383572492,0.010601559846003925,0.00035985316719487837,0.0,0.0,0.019305735101145995,23
1.0,0.020607580346233677,0.010583875109778419,0.00035717162035694755,0.0,0.0,0.01937404221874133,23
1.02,0.020704401111271913,0.010566414264593033,0.0003545214172092931,0.0,0.0,0.019441911037698104,23
1.04,0.020800226042773155,0.010549173720419176,0.0003519019163151525,0.0,0.0,0.019509343350161204,23
1.06,0.02089505930513148,0.01053214991813452,0.00034931253557135127,0.0,0.0,0.01957634116934532,23
1.08,0.020988966432033806,0.01051533932842935,0.0003467527111645491,0.0,0.0,0.019642906732648135,23
1.1,0.021081928413719177,0.010498738449885775,0.0003442219095852562,0.0,0.0,0.019709042505446483,23
1.12,0.02117391251343782,0.01048234380757412,0.0003417195624257879,0.0,0.0,0.019774751185333478,23
1.1400000000000001,0.021264921994469006,0.010466151952178015,0.0003392452541799896,0.0,0.0,0.01984003570737819,23
1.16,0.021354959888214075,0.010450159458045475,0.00033679857355886655,0.0,0.0,0.019904899250004607,23
1.18,0.02144402898528057,0.010434362921560329,0.0003343787746621265,0.0,0.0,0.019975698859450275,23
1.2,0.021532131826074993,0.010418758959486876,0.00033198534995324577,0.0,0.0,0.020052796125868404,23
1.22,0.021619270690463124,0.010403344207464247,0.00032961780353612093,0.0,0.0,0.020129278596448415,23
1.24,0.021705447586546057,0.010388115317358879,0.0003272756442216221,0.0,0.0,0.020205154128535404,23
1.26,0.02179066423893211,0.010373068956599885,0.000324958390356366,0.0,0.0,0.020280430820953897,23
1.28,0.021874922075991166,0.010358201804727142,0.0003226657347678579,0.0,0.0,0.02035511702613675,23
1.3,0.021958222216441187,0.010343510552879097,0.0003203971119828901,0.0,0.0,0.02042922136305117,23
1.32,0.02204056545551498,0.01032899189992987,0.0003181520158786006,0.0,0.0,0.020502752731043978,23
1.34,0.022121952250078118,0.01031464255169902,0.000315929990367781,0.0,0.0,0.02057572032378696,23
1.36,0.022202382703851522,0.010300459218174334,0.00031373060045560925,0.0,0.0,0.020648133644204984,23
1.3800000000000001,0.02228185655194661,0.010286438611043527,0.00031155344835393894,0.0,0.0,0.020720002519220643,23
1.4000000000000001,0.022360373145769993,0.010272577441172217,0.00030939827695839487,0.0,0.0,0.020791337114870013,23
1.42,0.02243793143793271,0.010258872416346638,0.00030726446955575405,0.0,0.0,0.02086214795076252,23
1.44,0.022514529968192015,0.010245320237739042,0.000305151610843055,0.0,0.0,0.020932445914054833,23
1.46,0.022590166850587567,0.01023191759748085,0.00030305929801322564,0.0,0.0,0.021002242272003778,23
1.48,0.022664839762607608,0.010218661176136129,0.0003009871330885556,0.0,0.0,0.021071548682550238,23
1.5,0.02273854593751516,0.010205547639568898,0.0002989347250030583,0.0,0.0,0.021140377202339654,23
1.52,0.02281128215960143,0.01019257363600434,0.00029690168873776064,0.0,0.0,0.02120874028982145,23
1.54,0.022883044765421523,0.010179735793091095,0.00029488764625424003,0.0,0.0,0.02127665080389935,23
1.56,0.02295382965195717,0.010167030715008707,0.000293254641261513,0.0,0.0,0.021344121995979508,23
1.58,0.023023632293146336,0.010154454979672704,0.00029166029223789936,0.0,0.0,0.021411167493193693,23
1.6,0.023092447767138282,0.010142005136104769,0.00029025824407852264,0.0,0.0,0.021477801270904744,23
1.62,0.0231602707966916,0.01012967770205092,0.0002890423591051126,0.0,0.0,0.021544037612076673,23
1.6400000000000001,0.02322709580539422,0.010117469193447214,0.0002878262474570614,0.0,0.0,0.02160989105083132,23
1.6600000000000001,0.023292916992577028,0.010105376034141128,0.0002866099769211258,0.0,0.0,0.02167537629732101,23
1.68,0.0233577284298631,0.010093394634420466,0.0002853937181823541,0.0,0.0,0.02174050814097651,23
1.7,0.02342152418217505,0.010081521372023054,0.00028417744058724555,0.0,0.0,0.021805301329309867,23
1.72,0.023484298455628973,0.010069752588946459,0.0002829612096009645,0.0,0.0,0.02186977041984629,23
1.74,0.023546045773982192,0.01005808459450544,0.00028174508880371045,0.0,0.0,0.021933929603520832,23
1.76,0.02360676118407855,0.010046513668070927,0.0002805291332663122,0.0,0.0,0.02199779249910006,23
1.78,0.02366644048897186,0.010035036063970448,0.0002793134487517929,0.0,0.0,0.022061371919952038,23
1.8,0.023725080505068608,0.010023648019242591,0.00027809811759774107,0.0,0.0,0.02212467961682897,23
1.82,0.0237826793367511,0.010012345759172665,0.000276883212671742,0.0,0.0,0.022187726003205597,23
1.84,0.0238392366586682,0.010001125510870627,0.0002756687023248054,0.0,0.0,0.022250519872992355,23
1.86,0.023894753992492065,0.009989983515278834,0.00027445462103343164,0.0,0.0,0.02231306812382933,23
1.8800000000000001,0.023949234961866437,0.009978916041899872,0.0002732410306435939,0.0,0.0,0.022375375502239763,23
1.9000000000000001,0.02400268550706656,0.009967919405736797,0.0002720279790228407,0.0,0.0,0.022437444389127228,23
1.92,0.02405511404015602,0.00995698998656635,0.0002708155015318268,0.0,0.0,0.022499274644832083,23
1.94,0.024106531522702434,0.009946124246747328,0.00026960364644886415,0.0,0.0,0.022560863531685838,23
1.96,0.02415695145172109,0.009935318747050469,0.0002683924623339135,0.0,0.0,0.02262220572839173,23
1.98,0.024211780407430206,0.009924570169319316,0.0002671820577051518,0.0,0.0,0.022683293444661207,23
2.0,0.024276789132448354,0.00991387533695987,0.00026597263536268624,0.0,0.0,0.022744116636842067,23
2.02,0.024341289569526307,0.009903231227138607,0.0002647641086807638,0.0,0.0,0.02280466331671357,23
2.04,0.024405263604987713,0.009892634986588442,0.0002635564654604939,0.0,0.0,0.022864919937412752,23
2.06,0.024468691776438505,0.009882083941234377,0.00026234975111639883,0.0,0.0,0.02292487183384691,23
2.08,0.024531553729209045,0.00987157560290142,0.00026114402208752554,0.0,0.0,0.02298450369094169,23
2.1,0.024593828672451256,0.009861107672353733,0.00025993930675461937,0.0,0.0,0.023043800012188732,23
2.12,0.024655495809504026,0.009850678038649337,0.00025873565850033587,0.0,0.0,0.023102745563124992,23
2.14,0.024716534721764685,0.009840284775056374,0.0002575331145198047,0.0,0.0,0.02316132576900045,23
2.16,0.02477692569144481,0.009829926131936105,0.0002563317317798778,0.0,0.0,0.023219527052031813,23
2.18,0.024836649955207613,0.009819600527105997,0.0002551315418652519,0.0,0.0,0.023277337100257704,23
2.2,0.024895689886864514,0.009809306534251879,0.0002539325756226184,0.0,0.0,0.023334745066188625,23
2.22,0.024954029112399884,0.009799042871143047,0.00025273486981325176,0.0,0.0,0.023391741698532215,23
2.24,0.025011652564266632,0.009788808382987445,0.0002515384716857478,0.0,0.0,0.02344831941394082,23
2.2600000000000002,0.02506862224980192,0.00977860203027104,0.0002503436065245268,0.0,0.0,0.02350447231793057,23
2.2800000000000002,0.025124921396513084,0.009768422874026319,0.0002491501063707319,0.0,0.0,0.023560196185022593,23
2.3000000000000003,0.02518046942667773,0.009758270062864937,0.0002479580000633971,0.0,0.0,0.023615488408040185,23
2.32,0.02523525614596917,0.009748142819373164,0.00024676730507347945,0.0,0.0,0.023670347925674604,23
2.34,0.02528927236042562,0.009738040430897996,0.000245578056715958,0.0,0.0,0.023724775136198452,23
2.36,0.02534250976150707,0.009727962229404781,0.00024439028481194723,0.0,0.0,0.023778771803797696,23
2.38,0.025394960808529193,0.009717907591145372,0.00024320443742260585,0.0,0.0,0.023832340962581675,23
2.4,0.02544661861242336,0.009707875917451732,0.00024202029876753138,0.0,0.0,0.023885486822025483,23
2.42,0.02549747682368642,0.009697866633013226,0.0002408376694914342,0.0,0.0,0.023938214676460588,23
2.44,0.025547529526496353,0.009687879176981063,0.00023965656248241452,0.0,0.0,0.02399053082027819,23
2.46,0.025596771140276614,0.009677912991731982,0.00023847699380661412,0.0,0.0,0.024042442469743127,23
2.48,0.025645196329477087,0.009667967519428089,0.00023731785606214827,0.0,0.0,0.02409395769171623,23
2.5,0.025692799921977927,0.009658042196992705,0.00023623844514022568,0.0,0.0,0.024145085339124846,23
2.52,0.0257395768362882,0.00964813645058538,0.0002351591438715079,0.0,0.0,0.024195834992679133,23
2.54,0.02578552201757839,0.009638249691228147,0.00023408000978778875,0.0,0.0,0.02424621690808007,23
2.56,0.02583063038253075,0.009628381307100264,0.00023300108067900516,0.0,0.0,0.0242962419677836,23
2.58,0.02587489677299371,0.009618530663119464,0.00023192233853410273,0.0,0.0,0.024345921636255274,23
2.6,0.025918315918468136,0.009608697099209616,0.0002308438131620242,0.0,0.0,0.024395267917561143,23
2.62,0.02596088240751741,0.009598879924307684,0.00022976552100202412,0.0,0.0,0.024444293314082263,23
2.64,0.0260025906682652,0.009589078415142505,0.0002286874926980036,0.0,0.0,0.024493010785111482,23
2.66,0.02604343495821184,0.009579291812340409,0.00022760976568808966,0.0,0.0,0.024541433704091224,23
2.68,0.02608340936364409,0.009569519319521626,0.00022653233754988102,0.0,0.0,0.02458957581328258,23
2.7,0.02612250780892584,0.00955976010228706,0.00022545528472094555,0.0,0.0,0.024637451174730568,23
2.72,0.02616080532097706,0.009550013327486607,0.00022437856058616287,0.0,0.0,0.024685074116512103,23
2.74,0.02619827260586418,0.009540278063399051,0.00022330215511165777,0.0,0.0,0.024732459173437797,23
2.7600000000000002,0.026234846666296992,0.009530553330787452,0.0002222260786277704,0.0,0.0,0.02477962102163371,23
2.7800000000000002,0.026270521067007436,0.009520838129568701,0.00022115034540886515,0.0,0.0,0.02482657440676118,23
2.8000000000000003,0.026305289408962627,0.009511131423235073,0.00022007501859797607,0.0,0.0,0.024873334066047248,23
2.82,0.026339145396786307,0.00950143212804281,0.00021900015301546107,0.0,0.0,0.024919914644781237,23
2.84,0.026372333685739897,0.009491739120583586,0.00021792565523647442,0.0,0.0,0.024966330608469152,23
2.86,0.026410582634322412,0.009482051238305285,0.0002168515421615601,0.0,0.0,0.02501259615238932,23
2.88,0.026448138063433095,0.009472367281762041,0.00021577780034087761,0.0,0.0,0.02505872511080727,23
2.9,0.026484993843099745,0.009462686016063163,0.0002147044396506243,0.0,0.0,0.0251047308685247,23
2.92,0.02652114281504594,0.009453006173296382,0.00021363147683321027,0.0,0.0,0.025150626277681408,23
2.94,0.026556576782891143,0.00944332645542387,0.00021255890346362282,0.0,0.0,0.025196423582735446,23
2.96,0.026591286529159156,0.009433645537515556,0.0002114867264113794,0.0,0.0,0.025242134356264864,23
2.98,0.026625261862504863,0.009423962071267227,0.00021041495705822005,0.0,0.0,0.0252877694476489,23
3.0,0.02665849169738144,0.009414274688742338,0.0002093436093535665,0.0,0.0,0.025333338945825838,23
3.02,0.026690964166824035,0.009404582006271818,0.00020827293154465618,0.0,0.0,0.025378852156273127,23
3.04,0.026722666767222927,0.009394882628446065,0.0002072027441219283,0.0,0.0,0.025424317591239885,23
3.06,0.026753586532047353,0.009385175153358046,0.00020613303577215558,0.0,0.0,0.025469742971249355,23
3.08,0.026794461700558877,0.009375458174560558,0.00020506377170062472,0.0,0.0,0.025515135235141897,23
3.1,0.02683513480367543,0.009365730284607696,0.00020399495501899277,0.0,0.0,0.025560500555595986,23
3.12,0.026875412403758264,0.009355990081366195,0.00020292660324694263,0.0,0.0,0.02560584435722665,23
3.14,0.026915285724245345,0.009346236170069664,0.0002018588033430266,0.0,0.0,0.025651171335027412,23
3.16,0.02695474462083233,0.009336467166636985,0.00020079148891770815,0.0,0.0,0.0256964854720178,23
3.18,0.026993777566599014,0.009326681703065616,0.00019972465855645476,0.0,0.0,0.025741790056326718,23
3.2,0.027032371637509958,0.009316878430627666,0.000198658331509818,0.0,0.0,0.02578708769937973,23
3.22,0.027070512501439572,0.009307056022175979,0.00019759250490524073,0.0,0.0,0.02583238035813612,23
3.24,0.02710818441483944,0.009297213174707912,0.00019652718570882258,0.0,0.0,0.025877669365230112,23
3.2600000000000002,0.02714537023161159,0.00928734861548559,0.00019546241904754155,0.0,0.0,0.02592295547124558,23
3.2800000000000002,0.027182051428590447,0.009277461103569062,0.0001944342981253784,0.0,0.0,0.025968238903108672,25
3.3000000000000003,0.027218208151267645,0.009267549440655644,0.00019353334607094487,0.0,0.0,0.026013519441715583,25
3.3200000000000003,0.027253819282109012,0.009257612469671434,0.000192653708625348,0.0,0.0,0.026058796520512656,25
3.34,0.027288862532176807,0.009247649036654076,0.00019177271939009995,0.0,0.0,0.026104069344976714,25
3.36,0.027323314554997796,0.009237658041549364,0.00019089059180007868,0.0,0.0,0.026149337031017707,25
3.38,0.027357151079941123,0.009227638431152343,0.00019000762997756137,0.0,0.0,0.026194598758475553,25
3.4,0.027390347061001578,0.00921758919246918,0.00018912357930957378,0.0,0.0,0.026239853934319362,25
3.42,0.027422876835987577,0.009207509350722388,0.00018823836269015452,0.0,0.0,0.026285102359043317,25
3.44,0.027454714290775475,0.009197397970480244,0.0001873520105818483,0.0,0.0,0.026330344389179233,25
3.46,0.027485919396563026,0.009187254152538404,0.0001864645135636992,0.0,0.0,0.026375581088824384,25
3.48,0.027516409477262194,0.009177077031743199,0.00018557587719417423,0.0,0.0,0.026420814363554413,25
3.5,0.02754612873955779,0.00916686578274189,0.00018468617102289966,0.0,0.0,0.026466047070942925,25
3.52,0.02757505083861919,0.009156619592276602,0.00018379539381897217,0.0,0.0,0.026511283103001305,25
3.54,0.027603149729148978,0.009146337669210242,0.0001829035518233935,0.0,0.0,0.026556527437041892,25
3.56,0.027630399788891827,0.009136019242399982,0.00018201065468691967,0.0,0.0,0.02660178615263255,25
3.58,0.02765677593509421,0.009125663555586958,0.0001811167418496501,0.0,0.0,0.026647066413363,25
3.6,0.027682253736873712,0.009115269861667857,0.00018022186279175012,0.0,0.0,0.02669237641303508,25
3.62,0.027706809527037093,0.009104837420340696,0.00017932603348516882,0.0,0.0,0.026737725286613844,25
3.64,0.027730420517126694,0.009094365492941842,0.00017842933606241544,0.0,0.0,0.026783122986857297,25
3.66,0.027760823675636218,0.009083853329551998,0.00017753295651829997,0.0,0.0,0.02682858012803134,25
3.68,0.027798310522576364,0.00907330017861876,0.00017669956616408512,0.0,0.0,0.02687410779857136,25
3.7,0.027838976957720987,0.009062705280660832,0.00017597512024998354,0.0,0.0,0.02691971734503793,25
3.72,0.027879391043584383,0.009052067866071104,0.00017524722475848096,0.0,0.0,0.026965420130286334,25
3.74,0.027919551645514483,0.009041387154217897,0.00017454048516141974,0.0,0.0,0.027011227269464873,25
3.7600000000000002,0.027959456983180513,0.009030662359725333,0.00017390434966945673,0.0,0.0,0.02705714934829131,25
3.7800000000000002,0.027999104411962527,0.009019892675253062,0.0001733394966532031,0.0,0.0,0.02710319612901486,25
3.8000000000000003,0.028045608050932976,0.009009077289552286,0.00017282017258214138,0.0,0.0,0.027149376250504956,25
3.8200000000000003,0.028093865472891992,0.008998215386189083,0.00017229629004724732,0.0,0.0,0.02719569692993854,25
3.84,0.028142197925917215,0.008987306146518615,0.00017176787909701835,0.0,0.0,0.02724216367447552,25
3.86,0.028190606552382376,0.008976348753820078,0.0001712350220794718,0.0,0.0,0.02728878001199059,25
3.88,0.028239090165840877,0.008965342397226033,0.000170697764233508,0.0,0.0,0.027335547250236025,25
3.9,0.028287645042324415,0.008954286278884487,0.00017015617048572526,0.0,0.0,0.027382464273627415,25
3.92,0.028336264757542376,0.008943179619455552,0.00016961026834766573,0.0,0.0,0.027429527386090377,25
3.94,0.028384940077079028,0.008932021664887985,0.00016906013689420546,0.0,0.0,0.027476730207055097,25
3.96,0.028433658904775568,0.008920811693801696,0.00016850577581923947,0.0,0.0,0.027524063625778746,25
3.98,0.028482406292134256,0.008909549020374007,0.00016794724169622862,0.0,0.0,0.02757151581683056,25
4.0,0.0285311645089697,0.008898233003741632,0.00016738457548102616,0.0,0.0,0.027619072316966878,25
4.0200000000000005,0.028579913172878182,0.008886863055353921,0.00016681779497607806,0.0,0.0,0.02766671616097429,25
4.04,0.028628629432628328,0.008875438642074598,0.00016624698990957087,0.0,0.0,0.027714428071594976,25
4.0600000000000005,0.028677288198498397,0.008863959291043872,0.00016567219315263387,0.0,0.0,0.027762186696572554,25
4.08,0.02872586241104406,0.008852424596032391,0.00016509345057969763,0.0,0.0,0.027809968884315056,25
4.1,0.028774323338848183,0.008840834220010942,0.00016451081072967822,0.0,0.0,0.02785774998873544,25
4.12,0.02882264089547559,0.00882918789788016,0.0001639243287346099,0.0,0.0,0.027905504193495495,25
4.14,0.028870783966060444,0.008817485439143229,0.00016333402415830402,0.0,0.0,0.027953204846072877,25
4.16,0.028918720734577394,0.008805726726619618,0.00016273994282889294,0.0,0.0,0.028000824792681976,25
4.18,0.02896641900376192,0.00879391171932763,0.0001621421350540765,0.0,0.0,0.028048336705976666,25
4.2,0.02901384650072849,0.008782040451748631,0.00016154066455423022,0.0,0.0,0.028095713398528316,25
4.22,0.029060971162494644,0.008770113028556332,0.00016093558071157276,0.0,0.0,0.02814292811620973,25
4.24,0.02910776139678758,0.008758129627346073,0.00016036271871148987,0.0,0.0,0.028189954806761997,25
4.26,0.029154186314654783,0.008746090494361434,0.00015985027809750535,0.0,0.0,0.02823676835993985,25
4.28,0.029200215932501584,0.008733995941381174,0.00015933381196412669,0.0,0.0,0.02828334481670566,25
4.3,0.029245821342228737,0.008721846342153346,0.00015881336151527925,0.0,0.0,0.02832966154596187,26
4.32,0.02929097484913324,0.008709642128456702,0.00015828897803453257,0.0,0.0,0.0283756973882693,26
4.34,0.029335650078151018,0.008697383787463438,0.00015776071204535996,0.0,0.0,0.028421432766877985,26
4.36,0.029379822049842012,0.00868507185442113,0.00015722863890613487,0.0,0.0,0.028466849767179787,26
4.38,0.029423467228224864,0.008672706907142608,0.0001566928010497376,0.0,0.0,0.02851193218635582,26
4.4,0.029466563543142078,0.008660289565446018,0.00015615324789544557,0.0,0.0,0.028556665555517894,26
4.42,0.029509090390261925,0.008647820487605568,0.00015561002914774068,0.0,0.0,0.02860103713701899,26
4.44,0.029551028612099104,0.008635300358638548,0.0001550631865434533,0.0,0.0,0.02864503589982913,26
4.46,0.029592360463565507,0.008622729897121031,0.00015451277117321184,0.0,0.0,0.028688652475947367,26
4.48,0.029638515542909357,0.008610109831028362,0.00015395886399942495,0.0,0.0,0.028731879100763174,26
4.5,0.02968545524236678,0.008597440911966042,0.00015340173664636598,0.0,0.0,0.028774709540113,26
4.5200000000000005,0.029731986139363894,0.00858472390581449,0.000153000263152232,0.0,0.0,0.028817139006528925,26
4.54,0.029778104449660593,0.008571959592211324,0.0001526024654544873,0.0,0.0,0.02885916406687096,26
4.5600000000000005,0.029823807635254176,0.00855914875280982,0.0001522004993625702,0.0,0.0,0.02890078254320288,26
4.58,0.029869094299664715,0.008546292174536953,0.00015179441575892188,0.0,0.0,0.028941993408435757,26
4.6000000000000005,0.029913964079196474,0.00853339064584867,0.00015138424893294065,0.0,0.0,0.028982796677945514,28
4.62,0.029958417531097764,0.008520444952154718,0.00015097003718382432,0.0,0.0,0.029023193298088265,28
4.64,0.030002456019306956,0.008507455876392324,0.0001505518295003513,0.0,0.0,0.029063185032303086,28
4.66,0.030046081598296772,0.008494424193723192,0.00015012965284274442,0.0,0.0,0.02910277434531613,28
4.68,0.030089296895419306,0.008481350672060496,0.0001497035924986261,0.0,0.0,0.029141964285850825,28
4.7,0.030132104992113357,0.008468236072059746,0.00014927364759855733,0.0,0.0,0.029180758368208094,28
4.72,0.0301745093043674,0.008455081143890798,0.0001488398636128693,0.0,0.0,0.02921916045311244,28
4.74,0.030216513462930954,0.008441886623860067,0.00014840226546113485,0.0,0.0,0.029257174628319067,28
4.76,0.030258123450479287,0.008428653237763742,0.0001479608926351922,0.0,0.0,0.02929480508964159,28
4.78,0.030299396005825388,0.008415381708234053,0.00014751578921285368,0.0,0.0,0.02933205602327801,28
4.8,0.030340279834111278,0.008402072737126924,0.00014706700063395976,0.0,0.0,0.029368931490570956,28
4.82,0.0303807782512297,0.008388727015181105,0.0001466145535808664,0.0,0.0,0.02940543531661791,28
4.84,0.030420894216467192,0.008375345233408955,0.00014615848565445442,0.0,0.0,0.02944157098442366,28
4.86,0.030460630233609867,0.008361928066865873,0.00014569883993205857,0.0,0.0,0.029477341536532798,28
4.88,0.030499988261619777,0.008348476173897881,0.0001452356507249032,0.0,0.0,0.02951274948626261,28
4.9,0.030538969637089807,0.008334990215116852,0.00014476906019317474,0.0,0.0,0.029547796740745945,28
4.92,0.03057757501065082,0.008321470860987057,0.00014429907588991094,0.0,0.0,0.029582484537959756,28
4.94,0.030615840125314202,0.008307918808492134,0.0001438256638398291,0.0,0.0,0.02961681339973749,28
4.96,0.03065374787431517,0.008294334653240854,0.00014334886300436476,0.0,0.0,0.02965078310243027,28
4.98,0.030691277460357356,0.008280719048103598,0.00014286871245511263,0.0,0.0,0.029684392666397514,28
5.0,0.030728426496351196,0.008267072648926285,0.00014238525137801443,0.0,0.0,0.02971764036489003,28
5.0200000000000005,0.030765191855783157,0.008253396118641645,0.00014194119566260095,0.0,0.0,0.02975052375217488,28
5.04,0.030801569718326472,0.008239690132625089,0.00014182719324764472,0.0,0.0,0.029783039709989637,28
5.0600000000000005,0.03083755563207899,0.008225955355217522,0.00014171441837030802,0.0,0.0,0.029815184510661792,28
5.08,0.030873144590083647,0.008212192540233193,0.00014159746946697997,0.0,0.0,0.029846953894549215,28
5.1000000000000005,0.030908331118233646,0.00819840233938207,0.0001414763660621621,0.0,0.0,0.029878343158903625,28
5.12,0.030943130972416265,0.008184585430800978,0.0001414325939107936,0.0,0.0,0.029909347254875058,28
5.14,0.030977553268316138,0.008170742535559102,0.00014146644710281514,0.0,0.0,0.029939960889188662,28
5.16,0.031011555326223888,0.008156874387264021,0.00014149575245745496,0.0,0.0,0.02997017862704142,28
5.18,0.031045130793847485,0.008142981730724017,0.00014152052116043454,0.0,0.0,0.029999994992972994,28
5.2,0.03107827334478153,0.008129065324595395,0.00014154076393887625,0.0,0.0,0.030029404566832157,28
5.22,0.031110976765979004,0.008115125939915455,0.0001415564856543156,0.0,0.0,0.03005840207244626,28
5.24,0.031143235036047698,0.008101164361635183,0.0001415676969108891,0.0,0.0,0.03008698245715905,30
5.26,0.031175042393116543,0.008087181387744282,0.00014157440961451965,0.0,0.0,0.030115140960984197,31
5.28,0.031206393391580853,0.008073177823946573,0.00014157663651116146,0.0,0.0,0.030142873174685975,32
5.3,0.03123728294754769,0.008059154484207562,0.00014157439287911796,0.0,0.0,0.030170175086611187,32
5.32,0.03126770637323973,0.008045112193794526,0.00014156769219594395,0.0,0.0,0.030197043118534085,32
5.34,0.03129765940096485,0.0080310517854668,0.00014155654821627138,0.0,0.0,0.030223474151125196,32
5.36,0.03132713819751665,0.008016974098271507,0.0001415409762892203,0.0,0.0,0.030249465539913367,32
5.38,0.031356139370040025,0.008002879976780496,0.00014152099224525936,0.0,0.0,0.030275015122779636,32
5.4,0.031384659964487555,0.007988770268011416,0.00014149661233714406,0.0,0.0,0.030300121220113677,32
5.42,0.03141269745781721,0.007974645822043446,0.00014146785375271834,0.0,0.0,0.030324782628788276,32
5.44,0.031440249745054605,0.007960507490146424,0.00014143473434312143,0.0,0.0,0.030348998611081094,34
5.46,0.031467315122277385,0.007953466367601005,0.00014140972799931112,0.0,0.0,0.030372768879606785,34
5.48,0.031493892266487224,0.00794646132826203,0.0001414764974773508,0.0,0.0,0.030396093579231617,34
5.5,0.03151998021322771,0.007939404306299903,0.000141585963007335,0.0,0.0,0.030418973266835393,34
5.5200000000000005,0.03154557833269304,0.007932296163807695,0.0001416904098683789,0.0,0.0,0.03044140888967255,34
5.54,0.03157068630495855,0.007925137759921722,0.0001417899554857698,0.0,0.0,0.03046340176297096,34
5.5600000000000005,0.03159533216682464,0.007917929949764623,0.00014188460627244533,0.0,0.0,0.030484953547298695,34
5.58,0.03161951727289656,0.007910673580092351,0.00014197428851339222,0.0,0.0,0.030506066226129676,34
5.6000000000000005,0.03164321323714674,0.00790336949306025,0.00014205902376112584,0.0,0.0,0.03052674208394901,34
5.62,0.031666420729545154,0.007896018524187335,0.00014213883358015782,0.0,0.0,0.030546983685160043,34
5.64,0.03168914060791823,0.007888621504457544,0.00014221375957814396,0.0,0.0,0.03056679385398804,34
5.66,0.03171137389574651,0.00788117924800843,0.00014228380376020246,0.0,0.0,0.030586175655517935,34
5.68,0.03173312176100848,0.007873692564098565,0.00014234898704990284,0.0,0.0,0.03060513237795679,34
5.7,0.031754385496111856,0.007866162259237856,0.00014240933092959633,0.0,0.0,0.030623667516173163,34
5.72,0.031775209914347985,0.007858589119646549,0.0001425417449384684,0.0,0.0,0.030641784756535187,34
5.74,0.0317955604653953,0.007850973919199604,0.00014272657670841928,0.0,0.0,0.03065948796304575,34
5.76,0.03181543166288395,0.007843317424565737,0.00014290671584991143,0.0,0.0,0.03067678116475445,34
5.78,0.0318348251197497,0.007835620390550885,0.00014308215715412126,0.0,0.0,0.030693668544413532,34
5.8,0.031853742488976364,0.007827883561096023,0.0001432529204614358,0.0,0.0,0.030710154428335343,34
5.82,0.03187218544961378,0.007820107665450644,0.00014341899451899163,0.0,0.0,0.03072624327740222,34
5.84,0.03189015569362156,0.007812293421476031,0.00014358036140789786,0.0,0.0,0.030741939679176787,34
5.86,0.0319076549134713,0.00780444153437659,0.00014373703302428866,0.0,0.0,0.030757248341058436,34
5.88,0.03192468479043933,0.00779655269122943,0.0001438889881551105,0.0,0.0,0.030772174084431222,34
5.9,0.03194124698352383,0.007788627566234216,0.000144036224531427,0.0,0.0,0.030786721839749794,34
5.92,0.0319573431189214,0.007780666820438187,0.00014417876574054713,0.0,0.0,0.030800896642510983,34
5.94,0.03197297478000131,0.007772671102837774,0.0001443165930751887,0.0,0.0,0.030814703630060912,34
5.96,0.031988143497718766,0.007764641043425451,0.00014444971262960547,0.0,0.0,0.030828148039189648,34
5.98,0.03200288182883482,0.007756577258585079,0.0001445781267125358,0.0,0.0,0.030841235204467687,34
6.0,0.03201723806782816,0.007748480347317217,0.00014470181835817147,0.0,0.0,0.03085397055728076,34
6.0200000000000005,0.03203113618365907,0.007740350893335119,0.00014482078673611268,0.0,0.0,0.030866359625521356,34
6.04,0.03204457740745852,0.007732189467864124,0.0001449350428388738,0.0,0.0,0.030878408033896874,34
6.0600000000000005,0.0320575628748025,0.00772399662244775,0.00014504458529592364,0.0,0.0,0.03089012150481527,34
6.08,0.03207009361776041,0.007715772890953126,0.00014514940975743834,0.0,0.0,0.030901505859809636,34
6.1000000000000005,0.03208217055709595,0.00770751879143027,0.0001452495805472605,0.0,0.0,0.030912567021462493,34
6.12,0.03209379449460133,0.007699234819821946,0.00014534511365619937,0.0,0.0,0.03092331101578958,34
6.140000000000001,0.032104966105553974,0.007690921458235115,0.00014543599132506456,0.0,0.0,0.030933743975040753,34
6.16,0.03211568593129179,0.007682579171945656,0.00014552220386384183,0.0,0.0,0.0309438721408718,34
6.18,0.032125954371912714,0.007674208403289069,0.00014560378081692108,0.0,0.0,0.0309537018678366,34
6.2,0.03213577167911438,0.007665809577847865,0.0001456806910325055,0.0,0.0,0.030963239627142886,34
6.22,0.03214513794920138,0.00765738310170821,0.00014575294098209324,0.0,0.0,0.030972492010606513,34
6.24,0.032154053116300346,0.007648929362999898,0.00014582061806737659,0.0,0.0,0.030981465734729666,34
6.26,0.03216251694583899,0.007640448728593271,0.0001458837337135498,0.0,0.0,0.030990167644815998,34
6.28,0.03217052902836205,0.007631941541452137,0.00014594229359606587,0.0,0.0,0.030998604719021657,36
6.3,0.03217808877377687,0.007623408124296479,0.000145997418778503,0.0,0.0,0.031006784072223476,36
6.32,0.03218519540614412,0.007614848780710624,0.00014604805386783225,0.0,0.0,0.031014712959565573,36
6.34,0.03219184795915449,0.00760626379008367,0.00014609409698477304,0.0,0.0,0.031022398779522724,36
6.36,0.032198045272460805,0.007597653409217351,0.000146135509775554,0.0,0.0,0.03102984907629102,36
6.38,0.03220378598906756,0.0075890178710096914,0.00014617228814790476,0.0,0.0,0.03103707154128736,36
6.4,0.03220910794450967,0.007580357384940073,0.00014620448859760217,0.0,0.0,0.031044074013504067,36
6.42,0.032213984169160985,0.00757167213665892,0.00014623210373693277,0.0,0.0,0.031050864478428704,36
6.44,0.03221839886382805,0.007562962289387124,0.00014625507149073713,0.0,0.0,0.03105745106519806,36
6.46,0.03222234988903174,0.007554227977855094,0.00014627340371638531,0.0,0.0,0.031063842041612784,36
6.48,0.03222588008806501,0.007545469310643896,0.000146287090341914,0.0,0.0,0.031070045806595302,36
6.5,0.032228949592746664,0.007536686371635337,0.00014629614207898985,0.0,0.0,0.03107607087962962,36
6.5200000000000005,0.032231548261587604,0.007527879218266723,0.00014630057006181135,0.0,0.0,0.03108192588668104,36
6.54,0.032233673294366064,0.007519047881242543,0.00014630037716808518,0.0,0.0,0.031087619542058628,36
6.5600000000000005,0.03223864758092909,0.007510192367936204,0.00014629556316278462,0.0,0.0,0.031093160625657514,36
6.58,0.03224758626834314,0.007501312651573204,0.00014628614081990316,0.0,0.0,0.031098557955008245,36
6.6000000000000005,0.03225639800524147,0.0074924086817919015,0.0001462721354882322,0.0,0.0,0.031103820351570447,36
6.62,0.032265044261986564,0.007483480381476535,0.0001462535258219289,0.0,0.0,0.03110895660074673,36
6.640000000000001,0.03227353236683833,0.007474527647027652,0.00014625908278164938,0.0,0.0,0.031113975405167908,36
6.66,0.0322818694700309,0.00746555034891784,0.00014631280775235714,0.0,0.0,0.031118885330919253,36
6.68,0.032290062480981374,0.007456548332480415,0.00014644097400104338,0.0,0.0,0.031123694746550048,36
6.7,0.032298117998251406,0.007447521421346305,0.0001465657827924654,0.0,0.0,0.031128411754940542,36
6.72,0.032306042232624614,0.007438469414074147,0.00014668693514055162,0.0,0.0,0.031133044118396624,36
6.74,0.032313840924025006,0.007432682432115501,0.00014680446265666368,0.0,0.0,0.03113759917770452,36
6.76,0.032321519253422186,0.007429030234622376,0.0001469184302563902,0.0,0.0,0.031142083766299275,36
6.78,0.03232910153660303,0.007425324432232416,0.00014702890321139178,0.0,0.0,0.031146504121170517,36
6.8,0.03233660266130273,0.007421564348507479,0.00014713589652423653,0.0,0.0,0.031150865792623304,36
6.82,0.03234399497935273,0.007417749297743051,0.0001472393901112923,0.0,0.0,0.031155173555501608,36
6.84,0.032351280521486475,0.007413878591989407,0.00014733941411706878,0.0,0.0,0.031159431324923218,36
6.86,0.03235846031721455,0.0074099515419366125,0.00014743603295640836,0.0,0.0,0.031163642079921356,36
6.88,0.03236553432675546,0.007405967468147043,0.00014752924232196176,0.0,0.0,0.03116780779858626,36
6.9,0.0323725013878688,0.007401925706204156,0.0001476190922675444,0.0,0.0,0.031171929408299996,36
6.92,0.03237935918093633,0.007397825613655597,0.000147705609389589,0.0,0.0,0.031176006754419575,36
6.94,0.03238610421513879,0.007393666577134409,0.0001477888224376093,0.0,0.0,0.03118003859026547,36
6.96,0.03239273183781941,0.007389448019475484,0.00014786873236512742,0.0,0.0,0.031184022590515666,36
6.98,0.03239923626814382,0.0073851694066679775,0.0001479453536211368,0.0,0.0,0.03118795538912346,36
7.0,0.03240566008110466,0.007380830254478687,0.00014801870512078197,0.0,0.0,0.031191832641731646,36
7.0200000000000005,0.0324119782060807,0.007376430134583812,0.0001480888043519998,0.0,0.0,0.031195649111333858,36
7.04,0.03241817336161124,0.007371968680937423,0.00014815566726507145,0.0,0.0,0.031199398774740917,36
7.0600000000000005,0.03242421292949812,0.007367445592956085,0.00014821936641991145,0.0,0.0,0.031203074946352206,36
7.08,0.032430086775561244,0.00736286063869904,0.0001482798666525712,0.0,0.0,0.03120667041490568,36
7.1000000000000005,0.032435784266659086,0.007358213662109621,0.0001483371635291363,0.0,0.0,0.03121017758835517,36
7.12,0.03244129441258824,0.007353504582396759,0.00014839131003192398,0.0,0.0,0.03121358864183735,36
7.140000000000001,0.03244660600590045,0.00734873338691993,0.00014844227586638612,0.0,0.0,0.031216895663841185,36
7.16,0.03245170775519452,0.007343900143103966,0.00014849005268233493,0.0,0.0,0.031220090796142515,36
7.18,0.032456588408127145,0.007339004992652521,0.0001485346412440406,0.0,0.0,0.031223166363751605,36
7.2,0.03246123686122698,0.007334048149617183,0.00014857604044536134,0.0,0.0,0.03122611499196084,36
7.22,0.032465642254505434,0.007329029897711603,0.00014861424742092255,0.0,0.0,0.0312289297084862,36
7.24,0.03246979404975599,0.007323950586981604,0.00014864925766707265,0.0,0.0,0.03123160402959286,36
7.26,0.03247368209225898,0.007318810629948446,0.00014868106516926032,0.0,0.0,0.031234132029915897,36
7.28,0.03247729665631078,0.007313610497342799,0.00014870966410953997,0.0,0.0,0.03123650839638584,36
7.3,0.03248062847555578,0.007308350713542714,0.00014873504478632105,0.0,0.0,0.03123872846722196,36
7.32,0.03248366875950235,0.007303683639250258,0.0001487571968938624,0.0,0.0,0.03124078825735282,36
7.34,0.032486409197862366,0.007300577163458731,0.00014877610967415006,0.0,0.0,0.031242684471873696,36
7.36,0.03248884195448217,0.007297404031715097,0.00014879177690370004,0.0,0.0,0.03124441450926847,36
7.38,0.03249095965265414,0.007294164920089636,0.00014880418822414777,0.0,0.0,0.031245976456133757,36
7.4,0.03249275535353914,0.007290860534868422,0.0001488133230732046,0.0,0.0,0.03124736907506901,36
7.42,0.032494222529313,0.007287491608019187,0.000148819171729267,0.0,0.0,0.03124859178726315,36
7.44,0.032495355032498376,0.007284058892847246,0.00014882171681600872,0.0,0.0,0.031249644651136287,36
7.46,0.032496147062774317,0.007280563159865575,0.00014882095041475653,0.0,0.0,0.03125052833820325,36
7.48,0.032496593132384406,0.007277005192894718,0.00014881685353514671,0.0,0.0,0.03125124410712689,36
7.5,0.032496688031099355,0.007273385785401089,0.00014880940837861791,0.0,0.0,0.03125179377673378,36
7.5200000000000005,0.03249642679154182,0.0072697057379845515,0.00014879859975866342,0.0,0.0,0.031252179698580504,36
7.54,0.03249580465555023,0.007265965853191481,0.00014879197142687457,0.0,0.0,0.03125240472948772,36
7.5600000000000005,0.03249481704215024,0.007262166933146238,0.00014884308408793796,0.0,0.0,0.03125247220430505,36
7.58,0.03249345951761554,0.007258309778065516,0.0001488906084378358,0.0,0.0,0.03125238590903203,36
7.6000000000000005,0.03249172776803393,0.007254395183047498,0.00014899919544130995,0.0,0.0,0.031252150054297254,36
7.62,0.032489617574748664,0.0072504239357817505,0.00014910698833788823,0.0,0.0,0.031251769249091066,36
7.640000000000001,0.03248712479301677,0.007246396814458717,0.00014921097116795982,0.0,0.0,0.031251248474551664,36
7.66,0.0324842453342121,0.007242314585869456,0.00014931112952720605,0.0,0.0,0.03125059305752099,36
7.68,0.032486579075549395,0.007238178003686948,0.00014940744917992874,0.0,0.0,0.031249808643514426,36
7.7,0.032489422874998605,0.007233987806921513,0.00014949994539725954,0.0,0.0,0.031248901168684957,36
7.72,0.032492120351427144,0.00722974471854408,0.00014958858339706916,0.0,0.0,0.03124787683030878,36
7.74,0.03249467714224046,0.007225449444272702,0.0001496733436816475,0.0,0.0,0.03124674205527795,36
7.76,0.03249710408715637,0.007221102671519342,0.00014977247671128796,0.0,0.0,0.03124550346605437,36
7.78,0.032499447652971025,0.007216705068495744,0.00014988969444246892,0.0,0.0,0.031244167843525177,36
7.8,0.03250166861560066,0.00721225728492873,0.00015004047795753452,0.0,0.0,0.031242742086203028,36
7.82,0.03250377308279351,0.007207759949192775,0.000150188392702919,0.0,0.0,0.031241233165241196,36
7.84,0.032505767165293756,0.007203213666136164,0.00015033344912274455,0.0,0.0,0.0312396480747895,36
7.86,0.03250765692155818,0.007198619021470442,0.00015047565821941976,0.0,0.0,0.031237993777306062,36
7.88,0.032509448297141134,0.007193976579706234,0.0001506150315130567,0.0,0.0,0.031236277143570447,36
7.9,0.03251114705866592,0.007189286884285454,0.0001507515809925336,0.0,0.0,0.031234504887318652,36
7.92,0.032512758722526326,0.00718636653614907,0.0001508853190576655,0.0,0.0,0.031232683494646633,36
7.94,0.03251428847873723,0.0071868983768454174,0.00015101625854796648,0.0,0.0,0.03123081914860395,36
7.96,0.03251574111067854,0.007187353935651795,0.0001511444132019217,0.0,0.0,0.031228917649725033,36
7.98,0.0325171209118427,0.007187732869108323,0.00015126979770726983,0.0,0.0,0.031226984333611263,36
8.0,0.03251843160108956,0.0071880348165263026,0.00015139242425469296,0.0,0.0,0.03122502398707076,36
8.02,0.03251967623831418,0.007188259398695724,0.00015151230520354752,0.0,0.0,0.031223040764724968,36
8.040000000000001,0.0325208571428127,0.007188406232454597,0.00015162945578891043,0.0,0.0,0.031221038108369983,36
8.06,0.03252197581695796,0.007188474932193355,0.0001517498806211835,0.0,0.0,0.031219018671707774,36
8.08,0.03252303287802829,0.007188465115761347,0.00015189068298069577,0.0,0.0,0.03121698425329341,36
8.1,0.032524028001133694,0.00718837641216987,0.00015202895029327863,0.0,0.0,0.031214935740645787,36
8.120000000000001,0.03252495987611583,0.007188208469325294,0.00015216469508189334,0.0,0.0,0.031212873068400378,36
8.14,0.03252582618103822,0.007187960951801163,0.00015229792981162502,0.0,0.0,0.031210795193123246,36
8.16,0.03252662357441855,0.00718763355499512,0.0001524286728205868,0.0,0.0,0.03120870008693999,36
8.18,0.03252734770769699,0.007187226013876618,0.00015255692572509986,0.0,0.0,0.031206584751475433,36
8.2,0.032527993258611394,0.007186738107379723,0.00015268270827533905,0.0,0.0,0.031204445252776603,36
8.22,0.03252855398521846,0.00718616966477315,0.0001528060188057241,0.0,0.0,0.031202276776959123,36
8.24,0.03252902279932426,0.007185520574586463,0.00015292686940481724,0.0,0.0,0.031200073705341787,36
8.26,0.03252939185715295,0.007184790780726331,0.00015304525893812385,0.0,0.0,0.031197829706899192,36
8.28,0.032529652664263435,0.007185268505590917,0.00015316118892115643,0.0,0.0,0.03119553784504314,38
8.3,0.03252979619109342,0.007188050559361871,0.00015327466105010524,0.0,0.0,0.03119319069511373,38
8.32,0.03252981299511694,0.0071907414652028975,0.00015338567545268656,0.0,0.0,0.031190780468567516,38
8.34,0.03252969334547013,0.0071933413695952735,0.00015349423068776984,0.0,0.0,0.031188299139719183,38
8.36,0.032529427346027665,0.0071958504942426955,0.00015360032376633071,0.0,0.0,0.03118573857102177,38
8.38,0.03252900505327063,0.0071982691359881,0.00015370395019242134,0.0,0.0,0.031183090633228393,38
8.4,0.03252841658582699,0.007200597665835065,0.00015380510402226283,0.0,0.0,0.031180347317320316,38
8.42,0.032527652223227066,0.0072028365271475684,0.00015390377793912064,0.0,0.0,0.031177500835747166,38
8.44,0.0325267024921365,0.007204986233119334,0.00015400802623172056,0.0,0.0,0.031174543711246366,38
8.46,0.03252555823904522,0.007207047363842704,0.0001541392576894568,0.0,0.0,0.031171468852224965,38
8.48,0.0325242106890567,0.007209020565702469,0.00015427783692921725,0.0,0.0,0.03116826961435366,38
8.5,0.032522651490998034,0.007210906536787363,0.0001544141827214018,0.0,0.0,0.031164939848599162,38
8.52,0.0325208727495386,0.007212706033394429,0.00015454828420227905,0.0,0.0,0.031161473936388902,38
8.540000000000001,0.03251886704535285,0.007214419861761683,0.00015468013471517248,0.0,0.0,0.03115786681295039,38
8.56,0.03251662744459741,0.00721604887337429,0.00015480971980264455,0.0,0.0,0.031154113980101455,38
8.58,0.03251414749909882,0.007217593960242547,0.00015493702462670135,0.0,0.0,0.031150211509895626,38
8.6,0.03251145308085762,0.007219056050220834,0.00015506203623874066,0.0,0.0,0.031146156040567974,38
8.620000000000001,0.03250857760624733,0.007220436102424718,0.00015518474490952786,0.0,0.0,0.031141944766196042,38
8.64,0.032505445769678475,0.007221735103687749,0.00015530513534101742,0.0,0.0,0.03113757542140872,38
8.66,0.032502052932138537,0.0072229540704934385,0.00015542319205868874,0.0,0.0,0.03113304626235936,38
8.68,0.03249839485017438,0.007224094023814283,0.00015553890135857837,0.0,0.0,0.03112835604504183,38
8.700000000000001,0.032494467648021615,0.007225156002624446,0.0001556522495548127,0.0,0.0,0.0311235040018825,38
8.72,0.03249026778860998,0.0072261410596966245,0.00015576322304856115,0.0,0.0,0.031118489817396365,38
8.74,0.03248579204409004,0.007227050255524877,0.00015587180839041862,0.0,0.0,0.0311133136035562,38
8.76,0.032481037466400686,0.007227884655201375,0.00015597799233649579,0.0,0.0,0.031107975875397337,38
8.78,0.03247600135828371,0.007228995117090685,0.00015608176189861733,0.0,0.0,0.031102477527265464,38
8.8,0.0324706812450553,0.007232756119131034,0.0001561831043889833,0.0,0.0,0.031096819810016586,38
8.82,0.03246507484735965,0.0072367846149904045,0.00015628200745975449,0.0,0.0,0.031091004309391643,38
8.84,0.03245918005506212,0.00724073147173229,0.00015637845913794605,0.0,0.0,0.031085032925717626,38
8.86,0.03245299490238273,0.0072445977251335255,0.0001564724478560657,0.0,0.0,0.031078907855026892,38
8.88,0.03244651754432652,0.007248384407988139,0.00015656396247889124,0.0,0.0,0.031072631571638844,38
8.9,0.0324397462344329,0.00725209251713561,0.00015665299232676011,0.0,0.0,0.031066206812208255,38
8.92,0.03243267930384107,0.007255723051155213,0.0001567395271957153,0.0,0.0,0.03105963656121473,38
8.94,0.032425315141650424,0.007261686626164957,0.0001568790011869037,0.0,0.0,0.031052924037842586,38
8.96,0.0324176521765434,0.0072685149926110795,0.00015701663150051215,0.0,0.0,0.03104607268418207,38
8.98,0.03240968885963252,0.007275257483151336,0.00015715163889983553,0.0,0.0,0.031039086154667536,38
9.0,0.032401423648490975,0.007281915016413486,0.00015730161857057634,0.0,0.0,0.0310319683066569,38
9.02,0.03239285499232902,0.0072884884925103035,0.0001574864681760438,0.0,0.0,0.03102472319204652,38
9.040000000000001,0.03238398131828282,0.007294978792132046,0.00015766857979258994,0.0,0.0,0.031017355049808445,38
9.06,0.03237480101879116,0.0073013867757175,0.0001578479442368105,0.0,0.0,0.031009868299329234,38
9.08,0.03236531244004437,0.007307713282696065,0.00015802455308643352,0.0,0.0,0.031002267534423048,38
9.1,0.03235611860878241,0.0073139591307940805,0.0001581984036356628,0.0,0.0,0.030994557517884817,38
9.120000000000001,0.032348783210408336,0.0073201251153995174,0.00015836950431660695,0.0,0.0,0.030986743176442556,38
9.14,0.03234123312733168,0.007326212008979879,0.00015853785304653683,0.0,0.0,0.030978829595959725,38
9.16,0.03233347022541979,0.007332220560549108,0.00015870343103842037,0.0,0.0,0.030970822016731063,38
9.18,0.03232549640147008,0.00733815149518002,0.0001588662359812268,0.0,0.0,0.030962725828706194,38
9.200000000000001,0.03231731357302645,0.007344005518222741,0.00015902626613008283,0.0,0.0,0.0309545465664666,38
9.22,0.03230892366751817,0.007349783308265681,0.00015923570964130547,0.0,0.0,0.030946289903772416,38
9.24,0.03230032861052007,0.0073554855099917426,0.00015945239002630577,0.0,0.0,0.03093796164748719,38
9.26,0.032291530312926225,0.007361112747445582,0.00015966620823842576,0.0,0.0,0.030929567730681277,38
9.28,0.0322825306568246,0.007366665620141319,0.00015987716494978482,0.0,0.0,0.030921114204709558,38
9.3,0.03227333147985888,0.0073721447015974535,0.00016008526135115954,0.0,0.0,0.03091260723005717,38
9.32,0.032263934557868024,0.00737755053914321,0.00016029050090678938,0.0,0.0,0.030904053065749806,38
9.34,0.03225434158560404,0.007382883653773497,0.0001604928975857768,0.0,0.0,0.030895458057134482,38
9.36,0.032244554155347514,0.007388144540056552,0.00016069245248584812,0.0,0.0,0.030886828621853345,38
9.38,0.03223457373327075,0.00739333366609908,0.00016090343172783618,0.0,0.0,0.03087817123386164,38
9.4,0.03222440163343994,0.007398451473574196,0.00016112724593502026,0.0,0.0,0.030869492405380027,38
9.42,0.03221403898940539,0.007403498377818008,0.00016134839914912859,0.0,0.0,0.030860798666725153,38
9.44,0.032203486723402536,0.007408474768220585,0.0001615806053399068,0.0,0.0,0.03085209654403323,38
9.46,0.0321927455132772,0.007413381008021515,0.00016183090586855095,0.0,0.0,0.030843392534976248,38
9.48,0.03218181575735724,0.007418217434731394,0.00016212460890305057,0.0,0.0,0.03083469308267435,40
9.5,0.032170697537618184,0.007422984360884624,0.0001624157603663536,0.0,0.0,0.030826004548125736,40
9.52,0.03215939058162747,0.007427682074394322,0.00016270436693332694,0.0,0.0,0.03081733318160549,40
9.540000000000001,0.03214789422389975,0.0074323108391750655,0.00016299043549405877,0.0,0.0,0.030808685093621755,40
9.56,0.03213620736744217,0.007436870895864022,0.00016330539058548942,0.0,0.0,0.030800066226154187,40
9.58,0.032124328446408036,0.007441362462638513,0.00016363693082578658,0.0,0.0,0.030791482325025352,40
9.6,0.03211225539089688,0.007445785736125376,0.00016398898231296868,0.0,0.0,0.030782938914360364,40
9.620000000000001,0.032099985595025526,0.0074501408923941794,0.00016434436121469853,0.0,0.0,0.030774441274159334,40
9.64,0.03208751588943836,0.007454428088023129,0.0001646973466375958,0.0,0.0,0.03076599442203041,40
9.66,0.03207484251941077,0.0074586474612229866,0.0001650511738983578,0.0,0.0,0.030757603100094243,40
9.68,0.032062898641128365,0.0074627991330010355,0.00016542719208223185,0.0,0.0,0.030749271767968513,40
9.700000000000001,0.032054896928358584,0.007466883208344291,0.00016580101243730887,0.0,0.0,0.03074100460256647,40
9.72,0.03204685213598818,0.007470899779657634,0.00016617264416186913,0.0,0.0,0.030732805505202066,40
9.74,0.03203876484211621,0.007474848925011809,0.0001665541926226114,0.0,0.0,0.030724678116191975,40
9.76,0.032030672336450836,0.0074787307044166,0.00016694670899911849,0.0,0.0,0.03071662583680088,40
9.78,0.03202254625354052,0.007482545170160695,0.00016733721002407285,0.0,0.0,0.030708651858008855,40
9.8,0.032014377693939264,0.007486292366780363,0.0001677257251375351,0.0,0.0,0.030700759195217767,40
9.82,0.03200616604992169,0.007489972326009695,0.0001681122573822279,0.0,0.0,0.030692950727679986,40
9.84,0.03199791050216983,0.007493585067607585,0.00016849681085063457,0.0,0.0,0.030685229241155257,40
9.86,0.031989610058758965,0.007497130605486959,0.00016887939033023824,0.0,0.0,0.03067759747209778,40
9.88,0.03198126359359879,0.007500608945259126,0.00016926000944217262,0.0,0.0,0.0306700581515596,40
9.9,0.031972869882480694,0.007504020084457694,0.00016963867777980893,0.0,0.0,0.030662614046973083,40
9.92,0.03196442763494638,0.0075073640126237405,0.00017001540646705614,0.0,0.0,0.030655268000041317,40
9.94,0.03195593552033851,0.00751064071126625,0.00017039020246562914,0.0,0.0,0.030648022959110774,40
9.96,0.031947392186604744,0.007513850153717173,0.00017076485046273564,0.0,0.0,0.030640882004611708,40
9.98,0.03193879627068409,0.007516992304905033,0.00017116025719409735,0.0,0.0,0.03063384836641079,40
10.0,0.03193014639959496,0.007520067121074722,0.0001715539137825836,0.0,0.0,0.030626925432210156,40
10.02,0.031921441181649426,0.0075230745494838675,0.00017194583213820007,0.0,0.0,0.03062011674643385,40
10.040000000000001,0.03191267918752896,0.007526014528107683,0.00017233602423870735,0.0,0.0,0.030613425999352933,40
10.06,0.031903858921264225,0.007528886985384943,0.00017272450208304432,0.0,0.0,0.03060685700650856,40
10.08,0.03189497878146155,0.007531691840037199,0.00017311127763686425,0.0,0.0,0.030600413678792314,40
10.1,0.03188603701341092,0.00753442900099192,0.0001734963627709379,0.0,0.0,0.030594099983835228,40
10.120000000000001,0.03187703165299415,0.007537098367437918,0.00017387977013711244,0.0,0.0,0.030587919899640454,40
10.14,0.03186796046358871,0.00753969983116541,0.00017426153489860058,0.0,0.0,0.030581877361670767,40
10.16,0.03185882086742974,0.007542233271319881,0.0001746416749490446,0.0,0.0,0.03057597620486832,40
10.18,0.031849609873147854,0.007544698559124858,0.00017502017013761096,0.0,0.0,0.030570220102337706,40
10.200000000000001,0.031840324001433766,0.007547095558791926,0.00017539703078232888,0.0,0.0,0.030564612502655013,40
10.22,0.03183095921098145,0.0075494241277624646,0.00017577230057324415,0.0,0.0,0.030559156567964058,40
10.24,0.03182151082701323,0.0075516841179038416,0.00017614596358629287,0.0,0.0,0.030553855115169334,40
10.26,0.03181197347477474,0.007553875376896165,0.00017652805808809742,0.0,0.0,0.03054871056261605,40
10.28,0.031802341020384935,0.007555997749790033,0.00017691217015672098,0.0,0.0,0.030543724884640282,40
10.3,0.03179260652132144,0.00755805108070786,0.00017729477084801176,0.0,0.0,0.03053889957626087,40
10.32,0.03178276218859888,0.007560035220246213,0.000177676445753665,0.0,0.0,0.030534235630055705,40
10.34,0.03177279936235681,0.007561950018819424,0.00017806979518160827,0.0,0.0,0.030529733526914647,40
10.36,0.03176270850211723,0.0075668014599092615,0.00017846172879687196,0.0,0.0,0.030525393241895037,40
10.38,0.03175247919241931,0.007574312083232047,0.00017885225093923498,0.0,0.0,0.030521214265840747,40
10.4,0.03174210016391899,0.007581733255796727,0.00017924136133186478,0.0,0.0,0.03051719564279164,40
10.42,0.031731559329391666,0.007589064713687757,0.00017962924805215057,0.0,0.0,0.030513336022544003,40
10.44,0.03172084383344362,0.0075963062066394145,0.0001800374659987105,0.0,0.0,0.030509633727070426,40
10.46,0.03170994011416714,0.007603457499280129,0.0001804445132200137,0.0,0.0,0.030506086828914078,40
10.48,0.03169883397450809,0.007610518372118796,0.0001808503902762332,0.0,0.0,0.03050269323918034,40
10.5,0.03168867885045504,0.007617488622243237,0.0001812734289666086,0.0,0.0,0.030499450802391113,40
10.52,0.03167961038833253,0.007624368063710434,0.00018169986875806457,0.0,0.0,0.03049635739526442,40
10.540000000000001,0.031670380392632085,0.007631156527617895,0.00018212537103702591,0.0,0.0,0.03049341102644062,40
10.56,0.03166139582286974,0.007637853861855658,0.00018254993580584186,0.0,0.0,0.030490609934287604,40
10.58,0.03165423479690493,0.0076444599392023905,0.00018299056988402352,0.0,0.0,0.03048795268015857,40
10.6,0.0316488509069515,0.007650974631257776,0.00018343322763785086,0.0,0.0,0.030485438234818373,40
10.620000000000001,0.0316439262863511,0.007657397831116158,0.00018387507615382222,0.0,0.0,0.030483066056160402,40
10.64,0.031638952245530795,0.00766372944545711,0.00018431611933462623,0.0,0.0,0.03048083615676952,40
10.66,0.03163392300309867,0.007669969392310867,0.00018475636301335462,0.0,0.0,0.030478749160314216,40
10.68,0.03163111605698957,0.007676117599624284,0.00018519580450673798,0.0,0.0,0.030476806346145784,40
10.700000000000001,0.03162841421334354,0.007682174005453976,0.00018563444739591814,0.0,0.0,0.03047500968182154,40
10.72,0.031625726010946716,0.007688138548244977,0.00018607230033887233,0.0,0.0,0.030473361843544926,40
10.74,0.03162305057348375,0.007694011173209146,0.00018650937514349107,0.0,0.0,0.030471866224718792,40
10.76,0.03162038757170485,0.007699791827488348,0.00018694567628186007,0.0,0.0,0.0304705269329461,40
10.78,0.03161773720171108,0.007705480458220837,0.00018738974798015388,0.0,0.0,0.030469348775888656,40
10.8,0.03161511672629449,0.007711077018414866,0.00018784381310930567,0.0,0.0,0.030468337236422536,40
10.82,0.03161254088826648,0.007716581443087843,0.00018829724098724733,0.0,0.0,0.030467498437522365,40
10.84,0.031609981263476444,0.0077219936675399165,0.00018875004082598515,0.0,0.0,0.03046683909727799,40
10.86,0.031607439719259,0.007727313621438903,0.0001892022227211445,0.0,0.0,0.030466366474412917,40
10.88,0.03160491838302962,0.007732541230925521,0.00018965379982091094,0.0,0.0,0.03046608830464745,40
10.9,0.031602419560597485,0.0077376764056703564,0.0001901048047869083,0.0,0.0,0.030466012728242082,40
10.92,0.03159994564580959,0.007742719046903096,0.00019058582474493758,0.0,0.0,0.03046614820908107,40
10.94,0.031597499021988384,0.007747669046906314,0.00019108982780925403,0.0,0.0,0.03046650344571866,40
10.96,0.031595081955745494,0.007752526287203899,0.00019159319513034438,0.0,0.0,0.030467087274919084,40
10.98,0.03159269648392269,0.007757290638540586,0.0001920959421910066,0.0,0.0,0.03046790856837747,40
11.0,0.0315917028814232,0.007761961961153473,0.00019259808776618274,0.0,0.0,0.03046897612351195,40
11.02,0.03159171598989438,0.007766540105340015,0.00019309965492842976,0.0,0.0,0.030470298549463697,40
11.040000000000001,0.031591842701763524,0.007771024912321836,0.00019360065342400676,0.0,0.0,0.030471884149719967,41
11.06,0.031592085898419046,0.007775416215397659,0.0001941011081296883,0.0,0.0,0.03047374080307481,41
11.08,0.03159335685929288,0.00777971384137217,0.0001946010523783228,0.0,0.0,0.030475875844941092,41
11.1,0.03159611500775659,0.007783917612240445,0.00019510048614681914,0.0,0.0,0.030478295951308014,41
11.120000000000001,0.03159906876852273,0.007788027347100306,0.00019559943331624098,0.0,0.0,0.03048100702787186,41
11.14,0.03160222019317318,0.007792042864257461,0.0001960979172660989,0.0,0.0,0.03048401410703116,41
11.16,0.031605570252279794,0.007795963983481404,0.00019659595567576483,0.0,0.0,0.030487321255505646,41
11.18,0.031609118751413846,0.007799790528363822,0.00019709357034359407,0.0,0.0,0.03049093149528851,41
11.200000000000001,0.03161286426289687,0.007803522328726234,0.00019759078394293185,0.0,0.0,0.030494846740460907,41
11.22,0.03161680407550131,0.007807159223020297,0.00019808762075067195,0.0,0.0,0.030499067752075667,41
11.24,0.03162093416384754,0.007810701060662867,0.00019858411402595168,0.0,0.0,0.030503594112860064,41
11.26,0.031625249178656376,0.007814147704248669,0.00019908028980259894,0.0,0.0,0.030508424222905256,41
11.28,0.03162974245832889,0.007817499031586747,0.00019957615667403963,0.0,0.0,0.03051355531682837,41
11.3,0.03163440606157005,0.007820754937512284,0.0002000717362270818,0.0,0.0,0.030518983502144617,41
11.32,0.03163923081999168,0.007823915335432936,0.00020056705037235542,0.0,0.0,0.030524703817812023,41
11.34,0.03164420640886723,0.007826980158578151,0.00020106212084401284,0.0,0.0,0.030530710311154362,41
11.36,0.03164932143351131,0.00782994936093048,0.00020155698367644575,0.0,0.0,0.0305369961306737,41
11.38,0.03165457088553285,0.007832822918214976,0.00020205164590905315,0.0,0.0,0.030543553631675793,41
11.4,0.031659972354274736,0.007835600871748555,0.00020254614133659548,0.0,0.0,0.03055037449118308,41
11.42,0.031665473888288095,0.007838650782989124,0.00020304047062782331,0.0,0.0,0.0305574498283304,41
11.44,0.031671095586766854,0.00784705834356401,0.0002035346508039122,0.0,0.0,0.030564770326341775,41
11.46,0.03167679819588009,0.007855349772736194,0.0002040286978024062,0.0,0.0,0.030572326352277527,41
11.48,0.031682555755296604,0.007863524870090495,0.00020452262926470228,0.0,0.0,0.030580108071012902,41
11.5,0.03168835238138914,0.007871583451592754,0.00020501646386518571,0.0,0.0,0.030588105550342685,41
11.52,0.031694171950044536,0.007879525348980123,0.00020551020636805,0.0,0.0,0.030596308854675472,41
11.540000000000001,0.03169999816655724,0.00788735040971642,0.00020600388324720838,0.0,0.0,0.030604708125451734,41
11.56,0.031705814620582314,0.007895058485178947,0.00020649749825838045,0.0,0.0,0.030613293647153553,41
11.58,0.03171160482579878,0.007902649440873098,0.0002070375274159605,0.0,0.0,0.03062205589853024,41
11.6,0.03171735224468879,0.007910123150438524,0.00020758187946968905,0.0,0.0,0.030630985589403244,41
11.620000000000001,0.03172304029953879,0.00791747949397264,0.00020812613348678688,0.0,0.0,0.030640073684097976,41
11.64,0.031728652371381776,0.007924718356415495,0.00020867029598900278,0.0,0.0,0.03064931141314436,41
11.66,0.031734171789096925,0.007931839626014913,0.00020921437258087793,0.0,0.0,0.03065869027536529,41
11.68,0.03173958181124287,0.007938843192884914,0.00020975836799786202,0.0,0.0,0.03066820203281057,43
11.700000000000001,0.03174486560341155,0.00794572894766412,0.00021030228615140988,0.0,0.0,0.030677838701178503,43
11.72,0.03175000621394378,0.007952496780275257,0.00021084613016954078,0.0,0.0,0.030687592538394128,43
11.74,0.03175498655075213,0.007959146578781535,0.0002113899070577479,0.0,0.0,0.03069745603388511,43
11.76,0.03175978936176154,0.007965678228331193,0.00021193361556938844,0.0,0.0,0.03070742190082369,43
11.78,0.03176439722112467,0.007972091610177777,0.0002124772550077291,0.0,0.0,0.030717483073208464,43
11.8,0.03176879252292514,0.007978386600761127,0.0002130208256531212,0.0,0.0,0.03072763270916764,43
11.82,0.03177295748357806,0.007984563070832456,0.00021356432711464892,0.0,0.0,0.03073786420130853,43
11.84,0.031776874153609955,0.007990620884606694,0.00021410775833562943,0.0,0.0,0.03074817119435176,43
11.86,0.03178052443898437,0.00799655989892617,0.0002146511175954194,0.0,0.0,0.030758547609707476,43
11.88,0.031783890131667186,0.008002379962421959,0.0002151944025087055,0.0,0.0,0.030768987676110464,43
11.9,0.031790927654719976,0.008008080914662645,0.00021573761495820163,0.0,0.0,0.03077948596495794,43
11.92,0.031799976550930614,0.008013662585284766,0.00021628074678394668,0.0,0.0,0.030790037428614875,43
11.94,0.03180893643161581,0.008019124793104576,0.00021682379304982445,0.0,0.0,0.03080063743967931,43
11.96,0.03181779864593495,0.008024467345216994,0.00021736674868736433,0.0,0.0,0.030811281829044086,43
11.98,0.031826554851518994,0.008029690040458861,0.00021790960795834834,0.0,0.0,0.0308219669205516,43
12.0,0.03183519703417919,0.008034792656467291,0.0002184523644578083,0.0,0.0,0.03083268956010584,43
12.02,0.03184371751979189,0.008039774958841544,0.00021899501111847115,0.0,0.0,0.03084344713727127,43
12.040000000000001,0.031852108976652437,0.008044636699103356,0.00021953754021616204,0.0,0.0,0.030854237597633834,43
12.06,0.0318603644069066,0.008049377613028704,0.00022007994438583684,0.0,0.0,0.03086505944450974,43
12.08,0.03186847712603351,0.008053997420164043,0.0002206222157794062,0.0,0.0,0.030875911728946454,43
12.1,0.031876440729753854,0.008058495823549632,0.00022116435701114077,0.0,0.0,0.030886794027353438,43
12.120000000000001,0.03188513878242376,0.008062872509699986,0.00022171689008524523,0.0,0.0,0.030897706406516557,43
12.14,0.03189492020547576,0.00806712714889219,0.00022227189506823105,0.0,0.0,0.030908649376183376,43
12.16,0.03190460515598305,0.008071259395811967,0.00022282677193765138,0.0,0.0,0.030919623829847632,43
12.18,0.031914190507254234,0.00807526889060423,0.0002233815040125455,0.0,0.0,0.030930630974810195,43
12.200000000000001,0.03192367317948396,0.008079155260369226,0.00022393607444455959,0.0,0.0,0.03094167225304043,43
12.22,0.03193434794281275,0.008082918121137641,0.00022449046898611786,0.0,0.0,0.03095274925480274,43
12.24,0.03194572572647334,0.008086557080347029,0.0002250469592393693,0.0,0.0,0.030963863627430685,43
12.26,0.031957059756673165,0.00809007174504668,0.0002256131165493921,0.0,0.0,0.030975016982011,43
12.280000000000001,0.03196834879869693,0.008093461710610997,0.00022617911162876278,0.0,0.0,0.03098621080105334,43
12.3,0.031979591278609894,0.008096726577766524,0.0002267449094506462,0.0,0.0,0.030997446350441556,43
12.32,0.03199078519658317,0.008099865954345961,0.00022731049234078838,0.0,0.0,0.03100872459905265,43
12.34,0.032001928050954864,0.008102879459219595,0.00022787585254720264,0.0,0.0,0.031020046149359673,43
12.36,0.03201301677608416,0.00810576672735856,0.0002284409577615974,0.0,0.0,0.031031411182078347,43
12.38,0.032024047696599466,0.008108527415082072,0.00022900578712665965,0.0,0.0,0.031042819417458848,43
12.4,0.03203503216107982,0.00811116120537051,0.0002295703237415952,0.0,0.0,0.031054270095167244,43
12.42,0.03204601816229429,0.008113667813114832,0.00023013454281991378,0.0,0.0,0.03106576197386841,43
12.44,0.03205693184872052,0.008116046990167023,0.00023069841892864453,0.0,0.0,0.03107729335065805,43
12.46,0.03206776702839394,0.008118298530056408,0.00023126192840568696,0.0,0.0,0.031088862099460757,43
12.48,0.03207851695372067,0.008120422274079973,0.00023182504702917665,0.0,0.0,0.031100465726489217,44
12.5,0.03208917438286083,0.008122418121191854,0.00023238775009668076,0.0,0.0,0.031112101439930765,44
12.52,0.0320997316516358,0.008124286004068032,0.0002329500125123925,0.0,0.0,0.031123766230267264,44
12.540000000000001,0.03211018075188856,0.008126025917657136,0.00023351180887999453,0.0,0.0,0.03113545695710377,44
12.56,0.032120513411978406,0.00812763791384787,0.00023407311482125052,0.0,0.0,0.031147170438121555,45
12.58,0.03213072117512628,0.008129122102535665,0.00023463390406708445,0.0,0.0,0.031158903535791285,46
12.6,0.03214079547163088,0.008130478650491718,0.00023519416108537078,0.0,0.0,0.031170653237768967,46
12.620000000000001,0.032150727681510956,0.008131707780479204,0.00023575395265780193,0.0,0.0,0.031182416727413176,46
12.64,0.03216050918483951,0.008132809769675566,0.00023631314834795793,0.0,0.0,0.0311941914415497,46
12.66,0.03217013139786129,0.008133784947480007,0.0002368717413999832,0.0,0.0,0.03120597511341016,46
12.68,0.03217958579386171,0.00813463369279874,0.00023742969644474665,0.0,0.0,0.031217765799517957,47
12.700000000000001,0.03218886390862531,0.008135356430908574,0.00023798698026951826,0.0,0.0,0.03122956189013241,47
12.72,0.0321979573311394,0.00813595363000261,0.00023854356867909117,0.0,0.0,0.0312413621036422,47
12.74,0.032210576117573726,0.008136425797520766,0.00023909943790168534,0.0,0.0,0.03125316546598827,47
12.76,0.03222470794621248,0.008136773476362758,0.00023965456460518547,0.0,0.0,0.03126497127676974,47
12.780000000000001,0.03223885182009851,0.008136997241653928,0.00024020892590039423,0.0,0.0,0.03127677906413172,47
12.8,0.03225298700152444,0.00813709769905423,0.00024076249933135938,0.0,0.0,0.03128858853084632,47
12.82,0.032267112996187924,0.008137075471438621,0.00024131526441296914,0.0,0.0,0.031300399494177795,47
12.84,0.032281229348506905,0.008136931206258628,0.0002418672022574522,0.0,0.0,0.03131221182217363,47
12.86,0.032295335577040465,0.008136665569198903,0.00024241828710734343,0.0,0.0,0.031324025368952936,47
12.88,0.03230943111129082,0.008136279244383897,0.0002429684978953715,0.0,0.0,0.031335839911380364,47
12.9,0.03232351523198028,0.00813577292010885,0.0002435178137574602,0.0,0.0,0.03134765508922959,47
12.92,0.03233758701652654,0.008135147295299225,0.00024406621395416412,0.0,0.0,0.031359470350569955,47
12.94,0.03235164529100069,0.008134403078048432,0.00024461367778308565,0.0,0.0,0.03137128490367115,47
12.96,0.03236572484268847,0.008133540982156484,0.0002451601844832296,0.0,0.0,0.03138309767623635,47
12.98,0.032379789713955866,0.008132561732549169,0.000245705713132356,0.0,0.0,0.031394907282269804,47
13.0,0.03239383587406503,0.008131466045726591,0.0002462502425384841,0.0,0.0,0.03140671199638839,47
13.02,0.03240786081168531,0.008130254641435384,0.00024679375112679887,0.0,0.0,0.0314185097349298,47
13.040000000000001,0.032421861631933765,0.008128928243473036,0.0002473362168232924,0.0,0.0,0.03143029804282097,48
13.06,0.03243583504734131,0.008127487576415985,0.0002478776180793739,0.0,0.0,0.031442074084877925,48
13.08,0.032449779467759385,0.00812593336542441,0.00024841793674176707,0.0,0.0,0.03145383464003332,48
13.1,0.03246372440517619,0.008124266336274189,0.00024895714193698225,0.0,0.0,0.03146557609694816,48
13.120000000000001,0.03247762985826063,0.008122487215607432,0.0002494952084108913,0.0,0.0,0.031477294449564805,48
13.14,0.032491490914589964,0.008120596731394378,0.00025003211158802167,0.0,0.0,0.03148898529139855,49
13.16,0.03250530223815402,0.008118595613600656,0.0002505678443021084,0.0,0.0,0.03150064380772782,49
13.18,0.03251905805827401,0.008116484595054022,0.0002511023614205052,0.0,0.0,0.031512264765308516,49
13.200000000000001,0.032532752156135145,0.008114264412503895,0.0002516356294084498,0.0,0.0,0.03152384249976669,49
13.22,0.032546377849645515,0.008111935811172918,0.00025216761484479804,0.0,0.0,0.031535370901377195,49
13.24,0.03255992797786118,0.008109499540191445,0.0002526982851426607,0.0,0.0,0.03154684340046361,49
13.26,0.032573394886670916,0.00810695635218537,0.0002532276055505136,0.0,0.0,0.03155825295410808,49
13.280000000000001,0.032586770417764914,0.00810430701365592,0.0002537555398750342,0.0,0.0,0.031569592036191425,49
13.3,0.03260004590308341,0.008101552302767406,0.0002542821785988793,0.0,0.0,0.03158085263295582,49
13.32,0.0326132121669231,0.008098693011224945,0.0002548378187891628,0.0,0.0,0.03159202624626451,49
13.34,0.0326262595376643,0.008095729946181001,0.0002553963873850266,0.0,0.0,0.03160310390651915,49
13.36,0.032639177870675794,0.008092663932125035,0.0002559603183133689,0.0,0.0,0.031614076196789104,49
13.38,0.032651956583385953,0.008089495816943987,0.00025652734585068993,0.0,0.0,0.03162493328913976,49
13.4,0.03266458470282382,0.008086226461939435,0.00025710052289347447,0.0,0.0,0.03163566499346204,49
13.42,0.03267705092519077,0.008082856753034398,0.00025767259100571515,0.0,0.0,0.0316462608183624,49
13.44,0.03268934368628843,0.008079387600887868,0.00025824350080704163,0.0,0.0,0.03165671004293879,49
13.46,0.03270145124096693,0.008075819940966561,0.00025881320560739205,0.0,0.0,0.03166700179760562,49
13.48,0.03271339207908259,0.008072154734331234,0.00025938165806751746,0.0,0.0,0.031677125151601065,49
13.5,0.032725132925351216,0.008068392968112249,0.0002599537754953564,0.0,0.0,0.03168706920445009,49
13.52,0.03273665327343858,0.00806453565566084,0.00026053161659671617,0.0,0.0,0.031696823178492955,49
13.540000000000001,0.032747941540277464,0.008060583836373267,0.0002611356193907185,0.0,0.0,0.031706376509620826,49
13.56,0.03275901970208856,0.008056538575195145,0.00026174279504936296,0.0,0.0,0.03171571893357054,49
13.58,0.03276984704096977,0.008052400965767008,0.00026234887293029465,0.0,0.0,0.03172484056548707,49
13.6,0.03278040960379659,0.008048172119239586,0.00026295380358474363,0.0,0.0,0.0317337319709205,49
13.620000000000001,0.03279069728177178,0.008043853169625671,0.000263557537773136,0.0,0.0,0.031742384226939487,49
13.64,0.032800700481942814,0.00803944527345685,0.00026416002656341113,0.0,0.0,0.0317507889725692,49
13.66,0.03281041016493489,0.008034949606367036,0.0002647612214162426,0.0,0.0,0.03175893844826048,49
13.68,0.03281981787181144,0.008030367363047913,0.00026536107425762423,0.0,0.0,0.03176682552453995,49
13.700000000000001,0.032828915740574054,0.00802569975254355,0.00026596138468809285,0.0,0.0,0.031774443720357835,49
13.72,0.03283769651309582,0.008020947993740708,0.00026656783039163116,0.0,0.0,0.03178178721193266,50
13.74,0.03284615353347807,0.00801611331943209,0.0002671728997580386,0.0,0.0,0.031788850833088654,51
13.76,0.03285428073893823,0.008011196971658016,0.0002677851474542968,0.0,0.0,0.03179563006819958,51
13.780000000000001,0.0328620726443828,0.008006200199703183,0.0002683969646801433,0.0,0.0,0.03180212103889926,51
13.8,0.03286952432181049,0.008001124258142067,0.0002690097364195652,0.0,0.0,0.03180832048571021,51
13.82,0.032876631375636796,0.007995970404950464,0.0002696289042686712,0.0,0.0,0.03181422574568891,51
13.84,0.03288338991494678,0.00799073989969672,0.0002702528697984704,0.0,0.0,0.03181983472710117,51
13.86,0.0328897965235792,0.007985434002695897,0.00027087566863174953,0.0,0.0,0.03182514588203834,51
13.88,0.03289584822883114,0.00798005397910616,0.0002714972647077839,0.0,0.0,0.031830158177771,51
13.9,0.032901542469455404,0.007974601075405926,0.0002721176226209498,0.0,0.0,0.03183487106752037,51
13.92,0.03290687706351058,0.00796907654348879,0.000272736707613884,0.0,0.0,0.03183928446121544,51
13.94,0.03291185017651712,0.007964861842076499,0.0002733544855701266,0.0,0.0,0.031843398696697396,51
13.96,0.03291646029027675,0.007960859849982791,0.00027397092300655905,0.0,0.0,0.03184721451173752,51
13.98,0.03292070617262712,0.007956785579529495,0.00027458598706587347,0.0,0.0,0.031850733017149344,51
14.0,0.03292458684832973,0.007953437279502804,0.00027519964550925326,0.0,0.0,0.031853955671201924,51
14.02,0.032928101571226095,0.007952967910370038,0.0002758118676208857,0.0,0.0,0.03185688425547907,51
14.040000000000001,0.03293132364964883,0.007952409641280462,0.0002764226218136245,0.0,0.0,0.03185952085227697,51
14.06,0.03293418113998366,0.007951763800567672,0.000277031877351797,0.0,0.0,0.031861867823589955,51
14.08,0.032936671841920166,0.00795103171378913,0.0002776396056941302,0.0,0.0,0.03186392779170076,51
14.1,0.0329387956745729,0.007950214689656829,0.0002782457775252098,0.0,0.0,0.031865703621364296,51
14.120000000000001,0.032940552667517026,0.00794931402514841,0.0002788503631845004,0.0,0.0,0.03186719840355404,51
14.14,0.03294194294107828,0.00794833100643477,0.00027945333738809954,0.0,0.0,0.031868415440724995,51
14.16,0.032942966687836334,0.007947266907650496,0.00028005468172725306,0.0,0.0,0.03186935823353664,51
14.18,0.03294362415526805,0.007946122989615742,0.0002806553952065073,0.0,0.0,0.031870030468971564,51
14.200000000000001,0.03294391562945357,0.007944900492263244,0.00028126081660695705,0.0,0.0,0.03187043600978177,52
14.22,0.032943841419766216,0.00794360064689335,0.00028186469501930176,0.0,0.0,0.03187057888519211,52
14.24,0.032943401844467576,0.007942224663548297,0.0002824670044669148,0.0,0.0,0.03187046328278957,52
14.26,0.03294259721713103,0.00794077373550536,0.000283067722996643,0.0,0.0,0.03187009354152808,52
14.280000000000001,0.03294142783381995,0.007939249043623607,0.00028366682720011653,0.0,0.0,0.03186947414577963,52
14.3,0.03293989396095048,0.007937651747312677,0.0002842642965165913,0.0,0.0,0.031868609720364684,52
14.32,0.03293799582377329,0.007935982989504984,0.0002848601113986404,0.0,0.0,0.03186750502649658,53
14.34,0.03293573359541453,0.007934243896039134,0.00028545424914472984,0.0,0.0,0.03186616495857755,53
14.36,0.03293310738642033,0.007932435580782486,0.0002860466966616774,0.0,0.0,0.03186459454178475,53
14.38,0.03293011723475724,0.007930559131009223,0.000286637430026907,0.0,0.0,0.031862798930387584,53
14.4,0.032926763096225296,0.00792861561540397,0.0002872264255287146,0.0,0.0,0.031860783406737765,53
14.42,0.032923044835249216,0.007926606087259275,0.0002878136649133275,0.0,0.0,0.03185855338087448,53
14.44,0.032918962216019226,0.007924531576532645,0.0002883991303447584,0.0,0.0,0.03185611439068686,53
14.46,0.03291451489396149,0.007922393190487211,0.0002889828039981059,0.0,0.0,0.03185347210257432,53
14.48,0.03290970240752659,0.007920191950255104,0.0002895646677208171,0.0,0.0,0.031850632312543835,53
14.5,0.03290452417029353,0.007917928718604146,0.00029014470554101845,0.0,0.0,0.03184760094767954,53
14.52,0.03289897946339675,0.007915604444303006,0.0002907229016870347,0.0,0.0,0.031844384067915864,53
14.540000000000001,0.03289364431944277,0.007913220066112602,0.0002912992400108431,0.0,0.0,0.03184098786803936,53
14.56,0.03288968132120098,0.007910776502263106,0.0002918737057102337,0.0,0.0,0.03183741867983744,53
14.58,0.0328854324454756,0.007908274649984531,0.0002924462877221929,0.0,0.0,0.03183368297430312,53
14.6,0.03288089974548925,0.007905715382138486,0.00029301696885031963,0.0,0.0,0.03182978736379465,53
14.620000000000001,0.03287608523936178,0.007903099558951729,0.00029358573495335286,0.0,0.0,0.03182573860403632,53
14.64,0.032870990905490075,0.007900428020443865,0.0002941525735728242,0.0,0.0,0.03182154359583285,53
14.66,0.032866516249185816,0.007897701580461986,0.00029471754919297566,0.0,0.0,0.03181720938635393,54
14.68,0.032863121828284235,0.007894921040801306,0.00029528058178157775,0.0,0.0,0.03181274316982751,55
14.700000000000001,0.032859534478876413,0.007892087175379278,0.0002958416525280279,0.0,0.0,0.03180815228746163,55
14.72,0.032855759221622434,0.00788920074017582,0.0002964007529800791,0.0,0.0,0.03180344422639326,55
14.74,0.03285180113274063,0.007886262470781637,0.00029695786860197673,0.0,0.0,0.03179862661744187,55
14.76,0.03284766533639962,0.007883273083751524,0.000297513024506115,0.0,0.0,0.031793707231422885,55
14.780000000000001,0.03284337187491865,0.007880233275388303,0.0002980661801337176,0.0,0.0,0.03178869397375509,55
14.8,0.03283893420752961,0.00787714372772032,0.00029861919788358844,0.0,0.0,0.03178359487707665,55
14.82,0.03283433456094305,0.007874005100564246,0.00029918074911702754,0.0,0.0,0.03177841809156724,55
14.84,0.03282957813321476,0.007870818027534998,0.0002997404711872524,0.0,0.0,0.03177317187266289,55
14.86,0.03282467009748396,0.00786758311410414,0.0003002983569153417,0.0,0.0,0.03176786456584491,55
14.88,0.032819615578206535,0.007864300954597045,0.0003008544005480071,0.0,0.0,0.03176250458819033,55
14.9,0.032814419623585625,0.007860972123079272,0.0003014112923037207,0.0,0.0,0.031757100406388246,55
14.92,0.03280908717392786,0.007857597173464195,0.00030197118737711166,0.0,0.0,0.0317516605109607,55
14.94,0.03280362302570598,0.007854176639660896,0.00030252933345302594,0.0,0.0,0.03174619338647878,55
14.96,0.0327980317911837,0.007850711035768433,0.00030308572412510274,0.0,0.0,0.03174070747763932,55
14.98,0.03279231785355784,0.007847200856323068,0.0003036462760016755,0.0,0.0,0.03173521115116664,55
15.0,0.03278648531769911,0.007843646579480841,0.00030420788397317317,0.0,0.0,0.03172971265362885,55
15.02,0.03278053795672589,0.007840048659183719,0.00030476780635718367,0.0,0.0,0.0317242200654106,55
15.040000000000001,0.032774479154823184,0.007836407532979959,0.0003053260376175295,0.0,0.0,0.031718741251260625,55
15.06,0.032768311846919126,0.007832723620918901,0.0003058944189913148,0.0,0.0,0.03171328380803109,55
15.08,0.032762038456046486,0.007828997325748037,0.00030646308376928614,0.0,0.0,0.03170785501043841,55
15.1,0.03275566082943677,0.007825229033611495,0.00030703020413543243,0.0,0.0,0.03170246175589286,55
15.120000000000001,0.03274918017460962,0.00782141911484037,0.0003075957773177001,0.0,0.0,0.03169711050965572,55
15.14,0.032742596996912836,0.007817567924836132,0.0003081598007924458,0.0,0.0,0.03169180725177062,55
15.16,0.032735911040125305,0.007813675807923985,0.00030872227236490823,0.0,0.0,0.03168655742736724,55
15.18,0.03272912123183909,0.007809743090198157,0.000309285839312082,0.0,0.0,0.031681365902031904,55
15.200000000000001,0.032722225635372956,0.007805770088069162,0.000309858619134345,0.0,0.0,0.03167623692396635,55
15.22,0.032715221409927636,0.007801757107834241,0.0003104299938475556,0.0,0.0,0.031671174094603266,55
15.24,0.03270810478056555,0.007797704451541695,0.00031099996171467633,0.0,0.0,0.03166618034920477,55
15.26,0.03270087101938446,0.007793612403694261,0.00031156852102362563,0.0,0.0,0.031661257948740806,55
15.280000000000001,0.032693514438961076,0.007789481246604745,0.0003121356761698415,0.0,0.0,0.03165640848403002,55
15.3,0.032686028398780965,0.00778531125772993,0.00031270144431234833,0.0,0.0,0.031651632892742775,55
15.32,0.03267840532496167,0.0077811027119004,0.00031326581080691305,0.0,0.0,0.03164693148942807,55
15.34,0.03267063674314138,0.0077768558846537245,0.00031383271417231677,0.0,0.0,0.031642304008260055,55
15.36,0.032662713323968605,0.0077725710404601776,0.0003144001049541536,0.0,0.0,0.03163774965772567,55
15.38,0.03265462494021631,0.0077682484492955116,0.0003149661851287653,0.0,0.0,0.03163326718602308,55
15.4,0.03264636073417894,0.007763888382214236,0.00031553095259727126,0.0,0.0,0.031628854955529646,55
15.42,0.03263853667093041,0.00775949111231257,0.0003160944045572999,0.0,0.0,0.0316245110243535,55
15.44,0.03263281898597877,0.007755056921017063,0.0003166565398683532,0.0,0.0,0.03162023323271858,55
15.46,0.032627011730961615,0.00775058609251402,0.0003172173593058522,0.0,0.0,0.031616019291761555,55
15.48,0.03262110686238746,0.007746078902081514,0.0003177768571121233,0.0,0.0,0.03161186687224667,55
15.5,0.03261509614222869,0.007741535635759049,0.0003183350280605564,0.0,0.0,0.03160777369073162,55
15.52,0.03260897120842729,0.007736956592705817,0.00031889450098515035,0.0,0.0,0.03160373759083786,55
15.540000000000001,0.03260272363830288,0.007732342062770719,0.00031945663791196194,0.0,0.0,0.03159975661748317,55
15.56,0.03259634500311034,0.0077276923481099545,0.000320017549833757,0.0,0.0,0.031595829082207,55
15.58,0.03258982691234409,0.0077230077616973,0.0003205851184317234,0.0,0.0,0.03159195361804456,55
15.6,0.03258316104677407,0.007718288605824294,0.0003211728806345117,0.0,0.0,0.03158812922276446,55
15.620000000000001,0.032576339179606874,0.007713535188155191,0.0003217680033644345,0.0,0.0,0.03158435528966139,55
15.64,0.032569353185582385,0.007709288789398033,0.00032236582795660884,0.0,0.0,0.0315806316254731,55
15.66,0.03256219503822715,0.0077064472603197475,0.00032296256862081595,0.0,0.0,0.03157695845536001,55
15.68,0.03255485679588506,0.007705622095080757,0.0003235582243175597,0.0,0.0,0.031573336415236145,55
15.700000000000001,0.03254733057752842,0.007705476158649351,0.00032415279656959026,0.0,0.0,0.03156976653206844,55
15.72,0.032540975158923596,0.007705285592857816,0.000324746275994886,0.0,0.0,0.03156625019306362,55
15.74,0.03253595752961478,0.0077050506397718255,0.0003253386595428214,0.0,0.0,0.031562789104937,55
15.76,0.03253084868937051,0.007704771538517054,0.00032592994402556744,0.0,0.0,0.03155938524470289,55
15.780000000000001,0.03252564547779103,0.0077044485175659806,0.00032652012529756704,0.0,0.0,0.03155604080363652,55
15.8,0.032520344692907724,0.007707146987266539,0.0003271092009818462,0.0,0.0,0.03155275812622525,55
15.82,0.03251494302632833,0.0077122616424798816,0.00032769716903034506,0.0,0.0,0.03154953964604021,55
15.84,0.0325096012872785,0.007717313174539129,0.0003282840277471493,0.0,0.0,0.031546387820504514,55
15.860000000000001,0.03250685966256196,0.0077223016477762025,0.0003288697758047963,0.0,0.0,0.031543305066495025,55
15.88,0.03250412582685841,0.007727227121586802,0.0003294544252552976,0.0,0.0,0.031540293698580184,55
15.9,0.03250140031417391,0.007732089649617648,0.00033003798027647093,0.0,0.0,0.0315373558714554,55
15.92,0.032498683398484704,0.007736889281970963,0.00033062042459048083,0.0,0.0,0.03153449352779606,55
15.94,0.03249597504552529,0.00774162605634404,0.000331201759455918,0.0,0.0,0.03153170835231707,55
15.96,0.032493274870919873,0.007746300004658084,0.0003317819833423009,0.0,0.0,0.03152900173233498,55
15.98,0.03249058210442218,0.00775091115137755,0.0003323611084529161,0.0,0.0,0.031526374724616085,55
16.0,0.03248789555954317,0.0077554595148089135,0.0003329391313465522,0.0,0.0,0.03152382802780921,55
16.02,0.03248521360744436,0.00775994510180962,0.0003335160478824861,0.0,0.0,0.031521361959359326,55
16.04,0.032482534153704876,0.007764367910777284,0.0003340918586493646,0.0,0.0,0.03151897643552897,55
16.06,0.03247985461647246,0.007768727936542797,0.0003346665663745439,0.0,0.0,0.03151667095305488,55
16.080000000000002,0.032477171904603426,0.007773025159354344,0.0003352401716556182,0.0,0.0,0.031514444571060764,55
16.1,0.03247448239468292,0.007777259555499398,0.00033581267628539395,0.0,0.0,0.03151229589213102,55
16.12,0.03247178190626889,0.007781431094821579,0.00033638408260277446,0.0,0.0,0.03151022304189963,55
16.14,0.03246907461151632,0.007785539741496398,0.00033695439278417014,0.0,0.0,0.03150822364707977,55
16.16,0.0324664069431375,0.0077899963382953834,0.0003375236088345317,0.0,0.0,0.03150629481248937,55
16.18,0.03246371243175536,0.007795111394252156,0.00033809173571264266,0.0,0.0,0.03150443309824848,55
16.2,0.03246098439629849,0.007800152229472225,0.0003386587796026824,0.0,0.0,0.031502634498865964,55
16.22,0.03245821546688344,0.007805118597794255,0.0003392247356223748,0.0,0.0,0.03150089442633619,55
16.240000000000002,0.03245539756815956,0.007810010258391896,0.00033978960561392116,0.0,0.0,0.03149920769958461,55
16.26,0.032452531163585104,0.007815479545187761,0.00034035339122617255,0.0,0.0,0.03149756854260917,55
16.28,0.03244962090106953,0.007821167899248737,0.00034091609848345005,0.0,0.0,0.031495970593458975,55
16.3,0.03244663335063369,0.007826767259391644,0.00034147772677983594,0.0,0.0,0.031494406925788136,55
16.32,0.03244355764833305,0.00783227728303325,0.0003420382739988404,0.0,0.0,0.0314928700841565,55
16.34,0.0324403823043269,0.007839656035501895,0.00034259774058449774,0.0,0.0,0.03149135213356804,55
16.36,0.032437095259070334,0.007847620991416285,0.0003431561265766233,0.0,0.0,0.03148984472299698,55
16.38,0.03243368395235798,0.007855473080311528,0.00034371343157581355,0.0,0.0,0.031488339161910406,55
16.4,0.03243013540354847,0.007863212353318098,0.00034426965471357824,0.0,0.0,0.031486826508108204,55
16.42,0.03242643630070812,0.007870838913941296,0.00034482479466711464,0.0,0.0,0.03148529766461658,55
16.44,0.032422573095963234,0.007878352902889295,0.0003453788507619625,0.0,0.0,0.031483743482928296,55
16.46,0.03241853210406842,0.007885754507484698,0.00034593181937635366,0.0,0.0,0.03148215486960677,55
16.48,0.0324142996010982,0.007893043965656888,0.00034648981524852874,0.0,0.0,0.03148052289317742,55
16.5,0.032409861920247696,0.00790022154953134,0.000347050824772745,0.0,0.0,0.03147883888831317,55
16.52,0.03240520554197194,0.007907287579037005,0.0003476108574562719,0.0,0.0,0.03147709455456933,55
16.54,0.03240031717607383,0.007914242415334128,0.0003481926294171349,0.0,0.0,0.031475282047306756,56
16.56,0.032395183833831935,0.007921086458906998,0.0003487765448348997,0.0,0.0,0.03147339405892549,56
16.580000000000002,0.03238979288880034,0.007927820147324934,0.0003493594725343026,0.0,0.0,0.031471423889072266,56
16.6,0.032384132125469915,0.00793444395272418,0.00034994605247308134,0.0,0.0,0.03146936550304151,56
16.62,0.03237818977551652,0.00794095837906542,0.00035053737508134575,0.0,0.0,0.03146721357812245,56
16.64,0.032371954541843044,0.007947363959221616,0.0003511278833856019,0.0,0.0,0.03146496353812225,56
16.66,0.03236541561102835,0.007954409774610875,0.0003517175730755143,0.0,0.0,0.03146261157669472,56
16.68,0.0323585626551115,0.007961941590307128,0.00035230811435242566,0.0,0.0,0.0314601546704115,57
16.7,0.032351385823863314,0.007969355628819086,0.0003529182142263092,0.0,0.0,0.03145759058272683,57
16.72,0.03234387572883037,0.007976652535574514,0.0003535332985209151,0.0,0.0,0.03145491786010822,57
16.740000000000002,0.032336041305291614,0.007983832965116695,0.0003541475677224786,0.0,0.0,0.03145213582164854,57
16.76,0.03232787180197441,0.007990897578070593,0.0003547610179041683,0.0,0.0,0.03144924454344908,57
16.78,0.03231934817694219,0.007997847038441065,0.0003553736471405582,0.0,0.0,0.031446244838985456,57
16.8,0.03231048787512212,0.008004682018631524,0.0003559854480377236,0.0,0.0,0.03144313823655456,57
16.82,0.032301253628082886,0.00801140317419548,0.00035659641747539376,0.0,0.0,0.031439926954760715,57
16.84,0.032291638187715,0.008018011159169156,0.0003572065511994933,0.0,0.0,0.03143661387684986,57
16.86,0.03228165750879832,0.008024506626180438,0.0003578158630307703,0.0,0.0,0.03143320252454491,57
16.88,0.032271293072884746,0.008030890210701669,0.00035842433717919633,0.0,0.0,0.0314296970318857,57
16.9,0.03226052705186105,0.008037162539706775,0.0003590319670587553,0.0,0.0,0.0314261021194332,57
16.92,0.03224935287442075,0.008043324225924771,0.0003596387488665044,0.0,0.0,0.031422423069065786,57
16.94,0.032237873795697106,0.008049375865849712,0.0003602446803107584,0.0,0.0,0.031418665699475844,57
16.96,0.03222870251715354,0.008055318046669323,0.0003608497598298759,0.0,0.0,0.03141483634236667,57
16.98,0.032219223047331616,0.008061151318398413,0.0003614539864369156,0.0,0.0,0.031410941819255696,57
17.0,0.03220943389415805,0.008066876217751404,0.00036205991975794474,0.0,0.0,0.031406989418706566,57
17.02,0.03219933365917863,0.008072493258670163,0.0003626657986952469,0.0,0.0,0.03140298687374199,57
17.04,0.03218892100029663,0.008078002930602445,0.000363271543967624,0.0,0.0,0.03139894233912919,57
17.06,0.03217819459367715,0.008085449574787098,0.0003638764533045903,0.0,0.0,0.031394864368182396,57
17.080000000000002,0.03216715309450082,0.008095489240488567,0.0003644805371411966,0.0,0.0,0.031390761888691505,57
17.1,0.03215761720047554,0.008105407251996054,0.0003650838401414892,0.0,0.0,0.03138664417756512,57
17.12,0.0321479807899922,0.008115203781189673,0.00036568631189933155,0.0,0.0,0.03138252083377192,57
17.14,0.032138088616378374,0.008124878971109977,0.0003662879548937544,0.0,0.0,0.03137840174917852,57
17.16,0.03212794115247895,0.008134432923173061,0.0003668887724551868,0.0,0.0,0.03137429707691967,57
17.18,0.03211753872083831,0.008143865706604478,0.00036748876912951807,0.0,0.0,0.0313702171969989,57
17.2,0.03210688144494135,0.008153177358073846,0.0003680879490032157,0.0,0.0,0.03136617267890986,57
17.22,0.032095969198149436,0.008162367875571758,0.00036868631588347597,0.0,0.0,0.031362174241191206,57
17.240000000000002,0.03208480155067278,0.008171437218197969,0.0003692838751747126,0.0,0.0,0.031358232707982166,58
17.26,0.03207337771515246,0.008180385310427286,0.00036988063285265673,0.0,0.0,0.03135435896282967,58
17.28,0.03206290733250506,0.008189212039735702,0.0003704765954501667,0.0,0.0,0.031350563900205394,58
17.3,0.03205556042139239,0.008197917256720161,0.0003710717700379513,0.0,0.0,0.03134685837541279,58
17.32,0.03204916246473253,0.008206500775418207,0.0003716672076452155,0.0,0.0,0.031343253153784605,58
17.34,0.03204272522870448,0.008214962373831201,0.0003722620692043593,0.0,0.0,0.03133975886027259,58
17.36,0.032036254064755625,0.008223301794650984,0.00037285817332272,0.0,0.0,0.03133638593068752,58
17.38,0.032029753901279885,0.00823151874618562,0.00037345415367538357,0.0,0.0,0.03133314456593636,58
17.400000000000002,0.03202322919285702,0.008239612903475102,0.0003740493807213238,0.0,0.0,0.03133004469059772,58
17.42,0.0320166838745741,0.008247583909583626,0.0003746438702152683,0.0,0.0,0.03132709591705807,58
17.44,0.032010121322400165,0.008255431377051,0.0003752376245781811,0.0,0.0,0.03132430751618736,58
17.46,0.03200354432022097,0.008263154889482673,0.00037583065107750117,0.0,0.0,0.03132168839516597,58
17.48,0.031996955033668284,0.008270754003256523,0.00037642295842508453,0.0,0.0,0.03131924708260195,58
17.5,0.03199035499033379,0.008278228249324612,0.00037701455531573367,0.0,0.0,0.03131699172053181,58
17.52,0.03198374506538796,0.008285577135090339,0.0003776054511608639,0.0,0.0,0.03131493006232826,58
17.54,0.0319771254710879,0.008292800147866944,0.0003781956538933899,0.0,0.0,0.03131306947500208,59
17.56,0.031970495748217184,0.008299896754903906,0.0003787860587001414,0.0,0.0,0.03131141694394534,59
17.580000000000002,0.031963854757212105,0.008306866402191635,0.0003793759886472907,0.0,0.0,0.031309979077875284,59
17.6,0.03195720066663782,0.008313708522826492,0.0003799652382470073,0.0,0.0,0.031308762111648666,59
17.62,0.031950530936809066,0.008320422536582146,0.00038055381379783066,0.0,0.0,0.03130777190474873,59
17.64,0.03194384229670884,0.008327007852170134,0.00038114172096360564,0.0,0.0,0.031307013933605715,59
17.66,0.03193713071292208,0.00833346387298897,0.0003817431251300836,0.0,0.0,0.0313064932764754,60
17.68,0.031930391350030375,0.008339789990005465,0.0003823606701275716,0.0,0.0,0.03130621459032744,60
17.7,0.031923618522750254,0.008345985593234396,0.0003829775726729159,0.0,0.0,0.031306182080028146,60
17.72,0.031916805640973316,0.008352050072628861,0.00038359383428589384,0.0,0.0,0.031306399460973355,60
17.740000000000002,0.03190994514971058,0.008357982821612991,0.00038420945543221754,0.0,0.0,0.03130686991716282,60
17.76,0.03190302846668456,0.008363783248747314,0.0003848244354878479,0.0,0.0,0.03130759605743961,60
17.78,0.03189896355597759,0.00836945075153493,0.0003854387838678076,0.0,0.0,0.0313085798731809,60
17.8,0.03189583479054829,0.008374984754549659,0.00038605250004737244,0.0,0.0,0.031309822701072895,60
17.82,0.03189273908097782,0.008380384707706101,0.0003866655730837511,0.0,0.0,0.031311325194692645,60
17.84,0.031889667608767595,0.008385650062483974,0.00038727799431104225,0.0,0.0,0.03131308730844099,60
17.86,0.03188661048627388,0.00839078030198601,0.0003879108277280909,0.0,0.0,0.03131510829692578,60
17.88,0.031883556759239096,0.008395774943632915,0.00038855517331186584,0.0,0.0,0.03131738673220905,60
17.900000000000002,0.031880494428601344,0.008400633540199888,0.0003892036722177139,0.0,0.0,0.03131992054045519,60
17.92,0.03187741049222894,0.008405355670110163,0.00038985540438805753,0.0,0.0,0.031322707058509494,60
17.94,0.031875693012274595,0.008409940959421288,0.0003905065309672214,0.0,0.0,0.03132574310987698,60
17.96,0.03187461586877072,0.008414389077139343,0.0003911570396430517,0.0,0.0,0.03132902509853698,60
17.98,0.03187354149632606,0.008418699737455224,0.0003918099193480664,0.0,0.0,0.031332549118096784,60
18.0,0.03187245621687506,0.00842287270138236,0.0003924625920009722,0.0,0.0,0.03133631107302075,60
18.02,0.03187393469911234,0.008426907777750002,0.0003931146077424163,0.0,0.0,0.0313403068081153,60
18.04,0.0318754763051497,0.00843080482352675,0.0003937659540028462,0.0,0.0,0.03134453224212835,60
18.06,0.03187706863951434,0.008434563743470555,0.00039441661851589293,0.0,0.0,0.03134898350123567,60
18.080000000000002,0.031878701182788675,0.008438184489121826,0.0003950665894461959,0.0,0.0,0.03135365704831507,60
18.1,0.031881568979455106,0.00844166705717532,0.0003957158555016759,0.0,0.0,0.031358549804219565,60
18.12,0.031885316502120065,0.008445011493725276,0.0003963644060279552,0.0,0.0,0.031363659257703416,60
18.14,0.031889141589690806,0.0084482178743492,0.0003970167098888899,0.0,0.0,0.03136898356118499,60
18.16,0.03189528743406121,0.00845128631397182,0.00039770046978541144,0.0,0.0,0.031374521610096934,60
18.18,0.03190188123573046,0.008454216963269576,0.000398406653965116,0.0,0.0,0.03138027310413829,60
18.2,0.031908635182728184,0.008457010002822124,0.00039911206369156496,0.0,0.0,0.031386238589271157,60
18.22,0.03191554841598661,0.008459665639913653,0.00039981669340069406,0.0,0.0,0.03139241947977571,60
18.240000000000002,0.03192262086232495,0.00846218410967339,0.00040052054110260995,0.0,0.0,0.03139881806008057,60
18.26,0.031929853212081485,0.00846456565126436,0.00040122359246083346,0.0,0.0,0.031405437466418086,60
18.28,0.031937246876682326,0.00846681052513605,0.0004019259109434139,0.0,0.0,0.03141228164862429,60
18.3,0.03194480392667533,0.0084689190018808,0.0004026282646234046,0.0,0.0,0.031419355312621355,60
18.32,0.03195252701094225,0.008470891367492094,0.00040332982597601156,0.0,0.0,0.03142666384430552,60
18.34,0.03196041925796948,0.008472727893928196,0.0004040305743423663,0.0,0.0,0.03143421321573078,60
18.36,0.0319684841602286,0.008474428860852822,0.0004047305076386985,0.0,0.0,0.031442009874650054,60
18.38,0.03197672544290748,0.008475994545883771,0.00040543482563148964,0.0,0.0,0.03145006061866501,60
18.400000000000002,0.03198514691845443,0.008477425221654514,0.0004061630769837037,0.0,0.0,0.031458372455457656,60
18.42,0.03199375232866122,0.008478721153923079,0.00040689501537249066,0.0,0.0,0.03146695245083962,60
18.44,0.032002545176315594,0.008479882600140364,0.0004076261907020734,0.0,0.0,0.03147580756666006,60
18.46,0.03201152854879805,0.008480909808500848,0.00040835658881970243,0.0,0.0,0.031484944490955694,60
18.48,0.03202070493636623,0.008481803017491902,0.00040908620764489587,0.0,0.0,0.031494369463094536,60
18.5,0.03203007604824413,0.00848256245595095,0.0004098150653989867,0.0,0.0,0.031504088097036566,60
18.52,0.03203964262998716,0.008483188343631917,0.00041054313917793256,0.0,0.0,0.031514105206185763,60
18.54,0.032049404285893694,0.008483680895841663,0.0004112704203387099,0.0,0.0,0.03152442463360468,60
18.56,0.03205935931044901,0.008484040314563946,0.0004119969065591813,0.0,0.0,0.03153504909157232,60
18.580000000000002,0.03206950453288328,0.008484266800368324,0.0004127225870857621,0.0,0.0,0.031545980014556614,60
18.6,0.03207983517887507,0.008484360552089846,0.0004134474548205483,0.0,0.0,0.0315572174296147,60
18.62,0.03209034475321586,0.008484321769382139,0.0004141715130632538,0.0,0.0,0.03156875984800829,60
18.64,0.0321012611129912,0.008484150655861432,0.00041489474967867083,0.0,0.0,0.03158060418142093,60
18.66,0.03211407740004393,0.008483847422508914,0.0004156171476605532,0.0,0.0,0.03159274568559095,60
18.68,0.03212710563372535,0.008483718188849607,0.0004163423102004598,0.0,0.0,0.03160517793344916,60
18.7,0.032140334139052894,0.008485659877468296,0.0004170936767189792,0.0,0.0,0.031617892819004276,60
18.72,0.03215374944152152,0.008487452842537076,0.00041784423630873837,0.0,0.0,0.03163088059229247,60
18.740000000000002,0.032167336326031436,0.008489097055200774,0.00041859400273417665,0.0,0.0,0.031644129924748216,60
18.76,0.03218107792481615,0.008490592525425595,0.00041934294204258815,0.0,0.0,0.031657628003410924,61
18.78,0.03219495583203163,0.008491939307329815,0.000420091043322426,0.0,0.0,0.03167136065150485,61
18.8,0.0322089502419205,0.008493137503423417,0.00042083828922334377,0.0,0.0,0.03168531247215861,61
18.82,0.03222306462068205,0.008494187268713073,0.00042158467182299445,0.0,0.0,0.03169946701140268,61
18.84,0.032237257393659326,0.00849508881402156,0.00042233017899497493,0.0,0.0,0.03171380693611865,61
18.86,0.03225150063798271,0.00849584240987218,0.000423074806734789,0.0,0.0,0.0317283142223293,61
18.88,0.03226577066518287,0.00849644839202612,0.00042381853494639487,0.0,0.0,0.03174297034911204,61
18.900000000000002,0.03228004329079743,0.00849690715184591,0.00042456135652806424,0.0,0.0,0.03175775649348264,61
18.92,0.032294294027592096,0.008497219147865113,0.0004253032619935958,0.0,0.0,0.031772653721811976,61
18.94,0.032308498273583466,0.008497384902492,0.0004260442504532007,0.0,0.0,0.03178764317368095,61
18.96,0.03232335296259173,0.008498978822671723,0.00042678430110939397,0.0,0.0,0.03180270623451776,61
18.98,0.0323404416965378,0.008500553192366856,0.00042752340970586783,0.0,0.0,0.03181782469386532,61
19.0,0.03235754515558111,0.00850195943119709,0.00042827368814103885,0.0,0.0,0.031832980886667,61
19.02,0.032374645407025844,0.00850319833733973,0.00042903824944801744,0.0,0.0,0.03184815781550682,61
19.04,0.03239172526197904,0.008504270771681309,0.0004298020339270825,0.0,0.0,0.03186333925227699,61
19.06,0.032408768354589966,0.008505177653146647,0.0004305649115218799,0.0,0.0,0.0318785098182555,61
19.080000000000002,0.03242575919904349,0.008505919953834653,0.00043132678438889135,0.0,0.0,0.03189365504205084,61
19.1,0.032442683224181625,0.008506498694065947,0.0004320876465180687,0.0,0.0,0.03190876139530693,61
19.12,0.032459526786029765,0.00850691493744199,0.00043284749618995835,0.0,0.0,0.03192381630646126,61
19.14,0.03247627715887592,0.008507169792718053,0.0004336063288473139,0.0,0.0,0.031938808153218666,61
19.16,0.032492922505899594,0.008507264390773268,0.0004343641341051246,0.0,0.0,0.03195372623474894,61
19.18,0.03250945183068299,0.008507199895135579,0.0004351209080952182,0.0,0.0,0.03196856072494999,62
19.2,0.032525854911265,0.008506977500080826,0.00043587664814567995,0.0,0.0,0.03198330260844398,63
19.22,0.03254212221872942,0.008506598424412905,0.0004366313462671349,0.0,0.0,0.031997943601302266,63
19.240000000000002,0.03255824482265094,0.008506063888459231,0.00043738499800707886,0.0,0.0,0.032012476058825824,63
19.26,0.03257421428605653,0.008505375138451853,0.00043813760200546627,0.0,0.0,0.03202689287303995,63
19.28,0.032590022552886073,0.008504533433885436,0.0004388891553124877,0.0,0.0,0.032041187362886164,64
19.3,0.0326056618312369,0.008503540045673998,0.00043963964943742845,0.0,0.0,0.03205535316039429,64
19.32,0.032621124475930116,0.008502396254791503,0.0004403890803233597,0.0,0.0,0.0320693840963684,64
19.34,0.032636402874110265,0.008501103351382015,0.0004411374439758981,0.0,0.0,0.03208327408929283,64
19.36,0.03265148933765097,0.008499662634313097,0.00044188508280589754,0.0,0.0,0.032097017041223294,64
19.38,0.03266637600605207,0.008498075411133963,0.0004426317109834467,0.0,0.0,0.03211060674433945,64
19.400000000000002,0.032681054763252886,0.008496342998841357,0.00044337727302959254,0.0,0.0,0.03212403680157239,64
19.42,0.03269551717133227,0.008494466723604243,0.0004441217844612173,0.0,0.0,0.032137300564265295,64
19.44,0.03270975442342258,0.008492447921537869,0.00044486520657209734,0.0,0.0,0.032150391089180205,64
19.46,0.03272375731735139,0.008490287940838366,0.0004456075308760855,0.0,0.0,0.03216330111635063,64
19.48,0.03273759458357142,0.008487988142583409,0.0004463487527324009,0.0,0.0,0.032176023068341435,64
19.5,0.032751184385379294,0.008485549900092766,0.0004470888671744366,0.0,0.0,0.03218854907047815,64
19.52,0.03276451028699685,0.008482974601977568,0.000447827869960914,0.0,0.0,0.03220087099062109,64
19.54,0.03277756165799883,0.008480263652239407,0.00044856575576808245,0.0,0.0,0.032212980496167186,64
19.56,0.0327903276377338,0.008477418470916258,0.0004493025174402933,0.0,0.0,0.03222486912523043,64
19.580000000000002,0.032802797212449934,0.008474440494482838,0.0004500383406974351,0.0,0.0,0.03223652836844109,64
19.6,0.032814959299155226,0.008471331175972959,0.0004507734926221906,0.0,0.0,0.032247949757539016,64
19.62,0.03282680283237277,0.00846809198480506,0.0004515074722839919,0.0,0.0,0.03225912495692598,64
19.64,0.03283832846665236,0.00846472440630571,0.000452240269751852,0.0,0.0,0.03227004585456281,64
19.66,0.03284952825297564,0.008461229940938115,0.00045297699769577025,0.0,0.0,0.03228070464900749,64
19.68,0.03286037735054998,0.008457610103253346,0.0004537334176864807,0.0,0.0,0.03229109392993703,64
19.7,0.03287086557350135,0.008453866420590499,0.0004544899122395078,0.0,0.0,0.03230120675011862,64
19.72,0.03288098312067529,0.008450000438935578,0.00045524648783648006,0.0,0.0,0.03231103668743913,64
19.740000000000002,0.032890720621565006,0.008446013701527286,0.00045600195003362847,0.0,0.0,0.03232057789621673,64
19.76,0.032900069171165496,0.00844190776183559,0.00045675628262705983,0.0,0.0,0.03232982514757015,64
19.78,0.03290902035398823,0.008437684181534058,0.0004575094659498908,0.0,0.0,0.032338773859083715,64
19.8,0.03291756625784036,0.008433344526047515,0.00045826148679675266,0.0,0.0,0.03234742011437134,64
19.82,0.03292731199097929,0.008428890362494458,0.000459012331458155,0.0,0.0,0.032355760673405905,64
19.84,0.03293699076055181,0.008424323257623203,0.0004597619857700576,0.0,0.0,0.032363792974651175,64
19.86,0.032946307281483456,0.008419644775767834,0.00046051043516576927,0.0,0.0,0.03237151513012092,64
19.88,0.03295528222156982,0.00841485648209719,0.0004612576647292328,0.0,0.0,0.03237892591450954,64
19.900000000000002,0.03296389409991133,0.008409959940457725,0.00046200365924885635,0.0,0.0,0.03238602474950525,64
19.92,0.03297213497047192,0.008404956680682467,0.0004627484032711681,0.0,0.0,0.03239281168432418,65
19.94,0.03298000290870196,0.008399848238084845,0.00046349188115370356,0.0,0.0,0.032399287373405285,65
19.96,0.032987496467815264,0.008394636136271325,0.00046423407711663307,0.0,0.0,0.03240545305209179,65
19.98,0.03299461464907569,0.008389321885541302,0.0004649749841085581,0.0,0.0,0.03241131051100414,67
20.0,0.0330013568711363,0.008383906981386585,0.0004657145846756069,0.0,0.0,0.032416862069688315,67
20.02,0.03300772293889295,0.00837839290308942,0.0004664528571596274,0.0,0.0,0.0324221105500065,67
20.04,0.03301371301220572,0.008372781112418052,0.0004671897857386403,0.0,0.0,0.032427059249628,67
20.06,0.03301932757474331,0.008367073052417753,0.00046792535542357745,0.0,0.0,0.03243171191587841,68
20.080000000000002,0.03302456740311756,0.008361270146294612,0.00046865954838705984,0.0,0.0,0.03243607272011529,68
20.1,0.033029433536397666,0.008355373796388734,0.0004693923494357085,0.0,0.0,0.032440146232719916,69
20.12,0.033033927246027134,0.008349385383233378,0.0004701237468647488,0.0,0.0,0.032443937398725496,69
20.14,0.03303805000611031,0.00834330626469661,0.0004708537295199142,0.0,0.0,0.032447451514043546,69
20.16,0.03304180785381278,0.008337137775201979,0.00047158229208659684,0.0,0.0,0.03245069420220067,69
20.18,0.03304521912146992,0.008330881225025283,0.00047230940488724425,0.0,0.0,0.032453671391456954,69
20.2,0.033048264902465097,0.008324537899664662,0.0004730350535349218,0.0,0.0,0.032456389292145345,69
20.22,0.033050947189663865,0.008318109061130832,0.000473759223128185,0.0,0.0,0.03245885437404711,70
20.240000000000002,0.03305326803166942,0.00831159594413851,0.000474481900263407,0.0,0.0,0.03246107334360305,70
20.26,0.03305522950267063,0.00830499975717549,0.0004752030734400427,0.0,0.0,0.03246305312075356,70
20.28,0.03305683367164564,0.00829832167910872,0.0004759227301875221,0.0,0.0,0.03246480081520248,70
20.3,0.033060172328901065,0.008291562864547592,0.0004766408568275575,0.0,0.0,0.032466323701912596,70
20.32,0.03306513310680999,0.008284724441003755,0.0004773580404522568,0.0,0.0,0.03246762919566317,70
20.34,0.03306987731532483,0.008277807508746031,0.0004780740310057977,0.0,0.0,0.03246872482453515,70
20.36,0.03307441183454834,0.008270813140727033,0.000478788519842883,0.0,0.0,0.032469618202236046,70
20.38,0.03307874358457812,0.008263742384801131,0.00047950149935352176,0.0,0.0,0.032470316999235936,70
20.400000000000002,0.03308287949504582,0.008256596259014369,0.00048021295556231215,0.0,0.0,0.032470828912757606,70
20.42,0.033086826473603906,0.008249375752809419,0.00048092287982776165,0.0,0.0,0.032471161635745885,70
20.44,0.0330905913735745,0.00824208183063892,0.00048163126862188515,0.0,0.0,0.03247132282503225,70
20.46,0.03309418096107095,0.008234715430411604,0.00048233810990694267,0.0,0.0,0.03247132006900619,70
20.48,0.03309760188199809,0.008227277463884502,0.00048304339645552304,0.0,0.0,0.03247116085520106,70
20.5,0.03310086062942598,0.008219768817134859,0.00048374712154255724,0.0,0.0,0.03247085253829023,70
20.52,0.03310396351190647,0.008212190351109937,0.0004844492788732094,0.0,0.0,0.03247040230906458,70
20.54,0.03310691662335298,0.00820454290225151,0.00048514986254836025,0.0,0.0,0.03246981716501315,70
20.56,0.03310972581512398,0.008196827283190286,0.0004858488678513721,0.0,0.0,0.032469103883149,70
20.580000000000002,0.03311239667092981,0.008189044283504076,0.00048654628892728707,0.0,0.0,0.03246826899570152,70
20.6,0.03311493448511705,0.008181194670531968,0.0004872421216043525,0.0,0.0,0.032467318769231084,70
20.62,0.033117344244769066,0.008173279190235366,0.00048793797917305224,0.0,0.0,0.032466259187606365,70
20.64,0.03311963061589857,0.008165298568095948,0.0004886332844088406,0.0,0.0,0.032465095939121724,70
20.66,0.033121797933801454,0.008157253510039663,0.0004893274785491753,0.0,0.0,0.03246383440782616,70
20.68,0.03312385019740412,0.008149144711755617,0.0004900202133266079,0.0,0.0,0.03246247966889746,70
20.7,0.0331257910671809,0.008140972835796869,0.0004907114396087024,0.0,0.0,0.03246103648764055,70
20.72,0.03312762386596607,0.00813273853377915,0.0004914011530624385,0.0,0.0,0.0324595093214364,70
20.740000000000002,0.03312935158175493,0.008124442442802788,0.0004920893489014142,0.0,0.0,0.032457902323738456,71
20.76,0.03313097687140321,0.008116085185073793,0.0004927760217639277,0.0,0.0,0.03245621934902827,71
20.78,0.03313250206401157,0.008107667368793977,0.0004934611655886473,0.0,0.0,0.03245446395751986,71
20.8,0.03313392916273829,0.008099189589031192,0.0004941447792035629,0.0,0.0,0.0324526394183589,72
20.82,0.03313525984382772,0.008090652436393677,0.0004948268612582785,0.0,0.0,0.03245074871010758,72
20.84,0.03313649545177726,0.008082056476998046,0.0004955073949391717,0.0,0.0,0.03244879451744174,72
20.86,0.033137636989789325,0.008073402271808996,0.0004961878838757257,0.0,0.0,0.03244677922321076,72
20.88,0.03313868510495611,0.008064690369047832,0.0004968684325217681,0.0,0.0,0.03244470489531224,72
20.900000000000002,0.03313964006798699,0.008055921310851094,0.0004975474978454468,0.0,0.0,0.03244257326819682,72
20.92,0.03314050174769475,0.008047095631388466,0.000498225066643036,0.0,0.0,0.03244038571922428,72
20.94,0.0331412695808794,0.008038213857814771,0.0004989041489273317,0.0,0.0,0.03243814324051577,72
20.96,0.03314194253866448,0.008029276511278497,0.0004995828141777698,0.0,0.0,0.03243584640736353,72
20.98,0.03314251909072342,0.00802028410799475,0.0005002600079581912,0.0,0.0,0.0324334953446425,72
21.0,0.03314299716915587,0.008011237160387298,0.0005009357105698228,0.0,0.0,0.03243108969299106,72
21.02,0.033143374134011916,0.008002136178300001,0.0005016099006070232,0.0,0.0,0.032428628576766524,72
21.04,0.0331436467425951,0.007992981670273475,0.0005022825549957186,0.0,0.0,0.03242611057591459,72
21.06,0.03314381112468586,0.007983774144877626,0.000502953649059965,0.0,0.0,0.03242353370390257,72
21.080000000000002,0.03314386276570726,0.007974514112085895,0.0005036233488192353,0.0,0.0,0.03242089539374738,72
21.1,0.033143796499602925,0.007965202084672319,0.0005042928270819725,0.0,0.0,0.03241819249391665,72
21.12,0.0331436065128222,0.00795583858346087,0.0005049606863354501,0.0,0.0,0.03241542127550758,72
21.14,0.03314328636032904,0.007946424133149336,0.000505626914659124,0.0,0.0,0.03241257745162909,72
21.16,0.03314284067475279,0.007936959257157905,0.000506291485932711,0.0,0.0,0.03240965620935966,72
21.18,0.03314226277399376,0.00792744449303058,0.0005069543451658253,0.0,0.0,0.0324066522540616,72
21.2,0.03314153204507486,0.00791788038755337,0.0005076154603038381,0.0,0.0,0.03240355986524398,72
21.22,0.03314063991929438,0.007908267497740634,0.0005082748043241007,0.0,0.0,0.03240037296262306,72
21.240000000000002,0.0331395774492215,0.007898606392926584,0.0005089680596929674,0.0,0.0,0.03239708518056982,72
21.26,0.03313833538472319,0.007888897658751833,0.0005096625767656681,0.0,0.0,0.03239368994878996,72
21.28,0.033136904252611094,0.007879141890091203,0.000510355247063065,0.0,0.0,0.03239018057687197,72
21.3,0.033135274437468124,0.007869339681253987,0.0005110460416454545,0.0,0.0,0.03238655034027368,72
21.32,0.03313343626128533,0.007859491649091808,0.0005117349303629047,0.0,0.0,0.03238279256538819,72
21.34,0.03313138005973366,0.0078495984228091,0.0005124218818626112,0.0,0.0,0.03237890071152496,72
21.36,0.03312909625318552,0.007839660648054065,0.0005131068794408872,0.0,0.0,0.032374868447931124,72
21.38,0.03312657541095917,0.00782967898698978,0.0005137899088709571,0.0,0.0,0.03237068972433722,72
21.400000000000002,0.0331238083076528,0.00781965409923806,0.0005144709194595913,0.0,0.0,0.03236635883390363,72
21.42,0.03312078597083496,0.00780958665038668,0.0005151498864975956,0.0,0.0,0.03236187046784418,72
21.44,0.03311749971973932,0.007799477321762438,0.0005158267865781814,0.0,0.0,0.032357219761382804,72
21.46,0.03311394119495291,0.007789326805416154,0.000516501597612349,0.0,0.0,0.03235240233103916,72
21.48,0.033110102379377476,0.007779135811654064,0.0005171743487028717,0.0,0.0,0.03234741430352718,72
21.5,0.03310597561097388,0.007768905046122581,0.0005178817500651759,0.0,0.0,0.03234225233677783,72
21.52,0.033101553587970456,0.007758635217518036,0.0005185950052804423,0.0,0.0,0.03233691363376489,72
21.54,0.033096829367329175,0.007748327031426665,0.0005193062477951095,0.0,0.0,0.032331395949920565,72
21.56,0.03309179635732603,0.0077396896953805935,0.0005200154830984358,0.0,0.0,0.032325697594984465,72
21.580000000000002,0.03308644830512111,0.007734181526014406,0.0005207226714079886,0.0,0.0,0.03231981743014117,72
21.6,0.03308077928017929,0.007728621043595703,0.0005214277957217946,0.0,0.0,0.032313754861278174,72
21.62,0.03307478365436172,0.007723008849008806,0.0005221308431995505,0.0,0.0,0.03230750982914463,72
21.64,0.03306845607945186,0.007717345537029169,0.0005228318019238217,0.0,0.0,0.03230108279712128,72
21.66,0.03306179146281152,0.007711631707633395,0.0005235306608484679,0.0,0.0,0.03229447473722914,72
21.68,0.03305478494179267,0.007705867940678947,0.0005242274245270081,0.0,0.0,0.03228768711491486,72
21.7,0.03304743185745875,0.007700054827843653,0.00052492260535417,0.0,0.0,0.03228072187305826,72
21.72,0.03303972772810507,0.007694192955891703,0.0005256156613391449,0.0,0.0,0.032273581415556925,72
21.740000000000002,0.03303166822300763,0.007688282948498403,0.0005263065843754671,0.0,0.0,0.03226626859075284,72
21.76,0.03302324913678109,0.007682325599549789,0.0005269953670023366,0.0,0.0,0.03225878667488339,72
21.78,0.03301446636468452,0.007676321214755093,0.0005276820028786302,0.0,0.0,0.032251139355657356,72
21.8,0.03300531587918546,0.00767027034326968,0.0005283664876954893,0.0,0.0,0.03224333071598391,72
21.82,0.03299581582058081,0.00766417353198893,0.0005290488132394656,0.0,0.0,0.03223536521781075,72
21.84,0.032986205173804066,0.007658031321271343,0.0005297289798635297,0.0,0.0,0.03222724768596342,72
21.86,0.03297794259649828,0.007651844229641613,0.0005304069782937202,0.0,0.0,0.0322189832918152,72
21.88,0.03296936527442064,0.0076456127798239445,0.0005310828034215834,0.0,0.0,0.032210577536560134,72
21.900000000000002,0.0329604719839498,0.0076393374755702615,0.0005317564571430375,0.0,0.0,0.03220203623380751,72
21.92,0.032951935807729205,0.007633018807287459,0.0005324279324270705,0.0,0.0,0.03219336549116725,72
21.94,0.03294568168522017,0.007626657260788095,0.0005330972243010686,0.0,0.0,0.03218457169045159,72
21.96,0.03293925555509224,0.007620253303588634,0.0005337643301755137,0.0,0.0,0.03217566146608165,73
21.98,0.03293266231943976,0.0076138073862984015,0.0005344292478385647,0.0,0.0,0.03216664168126073,73
22.0,0.03292590701137005,0.007607319954371695,0.000535091982832758,0.0,0.0,0.03215751940146098,73
22.02,0.03291899476188704,0.007600791431133541,0.0005357525359043003,0.0,0.0,0.03214830186477303,73
22.04,0.032911930763001036,0.007594222228766116,0.0005364109004505015,0.0,0.0,0.0321389964486913,73
22.06,0.03290472022667549,0.007587612737492307,0.0005370670715931355,0.0,0.0,0.0321296106329594,73
22.080000000000002,0.03289736833930405,0.0075809633404112795,0.0005377210487924903,0.0,0.0,0.03212015195818328,73
22.1,0.03288988021153274,0.007574274406273846,0.0005383728318009628,0.0,0.0,0.03211062798004064,73
22.12,0.03288226082340638,0.00756754628281679,0.0005390224206475882,0.0,0.0,0.032101046219080595,73
22.14,0.032874514965025796,0.007560779305924921,0.0005396698445203836,0.0,0.0,0.03209141410631359,73
22.16,0.03286664717315448,0.007553973786505795,0.000540315082322295,0.0,0.0,0.03208173892504329,73
22.18,0.0328586616645017,0.007547130027295525,0.0005409581276807039,0.0,0.0,0.03207202774967925,73
22.2,0.03285056226672221,0.007540248322150494,0.0005415989884912137,0.0,0.0,0.03206228738258039,73
22.22,0.03284235234849336,0.007533328944486535,0.0005422376602231227,0.0,0.0,0.032052524290297264,73
22.240000000000002,0.032834034750330504,0.007528514629277165,0.0005428741429339217,0.0,0.0,0.03204274454087826,73
22.26,0.03282561171805352,0.007524164371721371,0.0005435084380630517,0.0,0.0,0.03203295374415247,73
22.28,0.03281708484098289,0.007519768045222921,0.0005441405471736892,0.0,0.0,0.03202315699706318,73
22.3,0.032808454996995286,0.007515325764306146,0.0005447704750369294,0.0,0.0,0.032013358836171645,73
22.32,0.03279972230647264,0.007510837621984433,0.0005453982290804009,0.0,0.0,0.032003563199349,73
22.34,0.032790886096927326,0.007506303705481784,0.000546023813712376,0.0,0.0,0.0319937733984159,73
22.36,0.03278194487967454,0.007501724090157509,0.0005466472233313116,0.0,0.0,0.03198399210407093,73
22.38,0.03277291191156136,0.007497098839153629,0.0005472684567515717,0.0,0.0,0.03197422134389643,73
22.400000000000002,0.032763778436155355,0.007492428013518081,0.0005478876147380786,0.0,0.0,0.03196446251358486,73
22.42,0.03275453066309191,0.007487711665350036,0.000548504686728507,0.0,0.0,0.03195471640084914,73
22.44,0.03274516386237938,0.007482949830434959,0.0005491195908688416,0.0,0.0,0.031944983220836234,75
22.46,0.032735672558294716,0.007478142538411665,0.0005497323341042503,0.0,0.0,0.03193526266132196,75
22.48,0.032726050573644715,0.007473950383941546,0.000550342909677362,0.0,0.0,0.03192555393558221,75
22.5,0.03271629107962691,0.0074702830969960565,0.0005509513194063093,0.0,0.0,0.03191585584064872,75
22.52,0.03270638664912748,0.007466567416614295,0.0005515603937491537,0.0,0.0,0.031906166818673955,75
22.54,0.03269632931151197,0.007462803354906225,0.0005521691874621946,0.0,0.0,0.031896485019330845,75
22.56,0.03268611060733097,0.007458990909221006,0.0005527759196820204,0.0,0.0,0.03188680836151769,75
22.580000000000002,0.032675721641815834,0.007455130087484915,0.0005533806287913619,0.0,0.0,0.0318771345930674,75
22.6,0.032665153136519194,0.007451220895266886,0.0005539835606984882,0.0,0.0,0.03186746134761019,75
22.62,0.03265652181039741,0.00744726333222765,0.0005545844249389376,0.0,0.0,0.03185778619814921,75
22.64,0.032648370602790154,0.007444408510411674,0.0005551850127352663,0.0,0.0,0.03184810670723435,75
22.66,0.03264012043594009,0.007442080689743871,0.0005558067080689229,0.0,0.0,0.03183842047383004,75
22.68,0.0326317653161342,0.007439685377545517,0.000556426300004174,0.0,0.0,0.03182872517705913,75
22.7,0.03262329922140886,0.007437222514001377,0.0005570437889253976,0.0,0.0,0.03181901861697847,75
22.72,0.03261471613615232,0.007434692036565254,0.0005576591766764939,0.0,0.0,0.03180929875242181,75
22.740000000000002,0.03260601008312507,0.007432093891788635,0.0005582724648999757,0.0,0.0,0.031799563735768956,75
22.76,0.0325971896229817,0.007429428030449379,0.0005588836550127552,0.0,0.0,0.03178981194429927,75
22.78,0.03258824305368719,0.007426694405658402,0.0005594927481822068,0.0,0.0,0.03178004200759679,75
22.8,0.03258121157684906,0.007423892971618285,0.0005600997453029771,0.0,0.0,0.03177025283032171,75
22.82,0.03257473254406804,0.007421023682378402,0.0005607046469749699,0.0,0.0,0.03176044360956654,75
22.84,0.03256820841357291,0.007418086490608923,0.0005613074596137783,0.0,0.0,0.03175061384598642,75
22.86,0.03256163807034864,0.007415626441364159,0.0005619122918178007,0.0,0.0,0.03174076334793215,75
22.88,0.03255502067862655,0.007415136022077013,0.0005625433371870915,0.0,0.0,0.03173089222791813,75
22.900000000000002,0.03254835566986083,0.007414568531293926,0.000563172310828915,0.0,0.0,0.03172100089091557,75
22.92,0.03254166412601597,0.007413923968007512,0.000563799685756892,0.0,0.0,0.03171109001416308,75
22.94,0.03253492599126418,0.007413202323865746,0.0005644255581164453,0.0,0.0,0.03170116051841962,75
22.96,0.03252813996265904,0.007413326221735722,0.0005650493506934273,0.0,0.0,0.03169121353083894,75
22.98,0.032521306250706615,0.0074139781826923394,0.0005656710612829459,0.0,0.0,0.03168125033990852,75
23.0,0.03251442514788647,0.007414549338391722,0.0005662906903413852,0.0,0.0,0.03167127234316272,75
23.02,0.03250749696969658,0.007415039627075579,0.000566908235003013,0.0,0.0,0.03166128098863982,75
23.04,0.03250052199064159,0.007415886827477438,0.000567523688249467,0.0,0.0,0.03165127771129796,75
23.06,0.0324935003765983,0.007417755841130933,0.0005681370459972642,0.0,0.0,0.03164126386582732,75
23.080000000000002,0.03248643211517941,0.007419540042296738,0.0005687483036881249,0.0,0.0,0.03163124065748318,75
23.1,0.03247931694585667,0.00742123932673504,0.0005693574562906099,0.0,0.0,0.03162120907270724,75
23.12,0.03247215429168958,0.007422853596935668,0.0005699644983044329,0.0,0.0,0.03161116981139082,75
23.14,0.03246494319452307,0.0074243827462394186,0.0005705694237679306,0.0,0.0,0.031601123222652336,75
23.16,0.032457682255462264,0.007425826675884606,0.0005711730332130113,0.0,0.0,0.03159106924594843,75
23.18,0.03245036958230143,0.007427185285817569,0.0005717745940797135,0.0,0.0,0.03158100735920748,75
23.2,0.032443002745381457,0.007428458485787946,0.0005723740289640986,0.0,0.0,0.03157093653547357,75
23.22,0.03243557874308639,0.007429646196702547,0.0005729713302414712,0.0,0.0,0.031560855209284915,75
23.240000000000002,0.0324280939778808,0.007430748352351612,0.0005735664899259816,0.0,0.0,0.03155076125370286,75
23.26,0.03242054424345595,0.007431764896863672,0.0005741594997051976,0.0,0.0,0.031540651968573155,75
23.28,0.03241292472321542,0.007432695799952394,0.0005747503575017318,0.0,0.0,0.031530524080263016,75
23.3,0.03240523000000939,0.0074335410478929935,0.0005753390519126971,0.0,0.0,0.03152037375279526,75
23.32,0.032397454076736526,0.007434300654323811,0.0005759255699008927,0.0,0.0,0.03151019661000817,75
23.34,0.032389590407180695,0.007434974659494736,0.0005765099022917826,0.0,0.0,0.031499987768116876,75
23.36,0.03238163193623935,0.007435563132336889,0.00057709203982681,0.0,0.0,0.031489741877838665,75
23.38,0.03237357114852637,0.007436884135275228,0.0005776719732229708,0.0,0.0,0.03147945317506993,75
23.400000000000002,0.03236540012418842,0.007438893716281554,0.0005782496932345568,0.0,0.0,0.031469115538954935,75
23.42,0.032357110600653056,0.007440813895936011,0.0005788251908377236,0.0,0.0,0.031458722556065646,75
23.44,0.03234869403892413,0.0074426448684864425,0.0005793984617261819,0.0,0.0,0.03144826758930694,75
23.46,0.03234014169295773,0.0074443868703565445,0.0005799694935710803,0.0,0.0,0.03143774385007847,75
23.48,0.03233147924404147,0.007446040194327362,0.0005805382766737433,0.0,0.0,0.03142714447216476,75
23.5,0.03232267320247613,0.007447605147733707,0.000581104802905992,0.0,0.0,0.031416462585798714,75
23.52,0.03231372847188699,0.007449082081796873,0.000581669064534398,0.0,0.0,0.03140569139036122,75
23.54,0.03230461306325,0.0074504713998881,0.0005822310548592521,0.0,0.0,0.03139482422424645,75
23.56,0.032295317741317144,0.007451773542266087,0.0005827907792931989,0.0,0.0,0.031383854630545764,75
23.580000000000002,0.03228583395628438,0.007452988987935908,0.0005833482369674005,0.0,0.0,0.03137277641737787,75
23.6,0.032276153397625525,0.007454118257280243,0.0005839034138670939,0.0,0.0,0.031361583711914845,75
23.62,0.03226628290240938,0.0074551619056450035,0.000584456295372125,0.0,0.0,0.0313502710074059,75
23.64,0.032256208807498174,0.00745612052093713,0.0005850068764809427,0.0,0.0,0.03133883320277164,75
23.66,0.032245914939779734,0.007456994729207916,0.0005855551531569437,0.0,0.0,0.03132726563460906,75
23.68,0.03223539429892735,0.007457785178850866,0.0005861011219421665,0.0,0.0,0.03131556410170031,76
23.7,0.03222464026192717,0.007458492548431224,0.0005866447799513518,0.0,0.0,0.031303724882339026,76
23.72,0.032213646588665795,0.007459117542212312,0.0005871861248614809,0.0,0.0,0.03129174474496981,76
23.740000000000002,0.03220240742125794,0.007459660886836464,0.0005877251548976581,0.0,0.0,0.031279620952773556,76
23.76,0.03219091727783005,0.0074601233294768155,0.0005882618688161683,0.0,0.0,0.03126735126292294,76
23.78,0.032179171041524415,0.007460505635419198,0.0005887962658855109,0.0,0.0,0.03125493392128111,76
23.8,0.03216716394549877,0.007460808580648801,0.0005893283458661317,0.0,0.0,0.031242367653327375,76
23.82,0.032154891554677004,0.007461032957593133,0.0005898581089895103,0.0,0.0,0.031229651652072966,76
23.84,0.03214234974496217,0.0074611795678593855,0.0005903855559371361,0.0,0.0,0.031216785563686067,76
23.86,0.03212953468056252,0.007461249216517015,0.000590910687961526,0.0,0.0,0.031203769471482616,76
23.88,0.032116442790010476,0.007461242717298625,0.0005914335079544922,0.0,0.0,0.03119060387886793,76
23.900000000000002,0.032103070741378935,0.007461160889699675,0.0005919540167597764,0.0,0.0,0.031177289691736325,76
23.92,0.032089415417123145,0.007461004549003846,0.0005924722280681243,0.0,0.0,0.031163828200757665,76
23.94,0.03207547388890407,0.0074607745130165675,0.0005929881374201907,0.0,0.0,0.03115022106390442,76
23.96,0.03206124339268151,0.007460471597405605,0.0005935017433733774,0.0,0.0,0.03113647028950139,77
23.98,0.03204672130430511,0.007460096614096728,0.0005940130488147749,0.0,0.0,0.031122578220016097,77
24.0,0.032031905115779094,0.007459650369776988,0.0005945220596085786,0.0,0.0,0.031108547516749754,77
24.02,0.032016792412331595,0.0074591336645006825,0.0005950287821914396,0.0,0.0,0.03109438114553808,77
24.04,0.032001380850383586,0.007458547290392436,0.0005955342675554102,0.0,0.0,0.031080082363527377,77
24.060000000000002,0.031985668136482986,0.007457892030441481,0.0005960408950515441,0.0,0.0,0.031065654707053234,77
24.080000000000002,0.03196965200724802,0.007457168657380944,0.0005965453375790904,0.0,0.0,0.03105110198061744,77
24.1,0.031953330210348005,0.0074563779326460005,0.0005970476059797224,0.0,0.0,0.031036428246930436,77
24.12,0.031936700486540855,0.007455520605404782,0.0005975477010847301,0.0,0.0,0.031021637817963892,77
24.14,0.03191976055278118,0.007454597411917633,0.0005980456286479121,0.0,0.0,0.03100673524693602,77
24.16,0.03190384122320832,0.007453609076721147,0.0005985413959837081,0.0,0.0,0.03099172532113496,77
24.18,0.0318885751919139,0.007452556304802751,0.0005990350121941986,0.0,0.0,0.030976613055467467,77
24.2,0.031875232734888334,0.007451439792345006,0.0005995264801913646,0.0,0.0,0.03096140368660479,77
24.22,0.031861835434660445,0.007450260215103488,0.000600017048484513,0.0,0.0,0.030946102667580768,77
24.240000000000002,0.031848288686319594,0.007449018228018757,0.0006005068737070253,0.0,0.0,0.03093071566268162,77
24.26,0.03183459651692694,0.007447714470459121,0.0006009945898459618,0.0,0.0,0.030915248542449616,77
24.28,0.03182076309221643,0.007446995759625783,0.0006014802018371347,0.0,0.0,0.030899707378604927,77
24.3,0.03180679270862006,0.007447227737676727,0.0006019637165522395,0.0,0.0,0.030884098438671244,77
24.32,0.031792689784636424,0.0074473940279928975,0.0006024451413161599,0.0,0.0,0.030868428180070424,77
24.34,0.03177845885128118,0.007447495257608847,0.0006029244835180471,0.0,0.0,0.030852703243430445,77
24.36,0.03176410454133561,0.007447532033792458,0.0006034017505814483,0.0,0.0,0.03083693044482935,77
24.38,0.03174963157708863,0.007447504934733108,0.0006038769499301895,0.0,0.0,0.030821116766675993,77
24.400000000000002,0.03173504475624586,0.007447414516636597,0.0006043500889495848,0.0,0.0,0.030805269346907607,77
24.42,0.03172034893566125,0.007447261317072887,0.0006048212961042353,0.0,0.0,0.03078939546616523,77
24.44,0.0317055490125313,0.00744704585751446,0.000605291008536051,0.0,0.0,0.030773502532592825,77
24.46,0.03169064990268289,0.007446768619450633,0.0006057586867398285,0.0,0.0,0.03075759806389639,77
24.48,0.031675656515583926,0.007446430068821614,0.0006062243875815841,0.0,0.0,0.030741689666297284,77
24.5,0.03166057372571676,0.007446030652087385,0.0006066891728650407,0.0,0.0,0.030725785010023935,77
24.52,0.03164540633997754,0.007445570786450101,0.0006071527259893367,0.0,0.0,0.03070989180100895,78
24.54,0.03163015906080799,0.00744505086857413,0.0006076142784244319,0.0,0.0,0.03069401774850077,78
24.560000000000002,0.03161483644482977,0.0074444712738881485,0.0006080738387219753,0.0,0.0,0.030678170528361512,78
24.580000000000002,0.03159944285684183,0.007443832351842796,0.0006085315736097562,0.0,0.0,0.03066235774191166,78
24.6,0.031583982419160286,0.007443134430581917,0.000608987384707726,0.0,0.0,0.030646586870299385,78
24.62,0.03156845895643103,0.007442377817772551,0.0006094412097491668,0.0,0.0,0.03063086522452067,78
24.64,0.03155287593622814,0.007441562793723473,0.0006098930503650883,0.0,0.0,0.03061519989139699,78
24.66,0.03153723640596638,0.00744068962112367,0.0006103429071538821,0.0,0.0,0.030599597676028767,78
24.68,0.03152154292689749,0.007439758542397564,0.0006107907795892369,0.0,0.0,0.03058406504148076,78
24.7,0.031505797506223024,0.0074387697810865865,0.0006112366699166174,0.0,0.0,0.03056860804671362,78
24.72,0.031490001528626875,0.007437723542174197,0.0006116805747387506,0.0,0.0,0.030553232284041058,79
24.740000000000002,0.03147415568879606,0.007436620016755081,0.0006121224958924925,0.0,0.0,0.03053794281765063,79
24.76,0.03145825992673742,0.007435459375141965,0.0006125624178064761,0.0,0.0,0.030522744124957698,79
24.78,0.03144231336788952,0.007434241773462023,0.0006130008349822618,0.0,0.0,0.03050764004274489,79
24.8,0.03142631427015065,0.007432967357213186,0.0006134374786515906,0.0,0.0,0.03049263372015035,79
24.82,0.03141204082844789,0.007431636261060486,0.0006138721015582204,0.0,0.0,0.030477727580583917,79
24.84,0.03139820883897043,0.007430248610626952,0.000614304692349651,0.0,0.0,0.030462923294553523,79
24.86,0.03138439778336622,0.0074288045243369495,0.0006147352406015781,0.0,0.0,0.03044822176516032,79
24.88,0.03137060548309893,0.007427304115823757,0.0006151637533182087,0.0,0.0,0.0304336231276701,79
24.900000000000002,0.0313568289275966,0.0074257474983952625,0.0006155901928962151,0.0,0.0,0.03041912676409583,79
24.92,0.03134306430069193,0.007424134775755892,0.0006160145436637704,0.0,0.0,0.030404731333156132,79
24.94,0.03132930702197883,0.007422466058859127,0.0006164367892730895,0.0,0.0,0.030390434815335977,79
24.96,0.03131555180214161,0.007420741456159185,0.0006168569128994638,0.0,0.0,0.030376234572113286,79
24.98,0.03130179271067212,0.0074189610807370715,0.0006172748974512407,0.0,0.0,0.03036212741777451,79
25.0,0.031288023253818666,0.007417125058785749,0.0006176969642424262,0.0,0.0,0.03034810970166988,79
25.02,0.031274236460149846,0.007415233501919265,0.0006181421947400599,0.0,0.0,0.03033417739829916,79
25.04,0.03126042497079944,0.00741328653912964,0.0006185852294382844,0.0,0.0,0.030320326202301066,79
25.060000000000002,0.03124658113130412,0.007411284306375244,0.0006190260456032259,0.0,0.0,0.030306551625265587,79
25.080000000000002,0.031232702103214792,0.007409226946979162,0.0006194646294516292,0.0,0.0,0.030292849091300745,79
25.1,0.031218791505764093,0.007407114611800431,0.0006199009680320514,0.0,0.0,0.030279214028453946,79
25.12,0.031204824803384774,0.007404947459189371,0.0006203370009823191,0.0,0.0,0.030265641953391396,79
25.14,0.03119079400690771,0.0074027256547443045,0.0006207711054782492,0.0,0.0,0.03025212854714494,79
25.16,0.031176691215497647,0.007400449370891849,0.000621202956539749,0.0,0.0,0.03023866972021069,79
25.18,0.031162508663383322,0.007398118786316978,0.0006216325269177517,0.0,0.0,0.030225261665791633,79
25.2,0.03114823875375278,0.007395734085271572,0.0006220598081815058,0.0,0.0,0.03021190090048673,79
25.22,0.031133874079598122,0.0073932954567916915,0.0006224851448750497,0.0,0.0,0.030198584292216387,79
25.240000000000002,0.03111940743174135,0.007392316911550587,0.000622910171500076,0.0,0.0,0.030185309075620673,79
25.26,0.031104831794669115,0.007393130342884738,0.0006233328999168418,0.0,0.0,0.030172072855560776,79
25.28,0.031090140331144628,0.007393868179862656,0.0006237533262457157,0.0,0.0,0.03015887359969334,79
25.3,0.031075326356849692,0.0073945306876412155,0.0006241714477049155,0.0,0.0,0.030145709621368526,79
25.32,0.031060415482841046,0.007395118142618606,0.0006245872625548648,0.0,0.0,0.0301325795543326,79
25.34,0.031046568285284595,0.007395630836012219,0.0006250007700368331,0.0,0.0,0.030119482320893377,79
25.36,0.03103331851670869,0.007396069069608124,0.0006254119703078858,0.0,0.0,0.030106417095339975,79
25.38,0.031019982345249008,0.007396433156183873,0.0006258208643738849,0.0,0.0,0.030093383264492034,79
25.400000000000002,0.031006555495338782,0.007396723416961123,0.0006262274540220105,0.0,0.0,0.030080380387291585,79
25.42,0.030993033667933812,0.007396940182594664,0.0006266317417539959,0.0,0.0,0.030067408155334784,79
25.44,0.030979412496480275,0.007397083785393334,0.0006270337307210513,0.0,0.0,0.030054466356167934,79
25.46,0.030965687507033404,0.007397154563782377,0.0006274334246612241,0.0,0.0,0.030041554841036554,79
25.48,0.030951854084015303,0.007397152860515997,0.000627830836276812,0.0,0.0,0.030028673498573827,79
25.5,0.03093790744283571,0.0073970790213389054,0.0006282259661510959,0.0,0.0,0.03001582223564666,79
25.52,0.03092432306991293,0.007396933394255831,0.0006286188160880895,0.0,0.0,0.030003000966247997,79
25.54,0.030912029817766064,0.0073967163288840695,0.0006290093906056434,0.0,0.0,0.029990209608945485,79
25.560000000000002,0.03089966844088146,0.007396428175868571,0.0006293976965125825,0.0,0.0,0.029977448092985737,79
25.580000000000002,0.030887235573397,0.0073960692863385405,0.0006297837425163872,0.0,0.0,0.02996471637273332,79
25.6,0.030874727754707013,0.007395640011385292,0.000630167531477976,0.0,0.0,0.02995201444971952,79
25.62,0.030862141451179,0.007395140701542745,0.0006305490711385186,0.0,0.0,0.02993934240121457,79
25.64,0.03084947308277461,0.007394571706254593,0.0006309283688831135,0.0,0.0,0.02992670041394028,79
25.66,0.030836719052999607,0.007393933373315615,0.0006313054299800074,0.0,0.0,0.029914088821327442,79
25.68,0.030823875780495093,0.007393226049167112,0.0006316802615592423,0.0,0.0,0.029901508142602437,79
25.7,0.030810939730567276,0.00739245007736982,0.0006320528716043627,0.0,0.0,0.02988895912196318,79
25.72,0.03079790744502857,0.007391605795284701,0.0006324232669744456,0.0,0.0,0.029876442766169024,79
25.740000000000002,0.03078477556887445,0.007390693537791615,0.0006327914549695768,0.0,0.0,0.029863960379007563,79
25.76,0.030771540872533046,0.00738971363478388,0.0006331574439905871,0.0,0.0,0.029851513591298135,79
25.78,0.03075820026867356,0.007388666413787453,0.0006335212439018925,0.0,0.0,0.029839104385322744,79
25.8,0.03074475082282982,0.007387552191178765,0.0006338828601771046,0.0,0.0,0.029826735112822897,79
25.82,0.030731189757365558,0.0073863712754200506,0.0006342423007517964,0.0,0.0,0.029814408505946854,79
25.84,0.030717514448566078,0.00738512396900896,0.000634599573546977,0.0,0.0,0.029802127680759675,79
25.86,0.030703722416877646,0.007383810565843483,0.0006349546869256204,0.0,0.0,0.029789896133132474,79
25.88,0.030689811310526338,0.007382431350628484,0.000635307649433435,0.0,0.0,0.029777717726999334,79
25.900000000000002,0.030675778882930743,0.00738098659836725,0.0006356584698174372,0.0,0.0,0.029765596675110823,79
25.92,0.030661622964481303,0.0073794765739552196,0.0006360071570460961,0.0,0.0,0.02975353751252481,79
25.94,0.03064734142939584,0.007377901531891729,0.0006363537203306065,0.0,0.0,0.029741545063160985,79
25.96,0.030632932158483235,0.007376261716123827,0.0006366981691468485,0.0,0.0,0.02972962439981431,79
25.98,0.030618392998755496,0.007374557360034103,0.0006370405132574972,0.0,0.0,0.029717780798075435,79
26.0,0.0306053950449937,0.007372788686581846,0.00063738076273374,0.0,0.0,0.029706019684653456,79
26.02,0.03059387880880905,0.007370955908604018,0.0006377189282175546,0.0,0.0,0.029694346580638402,79
26.04,0.030582370846007116,0.0073690592292791415,0.0006380550254344249,0.0,0.0,0.02968276704028284,79
26.060000000000002,0.03057087410430959,0.007367098842753757,0.0006384086078571985,0.0,0.0,0.02967128658592379,79
26.080000000000002,0.030559391330167683,0.007365074934927216,0.0006387720032030258,0.0,0.0,0.029659910639709856,79
26.1,0.03054793765004883,0.007364547969244534,0.0006391333707503491,0.0,0.0,0.02964864445284218,79
26.12,0.030537627578455916,0.007364408038154148,0.0006394928355595625,0.0,0.0,0.029637794947133395,79
26.14,0.030528104633099594,0.007364189415324725,0.0006398503230426718,0.0,0.0,0.02962718262723629,79
26.16,0.03051866327540904,0.007363892448276456,0.000640205821474399,0.0,0.0,0.02961669356923585,79
26.18,0.030509306290891675,0.007363517484944459,0.0006405661893750104,0.0,0.0,0.02960633161052659,79
26.2,0.030500035893454847,0.007363064874515603,0.0006409487384435287,0.0,0.0,0.029596100054453824,80
26.22,0.030490853655620116,0.007362534968344188,0.0006413293504179981,0.0,0.0,0.029586001602143742,80
26.240000000000002,0.030481760442627952,0.007361928120916139,0.0006417080389148467,0.0,0.0,0.02957603828822024,81
26.26,0.03047277674017155,0.007361244690831462,0.0006420848178068904,0.0,0.0,0.02956621142161255,81
26.28,0.030463891796295165,0.007360485043544929,0.0006424597190137258,0.0,0.0,0.029556521532767385,81
26.3,0.0304551053497919,0.0073596495507228885,0.0006428327779526403,0.0,0.0,0.029546968328691192,81
26.32,0.03044640340705317,0.007358738585237099,0.0006432039701888829,0.0,0.0,0.02953774014027475,81
26.34,0.030437782536895035,0.00735775253135865,0.0006435733101606662,0.0,0.0,0.02952886737665249,81
26.36,0.030429238362150602,0.00735669178172142,0.0006439408123198973,0.0,0.0,0.029520124699197185,81
26.38,0.030420941357273534,0.007355556737893224,0.0006443064910730469,0.0,0.0,0.02951150828223114,81
26.400000000000002,0.030413005108135358,0.0073543478108221245,0.0006446703751516069,0.0,0.0,0.02950301342314638,81
26.42,0.030405126264379988,0.007353065421151332,0.0006450324669991579,0.0,0.0,0.029494634575636815,81
26.44,0.030397296824521424,0.007351710001627574,0.0006453927778252192,0.0,0.0,0.029486365399461086,81
26.46,0.030389508001218944,0.007350281998443238,0.0006457513212464245,0.0,0.0,0.02947819882649116,81
26.48,0.030381750300946066,0.007348781853923151,0.0006461081109540637,0.0,0.0,0.029470127142076634,81
26.5,0.030374013617172523,0.007347210027950445,0.0006464632943895304,0.0,0.0,0.029462142079992298,81
26.52,0.030366287334582617,0.007345566989680655,0.0006468170684243724,0.0,0.0,0.02945423492850334,81
26.54,0.030358560441221066,0.007343853217086335,0.0006471703862456765,0.0,0.0,0.029446396644449275,81
26.560000000000002,0.03035082164498954,0.007342069196397573,0.000647521998616986,0.0,0.0,0.02943861797177946,81
26.580000000000002,0.030343059490662135,0.007340215421450688,0.0006478719097679271,0.0,0.0,0.029430889560717335,81
26.6,0.03033526247357057,0.007338292392959258,0.0006482201299760167,0.0,0.0,0.029423202083712865,81
26.62,0.030327419146330598,0.007336300617723276,0.0006485666690689069,0.0,0.0,0.029415546344563198,81
26.64,0.030319920219427844,0.007334240607793568,0.0006489115364435367,0.0,0.0,0.029407913377511148,81
26.66,0.03031241642256002,0.007332112879609581,0.0006492547410936988,0.0,0.0,0.029400294533728066,81
26.68,0.030304832663684514,0.007329917957162096,0.0006495962916451188,0.0,0.0,0.029392681553290157,81
26.7,0.030297158554059865,0.007327656359771802,0.0006499361963969556,0.0,0.0,0.02938506662150759,81
26.72,0.03028938410222029,0.007325328611493848,0.0006502744633684604,0.0,0.0,0.02937744240920551,81
26.740000000000002,0.030281499735155964,0.007322935238602768,0.000650611100349462,0.0,0.0,0.02936980209724044,81
26.76,0.03027349630442081,0.0073204767657667515,0.0006509461149532357,0.0,0.0,0.029362139386129988,81
26.78,0.030265365078527055,0.007317953718456261,0.0006512795146703061,0.0,0.0,0.029354448492162646,81
26.8,0.030257097723358106,0.007315366621242917,0.0006516113069217256,0.0,0.0,0.02934672413172573,81
26.82,0.030249638923887892,0.007312715997326991,0.0006519414991103838,0.0,0.0,0.029338961495850933,81
26.84,0.030242577537297737,0.007310002368163254,0.0006522700986689965,0.0,0.0,0.029331156217132292,82
26.86,0.0302354064617387,0.0073072262531873365,0.0006525973540485894,0.0,0.0,0.029323304331235252,82
26.88,0.03022811025032773,0.0073043881696416455,0.0006529238882471966,0.0,0.0,0.029315402235197657,82
26.900000000000002,0.030220683318723473,0.007301488632496778,0.00065324889940808,0.0,0.0,0.02930744664463566,82
26.92,0.030213120281969767,0.00729852815446144,0.0006535723651516925,0.0,0.0,0.029299434551819346,82
26.94,0.03020541591199165,0.007295507246071037,0.0006538943066914802,0.0,0.0,0.02929136318638124,82
26.96,0.03019756509907706,0.007292426415842693,0.0006542148000931532,0.0,0.0,0.029283229980174675,82
26.98,0.030189562818573393,0.007289286170482334,0.0006545337774528963,0.0,0.0,0.029275032537514498,82
27.0,0.030181404103713935,0.007286087015127927,0.0006548512431790638,0.0,0.0,0.02926676861171901,82
27.02,0.030173084025159395,0.007282829453611904,0.0006551672061612015,0.0,0.0,0.029258436088541364,82
27.04,0.030164597677501653,0.00727951398872539,0.0006554816754246372,0.0,0.0,0.029250032976741024,82
27.060000000000002,0.030155940172649654,0.0072761411224671405,0.0006557947213483316,0.0,0.0,0.029241557405717943,82
27.080000000000002,0.030147106639713168,0.007274082430811282,0.0006561063466253861,0.0,0.0,0.02923300762982765,82
27.1,0.030138092230734263,0.007273003153043618,0.000656416504525558,0.0,0.0,0.02922438203872905,82
27.12,0.030128892131400922,0.0072718597540381,0.0006567252093015631,0.0,0.0,0.02921567917290028,82
27.14,0.030119501575721734,0.007270652693923056,0.0006570324712293043,0.0,0.0,0.029207013816861013,82
27.16,0.03010991586354936,0.007269382433609206,0.0006573382931056259,0.0,0.0,0.02919854140896668,82
27.18,0.030100130379813544,0.0072680494346424075,0.0006576426839427405,0.0,0.0,0.029189988027340512,82
27.2,0.030090148852254802,0.0072666541589728375,0.0006579456526285444,0.0,0.0,0.029181353036597114,82
27.22,0.030079971339975038,0.0072651970686412465,0.0006582472119954706,0.0,0.0,0.02917296632367048,82
27.240000000000002,0.030070373525256884,0.007263678625385464,0.0006585473699178297,0.0,0.0,0.02916456685152517,82
27.26,0.030061615240141077,0.007262099290172322,0.000658846131960831,0.0,0.0,0.029156476780186565,82
27.28,0.03005269544539304,0.007260459522661925,0.0006591435055264544,0.0,0.0,0.029148304598012705,82
27.3,0.030043612621504352,0.007258759782309279,0.000659439498593918,0.0,0.0,0.02914005122819248,82
27.32,0.030034365532174728,0.00725700052291821,0.0006597341189346154,0.0,0.0,0.029131717957654325,82
27.34,0.03002495323097648,0.007255182198221767,0.0006600273741113985,0.0,0.0,0.029123306447049697,82
27.36,0.030015375064466047,0.007253305254194411,0.0006603192714803077,0.0,0.0,0.029114818737332394,82
27.38,0.030005630671797002,0.007251370134166404,0.0006606098181940895,0.0,0.0,0.02910625725299384,82
27.400000000000002,0.029995719980952896,0.007249377276021845,0.0006608990212068094,0.0,0.0,0.029097624802078323,82
27.42,0.029985643201758685,0.0072473271114409975,0.0006611868872789138,0.0,0.0,0.029088924573142216,82
27.44,0.02997540081584828,0.007245220065146027,0.000661473422982097,0.0,0.0,0.029080160129340327,82
27.46,0.029964993563766765,0.007243056554157362,0.0006617586347034334,0.0,0.0,0.029071670259119192,82
27.48,0.029955098844229363,0.007240836987067274,0.0006620425286482609,0.0,0.0,0.02906319780776438,82
27.5,0.029947284111076326,0.007238561763336591,0.000662325110841418,0.0,0.0,0.02905504251045459,82
27.52,0.029939385478307573,0.007236231274058499,0.0006626063904268522,0.0,0.0,0.029046839937011907,83
27.54,0.029931407028109876,0.007233845899677857,0.0006628863745371949,0.0,0.0,0.02903859534562257,83
27.560000000000002,0.029923353099016187,0.007231406005684419,0.0006631650676227979,0.0,0.0,0.029030314282082425,83
27.580000000000002,0.02991539121517463,0.007228911948624157,0.0006634424706189628,0.0,0.0,0.029022002557611833,83
27.6,0.029907650379867156,0.007226364072918014,0.0006637185901418152,0.0,0.0,0.02901366622454734,83
27.62,0.0298998478481807,0.007223762710398541,0.000663993439136002,0.0,0.0,0.029005311549886104,83
27.64,0.029891988729079885,0.007221108179901258,0.0006642670626952556,0.0,0.0,0.028996944986651608,83
27.66,0.029884745803706023,0.00721840079247334,0.0006645395507622568,0.0,0.0,0.028988573143054034,83
27.68,0.029877695878216447,0.007215640835456752,0.0006648107729012026,0.0,0.0,0.028980202749435986,83
27.7,0.029870604192698724,0.007212828585815302,0.0006650807400967754,0.0,0.0,0.028971840623025075,83
27.72,0.02986347611130885,0.007209964315460962,0.0006653500212607821,0.0,0.0,0.028963493630559858,84
27.740000000000002,0.02985631696470587,0.007207048271903047,0.0006656183651947192,0.0,0.0,0.02895516864891507,84
27.76,0.029849132007146895,0.007204080685485324,0.0006658854681802529,0.0,0.0,0.02894687252392383,85
27.78,0.029841926371976014,0.007201061778074376,0.0006661513328378134,0.0,0.0,0.028938612027679327,85
27.8,0.029834705025878146,0.007198784258802217,0.0006664159691765815,0.0,0.0,0.028930393814691865,85
27.82,0.029827472722368364,0.007197015710449752,0.0006666793840425597,0.0,0.0,0.028922224377377046,85
27.84,0.02982024228587213,0.007195187548076017,0.0006669415667700242,0.0,0.0,0.028914110001453337,85
27.86,0.029813019404127537,0.007193300007759883,0.0006672025186297881,0.0,0.0,0.028906056721925703,85
27.88,0.02980579815771669,0.007191353311650837,0.0006674622405852107,0.0,0.0,0.02889807028042319,85
27.900000000000002,0.029798581989861128,0.0071893476685926175,0.0006677207333177887,0.0,0.0,0.028890156084733096,85
27.92,0.02979137390988011,0.007187283274833604,0.0006679780014232145,0.0,0.0,0.028882319171429006,85
27.94,0.029784837243977062,0.007185160314819081,0.0006682340578986144,0.0,0.0,0.028874564172515865,85
27.96,0.02977854945194624,0.0071829789620585375,0.0006684888861884574,0.0,0.0,0.02886689528700877,85
27.98,0.029772274787238436,0.007180739380059333,0.0006687424862207649,0.0,0.0,0.02885931625831631,85
28.0,0.029766014215494182,0.007178441723316051,0.0006689948739171987,0.0,0.0,0.028851830358213384,85
28.02,0.029759768144280416,0.007176086138343019,0.0006692460359528933,0.0,0.0,0.02884444037805835,85
28.04,0.029753536418555774,0.007173672764735826,0.0006695282613295528,0.0,0.0,0.028837148627738143,85
28.060000000000002,0.029747318323953838,0.007171201736246162,0.0006698144558465205,0.0,0.0,0.028829956942613904,85
28.080000000000002,0.0297411125979047,0.007168673181853396,0.0006700993451285908,0.0,0.0,0.02882286669849676,85
28.1,0.029734917448345777,0.007166087226815509,0.0006703829296213805,0.0,0.0,0.028815878834414513,85
28.12,0.029728730579491734,0.007163443993682165,0.0006706652099458349,0.0,0.0,0.02880899388264935,85
28.14,0.0297225492238518,0.007160743603253041,0.0006709461869020192,0.0,0.0,0.028802212005245197,85
28.16,0.029716370179416442,0.007157986175465831,0.0006712258614593896,0.0,0.0,0.02879553303591752,85
28.18,0.02971018985069941,0.007155171830200038,0.0006715042394465405,0.0,0.0,0.02878895652606287,85
28.2,0.029704004292131554,0.007152300687985068,0.0006717813556104326,0.0,0.0,0.02878248179337588,85
28.22,0.02969780925217118,0.0071493728706039684,0.0006720571882313744,0.0,0.0,0.02877610797145038,85
28.240000000000002,0.02969160021643389,0.007146388501587417,0.0006723317245170575,0.0,0.0,0.028769834058679472,85
28.26,0.02968537244815711,0.007143347706595986,0.0006726049656325282,0.0,0.0,0.028763658964782123,85
28.28,0.029679127172372276,0.007140250613692326,0.0006728769125669813,0.0,0.0,0.028757581553373605,85
28.3,0.029672883737110026,0.007137097353508322,0.0006731475660373748,0.0,0.0,0.02875160067915893,85
28.32,0.029666607632506108,0.007133888059315439,0.0006734169263854233,0.0,0.0,0.028745715218556622,86
28.34,0.02966030278308196,0.007130622867009339,0.0006736849937962899,0.0,0.0,0.028739924092840614,86
28.36,0.029653964195406154,0.007127301915021939,0.0006739874860324413,0.0,0.0,0.028734226283209856,86
28.38,0.029647594063768285,0.007123925344175866,0.0006743166140254066,0.0,0.0,0.028728891380543048,86
28.400000000000002,0.02964116835358819,0.007120493297497002,0.0006746565704252426,0.0,0.0,0.02872376612057312,86
28.42,0.029634681261417172,0.0071170059200011525,0.0006749952602593864,0.0,0.0,0.02871908278559321,86
28.44,0.02962812682024741,0.007113463358470316,0.0006753326764861968,0.0,0.0,0.028714488519426117,86
28.46,0.029621498867847238,0.007109865761232906,0.0006756688179030575,0.0,0.0,0.028709982549537428,86
28.48,0.02961479101016367,0.007106213279619483,0.0006760036729053587,0.0,0.0,0.028705564094759026,86
28.5,0.0296079965813405,0.007102506065217293,0.0006763372501442924,0.0,0.0,0.028701232335744852,86
28.52,0.02960110860205088,0.007098744267492172,0.0006766695238159928,0.0,0.0,0.028696986384138406,86
28.54,0.029594119737927405,0.007094928039232693,0.0006770004842169172,0.0,0.0,0.02869282525222593,86
28.560000000000002,0.02958702225988896,0.007091057534091588,0.0006773301205697356,0.0,0.0,0.028688747824859247,86
28.580000000000002,0.02957980800810488,0.00708713290656628,0.0006776584119996508,0.0,0.0,0.028684752835366478,86
28.6,0.029572468361207277,0.00708315431201583,0.0006779853714881483,0.0,0.0,0.028680838847029794,86
28.62,0.02956499421216072,0.007079121906707451,0.0006783109643087961,0.0,0.0,0.02867700424149787,86
28.64,0.029557375951935236,0.007075035847883464,0.0006786547507854216,0.0,0.0,0.028673247215224303,86
28.66,0.029549603461811708,0.007070896293837603,0.0006790138904142532,0.0,0.0,0.02866956578469227,86
28.68,0.029541666114796413,0.007066703403988167,0.0006793716240503609,0.0,0.0,0.02866595780081571,86
28.7,0.029533552786248578,0.007062457338934898,0.0006797279373885977,0.0,0.0,0.028662420972514743,86
28.72,0.029525251873455557,0.007058158260486086,0.0006800828095165116,0.0,0.0,0.028658952899070406,86
28.740000000000002,0.029518337866480473,0.007053806331643056,0.0006804362175032118,0.0,0.0,0.028655551110490663,86
28.76,0.02951216358927858,0.007049401716530147,0.0006807881361833111,0.0,0.0,0.0286522131147865,86
28.78,0.029505860512066454,0.007044944580259909,0.0006811386277828565,0.0,0.0,0.02864893645078112,86
28.8,0.02949941927343891,0.007040435088725236,0.000681487630898512,0.0,0.0,0.028645718744869896,86
28.82,0.02949283036778803,0.007035873408312496,0.000681835100542484,0.0,0.0,0.028642557770019946,86
28.84,0.029486084194441414,0.0070312597055322435,0.0006821810129115307,0.0,0.0,0.028639451505248863,86
28.86,0.029479171105818238,0.007026594146566734,0.0006825253596570034,0.0,0.0,0.0286363981938474,86
28.88,0.029473700092470377,0.007021876896736006,0.0006828680982142619,0.0,0.0,0.028633396398700404,86
28.900000000000002,0.02946893947089444,0.00701710811988682,0.0006832092114724198,0.0,0.0,0.02863044505320387,86
28.92,0.029464078376008205,0.007012287977710932,0.0006835486897925824,0.0,0.0,0.02862754350645544,86
28.94,0.029459111132437137,0.007007416629479716,0.0006838865169191407,0.0,0.0,0.028624691561598737,86
28.96,0.029454162516927146,0.007002494231365119,0.0006842226740262166,0.0,0.0,0.028621889506412142,86
28.98,0.029449835251094677,0.006997520932380609,0.000684557148536238,0.0,0.0,0.028619138135439287,86
29.0,0.029447234277969386,0.00699249687769827,0.0006848899290504541,0.0,0.0,0.028616438763151755,86
29.02,0.02944514937233845,0.006987422206216977,0.0006852210059789323,0.0,0.0,0.02861379322780995,86
29.04,0.029443121136382047,0.006984979023654347,0.0006855503697156172,0.0,0.0,0.028611203885841385,86
29.060000000000002,0.02944281607579906,0.006985388210989162,0.000685878013623645,0.0,0.0,0.028608673596691024,86
29.080000000000002,0.029442533298274797,0.0069865556970901774,0.000686203949951699,0.0,0.0,0.028606205698216123,86
29.1,0.029442275414375777,0.0069876448827736505,0.0006865281567263772,0.0,0.0,0.028603803972805923,86
29.12,0.02944204539951268,0.0069886553534469105,0.0006868506415473671,0.0,0.0,0.028601472604510354,86
29.14,0.029441846541157352,0.006989586683064589,0.0006871713934285042,0.0,0.0,0.02859921612756786,86
29.16,0.029441682377928317,0.006990438411348268,0.0006874903976857644,0.0,0.0,0.028597254264998782,86
29.18,0.029441556631175054,0.006991210064959453,0.000687807651096267,0.0,0.0,0.028595525306946007,86
29.2,0.029441473129832745,0.0069919011389485385,0.000688123150917264,0.0,0.0,0.02859388595871587,86
29.22,0.029441435729473754,0.006992511114719965,0.0006884368947875131,0.0,0.0,0.028592341489008622,86
29.240000000000002,0.029441448226647855,0.006993039454895158,0.0006887488915918885,0.0,0.0,0.028590897152767115,86
29.26,0.029441514269769847,0.006993485603606309,0.0006890591336466634,0.0,0.0,0.028589558103640413,86
29.28,0.029441637267972477,0.006993848987880512,0.0006893676146333765,0.0,0.0,0.028588329304473872,87
29.3,0.0294418202994816,0.006994129019362484,0.0006896743327531416,0.0,0.0,0.028587215437391508,87
29.32,0.029442066021175106,0.0069943250963799344,0.0006899792870033939,0.0,0.0,0.02858622081514198,87
29.34,0.029442376581044816,0.006994436606349485,0.0006902825508513019,0.0,0.0,0.028585349295439003,87
29.36,0.02944275353528114,0.006994462928514057,0.0006905860878241444,0.0,0.0,0.028584604200028778,87
29.38,0.029443203514287933,0.006994403436995565,0.0006909086588449854,0.0,0.0,0.028583988240153096,87
29.400000000000002,0.02944373261225619,0.006994257504139247,0.000691229404086232,0.0,0.0,0.02858350344994755,87
29.42,0.029444328574844296,0.006994024504118805,0.0006915483213702424,0.0,0.0,0.028583151129120576,87
29.44,0.029444989909801326,0.006993703816764494,0.000691865408197382,0.0,0.0,0.028582931796012893,88
29.46,0.029445714239960598,0.006993294831570173,0.0006921806710732457,0.0,0.0,0.028582845151850122,88
29.48,0.029446498276278217,0.006992796951829833,0.0006924941353255438,0.0,0.0,0.02858289005669076,88
29.5,0.029447337802552567,0.006992209598849952,0.0006928059851975995,0.0,0.0,0.02858306451725744,88
29.52,0.029448227671696067,0.006991532219447261,0.0006931166793507394,0.0,0.0,0.02858336568653325,88
29.54,0.029449161813154504,0.006990764281237706,0.0006934255351972875,0.0,0.0,0.028583789874727008,88
29.560000000000002,0.029450133250826745,0.0069899052838522545,0.0006937325481638733,0.0,0.0,0.028584332570966414,88
29.580000000000002,0.029451134130638244,0.0069889547622797475,0.0006940377135101261,0.0,0.0,0.028584988474876897,88
29.6,0.029452155756767306,0.006987912289711597,0.0006943410264005152,0.0,0.0,0.028585751537046494,88
29.62,0.02945387895856895,0.006986777481014308,0.0006946424819864395,0.0,0.0,0.028586615007265663,88
29.64,0.029457006019706824,0.006985549995898443,0.0006949420754973627,0.0,0.0,0.02858757148936111,88
29.66,0.029461051307735957,0.006984229541745704,0.0006952683089446256,0.0,0.0,0.028588613001414295,88
29.68,0.029465159626412683,0.006982815876062902,0.0006956003465387382,0.0,0.0,0.02858973104016175,88
29.7,0.02946932173888547,0.0069813088085393885,0.0006959305535607954,0.0,0.0,0.028590916648415853,88
29.72,0.02947370962998194,0.006979708203449734,0.000696258881186625,0.0,0.0,0.02859216048441489,88
29.740000000000002,0.02947838066549555,0.006978013979919312,0.0006965853249043127,0.0,0.0,0.028593452892108975,88
29.76,0.029483075240586593,0.006976226111067665,0.0006969098974336809,0.0,0.0,0.028594783971508567,88
29.78,0.02948778298898168,0.006974344627579067,0.0006972325837028344,0.0,0.0,0.02859614364835969,88
29.8,0.029492493433734866,0.006972369616386896,0.0006975533775005817,0.0,0.0,0.028597521742557162,88
29.82,0.029497196053223946,0.006970301220289818,0.0006978722871218831,0.0,0.0,0.02859890803485479,88
29.84,0.029501880345130623,0.0069681396372124945,0.000698189309745456,0.0,0.0,0.028600292331569348,88
29.86,0.029506535888221372,0.006965885119137993,0.0006985044414950218,0.0,0.0,0.02860166452709186,88
29.88,0.029511152401831043,0.006963537970741497,0.0006988176850657789,0.0,0.0,0.028603014664104656,88
29.900000000000002,0.02951571980299743,0.0069610985477561475,0.0006991290610435525,0.0,0.0,0.02860433299145026,88
29.92,0.029520228261200623,0.006958567255102422,0.0006994385604777339,0.0,0.0,0.028605610019603617,88
29.94,0.02952466825062769,0.006955944544812078,0.0006997461863717986,0.0,0.0,0.028606836573666732,88
29.96,0.02952903059981825,0.0069532309137769095,0.0007000519468074246,0.0,0.0,0.02860800384373983,90
29.98,0.029533306538462433,0.006950426901351355,0.0007003642138329124,0.0,0.0,0.028609103432440143,90
30.0,0.029537487741033014,0.0069475330868365385,0.0007007007764406807,0.0,0.0,0.028610127399249143,90
30.02,0.0295415663668531,0.006944550086871857,0.0007010355629581026,0.0,0.0,0.028611068301290017,90
30.04,0.029545535096142873,0.006941478553648466,0.0007013685855875048,0.0,0.0,0.028611919230078612,90
30.060000000000002,0.02954938716156156,0.006938319179377549,0.0007016998555230389,0.0,0.0,0.02861267384376474,90
30.080000000000002,0.029553116374769737,0.006935072666729464,0.0007020293822919955,0.0,0.0,0.028613326394389637,90
30.1,0.02955671714758086,0.006931739754517474,0.0007023571778151581,0.0,0.0,0.028613871749729177,90
30.12,0.029560184507344357,0.006928321205353703,0.0007026832799981625,0.0,0.0,0.028614305409366547,90
30.14,0.02956351410629912,0.006924817802877303,0.0007030324876265248,0.0,0.0,0.028614623514734372,90
30.16,0.029566702224743165,0.006921230349111395,0.0007033867905124137,0.0,0.0,0.028614822852973506,90
30.18,0.029569745767975105,0.006917559661886876,0.0007037394632154527,0.0,0.0,0.028614900854565833,90
30.2,0.029572642257064883,0.0069138065723470905,0.0007040905280059202,0.0,0.0,0.02861485558480015,90
30.22,0.029575389813599195,0.00690997192254585,0.0007044399845235781,0.0,0.0,0.028614685729218544,90
30.240000000000002,0.029577987138615994,0.006906056563150045,0.0007047878358232346,0.0,0.0,0.028614390573259627,90
30.26,0.029580433485990952,0.006902061351256498,0.0007051340927763334,0.0,0.0,0.028613969976363444,90
30.28,0.029582728630568194,0.006897987148331472,0.0007054787672288522,0.0,0.0,0.02861342434083287,90
30.3,0.029584872831339766,0.006893834818279808,0.0007058218682801915,0.0,0.0,0.028612754575757952,90
30.32,0.029586866789978784,0.006889605225649698,0.0007061639310126316,0.0,0.0,0.028611962056310787,90
30.34,0.02958871160502488,0.006885299233977742,0.0007065050103717261,0.0,0.0,0.028611048578711846,90
30.36,0.029590408722013205,0.006882390062395325,0.0007068445583676317,0.0,0.0,0.028610016311161817,90
30.38,0.02959195987983661,0.006879443334151853,0.0007071825864988968,0.0,0.0,0.02860886774103102,90
30.400000000000002,0.029593367053638606,0.006876419245046634,0.0007075191391378824,0.0,0.0,0.02860760561860701,90
30.42,0.029594632394558677,0.006873318622644439,0.000707854182673415,0.0,0.0,0.028606232897724737,90
30.44,0.029595758166693548,0.006870142287739987,0.0007081877223563139,0.0,0.0,0.028604752673645883,90
30.46,0.029596746681701525,0.006866891053592285,0.000708519813281224,0.0,0.0,0.028603168118617628,90
30.48,0.02959760023156092,0.006863565725310585,0.0007088504523809472,0.0,0.0,0.02860151795492878,90
30.5,0.0295983210200987,0.0068613690919537545,0.0007091795985875625,0.0,0.0,0.028600116054604892,90
30.52,0.02959891109402596,0.0068594190079984295,0.0007095072524916542,0.0,0.0,0.028598947259516002,90
30.54,0.02959937227434913,0.0068573935407698254,0.000709833421088726,0.0,0.0,0.028597685584014543,90
30.560000000000002,0.029599706089160044,0.006855293442237924,0.000710158108732872,0.0,0.0,0.028596333579641812,90
30.580000000000002,0.029599913708936106,0.006853119465543343,0.0007104812998744675,0.0,0.0,0.028594893476603937,90
30.6,0.029599995885590136,0.006850872336009427,0.0007108030421316443,0.0,0.0,0.028593367124134454,90
30.62,0.02959995289658721,0.006848552780851772,0.0007111232747182881,0.0,0.0,0.028591755935988807,90
30.64,0.02959978449547858,0.00684616151956738,0.0007114419894117776,0.0,0.0,0.028590060842425255,90
30.66,0.029599489870180233,0.0068436992644899785,0.0007117591772834629,0.0,0.0,0.02858828225000429,90
30.68,0.02959906761023595,0.006841166724401499,0.0007120752163349618,0.0,0.0,0.028586420010451537,90
30.7,0.029598515684147116,0.006838564597208263,0.0007123905516297708,0.0,0.0,0.02858447339967125,90
30.72,0.029597831427623403,0.006835893576938362,0.0007127046036421898,0.0,0.0,0.02858244110777015,91
30.740000000000002,0.029597011543315743,0.006833154354220542,0.0007130175652657241,0.0,0.0,0.028580321240658794,91
30.76,0.029596052112248326,0.00683034761619077,0.0007133289863088981,0.0,0.0,0.02857811133345282,91
30.78,0.029594948616785105,0.006827474047278619,0.0007136388244174816,0.0,0.0,0.028575808375516328,91
30.8,0.029593695974573033,0.006824534329967148,0.0007139470580146359,0.0,0.0,0.028573408846595646,91
30.82,0.02959228858252169,0.006821529145508451,0.0007142536694593359,0.0,0.0,0.028570908763110154,91
30.84,0.02959072036953257,0.006818459174578822,0.0007145586407783436,0.0,0.0,0.028568303733320238,91
30.86,0.029588984856403214,0.006815325097859366,0.0007148619538556068,0.0,0.0,0.028565589019804823,92
30.88,0.029587075221120758,0.006812127596530558,0.0007151635906187385,0.0,0.0,0.02856275960747032,92
30.900000000000002,0.02958498436763654,0.006808867352671883,0.0007154635332182068,0.0,0.0,0.028559810275190108,92
30.92,0.029582704996184195,0.0068055450495607475,0.0007157617641953223,0.0,0.0,0.028556735669144705,92
30.94,0.02958022967326393,0.006802161371867792,0.0007160582666357123,0.0,0.0,0.02855353037599297,92
30.96,0.029577550899557253,0.006799842203384614,0.0007163530243056841,0.0,0.0,0.02855018899414677,92
30.98,0.02957466117424288,0.006797898138917465,0.0007166460217696248,0.0,0.0,0.02854670620162753,92
31.0,0.029571553054439488,0.006795890518791437,0.0007169372444874149,0.0,0.0,0.028543076819238827,93
31.02,0.029568219208782852,0.006793820019866958,0.0007172266788915381,0.0,0.0,0.028539295868070403,93
31.04,0.029564652464435907,0.006791687320391567,0.0007175143124442448,0.0,0.0,0.02853535862064079,93
31.060000000000002,0.029560845847113798,0.00678949309964034,0.0007178001346896141,0.0,0.0,0.028531260645268484,93
31.080000000000002,0.029556792613966286,0.0067872380374948285,0.0007180841357626553,0.0,0.0,0.028526997843522327,93
31.1,0.029552486279388692,0.006784922813970683,0.0007183663177123951,0.0,0.0,0.028522566480830267,93
31.12,0.02954792063402376,0.006782548108704041,0.0007186467433863625,0.0,0.0,0.028517963210516393,93
31.14,0.02954308975736549,0.00678011460040632,0.0007189253213486276,0.0,0.0,0.028513185091684403,93
31.16,0.029538186521582743,0.006777622966296458,0.0007192021085039046,0.0,0.0,0.028508229601474755,93
31.18,0.029533649716819755,0.006775073881518781,0.0007194772908843606,0.0,0.0,0.028503094642292552,93
31.2,0.029528830714789428,0.00677246801855386,0.0007197506121229446,0.0,0.0,0.02849777854463939,94
31.220000000000002,0.029523724768269574,0.0067698060466286495,0.0007200220693780927,0.0,0.0,0.02849228006619111,94
31.240000000000002,0.02951832740598958,0.0067670886311313894,0.0007202916590267756,0.0,0.0,0.028486598387746816,94
31.26,0.029512634419213785,0.006764316433035641,0.000720559384549274,0.0,0.0,0.028480733106642925,94
31.28,0.029506641846084782,0.006761490108337107,0.0007208252463310248,0.0,0.0,0.028474684228179687,94
31.3,0.029500345954231514,0.006758610307505939,0.0007210892670757055,0.0,0.0,0.0284684521555545,94
31.32,0.029493743222094665,0.006755677674956562,0.0007213514256041636,0.0,0.0,0.02846203767873785,94
31.34,0.02948683031936821,0.006752692848536388,0.0007216117149331326,0.0,0.0,0.0284554419626681,94
31.36,0.02947960408690451,0.006749656459034231,0.0007218701372760241,0.0,0.0,0.028448666535081865,94
31.38,0.029472061516382927,0.006746569129708726,0.0007221267223429432,0.0,0.0,0.028441713274239715,94
31.400000000000002,0.029464199729998104,0.0067434314758367435,0.0007223814701578252,0.0,0.0,0.028434584396752498,94
31.42,0.029456015960387633,0.006740244104281384,0.0007226343635812903,0.0,0.0,0.028427282445663424,94
31.44,0.029447507530986242,0.0067370076130789614,0.0007228853992771244,0.0,0.0,0.0284198102788937,94
31.46,0.029438671836969563,0.006733722591044254,0.0007231345808924065,0.0,0.0,0.028412387466073982,94
31.48,0.029429506326930317,0.006730389617393029,0.0007233819123838442,0.0,0.0,0.028404970212562382,94
31.5,0.029420008485417756,0.006727009261381011,0.000723627634979906,0.0,0.0,0.028397710121090304,94
31.52,0.02941017581646286,0.006723582081958255,0.0007238727357335399,0.0,0.0,0.028390342734100647,94
31.54,0.02940000582821105,0.00672010862743808,0.0007241160176028731,0.0,0.0,0.028382823041084776,94
31.560000000000002,0.029389496018786206,0.006716589435179705,0.0007243574808386707,0.0,0.0,0.028375155569653213,94
31.580000000000002,0.0293797623861971,0.0067130250312838645,0.0007245971304975301,0.0,0.0,0.02836734509234942,94
31.6,0.029371382014169948,0.0067094159303008865,0.0007248349719577779,0.0,0.0,0.028359396617303318,94
31.62,0.029362770310572175,0.006705762634950847,0.0007250710113872912,0.0,0.0,0.02835131537858326,94
31.64,0.02935392938487042,0.006702065635855665,0.0007253052533792271,0.0,0.0,0.02834310682601967,94
31.66,0.029344861422981715,0.006698325411283304,0.0007255377372632939,0.0,0.0,0.028334776614246836,94
31.68,0.029337310963141933,0.006694542426904403,0.000725768455800679,0.0,0.0,0.028326330590683103,94
31.7,0.02932987188996897,0.006690717135562212,0.0007259974122405572,0.0,0.0,0.02831777478214693,94
31.720000000000002,0.029322286989494045,0.0066868499770567705,0.0007262246014320679,0.0,0.0,0.02830915763820508,94
31.740000000000002,0.029314561514784808,0.006682941377944919,0.0007264500251001138,0.0,0.0,0.02830078318903493,94
31.76,0.029306700816913472,0.006678991751357898,0.000726673817122825,0.0,0.0,0.02829231760476806,94
31.78,0.02929871032175054,0.006675001496838895,0.0007268960503412071,0.0,0.0,0.028284127961882483,94
31.8,0.02929059550368553,0.006670971000203125,0.0007271165350581701,0.0,0.0,0.028275862431418816,94
31.82,0.029282361855994553,0.006666900633423568,0.0007273352782307098,0.0,0.0,0.028267525324144636,94
31.84,0.029274014857634947,0.006662790754545815,0.0007275522858006416,0.0,0.0,0.028259123363794224,94
31.86,0.029265787454168735,0.00665864170763575,0.0007277675634325952,0.0,0.0,0.028250663258690807,94
31.88,0.02925766993363167,0.006654453822764148,0.0007280116020620433,0.0,0.0,0.028242151662555365,94
31.900000000000002,0.02924945450543186,0.006650419137568133,0.0007282609316915713,0.0,0.0,0.028233595131803537,94
31.92,0.02924114618576144,0.0066477699372268885,0.0007285085532487619,0.0,0.0,0.02822500007962867,94
31.94,0.029232749756727395,0.006645078219037971,0.0007287544942649764,0.0,0.0,0.028216372727365893,94
31.96,0.029224273067087726,0.006642344274215372,0.0007289987080777066,0.0,0.0,0.028207719053844806,94
31.98,0.029216088927026474,0.006639568379356814,0.0007292411984662209,0.0,0.0,0.028199044743659023,94
32.0,0.02920790073494744,0.006636750796742669,0.0007294819720439165,0.0,0.0,0.02819035513549215,94
32.02,0.0291996397205555,0.006633891774695365,0.0007297210436046854,0.0,0.0,0.028181655171823465,94
32.04,0.02919130870225782,0.006630991549106948,0.0007299584854052624,0.0,0.0,0.028172949351471147,95
32.06,0.02918290995640382,0.006628050344382086,0.0007301942675622902,0.0,0.0,0.02816424168649509,96
32.08,0.02917444517742554,0.0066250683659689995,0.000730428354323641,0.0,0.0,0.028155535664955694,96
32.1,0.029165915445078305,0.006622045811160774,0.0007306607629214286,0.0,0.0,0.028146834220896248,96
32.12,0.02915732119991834,0.006618982865978464,0.0007308915163763013,0.0,0.0,0.028138139712681587,96
32.14,0.029148662227819165,0.00661587970586541,0.0007311205989155569,0.0,0.0,0.028129453910490085,96
32.160000000000004,0.029139937653916793,0.0066127364964220624,0.0007313480071328281,0.0,0.0,0.028120777993343633,96
32.18,0.029131538185355965,0.006609553394174824,0.0007315737592588844,0.0,0.0,0.028112112555599925,96
32.2,0.029123130000425313,0.006606330548029125,0.0007317979172397749,0.0,0.0,0.028103457622368825,96
32.22,0.029114649261618747,0.006603068099276588,0.0007320204368106783,0.0,0.0,0.02809481267289231,96
32.24,0.029106092567707288,0.006599766180916082,0.0007322413011779079,0.0,0.0,0.028086176670593075,96
32.26,0.029097455950372258,0.006596424921319791,0.0007324605407190731,0.0,0.0,0.028077548098281765,96
32.28,0.029088734909331015,0.0065930444439190215,0.0007326781543514544,0.0,0.0,0.028068924996941087,96
32.3,0.029080320969018345,0.0065896248680507785,0.0007328942013825703,0.0,0.0,0.02806030500657834,96
32.32,0.029071842024375738,0.006586166309800705,0.0007331086296028018,0.0,0.0,0.02805168540784136,96
32.34,0.029063261822041823,0.0065826688828384255,0.0007333214737482182,0.0,0.0,0.02804306316339631,96
32.36,0.029054574106928067,0.006579132699240889,0.0007335327364368499,0.0,0.0,0.02803443495842582,96
32.38,0.02904577227573913,0.006575557872143171,0.0007337423876123619,0.0,0.0,0.028025797239976655,96
32.4,0.029036849410837697,0.006571944526600972,0.000733950451235031,0.0,0.0,0.028017146255220945,96
32.42,0.029027798313176957,0.006568292839246305,0.0007341569176287627,0.0,0.0,0.02800847808895643,96
32.44,0.029018611534772046,0.0065646028713622585,0.0007343618178531315,0.0,0.0,0.027999788700834177,96
32.46,0.029009281411234124,0.006560874899849923,0.0007345651486847252,0.0,0.0,0.02799107396285458,96
32.480000000000004,0.028999800094837457,0.006557108856102719,0.0007347669232330451,0.0,0.0,0.027982329697619122,96
32.5,0.028990159588447112,0.006553304861747533,0.0007349671604195187,0.0,0.0,0.027973551717682177,96
32.52,0.028980351780429268,0.006549463042123046,0.0007351658336788693,0.0,0.0,0.02796473586614077,96
32.54,0.028970368480429734,0.006545583526638297,0.000735362924170169,0.0,0.0,0.02795587805836266,96
32.56,0.028960201455670534,0.00654166644903052,0.0007355584295042297,0.0,0.0,0.02794697432451637,96
32.58,0.02894984246720931,0.006537711947515473,0.0007357523556451123,0.0,0.0,0.027938020852360225,96
32.6,0.028939283305453378,0.006533720164825884,0.0007359447149339482,0.0,0.0,0.02792901402959275,96
32.62,0.02892851582413354,0.006529691248136167,0.0007361355148709294,0.0,0.0,0.02791995048497879,96
32.64,0.028917531971926373,0.006525625348874367,0.0007363247498064921,0.0,0.0,0.027910827127446677,96
32.660000000000004,0.028906323820964152,0.006521522622424824,0.000736512418706873,0.0,0.0,0.027901641182400735,96
32.68,0.02889488359157678,0.0065173832277274305,0.0007366985235726665,0.0,0.0,0.027892488273047265,96
32.7,0.02888320367275738,0.006513207326781445,0.0007368830760559235,0.0,0.0,0.027883545166756164,96
32.72,0.02887210543647947,0.00650899508406331,0.0007370660865261504,0.0,0.0,0.02787453302095889,96
32.74,0.02886174449302146,0.006504746665869114,0.0007372475712791087,0.0,0.0,0.027865450614304357,96
32.76,0.02885117982482173,0.006500462239592892,0.0007374282576023098,0.0,0.0,0.0278565353063131,96
32.78,0.028840406681167153,0.006496141972952195,0.0007376082715482512,0.0,0.0,0.027847665403304182,96
32.8,0.028829420597540262,0.0064917860331720895,0.0007377867535678056,0.0,0.0,0.027838723897877397,96
32.82,0.028818217391861155,0.0064873945861382695,0.0007379637043647992,0.0,0.0,0.027829715944774795,96
32.84,0.028806793157156316,0.00648296779552915,0.0007381391251846544,0.0,0.0,0.02782099395560865,96
32.86,0.028795144251107466,0.006478505821935933,0.0007383130163252368,0.0,0.0,0.02781220313835666,96
32.88,0.028783267282941817,0.006474008823268725,0.0007384854139481971,0.0,0.0,0.027803345454560747,96
32.9,0.02877115909811302,0.006470069932870384,0.0007386563081207733,0.0,0.0,0.027794423313657404,96
32.92,0.02876007581101466,0.0064663660581539655,0.0007388256807308047,0.0,0.0,0.027785439564814524,96
32.94,0.028749610515559187,0.006462625590728248,0.0007389935343370889,0.0,0.0,0.02777639748763079,96
32.96,0.028740336049374662,0.006458848661021425,0.0007391598715273859,0.0,0.0,0.027767300782009893,96
32.980000000000004,0.02873094195751772,0.006455035391309619,0.0007393246949306751,0.0,0.0,0.027758153557464915,96
33.0,0.028721418616623303,0.006451185895110673,0.0007394880102669463,0.0,0.0,0.027748960322049442,96
33.02,0.028713191723670796,0.006447300277160968,0.0007396498234131484,0.0,0.0,0.02773972597105262,96
33.04,0.028705093036038107,0.006443378629298035,0.0007398101702903518,0.0,0.0,0.027730455775539505,96
33.06,0.02869692404069581,0.006439421033513222,0.0007399690939475811,0.0,0.0,0.02772115537076341,96
33.08,0.02868868942070972,0.006435427559961657,0.0007401265874260645,0.0,0.0,0.02771183074442761,96
33.1,0.028680394157954096,0.006431398266326343,0.0007402826086657562,0.0,0.0,0.02770248822472643,96
33.12,0.028672054229425235,0.006427333197222052,0.0007404371523090739,0.0,0.0,0.027693134468054572,96
33.14,0.028663669146566165,0.006423232383642188,0.0007405902255312588,0.0,0.0,0.027683776446234768,96
33.160000000000004,0.02865524007597478,0.006419095842452424,0.0007407418140073747,0.0,0.0,0.027674421433081072,96
33.18,0.028646773047562045,0.006414923575935281,0.0007408919684130673,0.0,0.0,0.027665076990085868,96
33.2,0.028638274311861753,0.00641071557139053,0.0007410406880492417,0.0,0.0,0.02765575095099507,96
33.22,0.028629750320901738,0.006406471800796887,0.0007411879430631333,0.0,0.0,0.02764645140501769,96
33.24,0.02862149314196124,0.006402192220541013,0.0007413337316582496,0.0,0.0,0.027637186678404084,96
33.26,0.028613794130177977,0.006400042465358368,0.0007414780575863098,0.0,0.0,0.027627965314121827,96
33.28,0.028606089185680694,0.006398051897780893,0.0007416209351891651,0.0,0.0,0.027618796049361752,96
33.3,0.02859838533619281,0.006396017378024593,0.0007417623656129173,0.0,0.0,0.027609687790618252,96
33.32,0.028590689683415015,0.006393938744132341,0.000741902357361782,0.0,0.0,0.027600649586110238,96
33.34,0.028583009369372404,0.006391815819510258,0.0007420409291657636,0.0,0.0,0.027591690595342132,96
33.36,0.02857535913638729,0.0063896484131754335,0.0007421780671663339,0.0,0.0,0.027582820055648303,96
33.38,0.02856814968185622,0.006387436320121531,0.0007423137743623277,0.0,0.0,0.02757404724562053,96
33.4,0.02856097634506712,0.006385700290763133,0.0007424480525248824,0.0,0.0,0.02756538144538427,96
33.42,0.028553846028297945,0.00638519671515528,0.0007425809163884731,0.0,0.0,0.0275568318937669,96
33.44,0.028546765457218615,0.006384642959763365,0.0007427125419007105,0.0,0.0,0.027548407742484175,96
33.46,0.02853974112812408,0.00638403878144505,0.0007428429541628685,0.0,0.0,0.027540118007560746,97
33.480000000000004,0.028532779252563572,0.006383383928693921,0.000742971957311284,0.0,0.0,0.02753197151828991,97
33.5,0.02852588569977224,0.0063833467015276335,0.0007430995575890605,0.0,0.0,0.02752397686412421,97
33.52,0.028520612296873433,0.006384359716378668,0.0007432257749299912,0.0,0.0,0.027516142339966437,97
33.54,0.028515694854348118,0.006385310908163414,0.0007433506609817742,0.0,0.0,0.02750847589039732,97
33.56,0.028510930320929107,0.00638620013873994,0.0007434741991958308,0.0,0.0,0.027500985053425624,97
33.58,0.028506312665354885,0.0063870272637957595,0.0007435963594833627,0.0,0.0,0.027493676904379434,97
33.6,0.028501847311840318,0.006387792134412309,0.0007437171668543661,0.0,0.0,0.02748655800057061,97
33.62,0.028497539071438534,0.006388494598670754,0.0007438366373543044,0.0,0.0,0.027479634327363014,97
33.64,0.02849339208836387,0.0063891345032753115,0.0007439547497162321,0.0,0.0,0.027472911246258988,97
33.660000000000004,0.028489409788949087,0.006389711695169708,0.0007440716291237983,0.0,0.0,0.027466393445597276,97
33.68,0.028485594833816717,0.006390226023123002,0.0007441872564429603,0.0,0.0,0.027460084894432715,97
33.7,0.028481961055364893,0.006390677339262307,0.0007443015946178773,0.0,0.0,0.027453988800151596,97
33.72,0.028478500633892522,0.0063910655005323825,0.0007444145990915018,0.0,0.0,0.02744810757037147,97
33.74,0.028475210585956753,0.0063913903700651,0.0007445263262040355,0.0,0.0,0.0274424427796827,97
33.76,0.02847209011520813,0.00639226835197071,0.0007446369553229901,0.0,0.0,0.027436995141811082,98
33.78,0.02846913748827246,0.006394541385377533,0.0007447462521296914,0.0,0.0,0.02743176448781233,98
33.8,0.02846635001811879,0.0063967445771271406,0.000744854213015157,0.0,0.0,0.027426749750940685,98
33.82,0.028463724054762364,0.0063988777729708,0.0007449608373586325,0.0,0.0,0.027421948958856558,98
33.84,0.028461254983943796,0.006400940829867462,0.0007450661205539818,0.0,0.0,0.02741735923383674,98
33.86,0.028458937234387808,0.006402933616628642,0.0007451700571105028,0.0,0.0,0.027412976801615817,98
33.88,0.028456764294159328,0.0064048560144931,0.0007452726407543052,0.0,0.0,0.027408797009404472,98
33.9,0.028454728736499003,0.0064067079191308645,0.0007453738638449729,0.0,0.0,0.027404814353495385,98
33.92,0.02845282225532716,0.006408489236056333,0.0007454737414078408,0.0,0.0,0.027401022516674808,98
33.94,0.02845103571036058,0.006410199885893093,0.0007455722961112935,0.0,0.0,0.027397414415412564,98
33.96,0.028449359181497696,0.006411839802870969,0.0007456694590938727,0.0,0.0,0.027393982256512385,98
33.980000000000004,0.028447782031808564,0.00641340893493135,0.0007457652177611546,0.0,0.0,0.027390717602583204,98
34.0,0.028446292978135748,0.006414907243763183,0.0007458595585487892,0.0,0.0,0.02738761144535855,98
34.02,0.028444880167992327,0.006416334704772772,0.0007459524670772024,0.0,0.0,0.02738465428556808,98
34.04,0.028443531261156056,0.006417691306989769,0.0007460439831354552,0.0,0.0,0.02738183621777437,98
34.06,0.028442233514127366,0.006418977052911336,0.0007461340930201164,0.0,0.0,0.027379147018353214,98
34.08,0.02844097386546219,0.006420191958286548,0.0007462228135335349,0.0,0.0,0.027376576234635606,98
34.1,0.02843973901992257,0.006421336094111344,0.0007463100413815697,0.0,0.0,0.02737454355342784,98
34.12,0.028438515529418534,0.0064224094913964535,0.0007463957609008043,0.0,0.0,0.027372892828117848,98
34.14,0.028437289868844147,0.006423412172393151,0.0007464799659518768,0.0,0.0,0.02737132793564755,98
34.160000000000004,0.028436048505132542,0.006424344202616293,0.0007465626386810979,0.0,0.0,0.02736983835294563,98
34.18,0.028434777958160063,0.006425205658981483,0.0007466437588434289,0.0,0.0,0.02736841372208434,98
34.2,0.028433464852495132,0.00642599662932064,0.0007467233132204201,0.0,0.0,0.02736704390752183,98
34.22,0.02843209595939765,0.0064267172118779815,0.0007468012896295049,0.0,0.0,0.027365719043853428,98
34.24,0.02843065822889989,0.0064273675147955124,0.000746877695911933,0.0,0.0,0.027364429573888897,98
34.26,0.028429138812220086,0.006427947655596927,0.000746952544236871,0.0,0.0,0.027363166277289602,98
34.28,0.028427525075149073,0.00642845776067809,0.0007470258415571734,0.0,0.0,0.02736192029038556,98
34.300000000000004,0.02842582009060774,0.006428897964810968,0.0007470975282612248,0.0,0.0,0.02736068311812832,98
34.32,0.02842399777419402,0.00642926841066621,0.0007471675933549653,0.0,0.0,0.027359446639402846,98
34.34,0.028422044635060883,0.006429569248357469,0.0007472360884818463,0.0,0.0,0.027358203107109805,98
34.36,0.02841994889042746,0.006429800635008211,0.0007473032103104329,0.0,0.0,0.027356945144529042,98
34.38,0.02841769894574777,0.006429962734339438,0.000747368703563912,0.0,0.0,0.02735566573948567,98
34.4,0.028415283381167313,0.006430055716274258,0.0007474325675064288,0.0,0.0,0.027354358237762878,98
34.42,0.028412690938617605,0.006430079756553289,0.0007474948067039354,0.0,0.0,0.027353016337050645,98
34.44,0.028409910510698914,0.006430035046501651,0.0007475554211814144,0.0,0.0,0.027351634082497783,98
34.46,0.028408070053823713,0.006429921763664531,0.0007476144120164923,0.0,0.0,0.027350205864664374,98
34.480000000000004,0.028407351709606354,0.006429740097512521,0.0007476717813073428,0.0,0.0,0.027348726420371908,98
34.5,0.0284065044150462,0.006429490243128889,0.0007477275332165321,0.0,0.0,0.027347190836638585,98
34.52,0.02840552118399572,0.006429172399349085,0.0007477816832624452,0.0,0.0,0.02734559455759014,98
34.54,0.028404967482912245,0.006428786768255053,0.0007478342378427079,0.0,0.0,0.027343933393968362,98
34.56,0.028404539852177297,0.006428333556562205,0.0007478851907433838,0.0,0.0,0.02734220353463634,98
34.58,0.028404387754599057,0.006427812977515572,0.0007479564775825212,0.0,0.0,0.02734040155931182,98
34.6,0.02840540912950346,0.0064272252378372585,0.0007480430854589043,0.0,0.0,0.027338524451651577,98
34.62,0.028406318926934647,0.006426570544957608,0.0007481280896175302,0.0,0.0,0.027336569611762042,98
34.64,0.02840711396823271,0.0064258491027437865,0.0007482114484141143,0.0,0.0,0.02733462558319542,98
34.660000000000004,0.02840779147647042,0.006425061119333489,0.0007482931689633728,0.0,0.0,0.027332882103326427,98
34.68,0.028408353875301186,0.006424206801205407,0.0007483732577909182,0.0,0.0,0.02733105534680547,98
34.7,0.028408812487410066,0.006423286353437897,0.00074845172093339,0.0,0.0,0.027329144461957854,98
34.72,0.028409166583478508,0.006422299975693955,0.0007485285647036027,0.0,0.0,0.027327149038004747,98
34.74,0.02840939771181624,0.006421247865581988,0.000748603795203324,0.0,0.0,0.027325069097826376,98
34.76,0.028409503617141462,0.006420130213495602,0.000748677424706287,0.0,0.0,0.027322905085773976,98
34.78,0.028409483865971065,0.006418947204867459,0.0007487494560937187,0.0,0.0,0.02732090123573805,98
34.800000000000004,0.02840933835947913,0.006417699018929486,0.0007488198910194802,0.0,0.0,0.02731892394601278,98
34.82,0.02840906730399274,0.0064163858278378245,0.0007488887344733692,0.0,0.0,0.027316865887084908,98
34.84,0.02840867117660571,0.006415007796152431,0.0007489560073758135,0.0,0.0,0.02731472896598432,98
34.86,0.02840815068621131,0.006414084304577422,0.0007490216969804963,0.0,0.0,0.02731251537552566,98
34.88,0.028407506730356708,0.006413663262500439,0.0007490858220701477,0.0,0.0,0.027310227553626446,98
34.9,0.028406740348425132,0.0064131731787319506,0.000749148371013044,0.0,0.0,0.027307868139064006,98
34.92,0.02840585267176023,0.006412614200024766,0.0007492093457665273,0.0,0.0,0.02730543992428968,98
34.94,0.028404844871456957,0.0064119864651665,0.000749268748473278,0.0,0.0,0.02730294580602843,99
34.96,0.028403718104654262,0.006411290105281036,0.0007493265807788044,0.0,0.0,0.027300388734502377,99
34.980000000000004,0.028402473460268852,0.006410525244087082,0.0007493828458423321,0.0,0.0,0.027297771662220274,99
35.0,0.02840111190520069,0.006409691999037171,0.0007494375558542567,0.0,0.0,0.027295097493365436,99
35.02,0.028399634232105612,0.006408790481787763,0.0007494907329322806,0.0,0.0,0.027292369034878784,99
35.04,0.02839804100986243,0.006407820798065366,0.0007495423598123802,0.0,0.0,0.02728958895036449,99
35.06,0.028396332537844692,0.006406783050894306,0.0007495924172652997,0.0,0.0,0.027286759717927263,99
35.08,0.02839450880503675,0.0064056773411207265,0.0007496409042161689,0.0,0.0,0.027283883592978633,99
35.1,0.028392569454900263,0.006404503768851586,0.0007496878230648837,0.0,0.0,0.027280962576913967,99
35.12,0.0283905137567045,0.006403262435976089,0.0007497331869264716,0.0,0.0,0.02727799839236727,99
35.14,0.02838855952503613,0.006401953444891039,0.000749776982192012,0.0,0.0,0.027274992465499574,100
35.160000000000004,0.02838669530646586,0.0064005769025343405,0.0007498356166028565,0.0,0.0,0.027271945915484205,100
35.18,0.02838470960541986,0.006399132925501275,0.0007499175576592395,0.0,0.0,0.027268859551037295,100
35.2,0.028382600047242704,0.006397621629310761,0.0007499979082954051,0.0,0.0,0.027265733873529124,100
35.22,0.028380363842554903,0.00639604314185997,0.0007500766670650758,0.0,0.0,0.027262569085928397,100
35.24,0.028377997796769607,0.006394397603084086,0.0007501538321623785,0.0,0.0,0.027259365106601017,101
35.26,0.02837550541821958,0.006392685161935753,0.0007502294023438501,0.0,0.0,0.027256121586832816,101
35.28,0.028372950565066588,0.00639090597576745,0.0007503033767065989,0.0,0.0,0.027252837930880878,101
35.300000000000004,0.028370615100920912,0.006389060217553427,0.0007503757547539914,0.0,0.0,0.02724951331739041,101
35.32,0.028369476036310282,0.006387148073685801,0.0007504465364533232,0.0,0.0,0.02724614672113587,102
35.34,0.028369142162219602,0.006385169744512665,0.0007505157222839722,0.0,0.0,0.027242736934242,102
35.36,0.028368736379934124,0.0063832632599811695,0.0007505833440435533,0.0,0.0,0.02723928258629066,102
35.38,0.028368256459334416,0.006382767773702693,0.0007506493846643948,0.0,0.0,0.027235782162995173,102
35.4,0.028367700022963373,0.0063826778454838294,0.0007507138349055271,0.0,0.0,0.027232234023395984,102
35.42,0.028367064561094578,0.0063825121776996795,0.0007507766987735423,0.0,0.0,0.02722863641577153,102
35.44,0.028366347445847418,0.006382271151822956,0.000750838000515086,0.0,0.0,0.027224987492643613,102
35.46,0.02836554594484018,0.0063819551544809176,0.0007508977209455263,0.0,0.0,0.027221285325369243,102
35.480000000000004,0.028364657234905607,0.006381564590570895,0.0007509558645432364,0.0,0.0,0.027217527918843992,102
35.5,0.028363678416343803,0.006381099877829572,0.0007510124362747442,0.0,0.0,0.027213713226792034,102
35.52,0.028362606528067432,0.00638056144596817,0.0007510674415462108,0.0,0.0,0.027209839167998632,102
35.54,0.028361438563814716,0.006379949736213092,0.0007511306053987087,0.0,0.0,0.027205903643660927,102
35.56,0.028360171489390695,0.006379265200801486,0.0007512185860356523,0.0,0.0,0.02720190455581849,102
35.58,0.028358802260668243,0.006378508302436128,0.0007513049651003366,0.0,0.0,0.027197839826595783,102
35.6,0.028357327841860163,0.006377679514661279,0.0007513897490231599,0.0,0.0,0.02719370741776918,102
35.62,0.02835574522338637,0.006376779318466237,0.0007514861100269078,0.0,0.0,0.027189505349983847,102
35.64,0.028354051438519916,0.006375808205197177,0.0007516028249151962,0.0,0.0,0.02718523172080576,102
35.660000000000004,0.028352243577917064,0.006374766673137069,0.0007517179111496571,0.0,0.0,0.0271808847207161,102
35.68,0.028350318801125155,0.0063736552280215745,0.0007518313763939198,0.0,0.0,0.027176462646143894,102
35.7,0.028348274344217307,0.0063724743813097715,0.0007519432201596652,0.0,0.0,0.02717196390868827,102
35.72,0.028346107522821917,0.0063712246511835186,0.0007520534487304108,0.0,0.0,0.027167387039801396,102
35.74,0.02834381572998791,0.0063699065610339466,0.0007521620709199002,0.0,0.0,0.02716273069037578,103
35.76,0.02834139642854312,0.006368520639752985,0.0007522690997989352,0.0,0.0,0.02715799362489678,103
35.78,0.028338847137850284,0.006367067418511668,0.000752374541260979,0.0,0.0,0.02715317471006847,103
35.800000000000004,0.028336165415130385,0.006365547432283972,0.0007524785044233582,0.0,0.0,0.02714827289808627,103
35.82,0.028333348831793316,0.006363961219126524,0.0007525811153141152,0.0,0.0,0.027143287205000456,103
35.84,0.028330394945478617,0.006362309319857746,0.000752682143518385,0.0,0.0,0.02713821668487748,103
35.86,0.02832730126875208,0.006360592278499421,0.0007527893028491514,0.0,0.0,0.027133060400709428,103
35.88,0.02832406523561688,0.006358810637295219,0.0007529232813904783,0.0,0.0,0.027127817393234645,103
35.9,0.028320684167165898,0.0063569649424369806,0.0007530556868223972,0.0,0.0,0.027122486649001028,103
35.92,0.028317155237817804,0.006355055741053382,0.0007531865234567018,0.0,0.0,0.027117067069119455,103
35.94,0.02831347544362939,0.006353083583189244,0.0007533157953670085,0.0,0.0,0.027111557440204534,103
35.96,0.028309641574154942,0.0063510490198571065,0.0007534435063977206,0.0,0.0,0.02710595640897865,103
35.980000000000004,0.02830565018922286,0.0063489525998568,0.0007535696601745406,0.0,0.0,0.02710026246191455,103
36.0,0.028301497601821275,0.006346794875336777,0.0007536942601162528,0.0,0.0,0.027094473911113057,103
36.02,0.02829717986803145,0.006344958617069521,0.0007538173094475051,0.0,0.0,0.027088588887359863,103
36.04,0.028292692784632607,0.006344952389796283,0.0007539388112123329,0.0,0.0,0.02708260534098964,103
36.06,0.02828803189464145,0.006344870729022429,0.0007540587682881881,0.0,0.0,0.027076521050825128,103
36.08,0.028283192500666902,0.006344713992232193,0.0007541771834002503,0.0,0.0,0.027070333641075865,103
36.1,0.028278169685582298,0.006344482552615515,0.0007542940688628496,0.0,0.0,0.027064040605701813,103
36.12,0.028272958339669658,0.0063441768049200395,0.0007544094381819237,0.0,0.0,0.027057639339399045,103
36.14,0.028267553193099662,0.006343797162878372,0.0007545233133397305,0.0,0.0,0.027051127174072234,103
36.160000000000004,0.02826194885239606,0.006343344060543292,0.00075463567944247,0.0,0.0,0.027044501419442386,103
36.18,0.028256139839407068,0.00634281795471531,0.0007547465161477225,0.0,0.0,0.02703775940631023,103
36.2,0.028250120631273926,0.006342219322197556,0.0007548558304594118,0.0,0.0,0.027030898530961047,103
36.22,0.028243898647156374,0.006341548661107683,0.0007549636232800215,0.0,0.0,0.027023916299250498,103
36.24,0.02823781381940043,0.006340806491631584,0.0007550698929751828,0.0,0.0,0.027016810369042035,103
36.26,0.028232928383843305,0.00633999335256043,0.0007551752301462014,0.0,0.0,0.02700957858985686,103
36.28,0.02822786967332822,0.00633910980473228,0.0007552793658383114,0.0,0.0,0.02700221903882789,103
36.300000000000004,0.02822263472214505,0.006338156424538416,0.0007553819817130412,0.0,0.0,0.02699473005229711,103
36.32,0.02821722080725844,0.006337133806727911,0.0007554830796046488,0.0,0.0,0.026987110252644223,103
36.34,0.028211625468361808,0.00633604256236548,0.0007555826613398296,0.0,0.0,0.026979358570163748,103
36.36,0.028205846522911117,0.006334883317927462,0.0007556807287427269,0.0,0.0,0.02697147426001083,103
36.38,0.02819988207631958,0.006333656711615936,0.0007557772836393856,0.0,0.0,0.026963456914400094,103
36.4,0.02819373052761933,0.006332363395209855,0.0007558723278617708,0.0,0.0,0.026955306470367556,103
36.42,0.028187390570982226,0.006331004025980849,0.0007559658632514887,0.0,0.0,0.026947023213491867,103
36.44,0.02818086119354105,0.00632957926916821,0.0007560578916633259,0.0,0.0,0.026938607778020096,103
36.46,0.028174141669969285,0.0063280897983427325,0.0007561484153187926,0.0,0.0,0.026930061143860887,104
36.480000000000004,0.028167231554268667,0.0063265362919956904,0.0007562374380893961,0.0,0.0,0.026921384630898867,104
36.5,0.028160130669184717,0.006324919433262676,0.0007563252065388323,0.0,0.0,0.026912579891055218,104
36.52,0.028152839093626078,0.006323239905130743,0.0007564115389745662,0.0,0.0,0.02690364889847508,104
36.54,0.028145357148409583,0.006321498391587327,0.0007564963845793895,0.0,0.0,0.026894593938169092,104
36.56,0.02813768538059474,0.006319695574919687,0.0007565797454568694,0.0,0.0,0.026885417593377328,104
36.58,0.028129824546609707,0.006317832136048035,0.000756661623750668,0.0,0.0,0.026876122731862927,104
36.6,0.028121775594312337,0.006315908814157978,0.0007567420216507784,0.0,0.0,0.026866712491283827,104
36.62,0.028113539644072854,0.006313926255295029,0.000756820941400473,0.0,0.0,0.026857190263733434,104
36.64,0.028105117968914003,0.006311885087675665,0.0007568983907090971,0.0,0.0,0.02684755967949055,104
36.660000000000004,0.028096511973699716,0.0063097859707056635,0.0007569743715181863,0.0,0.0,0.026837824589972883,104
36.68,0.028087723173325727,0.006307629556213971,0.0007570488814888308,0.0,0.0,0.026827989049850703,104
36.7,0.0280787531698368,0.006305416488903179,0.0007571219231611445,0.0,0.0,0.02681805729824719,104
36.72,0.028069603628376197,0.006303147403383142,0.0007571934991757586,0.0,0.0,0.026808033738931928,104
36.74,0.028060276251863123,0.006300822923302644,0.0007572636122859352,0.0,0.0,0.026797922919402754,104
36.76,0.028050778203127246,0.006298443661579405,0.000757332265526708,0.0,0.0,0.026787729508752925,104
36.78,0.028041114639553284,0.006296010221514205,0.0007573994704875793,0.0,0.0,0.026777458274232807,104
36.800000000000004,0.028031278376873872,0.006293523195609907,0.0007574652222587143,0.0,0.0,0.02676711405644233,105
36.82,0.02802127098774632,0.0062909831650451034,0.0007575295235934831,0.0,0.0,0.02675670174313038,105
36.84,0.028011507562934752,0.006288390698227429,0.0007575923780135521,0.0,0.0,0.02674622624163312,105
36.86,0.02800306669986746,0.006285746352633565,0.00075765378923886,0.0,0.0,0.026735692450052778,105
36.88,0.027994522938711505,0.006283050675795532,0.0007577137612021212,0.0,0.0,0.026725105227362395,105
36.9,0.027985879636119107,0.006280304200670741,0.0007577722980625236,0.0,0.0,0.02671446936271788,105
36.92,0.02797713999866457,0.006277507449517677,0.0007578294042181772,0.0,0.0,0.026703789544363307,105
36.94,0.02796830704972494,0.0062747297009404,0.0007578850843168117,0.0,0.0,0.026693070328624394,105
36.96,0.0279594052937329,0.0062719262430984985,0.000757939343264212,0.0,0.0,0.02668231610959159,105
36.980000000000004,0.027950418109037884,0.006269073543566975,0.0007579921862298497,0.0,0.0,0.0266715310901908,105
37.0,0.027941345329070336,0.006266172086447503,0.0007580436186492068,0.0,0.0,0.026660719255417936,105
37.02,0.027932188935803376,0.006263222346724889,0.0007580936558688434,0.0,0.0,0.026649884348562528,105
37.04,0.027922950586116248,0.006260224790553741,0.0007581423707503534,0.0,0.0,0.026639029851256723,105
37.06,0.02791363159370256,0.0062571798762106985,0.0007581896973376419,0.0,0.0,0.026628412110791304,105
37.08,0.02790423291620534,0.006254088054570784,0.0007582356468325839,0.0,0.0,0.026617987037124535,105
37.1,0.027894755148155505,0.006250949770712746,0.0007582802226393749,0.0,0.0,0.026607550586299704,105
37.12,0.02788519852009825,0.006247765464439537,0.0007583234379547323,0.0,0.0,0.026597105096120458,105
37.14,0.02787556290405806,0.006244535573402552,0.0007583652922582119,0.0,0.0,0.0265866526243152,105
37.160000000000004,0.027865847825225845,0.006241260526124228,0.0007584057886502411,0.0,0.0,0.026576194963560104,105
37.18,0.027856052479469998,0.006237940750274145,0.0007584449343840614,0.0,0.0,0.026565733662428447,105
37.2,0.027846175755993786,0.006234576671382126,0.0007584827384150331,0.0,0.0,0.02655527005158065,105
37.22,0.027836367330167516,0.006231168713166624,0.0007585192165787477,0.0,0.0,0.02654480527425167,105
37.24,0.02782681221235515,0.006227717298080432,0.000758556740123384,0.0,0.0,0.026534340319875897,105
37.26,0.027818905447843618,0.0062242228477677655,0.0007586281578208789,0.0,0.0,0.026523876059530133,105
37.28,0.02781107833421831,0.006220685783897973,0.000758698412612377,0.0,0.0,0.026513483868588806,105
37.300000000000004,0.02780322311744043,0.006217106527651402,0.0007587673313134757,0.0,0.0,0.0265034793620884,105
37.32,0.027795339827649174,0.006213485499384328,0.0007588677106074881,0.0,0.0,0.026493477270892355,105
37.34,0.027787428492088328,0.00620982312110975,0.0007589713127124486,0.0,0.0,0.026483478334029628,105
37.36,0.027779489158718796,0.006206119813047286,0.0007590735539719251,0.0,0.0,0.026473483328112647,106
37.38,0.027771521914237027,0.006202375996061554,0.0007591744398870027,0.0,0.0,0.026463493085788718,106
37.4,0.02776352689588475,0.006198592092392091,0.0007592739757437747,0.0,0.0,0.026453508507979256,106
37.42,0.027755504296697976,0.006194768522181654,0.0007593721666008209,0.0,0.0,0.026443530569553477,106
37.44,0.027747454364108512,0.006190905704537364,0.0007594690435248558,0.0,0.0,0.02643356031834871,106
37.46,0.02773937739207079,0.006187004070874343,0.0007595645899411435,0.0,0.0,0.026423598867709057,106
37.480000000000004,0.0277312737071308,0.006183064026024201,0.0007596588050342084,0.0,0.0,0.026413647382958615,106
37.5,0.02772338801775539,0.006179085983415651,0.0007597516928734189,0.0,0.0,0.02640370706244877,106
37.52,0.027715717752346804,0.006175177001926606,0.0007598432572757506,0.0,0.0,0.026393779114016185,106
37.54,0.027708021105547175,0.006171245187122632,0.0007599335018058825,0.0,0.0,0.026383864727853937,106
37.56,0.02770029830033382,0.006167276516123173,0.0007600224297773061,0.0,0.0,0.026373965046926625,106
37.58,0.027692549460322218,0.006163271394386109,0.0007601100442541473,0.0,0.0,0.0263640811361492,106
37.6,0.027684774578589616,0.006159230223613063,0.0007601963606260602,0.0,0.0,0.026354213951589028,106
37.62,0.027676973487764277,0.006155153410021581,0.0007602814581487798,0.0,0.0,0.02634436431093994,106
37.64,0.027669145832555815,0.006151041340674258,0.000760365877900313,0.0,0.0,0.026334532866449403,106
37.660000000000004,0.027661291045774833,0.006146894402893321,0.0007604490055796783,0.0,0.0,0.026324720081353517,106
37.68,0.027653408328706868,0.006142712980641733,0.0007605308437785232,0.0,0.0,0.026314926210692455,106
37.7,0.027645496636470326,0.006138497452545635,0.0007606113946471237,0.0,0.0,0.026305151287144134,106
37.72,0.027637554668712074,0.006134248193726187,0.0007606906875689264,0.0,0.0,0.026295445811731214,106
37.74,0.027629580865692324,0.006129965573215471,0.0007607686948461244,0.0,0.0,0.02628609310064789,106
37.76,0.027621573409501755,0.006126139665173893,0.0007608454333553994,0.0,0.0,0.02627701645216559,106
37.78,0.02761353022985959,0.006123286882116633,0.0007609471537116343,0.0,0.0,0.026268075015673607,106
37.800000000000004,0.027605449013683916,0.006120398380525542,0.0007610580770730731,0.0,0.0,0.026259148388775903,106
37.82,0.027597327217425773,0.0061174744903103795,0.000761167690469842,0.0,0.0,0.026250235262151863,106
37.84,0.027589162081032,0.006114515536582563,0.0007612994174566064,0.0,0.0,0.02624133413882717,106
37.86,0.027580950642360276,0.006111521839720203,0.000761432090600424,0.0,0.0,0.026232443349641577,106
37.88,0.02757268975091542,0.00610849371689845,0.0007615634000198285,0.0,0.0,0.026223561068139705,106
37.9,0.027564376079907516,0.006105431478623599,0.000761693344845207,0.0,0.0,0.02621468532388803,106
37.92,0.027556006135835663,0.0061023700641025,0.0007618219237505286,0.0,0.0,0.026205814013423104,106
37.94,0.027547576265063888,0.006100644001145999,0.0007619491349216143,0.0,0.0,0.026197099674756457,106
37.96,0.027539082657153467,0.0060990510610872605,0.0007620749760274488,0.0,0.0,0.026188593416418382,106
37.980000000000004,0.02753052134502855,0.00609742135762094,0.0007621994441962281,0.0,0.0,0.026180084138508645,106
38.0,0.027521888202354485,0.006095755166116171,0.0007623225359978528,0.0,0.0,0.026171569255900366,106
38.02,0.027513178938778624,0.0060940527590108,0.0007624442474345639,0.0,0.0,0.02616304606153632,106
38.04,0.027504389093903035,0.0060923144061368175,0.0007625645739412848,0.0,0.0,0.026154511722376966,106
38.06,0.027495514031010547,0.0060905403750724455,0.000762683510396981,0.0,0.0,0.02614596327519704,106
38.08,0.02748654893163988,0.006088730931516456,0.0007628010511480187,0.0,0.0,0.026137701354944882,106
38.1,0.027477709744381153,0.0060868863396789305,0.0007629171900440666,0.0,0.0,0.02612956330424202,106
38.12,0.02746899117614819,0.00608500686268143,0.0007630319204866048,0.0,0.0,0.026121672823630256,106
38.14,0.027460166446924054,0.006083092762958403,0.0007631452354895158,0.0,0.0,0.02611386244155731,106
38.160000000000004,0.02745123000997981,0.0060811443026509305,0.0007632571421432745,0.0,0.0,0.02610602019340982,106
38.18,0.027442176155926486,0.006079161743983463,0.0007633676263744959,0.0,0.0,0.026098142369238693,106
38.2,0.02743299902978771,0.006077145350009433,0.0007634766725500808,0.0,0.0,0.02609022517682422,106
38.22,0.027423692652587105,0.006075095384977779,0.0007635842728996501,0.0,0.0,0.026082264766131406,106
38.24,0.02741425094693283,0.006073012112076203,0.0007636904196959486,0.0,0.0,0.026074257257881518,106
38.26,0.027404667765852184,0.006070895796970667,0.0007637951053508501,0.0,0.0,0.026066198775499663,106
38.28,0.027394936923957246,0.006068746706730755,0.0007638983228476662,0.0,0.0,0.02605808547952617,106
38.300000000000004,0.027385052229915184,0.00606656510993299,0.0007640000871129426,0.0,0.0,0.02604991360347287,106
38.32,0.02737500751916008,0.006064351276701382,0.0007641003972437348,0.0,0.0,0.026041679490067794,106
38.34,0.02736496905492166,0.006062105478684791,0.0007641992189501539,0.0,0.0,0.026033379626860243,106
38.36,0.027355034783499998,0.006059827990457675,0.0007642965465972828,0.0,0.0,0.0260251108630586,106
38.38,0.027344922001750396,0.006057519095604175,0.0007643923751307228,0.0,0.0,0.026017047330721514,106
38.4,0.02733462495074149,0.006055179065813309,0.0007644867001144098,0.0,0.0,0.026008908264136262,106
38.42,0.02732456598598395,0.006052808171099108,0.0007645795177571095,0.0,0.0,0.026000691043601108,106
38.44,0.027314667063055856,0.006051197570761852,0.000764670824928171,0.0,0.0,0.025992393334768733,107
38.46,0.027304701879813934,0.006050300902080326,0.0007647606191633426,0.0,0.0,0.025984013105963495,107
38.480000000000004,0.027294529972830727,0.006049370090336429,0.0007648488986617069,0.0,0.0,0.025975548641592128,107
38.5,0.027284148227433715,0.006048405399874558,0.0007649356622749102,0.0,0.0,0.025966998551804104,107
38.52,0.027273973407450705,0.00604740709526297,0.0007650209094899337,0.0,0.0,0.025958361778657384,107
38.54,0.027263577471785067,0.006047044448307064,0.0007651046453278369,0.0,0.0,0.025949637599117645,107
38.56,0.027252956200789123,0.006047328360408076,0.0007651868694227907,0.0,0.0,0.025940825625265056,107
38.58,0.027242105563862813,0.006047569646167122,0.0007652675791892736,0.0,0.0,0.025931925802104946,107
38.6,0.02723102170933466,0.006047768605604569,0.000765346776396147,0.0,0.0,0.025922938403380842,107
38.62,0.027219700952595367,0.006047925541123217,0.0007654244633059204,0.0,0.0,0.025913864025775495,107
38.64,0.027209227148357166,0.006048040756649447,0.00076553162028877,0.0,0.0,0.02590470358185913,107
38.660000000000004,0.027199340580608602,0.006048114556796773,0.0007656399762549768,0.0,0.0,0.025895458292111095,107
38.68,0.027189273796504685,0.006048624723779649,0.0007657468082247122,0.0,0.0,0.025886129676301196,107
38.7,0.027179026253359443,0.0060497656772229395,0.0007658521547194573,0.0,0.0,0.025876719544475298,107
38.72,0.027168679167467746,0.006050858723224961,0.0007659560880802762,0.0,0.0,0.02586722998774731,107
38.74,0.02715850638195233,0.006051904238469903,0.0007660585111775595,0.0,0.0,0.02585766336905701,107
38.76,0.027148151818715945,0.006052902596058995,0.0007661594296569134,0.0,0.0,0.025848022314013633,107
38.78,0.02713815088975373,0.006053854164819069,0.0007662588474006549,0.0,0.0,0.025838384675187936,107
38.800000000000004,0.027128472545528887,0.006054759308648393,0.0007663774726051983,0.0,0.0,0.025828983292862047,107
38.82,0.027118635812302203,0.006055618385898939,0.0007665104172532147,0.0,0.0,0.02581951642168569,107
38.84,0.0271086419025404,0.006056431748794037,0.0007666418395956405,0.0,0.0,0.025810298724125134,107
38.86,0.027098492165447005,0.006057199742880456,0.0007667718612298849,0.0,0.0,0.025801085523946856,107
38.88,0.02708818807535541,0.006057922706513942,0.0007669004347096532,0.0,0.0,0.02579181783716586,107
38.9,0.027077731219973276,0.006058600970377409,0.0007670275107004978,0.0,0.0,0.025782499888064872,107
38.92,0.027067123288360473,0.006059234857031175,0.0007671530910936639,0.0,0.0,0.02577313609647574,107
38.94,0.02705636605850427,0.006059824680494858,0.0007672771814019248,0.0,0.0,0.02576373106937478,107
38.96,0.02704546138433888,0.006060370745860927,0.0007673997971228172,0.0,0.0,0.025754289592091938,107
38.980000000000004,0.027034411182043173,0.00606087334955144,0.0007675209361022786,0.0,0.0,0.025744816618970833,107
39.0,0.02702321741543949,0.006061332777584914,0.0007676407026189761,0.0,0.0,0.025735317263304424,107
39.02,0.027011882080309572,0.006061776991537785,0.0007677592545701095,0.0,0.0,0.02572579678636297,108
39.04,0.027000407187441882,0.006062181130460728,0.0007678764727569887,0.0,0.0,0.025716260585327572,108
39.06,0.02698879474422861,0.0060625428527608625,0.0007679932044953968,0.0,0.0,0.02570671417994442,108
39.08,0.026977056116602522,0.006062862403714053,0.0007681085177369401,0.0,0.0,0.025697163197723322,108
39.1,0.026965188750799347,0.006063140017923914,0.0007682224120474174,0.0,0.0,0.025687613357522596,108
39.12,0.026953189705222327,0.006063375919232538,0.0007683348999193525,0.0,0.0,0.0256780704513889,108
39.14,0.02694106075554249,0.006063570321678389,0.0007684459855622959,0.0,0.0,0.025668540324560722,108
39.160000000000004,0.02692880355524684,0.006063723427141024,0.0007685556761691476,0.0,0.0,0.02565902885359655,108
39.18,0.026917797547396538,0.0060638354265184985,0.0007686639800184866,0.0,0.0,0.025649541922655707,108
39.2,0.026907309906579944,0.006064395941244354,0.000768770905559648,0.0,0.0,0.02564026150525888,108
39.22,0.02689676880039505,0.0060664992255004616,0.0007688764614184763,0.0,0.0,0.02563121365648702,108
39.24,0.026886881390964675,0.006068555535300049,0.0007689806564029676,0.0,0.0,0.025622207353741783,108
39.26,0.02687712406358385,0.006070564984759601,0.000769083499508553,0.0,0.0,0.02561324824333883,108
39.28,0.0268673226682199,0.006072527677581784,0.0007691849999227721,0.0,0.0,0.025604341840310234,108
39.300000000000004,0.026857480295106526,0.006074443708984149,0.0007692851670290913,0.0,0.0,0.02559549349959667,108
39.32,0.026847599775967332,0.006076313166833474,0.0007693840104095969,0.0,0.0,0.025586708388441813,108
39.34,0.026837683655678277,0.006078136131642252,0.0007694815416305921,0.0,0.0,0.02557799146084567,108
39.36,0.026827734166761635,0.006079931016463937,0.0007695777855535464,0.0,0.0,0.025569347434982136,108
39.38,0.026817829414053314,0.006082070253351156,0.0007696727358379397,0.0,0.0,0.02556078077449258,108
39.4,0.026809162916295384,0.006085387383293092,0.000769766402865999,0.0,0.0,0.025552295674520012,108
39.42,0.02680119981132922,0.006088653759850325,0.00076985879720835,0.0,0.0,0.02554389605324167,108
39.44,0.026793253579891093,0.006091869428890356,0.0007699499296161136,0.0,0.0,0.025535585549491386,108
39.46,0.026785325868894136,0.0060950344305596834,0.0007700398110111112,0.0,0.0,0.025527367526837708,109
39.480000000000004,0.026777418005808,0.0060981488034790735,0.000770128452474359,0.0,0.0,0.02551924508421203,109
39.5,0.026769531013336793,0.006101212583787129,0.0007702158652330778,0.0,0.0,0.025511221072874315,109
39.52,0.026761665629785807,0.006104225805837212,0.0007703020806120012,0.0,0.0,0.025503298119185537,109
39.54,0.026753822334270046,0.006107188502833474,0.0007704132533133515,0.0,0.0,0.02549547865234619,109
39.56,0.026746001375639195,0.006110100707392922,0.0007705248233540601,0.0,0.0,0.02548776493598282,109
39.58,0.026738202803772097,0.006112992510737268,0.0007706351736969896,0.0,0.0,0.02548015910224289,109
39.6,0.0267304265017416,0.006115834297955932,0.0007707443309539962,0.0,0.0,0.02547266318690699,109
39.62,0.02672267221728412,0.006118625649409537,0.0007708523097282694,0.0,0.0,0.025465397229222787,109
39.64,0.02671493959202881,0.006121366600316334,0.000770959103162578,0.0,0.0,0.025458569345772772,109
39.660000000000004,0.026707450486498214,0.006124057184336286,0.0007710647987915032,0.0,0.0,0.025451856726481516,109
39.68,0.026700209774444348,0.006126697438614176,0.0007711696433335562,0.0,0.0,0.025445261339186002,109
39.7,0.02669299408021233,0.006129287398180765,0.0007712758989061825,0.0,0.0,0.025438785194165647,109
39.72,0.026685797495753595,0.006132095072354045,0.0007713949849667963,0.0,0.0,0.025432430356205724,109
39.74,0.026678619403836305,0.006135472340491782,0.0007715129454182719,0.0,0.0,0.025426198949858557,109
39.76,0.026671459145044416,0.006138791137478001,0.000771629792447741,0.0,0.0,0.025420093157880526,109
39.78,0.026664316005026424,0.006142051403591427,0.0007717455435942605,0.0,0.0,0.025414115213163148,109
39.800000000000004,0.02665718919563786,0.006147315755916654,0.000771860208667,0.0,0.0,0.02540826738479962,109
39.82,0.02665007783089979,0.006152774421097877,0.0007719737977165528,0.0,0.0,0.025402551959218072,109
39.84,0.02664298089894326,0.006158166571914039,0.0007720968704336154,0.0,0.0,0.025396971217560464,109
39.86,0.026635897231303,0.006163492062216775,0.0007722195406567148,0.0,0.0,0.025391527410678225,109
39.88,0.026628825471050964,0.006168750745101103,0.0007723411968104854,0.0,0.0,0.025386222733242196,109
39.9,0.026621764041315783,0.0061739424731120755,0.0007724618429863001,0.0,0.0,0.02538105929851888,109
39.92,0.0266147111157101,0.006179067098499033,0.0007725814720890508,0.0,0.0,0.025376039115339345,109
39.94,0.026607665409738294,0.006184124473510343,0.0007727000952297172,0.0,0.0,0.025371164068679473,109
39.96,0.0266006359375282,0.006189114450718112,0.0007728177260329188,0.0,0.0,0.025366435905082554,109
39.980000000000004,0.02659360780948651,0.006194036883359515,0.0007729343797801443,0.0,0.0,0.025361856223895304,109
40.0,0.026586577988934438,0.006198891625679207,0.000773050059034738,0.0,0.0,0.02535742647496851,109
40.02,0.02657954311204597,0.006203678533255758,0.0007731647735651965,0.0,0.0,0.02535314796311567,109
40.04,0.02657249949072624,0.006208397467727012,0.0007732785327308611,0.0,0.0,0.02534902185924873,109
40.06,0.02656544312145514,0.006213048289146621,0.000773391364425021,0.0,0.0,0.025345049217749546,109
40.08,0.026559353651352414,0.0062176308545211475,0.0007735032746001273,0.0,0.0,0.025341230999313052,109
40.1,0.026554484732028084,0.00622214502581508,0.0007736142629922079,0.0,0.0,0.025337568098241052,109
40.12,0.026549643593790303,0.006226590668426606,0.0007737243898153448,0.0,0.0,0.02533406137298923,109
40.14,0.026544827102615416,0.00623096764979732,0.0007738336039684007,0.0,0.0,0.02533071167868749,109
40.160000000000004,0.026540044672590746,0.006235275839209534,0.0007739419084970017,0.0,0.0,0.02532751990036498,109
40.18,0.02653528062313735,0.006239515107477333,0.0007740493116977928,0.0,0.0,0.025324486985709504,109
40.2,0.026530531167713377,0.006243685326533277,0.0007741558277491555,0.0,0.0,0.02532161397636013,109
40.22,0.026525792781451018,0.006247786368915522,0.0007742614496541164,0.0,0.0,0.025318902036951564,109
40.24,0.026521061895293487,0.006251818107162536,0.0007743661812074625,0.0,0.0,0.025316352481375006,109
40.26,0.026516334911581587,0.006255780413124406,0.0007744700255986943,0.0,0.0,0.02531396679596798,109
40.28,0.02651287088131529,0.006259673157201041,0.0007745729886238506,0.0,0.0,0.02531174665957339,109
40.300000000000004,0.026509900305396742,0.006263496207518155,0.000774675079701902,0.0,0.0,0.025309693960598074,109
40.32,0.02650697800465687,0.0062672494290523205,0.0007747762895352679,0.0,0.0,0.025307810811339728,109
40.34,0.026504102332414896,0.006270932683961361,0.0007748766189718815,0.0,0.0,0.025306099559932235,109
40.36,0.026501271729498697,0.006274545832249516,0.0007749760687123937,0.0,0.0,0.025304562800280997,109
40.38,0.026498484727895726,0.006278088718531949,0.0007750834272729203,0.0,0.0,0.02530320338032679,109
40.4,0.026496674230963337,0.006281561185794209,0.000775190404065705,0.0,0.0,0.025302024408894164,109
40.42,0.0264963535391597,0.006284963069099969,0.0007752964889209728,0.0,0.0,0.0253010292612623,109
40.44,0.02649616028342035,0.006288294194622122,0.0007754216411019427,0.0,0.0,0.02530022158345254,109
40.46,0.02649609678898299,0.006291554378688366,0.0007755507943235049,0.0,0.0,0.025299605295070953,109
40.480000000000004,0.026496165602636484,0.006294743426849106,0.0007756790040775251,0.0,0.0,0.02529918459038961,109
40.5,0.026496369489731997,0.0062978611329756705,0.0007758062668482197,0.0,0.0,0.025298963937207337,109
40.52,0.026496711428269416,0.006300907279162312,0.0007759325792242307,0.0,0.0,0.02529894807290887,109
40.54,0.026497194599376408,0.0063038816334183255,0.0007760579465564441,0.0,0.0,0.025299141997048455,109
40.56,0.026497822373438853,0.006306783948798628,0.0007761860777340193,0.0,0.0,0.025299550959724474,109
40.58,0.02649859829111811,0.006309613964357186,0.0007763468520882566,0.0,0.0,0.02530018044498859,109
40.6,0.026499526038505968,0.006312371404701579,0.000776506646304405,0.0,0.0,0.025301036148547562,109
40.62,0.026500609415718895,0.006315055976845052,0.0007766742956214646,0.0,0.0,0.025302123949066276,109
40.64,0.026501852298320982,0.006317667389031766,0.0007768594299518756,0.0,0.0,0.0253034498724679,109
40.660000000000004,0.02650325859108404,0.006320205298879346,0.0007770435079630034,0.0,0.0,0.025305020048745294,109
40.68,0.026504832173744754,0.006322675065518317,0.0007772265228031503,0.0,0.0,0.025306840660948744,109
40.7,0.026506576838596634,0.0063251231426796235,0.0007774084674900693,0.0,0.0,0.025308917886191894,109
40.72,0.02650849621995972,0.006327496549464884,0.000777589358351772,0.0,0.0,0.02531125782872189,109
40.74,0.026510600236534756,0.006329794894611019,0.0007777692356080954,0.0,0.0,0.025313866445324292,109
40.76,0.026512891836310535,0.006332018000885787,0.0007779480446390233,0.0,0.0,0.025316749463579546,109
40.78,0.026515367342538447,0.006334165274269871,0.0007781258005920888,0.0,0.0,0.025319912293746766,110
40.800000000000004,0.02651802890481509,0.006336236224482097,0.0007783024432032121,0.0,0.0,0.025323447518613953,110
40.82,0.02652087805862003,0.006338230404214875,0.0007784779582065027,0.0,0.0,0.025327554242562635,110
40.84,0.026523915620762978,0.006340147355504307,0.0007786613274930907,0.0,0.0,0.025331953727441812,110
40.86,0.02652795955039052,0.006342179055651444,0.000778858139605493,0.0,0.0,0.02533664914868933,110
40.88,0.0265331060415795,0.0063456009158368645,0.0007790537411342551,0.0,0.0,0.02534164287438628,110
40.9,0.026538492340142612,0.00634893650828977,0.0007792481060260154,0.0,0.0,0.025347212697180058,110
40.92,0.026544117302504402,0.006352185443283724,0.0007794412176392236,0.0,0.0,0.025353357004385815,110
40.94,0.026549978658226624,0.006355347330509757,0.0007796330648889272,0.0,0.0,0.025359800171359817,110
40.96,0.026556579114109358,0.006358421782182755,0.0007798236549848803,0.0,0.0,0.02536654045960181,110
40.980000000000004,0.026563459221226146,0.0063614227020865385,0.000780012936378981,0.0,0.0,0.02537357493370325,110
41.0,0.026570560717994976,0.006364349119848837,0.0007802008933654359,0.0,0.0,0.025380899421064994,110
41.02,0.026577876254754905,0.006367186920137177,0.0007803884828886024,0.0,0.0,0.025388508489014486,110
41.04,0.026585397150529617,0.006369935759090877,0.0007805753788811535,0.0,0.0,0.02539639544076448,110
41.06,0.026593113406323584,0.006372595312465484,0.0007807609031450358,0.0,0.0,0.025404552331173086,110
41.08,0.026601013738632592,0.006375165278983131,0.0007809450182989397,0.0,0.0,0.025412970002717576,110
41.1,0.02660908563298698,0.00637764538388253,0.0007811277025741622,0.0,0.0,0.025421906850017877,110
41.12,0.026617315416732276,0.006380035381935765,0.0007813089344568387,0.0,0.0,0.02543136001588648,110
41.14,0.026625688349648822,0.006382335057760388,0.0007814886928754867,0.0,0.0,0.02544103910274452,110
41.160000000000004,0.026634188730452896,0.006384544231255213,0.0007816669573827195,0.0,0.0,0.0254509308490752,110
41.18,0.026642800016732866,0.006386662758414311,0.0007818437137505449,0.0,0.0,0.025461021236832068,110
41.2,0.026651992568741588,0.006388690532886109,0.0007820201909136918,0.0,0.0,0.025471295624587102,110
41.22,0.026661327780364882,0.006390634670123605,0.0007822022475906421,0.0,0.0,0.025481738888249516,110
41.24,0.02667103342705456,0.006392515451429712,0.0007824061540891614,0.0,0.0,0.025492335566113314,110
41.26,0.026681494438812844,0.006394319743392032,0.0007826088438536206,0.0,0.0,0.025503070004967033,110
41.28,0.026692294297323466,0.006396078701937048,0.0007828098854316095,0.0,0.0,0.0255139265040967,110
41.300000000000004,0.02670386664213615,0.0063977467226811364,0.0007830092450917867,0.0,0.0,0.025524889454219046,111
41.32,0.02671547350414914,0.006399334037484057,0.0007832069118498338,0.0,0.0,0.02553594346867975,111
41.34,0.02672751868816559,0.006400848200642468,0.0007834028765463906,0.0,0.0,0.025547073504618937,111
41.36,0.026739558690400254,0.006402271872147143,0.0007835971482196346,0.0,0.0,0.025558264972222362,111
41.38,0.026751577345051316,0.006403605286392275,0.0007837897038983756,0.0,0.0,0.025569503830617745,111
41.4,0.02676355904686263,0.006404848709865712,0.0007839805377376129,0.0,0.0,0.025580776669421965,111
41.42,0.026775488814875903,0.006406002438326151,0.000784197698006593,0.0,0.0,0.025592070775379602,111
41.44,0.026787352340852506,0.0064070667975684,0.0007844233389370903,0.0,0.0,0.02560337418393994,111
41.46,0.026799136022575745,0.006408042142411033,0.0007846472307230259,0.0,0.0,0.025614675715990985,111
41.480000000000004,0.02681082698257337,0.006408928832213069,0.0007848693744954993,0.0,0.0,0.025625965000295688,111
41.5,0.02682241307308329,0.0064097272579805254,0.0007850898069609893,0.0,0.0,0.02563723248245684,111
41.52,0.02683388286832059,0.006410437829131624,0.0007853085076013821,0.0,0.0,0.025648469421470865,111
41.54,0.02684522564529391,0.006411060971430599,0.0007855254692968333,0.0,0.0,0.025659667875119658,111
41.56,0.02685643135456803,0.00641159712503097,0.0007857406973320425,0.0,0.0,0.025670820675598133,111
41.58,0.026867490582479923,0.006412046742645722,0.000785954198073975,0.0,0.0,0.02568192139688503,111
41.6,0.02687839450639252,0.006412410288104339,0.0007861659822582214,0.0,0.0,0.025692964315441883,111
41.62,0.026889134844616955,0.006412688242354708,0.0007863760642153824,0.0,0.0,0.025703944365871537,111
41.64,0.02689970380265203,0.0064128810780131875,0.0007865844439074322,0.0,0.0,0.025714857093186154,111
41.660000000000004,0.026910094017379385,0.0064129892826332215,0.0007867911314489567,0.0,0.0,0.025725698603324472,112
41.68,0.026920298500813965,0.006413013349388498,0.0007869961377961581,0.0,0.0,0.025736465513519442,112
41.7,0.026930310584939932,0.006412953776133302,0.0007871994914021038,0.0,0.0,0.02574715490404789,112
41.72,0.02694012386905842,0.006412811065109624,0.0007874012074623613,0.0,0.0,0.025757764272789776,112
41.74,0.026949733904805914,0.006412606130533823,0.000787601285921896,0.0,0.0,0.025768479401003234,112
41.76,0.02695914390783876,0.006412325674591109,0.0007877997416365265,0.0,0.0,0.025779323943236777,112
41.78,0.02696833710404778,0.006411963535710599,0.0007879965807927493,0.0,0.0,0.02579008264499294,112
41.800000000000004,0.026977307727211314,0.006411520225401321,0.0007882052000894534,0.0,0.0,0.025800754317392188,112
41.82,0.026986050091180783,0.006410996257006189,0.0007884282229101873,0.0,0.0,0.025811433491866462,112
41.84,0.026994558572178796,0.006410392144627863,0.0007886496550686281,0.0,0.0,0.02582246614573912,112
41.86,0.027002836996916735,0.006409708409589086,0.000788869497252934,0.0,0.0,0.025833409063989288,112
41.88,0.027011249596944235,0.006408945563286143,0.0007890877374962722,0.0,0.0,0.025844262116395348,112
41.9,0.027020742802763238,0.006408104117682096,0.0007893043945116994,0.0,0.0,0.025855025449407456,112
41.92,0.027030033885474265,0.00640718458793898,0.0007895195759671572,0.0,0.0,0.02586569950245644,112
41.94,0.027039119437613397,0.006406187488632888,0.0007897334332100755,0.0,0.0,0.025876285028418794,112
41.96,0.02704799621427823,0.006405113333307886,0.0007899457833484151,0.0,0.0,0.02588678311712333,112
41.980000000000004,0.027057420747201237,0.006403962639184463,0.0007901566282100808,0.0,0.0,0.025897195220745916,112
42.0,0.027068022064856243,0.00640273606334592,0.000790365985719777,0.0,0.0,0.025907523179954244,112
42.02,0.027078994944539095,0.006401434023791408,0.0007905738958757534,0.0,0.0,0.025917901791414184,112
42.04,0.027089826891073608,0.006400056963074353,0.0007907803726609372,0.0,0.0,0.025928448101716864,112
42.06,0.02710051886906023,0.00639860538008878,0.0007909854209051392,0.0,0.0,0.02593891794021062,112
42.08,0.027111072233302034,0.0063970797693706895,0.0007911890558906505,0.0,0.0,0.025949482313233126,112
42.1,0.027121488741113375,0.006395480621623741,0.0007913912960113167,0.0,0.0,0.02596025556602037,112
42.12,0.0271317705607013,0.006393808417057396,0.0007915921594952465,0.0,0.0,0.025970964248453306,112
42.14,0.02714245428705149,0.006392063629245634,0.0007917916643794553,0.0,0.0,0.025981613517323105,112
42.160000000000004,0.027154496799360422,0.006390246723630717,0.0007919898284854614,0.0,0.0,0.025992209049566964,112
42.18,0.02716648251220537,0.006388358174305733,0.0007921866693949494,0.0,0.0,0.026002757041063206,112
42.2,0.027178417834252167,0.0063863984130330224,0.0007923822044246232,0.0,0.0,0.02601326420066522,112
42.22,0.027190309667638406,0.006384367868696358,0.0007925764524090372,0.0,0.0,0.026023737739369234,112
42.24,0.02720216539187868,0.006382268825301584,0.0007927694292864728,0.0,0.0,0.026034185354509746,112
42.26,0.027213992842663876,0.0063801309348498385,0.0007929611499408288,0.0,0.0,0.026044615208858667,112
42.28,0.027225800285398453,0.006377923426247472,0.000793151630330513,0.0,0.0,0.026055035904473816,114
42.300000000000004,0.027237845600157597,0.006375646678153005,0.0007933408859812766,0.0,0.0,0.026065456451104745,114
42.32,0.027250093737526376,0.006373301053949848,0.0007935289349020317,0.0,0.0,0.0260758862289251,114
42.34,0.027262374384807702,0.00637088689997202,0.0007937157890045598,0.0,0.0,0.026086334945326455,115
42.36,0.02727524698709364,0.006368404568245933,0.0007939067729672332,0.0,0.0,0.02609681258548316,115
42.38,0.027288144589691095,0.006365854412243555,0.0007940990493122676,0.0,0.0,0.0261073293563901,115
42.4,0.027301077157741577,0.0063632366613534715,0.0007942901755821006,0.0,0.0,0.02611789562408769,115
42.42,0.027314054733399994,0.006360578469103573,0.0007944876331007786,0.0,0.0,0.026128521843829376,115
42.44,0.0273270873583166,0.006357861418116911,0.0007946982943164608,0.0,0.0,0.026139218483019686,116
42.46,0.027340184988804177,0.006355077456065926,0.0007949078083952458,0.0,0.0,0.026149995936860904,116
42.480000000000004,0.02735366158517876,0.006352226803175237,0.0007951161645191509,0.0,0.0,0.026160950683737416,116
42.5,0.027367362516756706,0.006349309664524796,0.0007953233704080347,0.0,0.0,0.026172532184087445,116
42.52,0.027381458886875727,0.0063463262295397095,0.0007955294324631047,0.0,0.0,0.026184223325281693,116
42.54,0.027395949238701527,0.0063432766574796125,0.0007957343587636388,0.0,0.0,0.026196033232420327,117
42.56,0.02741054822308446,0.006340161099336454,0.0007959381789882801,0.0,0.0,0.02620797043800471,117
42.58,0.027425263132587106,0.006336979690795358,0.0007961408664011228,0.0,0.0,0.026220042763824596,117
42.6,0.027440100412396487,0.006333732557638886,0.000796342421059762,0.0,0.0,0.026232278899954185,117
42.62,0.02745506554093695,0.006330419811041136,0.000796543328806535,0.0,0.0,0.02624524386848507,117
42.64,0.02747035465773957,0.006327041542117227,0.0007967436682684643,0.0,0.0,0.02625836102590898,117
42.660000000000004,0.027486068429788513,0.006324170977699782,0.0007969428680680675,0.0,0.0,0.026271634176974267,117
42.68,0.02750191892358679,0.006322265349812828,0.0007971409180106369,0.0,0.0,0.02628506585072541,117
42.7,0.027517906658674762,0.006320286747749348,0.0007973378147155242,0.0,0.0,0.026298657210405793,117
42.72,0.027534030691116207,0.006318235103978549,0.0007975335468775257,0.0,0.0,0.0263124079774108,117
42.74,0.027550288553259132,0.006316110346947057,0.0007977281011823133,0.0,0.0,0.02632631637185041,117
42.76,0.02756667621231891,0.006313912394759777,0.0007979214594278163,0.0,0.0,0.026340379071956414,117
42.78,0.027583188049572372,0.006311641177153476,0.0007981135969704059,0.0,0.0,0.026354591194124824,117
42.800000000000004,0.027599816861404437,0.00630929663360116,0.0007983045013601239,0.0,0.0,0.026368946294837273,117
42.82,0.02761655388282431,0.006306878707459148,0.0007984941480007619,0.0,0.0,0.026383436395081703,117
42.84,0.027633388833405024,0.006304407694542768,0.0007986825082700887,0.0,0.0,0.02639805202722979,117
42.86,0.027650309984930035,0.006301875391564029,0.0007988695570237639,0.0,0.0,0.02641278230365898,117
42.88,0.027667304249394984,0.006299269560355924,0.0007990553160088984,0.0,0.0,0.02642761500577212,117
42.9,0.027684362179784087,0.006296590212659239,0.0007992397465426337,0.0,0.0,0.026442536691495544,117
42.92,0.027701469882842056,0.006293837380976123,0.0007994227859999399,0.0,0.0,0.02645753281885644,117
42.94,0.02771860445524768,0.006291011124454136,0.0007996044012753393,0.0,0.0,0.026472587882868652,117
42.96,0.027735748580308903,0.006288128145037035,0.0007997845737116694,0.0,0.0,0.02648768556270084,117
42.980000000000004,0.027752884245045344,0.00628518414352994,0.0007999633126319276,0.0,0.0,0.026502808875964318,117
43.0,0.027769992897017124,0.006282167018348356,0.0008001405354551657,0.0,0.0,0.02651794033693266,117
43.02,0.027787055601890147,0.006279076949193841,0.000800316212072608,0.0,0.0,0.026533062115580718,117
43.04,0.02780405319878316,0.006275914149020008,0.0008004903128533079,0.0,0.0,0.026548156194494427,117
43.06,0.027820966450679007,0.00627267886468058,0.0008006628090120345,0.0,0.0,0.02656320452093913,117
43.08,0.027837776187478278,0.006269371377268317,0.0008008336726418806,0.0,0.0,0.026578189151669707,117
43.1,0.02785446343961376,0.0062660425521383675,0.0008010028765236286,0.0,0.0,0.02659309238840585,117
43.12,0.027871009560516854,0.006264164074897835,0.0008011703949614655,0.0,0.0,0.026607896902267385,118
43.14,0.027887396336616903,0.006262765821592537,0.0008013362036489943,0.0,0.0,0.026622585845854578,118
43.160000000000004,0.027903606083950785,0.006261316378295562,0.0008015002797838814,0.0,0.0,0.02663714295205316,118
43.18,0.027919621730848772,0.006259803155002848,0.0008016626021569961,0.0,0.0,0.026651552619032792,118
43.2,0.02793542688653219,0.006258207834863004,0.0008018231652268863,0.0,0.0,0.02666579998127584,118
43.22,0.02795100589579806,0.006256527385869673,0.0008019820299492428,0.0,0.0,0.026679888644926243,118
43.24,0.02796635222542929,0.006254762446964685,0.0008021391016373006,0.0,0.0,0.02669429950016268,118
43.26,0.027981447564534953,0.006252935191429193,0.0008022943693993107,0.0,0.0,0.026708507690420484,118
43.28,0.02799627461129546,0.0062510292050848015,0.0008024478013430365,0.0,0.0,0.0267225017392808,118
43.300000000000004,0.028011294547831037,0.006249040765650426,0.000802599392567725,0.0,0.0,0.026736777021691364,118
43.32,0.02802614668009818,0.006246970628662456,0.0008027491361521538,0.0,0.0,0.02675128056616518,118
43.34,0.02804069491111044,0.0062448195724692365,0.0008028970156100296,0.0,0.0,0.02676553962008681,118
43.36,0.02805492925035997,0.006242590937676941,0.0008030430243802101,0.0,0.0,0.02677954626429942,118
43.38,0.028068840476591358,0.006240319806053166,0.0008031890056601419,0.0,0.0,0.02679329343129857,118
43.4,0.02808242010828974,0.006237970127216378,0.0008033668914454085,0.0,0.0,0.026806774879299007,118
43.42,0.02809566037047388,0.006235542745802941,0.000803542918493259,0.0,0.0,0.026819985162697093,118
43.44,0.028109293920020206,0.006233038518909142,0.0008037170854041216,0.0,0.0,0.02683291959987807,118
43.46,0.02812356261279504,0.006230458312876876,0.0008038893971772017,0.0,0.0,0.02684557423921177,118
43.480000000000004,0.028137528428919024,0.00622780300137053,0.0008040598539926758,0.0,0.0,0.026858247889048243,118
43.5,0.028151188150669037,0.006225073463561591,0.0008042284551163603,0.0,0.0,0.026870734740422276,118
43.52,0.028164592075928332,0.006222270583627961,0.0008043952011085931,0.0,0.0,0.026882933471128242,118
43.54,0.02817817640197526,0.006219395254671306,0.0008045600939563724,0.0,0.0,0.02689484269692209,118
43.56,0.028191447715097122,0.006216448360946915,0.0008047231385685778,0.0,0.0,0.026906461588375574,118
43.58,0.028204405010408752,0.0062134307801258466,0.0008048843526210246,0.0,0.0,0.02691778983780821,118
43.6,0.028217047752046035,0.006210343396162063,0.0008050437256271359,0.0,0.0,0.026928827627481895,118
43.62,0.028229375842037385,0.006207187089723226,0.0008052012624543295,0.0,0.0,0.026939575599177736,118
43.64,0.028241389590602205,0.006203962735207866,0.0008053569684877874,0.0,0.0,0.026950034825218773,118
43.660000000000004,0.02825308968789187,0.006200671202673872,0.0008055108494846892,0.0,0.0,0.026960206780956435,118
43.68,0.028264477177148094,0.006197339107958641,0.000805662911616515,0.0,0.0,0.026970093318697257,118
43.7,0.028275553429219016,0.006193943626169976,0.0008058131676528324,0.0,0.0,0.02697969664301218,118
43.72,0.028286320118344012,0.006190483483670487,0.0008059949075714778,0.0,0.0,0.02698901928734181,118
43.74,0.028296779199092986,0.006186959521194573,0.0008061793855728295,0.0,0.0,0.02699806409178519,118
43.76,0.028306932884324246,0.00618337256887611,0.0008063620540740109,0.0,0.0,0.027006834181938746,118
43.78,0.028316783624006803,0.006179723447379325,0.0008065429198272645,0.0,0.0,0.027015332948633397,118
43.800000000000004,0.028326334084736546,0.0061760129671074625,0.0008067219898470979,0.0,0.0,0.027023564028401788,118
43.82,0.028335587129762883,0.006172241925813719,0.0008068992713155082,0.0,0.0,0.02703153128449464,118
43.84,0.028344550221913237,0.006168411110530944,0.0008070747762311879,0.0,0.0,0.027039238788253164,118
43.86,0.028353656900082513,0.006164521296228092,0.0008072485138122004,0.0,0.0,0.02704669080063645,118
43.88,0.02836277919688132,0.0061605732454401655,0.0008074204858552178,0.0,0.0,0.027053891753695384,118
43.9,0.028371779227699945,0.006156567707946401,0.0008075907005992202,0.0,0.0,0.027060846231782187,118
43.92,0.02838049724815972,0.006152505420496789,0.0008077591835983908,0.0,0.0,0.02706755895228448,118
43.94,0.02838893688566755,0.006148387106587532,0.0008079259259999059,0.0,0.0,0.027074034745678155,118
43.96,0.02839710182159067,0.006144213476286517,0.0008080909347720187,0.0,0.0,0.02708027853470426,118
43.980000000000004,0.028404995767979068,0.006139985226110435,0.0008082542660745116,0.0,0.0,0.027086295312492396,118
44.0,0.028412622443018152,0.006135703038955502,0.0008084159023552159,0.0,0.0,0.027092090119480335,118
44.02,0.02841998554509261,0.006131367584084194,0.0008085758324242174,0.0,0.0,0.027097668019014583,118
44.04,0.028427088725390112,0.006126979518691228,0.0008087340650603502,0.0,0.0,0.027103034071564294,118
44.06,0.02843393555903213,0.006122544882854175,0.0008088906092282198,0.0,0.0,0.02710819330753998,119
44.08,0.028440529514790862,0.006118085623267112,0.0008090454741998913,0.0,0.0,0.027113150698780036,120
44.1,0.028446873923535614,0.0061135755774648064,0.0008091986695476897,0.0,0.0,0.027117911128853013,120
44.12,0.028452971945647373,0.0061090153485968916,0.0008093502045588453,0.0,0.0,0.02712247936241869,121
44.14,0.02845934701508646,0.006104405526775749,0.0008095000973507722,0.0,0.0,0.02712686001399672,122
44.160000000000004,0.028466050312272746,0.0060997466908049814,0.000809648353832097,0.0,0.0,0.02713105751660145,122
44.18,0.028472541894079956,0.006095039408074684,0.0008097949803584085,0.0,0.0,0.027135076090813268,122
44.2,0.028478824718502115,0.006090396874851923,0.0008099399933684603,0.0,0.0,0.027138919714960286,122
44.22,0.02848490144147074,0.0060864068186116515,0.0008100834014858971,0.0,0.0,0.02714259209717533,122
44.24,0.028490774390378153,0.0060823676533208835,0.0008102252208850859,0.0,0.0,0.027146096650159404,122
44.26,0.028497005948215057,0.006078279902612728,0.0008103654821249064,0.0,0.0,0.02714943646951783,122
44.28,0.028503565281614875,0.006074144089708364,0.0008105041928313316,0.0,0.0,0.027152614316529537,122
44.300000000000004,0.028509952209074877,0.006069978595330725,0.0008106413489260442,0.0,0.0,0.027155632606156728,123
44.32,0.028516168374506438,0.0060657722987187725,0.0008107769550044817,0.0,0.0,0.027158730962514924,123
44.34,0.028522215060556043,0.006061519350370256,0.0008109110233704307,0.0,0.0,0.02716183999657201,123
44.36,0.028528093195591596,0.006057220252725266,0.0008110435665377383,0.0,0.0,0.027164794140473382,123
44.38,0.02853380336763193,0.0060528755047655055,0.0008111745975152188,0.0,0.0,0.02716759443043523,123
44.4,0.02853934584507622,0.006048485605524446,0.0008113041286826095,0.0,0.0,0.02717056546858697,123
44.42,0.02854472060382543,0.006044051054248798,0.0008114321729022608,0.0,0.0,0.027173457654847483,123
44.44,0.028549927360136316,0.006039572337747325,0.0008115587431522617,0.0,0.0,0.027176196883338825,123
44.46,0.02855496560832719,0.006035049947946744,0.0008116838526757424,0.0,0.0,0.027178783140573887,123
44.480000000000004,0.028559834662279723,0.006030484393856691,0.0008118075140495053,0.0,0.0,0.02718121624446006,123
44.5,0.02856453369956395,0.006025876153804865,0.0008119297404845403,0.0,0.0,0.027183495888836555,123
44.52,0.028569061806960557,0.006021225721896189,0.000812050544887257,0.0,0.0,0.02718562168942207,123
44.54,0.028573418026166853,0.006016533718592666,0.0008121699457167435,0.0,0.0,0.02718759322995917,123
44.56,0.02857760139854488,0.006011818166965324,0.0008122879601587873,0.0,0.0,0.027189410107413436,123
44.58,0.02858161100789272,0.00600706187104041,0.0008124045933872552,0.0,0.0,0.027191071975208744,123
44.6,0.028585446020380857,0.006002265333262089,0.0008125198565590903,0.0,0.0,0.027192578583640707,123
44.62,0.028589105720979082,0.005997429060132934,0.0008126337635883114,0.0,0.0,0.027193929816794145,123
44.64,0.028592589545893294,0.005992553553364008,0.0008127463251708466,0.0,0.0,0.027195125725484718,123
44.660000000000004,0.028595897110720237,0.005987639308461702,0.0008128575513246468,0.0,0.0,0.02719649354216608,123
44.68,0.028599028234203707,0.0059826868286170344,0.0008129674708116738,0.0,0.0,0.027197962002946583,123
44.7,0.028601982957627316,0.005977696616963999,0.0008130760927845246,0.0,0.0,0.02719927567495214,123
44.72,0.028604761560005038,0.0059726691761372705,0.0008131834251742047,0.0,0.0,0.027200435519061025,123
44.74,0.028607364569325184,0.005967605007799301,0.0008132894694339984,0.0,0.0,0.027201442763396335,123
44.76,0.028610022606384195,0.0059625046121458735,0.0008133942335562442,0.0,0.0,0.02720229891155941,123
44.78,0.028612858764963185,0.00595736848739843,0.0008134977360078458,0.0,0.0,0.0272030057476251,123
44.800000000000004,0.0286155216424185,0.005952197129290534,0.0008136000028351536,0.0,0.0,0.027203565338278418,123
44.82,0.028618015627688405,0.005946991030554898,0.0008137010366680213,0.0,0.0,0.027203980032467764,123
44.84,0.028620710002576297,0.005941750680416344,0.0008138008943920321,0.0,0.0,0.0272042524589297,123
44.86,0.028623807608227685,0.005936476564095353,0.0008138995369441107,0.0,0.0,0.027204385521908347,123
44.88,0.028626738566809265,0.005931169162325775,0.0008140148641877196,0.0,0.0,0.027204382395351945,123
44.9,0.028629505445225082,0.005925828950889731,0.0008141443411011554,0.0,0.0,0.027204246515824062,123
44.92,0.02863211104002722,0.005920456400171912,0.0008142725661966103,0.0,0.0,0.027203981574318525,123
44.94,0.028634558367381106,0.005915076588593441,0.0008143995684793475,0.0,0.0,0.02720359150711907,123
44.96,0.028636850652125772,0.0059096681300162554,0.0008145254069145514,0.0,0.0,0.02720308048579672,123
44.980000000000004,0.028638991315974326,0.0059042286539408495,0.0008146500320974862,0.0,0.0,0.027202452906392914,123
45.0,0.02864098396485744,0.005898758605208203,0.000814773504052963,0.0,0.0,0.027202017494220857,123
45.02,0.028642832375373236,0.005893258421370696,0.0008148957716892747,0.0,0.0,0.02720156019487405,123
45.04,0.028644540480272644,0.005887728532386265,0.0008150168436755138,0.0,0.0,0.02720100028204353,123
45.06,0.028646112352878467,0.005882169360337556,0.0008151367284389813,0.0,0.0,0.027200342924687936,123
45.08,0.028647552190310687,0.005876581320277998,0.000815255482883895,0.0,0.0,0.027199593448852092,123
45.1,0.028648864295370422,0.005870964816715778,0.000815373070239679,0.0,0.0,0.0271987573208686,123
45.12,0.028650053056920595,0.005865320246649809,0.0008154894950846527,0.0,0.0,0.027197840129123227,123
45.14,0.028651122928592995,0.005859648000311481,0.0008156047642968677,0.0,0.0,0.027196847564217117,123
45.160000000000004,0.02865207840565207,0.0058539484606520845,0.0008157188843243559,0.0,0.0,0.0271957853973594,123
45.18,0.028652928170513285,0.005851605857097035,0.0008158318854266626,0.0,0.0,0.027194659456831107,123
45.2,0.028653681037292444,0.005849371935485232,0.0008159437871739135,0.0,0.0,0.027193475602379072,123
45.22,0.028654333055834987,0.00584710212240967,0.0008160545553016007,0.0,0.0,0.027192358564068507,123
45.24,0.02865488861482376,0.005844796712195906,0.0008161641937341908,0.0,0.0,0.0271914652219734,123
45.26,0.028655351996388915,0.0058424645357650195,0.0008162727131819286,0.0,0.0,0.02719053097472937,123
45.28,0.02865572733949149,0.005840112902136831,0.000816380111309587,0.0,0.0,0.027189561507452612,123
45.300000000000004,0.028656026024985536,0.005837726452196123,0.0008164863864245537,0.0,0.0,0.027188562375290014,123
45.32,0.028656249074386173,0.005835305446306151,0.0008165915383893253,0.0,0.0,0.027187538964803647,123
45.34,0.02865639530537954,0.005832965260441224,0.0008166959699948349,0.0,0.0,0.027186496453740026,123
45.36,0.028656467877729352,0.00583196528983204,0.0008167994713468195,0.0,0.0,0.027185439769595646,123
45.38,0.02865646959720883,0.005830928005552678,0.0008169018508109944,0.0,0.0,0.02718437354750215,123
45.4,0.028656402870775293,0.005829853620460834,0.0008170031559317613,0.0,0.0,0.027183302088066134,123
45.42,0.028656269662331868,0.005828742340518419,0.0008171033801077554,0.0,0.0,0.02718232054132412,123
45.44,0.02865607144991285,0.005827594365107783,0.0008172026080924218,0.0,0.0,0.027181776206162696,123
45.46,0.02865580918520661,0.0058264098873843356,0.0008173006883079165,0.0,0.0,0.027181236393444483,123
45.480000000000004,0.028655656453143986,0.005825189094662904,0.0008173976080088864,0.0,0.0,0.02718114242533262,123
45.5,0.028655714563291437,0.005823932168834299,0.0008174933738959724,0.0,0.0,0.027181072339188816,123
45.52,0.02865571789362686,0.005822639286807761,0.0008175879617894674,0.0,0.0,0.027181012370021535,123
45.54,0.02865565649351889,0.0058213106224144886,0.0008176813449442549,0.0,0.0,0.02718096347005153,123
45.56,0.028655526257948278,0.005819956773714901,0.0008177735082775006,0.0,0.0,0.02718092602130947,123
45.58,0.028655324383125062,0.00581857420804566,0.0008178644411008162,0.0,0.0,0.027180899832463013,123
45.6,0.028655047399818355,0.005817490180314784,0.0008179541174727618,0.0,0.0,0.027180884143882793,123
45.62,0.028654691183094542,0.005816623648493803,0.0008180425108841034,0.0,0.0,0.027180877641217373,123
45.64,0.02865425097051204,0.0058157207982728115,0.0008181296023095267,0.0,0.0,0.027180878477510627,123
45.660000000000004,0.02865380235832064,0.005814781796100078,0.0008182153664848126,0.0,0.0,0.027180884303644858,124
45.68,0.028654962340025597,0.005813806785982928,0.0008182997772805777,0.0,0.0,0.02718089230664245,124
45.7,0.028656081229675705,0.005812795921018522,0.0008183828102243623,0.0,0.0,0.027180899255120978,124
45.72,0.02865715439493845,0.005811749358827065,0.0008184644408947605,0.0,0.0,0.027180901550981292,124
45.74,0.028658485264620837,0.005810667248420137,0.0008185446739000603,0.0,0.0,0.02718089528622895,124
45.76,0.02865989882079371,0.00580954974877161,0.0008186234878788805,0.0,0.0,0.027180876303691523,124
45.78,0.028661250399832815,0.005808397005769534,0.0008187325089120183,0.0,0.0,0.027180840260307412,124
45.800000000000004,0.02866253439641965,0.005807209172192545,0.0008188436635161812,0.0,0.0,0.0271807826916245,124
45.82,0.02866374511931831,0.005805986401394104,0.000818953289334422,0.0,0.0,0.027180699076163276,124
45.84,0.028664948531555663,0.005804728847013294,0.0008190613576419098,0.0,0.0,0.027180584898360588,124
45.86,0.028666539117864494,0.005803613305465887,0.0008192299369625713,0.0,0.0,0.027180435708916182,124
45.88,0.028668038690506048,0.00580380024286257,0.0008194167916298695,0.0,0.0,0.027180247181500708,124
45.9,0.028669441802635472,0.005803948896701557,0.0008196018471812593,0.0,0.0,0.027180015164946534,124
45.92,0.028670743194912963,0.005804059409483043,0.0008197850871400331,0.0,0.0,0.027179735730217234,124
45.94,0.02867193783533197,0.005804131923431993,0.0008199664971703917,0.0,0.0,0.027179405211630817,124
45.96,0.02867302095286185,0.005804166580190443,0.0008201460591275935,0.0,0.0,0.027179109922248253,124
45.980000000000004,0.028673988064712264,0.005804163520480636,0.0008203237592924699,0.0,0.0,0.027179054686169275,124
46.0,0.02867483499716888,0.005804122890356248,0.0008204995853779601,0.0,0.0,0.027178938808636106,124
46.02,0.0286755579000694,0.005804044825514272,0.0008206735264542879,0.0,0.0,0.027178759965944807,124
46.04,0.028676153255084526,0.005803929457205219,0.0008208455724698198,0.0,0.0,0.027178516210547857,124
46.06,0.02867661787803913,0.005803776918753346,0.0008210157154690479,0.0,0.0,0.027178205975321952,124
46.08,0.028676948915558186,0.00580358734067554,0.0008211839478867062,0.0,0.0,0.027177828072258593,124
46.1,0.028677143836351306,0.005803360850310571,0.0008213502699279652,0.0,0.0,0.027177381685893794,124
46.12,0.028677226324539597,0.005803127873741389,0.0008215146787432239,0.0,0.0,0.027176866361806596,124
46.14,0.02867763530551196,0.005804057499890795,0.0008216771619030689,0.0,0.0,0.027176281990520093,124
46.160000000000004,0.028677901695317337,0.005804947422612087,0.0008218377160204009,0.0,0.0,0.027175628787134982,124
46.18,0.028678024068389023,0.005805797755719379,0.0008219963392021264,0.0,0.0,0.027174907267022146,124
46.2,0.028678001208708524,0.0058066086082340426,0.0008221530916898384,0.0,0.0,0.02717411821789916,124
46.22,0.02867783207578128,0.005807380085240316,0.0008223079220624972,0.0,0.0,0.02717326266862296,124
46.24,0.028677515767551814,0.0058081122873855605,0.0008224608225740067,0.0,0.0,0.02717234185504859,124
46.26,0.02867705148063502,0.00580880531034037,0.0008226117946053651,0.0,0.0,0.027171357183335642,124
46.28,0.02867643846828747,0.005809459244802932,0.0008227608405404621,0.0,0.0,0.02717031019113114,124
46.300000000000004,0.028675675996604876,0.005810074176574669,0.000822907963060879,0.0,0.0,0.027169202507120002,124
46.32,0.028674763299508327,0.005810650186705522,0.000823053165757508,0.0,0.0,0.02716803580951055,124
46.34,0.028673699533169363,0.005811187351710877,0.0008231964573902728,0.0,0.0,0.02716681178410951,124
46.36,0.028672483730615463,0.00581168574386084,0.0008233538769779454,0.0,0.0,0.027165532082732466,124
46.38,0.028671114757348976,0.005812145431541025,0.0008235286131167278,0.0,0.0,0.027164198282786278,124
46.4,0.028669591268891084,0.005812566479682387,0.0008237014106454013,0.0,0.0,0.027162811848937735,124
46.42,0.028667911671221333,0.005812948951402032,0.0008238723007083271,0.0,0.0,0.02716137409784111,124
46.44,0.028666074085109936,0.005813292914922388,0.0008240412687472432,0.0,0.0,0.027159886166921835,124
46.46,0.028664076315325325,0.005813598422662475,0.0008242083143373384,0.0,0.0,0.027158348988198244,124
46.480000000000004,0.02866191582563583,0.005813865538839866,0.0008243734439306554,0.0,0.0,0.027156763268056824,124
46.5,0.02865958972040534,0.005814094307476842,0.000824536665313262,0.0,0.0,0.02715512947377562,124
46.52,0.028657094733410323,0.005814284784847208,0.0008246979865773648,0.0,0.0,0.027153447827415148,124
46.54,0.028654657549717272,0.005814726231197589,0.0008248574240613374,0.0,0.0,0.02715171830746914,124
46.56,0.028652259034227814,0.005817104991684465,0.0008250230868453989,0.0,0.0,0.027149940658400894,124
46.58,0.028649679035720417,0.0058194375500625565,0.0008252246675693817,0.0,0.0,0.027148114407898816,124
46.6,0.02864691284700926,0.00582172385539202,0.0008254242909940106,0.0,0.0,0.02714623889138463,124
46.62,0.028643955447284708,0.0058239638584579355,0.0008256219686383674,0.0,0.0,0.027144313283023833,124
46.64,0.028640801533083866,0.005826157514777046,0.0008258177118657289,0.0,0.0,0.02714233663223596,124
46.660000000000004,0.028637445553607758,0.005828304779498248,0.000826011527097147,0.0,0.0,0.02714030790450398,124
46.68,0.028635020863396476,0.00583040560747223,0.0008262034232035289,0.0,0.0,0.02713822602514857,124
46.7,0.028633523652641577,0.005832459958697416,0.0008263934139717988,0.0,0.0,0.027136387309495254,124
46.72,0.028631889627343927,0.005834467795542017,0.0008265815200708597,0.0,0.0,0.02713458721926818,124
46.74,0.028630115862670075,0.005836429082556429,0.0008267677410075106,0.0,0.0,0.027132765271297085,124
46.76,0.028628199508096336,0.005838343786182337,0.0008269520820365482,0.0,0.0,0.027131274496757944,124
46.78,0.028626137823687878,0.005840211874365162,0.0008271345482731386,0.0,0.0,0.027129725223771238,124
46.800000000000004,0.028623928212174292,0.005843527064904382,0.0008273507636437769,0.0,0.0,0.027128491662322368,124
46.82,0.028621568246223923,0.005846857424639015,0.0008275727931148714,0.0,0.0,0.027127398404315262,124
46.84,0.028619055690520968,0.005850136737052281,0.0008277928790733625,0.0,0.0,0.027126245356570933,124
46.86,0.028616388518430996,0.005853364953820639,0.0008280110301042133,0.0,0.0,0.027125032911915446,125
46.88,0.02861356492319733,0.005856542025132122,0.000828227254906244,0.0,0.0,0.027123761763097606,125
46.9,0.02861058332373632,0.005859667898995153,0.0008284416507559033,0.0,0.0,0.02712243291190098,125
46.92,0.02860744236519271,0.005862742520534084,0.0008286541463465883,0.0,0.0,0.027121047673169002,125
46.94,0.02860414091447927,0.00586576583128512,0.0008288647404084108,0.0,0.0,0.027119607673975477,125
46.96,0.02860067805105995,0.005868737786733824,0.0008290734409828259,0.0,0.0,0.02711811484820801,125
46.980000000000004,0.0285970530532499,0.005871658307866379,0.00082928026968095,0.0,0.0,0.0271165714268467,126
47.0,0.028593265380302584,0.005874527314580114,0.00082948551380171,0.0,0.0,0.02711497992421729,126
47.02,0.028589625285592116,0.005877344732480915,0.0008297168489299081,0.0,0.0,0.02711334312048647,126
47.04,0.028586090333025636,0.005880110470900371,0.0008299471431475349,0.0,0.0,0.027111664040651174,126
47.06,0.028582391110910994,0.005882824436400733,0.0008301755639214748,0.0,0.0,0.027109945930260632,126
47.08,0.028578527547885035,0.005885486528475193,0.0008304021177118019,0.0,0.0,0.027108482530623573,126
47.1,0.0285744996093271,0.005888096638963486,0.0008306268108049106,0.0,0.0,0.027107098624142147,126
47.12,0.02857030725922059,0.0058906546519201805,0.0008308496493015361,0.0,0.0,0.027105685988032185,126
47.14,0.028565950419527232,0.0058931604436029475,0.0008310706391043973,0.0,0.0,0.027104248450634864,126
47.160000000000004,0.028561439777180963,0.005895613882589843,0.0008312897901418645,0.0,0.0,0.027102789899166743,126
47.18,0.028556764996684414,0.005898014830067706,0.0008315071275358654,0.0,0.0,0.02710131424156925,126
47.2,0.028551924856991255,0.005900363144207958,0.000831722632915509,0.0,0.0,0.027099825367481997,126
47.22,0.028546918670337446,0.005902658672025519,0.0008319363112764269,0.0,0.0,0.027098327108991956,126
47.24,0.028541745482019563,0.005904901982358917,0.000832148167724308,0.0,0.0,0.027096823201925815,126
47.26,0.028536640329858344,0.005907095825206792,0.0008323582063720288,0.0,0.0,0.02709531724856585,126
47.28,0.028531582962894694,0.005909236396678322,0.0008325664337943793,0.0,0.0,0.027093812682768156,126
47.300000000000004,0.02852635310002778,0.005911323526762837,0.0008327728564600537,0.0,0.0,0.02709231273853574,126
47.32,0.028520948296858882,0.00591335704380036,0.0008329774739280556,0.0,0.0,0.027091065711425236,126
47.34,0.02851536564922281,0.005915336775802814,0.0008332042073594713,0.0,0.0,0.027089971861615752,126
47.36,0.028509609589919313,0.0059172625518497165,0.0008334589559931855,0.0,0.0,0.027088890434540228,126
47.38,0.02850368133918948,0.0059191342035311645,0.0008337178917564998,0.0,0.0,0.027087823657245793,126
47.4,0.028497566319480038,0.005920951566407451,0.0008339749618169773,0.0,0.0,0.027086773487892887,126
47.42,0.02849236925346374,0.005922714483058301,0.0008342301634720192,0.0,0.0,0.02708574162521844,126
47.44,0.02848803467356209,0.005924427574216475,0.0008344835008196409,0.0,0.0,0.027084729526613466,126
47.46,0.028484655282956545,0.005926097803504502,0.0008347349717558252,0.0,0.0,0.02708373843457254,126
47.480000000000004,0.02848125218865399,0.005927713109606104,0.0008349845786765083,0.0,0.0,0.02708276941093447,126
47.5,0.02847771971705753,0.005930834906377127,0.0008352324127807551,0.0,0.0,0.02708182337801726,126
47.52,0.02847405377749847,0.005934032420387746,0.0008354793790620975,0.0,0.0,0.027080901165476387,126
47.54,0.02847025004446524,0.005937169128277259,0.0008357244982963561,0.0,0.0,0.027080003561506607,126
47.56,0.028467930208678816,0.005940244872044171,0.00083596777317211,0.0,0.0,0.027079131366875054,126
47.58,0.028465974892311518,0.005943259504723698,0.0008362092065243304,0.0,0.0,0.027078285450226135,126
47.6,0.028464057152796738,0.005946212890292575,0.0008364488017421246,0.0,0.0,0.02707746680313369,126
47.62,0.028464077586756044,0.0059491049033481526,0.0008366865676461699,0.0,0.0,0.02707667659348415,126
47.64,0.028464067521914577,0.005951935428571569,0.0008369225443716455,0.0,0.0,0.027075916215943352,126
47.660000000000004,0.02846402705283636,0.005954704359989832,0.0008371567024634148,0.0,0.0,0.027075187338467376,126
47.68,0.028463963926483458,0.0059574116004995565,0.0008373890428938377,0.0,0.0,0.027074491944049258,126
47.7,0.02846387433859482,0.005960057060091492,0.0008376195662563076,0.0,0.0,0.02707383236712534,126
47.72,0.028463756381543782,0.005962640654064505,0.0008378482808284986,0.0,0.0,0.027073211324285026,126
47.74,0.02846361138728668,0.005965162304228289,0.0008380751899481565,0.0,0.0,0.027072631939120503,126
47.76,0.02846344105326048,0.005967621956439588,0.0008383002979740024,0.0,0.0,0.027072097761212027,126
47.78,0.02846324745300166,0.005970019517771691,0.000838523611060301,0.0,0.0,0.02707161277936419,126
47.800000000000004,0.028463033041081106,0.005972354911040549,0.0008387451435021537,0.0,0.0,0.027071181429289774,126
47.82,0.028462800652588677,0.005974628061677656,0.0008389649336395209,0.0,0.0,0.027070808595981103,126
47.84,0.02846255349741245,0.005976838892545264,0.0008391829492394769,0.0,0.0,0.027070499611020808,126
47.86,0.02846229514954173,0.005979070886639995,0.0008393991974205431,0.0,0.0,0.027070260245067954,127
47.88,0.028462029531587028,0.005981846692566384,0.0008396136874735504,0.0,0.0,0.027070096695720913,127
47.9,0.028461760894660865,0.005984753250942993,0.0008398264276317742,0.0,0.0,0.027070015570908577,127
47.92,0.028461493793708034,0.00598807401017191,0.0008400374227101203,0.0,0.0,0.02707002386790723,127
47.94,0.028461233058316177,0.005991326755487383,0.0008402466837252825,0.0,0.0,0.02707012894802287,127
47.96,0.02846127139129694,0.005994511410401957,0.0008404542366551178,0.0,0.0,0.02707033850692895,127
47.980000000000004,0.028461496686616482,0.005997627894413805,0.0008406600680322704,0.0,0.0,0.027070660540608058,127
48.0,0.028461743592279837,0.006000676096464136,0.0008408641848589622,0.0,0.0,0.02707110330682177,127
48.02,0.02846201765325368,0.006003655901924594,0.0008410665943688707,0.0,0.0,0.027071675282026003,127
48.04,0.028462324473659036,0.00600656718272888,0.0008412673038148807,0.0,0.0,0.027072385113668156,127
48.06,0.028462761181386294,0.006009409797170629,0.0008414663202474164,0.0,0.0,0.027073241567845435,127
48.08,0.028464356230322077,0.006012183589905096,0.0008416636504672006,0.0,0.0,0.027074253472376873,127
48.1,0.02846603329067645,0.006014888392166479,0.0008418593009782288,0.0,0.0,0.02707542965544392,127
48.120000000000005,0.028467798634688356,0.006017524022211371,0.0008420533343844411,0.0,0.0,0.027076778880086385,127
48.14,0.02846966089921169,0.00602009028599675,0.0008422457694438813,0.0,0.0,0.02707830977499868,127
48.160000000000004,0.028471632409490678,0.006022586978098431,0.0008424365426051762,0.0,0.0,0.027080030762252728,127
48.18,0.028474680793626795,0.006025013882872468,0.000842625658570789,0.0,0.0,0.027081949982769242,127
48.2,0.028478551419506018,0.00602835146656574,0.0008428131222086616,0.0,0.0,0.02708407522056083,127
48.22,0.02848258909589746,0.006032236031396855,0.0008429989368668291,0.0,0.0,0.027086413826963345,127
48.24,0.028486799370482124,0.006036043962962602,0.000843183105635983,0.0,0.0,0.027088972646244328,127
48.26,0.028491187161552512,0.006039775078840818,0.000843365638341395,0.0,0.0,0.027091757944111235,127
48.28,0.028495756688510177,0.006043429189353512,0.0008435465456220056,0.0,0.0,0.027094775340723642,127
48.300000000000004,0.028500511408406422,0.0060470061096673695,0.0008437258162083052,0.0,0.0,0.02709802974982777,127
48.32,0.028505453960091066,0.006051238529654473,0.0008439344919369437,0.0,0.0,0.027101525325569788,127
48.34,0.02851058611739115,0.006055507876972253,0.0008441475618768774,0.0,0.0,0.027105265418400023,127
48.36,0.028515908752518138,0.006059696487452643,0.0008443589781334599,0.0,0.0,0.027109252541257362,127
48.38,0.028521421810609914,0.006063804196465395,0.0008445687407073085,0.0,0.0,0.02711348834692981,127
48.4,0.028527124295965885,0.006067830852594577,0.0008447768510361777,0.0,0.0,0.02711797361714085,127
48.42,0.028533014270156018,0.006071776319752459,0.0008449833077474714,0.0,0.0,0.02712270826353444,127
48.44,0.028539088861801246,0.00607564047911111,0.0008451881079931568,0.0,0.0,0.02712769134035006,127
48.46,0.028545344287462176,0.0060794232310812405,0.0008453912502595102,0.0,0.0,0.02713292106822115,127
48.480000000000004,0.028551775882758715,0.006083124497025384,0.0008455927327696545,0.0,0.0,0.02713839486821908,127
48.5,0.028558378142596316,0.006086744220673268,0.0008457925535197334,0.0,0.0,0.027144109405020538,127
48.52,0.028565144769203986,0.0060902823692160005,0.0008459907103108037,0.0,0.0,0.027150130309985053,127
48.54,0.02857206872660155,0.0060937389340650515,0.0008461872007759004,0.0,0.0,0.02715683880284057,127
48.56,0.028579142300099752,0.006097113931271754,0.0008463820224021727,0.0,0.0,0.02716377331598606,127
48.58,0.028586357159487718,0.006100407401612398,0.0008465751725485285,0.0,0.0,0.027170928056949532,127
48.6,0.028593704424657074,0.006103619410352674,0.0008467667987364614,0.0,0.0,0.027178296783036057,127
48.620000000000005,0.028601174732535147,0.006106750046712849,0.0008469568028852486,0.0,0.0,0.027185872871540263,127
48.64,0.02860875830432841,0.0061097994230613255,0.0008471451490138534,0.0,0.0,0.027193649390385537,127
48.660000000000004,0.02861644501219852,0.006112767673868987,0.0008473318135025227,0.0,0.0,0.02720161916833091,127
48.68,0.028624224444594136,0.006115654954460104,0.0008475167934504943,0.0,0.0,0.027209774863986073,127
48.7,0.02863208596953593,0.006118461439597149,0.0008477001099206385,0.0,0.0,0.027218109032945963,127
48.72,0.028640018795198893,0.006121187399298168,0.0008478817367981466,0.0,0.0,0.027226614192399065,127
48.74,0.02864801202715922,0.006123833224009713,0.0008480886135116035,0.0,0.0,0.027235282882581067,128
48.76,0.0286560547216779,0.006126398880405188,0.0008483055986961936,0.0,0.0,0.02724410772444446,128
48.78,0.02866413593439307,0.006128884604842928,0.0008485208829938964,0.0,0.0,0.027253081472905963,128
48.800000000000004,0.02867395534384477,0.0061312906448369,0.0008487344637300282,0.0,0.0,0.02726219706502606,128
48.82,0.028684098667856615,0.006133617258630007,0.000848946338584388,0.0,0.0,0.02727144766248108,128
48.84,0.02869431987176968,0.006135864710315891,0.0008491566580144111,0.0,0.0,0.027280826687715705,128
48.86,0.02870461117319401,0.006138033270684334,0.0008493789737526212,0.0,0.0,0.02729032785322014,128
48.88,0.028714965057494102,0.006140123215876457,0.0008496286795119574,0.0,0.0,0.02729994518346703,128
48.9,0.028725374289909556,0.00614213529164589,0.0008498871621911953,0.0,0.0,0.02730967302916693,128
48.92,0.028735831919593755,0.006144101266126169,0.0008501685017269254,0.0,0.0,0.027319506073658684,128
48.94,0.028746331275572388,0.0061459894194596494,0.0008504480163862079,0.0,0.0,0.027329439331434988,128
48.96,0.028756872946301634,0.006147800038383834,0.0008507256845697377,0.0,0.0,0.027339468139005833,128
48.980000000000004,0.028767448313338644,0.00614953340321085,0.0008510015309363426,0.0,0.0,0.027349588138514635,128
49.0,0.028778046969029983,0.006151189799263721,0.0008512755926516749,0.0,0.0,0.02735979525473008,128
49.02,0.028788663171765334,0.006152769515927995,0.0008515478758340934,0.0,0.0,0.027370085666230545,128
49.04,0.028799291332922458,0.0061542728207787676,0.0008518183130740202,0.0,0.0,0.02738045577176444,128
49.06,0.02880992597576701,0.00615569999052893,0.0008520869055856446,0.0,0.0,0.027390902152900198,128
49.08,0.028820802113828172,0.006157051299558985,0.0008523536551834539,0.0,0.0,0.02740142153416271,128
49.1,0.028831980926402587,0.00615832701989622,0.0008526185639941706,0.0,0.0,0.027412010741887267,128
49.120000000000005,0.028843149256212546,0.006159527421292723,0.0008528816342452983,0.0,0.0,0.02742266666300152,128
49.14,0.028854301628106406,0.006160652771916383,0.0008531434448708962,0.0,0.0,0.027433386204874358,128
49.160000000000004,0.028866137933296215,0.006161703339460444,0.0008534038147985469,0.0,0.0,0.027444166257253055,128
49.18,0.028878905442556935,0.006162679386907602,0.0008536623695741736,0.0,0.0,0.02745500365715357,128
49.2,0.028891691720043366,0.0061635811759622895,0.0008539191087861443,0.0,0.0,0.027465895157385577,128
49.22,0.02890449249267913,0.006164408968698027,0.0008541740251136123,0.0,0.0,0.027476837399196496,128
49.24,0.02891730332132644,0.006165163035558377,0.0008544271196437273,0.0,0.0,0.027487826889318726,128
49.26,0.028930119580490583,0.006165843629988684,0.0008546783942184769,0.0,0.0,0.027498859981515845,128
49.28,0.02894293644241872,0.0061664510129961275,0.0008549278525053858,0.0,0.0,0.02750993286255614,128
49.300000000000004,0.028955748865382467,0.006167012535909975,0.000855175489529573,0.0,0.0,0.027521041542403767,128
49.32,0.028968551585829477,0.0061675053153302005,0.0008554213046077916,0.0,0.0,0.027532181848314904,128
49.34,0.028981752005335832,0.006167925615019866,0.0008556652965992131,0.0,0.0,0.027543349422461578,128
49.36,0.028995751041242676,0.006168273701694672,0.0008559074730898811,0.0,0.0,0.027554539722678236,128
49.38,0.029009755316689253,0.00616857394747067,0.0008561478277092523,0.0,0.0,0.027565925009828768,128
49.4,0.029023759721636577,0.006168819250592581,0.0008563863537212696,0.0,0.0,0.027577540189834066,128
49.42,0.029037758973170177,0.006169002272950896,0.0008566230480941805,0.0,0.0,0.027589162948863075,128
49.44,0.029051747625028213,0.006169114073165075,0.0008568579801641052,0.0,0.0,0.02760078806569254,128
49.46,0.029065720078933113,0.00616915493143004,0.0008570910943305082,0.0,0.0,0.027612410173471387,128
49.480000000000004,0.029079670597726995,0.0061691251298777484,0.0008573223665299159,0.0,0.0,0.027624023773126567,128
49.5,0.029093593320403923,0.006169024955080261,0.000857551796333866,0.0,0.0,0.027635623248665038,128
49.52,0.02910748227920277,0.006168854699587835,0.0008578094707976511,0.0,0.0,0.027647202884540385,128
49.54,0.029121331418963316,0.006168614656026559,0.0008580683303373429,0.0,0.0,0.027658756885290865,128
49.56,0.029135134618944583,0.006168305122450574,0.0008583253015574145,0.0,0.0,0.027670279397651643,128
49.58,0.029148885717251827,0.006167926402329736,0.0008585803832175943,0.0,0.0,0.027681764535290827,128
49.6,0.0291625785379167,0.006167478811759805,0.000858833574472373,0.0,0.0,0.027693206406216447,128
49.620000000000005,0.02917620692052664,0.006166962653658542,0.0008590848749703546,0.0,0.0,0.02770459914275237,128
49.64,0.029189764752116275,0.006166378244985391,0.0008593342847756961,0.0,0.0,0.02771593693379763,128
49.660000000000004,0.029203246000829547,0.006165758584110852,0.0008595818044449127,0.0,0.0,0.027727214058879,128
49.68,0.029216644750657224,0.006165071883843146,0.0008598274535684897,0.0,0.0,0.02773842492330191,129
49.7,0.029229955236369554,0.00616431785036369,0.0008600712225714093,0.0,0.0,0.02774956409352047,130
49.72,0.029243171877619132,0.0061634968200201075,0.0008603131089003175,0.0,0.0,0.02776062633170126,130
49.74,0.029256289311099967,0.006162609133757233,0.0008605531202907293,0.0,0.0,0.027771606628367553,130
49.76,0.02926930241962623,0.006161655136913381,0.0008607912529418246,0.0,0.0,0.02778250023198724,130
49.78,0.029282206357043088,0.006160635180335643,0.0008610275108148575,0.0,0.0,0.02779330267441709,130
49.800000000000004,0.029294996567999096,0.006159549621867777,0.0008612618997303019,0.0,0.0,0.027804009791232934,130
49.82,0.029307668801787697,0.006158398812800222,0.0008614944297692553,0.0,0.0,0.027814815696465937,130
49.84,0.029320219119691883,0.006157183112727646,0.0008617251943874442,0.0,0.0,0.02782588902962224,130
49.86,0.02933264389552398,0.0061559028843821825,0.0008619541105912486,0.0,0.0,0.027836855645828096,130
49.88,0.029344939809328847,0.0061545584928903,0.0008621811788981616,0.0,0.0,0.027847712673868208,130
49.9,0.029357103834494205,0.006153150305410529,0.0008624064065035362,0.0,0.0,0.02785845755198539,131
49.92,0.029369133218774556,0.006151678691063229,0.0008626298011006622,0.0,0.0,0.027869088009622223,131
49.94,0.029381025459972104,0.006150144020592419,0.0008628596656697499,0.0,0.0,0.02787960204385092,131
49.96,0.029392778277219048,0.0061485466646229335,0.0008631140113621862,0.0,0.0,0.027890348537418248,131
49.980000000000004,0.02940438957896369,0.00614688699548327,0.0008633664806406336,0.0,0.0,0.027901091623170227,131
50.0,0.029415857428869843,0.006145165386304056,0.0008636170829795596,0.0,0.0,0.027911713017931425,131
50.02,0.029427180010893426,0.006143382210942871,0.0008638658282817898,0.0,0.0,0.027922211483707257,131
50.04,0.029438355594796337,0.006141537843973064,0.0008641127270106962,0.0,0.0,0.027932585890209978,132
50.06,0.02944965086555133,0.006139648465584842,0.0008643577905345225,0.0,0.0,0.027942835182993054,132
50.08,0.029460979885111947,0.006137712636190248,0.0008646010609440644,0.0,0.0,0.027952958354350573,132
50.1,0.029472156323325442,0.006135716682216258,0.0008648425320908849,0.0,0.0,0.027962954417891546,132
50.120000000000005,0.029483184582153467,0.006133660990366185,0.0008650822001170413,0.0,0.0,0.027972822387482315,132
50.14,0.029494057913975486,0.006131545940240491,0.0008653200756872451,0.0,0.0,0.027982561260995176,132
50.160000000000004,0.029504773482849227,0.006129371905723396,0.0008655561704201811,0.0,0.0,0.027992170009025815,132
50.18,0.029515484570239676,0.006127139270586655,0.00086579049625222,0.0,0.0,0.028001647568459246,132
50.2,0.029526459411381968,0.006124848422502607,0.0008660230641388993,0.0,0.0,0.028010992840492768,132
50.22,0.02953726992740483,0.006122499748881888,0.0008662538854976127,0.0,0.0,0.028020204692482346,132
50.24,0.029547914074967832,0.006120093726771016,0.0008664829831565669,0.0,0.0,0.02802928196278152,132
50.26,0.029558389752639757,0.0061179734407765755,0.000866710357371592,0.0,0.0,0.02803822346760351,132
50.28,0.029568694807051182,0.006117311808572237,0.000866936018312613,0.0,0.0,0.028047028008864827,132
50.300000000000004,0.02957882703890509,0.0061165807720344354,0.0008671599764618883,0.0,0.0,0.028055694381968574,132
50.32,0.02958878420786901,0.006115780866723759,0.0008673822419289877,0.0,0.0,0.028064473178992997,132
50.34,0.02959856403550353,0.00611491263256254,0.0008676028275866867,0.0,0.0,0.028073284994629386,132
50.36,0.029608164205566445,0.006113976613301236,0.0008678217425605227,0.0,0.0,0.02808195453724841,132
50.38,0.02961758236125468,0.006112973356862385,0.0008680389935037643,0.0,0.0,0.02809048062235171,132
50.4,0.029626816099192623,0.006111918101057697,0.0008682545880387421,0.0,0.0,0.028098862068451604,132
50.42,0.02963586296023027,0.006110814028412785,0.0008684685338027417,0.0,0.0,0.02810709769019136,132
50.44,0.029644731291358202,0.006109671403976981,0.0008686808374457403,0.0,0.0,0.028115186288684865,132
50.46,0.02965340816140016,0.00610846614234575,0.0008688915050306508,0.0,0.0,0.028123126639611043,133
50.480000000000004,0.02966189036421681,0.00610719997564273,0.0008691005422875499,0.0,0.0,0.028130917479786677,133
50.5,0.029670175077350123,0.006105872336122986,0.0008693079543121978,0.0,0.0,0.028138557493085328,133
50.52,0.029678259346591577,0.006104481260087623,0.00086951374556982,0.0,0.0,0.028146045296661103,133
50.54,0.02968614007057452,0.006103027304000688,0.0008697179199062867,0.0,0.0,0.02815337942846909,133
50.56,0.029693813987533946,0.006101511032552215,0.0008699204805666241,0.0,0.0,0.02816055833704829,133
50.58,0.029701277665120106,0.0060999330122813115,0.0008701214302206322,0.0,0.0,0.028167580374448897,133
50.6,0.029708527494016587,0.006098293810701739,0.000870320772909417,0.0,0.0,0.02817444379304829,133
50.620000000000005,0.029715559685933,0.006097097271200067,0.0008705185089092806,0.0,0.0,0.028181146746818368,133
50.64,0.02972344619698275,0.006096168352979673,0.0008707146391395741,0.0,0.0,0.028187687297391528,133
50.660000000000004,0.029731721591813306,0.006095174802431941,0.0008709091649507097,0.0,0.0,0.028194063425036688,134
50.68,0.0297398238016401,0.006094117246171968,0.0008711020883056498,0.0,0.0,0.028200273044417502,134
50.7,0.029747747250176145,0.006092996310595736,0.0008712934078233242,0.0,0.0,0.028206314024775185,134
50.72,0.029755489468341608,0.0060918126213652035,0.0008714831223275942,0.0,0.0,0.02821218421397421,134
50.74,0.02976304798111372,0.006090566806419171,0.0008716712319971206,0.0,0.0,0.028217881465683103,134
50.76,0.02977089127706579,0.006089259489367791,0.0008718577370472055,0.0,0.0,0.02822340366884119,134
50.78,0.029778583843346317,0.006087891295642763,0.000872042645736177,0.0,0.0,0.02822874877849319,134
50.800000000000004,0.029786084858828055,0.006086462849979936,0.0008722259473901751,0.0,0.0,0.028233914847055685,134
50.82,0.029793392127026853,0.006084974776143386,0.0008724076413749237,0.0,0.0,0.028238900055109366,134
50.84,0.029800503596617813,0.006083427696609312,0.0008725877271701535,0.0,0.0,0.028243702740883194,134
50.86,0.02980741738878373,0.00608182223230689,0.0008727662042112629,0.0,0.0,0.028248321427699927,134
50.88,0.02981413182193259,0.006080159005596649,0.000872943072076624,0.0,0.0,0.02825275484877849,134
50.9,0.029820645433313316,0.006078438636690745,0.0008731183304964554,0.0,0.0,0.02825700196892473,134
50.92,0.029826956997196594,0.006076661743124951,0.0008732919793549407,0.0,0.0,0.028261062002780057,135
50.94,0.029833065539417194,0.006074828924362248,0.0008734640187059548,0.0,0.0,0.028264934429427072,135
50.96,0.02983918802151496,0.006073453927825345,0.0008736344487846828,0.0,0.0,0.028268619003267777,135
50.980000000000004,0.02984538348762625,0.006072204303728984,0.0008738032700156343,0.0,0.0,0.028272115761187187,135
51.0,0.029851373951055478,0.006070897418187657,0.0008739704975527357,0.0,0.0,0.02827542502609229,135
51.02,0.029857159515737156,0.006069533886313745,0.0008741361483511449,0.0,0.0,0.028278655373677398,135
51.04,0.029862740555235884,0.006068114317486664,0.0008743002175374507,0.0,0.0,0.028282022134151725,135
51.06,0.029868117706319062,0.0060666393140476685,0.0008744626847251268,0.0,0.0,0.02828520356190056,135
51.08,0.02987329185961623,0.006065109469642332,0.0008746235615034039,0.0,0.0,0.02828820109273593,135
51.1,0.02987826414755269,0.006063525371772765,0.0008747828454908621,0.0,0.0,0.02829101641778086,135
51.120000000000005,0.029883035929726735,0.006061887600941785,0.000874940567394798,0.0,0.0,0.028293867673600714,135
51.14,0.029887608775876512,0.006060196731652009,0.0008750966972494087,0.0,0.0,0.028296937696625446,135
51.160000000000004,0.029891984446559078,0.0060584533425319595,0.0008752513212267266,0.0,0.0,0.028300052167881815,135
51.18,0.02989616487164174,0.0060566591629442135,0.0008754043627978158,0.0,0.0,0.028302992428150844,135
51.2,0.02990015212668888,0.006054832127611794,0.0008755558119626308,0.0,0.0,0.02830576118200232,135
51.22,0.029903948407318626,0.00605295414008301,0.00087570569975078,0.0,0.0,0.028308361268577584,135
51.24,0.029907556001604753,0.006051025726262206,0.0008758540164903303,0.0,0.0,0.028310795634223198,135
51.26,0.029910977260612735,0.006049047407374642,0.0008760007496217795,0.0,0.0,0.02831306730328065,135
51.28,0.02991421456718624,0.006047019708501487,0.0008761459020425438,0.0,0.0,0.028315179347149454,135
51.300000000000004,0.02991727030314246,0.0060449431018727,0.0008762894770657959,0.0,0.0,0.02831713485178302,135
51.32,0.029920146815091798,0.006042818092863475,0.0008764314783522028,0.0,0.0,0.028318936883833943,135
51.34,0.029922846379168616,0.006040645152810293,0.0008765719097658848,0.0,0.0,0.02832058845573654,135
51.36,0.029925371165043298,0.0060384247402521666,0.0008767107754263041,0.0,0.0,0.02832209249009806,135
51.38,0.029927723199678367,0.006036157316471961,0.0008768480796064439,0.0,0.0,0.02832345178386247,135
51.4,0.029929904331387494,0.006033843335759007,0.000876983826765378,0.0,0.0,0.028324668972807086,135
51.42,0.02993191619485117,0.0060314832437334655,0.0008771180403817696,0.0,0.0,0.028325746497026707,135
51.44,0.029933760177826854,0.006029077478255498,0.0008772507089319072,0.0,0.0,0.02832668656814482,136
51.46,0.029935437390358404,0.006026626469603106,0.00087738183547707,0.0,0.0,0.028327491139057522,136
51.480000000000004,0.029936948637327897,0.00602413064416048,0.0008775307767593062,0.0,0.0,0.02832816187705465,136
51.5,0.029938301515226525,0.006022521552966119,0.000877696020699111,0.0,0.0,0.028328700141166913,136
51.52,0.029939493555317786,0.006021956723323718,0.0008778597009654592,0.0,0.0,0.028329106964547154,136
51.54,0.029940520075715772,0.006021342201346754,0.000878021823390449,0.0,0.0,0.028329383042607896,136
51.56,0.029941380481867372,0.006020678364375595,0.000878182394391858,0.0,0.0,0.028329528727501475,136
51.58,0.02994207381422628,0.006019965593329155,0.0008783414199729558,0.0,0.0,0.028329544029347613,136
51.6,0.029942598755615505,0.006019204263443553,0.0008784989633640272,0.0,0.0,0.028329428624394287,136
51.620000000000005,0.029942953645422432,0.006018401074955443,0.0008786549823732806,0.0,0.0,0.02832918187005156,136
51.64,0.029943136500308557,0.006017576964233376,0.0008788094768203177,0.0,0.0,0.028328802826480974,136
51.660000000000004,0.029943145040865222,0.006016705371279648,0.0008789624530545582,0.0,0.0,0.028328290284171914,136
51.68,0.02994297672341896,0.006015786679081753,0.0008791139199038208,0.0,0.0,0.02832764279670933,136
51.7,0.029942628776002837,0.006014821288996163,0.0008792638805292574,0.0,0.0,0.0283268587177491,136
51.72,0.029942098237374516,0.006013809597145842,0.000879412341237358,0.0,0.0,0.0283259362410826,136
51.74,0.029941381997888254,0.006012751988345799,0.0008795593083187193,0.0,0.0,0.02832487344259821,136
51.76,0.02994083515137357,0.006011648846500709,0.0008797047881176544,0.0,0.0,0.028323668322936132,136
51.78,0.02994076846943762,0.00601050057255459,0.0008798488408678903,0.0,0.0,0.02832231884968316,136
51.800000000000004,0.02994093965052241,0.006009307572192034,0.000879991420136983,0.0,0.0,0.02832082299805723,136
51.82,0.02994091008111758,0.006008070255437699,0.0008801325289343365,0.0,0.0,0.028319178789176357,136
51.84,0.029940676508372684,0.006006789038179214,0.0008802721726858116,0.0,0.0,0.028317384325179953,136
51.86,0.029940235753881463,0.0060054643366907684,0.0008804103566642512,0.0,0.0,0.02831543782065932,136
51.88,0.02993958473963652,0.0060040965727966135,0.0008805470871025533,0.0,0.0,0.02831333763004267,136
51.9,0.029938720509706324,0.006002686171726212,0.000880682398499079,0.0,0.0,0.028311082270760728,136
51.92,0.02993764024761803,0.0060012335617458,0.0008808162652565383,0.0,0.0,0.02830867044217916,137
51.94,0.02993634128956613,0.005999739173748921,0.0008809486913105678,0.0,0.0,0.028306101040421618,137
51.96,0.029934821133675685,0.005998203441657268,0.0008810796848209275,0.0,0.0,0.028303373169315797,137
51.980000000000004,0.029933077445630073,0.005996626800868645,0.0008812092673024821,0.0,0.0,0.028300512750011275,137
52.0,0.02993110806102682,0.005995009686218079,0.0008813374250776428,0.0,0.0,0.028297866398197015,137
52.02,0.029928910984855887,0.005993352534291296,0.0008814641647860218,0.0,0.0,0.028295059706199808,137
52.04,0.029926484388503583,0.005991655782173618,0.0008815894834312384,0.0,0.0,0.02829209265267145,137
52.06,0.029923826604679165,0.005989919868306128,0.0008817133897461481,0.0,0.0,0.028288965432938358,137
52.08,0.029920936120641364,0.005988145230100008,0.0008818358828403404,0.0,0.0,0.02828567845441438,137
52.1,0.02991781157007398,0.005986332300572171,0.0008819569650104022,0.0,0.0,0.02828223233076413,137
52.120000000000005,0.02991445172392582,0.0059844815125315864,0.0008820766394474344,0.0,0.0,0.028278627875137553,137
52.14,0.029910855480493544,0.005982593297483873,0.0008821949096174124,0.0,0.0,0.028274866092760333,137
52.160000000000004,0.029907021854988367,0.005980668084534123,0.0008823117779354478,0.0,0.0,0.028270948173127072,137
52.18,0.029902949968791094,0.005978706300003157,0.0008824272475758604,0.0,0.0,0.028266875482008128,137
52.2,0.02989863903856504,0.005976708368154999,0.0008825413210972957,0.0,0.0,0.028262864361888282,137
52.22,0.02989409197202572,0.005974674707818056,0.0008826540155938117,0.0,0.0,0.028258886974112368,137
52.24,0.029889312381408673,0.0059726057346282686,0.0008827653195659414,0.0,0.0,0.02825475940176474,137
52.26,0.02988429637399665,0.005970501860342295,0.0008828752486605804,0.0,0.0,0.028250675582537865,137
52.28,0.02987904851179219,0.00596836349284509,0.0008829837984294716,0.0,0.0,0.028246658355619545,137
52.300000000000004,0.029873558833688155,0.005966191035079793,0.0008830909976021029,0.0,0.0,0.028242496846064752,137
52.32,0.029867826905834206,0.00596398488405008,0.0008831968355654566,0.0,0.0,0.028238193444063586,137
52.34,0.0298618523178687,0.005961745432389038,0.0008833012959200478,0.0,0.0,0.028233750660786615,137
52.36,0.0298556346738671,0.00595947306736374,0.0008834043812875448,0.0,0.0,0.028229171123546382,137
52.38,0.02984917358362707,0.00595716817066951,0.000883506099767965,0.0,0.0,0.028224457571500213,137
52.4,0.02984246865427982,0.0059548311253213,0.0008836064585828666,0.0,0.0,0.02821961285189268,137
52.42,0.029835519482211425,0.005952462297691475,0.0008837054864986666,0.0,0.0,0.02821463991683106,137
52.44,0.029828328115499764,0.0059500620482194275,0.0008838031515181139,0.0,0.0,0.028209541820584046,137
52.46,0.02982090037392534,0.005947630734479483,0.0008838994552417828,0.0,0.0,0.028204321717390735,137
52.480000000000004,0.029813227094833573,0.005945168707602674,0.0008839944006493245,0.0,0.0,0.028198982859765458,137
52.5,0.029805819931902882,0.0059426763217097075,0.0008840880111091992,0.0,0.0,0.028193528597282885,137
52.52,0.02979902468461499,0.005940153908960097,0.0008841802680908092,0.0,0.0,0.02818796237582706,137
52.54,0.029792021985981403,0.005937601796711157,0.0008842711761943004,0.0,0.0,0.028182287737288002,137
52.56,0.029784812489306006,0.005935549490861438,0.000884377938690262,0.0,0.0,0.028176508319688966,137
52.58,0.029777396835638313,0.005934402756323925,0.0008845059239505822,0.0,0.0,0.028170627857728267,137
52.6,0.02976977564987009,0.005933223971473761,0.0008846324940283433,0.0,0.0,0.028164650183718876,137
52.620000000000005,0.029761949536997664,0.005932013419571258,0.0008847576517310856,0.0,0.0,0.028158579228909887,137
52.64,0.029753924651005167,0.005930771376606757,0.0008848814021251469,0.0,0.0,0.028152419025173472,137
52.660000000000004,0.02974570043416814,0.005929498111161862,0.0008850037496280979,0.0,0.0,0.028146173707040804,137
52.68,0.029737272992900996,0.0059281938842694155,0.0008851246957789992,0.0,0.0,0.02813984751407044,137
52.7,0.029728922863655242,0.0059268589503468005,0.0008852442427266233,0.0,0.0,0.02813344479353116,137
52.72,0.029720544986460398,0.00592549355470204,0.0008853623934073296,0.0,0.0,0.02812697443427526,137
52.74,0.029712645594508622,0.005924641597166939,0.0008854791512459913,0.0,0.0,0.028120960819787242,137
52.76,0.029705588391727804,0.00592468793092846,0.0008855945197420096,0.0,0.0,0.028114883704893574,137
52.78,0.029698387078089944,0.0059247010594095624,0.0008857085024708013,0.0,0.0,0.028108747900522525,137
52.800000000000004,0.0296910441291724,0.005924681178685638,0.0008858211062966004,0.0,0.0,0.028102558342740974,137
52.82,0.029683562062459055,0.005924628475542239,0.000885932421832269,0.0,0.0,0.028096320096865388,137
52.84,0.0296759434376264,0.005924543128161518,0.0008860423692539659,0.0,0.0,0.02809003836170638,137
52.86,0.029668190856733254,0.005924832298242735,0.0008861509944616762,0.0,0.0,0.028083781428016544,137
52.88,0.029660306964259538,0.00592640926870224,0.0008862582865016505,0.0,0.0,0.028077829308572635,137
52.9,0.029652294446931574,0.0059279491910805135,0.0008863642243904528,0.0,0.0,0.028071849642517067,138
52.92,0.029644336874176568,0.005929452165469001,0.0008864688106480259,0.0,0.0,0.028065848205957263,138
52.94,0.029636530176367398,0.005930918283591294,0.0008865720437600381,0.0,0.0,0.028059830929992667,138
52.96,0.029628680241160395,0.005932347625146919,0.0008866739481538895,0.0,0.0,0.028053803904607773,137
52.980000000000004,0.029621099095088768,0.005933740259168698,0.0008867745406444475,0.0,0.0,0.028047773382224236,137
53.0,0.029613402145809455,0.005935096245024143,0.0008868737946372044,0.0,0.0,0.028041745780797527,137
53.02,0.02960559230839904,0.005936415631394553,0.000886971746271102,0.0,0.0,0.028035727686327103,137
53.04,0.029597672525736904,0.005937698456714588,0.0008870683710465177,0.0,0.0,0.02802972585463278,137
53.06,0.029589645763153035,0.005938944749531374,0.0008871636771401555,0.0,0.0,0.028023747212230023,137
53.08,0.029581515001795892,0.005940154526475077,0.0008872576680883713,0.0,0.0,0.028018203862273723,137
53.1,0.029573283230528376,0.00594132778623294,0.0008873503568591472,0.0,0.0,0.028012740539058542,137
53.120000000000005,0.029564953436143796,0.005942464518553347,0.0008874417425903699,0.0,0.0,0.02800732169165198,137
53.14,0.02955652859168034,0.005943564699900125,0.0008875318233281175,0.0,0.0,0.028001954913493953,137
53.160000000000004,0.029548011642599667,0.005944628303515129,0.0008876206037800585,0.0,0.0,0.02799664795233636,137
53.18,0.029539405490588377,0.005945655293977575,0.0008877080888753198,0.0,0.0,0.02799140870108566,137
53.2,0.02953259140887127,0.005946645589081871,0.0008877942833415037,0.0,0.0,0.027986245186028793,137
53.22,0.02952600961234661,0.00594759911415288,0.000887879191830646,0.0,0.0,0.02798116555213992,137
53.24,0.029519425807433167,0.005948515780833624,0.0008879628185679755,0.0,0.0,0.027976178045166385,137
53.26,0.02951284555208434,0.005950212588643803,0.000888045167706491,0.0,0.0,0.02797129099020275,136
53.28,0.029506283884501668,0.005952546371783067,0.0008881262435365322,0.0,0.0,0.027966512766485742,136
53.300000000000004,0.029499738294903363,0.00595483911330074,0.0008882060532159112,0.0,0.0,0.027961851778181255,136
53.32,0.02949321256375745,0.00595709065732038,0.0008882846091924078,0.0,0.0,0.02795731642099039,136
53.34,0.029486711842949518,0.005959300833991801,0.0008883619037048099,0.0,0.0,0.027952915044478666,136
53.36,0.029480528616661655,0.005961470777068064,0.0008884379400486099,0.0,0.0,0.027948655910129568,136
53.38,0.029476197437038172,0.005963630395828263,0.0008885127521607104,0.0,0.0,0.027944547145245188,136
53.4,0.029471978251997762,0.005965747993919603,0.0008885863523176026,0.0,0.0,0.02794059669295826,136
53.42,0.02946787783705932,0.005967823346641483,0.0008886587039644385,0.0,0.0,0.027937055184085294,136
53.44,0.02946415553843927,0.005971133535437962,0.0008887298091254764,0.0,0.0,0.02793387256210799,136
53.46,0.029460867893149882,0.005975314955945695,0.0008887996694212428,0.0,0.0,0.027930869939402355,136
53.480000000000004,0.029457716444274473,0.005979444188380842,0.00088886828527238,0.0,0.0,0.0279280539636623,136
53.5,0.029454706352322658,0.005983520791971287,0.0008889356875011401,0.0,0.0,0.027925430811397072,136
53.52,0.029452102493816842,0.005987544310651827,0.0008890018678048253,0.0,0.0,0.0279230061298826,136
53.54,0.02945006320872133,0.005991514274353429,0.0008890668036548978,0.0,0.0,0.0279207849818591,136
53.56,0.029448188464258198,0.005995430200832218,0.0008891304937162835,0.0,0.0,0.027918771794414262,136
53.58,0.029446481126382127,0.005999291596034746,0.000889192936071758,0.0,0.0,0.027916970313465805,136
53.6,0.02944494332129568,0.006003097955155326,0.0008892541282238259,0.0,0.0,0.027915383565152243,136
53.620000000000005,0.02944367877655677,0.006006848763793868,0.0008893140671401891,0.0,0.0,0.027914013825252142,136
53.64,0.02944293855199509,0.006010543499207644,0.0008893727492270354,0.0,0.0,0.027912862597485513,136
53.660000000000004,0.029442368930341842,0.006014181631649537,0.0008894301702717669,0.0,0.0,0.027911930601214885,136
53.68,0.02944196885747926,0.0060177626257848175,0.0008894863256292854,0.0,0.0,0.027911217768681457,136
53.7,0.029441736475143285,0.006021285942178405,0.0008895412323153086,0.0,0.0,0.027910723251506828,136
53.72,0.029441669135233738,0.0060247510388450505,0.0008895949134290588,0.0,0.0,0.02791044543579663,136
53.74,0.02944176342167778,0.006028157372855606,0.0008896473122426148,0.0,0.0,0.027910381964830405,136
53.76,0.02944201517854866,0.006031504401993604,0.0008896984227826526,0.0,0.0,0.02791052976804212,136
53.78,0.02944241954295889,0.0060347915864575425,0.0008897579070971378,0.0,0.0,0.027910885094813546,136
53.800000000000004,0.02944297098117431,0.006038018390605253,0.0008898374143951064,0.0,0.0,0.027911443551529472,136
53.82,0.029443663326440047,0.006041184284737569,0.0008899155487336664,0.0,0.0,0.027912200140388435,136
53.84,0.029444489817158134,0.006044294551220589,0.0008899923045740438,0.0,0.0,0.027913149298611484,136
53.86,0.029445443134295778,0.006047345138482929,0.000890067670162992,0.0,0.0,0.02791428493692999,135
53.88,0.029446515437202416,0.006050333274899726,0.0008901416680637998,0.0,0.0,0.02791560047653328,135
53.9,0.029447698397343836,0.0060532584738230664,0.0008902142824173459,0.0,0.0,0.027917088883986023,135
53.92,0.029448983229789224,0.006056120265937935,0.0008902854865773323,0.0,0.0,0.02791874270395339,135
53.94,0.029450567820927264,0.006058918194529645,0.0008903797703402868,0.0,0.0,0.027920921604385966,135
53.96,0.029452533568297305,0.0060616518238213535,0.0008904826189482982,0.0,0.0,0.027923449695385502,135
53.980000000000004,0.029454571707910226,0.006064320737942086,0.0008905840280209319,0.0,0.0,0.027926117807465844,135
54.0,0.02945667190879169,0.006066924545410808,0.0008906839912661752,0.0,0.0,0.02792891708975365,135
54.02,0.029458823519067458,0.006069462879551053,0.0008907830462579897,0.0,0.0,0.02793183841204667,135
54.04,0.029461015592910526,0.0060719354002279555,0.0008909143443920343,0.0,0.0,0.027934872393366564,135
54.06,0.029463236918934963,0.006074341795485352,0.0008910441108934379,0.0,0.0,0.02793828854713108,135
54.08,0.029466121735976313,0.006076681783061492,0.0008911723526296714,0.0,0.0,0.027941919872024577,135
54.1,0.02946950144179035,0.006078955111762808,0.0008912990390486571,0.0,0.0,0.0279456340430818,135
54.120000000000005,0.02947321053782374,0.006081161563499587,0.0008914241629591176,0.0,0.0,0.027949421000322244,135
54.14,0.029477319643224482,0.006083300952384925,0.000891547717342195,0.0,0.0,0.02795327060655578,135
54.160000000000004,0.029481421834020655,0.006086485775569438,0.000891669695384866,0.0,0.0,0.027957172689935333,134
54.18,0.02948550552534459,0.006090021035668326,0.0008917900905170893,0.0,0.0,0.0279611170890243,133
54.2,0.0294895591455997,0.006093484576051456,0.0008919088967628428,0.0,0.0,0.02796509370004876,133
54.22,0.0294935711836066,0.0060975292769217,0.000892026132335375,0.0,0.0,0.02796909252586452,133
54.24,0.02949753023678073,0.0061018815519911914,0.0008921418437362206,0.0,0.0,0.027973103726036695,133
54.26,0.029501425059619536,0.006106154018073221,0.0008922559549565895,0.0,0.0,0.02797711766731432,132
54.28,0.029505244611687218,0.006110346775680361,0.0008923684558307951,0.0,0.0,0.02798112497369319,132
54.300000000000004,0.029508978104229838,0.00611445996154562,0.0008924793558908814,0.0,0.0,0.02798511657520428,132
54.32,0.029512615044538018,0.006118509508188366,0.0008925886629349908,0.0,0.0,0.027989083754550434,132
54.34,0.029516145277205953,0.0061224872028831,0.0008926963662729241,0.0,0.0,0.027993018190744824,132
54.36,0.029519559021509222,0.006126385891155465,0.0008928024580339534,0.0,0.0,0.027996911998979104,132
54.38,0.02952284690423934,0.0061302058443874815,0.0008929069346508662,0.0,0.0,0.028000757766063998,132
54.4,0.029525999987478596,0.0061339709121654516,0.0008930097979764567,0.0,0.0,0.028004548580931272,132
54.42,0.029529009790966253,0.006137668380735175,0.0008931110626849567,0.0,0.0,0.028008278059852808,132
54.44,0.02953186830888249,0.006141288037823928,0.0008932107027214792,0.0,0.0,0.02801194036620868,132
54.46,0.02953456802104872,0.006144830262453012,0.0008933087245400117,0.0,0.0,0.028015530224807548,132
54.480000000000004,0.029537665701480427,0.006148295455783693,0.000893405150665874,0.0,0.0,0.028019042930922913,131
54.5,0.029540621146219807,0.006151684039152058,0.00089349998220242,0.0,0.0,0.02802247435434532,131
54.52,0.029543399585869223,0.006154996452105805,0.0008935931927670563,0.0,0.0,0.028025820938861395,131
54.54,0.02954599325647226,0.006158233150459034,0.0008936847853123482,0.0,0.0,0.02802907969765228,131
54.56,0.029548397057071223,0.006161394604379312,0.000893803187379472,0.0,0.0,0.028032248205155135,131
54.58,0.029550606339209577,0.006164481304394074,0.000893925825138584,0.0,0.0,0.0280353245859566,131
54.6,0.02955261688920991,0.0061674937410698865,0.0008940467894930466,0.0,0.0,0.028038307501286875,131
54.620000000000005,0.029554424908425667,0.00617043241151994,0.0008942018560542256,0.0,0.0,0.028041196133664403,131
54.64,0.029556026991976785,0.006173297827124639,0.0008943584912528403,0.0,0.0,0.028043990170205816,131
54.660000000000004,0.029557420106435316,0.00617609050140214,0.0008945134699453227,0.0,0.0,0.028046689785071435,131
54.68,0.029558601566874943,0.0061788109532084304,0.0008946667977571989,0.0,0.0,0.028049295621463632,131
54.7,0.029559574211410797,0.0061814597043541655,0.0008948185763309461,0.0,0.0,0.028051808773540507,131
54.72,0.0295603364203487,0.006184037277891965,0.0008949688386473753,0.0,0.0,0.02805423076855135,131
54.74,0.02956209939362345,0.0061865441968065845,0.0008951174670998456,0.0,0.0,0.02805656354944625,131
54.76,0.029564079295330933,0.0061889809827778645,0.0008952644686139617,0.0,0.0,0.02805880945816097,131
54.78,0.029565893066838895,0.006191348155013832,0.0008954098517301634,0.0,0.0,0.028060971219731466,131
54.800000000000004,0.02956753807229351,0.0061936462293677745,0.0008955536262372966,0.0,0.0,0.028063051927350015,131
54.82,0.029569015295762374,0.006195875717673786,0.0008956957961673581,0.0,0.0,0.028065055028437553,131
54.84,0.029570325972637066,0.006198037124353637,0.0008958363694409955,0.0,0.0,0.028066984311773804,131
54.86,0.029571887570406262,0.006200130948347361,0.0008959753542865902,0.0,0.0,0.028068843895698158,131
54.88,0.029573333584082866,0.006202157681222831,0.0008961127682630046,0.0,0.0,0.028070638217370283,131
54.9,0.029574617521486418,0.0062041178063565235,0.0008962486109841252,0.0,0.0,0.02807237202305732,131
54.92,0.029576416100241126,0.006206011798159216,0.0008963828905435083,0.0,0.0,0.02807405035939715,131
54.94,0.029579014544635834,0.006207840121343227,0.0008965156171721478,0.0,0.0,0.02807567856557076,131
54.96,0.02958150818092787,0.006209603230227937,0.0008966468001868676,0.0,0.0,0.02807726226630266,132
54.980000000000004,0.029583901380169215,0.006211301568732464,0.000896776494247036,0.0,0.0,0.028078807365595756,133
55.0,0.02958619873619481,0.006212935568801204,0.0008969048556828553,0.0,0.0,0.028080320041094963,133
55.02,0.02958840505845364,0.006214505648741176,0.0008970318196900363,0.0,0.0,0.02808180673896282,133
55.04,0.029590525365121936,0.006216012215024515,0.000897157277763045,0.0,0.0,0.02808327416913907,133
55.06,0.02959256487635367,0.0062174556607404695,0.0008972812390655823,0.0,0.0,0.02808472930084514,133
55.08,0.029594529007511767,0.006218836369941693,0.0008974037146902255,0.0,0.0,0.028086179358183104,133
55.1,0.029596423362211313,0.0062201547053450075,0.000897524735779957,0.0,0.0,0.02808763181566708,133
55.120000000000005,0.029598253724994084,0.006221411014127933,0.0008976443059893905,0.0,0.0,0.028089094393512933,133
55.14,0.02960002605344039,0.006222605630947439,0.0008977624171626734,0.0,0.0,0.02809057505249961,133
55.160000000000004,0.02960174646951242,0.006223738874752937,0.0008978790789273438,0.0,0.0,0.028092081988203576,133
55.18,0.02960342124990942,0.006224811048399201,0.0008979943005565477,0.0,0.0,0.028093623624394447,133
55.2,0.029605057793418408,0.0062258224382883975,0.0008981080916093866,0.0,0.0,0.028095208605368852,132
55.22,0.029606671702483888,0.006226773314043777,0.0008982204615693138,0.0,0.0,0.02809684578698848,132
55.24,0.02960825967981702,0.006227663928218204,0.0008983314198883172,0.0,0.0,0.028098544226179006,132
55.26,0.029609828496942475,0.006228519945926634,0.0008984409762516191,0.0,0.0,0.028100313168640444,132
55.28,0.029611385008642993,0.006229321958948231,0.0008985491400448479,0.0,0.0,0.02810216203451636,133
55.300000000000004,0.029612944044722766,0.006230064307041986,0.0008986559205275036,0.0,0.0,0.028104100401771782,133
55.32,0.02961450759941029,0.006230764745914505,0.0008987613271540329,0.0,0.0,0.0281061379870374,133
55.34,0.02961607974166071,0.006231423007954515,0.0008988653688579363,0.0,0.0,0.028108284623693986,133
55.36,0.029617667423562626,0.006232022034781928,0.0008989680546067663,0.0,0.0,0.028110550236995747,133
55.38,0.029619277547156785,0.00623256195529658,0.0008990693933066784,0.0,0.0,0.028112944816067638,133
55.4,0.02962091692795262,0.006233042881616722,0.00089916939370325,0.0,0.0,0.028115478382659116,133
55.42,0.029622592254901152,0.006233464907431967,0.0008992680643600095,0.0,0.0,0.028118160956599105,133
55.44,0.029624310046840244,0.006233828109377639,0.0008993863730505799,0.0,0.0,0.02812100251797175,133
55.46,0.029626076605520364,0.006234132548045334,0.0008995193931669839,0.0,0.0,0.02812401296612279,133
55.480000000000004,0.02962922853993416,0.006234378268103541,0.0008996511059417515,0.0,0.0,0.028127202075709925,133
55.5,0.0296327542484231,0.00623502023258595,0.000899781516996089,0.0,0.0,0.02813057945012542,133
55.52,0.02963639668859856,0.00623671023496908,0.0008999388048870884,0.0,0.0,0.028134154472743724,133
55.54,0.029640162554467515,0.006238336214482155,0.0009001003255366469,0.0,0.0,0.028137936256576002,133
55.56,0.029644058123344714,0.006239903039263063,0.0009002605061150691,0.0,0.0,0.028141933593041468,133
55.58,0.029648089200151412,0.006241415012811575,0.000900419356116133,0.0,0.0,0.028146154900686428,133
55.6,0.02965226106245403,0.006242862958735519,0.0009005769286513378,0.0,0.0,0.02815060817478735,133
55.620000000000005,0.02965657840727704,0.0062442468704380924,0.0009007333000665306,0.0,0.0,0.028155300938857215,133
55.64,0.029661045300779506,0.006245566738326052,0.000900917573530491,0.0,0.0,0.02816024019912527,133
55.660000000000004,0.029665665131901935,0.006246822542848241,0.0009011076473864432,0.0,0.0,0.028165432403073183,133
55.68,0.029670440571064226,0.006248014248266485,0.0009012963078898366,0.0,0.0,0.02817088340308042,133
55.7,0.029676497519537482,0.006249141822932281,0.0009014835550927264,0.0,0.0,0.028176598426153183,133
55.72,0.02968412676034881,0.006250205232751878,0.0009016693932550098,0.0,0.0,0.02818258205058672,133
55.74,0.029692010151695696,0.0062512044426808865,0.0009018538248977685,0.0,0.0,0.028188838190241237,133
55.76,0.02970013202227277,0.006252139418155387,0.000902036852939913,0.0,0.0,0.028195370086904495,133
55.78,0.029709031219854538,0.006253010126432709,0.0009022184800307405,0.0,0.0,0.028202180310976255,133
55.800000000000004,0.029718310683432263,0.006253816543175041,0.0009023987147610794,0.0,0.0,0.028209270770454573,133
55.82,0.029727842737188974,0.006254558639528614,0.0009025775587025593,0.0,0.0,0.028216642727940017,133
55.84,0.029737627176759374,0.006255236392925213,0.0009027550292320765,0.0,0.0,0.028224406059269708,133
55.86,0.02974766317755988,0.006255849789896672,0.000902931639279784,0.0,0.0,0.028233235355939384,133
55.88,0.029757949331182903,0.006256414843763254,0.0009031071066666754,0.0,0.0,0.028242345284937697,133
55.9,0.029768483686340337,0.0062569304032803735,0.0009032811915862229,0.0,0.0,0.028251734833726044,133
55.92,0.029779263793006196,0.00625738154039431,0.0009034538945366814,0.0,0.0,0.028261402522753894,133
55.94,0.02979028674830158,0.0062577682677632624,0.0009036252156806577,0.0,0.0,0.028271346451711428,133
55.96,0.029801549242604496,0.006258090604969259,0.0009037951548258258,0.0,0.0,0.02828156434601227,133
55.980000000000004,0.029813047604355315,0.006258348579360446,0.0009039637115378779,0.0,0.0,0.028292053601998914,133
56.0,0.029824777842065657,0.006258542222796547,0.0009041308887724873,0.0,0.0,0.028302811329400712,133
56.02,0.02983673568212522,0.006258671574181723,0.0009042966852365864,0.0,0.0,0.028313834389660536,133
56.04,0.029848916601135422,0.006258736676724459,0.0009044610948495902,0.0,0.0,0.028325119428879084,133
56.06,0.029861315851678255,0.006258737577324638,0.0009046241152500367,0.0,0.0,0.028336662904303537,133
56.08,0.029873928480648078,0.0062586743284667075,0.0009047857435750067,0.0,0.0,0.0283484611035038,133
56.1,0.02988674933952688,0.006258546984792652,0.0009049529385401696,0.0,0.0,0.02836051015562956,133
56.120000000000005,0.02989977308626076,0.0062583556032100975,0.000905136865867072,0.0,0.0,0.028372806034415533,132
56.14,0.029912994178686245,0.0062583291202785545,0.0009053193335894509,0.0,0.0,0.028385344552890282,132
56.160000000000004,0.029926406859750204,0.006258578576884224,0.0009055003371317719,0.0,0.0,0.028398331357244313,132
56.18,0.029940005135053755,0.006258762809415693,0.0009056798712899206,0.0,0.0,0.028411762490032987,132
56.2,0.02995378274351922,0.006258881882619485,0.0009058579674311286,0.0,0.0,0.028425422063652832,132
56.22,0.02996773312222213,0.006258935859900492,0.000906034599780894,0.0,0.0,0.028439305044014276,132
56.24,0.029981849366638492,0.006258924805471437,0.0009062097714449789,0.0,0.0,0.02845340610356829,132
56.26,0.029996124187728665,0.00625884878364295,0.0009063834512193662,0.0,0.0,0.02846771958060521,132
56.28,0.030010549867408913,0.006258707858928629,0.000906555628095359,0.0,0.0,0.028482239437085697,132
56.300000000000004,0.030025125991080672,0.0062585020963217206,0.000906726294123251,0.0,0.0,0.0284969592166389,132
56.32,0.030039839165796785,0.006258231561714676,0.000906895441085905,0.0,0.0,0.028511872004408724,132
56.34,0.030054677086513756,0.0062578963224586654,0.0009070630605747378,0.0,0.0,0.028526970390435315,132
56.36,0.03006962989974174,0.006257496764399134,0.0009072291440705955,0.0,0.0,0.028542246438222816,132
56.38,0.03008468713426237,0.006257032668240332,0.0009073936830276379,0.0,0.0,0.02855769166006864,132
56.4,0.03009983768153873,0.006256504088918988,0.0009075566854096801,0.0,0.0,0.02857329700060985,132
56.42,0.030115844489431214,0.006255911106851437,0.0009077181402538776,0.0,0.0,0.028589052829880775,132
56.44,0.03013276183466594,0.006255253809178553,0.0009078780257054186,0.0,0.0,0.02860494894696676,132
56.46,0.030149785387803604,0.006254532290411539,0.0009080363553361355,0.0,0.0,0.02862097459508595,132
56.480000000000004,0.03016690327500436,0.006253746653428216,0.0009081933225836057,0.0,0.0,0.028637118488630164,132
56.5,0.030184103121610104,0.006252897010662285,0.0009083505944361658,0.0,0.0,0.028653368852357208,132
56.52,0.0302013721026677,0.006251983485268861,0.0009085062713775625,0.0,0.0,0.028669713472553576,132
56.54,0.030218697004822027,0.006251006214264852,0.0009086603378877225,0.0,0.0,0.028686139759594345,132
56.56,0.030236064298609627,0.0062499653461144,0.000908812789239626,0.0,0.0,0.028702634820932157,132
56.58,0.0302534602198074,0.0062488610400272615,0.0009089636212678265,0.0,0.0,0.028719185543169615,132
56.6,0.03027087085815146,0.006247693472272287,0.0009091128303857577,0.0,0.0,0.028735778681531148,131
56.620000000000005,0.03028828225146605,0.006246488930754263,0.0009092604135957144,0.0,0.0,0.02875240095477394,131
56.64,0.030305680483044054,0.0062452272314476275,0.0009094063684922597,0.0,0.0,0.028769039143379985,131
56.660000000000004,0.030323111613337474,0.006243902843714944,0.0009095506932599308,0.0,0.0,0.028785680188768255,131
56.68,0.03034090557761632,0.006242516005967033,0.0009096933866661596,0.0,0.0,0.0288023112912628,131
56.7,0.03035864526352823,0.006241066973532386,0.0009098344570407686,0.0,0.0,0.028818920004649008,131
56.72,0.030376317896894864,0.0062395560192768686,0.0009099739098641716,0.0,0.0,0.028835494325338155,131
56.74,0.030393911207464236,0.006237983431228908,0.0009101117306465896,0.0,0.0,0.02885202277442309,131
56.76,0.030411413501469958,0.006236349509898193,0.000910247926193207,0.0,0.0,0.02886849447122723,131
56.78,0.030428813724605177,0.0062346545714786,0.0009103825005659206,0.0,0.0,0.02888489919729905,131
56.800000000000004,0.03044610151472315,0.0062328989458564224,0.000910515447264473,0.0,0.0,0.028901227450165167,131
56.82,0.030463267243923228,0.0062310829753856895,0.000910646768135973,0.0,0.0,0.02891747048650187,131
56.84,0.030480755662266247,0.006229207014643741,0.0009107764660462947,0.0,0.0,0.028933620354702195,131
56.86,0.030498181182901995,0.006227271427332818,0.0009109045442966833,0.0,0.0,0.02894966991708896,131
56.88,0.030515459708438834,0.006225276586274293,0.0009110359007682611,0.0,0.0,0.02896561286224519,131
56.9,0.030532584761345117,0.0062232228726500525,0.000911195452905306,0.0,0.0,0.02898144370809972,131
56.92,0.030549703030525805,0.0062211106743801,0.0009113533686462018,0.0,0.0,0.028997157796517264,131
56.94,0.030566986576244445,0.006218940384916314,0.0009115096497524191,0.0,0.0,0.029012751280204665,130
56.96,0.030584101267545485,0.006216712402055563,0.000911664293502674,0.0,0.0,0.029028523742612264,130
56.980000000000004,0.030601043686148768,0.006214444690442044,0.0009118173057057976,0.0,0.0,0.029044302753909096,130
57.0,0.030617811110966897,0.006212134196572895,0.000911968692532851,0.0,0.0,0.029059953728147927,130
57.02,0.030634401480784043,0.006209767165966997,0.000912118461642071,0.0,0.0,0.02907547580578094,131
57.04,0.030650813352986087,0.006207344002824576,0.0009122666213126381,0.0,0.0,0.029090868785495508,132
57.06,0.030667045858928755,0.006204865110484545,0.0009124131761617394,0.0,0.0,0.02910613308124788,132
57.08,0.030683098656471466,0.006202330890596536,0.0009125581337235293,0.0,0.0,0.029121269676534056,131
57.1,0.030698971880155846,0.006199741742448668,0.0009127015018684493,0.0,0.0,0.029136280076381745,131
57.120000000000005,0.030714666089475106,0.00619709806540118,0.0009128432887997987,0.0,0.0,0.029151166257513957,131
57.14,0.030730182215662233,0.006194400248676987,0.0009129835041457619,0.0,0.0,0.02916593061711789,131
57.160000000000004,0.030745521507426304,0.006191648680716229,0.0009131221561954368,0.0,0.0,0.029180575920653172,131
57.18,0.030760685476082326,0.0061888437455339725,0.0009132592705250484,0.0,0.0,0.02919510524915052,131
57.2,0.03077567584055118,0.006185985822475068,0.0009133948520272979,0.0,0.0,0.029209521946483137,131
57.22,0.03079049447274795,0.0061830752860717745,0.0009135288987364789,0.0,0.0,0.029223829567134537,131
57.24,0.03080514334392235,0.006180112507296073,0.0009136614203679991,0.0,0.0,0.02923803182503265,132
57.26,0.030819624472560526,0.006177097850181854,0.000913792429275845,0.0,0.0,0.02925213254406514,132
57.28,0.030833939874491675,0.006174031674487161,0.0009139219354500906,0.0,0.0,0.02926613561092541,132
57.300000000000004,0.030848091515861282,0.006170914336040248,0.0009140499722408922,0.0,0.0,0.029280044930956893,132
57.32,0.030862081269624923,0.006167746186580381,0.0009141765375987431,0.0,0.0,0.029293864387655223,132
57.34,0.03087591087617646,0.006164527574146255,0.0009143365992079301,0.0,0.0,0.0293075978064477,132
57.36,0.03088958190864774,0.006161258843523394,0.0009144977239659756,0.0,0.0,0.02932124892329243,132
57.38,0.030903095743300635,0.006157940336737985,0.0009146573545240575,0.0,0.0,0.02933482135852272,132
57.4,0.030916453535277888,0.006154572393583423,0.0009148154950963874,0.0,0.0,0.02934831859620772,131
57.42,0.030929656199793133,0.0061511553521649415,0.0009149721831437639,0.0,0.0,0.029361743969113455,131
57.44,0.030943747580631446,0.0061476895497364304,0.0009151274047235648,0.0,0.0,0.02937510064913782,131
57.46,0.030958160228944456,0.006145846787615135,0.0009152811706606998,0.0,0.0,0.029388391642872255,131
57.480000000000004,0.030972464835345923,0.00614401776348798,0.0009154334923852896,0.0,0.0,0.029401619791726345,131
57.5,0.030986662850185514,0.0061421301270415665,0.0009155843928764381,0.0,0.0,0.029414787775855687,131
57.52,0.031000755525277937,0.006140184336445806,0.0009157338765995579,0.0,0.0,0.029427898120973697,131
57.54,0.03101474392062547,0.006138180849932763,0.0009158819475634907,0.0,0.0,0.029440953207017298,131
57.56,0.031028628911827432,0.006136120126003474,0.0009160286194323257,0.0,0.0,0.029453955277585084,131
57.58,0.031042414161026172,0.006134008234993893,0.0009161739048984664,0.0,0.0,0.029466906449078647,131
57.6,0.031056101329888643,0.006131843842819805,0.0009163178253153744,0.0,0.0,0.029479808718553054,132
57.620000000000005,0.031069686691597712,0.006129623579882092,0.0009164603690997548,0.0,0.0,0.029492663969418,132
57.64,0.031083170436485393,0.006127347906583098,0.0009166015436846966,0.0,0.0,0.029505473974314137,132
57.660000000000004,0.031096552584160306,0.006125017283695562,0.0009167413557590822,0.0,0.0,0.029518240394710474,132
57.68,0.031109832977040282,0.0061226321722089505,0.00091687981122633,0.0,0.0,0.029530964777013027,132
57.7,0.03112301127034234,0.00612019303313046,0.0009170169154384168,0.0,0.0,0.029543648545225773,132
57.72,0.031136086918816346,0.006117700381197076,0.0009171526722577869,0.0,0.0,0.029556292990450678,132
57.74,0.031149159142554426,0.006115154661340543,0.0009172870849943704,0.0,0.0,0.02956889925773795,132
57.76,0.031162536310089344,0.006112556295000992,0.0009174201559678925,0.0,0.0,0.02958146833099101,132
57.78,0.031175809216459165,0.006109905740631784,0.0009175518895950907,0.0,0.0,0.029594001016784062,133
57.800000000000004,0.03118897432991882,0.00610720345529846,0.0009176822897365731,0.0,0.0,0.029606497928054212,132
57.82,0.031202029836038925,0.006104449894366045,0.0009178113569853587,0.0,0.0,0.02961895946868444,132
57.84,0.031216420157159093,0.00610164551173149,0.0009179391332074422,0.0,0.0,0.029631385819992986,132
57.86,0.03123088635043482,0.006098790758286801,0.0009180655655046658,0.0,0.0,0.029643776930091573,133
57.88,0.031245287309148537,0.006095886082083796,0.0009181906505390263,0.0,0.0,0.029656132506970592,133
57.9,0.031259621811245725,0.006092931928663257,0.0009183143842344788,0.0,0.0,0.02966845201602186,133
57.92,0.03127388837660041,0.006089928740401057,0.0009184367766535956,0.0,0.0,0.029680734682521717,133
57.94,0.03128808527438299,0.006086876956246062,0.0009185578187131028,0.0,0.0,0.02969297949938319,133
57.96,0.03130221053576348,0.006083777013716058,0.0009186775025265784,0.0,0.0,0.029705185240252025,131
57.980000000000004,0.031316261971782514,0.006080648825234245,0.0009187958367174443,0.0,0.0,0.02971735047778193,130
58.0,0.03133023719598764,0.006077485160984331,0.0009189127898499444,0.0,0.0,0.029729473606690156,130
58.02,0.03134413365121443,0.006074274566181887,0.0009190283542492994,0.0,0.0,0.029741552870976597,130
58.04,0.03135794863970248,0.00607101745767957,0.0009191425321585069,0.0,0.0,0.029753586394500226,130
58.06,0.03137168172820553,0.006067714248849499,0.0009192553065296248,0.0,0.0,0.02976557221395244,130
58.08,0.03138534164794005,0.006065874172524266,0.0009193666678674431,0.0,0.0,0.029777508313155537,130
58.1,0.03139891617818595,0.00606447447486417,0.0009194766077846439,0.0,0.0,0.029789392657550852,130
58.120000000000005,0.031412397820229955,0.006063023874963014,0.0009195851178661503,0.0,0.0,0.02980122322772412,130
58.14,0.031425783669876174,0.006061522729686177,0.0009196921897226801,0.0,0.0,0.029812998050846758,129
58.160000000000004,0.031439070873931316,0.0060599713914718575,0.0009197978170519522,0.0,0.0,0.029824715228986012,129
58.18,0.03145225665373441,0.00605837020712619,0.0009199019951291572,0.0,0.0,0.02983637296335011,129
58.2,0.031465338323785466,0.006056719517596064,0.0009200047113451571,0.0,0.0,0.02984796957367897,129
58.22,0.031478313304853144,0.006055019657752638,0.0009201059568512913,0.0,0.0,0.02985950351216215,129
58.24,0.031491318976325094,0.006053270956189189,0.000920205725015608,0.0,0.0,0.029870973371453242,129
58.26,0.03150475134187435,0.00605147373503729,0.0009203040289682484,0.0,0.0,0.029882377886549103,128
58.28,0.031518081819988046,0.006049628309805527,0.0009204008437930432,0.0,0.0,0.029893715930504505,127
58.300000000000004,0.031531314452534466,0.006047734989245105,0.0009204961581518953,0.0,0.0,0.02990498650415372,127
58.32,0.031544442283982906,0.006045794075246721,0.0009205899647319598,0.0,0.0,0.029916188720200954,127
58.34,0.03155746286637564,0.006043805862772915,0.0009206822562979115,0.0,0.0,0.02992749514479924,127
58.36,0.0315703745246631,0.006041770639829912,0.0009207730256711724,0.0,0.0,0.02993919689072809,127
58.38,0.03158317559545493,0.006039688687482635,0.0009208622756039269,0.0,0.0,0.029951142267838887,127
58.4,0.03159586439451672,0.006037560279916082,0.0009209499996784338,0.0,0.0,0.029963015168292858,127
58.42,0.03160843918258759,0.006035385684545775,0.00092103617954523,0.0,0.0,0.02997481487463255,127
58.44,0.031621566679934626,0.006033165162179397,0.000921120807941489,0.0,0.0,0.029986540607235938,127
58.46,0.031634588778162,0.00603089896729556,0.0009212038777479943,0.0,0.0,0.0299981914908536,127
58.480000000000004,0.03164750294026052,0.006028587455239039,0.0009212853819209539,0.0,0.0,0.03000976652249917,127
58.5,0.031660307144693964,0.006026230985493169,0.0009213653134870399,0.0,0.0,0.03002126454156032,127
58.52,0.031672999162227815,0.0060241513537237,0.0009214437098370462,0.0,0.0,0.030032684202874686,127
58.54,0.03168557653169184,0.006022932822471218,0.0009215205344327095,0.0,0.0,0.03004402395336693,126
58.56,0.03169803653970026,0.0060216616984113385,0.0009215957830593725,0.0,0.0,0.030055282012683458,126
58.58,0.031710376204600994,0.00602033810622821,0.0009216695010339578,0.0,0.0,0.030066456358099316,126
58.6,0.03172259226477472,0.006018962172158681,0.000921741613462707,0.0,0.0,0.03007754471382235,126
58.620000000000005,0.03173468117127883,0.006017538872333733,0.0009218121150131786,0.0,0.0,0.030088544544693212,126
58.64,0.03174663908473529,0.006016069507250691,0.0009218810007166157,0.0,0.0,0.03009945305418516,126
58.660000000000004,0.031758461876303955,0.006014909799845309,0.0009219482658448333,0.0,0.0,0.0301102671865491,126
58.68,0.03177014513256,0.006015100680550739,0.0009220139065043434,0.0,0.0,0.030120983632927045,126
58.7,0.03178168416410259,0.006015239044620671,0.0009220779213987161,0.0,0.0,0.0301315988412656,126
58.72,0.03179307401775192,0.006015321083466496,0.0009221403120586185,0.0,0.0,0.030142109029890316,127
58.74,0.03180430949222956,0.00601534693463373,0.0009222010709685767,0.0,0.0,0.03015251020464004,126
58.76,0.03181538515725002,0.006015316745514745,0.0009222601973102515,0.0,0.0,0.030162798179492724,126
58.78,0.031826295375966124,0.006015230667513699,0.0009223176902360252,0.0,0.0,0.030172968600628496,126
58.800000000000004,0.0318370343306977,0.006015088867630868,0.0009223735502375262,0.0,0.0,0.030183016973862966,126
58.82,0.03184759605182651,0.006014891542231285,0.0009224277785685963,0.0,0.0,0.03019293869533615,126
58.84,0.03185797444966131,0.006014638885851038,0.0009224805140189498,0.0,0.0,0.030202729085264217,126
58.86,0.03186816334897022,0.006014331086527057,0.0009225329266065959,0.0,0.0,0.030212492115786565,126
58.88,0.03187815652575484,0.0060139683529535385,0.0009225837268601919,0.0,0.0,0.03022248055788748,126
58.9,0.03188794774571386,0.006013550913009072,0.0009226329184799945,0.0,0.0,0.030232322902842473,126
58.92,0.03189753080372902,0.0060130790071873325,0.0009226805057286546,0.0,0.0,0.030242014553241763,126
58.94,0.03190689956361705,0.006012568773654479,0.0009227264936379551,0.0,0.0,0.030251551035693467,126
58.96,0.03191604799733677,0.006012020068227244,0.0009227708876033278,0.0,0.0,0.03026092804253038,126
58.980000000000004,0.03192497022282979,0.006011417634433694,0.0009228136928918277,0.0,0.0,0.030270141472264825,126
59.0,0.03193366053970665,0.006010761760686853,0.0009228549155416047,0.0,0.0,0.030279187468007472,126
59.02,0.03194211346206503,0.006010052746333849,0.0009228945619184313,0.0,0.0,0.030288062453141716,126
59.04,0.03195032374783676,0.006009290901060139,0.0009229326386734908,0.0,0.0,0.03029689152748119,126
59.06,0.03195828642419528,0.0060084815886433125,0.0009229691533687873,0.0,0.0,0.03030582422879902,125
59.08,0.03196599680870512,0.006007625689123277,0.0009230228223904458,0.0,0.0,0.03031457668008401,125
59.1,0.031973450526047276,0.00600671794732431,0.000923092420563811,0.0,0.0,0.030323146710021117,125
59.120000000000005,0.0319806435203006,0.006005758705848803,0.0009231604302267581,0.0,0.0,0.030331532548780064,125
59.14,0.031987572062891365,0.0060047483148349,0.0009232268590900045,0.0,0.0,0.030339732839686256,125
59.160000000000004,0.031994236856057914,0.006003687129975516,0.000923291714963675,0.0,0.0,0.03034774664695003,125
59.18,0.032000642354010525,0.006002575516149602,0.0009233550057398748,0.0,0.0,0.030355573459772234,126
59.2,0.03200700823068503,0.00600141383772306,0.0009234167396024476,0.0,0.0,0.030363213193207013,126
59.22,0.03201333955379088,0.006000202456723006,0.000923476958486936,0.0,0.0,0.030370666186201534,125
59.24,0.032019392150803946,0.00599894174199223,0.0009235356465103486,0.0,0.0,0.03037812844305455,126
59.26,0.03202518958848619,0.005997632063416872,0.0009235928228173005,0.0,0.0,0.030385620156496547,125
59.28,0.03203124925393228,0.005996273791057984,0.0009236485613270459,0.0,0.0,0.03039292814269739,125
59.300000000000004,0.03203702484190894,0.005994867294304924,0.0009237027851414323,0.0,0.0,0.030400054375383196,125
59.32,0.03204251537219682,0.005993412941053185,0.0009237555026165947,0.0,0.0,0.030407001215018874,125
59.34,0.03204772010779542,0.005991911096908401,0.0009238067219680426,0.0,0.0,0.03041377139862332,125
59.36,0.0320526385386518,0.005990362124417564,0.0009238564582221662,0.0,0.0,0.030420368029403184,124
59.38,0.03205727036522306,0.0059887663841964875,0.0009239047348693737,0.0,0.0,0.030426794566437557,124
59.4,0.032061615482067034,0.005987124229975057,0.0009239515375177397,0.0,0.0,0.030433054814603892,124
59.42,0.032065673961618045,0.005985436009403136,0.0009239968746962923,0.0,0.0,0.030439152914894865,124
59.44,0.032069446038271394,0.005983702065652979,0.0009240407547364953,0.0,0.0,0.03044522990031402,124
59.46,0.03207293209286954,0.0059819227353997756,0.0009240831862027799,0.0,0.0,0.03045176721397398,124
59.480000000000004,0.032076180023708885,0.005980098348209051,0.0009241241792186873,0.0,0.0,0.0304584539453705,124
59.5,0.032081169414739874,0.005978229225946022,0.0009241637538831855,0.0,0.0,0.030464996852312402,124
59.52,0.03208595028228219,0.005976315682205337,0.000924201930951563,0.0,0.0,0.03047140163262262,124
59.54,0.03209052205972601,0.005974358026994424,0.0009242386926871831,0.0,0.0,0.030477674274419102,124
59.56,0.03209488845372329,0.005972356563374963,0.000924274048458499,0.0,0.0,0.030483958636035532,124
59.58,0.032099053349201954,0.00597031157631524,0.0009243080244017961,0.0,0.0,0.030490458627133354,124
59.6,0.03210302080009501,0.005968223328063945,0.0009243406110662747,0.0,0.0,0.030496845498964517,124
59.620000000000005,0.032106795020140494,0.005966092083546748,0.0009243719035215984,0.0,0.0,0.030503126350489716,124
59.64,0.032110380373619074,0.005963918095633541,0.0009244018404862087,0.0,0.0,0.03050930854716619,124
59.660000000000004,0.03211378136587883,0.005961701604916426,0.000924430421746419,0.0,0.0,0.03051539971672696,124
59.68,0.03211700263347989,0.005959442840278002,0.0009244576907812578,0.0,0.0,0.030521407744795375,124
59.7,0.03212004893377486,0.005957166193856125,0.0009244836655090026,0.0,0.0,0.03052734077015046,124
59.72,0.032122925133723376,0.005954854278978872,0.0009245083057205438,0.0,0.0,0.030533207179438488,124
59.74,0.03212564370756081,0.005952500647005831,0.0009245316204917165,0.0,0.0,0.03053901560110774,124
59.76,0.03212820549635282,0.005950105480435362,0.000924553657822647,0.0,0.0,0.030544774898323232,124
59.78,0.03213094948982554,0.005947668932127872,0.0009245744129006509,0.0,0.0,0.03055049416059902,124
59.800000000000004,0.032133736807523225,0.0059451911486765995,0.000924593871296719,0.0,0.0,0.030556182693867732,124
59.82,0.03213637885887389,0.005942858507664665,0.0009246120485044476,0.0,0.0,0.030561850008690508,124
59.84,0.03213961376068817,0.005940910112221384,0.0009246289409739834,0.0,0.0,0.030567505806296164,125
59.86,0.032143792300370184,0.005938919159949933,0.0009246445572810181,0.0,0.0,0.030573431748328647,125
59.88,0.03214976620442974,0.005936885774061424,0.0009246589083018725,0.0,0.0,0.030579504978331205,125
59.9,0.03215574381693241,0.005934809985486153,0.0009246720123259995,0.0,0.0,0.030585596256097258,124
59.92,0.032161750930770665,0.005932691848527766,0.0009246838786412211,0.0,0.0,0.030591715851033516,124
59.94,0.032168225950385806,0.005931571081095179,0.0009246944983256623,0.0,0.0,0.03059787410967403,124
59.96,0.03217473392132503,0.005930816018116043,0.0009247038788399058,0.0,0.0,0.030604081422126547,124
59.980000000000004,0.03218128484236469,0.005930015417289125,0.0009247120234812566,0.0,0.0,0.030610348184351915,124
60.0,0.032187888668675536,0.005929169249428404,0.0009247189381459065,0.0,0.0,0.030616684756157496,124
60.02,0.03219455526531369,0.005928277467597772,0.0009247246287052714,0.0,0.0,0.030623101414877507,123
60.04,0.03220129435647675,0.005927340008079165,0.0009247291171977822,0.0,0.0,0.030629608304825088,122
60.06,0.03220811547074155,0.005926356793015813,0.0009247323875712167,0.0,0.0,0.030636215382732482,122
60.08,0.032215027882648656,0.005925327729575281,0.0009247344428206571,0.0,0.0,0.030642932359543625,122
60.1,0.032222040551160507,0.005924252710498059,0.0009247388835481203,0.0,0.0,0.03064976863908558,122
60.120000000000005,0.03222916205568878,0.005924270043661741,0.0009247914994003477,0.0,0.0,0.03065673325431362,123
60.14,0.03223682601512647,0.005924557526156711,0.0009248428098729062,0.0,0.0,0.03066383480199195,123
60.160000000000004,0.0322446493617892,0.005924815830054037,0.0009248928130328142,0.0,0.0,0.030671081376827912,123
60.18,0.03225260373440238,0.005925027402166837,0.0009249415067220397,0.0,0.0,0.030678480506209305,123
60.2,0.03226069553945169,0.005925188833628013,0.0009249888887786419,0.0,0.0,0.030686039086790302,123
60.22,0.032269086680477746,0.00592529993268857,0.0009250349555169104,0.0,0.0,0.03069376332421812,123
60.24,0.0322780649475474,0.005925360499104427,0.0009250797022124358,0.0,0.0,0.030701658677279996,123
60.26,0.03228719459980216,0.005925370325895882,0.0009251231231576861,0.0,0.0,0.03070972980767071,123
60.28,0.0322964789277988,0.005925329203256108,0.0009251652118861523,0.0,0.0,0.030717980536431704,123
60.300000000000004,0.032305920334667074,0.005925236918615521,0.0009252059609781536,0.0,0.0,0.030726413807897236,123
60.32,0.03231552030789719,0.005925093258186485,0.0009252453808373259,0.0,0.0,0.03073503166171188,123
60.34,0.032325279399448875,0.005924898008518368,0.0009252834516425335,0.0,0.0,0.03074383521317151,123
60.36,0.032335197214103356,0.005924650958043956,0.0009253201559776228,0.0,0.0,0.030752824641810606,123
60.38,0.03234527240565753,0.005924351898599567,0.00092535549019861,0.0,0.0,0.03076199918783666,122
60.4,0.032355502680271625,0.005924000626903211,0.0009253894376414267,0.0,0.0,0.030771357155724963,122
60.42,0.03236588480605293,0.005924758473848947,0.000925421992422863,0.0,0.0,0.030780895924058284,122
60.44,0.03237660186900879,0.005926411747137462,0.0009254531360638889,0.0,0.0,0.030790611960548393,122
60.46,0.03238780618214237,0.005928001492860846,0.0009254828767444382,0.0,0.0,0.03080050084111951,122
60.480000000000004,0.032399492796560694,0.0059295273328688405,0.0009255111812951123,0.0,0.0,0.030810557271977592,122
60.5,0.032411492139897795,0.005930988900047071,0.0009255380357268367,0.0,0.0,0.030820775113723876,122
60.52,0.032423612282265854,0.005932385840024043,0.0009255634322772645,0.0,0.0,0.030831147406787933,122
60.54,0.03243584478132157,0.005933717812884722,0.0009255873672754755,0.0,0.0,0.030841666397730217,122
60.56,0.032448180413489576,0.005934984494894289,0.0009256098137939879,0.0,0.0,0.030852323566273255,122
60.58,0.03246060920148419,0.005936185580233638,0.0009256307983234713,0.0,0.0,0.030863109653233942,122
60.6,0.0324731204431638,0.0059373207866586985,0.0009256504973604142,0.0,0.0,0.030874014689817906,122
60.620000000000005,0.032485702742414795,0.005938936434408247,0.0009256686808901902,0.0,0.0,0.030885028028974776,122
60.64,0.03249834404292546,0.005941412037908171,0.0009257110971418409,0.0,0.0,0.030896138379676613,121
60.660000000000004,0.03251103166578493,0.005943817319459236,0.0009257789548780624,0.0,0.0,0.03090733384505636,121
60.68,0.032523752351818994,0.005946152076921465,0.0009258451657494102,0.0,0.0,0.030918601965319654,121
60.7,0.032536492309454164,0.005948416136570653,0.0009259097204295892,0.0,0.0,0.03092992976622271,121
60.72,0.03254923726869112,0.0059506093553595265,0.0009259726106108051,0.0,0.0,0.03094130381369873,121
60.74,0.03256197254148548,0.005952731620380606,0.000926033834720345,0.0,0.0,0.030952710274931492,120
60.76,0.03257483898289392,0.0059547828517155675,0.0009260933795539762,0.0,0.0,0.03096413498583964,120
60.78,0.032587971422589714,0.005956763005775123,0.0009261512592111331,0.0,0.0,0.03097556352457398,120
60.800000000000004,0.03260104768411947,0.005958672069278354,0.0009262074484677837,0.0,0.0,0.030986981290270558,120
60.82,0.032614052130700885,0.005960510068033546,0.0009262619427966003,0.0,0.0,0.03099837358597256,120
60.84,0.03262696909181228,0.005962277067855628,0.0009263151611284679,0.0,0.0,0.031009725704355943,120
60.86,0.0326397829492155,0.005963973157302269,0.0009263668248581451,0.0,0.0,0.03102102301468937,120
60.88,0.03265247822248356,0.005965600432761405,0.0009264167952849057,0.0,0.0,0.031032251049338086,120
60.9,0.03266503965231426,0.005967166520299437,0.0009264650712270914,0.0,0.0,0.03104339558809246,120
60.92,0.0326774522799709,0.005968671730315303,0.0009265116729750497,0.0,0.0,0.031054442738661297,120
60.94,0.032689701521331396,0.005970110732259836,0.0009265888398336151,0.0,0.0,0.031065699582448366,120
60.96,0.03270177323423576,0.0059714798008936995,0.0009266887474652136,0.0,0.0,0.031076925388236157,120
60.980000000000004,0.032713653778080456,0.0059727792400244934,0.0009268192889881682,0.0,0.0,0.031088014334678022,120
61.0,0.03272533006489748,0.005974009387797826,0.0009269480303290315,0.0,0.0,0.031098954521315593,120
61.02,0.0327367896014569,0.005975170607377017,0.000927074973329496,0.0,0.0,0.03110973467553435,120
61.04,0.03274802052222586,0.0059762632937943195,0.0009272001295843647,0.0,0.0,0.031120344186796565,120
61.06,0.0327593853034439,0.005977527987967872,0.0009273235162328734,0.0,0.0,0.0311307731318738,120
61.08,0.0327708457563315,0.005978884816231505,0.0009274451115938318,0.0,0.0,0.031141012291422167,119
61.1,0.03278205937207122,0.005980173567489734,0.0009275649186561043,0.0,0.0,0.031151053158441903,119
61.120000000000005,0.03279301728063457,0.005981394730564144,0.0009276829406868628,0.0,0.0,0.031160887939312383,119
61.14,0.03280371128921039,0.005982548810401401,0.0009277991811808078,0.0,0.0,0.031170509548198777,119
61.160000000000004,0.032814133869720034,0.005983636330472274,0.0009279136449369174,0.0,0.0,0.031179911595687903,118
61.18,0.03282427814140902,0.0059846578324262555,0.0009280263601136055,0.0,0.0,0.03118908837253223,117
61.2,0.03283413784938228,0.005985613868191866,0.0009281373307571264,0.0,0.0,0.03119803482937099,117
61.22,0.032843707339911335,0.005986505004207247,0.000928246541297125,0.0,0.0,0.03120721785117282,117
61.24,0.032852981533285856,0.0059873318210306,0.0009283539905511491,0.0,0.0,0.031216181549535916,117
61.26,0.032861955894911345,0.005988094906344888,0.0009284596829531193,0.0,0.0,0.031224902842672188,117
61.28,0.032870626405275875,0.0059887948527326835,0.0009285636230422889,0.0,0.0,0.031233379065710366,117
61.300000000000004,0.032878989529328995,0.005989432258496599,0.0009286658154523351,0.0,0.0,0.031241608078794895,117
61.32,0.03288704218573371,0.0059900077662879865,0.0009287662649016217,0.0,0.0,0.031249588237779378,117
61.34,0.03289478171637652,0.0059905220147927025,0.0009288649761844841,0.0,0.0,0.03125731836523137,117
61.36,0.03290220585644735,0.005990975561173537,0.0009289619541634595,0.0,0.0,0.031264797722063926,117
61.38,0.03290931270533661,0.005991369000549042,0.0009290572037623069,0.0,0.0,0.03127202598004474,116
61.4,0.03291610069853853,0.00599170294153566,0.0009291507299597846,0.0,0.0,0.03127900319537557,116
61.42,0.032922568580698,0.00599197799581623,0.0009292425377921402,0.0,0.0,0.03128572978348344,116
61.44,0.032928715379896514,0.005992194777379103,0.0009293326328090414,0.0,0.0,0.03129245027907013,116
61.46,0.03293454038323442,0.0059923539020240646,0.0009294210198458798,0.0,0.0,0.03129912012213873,116
61.480000000000004,0.03294004311373727,0.005992455985781491,0.0009295077038417218,0.0,0.0,0.031305541960046805,116
61.5,0.03294522330858947,0.005993786483917165,0.0009295926899768794,0.0,0.0,0.031311717420453064,116
61.52,0.032950080898678125,0.0059952821140627855,0.0009296759835011196,0.0,0.0,0.03131764838468587,116
61.54,0.032954615989415466,0.005996718259968147,0.0009297575896546113,0.0,0.0,0.0313234031347647,116
61.56,0.032958828842796016,0.005998095510341705,0.0009298375178234297,0.0,0.0,0.031329323887730826,116
61.58,0.03296271986063676,0.005999691600865613,0.000929915790786828,0.0,0.0,0.031335006515451194,116
61.6,0.03296628956894194,0.0060017922329532415,0.000929992454057079,0.0,0.0,0.03134045375814352,116
61.620000000000005,0.03296953860333145,0.006003833566130467,0.0009300677333345538,0.0,0.0,0.031345668537882496,117
61.64,0.03297246769546863,0.006005816100949961,0.0009301413574302706,0.0,0.0,0.03135065394782723,118
61.660000000000004,0.03297507766042333,0.006007740391846751,0.0009302133316313975,0.0,0.0,0.03135541324251275,118
61.68,0.03297736938490613,0.006009606987877231,0.0009302836612373758,0.0,0.0,0.031359949829148345,118
61.7,0.03297934381631103,0.006011416431317123,0.0009303523667272783,0.0,0.0,0.03136426725986657,118
61.72,0.03298100195250541,0.00601316925952539,0.0009304194618078453,0.0,0.0,0.031368369224868686,117
61.74,0.032982344832308344,0.0060148660011288884,0.0009304849278020166,0.0,0.0,0.03137225954641486,117
61.76,0.03298337352660093,0.006016507177993214,0.0009305487700517527,0.0,0.0,0.03137594217361005,117
61.78,0.03298408913001483,0.006018093300620224,0.0009306110108415803,0.0,0.0,0.03137942117793939,117
61.800000000000004,0.0329844927531478,0.006019624868455088,0.0009306716977789109,0.0,0.0,0.031382700749509815,118
61.82,0.03298458551525802,0.006021102378194124,0.0009307307879662718,0.0,0.0,0.03138600711362074,118
61.84,0.032984368537391444,0.006022526320426276,0.0009308035846307662,0.0,0.0,0.03138933079859689,117
61.86,0.032984129149093225,0.006023897170399504,0.0009308919197147269,0.0,0.0,0.03139246776996012,117
61.88,0.03298386714362173,0.006025215395693252,0.0009309786117452476,0.0,0.0,0.03139542266799346,117
61.9,0.032983890982475166,0.006026481458115637,0.0009310636882049279,0.0,0.0,0.031398200242080634,117
61.92,0.032983622562784545,0.006027695809009171,0.0009311566193128985,0.0,0.0,0.03140080535042935,117
61.940000000000005,0.032983066521329735,0.006028858890391127,0.0009312710323565902,0.0,0.0,0.03140324296027103,117
61.96,0.03298222816184098,0.006029971134833234,0.0009313837971105592,0.0,0.0,0.03140551814851331,117
61.980000000000004,0.03298110169864194,0.00603103296396261,0.0009314949185703942,0.0,0.0,0.031407636102821525,116
62.0,0.03297968844577004,0.006032044791089381,0.0009316044456447653,0.0,0.0,0.03140960212310736,117
62.02,0.03297800288300891,0.006033007031865718,0.0009317123336574888,0.0,0.0,0.03141142162340347,117
62.04,0.032977583489067874,0.006033920068348445,0.000931818561175673,0.0,0.0,0.031413100134102596,117
62.06,0.03297692897666565,0.006034784282638471,0.0009319231339636176,0.0,0.0,0.03141464330454063,117
62.08,0.03297604215274902,0.006035600047039551,0.0009320260577994502,0.0,0.0,0.03141605690590143,117
62.1,0.03297492584275485,0.006036367727924798,0.0009321274109561931,0.0,0.0,0.03141734683442176,118
62.120000000000005,0.03297358288955355,0.006037087673771379,0.0009322271359227006,0.0,0.0,0.03141851911487195,118
62.14,0.032971980374057366,0.006037760225229588,0.0009323149752152551,0.0,0.0,0.03141955429685706,118
62.160000000000004,0.03297014094554391,0.006038385699742463,0.0009323936625283707,0.0,0.0,0.031420465376386326,118
62.18,0.03296808344660126,0.006038964409226773,0.0009324707668155746,0.0,0.0,0.03142127758550192,118
62.2,0.03296581078044322,0.006039496658354236,0.0009325462915582339,0.0,0.0,0.031421997503201266,118
62.22,0.03296474628581139,0.006039982740871406,0.000932620233240204,0.0,0.0,0.031422631857556976,117
62.24,0.03296365682677928,0.006040422939915012,0.0009326925976384133,0.0,0.0,0.03142318753020593,117
62.26,0.032962410349677784,0.006040817526589277,0.0009327634193753283,0.0,0.0,0.03142367156085949,117
62.28,0.03296101151231745,0.006041166762110429,0.0009328327314278804,0.0,0.0,0.03142409115177676,117
62.300000000000004,0.03295956760546665,0.006041470890781048,0.000932900586606402,0.0,0.0,0.0314244536721353,115
62.32,0.03295865888175707,0.006041730146048666,0.0009329669186311741,0.0,0.0,0.031424766662224206,114
62.34,0.032957875167274574,0.006041944748705998,0.0009330317022965248,0.0,0.0,0.031425037837374416,114
62.36,0.032956957067591885,0.006042114906393538,0.0009330949432843093,0.0,0.0,0.031425275091530445,114
62.38,0.032955909620584145,0.0060422408155857785,0.0009331566517590714,0.0,0.0,0.031425486500354906,114
62.4,0.03295473793608965,0.006042323258982631,0.0009332168561068853,0.0,0.0,0.03142568032374475,114
62.42,0.032953447192691936,0.006042394850738485,0.0009333024576619371,0.0,0.0,0.03142586500762363,114
62.440000000000005,0.032952055616958104,0.006042431097150689,0.0009334306401890635,0.0,0.0,0.03142604918486038,114
62.46,0.03295055990486451,0.006042444937133747,0.000933569680814921,0.0,0.0,0.031426241675148625,114
62.480000000000004,0.032948961108642975,0.006042415178907404,0.0009337070681372271,0.0,0.0,0.031426451483666774,114
62.5,0.03294768562549862,0.006042341930296884,0.0009338174304164119,0.0,0.0,0.03142662806445806,114
62.52,0.03294633132507475,0.006042225245427067,0.0009339357816546236,0.0,0.0,0.03142683232505323,114
62.54,0.03294488943760083,0.006042065197787567,0.0009340655727285843,0.0,0.0,0.03142737236958116,114
62.56,0.032943365416854546,0.00604186185037634,0.0009341937492821267,0.0,0.0,0.03142809692825837,114
62.58,0.032941764703085165,0.006041615250523995,0.0009343203162835332,0.0,0.0,0.03142888589158326,114
62.6,0.03294009270239115,0.006041325429739332,0.0009344457393957663,0.0,0.0,0.031429749255638004,114
62.620000000000005,0.03293835476301988,0.006040992403605364,0.000934569946796881,0.0,0.0,0.03143069714061772,114
62.64,0.032937192030594906,0.006040616172524079,0.0009347168725162285,0.0,0.0,0.03143173977188602,114
62.660000000000004,0.03293636250263195,0.006040205302153383,0.0009348758573713242,0.0,0.0,0.03143288745783356,114
62.68,0.032936980315396214,0.006039752809569815,0.0009350332450912758,0.0,0.0,0.03143415056437834,114
62.7,0.03293794038107417,0.006039257001610285,0.0009351994873168928,0.0,0.0,0.03143553948599268,113
62.72,0.03293911107644388,0.006038717812113941,0.0009353915893704265,0.0,0.0,0.031437064613203565,113
62.74,0.03294053470766673,0.006038135160359565,0.0009355820603480703,0.0,0.0,0.031438736296588235,113
62.76,0.03294331561366125,0.006037508953169157,0.0009357814115040444,0.0,0.0,0.031440502486204204,113
62.78,0.03294684844684483,0.0060368391126122975,0.0009359808566779538,0.0,0.0,0.031442425315891476,113
62.800000000000004,0.03295143798056089,0.006037395238198278,0.0009361786534316298,0.0,0.0,0.031444525104999226,113
62.82,0.03295619623042295,0.006038168405588973,0.0009363748065398091,0.0,0.0,0.03144681162042852,113
62.84,0.032961132209667045,0.006038892644043753,0.0009365693238572548,0.0,0.0,0.03144929436448701,113
62.86,0.0329662546015332,0.006039567812059618,0.0009367622706972201,0.0,0.0,0.031451982524347444,113
62.88,0.03297157170781767,0.0060401937552277156,0.0009369535940140824,0.0,0.0,0.031454884921357014,113
62.9,0.032977091398234584,0.006040770307167412,0.0009371432863302795,0.0,0.0,0.03145800996118275,113
62.92,0.03298282106166788,0.0060412972929396605,0.0009373313508490194,0.0,0.0,0.03146136558586896,113
62.940000000000005,0.03298876756045558,0.006041774523189825,0.0009375177906647426,0.0,0.0,0.031464959228942116,113
62.96,0.032994937188866064,0.00604220180187269,0.000937702608776038,0.0,0.0,0.03146879777471564,113
62.980000000000004,0.03300133563689824,0.006042578925711457,0.0009378858081015258,0.0,0.0,0.03147288752291824,113
63.0,0.033007967960455464,0.006042905685259547,0.0009380673914985251,0.0,0.0,0.03147723415968677,113
63.02,0.0330148385588085,0.006043181866186785,0.0009382473617842315,0.0,0.0,0.0314818427358298,113
63.04,0.03302195116007642,0.006043407253394758,0.000938425721758941,0.0,0.0,0.031486717653081885,113
63.06,0.03302930881522247,0.006043581624686759,0.0009386024742308181,0.0,0.0,0.031491862658836925,113
63.08,0.03303691390079323,0.006043704757730949,0.0009387776233670688,0.0,0.0,0.03149728084958234,113
63.1,0.03304476813033883,0.006043776431118383,0.000938951247678764,0.0,0.0,0.0315029746829658,113
63.120000000000005,0.033052872574149156,0.006043796424487697,0.0009391233466453056,0.0,0.0,0.031508945998126876,113
63.14,0.03306114143390095,0.00604376451946226,0.0009392874474818012,0.0,0.0,0.031515115777068475,113
63.160000000000004,0.03306965550931654,0.006043680455580731,0.0009394495576148048,0.0,0.0,0.03152156004422561,112
63.18,0.03307841951989787,0.006043820525842772,0.0009396100800133352,0.0,0.0,0.03152828399269276,112
63.2,0.033087432297845526,0.006044129258070745,0.0009397690181674862,0.0,0.0,0.03153528732736706,112
63.22,0.03309669222344298,0.006044391071108033,0.0009399263755241598,0.0,0.0,0.03154256932828889,112
63.24,0.033106197272432,0.006044599431262235,0.0009400821558670539,0.0,0.0,0.03155012889841058,112
63.26,0.0331159450626817,0.006045150033951121,0.0009402364149912603,0.0,0.0,0.03155796461067194,112
63.28,0.03312593289849105,0.006045716255512443,0.0009403891093031192,0.0,0.0,0.03156607475274219,112
63.300000000000004,0.033136157810939953,0.006046225706623016,0.0009405402844949228,0.0,0.0,0.031574457367864364,112
63.32,0.03314661659283651,0.006046678228062395,0.0009406899188933826,0.0,0.0,0.031583110290370815,112
63.34,0.03315730582699298,0.0060470736673952615,0.0009408380029006066,0.0,0.0,0.031592031174622455,112
63.36,0.033168221906795595,0.006047411872310295,0.0009409845871431212,0.0,0.0,0.03160121751635642,112
63.38,0.03317936104830726,0.006047692693012798,0.0009411304985058717,0.0,0.0,0.0316106666656979,112
63.4,0.03319071929344662,0.0060491633425732464,0.0009413060764946535,0.0,0.0,0.03162037583139466,112
63.42,0.03320229250411177,0.006050660543911029,0.000941480092488326,0.0,0.0,0.03163034207615399,112
63.440000000000005,0.0332140763474459,0.006052094009599136,0.0009416838772258536,0.0,0.0,0.03164056230328883,112
63.46,0.033226066272763616,0.006053463496766214,0.000941898471792149,0.0,0.0,0.03165103323519755,112
63.480000000000004,0.03323865457295894,0.0060547687640899375,0.0009421114465308861,0.0,0.0,0.03166175138449541,112
63.5,0.03325151223663585,0.006056009572131566,0.0009423227793679658,0.0,0.0,0.031672713018872985,112
63.52,0.033264560057382535,0.006057185683878566,0.000942532475026223,0.0,0.0,0.03168391412096598,112
63.54,0.033277792249637436,0.00605829686749469,0.0009427405424092851,0.0,0.0,0.03169535034467711,112
63.56,0.033291202606120694,0.006059342890167318,0.0009429469783430605,0.0,0.0,0.03170701696949232,112
63.58,0.033304784449159984,0.00606032352601664,0.0009431517853708728,0.0,0.0,0.03171890885438347,112
63.6,0.03331853058304869,0.0060612385547139155,0.000943354965392818,0.0,0.0,0.03173102039289415,112
63.620000000000005,0.03333243324901245,0.0060620877625828665,0.0009436093933846003,0.0,0.0,0.03174334547097561,112
63.64,0.0333464840843038,0.0060629016418299745,0.0009438786799763058,0.0,0.0,0.0317561330899393,112
63.660000000000004,0.03336127530546585,0.006063650721687844,0.0009441462220053094,0.0,0.0,0.031769384486989696,112
63.68,0.03337715559862414,0.006064333334820672,0.000944412011298456,0.0,0.0,0.031782827002947656,112
63.7,0.033393203028380045,0.006064949311727971,0.0009446760802508608,0.0,0.0,0.03179645217802809,112
63.72,0.03340940821969119,0.006065498489025613,0.0009449383901595366,0.0,0.0,0.031810250925201275,112
63.74,0.03342576715558109,0.006065980716838164,0.0009451989790812394,0.0,0.0,0.031824213533086676,112
63.76,0.03344226782468706,0.006066395864873107,0.0009454578038772545,0.0,0.0,0.03183832967999752,112
63.78,0.033458894479073416,0.006066743822291819,0.0009457148808132731,0.0,0.0,0.03185258845968103,112
63.800000000000004,0.03347563536006701,0.006067024493366808,0.000945970286034153,0.0,0.0,0.03186697841901415,112
63.82,0.03349247820589185,0.006067237803087287,0.0009462239071112603,0.0,0.0,0.03188148760758265,112
63.84,0.03350941031216268,0.0060673837006826135,0.0009464757381727722,0.0,0.0,0.03189610363869958,112
63.86,0.033526421015819326,0.006067462151876367,0.0009467257728942314,0.0,0.0,0.031910813761026,112
63.88,0.03354350205471344,0.006067484160073667,0.0009469740045849094,0.0,0.0,0.03192560493956299,112
63.9,0.03356063239349978,0.00606745816576695,0.0009472204262810413,0.0,0.0,0.03194046394441653,112
63.92,0.03357779835419975,0.006067364708989959,0.0009474650308435925,0.0,0.0,0.031955377445420804,112
63.940000000000005,0.0335949413679984,0.006067203851720424,0.00094769516960121,0.0,0.0,0.0319702995956248,112
63.96,0.033612076422998585,0.00606697566431092,0.0009479189248864773,0.0,0.0,0.031985237848624205,112
63.980000000000004,0.03362920635944881,0.006066680246329294,0.0009481408775283405,0.0,0.0,0.032000190936774385,112
64.0,0.03364631804603839,0.006066317731394073,0.0009483610224904254,0.0,0.0,0.032015146115049894,112
64.02,0.03366339872292241,0.006065888270773322,0.0009485793614282458,0.0,0.0,0.03203009102070729,112
64.04,0.033680436084093685,0.006065392039618233,0.0009487959033680233,0.0,0.0,0.032045013756181004,112
64.06,0.03369741835085383,0.0060648295422181895,0.0009490106158416575,0.0,0.0,0.03205990296309422,112
64.08,0.03371433433510655,0.006064200741600825,0.000949223493326917,0.0,0.0,0.03207474788611027,112
64.1,0.0337311734915466,0.006063505818588577,0.0009494345308410102,0.0,0.0,0.032089538425700274,112
64.12,0.03374792595816258,0.006062745028877986,0.0009496437239732367,0.0,0.0,0.032104265179246826,111
64.14,0.03376458258479494,0.006061918638021159,0.0009498510689068549,0.0,0.0,0.03211891947022699,111
64.16,0.033781134949778024,0.006061026926052691,0.0009500565624308042,0.0,0.0,0.032133493365504966,111
64.18,0.03379757536494004,0.006060070187518569,0.0009502602019421106,0.0,0.0,0.032147979681009714,110
64.2,0.03381389686943289,0.006059048729098356,0.0009504619867566643,0.0,0.0,0.03216237197627085,110
64.22,0.033830018547268956,0.006057962887333321,0.0009506403343292468,0.0,0.0,0.03217660249402628,110
64.24,0.0338459949223656,0.0060568129562797255,0.0009508126183116346,0.0,0.0,0.032190716144819345,110
64.26,0.03386183570350126,0.006055599242717003,0.0009509830949575113,0.0,0.0,0.032204720738494536,109
64.28,0.033877536578034564,0.0060543220887313105,0.0009511517709506242,0.0,0.0,0.0322186125557499,109
64.3,0.03389309378729377,0.006052981842797599,0.0009513186502359945,0.0,0.0,0.03223238845153999,107
64.32000000000001,0.03390850406931223,0.006051578848578159,0.0009514837396792964,0.0,0.0,0.032246045798721625,108
64.34,0.03392376459613894,0.006050113458365845,0.0009516470713923389,0.0,0.0,0.03225958242631535,108
64.36,0.03393887290666245,0.006048586026706107,0.0009518349103111238,0.0,0.0,0.03227299655332274,109
64.38,0.033953826835910125,0.006046996932957387,0.0009520265646982249,0.0,0.0,0.03228628671906376,109
64.4,0.033968624441818154,0.006045346530685931,0.0009522164071339987,0.0,0.0,0.03229945171103165,109
64.42,0.03398326393050997,0.006043635158093848,0.0009524044406177916,0.0,0.0,0.032312490491305225,109
64.44,0.033997743581171726,0.006041863172482073,0.0009525906682468871,0.0,0.0,0.03232540212260911,109
64.46000000000001,0.03401206167166721,0.006040030930781914,0.0009527852233407197,0.0,0.0,0.03233818569516621,109
64.48,0.03402621640608751,0.006038138790223118,0.0009530362995423296,0.0,0.0,0.03235084025553981,109
64.5,0.03404020584547331,0.006036187107918032,0.0009532854438611435,0.0,0.0,0.032363364738704624,109
64.52,0.03405402784297303,0.0060341762410460135,0.0009535326610050738,0.0,0.0,0.03237575790461167,109
64.54,0.03406767998469823,0.006032106547155573,0.000953777955860534,0.0,0.0,0.03238801828050976,110
64.56,0.03408110624172807,0.006029978384699488,0.0009540309137510437,0.0,0.0,0.03240008002584986,110
64.58,0.03409435106748581,0.006027792137018522,0.000954282960244669,0.0,0.0,0.03241199825360981,110
64.6,0.03410741674980861,0.006025548149517281,0.0009545330853702124,0.0,0.0,0.032423777477073853,110
64.62,0.034120299369894976,0.006023246787769416,0.0009547812919976198,0.0,0.0,0.03243541487154108,109
64.64,0.034132994570626005,0.00602088842419146,0.000955027610823755,0.0,0.0,0.032447017938081774,109
64.66,0.03414544275383453,0.006020054649761808,0.0009552569377922746,0.0,0.0,0.03245879546702116,109
64.68,0.03415769005887806,0.0060192388502532685,0.0009555161489441511,0.0,0.0,0.032470417186550915,109
64.7,0.03416973422302685,0.006018357852217113,0.0009557740701085442,0.0,0.0,0.0324818811780681,109
64.72,0.03418156920504518,0.006017412143764571,0.0009560300699980089,0.0,0.0,0.03249318272720019,108
64.74,0.03419318861034577,0.006016402219129989,0.0009562841498072544,0.0,0.0,0.03250431681877022,108
64.76,0.034204585735272346,0.00601532861596659,0.0009565363156246648,0.0,0.0,0.03251527818328719,108
64.78,0.034215741369862995,0.006014191809442971,0.000956786974914407,0.0,0.0,0.03252615119011693,108
64.8,0.03422661613158674,0.006014166326520265,0.0009570371880351959,0.0,0.0,0.03253711891128734,108
64.82000000000001,0.034237247141804504,0.006016231229934186,0.0009572855707292781,0.0,0.0,0.03254789656461449,108
64.84,0.03424817547649224,0.006018597464056091,0.0009575322466876084,0.0,0.0,0.032558478431572835,108
64.86,0.03425885550527112,0.006020891842671561,0.0009577770686822911,0.0,0.0,0.03256885883429182,108
64.88,0.0342692756143498,0.006023114846115546,0.0009580200172954313,0.0,0.0,0.032579032195503795,109
64.9,0.03427942572368371,0.006025266949637972,0.0009582610877377655,0.0,0.0,0.03258899309536354,109
64.92,0.034289294682233594,0.006027348641603994,0.0009585002855663354,0.0,0.0,0.03259873632403914,109
64.94,0.03429887549762221,0.006029360418411484,0.0009587376245033023,0.0,0.0,0.03260825692922244,109
64.96000000000001,0.034308161395024156,0.006031302783270972,0.0009589731510398893,0.0,0.0,0.03261755025796182,109
64.98,0.03431714584968363,0.0060331762456630736,0.0009592068271770472,0.0,0.0,0.03262661199246787,109
65.0,0.034325822613163984,0.006034981320730109,0.000959438652667914,0.0,0.0,0.03263543817976985,109
65.02,0.03433488373972544,0.006036718528613156,0.0009596686333952009,0.0,0.0,0.03264402525530069,109
65.04,0.03434448687992426,0.006038388393745761,0.0009598967903285986,0.0,0.0,0.03265237006065498,108
65.06,0.03435381402940651,0.006039991444115097,0.0009601231118148824,0.0,0.0,0.03266046985589349,108
65.08,0.03436286193853397,0.006041528210500659,0.0009603476029639877,0.0,0.0,0.03266832232686314,109
65.1,0.034371588676983277,0.0060429992278939965,0.0009605474940957524,0.0,0.0,0.032675894449667266,109
65.12,0.034379990995976856,0.006044405025728341,0.0009607223903209319,0.0,0.0,0.03268318410178562,110
65.14,0.03438810668297189,0.006045746128469165,0.0009608955755394607,0.0,0.0,0.032690221980968215,111
65.16,0.03439593405275783,0.006047023077636763,0.0009610670618917516,0.0,0.0,0.032697007469744195,111
65.18,0.03440347410819924,0.00604823643846471,0.0009612368558210767,0.0,0.0,0.032703540357370005,111
65.2,0.03441073192510249,0.006049386700626167,0.000961404950347512,0.0,0.0,0.032709820828663076,111
65.22,0.03441769859905372,0.006050474395008682,0.0009615713492039826,0.0,0.0,0.03271584945149091,111
65.24,0.034424373850335366,0.0060515000453811325,0.0009617360560587318,0.0,0.0,0.032721627163293854,111
65.26,0.03443075771393687,0.006052464173015311,0.0009618990745696402,0.0,0.0,0.03272715525696561,111
65.28,0.034436822048916495,0.006053367295051255,0.0009620661070240557,0.0,0.0,0.03273240116203503,111
65.3,0.03444256823169893,0.006054216121864656,0.0009622497864228265,0.0,0.0,0.03273736776412497,111
65.32000000000001,0.034448024895984905,0.006055027827415576,0.0009624679687836639,0.0,0.0,0.03274209067706844,111
65.34,0.03445319317447255,0.006055780042359967,0.0009626843637528522,0.0,0.0,0.032746572469695596,111
65.36,0.0344580744338802,0.006056473222306181,0.0009628989745389125,0.0,0.0,0.03275081599376898,111
65.38,0.034462670259044606,0.0060571078532042485,0.0009631118043182795,0.0,0.0,0.03275482436998305,111
65.4,0.034466982437196855,0.006057684413197865,0.0009633228562397515,0.0,0.0,0.03275860097424084,111
65.42,0.034471012942391174,0.006058203372167328,0.0009635321334289958,0.0,0.0,0.032762149424186794,111
65.44,0.034474763920033985,0.006058665191741307,0.0009637396389931894,0.0,0.0,0.032765473565947716,111
65.46000000000001,0.034478237671435326,0.006059070324235413,0.0009639453760258178,0.0,0.0,0.0327685774610086,111
65.48,0.03448143545988604,0.0060594192131375145,0.0009641491347511052,0.0,0.0,0.032771463750366985,111
65.5,0.034484284846097536,0.006059712290735986,0.0009643372393677399,0.0,0.0,0.03277403361393324,111
65.52,0.03448686478299232,0.006059950004667714,0.0009645236829111894,0.0,0.0,0.03277639674124164,111
65.54,0.034489178037476045,0.00606013276845584,0.0009647084229709534,0.0,0.0,0.03277855792222311,110
65.56,0.03449122745137099,0.006060260974317862,0.0009648914551127672,0.0,0.0,0.03278052209464606,110
65.58,0.03449301592345303,0.006060335014719663,0.0009650727821457149,0.0,0.0,0.032782294329242644,110
65.6,0.03449454639052472,0.006060377716706137,0.0009652524092970215,0.0,0.0,0.0327838798140126,110
65.62,0.034495821807364324,0.006060373468299006,0.0009654303792325584,0.0,0.0,0.03278528383754718,110
65.64,0.03449722801645809,0.006060316106700856,0.0009656066568135275,0.0,0.0,0.0327865117712267,110
65.66,0.03449853559899524,0.006060237077316641,0.0009657866649513701,0.0,0.0,0.032787569050162946,110
65.68,0.034499596149024835,0.006060628334902321,0.0009660426276825284,0.0,0.0,0.03278846115278537,110
65.7,0.03450041246583392,0.006060964497052537,0.0009662966624973553,0.0,0.0,0.0327891935790064,110
65.72,0.0345009872452155,0.006061262050533475,0.0009665487976330167,0.0,0.0,0.03278977182695002,110
65.74,0.03450179988153532,0.006061518346791932,0.0009667990255657395,0.0,0.0,0.032790201368286885,110
65.76,0.034502378701797023,0.006061720476582067,0.0009670473346577783,0.0,0.0,0.032790487622291496,110
65.78,0.03450268986893746,0.006061868743200568,0.0009672739310459067,0.0,0.0,0.03279060946700743,110
65.8,0.03450271224602536,0.006061963431229638,0.0009674650006238545,0.0,0.0,0.03279055338773615,110
65.82000000000001,0.03450250335972543,0.006062004810187736,0.0009676543289293922,0.0,0.0,0.03279036972628746,110
65.84,0.034502528690931664,0.006061993184300603,0.0009678419166380383,0.0,0.0,0.03279006341639962,110
65.86,0.0345038892429609,0.0060619287744035815,0.0009680277680646259,0.0,0.0,0.032789639200759994,110
65.88,0.03450509162313899,0.006061811828022499,0.0009682118876513761,0.0,0.0,0.032789101604884775,110
65.9,0.034506138815841546,0.006061642582871768,0.0009683942799692325,0.0,0.0,0.03278874389814241,111
65.92,0.03450703350344712,0.00606142127232277,0.0009685749497170498,0.0,0.0,0.03278855613893615,111
65.94,0.03450777804723122,0.0060611481253237285,0.0009687539017184721,0.0,0.0,0.03278826625660889,110
65.96000000000001,0.03450867186055735,0.006060829545854291,0.0009689311409162931,0.0,0.0,0.03278787770066933,110
65.98,0.034509892693361285,0.006060486981450911,0.000969106743113032,0.0,0.0,0.03278739361970831,110
66.0,0.0345109959165813,0.006060093119909433,0.0009692806547890903,0.0,0.0,0.032786816859090545,111
66.02,0.03451197259858431,0.00605964815266815,0.0009694528707267453,0.0,0.0,0.03278614996469451,111
66.04,0.034512823826650406,0.006059152265694418,0.0009696234075071513,0.0,0.0,0.03278539519287484,110
66.06,0.03451355040944081,0.006058605640103511,0.0009697923046872364,0.0,0.0,0.03278455452658197,110
66.08,0.034514152865778726,0.006058008452739322,0.0009699595696944673,0.0,0.0,0.03278362969731872,110
66.1,0.03451463145016631,0.006057360876704888,0.0009701251589665166,0.0,0.0,0.03278262221236007,110
66.12,0.034514986182670945,0.006056663081832036,0.0009702890781541682,0.0,0.0,0.03278153338642696,110
66.14,0.034515216882166584,0.006055915235188312,0.0009704513660592907,0.0,0.0,0.03278062699708594,110
66.16,0.034515323201761934,0.0060551175040699365,0.000970612018803983,0.0,0.0,0.03277979592239266,110
66.18,0.03451530466514834,0.0060542700475634745,0.0009707710173477145,0.0,0.0,0.03277888614573817,110
66.2,0.03451516070256519,0.006053708658432978,0.0009709283668000902,0.0,0.0,0.03277789857947388,110
66.22,0.03451489068510343,0.006053211167645032,0.0009710840721508582,0.0,0.0,0.03277683412899746,110
66.24,0.03451449395614898,0.006052662747090877,0.0009712381382503958,0.0,0.0,0.032775693726561625,110
66.26,0.03451396985889427,0.006052063560882322,0.0009713905743291568,0.0,0.0,0.03277447836126168,110
66.28,0.034513327388283284,0.006051417796934518,0.0009715414036005382,0.0,0.0,0.03277318910429954,110
66.3,0.03451255747896873,0.006050732005396086,0.0009716906258389488,0.0,0.0,0.032771827128809626,109
66.32000000000001,0.034511658491941884,0.006049995912943384,0.0009718382264471613,0.0,0.0,0.03277060095928147,109
66.34,0.034510629938707814,0.006049209673886302,0.0009719842093224557,0.0,0.0,0.03276951537189981,109
66.36,0.03450947138423221,0.006048373440432171,0.0009721285781365107,0.0,0.0,0.03276836079050445,109
66.38,0.03450818243871015,0.006047487626018612,0.0009722713407231483,0.0,0.0,0.03276713887201216,109
66.4,0.03450676274320948,0.006046552225783751,0.0009724124995038556,0.0,0.0,0.032765851382081004,109
66.42,0.034505211949634886,0.006045567269623892,0.0009725520612149269,0.0,0.0,0.03276450017860903,109
66.44,0.0345035296956188,0.006044542445931248,0.0009726900227974953,0.0,0.0,0.03276308719031238,109
66.46000000000001,0.03450171557509313,0.006043487462314447,0.0009728263850608482,0.0,0.0,0.03276161439114009,109
66.48,0.0344997691054314,0.006042383276044066,0.0009729611501588861,0.0,0.0,0.03276008377141774,109
66.5,0.034497689692172415,0.006041230015954001,0.0009730943199791619,0.0,0.0,0.03275849730673261,109
66.52,0.034495476592440906,0.006040027808300408,0.0009732259126920378,0.0,0.0,0.03275685692567584,109
66.54,0.034493128878262766,0.006038776777201338,0.0009733559159121682,0.0,0.0,0.03275516447763836,109
66.56,0.034490601810541276,0.006037477045174043,0.0009734880383178103,0.0,0.0,0.03275337628394496,109
66.58,0.034487925488150654,0.006036128742348977,0.0009736202916979016,0.0,0.0,0.032751526761294746,109
66.6,0.0344850438233018,0.006034742832413016,0.0009737312828982535,0.0,0.0,0.03274955013907237,109
66.62,0.03448201326628672,0.0060333122885171475,0.0009738383779498643,0.0,0.0,0.032747705056659374,109
66.64,0.0344788396395963,0.006031833527629403,0.0009739440112957028,0.0,0.0,0.03274607762882832,109
66.66,0.03447668043705922,0.006030306675010026,0.0009740795786921999,0.0,0.0,0.03274440563897021,109
66.68,0.034475173659537624,0.006028731859033481,0.0009742171899521073,0.0,0.0,0.032742689740846646,109
66.7,0.034473583558033656,0.006027109212062045,0.0009743532725013271,0.0,0.0,0.03274093039407512,109
66.72,0.03447190907322884,0.006025438871285621,0.00097448782536907,0.0,0.0,0.032739127880097314,109
66.74,0.03447014894274656,0.006023720979504217,0.0009746208475221324,0.0,0.0,0.032737282325505705,109
66.76,0.03446830172908162,0.0060219556882154905,0.0009747523379013678,0.0,0.0,0.03273539373208792,109
66.78,0.034466365853226086,0.006020143152281313,0.000974882295458186,0.0,0.0,0.0327334620126671,109
66.8,0.034464339632834844,0.006018283533835091,0.0009750107191901868,0.0,0.0,0.03273148703158541,109
66.82000000000001,0.034462221323607885,0.006016377004062162,0.0009751376081750511,0.0,0.0,0.03272946864851016,109
66.84,0.034460009162470676,0.006014423742118141,0.000975262961601899,0.0,0.0,0.032727406764146566,109
66.86,0.03445770141111458,0.00601242393542165,0.0009753867787994004,0.0,0.0,0.03272530136642016,109
66.88,0.03445529639850926,0.006010377781132167,0.0009755090603469304,0.0,0.0,0.032723157426763426,109
66.9,0.034452792561110314,0.0060082854810731895,0.0009756298228369574,0.0,0.0,0.03272138534147425,109
66.92,0.034450188479642846,0.006006147244383465,0.0009757490497181992,0.0,0.0,0.032719891725297365,109
66.94,0.0344474829115308,0.006003963288269072,0.0009758667469748606,0.0,0.0,0.032718628153306374,109
66.96000000000001,0.03444601202678783,0.0060017338362608275,0.0009759829077012911,0.0,0.0,0.03271732241263871,109
66.98,0.03444471100927996,0.0059994591175305135,0.0009760975323425766,0.0,0.0,0.0327159758536911,109
67.0,0.034443358275885856,0.005997139366464802,0.0009762106216341134,0.0,0.0,0.03271459015237221,108
67.02,0.03444195545154623,0.005994774822064483,0.0009763221765241535,0.0,0.0,0.03271316732322931,108
67.04,0.03444074522470109,0.005992365724388189,0.000976432199927519,0.0,0.0,0.03271170972649883,108
67.06,0.03443984070923331,0.0059899123170171,0.0009765407216796192,0.0,0.0,0.0327102200691443,108
67.08,0.034438892162547245,0.005987414844917268,0.0009766477388384132,0.0,0.0,0.03270870140002457,107
67.1,0.034437902546067864,0.005984873553538717,0.0009767533577310827,0.0,0.0,0.03270715709938647,107
67.12,0.034436875128679885,0.005982288687933891,0.0009768848296860225,0.0,0.0,0.03270559086290873,107
67.14,0.03443601893293932,0.005979660491908744,0.0009770152070956968,0.0,0.0,0.03270400668054134,107
67.16,0.03443540202870666,0.005976989207218521,0.000977144049830831,0.0,0.0,0.03270240881039513,107
67.18,0.03443476078641056,0.005974275072819042,0.0009772713397130707,0.0,0.0,0.03270080174794495,107
67.2,0.03443410092588756,0.005971518324183153,0.0009773971274921692,0.0,0.0,0.032699190190823714,107
67.22,0.03443342276042538,0.005968719192690841,0.0009775214302936578,0.0,0.0,0.03269757899950798,107
67.24,0.034432730790997026,0.005965877905100325,0.0009776441935213406,0.0,0.0,0.03269597315423216,107
67.26,0.03443202958197419,0.005962994683106316,0.000977765405191982,0.0,0.0,0.03269437770852038,106
67.28,0.03443132371142146,0.005960305070162464,0.0009778850675450444,0.0,0.0,0.03269279773979248,106
67.3,0.03443061771899143,0.005958773822710489,0.0009780031827369062,0.0,0.0,0.032691238297581714,106
67.32000000000001,0.034429969648668096,0.005957198084900177,0.000978120320661266,0.0,0.0,0.03268968959448737,106
67.34,0.034429689105419534,0.005955578039177848,0.0009782374674910089,0.0,0.0,0.03268813086361491,107
67.36,0.034429420678672384,0.005953913864855849,0.000978353082075628,0.0,0.0,0.03268660711065266,107
67.38,0.03442916820969161,0.005952205730895165,0.0009784671717207626,0.0,0.0,0.03268512273205129,107
67.4,0.03442893522992783,0.005950460488345318,0.0009785797216576215,0.0,0.0,0.03268368182677313,107
67.42,0.034428724910646004,0.0059486771186556845,0.0009786907771432364,0.0,0.0,0.03268228814632448,106
67.44,0.03442854001604161,0.005946850264344251,0.000978800328992033,0.0,0.0,0.03268094504829148,106
67.46000000000001,0.03442838286071015,0.005946534737485775,0.0009789083437203396,0.0,0.0,0.03267965545424652,106
67.48,0.034428255272216976,0.005948083525657711,0.0009790175380511982,0.0,0.0,0.032678421812772834,106
67.5,0.03442815855934964,0.0059495738232799985,0.000979161626842989,0.0,0.0,0.03267724606819038,106
67.52,0.034428093486433636,0.005951005581313169,0.0009793829873773491,0.0,0.0,0.03267612963536449,106
67.54,0.03442806025386666,0.0059523787556075725,0.0009796025448387297,0.0,0.0,0.0326750733807536,106
67.56,0.03442805848479488,0.005953693311876242,0.0009798202960669684,0.0,0.0,0.03267407760961999,106
67.58,0.0344284429926858,0.005954949229456649,0.0009800362324588804,0.0,0.0,0.03267314205910797,105
67.6,0.03442897170706684,0.005956146496370121,0.0009802329906378627,0.0,0.0,0.032672237378406466,105
67.62,0.03442949671390789,0.005957285094464877,0.0009804145056718954,0.0,0.0,0.032671368437517445,105
67.64,0.03443004511711666,0.005958365032837233,0.0009805942853063842,0.0,0.0,0.032670555475512245,105
67.66,0.0344306136395124,0.005959386365502583,0.0009807723115335643,0.0,0.0,0.032669795986359544,105
67.68,0.03443119844872173,0.005960349102015614,0.0009809485837768536,0.0,0.0,0.03266908692858968,105
67.7,0.034431795171685146,0.005961253299894715,0.0009811231066148656,0.0,0.0,0.03266842474051067,105
67.72,0.03443239891071364,0.005962099033215294,0.0009812958784901947,0.0,0.0,0.03266780535700477,105
67.74,0.034433004260816004,0.005962886392653505,0.000981466928169443,0.0,0.0,0.03266722422762768,105
67.76,0.03443360532819764,0.00596361548576517,0.0009816364480295825,0.0,0.0,0.03266667633591352,105
67.78,0.03443419030380961,0.005964286437169771,0.0009818072352313844,0.0,0.0,0.032666151799803485,104
67.8,0.03443467334283933,0.005964917015020482,0.000981933128800418,0.0,0.0,0.03266558058041895,104
67.82000000000001,0.034435131743059774,0.00596549603558934,0.0009820899089910263,0.0,0.0,0.03266502501118274,104
67.84,0.03443555786953308,0.005966017311019735,0.0009822749926039073,0.0,0.0,0.032664478434499954,104
67.86,0.03443594371572641,0.005966481034456571,0.0009824583253549364,0.0,0.0,0.032663933848596005,104
67.88,0.034436280934510004,0.005966887416766236,0.0009826399037952298,0.0,0.0,0.03266361886635659,104
67.9,0.03443664332921165,0.0059672366848269945,0.0009828197248740946,0.0,0.0,0.03266351513016845,104
67.92,0.034437324304106655,0.005967556009571763,0.0009829977917787279,0.0,0.0,0.03266379355221114,104
67.94,0.03443844767320963,0.0059678200876750525,0.0009831741221236374,0.0,0.0,0.0326640421530044,104
67.96000000000001,0.0344395821434616,0.005968696172282633,0.0009833486980001965,0.0,0.0,0.03266425276137458,104
67.98,0.03444062095187788,0.005970303058840906,0.0009835215575325618,0.0,0.0,0.03266441710670919,104
68.0,0.03444155455066318,0.005971850548855227,0.0009836926513679294,0.0,0.0,0.03266452687060774,105
68.02,0.03444237335995803,0.005973338965895757,0.0009838619748443278,0.0,0.0,0.03266457374021287,105
68.04,0.03444306782036648,0.005974768622062547,0.00098402956858705,0.0,0.0,0.03266454946231043,105
68.06,0.03444362844517458,0.005976139860621737,0.0009841954073549967,0.0,0.0,0.032664445897193764,105
68.08,0.03444404587121432,0.00597745303697798,0.0009843595314058332,0.0,0.0,0.03266425507124943,105
68.1,0.03444428139858751,0.005978708518466797,0.0009845176374688696,0.0,0.0,0.032663933317591924,105
68.12,0.03444431905587849,0.005979906694231105,0.0009846687298009451,0.0,0.0,0.032663464637054926,105
68.14,0.03444412724185601,0.0059810479675070005,0.0009847940970470913,0.0,0.0,0.03266281784211943,105
68.16,0.03444374216613358,0.005982132751223768,0.0009849117784265396,0.0,0.0,0.032662037510512845,105
68.18,0.034443170628016107,0.005983161465292437,0.0009850277948410386,0.0,0.0,0.0326611343370074,105
68.2,0.03444240488166746,0.00598413454292938,0.0009851421493008987,0.0,0.0,0.03266010226098474,105
68.22,0.034441437551137946,0.005985052414873853,0.0009852548981881307,0.0,0.0,0.03265893564863271,105
68.24,0.034440261644182,0.005985915527286198,0.0009853660301709036,0.0,0.0,0.032657629309180224,105
68.26,0.03443887056062357,0.00598672433499236,0.0009854755010426201,0.0,0.0,0.03265617850578018,104
68.28,0.034437258095610754,0.005987479295709156,0.0009855833127290934,0.0,0.0,0.03265457896138615,104
68.3,0.034435418438195954,0.005988180891198147,0.0009856894673247521,0.0,0.0,0.032652826860062184,104
68.32000000000001,0.03443334616574321,0.005988829591783325,0.0009857939670799367,0.0,0.0,0.03265091884423124,104
68.34,0.03443103623470086,0.005989425856994756,0.0009858968143894478,0.0,0.0,0.03264885200840383,104
68.36,0.03442848396828959,0.005989970172705538,0.0009859980117822805,0.0,0.0,0.03264662388994018,104
68.38,0.03442568504164689,0.005990463022637262,0.000986097561932386,0.0,0.0,0.0326442324573898,104
68.4,0.034422581002830445,0.005990904881294151,0.000986195621421651,0.0,0.0,0.032641621510345345,103
68.42,0.03441922238109834,0.005991296230938036,0.000986292047685853,0.0,0.0,0.03263884416208094,103
68.44,0.034415606025618384,0.005991637555541331,0.0009864005224051653,0.0,0.0,0.03263589981391579,103
68.46000000000001,0.03441210643749919,0.005991929338717014,0.0009865318009935557,0.0,0.0,0.03263278801180758,103
68.48,0.03440961551366361,0.005992172063084166,0.0009866614112811268,0.0,0.0,0.03262950865494749,103
68.5,0.03440690980433445,0.0059923662096663015,0.0009867893523628154,0.0,0.0,0.0326260619789239,103
68.52,0.03440395398255788,0.0059925122580068045,0.0009869057598189226,0.0,0.0,0.03262242259620781,103
68.54,0.03440075809145764,0.005992610675714866,0.0009870136078910905,0.0,0.0,0.032618599085018005,103
68.56,0.03439734648679462,0.005992661922972252,0.000987119844117441,0.0,0.0,0.03261461081898051,103
68.58,0.034393719346606684,0.00599266647132107,0.0009872244737816423,0.0,0.0,0.03261045921883672,103
68.60000000000001,0.03438987707109104,0.005992624781238753,0.0009873274971366648,0.0,0.0,0.032606145964377886,103
68.62,0.03438582026798117,0.005992537313445211,0.0009874289175448086,0.0,0.0,0.03260167298113384,103
68.64,0.034381549738704754,0.0059924045229488646,0.0009875287400767008,0.0,0.0,0.032597399042329125,103
68.66,0.03437706646532201,0.005992226860422789,0.0009876269719642319,0.0,0.0,0.032593089321603,103
68.68,0.03437237159822652,0.005992004771732524,0.0009877236111130417,0.0,0.0,0.032588626388421735,103
68.7,0.03436746644457482,0.005992404620511617,0.0009878186611320925,0.0,0.0,0.03258401303522588,103
68.72,0.03436235245739795,0.00599347836515587,0.0009879121256829747,0.0,0.0,0.03257925224601099,103
68.74,0.03435703122533683,0.0059945043166394,0.0009880040084760556,0.0,0.0,0.032574347187766285,103
68.76,0.03435150446293271,0.00599548282931776,0.0009880943132662546,0.0,0.0,0.0325693012025467,103
68.78,0.034345774001395483,0.005996414249118414,0.0009881830438483862,0.0,0.0,0.03256411780010528,103
68.8,0.03433984177976322,0.005997554253325573,0.0009882702043583008,0.0,0.0,0.03255880065100392,103
68.82000000000001,0.03433370983635893,0.005999879248327872,0.0009883558019907822,0.0,0.0,0.032553353580112736,104
68.84,0.03432738030044219,0.006002154007368023,0.000988439836979281,0.0,0.0,0.03254778056040063,104
68.86,0.034320866269023406,0.006004378826874658,0.0009885223132199007,0.0,0.0,0.032542085706912055,104
68.88,0.03431464253816828,0.00600655399839675,0.0009886032346157166,0.0,0.0,0.03253627327081721,103
68.9,0.03430830930900798,0.006008823108703274,0.0009886826122777856,0.0,0.0,0.03253034763341493,103
68.92,0.03430217583062339,0.006011569780979855,0.0009887604450866045,0.0,0.0,0.032524313299960694,103
68.94,0.034295855178759764,0.006014262844447448,0.0009888367350433,0.0,0.0,0.03251817489318378,103
68.96000000000001,0.034289349849692535,0.006016902595178243,0.000988911485983838,0.0,0.0,0.03251193714635165,103
68.98,0.03428266236741491,0.006019489326129309,0.0009889847016925574,0.0,0.0,0.0325056048957329,103
69.0,0.034275795272236585,0.006022023315592988,0.0009890563858862289,0.0,0.0,0.03249918307230607,103
69.02,0.034268751108322774,0.0060245048133125804,0.0009891265421964935,0.0,0.0,0.03249267669255895,103
69.04,0.03426153241001173,0.006026934069951216,0.0009891951741506115,0.0,0.0,0.03248609084822349,104
69.06,0.03425414168675295,0.006029311324434248,0.0009892622851505196,0.0,0.0,0.03247943069479568,104
69.08,0.034246581406517186,0.006031636803845247,0.000989332024734869,0.0,0.0,0.032472701438699625,104
69.10000000000001,0.03423885207146555,0.006033910723352323,0.0009894429021289918,0.0,0.0,0.03246590605590961,104
69.12,0.0342309027267649,0.006036133286593109,0.0009895600023860458,0.0,0.0,0.032458986441155094,104
69.14,0.034222790890653616,0.006038304697154982,0.0009896754786751524,0.0,0.0,0.03245201362835413,104
69.16,0.0342145186643489,0.006040425134365307,0.0009897893410647008,0.0,0.0,0.03244499286776928,104
69.18,0.03420608799805279,0.006042494765715905,0.0009899019173987954,0.0,0.0,0.03243792937267881,103
69.2,0.03419750066353125,0.006044513746996106,0.0009900128840231615,0.0,0.0,0.03243082829690535,103
69.22,0.034188758225059,0.006046482222478357,0.0009901222415948769,0.0,0.0,0.032423694710936736,103
69.24,0.03417986200897243,0.006048400325159507,0.0009902299913362733,0.0,0.0,0.032416533576888736,104
69.26,0.034170813072168134,0.006050268191057673,0.0009903361340749864,0.0,0.0,0.032409349722653816,104
69.28,0.034161612169984354,0.006052085919932908,0.0009904406702200452,0.0,0.0,0.03240214781567966,104
69.3,0.034153066433336474,0.006053853619142989,0.0009905435997412484,0.0,0.0,0.032394932336922304,104
69.32000000000001,0.034145099535987995,0.0060555713834716555,0.0009906646425978669,0.0,0.0,0.03238770755561434,104
69.34,0.03413702773959912,0.0060572392835519405,0.0009907878525601715,0.0,0.0,0.03238052814817647,104
69.36,0.03412885188920405,0.006058857416409086,0.0009909094074460492,0.0,0.0,0.032373724582470266,104
69.38,0.034120572446998884,0.006060425846800864,0.00099102930554091,0.0,0.0,0.03236692250067544,104
69.4,0.034112189473387955,0.006061944610803879,0.0009911475470899432,0.0,0.0,0.03236012511635104,104
69.42,0.034103702612593705,0.006063413760361011,0.0009912641295169366,0.0,0.0,0.03235333534445607,104
69.44,0.03409511108352918,0.006064833341583733,0.0009913790473759026,0.0,0.0,0.03234655579737261,104
69.46000000000001,0.0340864136765023,0.0060662033954869046,0.0009914923009507236,0.0,0.0,0.03233978878697928,104
69.48,0.03407862112756242,0.0060675239624446795,0.0009916039090007026,0.0,0.0,0.03233303633317535,104
69.5,0.034071258168983654,0.006068795073436719,0.000991713841741229,0.0,0.0,0.032326300179045114,104
69.52,0.03406383031264482,0.006070016756746405,0.0009918220949181006,0.0,0.0,0.03231958181261679,104
69.54,0.0340563363437632,0.00607118906742603,0.0009919309284162586,0.0,0.0,0.032312882494921785,104
69.56,0.034048755989873426,0.0060723120038023515,0.0009920623419965584,0.0,0.0,0.03230618338074441,104
69.58,0.034041062411265505,0.006073385592911917,0.0009921811699481122,0.0,0.0,0.03229945876618265,104
69.60000000000001,0.0340332975586639,0.006074409866587404,0.000992298284808379,0.0,0.0,0.032292756018125895,104
69.62,0.03402545930313239,0.0060753848474209785,0.0009924136828876903,0.0,0.0,0.03228607587323886,104
69.64,0.03401754538952836,0.006076310557755436,0.0009925408355991965,0.0,0.0,0.032279419050159235,104
69.66,0.034009553480060135,0.006077188190922387,0.0009926842532677173,0.0,0.0,0.03227278629768711,104
69.68,0.03400314643482776,0.006078032169954946,0.0009928258890873158,0.0,0.0,0.03226617844236744,104
69.7,0.033997254113063716,0.006078826942582832,0.0009929657395178284,0.0,0.0,0.03225959643436267,103
69.72,0.03399133414404589,0.006079572527535519,0.0009931038013518535,0.0,0.0,0.03225304139063096,103
69.74,0.03398538645921226,0.006080268942069849,0.0009932400746418299,0.0,0.0,0.03224651463457054,103
69.76,0.03397941118750675,0.006080916201508698,0.000993374555016874,0.0,0.0,0.0322400177314534,103
69.78,0.03397341713797704,0.006081514318705544,0.0009935072396734575,0.0,0.0,0.032233552519136434,103
69.8,0.03396739881599104,0.00608206330344771,0.0009936651081054683,0.0,0.0,0.032227121133696635,103
69.82000000000001,0.03396135480458178,0.006082576750042167,0.0009938316307169656,0.0,0.0,0.032220888481307774,103
69.84,0.033955217368541804,0.006083057209392846,0.0009939901854562547,0.0,0.0,0.03221495708413386,103
69.86,0.03394904848243868,0.00608348848739356,0.0009941462473975248,0.0,0.0,0.03220905785770803,103
69.88,0.03394285831734684,0.006083870572848633,0.0009943005221091192,0.0,0.0,0.032203203882354044,103
69.9,0.0339366488927065,0.006084203450153325,0.0009944529761014235,0.0,0.0,0.03219739898274713,103
69.92,0.033930422506033175,0.0060844870965598525,0.000994603610092594,0.0,0.0,0.03219164732429517,103
69.94,0.03392418171938153,0.006084721481548841,0.0009947916741629074,0.0,0.0,0.03218595340241769,103
69.96000000000001,0.03391792934098546,0.00608490656625196,0.0009949896685284498,0.0,0.0,0.03218032202713153,103
69.98,0.0339116323650078,0.006085042302938432,0.0009951856763280734,0.0,0.0,0.03217471574389414,103
70.0,0.033906286771287535,0.006085128635140015,0.0009953797432291434,0.0,0.0,0.03216917077841011,103
70.02,0.03390150656148692,0.006085165496333681,0.0009955718883349778,0.0,0.0,0.032163704468226924,103
70.04,0.033896774758328606,0.006085152809942093,0.0009957621144928458,0.0,0.0,0.03215832263875787,103
70.06,0.03389209657541703,0.006085439329290336,0.0009959504248453393,0.0,0.0,0.03215303128734443,103
70.08,0.03388747733566764,0.006086837656376831,0.0009961368246711162,0.0,0.0,0.03214783654248989,103
70.10000000000001,0.03388292242571014,0.006088181610258128,0.0009963213199725319,0.0,0.0,0.032142744619360376,103
70.12,0.03387843724670973,0.006089471089228141,0.000996503914705107,0.0,0.0,0.03213776177176816,101
70.14,0.033874027161879205,0.006090705981323336,0.0009966846081460702,0.0,0.0,0.03213289424090968,101
70.16,0.033869697441026525,0.006091886164842315,0.0009968704428605492,0.0,0.0,0.03212814820120273,101
70.18,0.03386545320256547,0.006093011509007714,0.0009970787678299769,0.0,0.0,0.032123529703647076,101
70.2,0.03386129935350462,0.006094081874768971,0.0009972851541325415,0.0,0.0,0.03211904461722132,101
70.22,0.033857240528023254,0.006095097115741844,0.0009974896044661454,0.0,0.0,0.032114698568918784,101
70.24,0.03385328102532985,0.006096095031950661,0.0009976921237658768,0.0,0.0,0.03211049688311224,101
70.26,0.03384942474758274,0.006097059260757535,0.0009978927171072215,0.0,0.0,0.03210644452101906,101
70.28,0.03384568414258158,0.0060979677870461714,0.0009980914122157257,0.0,0.0,0.03210254602110667,101
70.3,0.03384205462429844,0.006098820447026356,0.0009982881921560866,0.0,0.0,0.0320988054413325,101
70.32000000000001,0.033838537104863786,0.006099617075970878,0.0009984830695988166,0.0,0.0,0.032095226304148565,101
70.34,0.03383513330968537,0.006100357509724804,0.000998676042707285,0.0,0.0,0.03209203731228477,101
70.36,0.03383184428889564,0.006101041586244041,0.0009988671171651117,0.0,0.0,0.03208929673002311,101
70.38,0.033828948515123476,0.0061016691471401365,0.0009990562987598314,0.0,0.0,0.03208672393513646,101
70.4,0.033826309622223626,0.006102240039208206,0.0009992139502702794,0.0,0.0,0.03208427384531906,101
70.42,0.033823746150122416,0.00610275408361129,0.0009993499724049273,0.0,0.0,0.032081961862569404,101
70.44,0.033821293578792544,0.006103211120292796,0.0009994842633724965,0.0,0.0,0.032079926085170477,101
70.46000000000001,0.03381894908452263,0.0061036110203486465,0.000999616875661201,0.0,0.0,0.032078452288491544,101
70.48,0.03381670902496142,0.006103953665575969,0.0009997477988840267,0.0,0.0,0.03207714289880436,101
70.5,0.033814568945865715,0.006104238949614615,0.0009998770325877165,0.0,0.0,0.032075995048293754,101
70.52,0.033813097284678705,0.006104466778967526,0.001000004606002872,0.0,0.0,0.03207500512757547,101
70.54,0.033812005380612235,0.006104637073892227,0.0010001304777770357,0.0,0.0,0.032074168813529744,101
70.56,0.03381101619837944,0.0061047497836114375,0.0010002546534420675,0.0,0.0,0.03207348110675522,101
70.58,0.03381012288304326,0.0061048048446026735,0.0010003771385616075,0.0,0.0,0.032072936378164406,101
70.60000000000001,0.033809317965475004,0.006104802221436705,0.0010004979387222678,0.0,0.0,0.03207252842396046,101
70.62,0.033808593423784804,0.006104741895613222,0.0010006170595249025,0.0,0.0,0.03207225052794716,101
70.64,0.033807940750671485,0.006104623864831899,0.0010007345065762396,0.0,0.0,0.0320720955298472,101
70.66,0.033807351025101025,0.006104448143095997,0.001000850285481079,0.0,0.0,0.0320720558980584,101
70.68,0.03380681498653133,0.006104214760701858,0.0010009644018353562,0.0,0.0,0.03207212380508278,101
70.7,0.03380632310977868,0.006103923764731355,0.0010010769197938273,0.0,0.0,0.03207229120373974,101
70.72,0.033805865678584256,0.006103575217149387,0.0010011878069443468,0.0,0.0,0.032072549902233995,101
70.74,0.033805432855995465,0.006103169195937026,0.0010012970487410914,0.0,0.0,0.03207289163620281,101
70.76,0.033805014749825835,0.006102705794523053,0.0010014046793868187,0.0,0.0,0.03207330813601293,101
70.78,0.03380460147169385,0.0061021851212279665,0.0010015106854428734,0.0,0.0,0.032073791187811576,101
70.8,0.03380415990408411,0.0061016072988004915,0.0010016151037540615,0.0,0.0,0.03207430935459793,102
70.82000000000001,0.03380367540958693,0.006100972464822774,0.0010017179493493867,0.0,0.0,0.03207484977329852,102
70.84,0.03380316658256081,0.006100280769185612,0.0010018191808956617,0.0,0.0,0.03207543293994948,102
70.86,0.03380262397815445,0.006099532374871094,0.0010019188002128897,0.0,0.0,0.03207605131574458,102
70.88,0.033802492109307504,0.00609872745732196,0.0010020168126430107,0.0,0.0,0.03207669760085782,102
70.9,0.03380386228212047,0.006097866203912456,0.001002113233956113,0.0,0.0,0.032077364746406024,102
70.92,0.03380524420311137,0.006096948813494058,0.0010022080554589505,0.0,0.0,0.03207800416808113,102
70.94,0.03380658959642093,0.006095975501501122,0.001002301278764587,0.0,0.0,0.03207863704242519,102
70.96000000000001,0.03380790516948295,0.006094946490352981,0.0010023929649848385,0.0,0.0,0.032079271238037874,102
70.98,0.033809184267571075,0.006093862010921689,0.0010024830659382845,0.0,0.0,0.032079900716273466,102
71.0,0.033810420462308574,0.00609272232325077,0.00100257181370388,0.0,0.0,0.03208051967645338,102
71.02,0.0338116075435791,0.006091527665470297,0.001002659127380955,0.0,0.0,0.03208112254847454,102
71.04,0.033812739512870345,0.006090498580724901,0.0010027448706938378,0.0,0.0,0.03208170398687202,102
71.06,0.033813810579023856,0.006089590296212105,0.0010028290489194512,0.0,0.0,0.032082258867306396,101
71.08,0.033814815157104106,0.006088626980482598,0.001002911680591734,0.0,0.0,0.03208278228618597,101
71.10000000000001,0.0338157497264806,0.006087608923547167,0.001002992774120689,0.0,0.0,0.03208326956385216,101
71.12,0.0338166097752965,0.006086536421025571,0.001003096635432224,0.0,0.0,0.03208371625146953,101
71.14,0.03381738787031637,0.006085409777678535,0.0010032130479814276,0.0,0.0,0.03208411814148937,101
71.16,0.033818079311781046,0.006084229308049618,0.0010033430425723765,0.0,0.0,0.032084471281314086,101
71.18,0.033818679652698164,0.006084151455675461,0.0010034714228349445,0.0,0.0,0.03208477198959041,101
71.2,0.03381918471622054,0.006084570426117569,0.0010035981984630644,0.0,0.0,0.03208501687441304,101
71.22,0.03381954730250023,0.00608493184951878,0.001003712501665215,0.0,0.0,0.0320851704039683,101
71.24,0.03381979519582802,0.006085236023326453,0.001003822233297369,0.0,0.0,0.03208525330991029,101
71.26,0.03381994225001286,0.006085483266522244,0.0010039303957698363,0.0,0.0,0.03208527210293634,101
71.28,0.03381998574958178,0.006085673908012018,0.0010040370089714763,0.0,0.0,0.03208522474097356,101
71.3,0.03381991779089556,0.006085808278540468,0.0010041420869943201,0.0,0.0,0.03208510956254171,101
71.32000000000001,0.03381973618747449,0.006085886715606295,0.0010042456114626723,0.0,0.0,0.03208492529980356,101
71.34,0.03381943913099214,0.006085909560334198,0.0010043475875106485,0.0,0.0,0.032084671088586286,101
71.36,0.03381902519697047,0.006085877156738887,0.001004448020209285,0.0,0.0,0.032084346475050755,101
71.38,0.03381849334688486,0.006085789851960175,0.0010045469145674593,0.0,0.0,0.03208395141879982,101
71.4,0.03381785974079478,0.00608564799451465,0.0010046442770028907,0.0,0.0,0.03208351426627076,101
71.42,0.03381747159316538,0.006085451930605892,0.0010047324774521984,0.0,0.0,0.032083386079652026,101
71.44,0.03381693669420333,0.006085202011540301,0.0010048103050071043,0.0,0.0,0.03208315539056764,101
71.46000000000001,0.0338165011264592,0.0060848985855188765,0.0010048866446235745,0.0,0.0,0.03208285765963549,101
71.48,0.03381631311407986,0.006084541997234546,0.0010049615008419829,0.0,0.0,0.032082494832312215,101
71.5,0.03381610348783781,0.006084132589840576,0.00100503487816404,0.0,0.0,0.03208206920989976,101
71.52,0.033816264062750116,0.006083670703541505,0.0010051067810559887,0.0,0.0,0.03208158342795558,100
71.54,0.03381631540727769,0.006083156674990608,0.0010051772285649828,0.0,0.0,0.03208104043158171,100
71.56,0.033816259541073077,0.006082590836739304,0.0010052462264649612,0.0,0.0,0.03208044344770607,99
71.58,0.033816098697182446,0.006081973874780478,0.0010053137631852924,0.0,0.0,0.032079795954465196,99
71.60000000000001,0.033815835287159084,0.0060813057607624664,0.0010053798430724775,0.0,0.0,0.03207910164780056,99
71.62,0.03381547186344291,0.006080586807620494,0.0010054444924125455,0.0,0.0,0.032078364405390976,98
71.64,0.03381501348608355,0.006079817327567271,0.0010055077011716972,0.0,0.0,0.03207758824806623,98
71.66,0.03381446678590103,0.006079652691552736,0.001005569466001109,0.0,0.0,0.03207677729888175,99
71.68,0.033813828179576316,0.006080735321334219,0.00100562979111801,0.0,0.0,0.03207593574008323,99
71.7,0.03381310035811097,0.006081762435587087,0.0010056886806953035,0.0,0.0,0.03207506776825172,99
71.72,0.03381228593070629,0.00608273427747523,0.0010057461388530307,0.0,0.0,0.03207417754799394,99
71.74,0.03381138737537331,0.006083651084652833,0.0010058021696476658,0.0,0.0,0.03207326916462511,99
71.76,0.03381040698896564,0.006084513089442753,0.0010058568013186794,0.0,0.0,0.032072346576379404,99
71.78,0.03380934683725188,0.006085320519097964,0.0010059100876888822,0.0,0.0,0.03207141356677013,98
71.8,0.03380820870572485,0.006086073596142967,0.0010059620244810238,0.0,0.0,0.03207047369780269,98
71.82000000000001,0.03380694510699349,0.006086772538790449,0.0010060215012867245,0.0,0.0,0.03206947233374533,98
71.84,0.03380560143045618,0.00608741757275081,0.0010060803993369794,0.0,0.0,0.03206846490829639,99
71.86,0.03380418898301984,0.00608926809492424,0.001006137877772358,0.0,0.0,0.0320675085641776,99
71.88,0.03380270693258736,0.0060914066487287475,0.0010061939298988496,0.0,0.0,0.03206702749201309,99
71.9,0.03380129833878871,0.0060934837226433195,0.0010062485574944045,0.0,0.0,0.032066552076162,99
71.92,0.03380007663186311,0.006095499605216468,0.0010063017632978744,0.0,0.0,0.03206608371456753,100
71.94,0.03379907641670556,0.006097454582874664,0.0010063535497549635,0.0,0.0,0.03206562334675864,100
71.96000000000001,0.03379812234101235,0.006099348940595012,0.0010064039189907593,0.0,0.0,0.0320651714416507,100
71.98,0.033797097617887635,0.006101182967458627,0.0010064528751032745,0.0,0.0,0.03206472799221031,100
72.0,0.03379599940712734,0.0061029569464216985,0.0010065004289725645,0.0,0.0,0.03206429251709666,100
72.02,0.03379482431194575,0.006104671158048646,0.0010065465877949385,0.0,0.0,0.03206386406922666,100
72.04,0.033793532120604534,0.0061063258877703305,0.0010065887815826093,0.0,0.0,0.03206340009148734,100
72.06,0.03379210917255052,0.006107921410012776,0.001006626343739489,0.0,0.0,0.032062888329600345,100
72.08,0.033790596048465786,0.006109457997905713,0.0010066624957813064,0.0,0.0,0.032062378248071816,100
72.10000000000001,0.03378898729597991,0.006110935949859588,0.0010066972568547748,0.0,0.0,0.03206186725070594,100
72.12,0.03378727701862634,0.006112355552480852,0.0010067305977958742,0.0,0.0,0.03206135241057563,100
72.14,0.03378545891245865,0.006113717100995961,0.001006762516870597,0.0,0.0,0.032060830511727076,100
72.16,0.03378352630584329,0.006115020893888823,0.0010067930125493491,0.0,0.0,0.03206029809426301,100
72.18,0.03378147220172027,0.006116267235084219,0.0010068220831628597,0.0,0.0,0.03205975150209842,100
72.2,0.03378018685708818,0.006117465901259466,0.0010068497261166856,0.0,0.0,0.03205965605526612,99
72.22,0.033779378948913225,0.006118614504258065,0.001006875938929644,0.0,0.0,0.032059574998840414,99
72.24,0.03377847370030174,0.006119706576519861,0.0010069007189248908,0.0,0.0,0.03205946759033527,98
72.26,0.03377746491576703,0.006120742427323567,0.001006924063280116,0.0,0.0,0.03205932989444872,98
72.28,0.0337763463695428,0.006121722373530513,0.0010069553421311786,0.0,0.0,0.03205915803369137,98
72.3,0.03377511185097884,0.006122646721736424,0.0010070171991136754,0.0,0.0,0.03205920634833566,98
72.32000000000001,0.03377375520774791,0.00612351580498966,0.0010071015782213812,0.0,0.0,0.032059412596174564,98
72.34,0.03377227038632413,0.006124329912277733,0.0010071843902187355,0.0,0.0,0.03205957332210085,98
72.36,0.03377065146926531,0.006125089352675206,0.0010072656392844442,0.0,0.0,0.03205968534605961,99
72.38,0.03377063563049395,0.006125794434829022,0.001007345419956943,0.0,0.0,0.032059745764761886,99
72.4,0.0337707395611692,0.00612644546578276,0.001007423623906008,0.0,0.0,0.03205975198545295,99
72.42,0.033770764614879246,0.0061270427560008965,0.0010075002538916843,0.0,0.0,0.032059701755613866,99
72.44,0.03377110455207347,0.006127586598061389,0.001007575325070925,0.0,0.0,0.032059593188468,98
72.46000000000001,0.033771443729785175,0.006128077287825105,0.001007648812754161,0.0,0.0,0.03205942478425272,98
72.48,0.03377164216295725,0.006128515116254019,0.0010077146633400995,0.0,0.0,0.032059143181032444,98
72.5,0.03377173412129747,0.006128900369324118,0.0010077770474097587,0.0,0.0,0.03205878372154343,98
72.52,0.03377173478338469,0.006129233326318106,0.0010078378560464181,0.0,0.0,0.03205836245326765,98
72.54,0.03377164362551703,0.006129514259386077,0.0010078970822622988,0.0,0.0,0.03205787955531458,98
72.56,0.033771460539025314,0.006129743433071708,0.0010079547256619116,0.0,0.0,0.03205733564015756,98
72.58,0.03377118582824525,0.006129921103661286,0.0010080107861615297,0.0,0.0,0.032056731752228854,98
72.60000000000001,0.03377082020542429,0.006130047518548892,0.0010080652639816252,0.0,0.0,0.03205606936347799,98
72.62,0.033770364782767834,0.006130122915620533,0.0010081181596369158,0.0,0.0,0.03205535036609878,98
72.64,0.033769821061800306,0.006130147522660091,0.0010081694739245122,0.0,0.0,0.032054577062601654,98
72.66,0.03376919092017717,0.006130121556780084,0.0010082192079105758,0.0,0.0,0.03205375215336831,98
72.68,0.03376847659604137,0.0061300452593631,0.0010082673629158935,0.0,0.0,0.03205287872178362,98
72.7,0.03376769536984311,0.006129918796100608,0.0010083139405007015,0.0,0.0,0.03205196021699072,98
72.72,0.03376684221111004,0.006129742383953868,0.0010083589449793923,0.0,0.0,0.03205100043426815,98
72.74,0.03376591367175314,0.006129516204066684,0.0010084023839996995,0.0,0.0,0.03205000349298018,98
72.76,0.03376491322767985,0.006129240359734801,0.0010084442617305674,0.0,0.0,0.03204897381200821,98
72.78,0.03376384460017261,0.006129078051894378,0.0010084846098280175,0.0,0.0,0.032047916082533566,98
72.8,0.03376271172485717,0.0061295098815508315,0.0010085234087669802,0.0,0.0,0.032046835238012904,98
72.82000000000001,0.03376147033709728,0.006129885906186219,0.0010085603152246883,0.0,0.0,0.0320456883572069,98
72.84,0.03376016610986896,0.006130206275583089,0.0010085956143109605,0.0,0.0,0.032044521899315156,98
72.86,0.03375881034142354,0.006130471126742238,0.0010086293561919167,0.0,0.0,0.032043348205411236,98
72.88,0.03375740745156406,0.006130680586502349,0.00100866154387849,0.0,0.0,0.03204217281589114,98
72.9,0.03375596187046656,0.006130834784196455,0.001008692180470561,0.0,0.0,0.03204100131524288,98
72.92,0.03375447798727913,0.0061309337967854075,0.001008721269143837,0.0,0.0,0.032039839281974125,98
72.94,0.033752960095210824,0.006130977710444083,0.0010087488131373134,0.0,0.0,0.03203869223509461,98
72.96000000000001,0.03375141233334581,0.006130966599192169,0.0010087748157413614,0.0,0.0,0.03203756557739249,98
72.98,0.033749838625578454,0.006130900525267719,0.001008799280286498,0.0,0.0,0.032036464535904016,98
73.0,0.03374824261725033,0.006130779540210561,0.0010088222120394473,0.0,0.0,0.03203539410016178,98
73.02,0.03374662761027381,0.006130603685430299,0.0010088436125098945,0.0,0.0,0.032034358959010314,98
73.04,0.03374499649774254,0.006130372993179649,0.0010088634850616656,0.0,0.0,0.03203336343699377,98
73.06,0.03374335169924492,0.006130087488297371,0.001008881833089927,0.0,0.0,0.03203241143153611,98
73.08,0.03374195397753529,0.006129747187808763,0.0010088986599871095,0.0,0.0,0.032031506352337064,98
73.10000000000001,0.03374086576355448,0.006129352103806646,0.0010089139702768942,0.0,0.0,0.0320306510645791,98
73.12,0.03373976688823953,0.00612890224482186,0.0010089277670641413,0.0,0.0,0.03202984783766596,98
73.14,0.0337386572974016,0.0061283976174099615,0.0010089400562652046,0.0,0.0,0.03202909830127212,98
73.16,0.03373753620500975,0.006127866501939586,0.0010089508679986905,0.0,0.0,0.03202840341045912,98
73.18,0.03373640206650595,0.006127310743696328,0.0010089601754535839,0.0,0.0,0.03202776342149632,98
73.2,0.03373525256411903,0.006126700133487945,0.0010089679971354239,0.0,0.0,0.032027177879804185,98
73.22,0.03373408741768052,0.006126034688987474,0.0010089743281638654,0.0,0.0,0.032026645621117476,98
73.24,0.03373290183368414,0.006125314435534339,0.0010089791649773299,0.0,0.0,0.032026241227694915,99
73.26,0.03373170244795659,0.006124539408053587,0.001008982510879105,0.0,0.0,0.03202623319038425,99
73.28,0.03373103437352185,0.006123709652888227,0.00100898436918261,0.0,0.0,0.03202627038207591,99
73.3,0.03373032741693991,0.006122825229508774,0.001008984743219341,0.0,0.0,0.032026349089922655,99
73.32000000000001,0.03372999008622737,0.0061218862120665405,0.0010089836363472088,0.0,0.0,0.03202674351753841,99
73.34,0.03372969919883551,0.006120892690761099,0.0010089810884947425,0.0,0.0,0.03202737223141586,99
73.36,0.0337293740141113,0.006119844772997337,0.0010089770882808166,0.0,0.0,0.03202802803634066,99
73.38,0.03372936157244413,0.00611874258432975,0.0010089716398975783,0.0,0.0,0.03202870571536283,99
73.4,0.03372927790438056,0.006117586270687154,0.0010089647259710864,0.0,0.0,0.032029399897715014,99
73.42,0.03372910098340761,0.00611637878848753,0.0010089558967050656,0.0,0.0,0.032030338692493575,99
73.44,0.03372881736707611,0.006115135976365203,0.0010089443494978394,0.0,0.0,0.03203142113127587,99
73.46000000000001,0.03372882584747033,0.006113839604232268,0.0010089313470200117,0.0,0.0,0.03203250350533922,99
73.48,0.03372873575481705,0.006112489895945631,0.001008916925916818,0.0,0.0,0.03203358073092513,99
73.5,0.03372849063692232,0.00611108708637149,0.001008900772565513,0.0,0.0,0.03203459966128839,99
73.52,0.03372885513959862,0.006109631432072756,0.0010088816708514823,0.0,0.0,0.03203552201793356,99
73.54,0.03373015679864803,0.006108123207055756,0.0010088611641430835,0.0,0.0,0.032036425934016496,99
73.56,0.03373139428504588,0.0061065627028056,0.0010088392234336972,0.0,0.0,0.03203730778018589,99
73.58,0.03373256331786618,0.006104950225897279,0.0010088183878469146,0.0,0.0,0.03203816441173073,99
73.60000000000001,0.033733660093909684,0.006103286099552095,0.0010088380342926483,0.0,0.0,0.032038993199631036,99
73.62,0.03373466912710943,0.006101570657693268,0.001008856654138518,0.0,0.0,0.03203977941379701,99
73.64,0.03373556066735053,0.006099804242816773,0.0010088752865073367,0.0,0.0,0.03204049354505249,99
73.66,0.033736371600559756,0.006097987215336319,0.001008927519586767,0.0,0.0,0.03204117524275854,99
73.68,0.03373710017939965,0.006096119939367862,0.0010089967865694388,0.0,0.0,0.032041824102283865,99
73.7,0.03373774517557418,0.0060942163966303375,0.0010090644974769356,0.0,0.0,0.032042440284681506,99
73.72,0.03373830587215288,0.006092266673924745,0.0010091306772983678,0.0,0.0,0.03204302451098431,99
73.74,0.03373878205230548,0.006090282519284538,0.0010091952796793342,0.0,0.0,0.03204357805299946,99
73.76,0.033739173985068024,0.006088267241526671,0.001009258355356283,0.0,0.0,0.03204410272122745,99
73.78,0.033739482408676684,0.006086203523235636,0.0010093199077423308,0.0,0.0,0.032044600850446615,99
73.8,0.033739708511914414,0.006084091752686872,0.001009379934780559,0.0,0.0,0.032045075283413396,99
73.82000000000001,0.03373985136385876,0.006081932319716754,0.0010094377945000605,0.0,0.0,0.03204552745104673,99
73.84,0.033739857090402385,0.006079725615347893,0.001009479251266355,0.0,0.0,0.03204591945334011,99
73.86,0.033739786522716794,0.00607747199286615,0.0010095192576268649,0.0,0.0,0.03204629910911643,99
73.88,0.03373953866402087,0.006075171834544497,0.0010095121254111007,0.0,0.0,0.03204658277777565,99
73.9,0.03373917012714531,0.006072825462728601,0.0010095009869813664,0.0,0.0,0.03204681460629644,99
73.92,0.033738734782338575,0.006070433248003681,0.001009488499668511,0.0,0.0,0.032047049513797686,99
73.94,0.03373822949098394,0.00606799555885773,0.0010094738684179347,0.0,0.0,0.032047286412944,99
73.96000000000001,0.033737599417307196,0.006065512757672787,0.0010094747417583772,0.0,0.0,0.03204781027713021,99
73.98,0.033736914467703216,0.006062985200166139,0.0010094829145360096,0.0,0.0,0.03204844330356067,99
74.0,0.03373617902320182,0.006060427601273883,0.001009489642027382,0.0,0.0,0.03204910421247384,99
74.02,0.03373539762519659,0.006057837499154888,0.0010094949452201865,0.0,0.0,0.0320501736162799,99
74.04,0.03373457494011852,0.006055203618755117,0.0010094988048501192,0.0,0.0,0.032051455318332,99
74.06,0.03373406372241084,0.006052526283102127,0.0010095012248850128,0.0,0.0,0.03205278601109171,99
74.08,0.03373468734670689,0.0060498058067759725,0.0010095327061702619,0.0,0.0,0.032054173271227136,98
74.10000000000001,0.03373533227838971,0.006047042495130542,0.001009567422828342,0.0,0.0,0.032055624789711204,98
74.12,0.03373600505151707,0.006044236644311757,0.0010096007000249157,0.0,0.0,0.03205714833206368,98
74.14,0.03373671219111506,0.006041388793940735,0.001009632608890247,0.0,0.0,0.03205875169652298,98
74.16,0.03373746016772826,0.006038499133237729,0.0010096630763687638,0.0,0.0,0.032060442670350596,98
74.18,0.0337382553503461,0.006035567777309736,0.0010096921274404776,0.0,0.0,0.03206222898459443,98
74.2,0.03373910395816243,0.006032594975082141,0.0010097197622899214,0.0,0.0,0.032064118267770884,98
74.22,0.03374001201176518,0.006029580973465511,0.0010097459555580045,0.0,0.0,0.03206611799906619,98
74.24,0.0337409852844922,0.006026529647850633,0.0010097707108493539,0.0,0.0,0.03206823546179548,98
74.26,0.03374202925481585,0.006023459914971848,0.0010097940316770796,0.0,0.0,0.03207047769798561,97
74.28,0.03374314906072574,0.006020349633035494,0.0010098159280693539,0.0,0.0,0.03207316284162216,97
74.3,0.03374434945715179,0.0060171990172082955,0.0010098545911391736,0.0,0.0,0.032076122309874604,97
74.32000000000001,0.03374553461427297,0.0060140082753658486,0.0010099181769611726,0.0,0.0,0.0320791168469233,97
74.34,0.033747236960553796,0.006010777616945622,0.001009982690072794,0.0,0.0,0.03208223277558449,97
74.36,0.03374904586112928,0.006007813664908756,0.0010100457189721552,0.0,0.0,0.03208550327247013,97
74.38,0.03375094933638025,0.006005910855196131,0.0010101074331454647,0.0,0.0,0.032088933168401064,97
74.4,0.033753008936654436,0.0060039646003594285,0.0010101677461761683,0.0,0.0,0.03209252685101944,97
74.42,0.03375633182579442,0.006001976735984428,0.0010102265669542107,0.0,0.0,0.0320962882630249,97
74.44,0.033760752231625356,0.00599994776992494,0.0010102839095280055,0.0,0.0,0.03210022090847049,97
74.46000000000001,0.03376532575214966,0.005998013762403767,0.001010339785049835,0.0,0.0,0.03210432786684733,97
74.48,0.03377005460002283,0.005996325191729614,0.0010103941776571672,0.0,0.0,0.03210861181436481,97
74.5,0.03377506658725682,0.005994592761930158,0.0010104466196201624,0.0,0.0,0.032113053136876915,97
74.52,0.0337805115799143,0.005992816591534505,0.0010105169553138746,0.0,0.0,0.032117628882099125,97
74.54,0.03378611587384841,0.0059923095408069066,0.0010106033701250817,0.0,0.0,0.03212238766834085,98
74.56,0.03379188034951251,0.005992405928434301,0.0010106882617928789,0.0,0.0,0.03212733087829068,99
74.58,0.03379780564846773,0.0059924461282638,0.0010107717163594615,0.0,0.0,0.03213245966617085,99
74.60000000000001,0.033803892211490855,0.005992430170377982,0.0010108536537389542,0.0,0.0,0.03213777499613739,99
74.62,0.033810144064997126,0.005993703431509415,0.0010109340798855652,0.0,0.0,0.03214327767819699,99
74.64,0.033816564865583744,0.0059949942567101506,0.001011013066056913,0.0,0.0,0.03214896840022945,99
74.66,0.03382314744754466,0.005996225915292395,0.001011090557598709,0.0,0.0,0.032154847754870354,99
74.68,0.033829891760107485,0.005997398455583884,0.001011166544306805,0.0,0.0,0.032160916260209456,99
74.7,0.03383679767928287,0.005998511934410913,0.001011241028976066,0.0,0.0,0.03216717437348419,99
74.72,0.03384385542835345,0.005999566438350413,0.0010113139785099079,0.0,0.0,0.03217361297563614,99
74.74,0.033851030945858944,0.006000562031520098,0.0010113851646488712,0.0,0.0,0.032180198836834824,99
74.76,0.0338583672969758,0.006001498776729413,0.0010114548608546202,0.0,0.0,0.03218697535491139,99
74.78,0.033865864042636945,0.006002763725693292,0.0010115230673517512,0.0,0.0,0.03219394272535794,99
74.8,0.03387352062005092,0.006005010257691273,0.0010115897882515994,0.0,0.0,0.032201101034323394,98
74.82000000000001,0.03388133631017129,0.00600719495701393,0.0010116550269744545,0.0,0.0,0.032208450226533986,98
74.84,0.033889310199114724,0.006009317901225188,0.001011718784990947,0.0,0.0,0.03221599006717906,97
74.86,0.03389744113457321,0.00601137917077671,0.0010117810653569477,0.0,0.0,0.03222372009880815,97
74.88,0.03390572767845493,0.0060133788484658885,0.0010118418711429393,0.0,0.0,0.03223180363282473,97
74.9,0.033914168057154845,0.006015317018988587,0.001011901217542987,0.0,0.0,0.03224033994220673,97
74.92,0.03392276011098894,0.006017193770512722,0.0010119590958888706,0.0,0.0,0.03224914632099806,97
74.94,0.033931501244418454,0.006019014527250318,0.0010120155179486794,0.0,0.0,0.032258564317010366,97
74.96000000000001,0.03394038837873157,0.006020794622799667,0.001012070503200261,0.0,0.0,0.032268164099173484,97
74.98,0.033949417908832796,0.006022513519769065,0.0010121240401037763,0.0,0.0,0.03227794286297651,97
75.0,0.03395858566570553,0.006024171309411872,0.0010121761214176872,0.0,0.0,0.032287897259691646,97
75.02,0.03396788688595926,0.006025768084435397,0.0010122268047391806,0.0,0.0,0.03229802336656236,97
75.04,0.03397742853996777,0.00602730394087636,0.0010122758587985659,0.0,0.0,0.0323082817004302,97
75.06,0.033987388007834386,0.0060287789908109206,0.001012323316189423,0.0,0.0,0.03231867404520731,97
75.08,0.03399746233015395,0.00603019331668903,0.001012369328369961,0.0,0.0,0.03232922277685167,97
75.10000000000001,0.03400755974702682,0.006031547021557245,0.0010124106182323636,0.0,0.0,0.03233982574481429,97
75.12,0.03401775297782572,0.0060328401881501546,0.0010124503630947136,0.0,0.0,0.032350567412053235,97
75.14,0.03402799960791878,0.006034072924122234,0.001012488699313886,0.0,0.0,0.032361406886160196,97
75.16,0.0340382962931163,0.0060352453429677565,0.001012525595528704,0.0,0.0,0.03237234182411369,97
75.18,0.034048665813071644,0.006036357564356951,0.001012561037808647,0.0,0.0,0.03238339602774316,97
75.2,0.034059098181164565,0.006037409715466615,0.001012595026931181,0.0,0.0,0.032394560566847204,96
75.22,0.034069582997623596,0.00603840192773756,0.001012627567122965,0.0,0.0,0.03240582612631852,96
75.24,0.03408010950263334,0.006039334340264275,0.001012658685274515,0.0,0.0,0.03241718306022793,96
75.26,0.03409066663067835,0.006040207100164149,0.00101268835041132,0.0,0.0,0.032428621447186855,96
75.28,0.03410124306489979,0.006042341800404235,0.0010127165618139945,0.0,0.0,0.03244013114576585,96
75.3,0.03411203033364919,0.006044533207863456,0.0010127433183701332,0.0,0.0,0.03245170184898596,96
75.32000000000001,0.03412357519928733,0.00604666192027279,0.001012768618577506,0.0,0.0,0.0324633231371771,96
75.34,0.03413523350470855,0.0060487281071423754,0.0010127924751641188,0.0,0.0,0.032474984528785604,96
75.36,0.03414686287919098,0.006050731948278862,0.0010128149030415078,0.0,0.0,0.03248667552898453,96
75.38,0.03415845151206868,0.006052673634197105,0.0010128358673403505,0.0,0.0,0.0324983856761725,96
75.4,0.03416998763184982,0.006054553366500337,0.0010128553738205973,0.0,0.0,0.03251010458661997,96
75.42,0.03418145954794812,0.006056371358224492,0.0010128734230351903,0.0,0.0,0.032521821997625405,96
75.44,0.034192855691254645,0.006058127834141279,0.0010128899993830365,0.0,0.0,0.03253352780957354,96
75.46000000000001,0.03420462450591212,0.006059823031013647,0.0010129050993192333,0.0,0.0,0.03254521212724954,95
75.48,0.034216783104054016,0.006061457197796715,0.0010129187194141654,0.0,0.0,0.03255686530066399,95
75.5,0.034228856308771524,0.006063030595776947,0.0010129308557517988,0.0,0.0,0.03256847796550506,95
75.52,0.03424083412282714,0.006064543499065836,0.0010129415046569966,0.0,0.0,0.03258004108317083,95
75.54,0.03425270688911188,0.006065996194449347,0.0010129506625356547,0.0,0.0,0.032591545980170535,95
75.56,0.034264465328215324,0.0060673889792108365,0.0010129583260827869,0.0,0.0,0.03260298438653413,95
75.58,0.03427610291047134,0.00606872216389505,0.0010129644926269179,0.0,0.0,0.0326143484727521,95
75.60000000000001,0.03428780630773992,0.006069996070939692,0.0010129691584430925,0.0,0.0,0.03262563088469229,95
75.62,0.03429958563689603,0.006071223502049358,0.0010129723208368588,0.0,0.0,0.03263682477591105,95
75.64,0.034311185426790555,0.006072410282489121,0.001012973975736738,0.0,0.0,0.032647886004253134,95
75.66,0.034322603105248706,0.006073538764734289,0.001012974121189151,0.0,0.0,0.03265881306508139,95
75.68,0.034333866075553304,0.006074609313996455,0.001012972765224581,0.0,0.0,0.03266963446039639,95
75.7,0.03434494432030969,0.006075622305584937,0.0010129708392683748,0.0,0.0,0.032680320367628655,95
75.72,0.0343558237250861,0.006076578126487646,0.0010129686917127315,0.0,0.0,0.03269085748455374,96
75.74,0.03436653312740801,0.006077477172766969,0.0010129650316970781,0.0,0.0,0.03270127711769285,96
75.76,0.03437706859426613,0.006078319843983725,0.0010129598592965314,0.0,0.0,0.032711576562035855,96
75.78,0.03438742677994632,0.006079106546733871,0.001012953177721582,0.0,0.0,0.03272175373549363,96
75.8,0.03439760636269353,0.0060798376910726456,0.001012945011858001,0.0,0.0,0.03273180717360018,96
75.82000000000001,0.03440760673173826,0.006080513693092969,0.0010129353628059497,0.0,0.0,0.032741736020377804,97
75.84,0.03441770478916047,0.006081134972849416,0.0010129242064891527,0.0,0.0,0.0327515400157082,97
75.86,0.03442774366029209,0.006081701953537424,0.0010129115482308353,0.0,0.0,0.03276121947956732,97
75.88,0.03443760218573256,0.006082215060685975,0.0010128974067600623,0.0,0.0,0.03277077529347988,97
75.9,0.03444726388933448,0.006082674721369283,0.0010128816635790283,0.0,0.0,0.03278019251640947,97
75.92,0.03445670002608582,0.006083081363118522,0.001012864119524786,0.0,0.0,0.032789444068881866,97
75.94,0.034465957147817375,0.006083452452320025,0.0010128450837174597,0.0,0.0,0.03279857770761076,97
75.96000000000001,0.03447503659138269,0.006083786525216965,0.0010128245731925555,0.0,0.0,0.032807596331099524,97
75.98,0.034484320331594195,0.006084068798898336,0.0010128025824904649,0.0,0.0,0.03281650327564958,97
76.0,0.03449352480372683,0.0060842996973454735,0.0010127791129129673,0.0,0.0,0.03282530228602156,97
76.02,0.0345025571699003,0.006084479641956918,0.0010127541691263117,0.0,0.0,0.03283399748491758,97
76.04,0.03451179485486108,0.006084609050978798,0.0010127277559802985,0.0,0.0,0.03284259334136311,97
76.06,0.03452106513487003,0.006084688338970784,0.0010126998796395066,0.0,0.0,0.03285149044185023,97
76.08,0.034530121140252557,0.0060847179163137565,0.0010126706232010455,0.0,0.0,0.032860429004342676,97
76.10000000000001,0.034539016555927636,0.006085806365992789,0.0010126399139254508,0.0,0.0,0.03286928287146986,97
76.12,0.03454775488000481,0.006087202134040112,0.0010126077637810833,0.0,0.0,0.03287805755991427,97
76.14,0.03455633971558018,0.0060885453650665455,0.0010125741832047244,0.0,0.0,0.032886758759559515,97
76.16,0.034564773766492245,0.006089836438781679,0.0010125392125946869,0.0,0.0,0.032895391330252655,97
76.18,0.034572987723949594,0.006091100178461441,0.0010125026464045978,0.0,0.0,0.03290388805716082,97
76.2,0.03458105931114236,0.006092314638911508,0.001012464653745134,0.0,0.0,0.032912329109691114,97
76.22,0.03458899214070021,0.0060934805106377925,0.0010124252403025246,0.0,0.0,0.032920720489766825,97
76.24,0.03459669113625491,0.006094595622267877,0.0010123836549298516,0.0,0.0,0.032928968841426036,97
76.26,0.03460420900775125,0.006095660304628529,0.0010123401057375602,0.0,0.0,0.03293739975099232,97
76.28,0.03461159840901025,0.006096674889903384,0.001012295150078479,0.0,0.0,0.032945962298768394,97
76.3,0.0346188622808862,0.006097639712923002,0.0010122488690460308,0.0,0.0,0.032954498301923804,98
76.32000000000001,0.03462600329148991,0.006098555097235066,0.0010122013055650257,0.0,0.0,0.03296301327393716,98
76.34,0.03463302379655878,0.006099421358930488,0.0010121523803845252,0.0,0.0,0.03297151251929414,99
76.36,0.03463993410155223,0.006100238803381683,0.001012102072282148,0.0,0.0,0.03298000110039368,98
76.38,0.03464672971847642,0.006101007731131055,0.0010120504465789982,0.0,0.0,0.03298848380724658,99
76.4,0.03465340972708095,0.006101728434766421,0.0010119974974367703,0.0,0.0,0.03299696513051104,99
76.42,0.03465997488676261,0.006102401198847476,0.0010119433431316647,0.0,0.0,0.033005449238387004,99
76.44,0.034666425487694656,0.0061030263007312525,0.0010118880537917977,0.0,0.0,0.033013939957845094,99
76.46000000000001,0.034672761331180066,0.006103604008928174,0.0010118314129583645,0.0,0.0,0.03302244076059581,99
76.48,0.03467898171480617,0.006104134582507851,0.0010117734241148024,0.0,0.0,0.03303095475411045,99
76.5,0.03468508542258916,0.006104618273374549,0.0010117140905551096,0.0,0.0,0.03303948467789056,99
76.52,0.034691070720165265,0.006105055325162087,0.0010116534152745293,0.0,0.0,0.03304803290505001,99
76.54,0.03469782969998542,0.006105445981785652,0.0010115914008242684,0.0,0.0,0.033056601449129176,99
76.56,0.03470505719394989,0.006105790463013998,0.0010115280496506664,0.0,0.0,0.03306519197591085,99
76.58,0.034712203084124885,0.00610608898612584,0.0010114633639284644,0.0,0.0,0.03307380581985976,99
76.60000000000001,0.03471926513912012,0.006106341761223791,0.0010113973458259404,0.0,0.0,0.033082444004669656,99
76.62,0.0347262407158487,0.006106548989941503,0.0010113299967971364,0.0,0.0,0.03309110726728275,99
76.64,0.03473312678084793,0.006106710865345372,0.001011261318174129,0.0,0.0,0.03309979608465152,99
76.66,0.03473986247203338,0.006106827571859489,0.0010111910080840452,0.0,0.0,0.03310845356379923,99
76.68,0.03474649466534542,0.006106899283996563,0.0010111193425173936,0.0,0.0,0.0331171300853092,99
76.7,0.034753810185578986,0.006106926168484431,0.0010110463546121903,0.0,0.0,0.0331258323851265,98
76.72,0.034763255145253684,0.00610693030803857,0.001010972039989366,0.0,0.0,0.03313456019464834,98
76.74,0.03477274273742264,0.006106895284008938,0.0010108963984632314,0.0,0.0,0.03314331313236369,98
76.76,0.03478221725034824,0.006106815835899273,0.0010108194295289496,0.0,0.0,0.03315209073082434,99
76.78,0.0347916772059471,0.006106692087438309,0.001010741132357397,0.0,0.0,0.03316089246155204,99
76.8,0.0348011210598157,0.006106524159613517,0.0010106615094421316,0.0,0.0,0.03316971775763653,99
76.82000000000001,0.03481054722037209,0.0061063121637980515,0.0010105805891736383,0.0,0.0,0.033178566033949294,99
76.84,0.03481995406565218,0.0061060562015884425,0.0010104984155729498,0.0,0.0,0.03318743670506673,99
76.86,0.03482933995800715,0.006105756365180853,0.0010104149079501088,0.0,0.0,0.03319632920115176,99
76.88,0.03483870325708295,0.006105412743291255,0.00101033006373912,0.0,0.0,0.03320524298217632,99
76.9,0.034848042331563474,0.006105025399812742,0.001010243880052202,0.0,0.0,0.03321417755096907,99
76.92,0.03485735557022226,0.006104594395456504,0.0010101563659166482,0.0,0.0,0.033223132465635054,99
76.94,0.03486664139284507,0.0061041197889257735,0.0010100675358714654,0.0,0.0,0.033232107351912954,99
76.96000000000001,0.03487589826155848,0.00610360162016927,0.0010099773558247724,0.0,0.0,0.03324110191600747,99
76.98,0.0348851246930239,0.006103039908167791,0.0010098858218151915,0.0,0.0,0.033250283418734955,99
77.0,0.03489431927184141,0.006102434669449973,0.0010097930195415595,0.0,0.0,0.03325991725462466,99
77.02,0.034903480665354814,0.006101785909415721,0.0010097016942314711,0.0,0.0,0.033269569834029254,99
77.04,0.034912607639872674,0.006101093621792173,0.0010096433255833458,0.0,0.0,0.03327924133563108,99
77.06,0.03492169907812771,0.006100357788430245,0.0010095835572609443,0.0,0.0,0.03328893210137055,99
77.08,0.0349307634805039,0.006099578379103468,0.0010095223848448653,0.0,0.0,0.03329864265678079,99
77.10000000000001,0.03493979162476821,0.006098755358110971,0.0010094598034971075,0.0,0.0,0.033308373731737985,99
77.12,0.03494878181666997,0.006097888664109468,0.0010093958089326613,0.0,0.0,0.03331812628091888,99
77.14,0.034957733587663214,0.006096978229092584,0.0010093303986661542,0.0,0.0,0.03332790150312861,99
77.16,0.034966646672666406,0.006096023972676869,0.001009263588931051,0.0,0.0,0.03333770085857214,99
77.18,0.03497552102173387,0.006095025801561431,0.0010092142696513137,0.0,0.0,0.03334752608309549,99
77.2,0.03498435680759333,0.006094199891579554,0.0010091750886455442,0.0,0.0,0.0333573791984205,98
77.22,0.034994074950393035,0.006094049135293359,0.001009134482036892,0.0,0.0,0.03336726251743617,98
77.24,0.03500432310065339,0.006093846943278864,0.0010090931115078285,0.0,0.0,0.033377178643688776,98
77.26,0.03501457937555602,0.0060935931385105065,0.0010090803570308791,0.0,0.0,0.03338713046432639,98
77.28,0.03502485357297174,0.006093287540146645,0.0010090660847415904,0.0,0.0,0.03339712113589598,98
77.3,0.0350351445778439,0.006092929961985703,0.0010090502939478136,0.0,0.0,0.033407154062558266,98
77.32000000000001,0.03504545207120609,0.006093456714827653,0.0010090329843761624,0.0,0.0,0.03341723286647169,98
77.34,0.03505628652286687,0.006094482957202344,0.001009014159664639,0.0,0.0,0.033427361350299195,98
77.36,0.03506770938634818,0.006095452305686438,0.0010089938677877615,0.0,0.0,0.03343751321739447,98
77.38,0.03507912853957605,0.006096364554956156,0.0010089721047769579,0.0,0.0,0.03344769425012645,98
77.4,0.03509057576817591,0.006097219493876153,0.0010089488271989243,0.0,0.0,0.03345793700168854,98
77.42,0.03510205434017626,0.006098016906146677,0.0010089241913467837,0.0,0.0,0.03346824547501989,98
77.44,0.035113567389976744,0.0060987565712878585,0.0010088980770265649,0.0,0.0,0.0334786235618576,98
77.46000000000001,0.03512511784396321,0.006099438265674981,0.0010088704530786642,0.0,0.0,0.03348907496959165,98
77.48,0.03513670834423047,0.006100061763723746,0.0010088413225383635,0.0,0.0,0.03349960314627688,98
77.5,0.035148341172160834,0.006100626839220725,0.0010088106886740739,0.0,0.0,0.03351021120554315,98
77.52,0.03516001817376254,0.006101133266789277,0.0010087785551650666,0.0,0.0,0.033520901853300346,98
77.54,0.03517174068878068,0.006101580823476071,0.0010087449260422208,0.0,0.0,0.033531677318241714,98
77.56,0.03518350948563643,0.006101969290438268,0.0010087098054475667,0.0,0.0,0.03354253928819179,98
77.58,0.03519532470422033,0.006102298458953453,0.0010086731979194587,0.0,0.0,0.03355348885431416,98
77.60000000000001,0.03520718580845103,0.006102568120841096,0.0010086351082519555,0.0,0.0,0.033564526465080215,98
77.62,0.035219091550307814,0.006102778080387328,0.0010085955453279765,0.0,0.0,0.03357565189169694,98
77.64,0.03523103994675491,0.0061029485423427935,0.001008554654345787,0.0,0.0,0.03358686420640288,98
77.66,0.035243028270605437,0.0061030618094919525,0.00100851229916525,0.0,0.0,0.033598161774672494,98
77.68,0.035255053055936424,0.006103114865356032,0.0010085005840174202,0.0,0.0,0.03360954226193505,98
77.7,0.0352671101181843,0.006103107569133493,0.001008506460472047,0.0,0.0,0.03362100265493481,97
77.72,0.03527919458854558,0.006103039797675869,0.0010085242998173689,0.0,0.0,0.03363253929735781,97
77.74,0.03529130096180915,0.0061039146484970054,0.0010085581947469906,0.0,0.0,0.0336441479388556,98
77.76,0.03530342315627926,0.006105414634217393,0.0010085905503226344,0.0,0.0,0.03365582379613239,97
77.78,0.03531555458403832,0.0061068492880500145,0.0010086213765797907,0.0,0.0,0.033667561624356045,97
77.8,0.03532768822946667,0.006108218543174229,0.0010086507118521816,0.0,0.0,0.03367935579682396,97
77.82000000000001,0.03533981673369652,0.006109522354333341,0.0010086785598124614,0.0,0.0,0.03369120039057806,98
77.84,0.03535193248253756,0.006110760699805857,0.0010087048887639696,0.0,0.0,0.03370308927552546,98
77.86,0.035364031384947654,0.006111933577724496,0.0010087297043049023,0.0,0.0,0.033715016204587084,98
77.88,0.03537610889948374,0.006113041047234068,0.0010087530120451893,0.0,0.0,0.03372697490245719,97
77.9,0.03538815021823855,0.006114083106964058,0.0010087748176910813,0.0,0.0,0.033738959150707966,97
77.92,0.035400096732609944,0.006115059813793748,0.0010087821573092643,0.0,0.0,0.033750925009845736,97
77.94,0.03541197912311815,0.006115971223352188,0.0010087848401104623,0.0,0.0,0.033762895111222616,97
77.96000000000001,0.03542380248896375,0.0061168174263391915,0.0010087860737162868,0.0,0.0,0.03377487316207054,97
77.98,0.03543555969082922,0.006117603687416013,0.0010087858705599203,0.0,0.0,0.03378685388477249,97
78.0,0.03544728510661044,0.006118344003019776,0.0010087842389537105,0.0,0.0,0.03379880828007073,97
78.02,0.03545924616340614,0.006119019451592559,0.0010087812229540622,0.0,0.0,0.03381071091255773,97
78.04,0.03547112712005426,0.00611963018853255,0.0010087769028587978,0.0,0.0,0.03382260276720672,96
78.06,0.03548292227867629,0.006120176382672098,0.001008771169764366,0.0,0.0,0.03383448017844514,96
78.08,0.03549542335940386,0.006120658214286669,0.0010087640303350336,0.0,0.0,0.0338463399087126,96
78.10000000000001,0.035508497523640103,0.006121075876234302,0.0010087652525719128,0.0,0.0,0.03385817913891333,96
78.12,0.03552144006152491,0.006121429567523492,0.0010088070576651051,0.0,0.0,0.0338699201742595,96
78.14,0.035534257426365026,0.006121719494440486,0.0010088471645509991,0.0,0.0,0.03388157068780088,96
78.16,0.035547012999773066,0.00612194587232329,0.0010088858264603107,0.0,0.0,0.03389319461689384,96
78.18,0.03555991417475724,0.0061221089259915155,0.0010089230543586973,0.0,0.0,0.03390514109215847,96
78.2,0.03557318080937228,0.006122211612605791,0.001008958853765956,0.0,0.0,0.03391715018481605,96
78.22,0.03558637876689704,0.006122284620969796,0.0010089932243105655,0.0,0.0,0.033929128789956936,96
78.24,0.03559946892500191,0.00612231453811835,0.0010090331949078866,0.0,0.0,0.03394103166519713,96
78.26,0.03561246249711295,0.006122282052892627,0.0010090763965799711,0.0,0.0,0.03395287335457815,96
78.28,0.03562538305626746,0.006122187426196076,0.001009118143855624,0.0,0.0,0.033964683079338406,96
78.3,0.03563822932633507,0.006122030920127842,0.0010091584644504295,0.0,0.0,0.03397646056072575,97
78.32000000000001,0.03565100007355533,0.006121812802333164,0.0010091973805761883,0.0,0.0,0.03398824974965614,97
78.34,0.035663694081472706,0.006121533345918464,0.0010092348567446589,0.0,0.0,0.03400042606400916,97
78.36,0.035676310129754724,0.006121192829375796,0.0010092708974944978,0.0,0.0,0.034012569059407013,97
78.38,0.03568884697671788,0.00612079153650338,0.0010093055073214956,0.0,0.0,0.034024678614081975,97
78.4,0.03570130334519457,0.006120329758217816,0.001009338690664306,0.0,0.0,0.034036754604976335,97
78.42,0.03571367791122262,0.006119807789138153,0.0010093973578088804,0.0,0.0,0.03404879689802545,97
78.44,0.03572596929493888,0.006119225925872713,0.0010095110354776096,0.0,0.0,0.03406080534069885,96
78.46000000000001,0.03573817605301188,0.0061185844721817805,0.0010096231898437647,0.0,0.0,0.03407277975613621,96
78.48,0.03575029375646602,0.006117883736312727,0.0010097338220858918,0.0,0.0,0.034085014018366735,96
78.5,0.03576224704596187,0.00611712403059205,0.001009843307581149,0.0,0.0,0.03409735480894447,96
78.52,0.03577411102702795,0.006116305668282115,0.0010099512701032415,0.0,0.0,0.03410966035972717,96
78.54,0.035785883935727056,0.006115428969134179,0.0010100577536489067,0.0,0.0,0.03412224332000696,96
78.56,0.03579756390935198,0.0061144942559437174,0.0010101627141418823,0.0,0.0,0.034134961364672554,96
78.58,0.035809066724778835,0.006114049323814008,0.0010102341713539935,0.0,0.0,0.03414757214833142,96
78.60000000000001,0.03582044661199882,0.006114928712380127,0.0010103205221054404,0.0,0.0,0.03416012330482661,96
78.62,0.035831727394887394,0.006115745106237013,0.0010104102633887056,0.0,0.0,0.03417263652181543,96
78.64,0.0358429067128693,0.006116498783928059,0.001010501284770839,0.0,0.0,0.034185111144814546,95
78.66,0.03585398205096274,0.006117190024709893,0.0010106312371599118,0.0,0.0,0.03419754642492935,95
78.68,0.03586495072686192,0.0061178191079842665,0.001010759741596885,0.0,0.0,0.034209941508508465,95
78.7,0.03587580987800986,0.006118386312738519,0.0010108867609924942,0.0,0.0,0.03422229542689781,95
78.72,0.035886556448918014,0.0061188919170018724,0.0010110123570820535,0.0,0.0,0.03423460708655634,95
78.74,0.035897187178957124,0.006119336197324557,0.0010111366308600514,0.0,0.0,0.03424687525976374,94
78.76,0.03590769859080201,0.006119719428286142,0.0010112594730835795,0.0,0.0,0.03425909857610844,94
78.78,0.0359180869796648,0.006120041882039043,0.001011380912531532,0.0,0.0,0.034271275514896164,94
78.8,0.03592834840340531,0.006120303827892641,0.0010115008974969125,0.0,0.0,0.034283404398573095,94
78.82000000000001,0.0359384786735641,0.006120505531942933,0.0010116193989868154,0.0,0.0,0.0342954833872144,94
78.84,0.03594847675252642,0.0061206472567521255,0.00101173640395116,0.0,0.0,0.03430751047409459,94
78.86,0.035958342014413926,0.006120729261082049,0.0010118519298482965,0.0,0.0,0.03431948348233268,94
78.88,0.03596806206212842,0.006120751799684723,0.001011965986501468,0.0,0.0,0.03433140006259409,94
78.9,0.0359776316512585,0.00612071512315272,0.0010120785421240247,0.0,0.0,0.03434325769183419,94
78.92,0.0359870452599759,0.006120619481713097,0.0010121895949939243,0.0,0.0,0.03435505367308523,95
78.94,0.03599631966704366,0.006120465116462557,0.0010122991433530147,0.0,0.0,0.03436678513631843,95
78.96000000000001,0.03600577680058417,0.006120252262359326,0.001012407315117766,0.0,0.0,0.0343784220020898,95
78.98,0.0360150150215507,0.0061199811520071205,0.001012514230692926,0.0,0.0,0.03438993788476596,96
79.0,0.036024088691138656,0.0061196520130878465,0.0010126196470644571,0.0,0.0,0.034401379715117926,96
79.02,0.03603386694118859,0.006119265071571924,0.001012723552663113,0.0,0.0,0.03441274396458263,96
79.04,0.03604446786108146,0.006118820549950871,0.0010128259497875678,0.0,0.0,0.03442402695637148,96
79.06,0.03605493641108218,0.0061198359486250185,0.0010129268330911934,0.0,0.0,0.034435224876137635,96
79.08,0.03606526731388148,0.006120833212279931,0.0010130262014668495,0.0,0.0,0.03444633378525197,96
79.10000000000001,0.036075455139374775,0.006121766182080025,0.001013124054003105,0.0,0.0,0.034457349637002706,97
79.12,0.036085494322188445,0.006122635139787084,0.001013220401230592,0.0,0.0,0.034468268295987134,97
79.14,0.036095304066647425,0.006123440364261883,0.0010133157734171876,0.0,0.0,0.03447900992438429,97
79.16,0.03610490410804996,0.0061241821321018925,0.0010134111304815484,0.0,0.0,0.034489592830687144,97
79.18,0.03611434106345099,0.006124860721344047,0.0010135050140650027,0.0,0.0,0.034500065947684455,97
79.2,0.03612360634863404,0.006125476404487122,0.0010135973850206486,0.0,0.0,0.034510425047243595,97
79.22,0.03613269409976836,0.0061260294526415005,0.0010136882376198158,0.0,0.0,0.03452066595966732,96
79.24,0.03614167839272244,0.006126520400012047,0.0010137775724385256,0.0,0.0,0.03453078461159093,96
79.26,0.036150884087040876,0.0061269493641781195,0.0010138653902445243,0.0,0.0,0.03454077706544392,96
79.28,0.03615989435779207,0.006127316503026443,0.0010139516919811774,0.0,0.0,0.03455063955966156,96
79.3,0.036168644053106415,0.006127622084220218,0.001014036709137067,0.0,0.0,0.03456030855245549,96
79.32000000000001,0.03617716455104995,0.0061278663674422815,0.001014120300639489,0.0,0.0,0.03456981764828999,96
79.34,0.03618547382656053,0.006128049616549238,0.001014202383018585,0.0,0.0,0.03457918704650281,96
79.36,0.03619511111100034,0.006128172104807188,0.0010142829536469893,0.0,0.0,0.03458841407461638,95
79.38,0.03620484023125266,0.006128234087790162,0.0010143630461069985,0.0,0.0,0.03459745710809777,95
79.4,0.03621470213620306,0.006128235818710604,0.001014443533607082,0.0,0.0,0.03460628128095534,95
79.42,0.03622453472105825,0.006128177541433988,0.0010145225112719555,0.0,0.0,0.03461495746067809,95
79.44,0.03623418802559286,0.0061280595142820474,0.001014599960999663,0.0,0.0,0.03462348453531823,95
79.46000000000001,0.03624366055904558,0.006127884893197564,0.0010146758807423083,0.0,0.0,0.03463186182158375,95
79.48,0.036252951240376495,0.006127679689740562,0.0010147502706988052,0.0,0.0,0.03464008906888164,95
79.5,0.036262060466990584,0.006127415437136746,0.0010148231326701316,0.0,0.0,0.034648166457513015,95
79.52,0.03627099056708904,0.006127092379605149,0.0010148944684123741,0.0,0.0,0.03465609459110616,95
79.54,0.03627973798902343,0.006126710756584016,0.0010149643575447533,0.0,0.0,0.03466387448346727,95
79.56,0.03628830320767601,0.00612627080227296,0.001015032731886726,0.0,0.0,0.03467150754010885,95
79.58,0.03629668985897034,0.006125772745217173,0.0010151173978254799,0.0,0.0,0.03467899553478564,95
79.60000000000001,0.036304904369198615,0.00612521680794645,0.0010152341031619205,0.0,0.0,0.03468634058142894,96
79.62,0.03631303768431051,0.0061246032159557725,0.0010153493359068894,0.0,0.0,0.0346935451019302,96
79.64,0.03632147373031953,0.0061239321905025,0.0010154630266399377,0.0,0.0,0.03470061179028295,96
79.66,0.036329835103545,0.006123460366563983,0.0010155751483319412,0.0,0.0,0.034707543573656005,96
79.68,0.03633846326272713,0.00612295715626632,0.0010156857011085192,0.0,0.0,0.03471434357103704,96
79.7,0.036346918715303315,0.006122396469351014,0.00101582488868109,0.0,0.0,0.034721015050159364,96
79.72,0.0363552036550367,0.006121778489943658,0.0010159650333574548,0.0,0.0,0.03472756138349888,96
79.74,0.036363320299796525,0.006121103423147524,0.0010161035780402573,0.0,0.0,0.034733986004202,96
79.76,0.03637127084694423,0.006120371434522498,0.0010162405220553135,0.0,0.0,0.034740292362870795,96
79.78,0.03637905743048714,0.006119582670870224,0.0010163758645159366,0.0,0.0,0.03474648388618136,96
79.8,0.036386682080996706,0.0061187373024914156,0.0010165096043259633,0.0,0.0,0.034752563938336006,96
79.82000000000001,0.03639414668927825,0.006117835497373183,0.0010166417401976798,0.0,0.0,0.03475853578634034,96
79.84,0.03640145297472697,0.006116877393232989,0.0010167722707844337,0.0,0.0,0.03476440257004396,96
79.86,0.036408532822801126,0.006115863143205417,0.001016901343789942,0.0,0.0,0.03477009629883762,96
79.88,0.036415438590591105,0.0061147928795692716,0.0010170288449284678,0.0,0.0,0.034775671820936487,96
79.9,0.036422190136868975,0.00611366674909813,0.0010171547311780163,0.0,0.0,0.034781150919208685,96
79.92,0.0364287882976648,0.006112484901493924,0.0010172790175875983,0.0,0.0,0.034786536045737226,97
79.94,0.03643523367241062,0.006111247489711206,0.001017401691793541,0.0,0.0,0.0347918294700104,97
79.96000000000001,0.03644152663090353,0.006109954669004364,0.0010175227435547478,0.0,0.0,0.03479703328813615,96
79.98,0.03644766732610144,0.006108606597781233,0.0010176421707374544,0.0,0.0,0.034802149438002965,96
80.0,0.0364536557118275,0.006107203438388586,0.0010177599782529188,0.0,0.0,0.034807179719468985,96
80.02,0.03645949156423122,0.006105745357814343,0.0010178761594085944,0.0,0.0,0.034812125818434014,96
80.04,0.03646517450568567,0.006104232528294773,0.0010179907101604082,0.0,0.0,0.03481698933347992,96
80.06,0.036470704029706376,0.006102665127818861,0.0010181036287597758,0.0,0.0,0.03482177180367156,96
80.08,0.03647607952546295,0.006101043340526242,0.0010182149136463094,0.0,0.0,0.034826474736096125,96
80.10000000000001,0.03648130030052017,0.00609936735699932,0.0010183245831203657,0.0,0.0,0.03483109963178398,96
80.12,0.036486365600586816,0.006097637374454231,0.0010184326348514467,0.0,0.0,0.034835648008796155,96
80.14,0.03649127462525341,0.006095853596838929,0.0010185390936817357,0.0,0.0,0.03484012142146675,96
80.16,0.03649602653895573,0.006094032904332803,0.0010186439934685458,0.0,0.0,0.03484452147504322,97
80.18,0.03650062047668498,0.006092662851283262,0.0010187473659229464,0.0,0.0,0.03484884983525285,97
80.2,0.036505055544268764,0.006091312759051287,0.0010188491875748255,0.0,0.0,0.03485310823262592,97
80.22,0.03650933081334611,0.006089908207892354,0.001018949472352802,0.0,0.0,0.03485729846170535,97
80.24,0.036513445311443835,0.006088449439142219,0.0010190481234678313,0.0,0.0,0.03486142237555664,97
80.26,0.03651739910091412,0.006086936700226497,0.0010191452563342704,0.0,0.0,0.03486548187624478,97
80.28,0.03652120011580997,0.006085370244495601,0.0010192407599031769,0.0,0.0,0.03486947890215705,97
80.3,0.03652478454174804,0.0060837503310755174,0.0010193349038026967,0.0,0.0,0.034873362782089905,97
80.32000000000001,0.0365281942158425,0.006083000383527138,0.001019427459583359,0.0,0.0,0.034877178706842676,97
80.34,0.03653143711591204,0.006082689190831566,0.0010195184470797312,0.0,0.0,0.034880938081411406,97
80.36,0.036534511628442096,0.006082321513948687,0.0010196078113613517,0.0,0.0,0.03488473181528407,97
80.38,0.036537415964664276,0.0060818975987951395,0.0010196955554853655,0.0,0.0,0.03488881257240763,97
80.4,0.03654014814609251,0.006081417696801919,0.0010197816828031415,0.0,0.0,0.03489284192948192,97
80.42,0.03654272907931682,0.006080882067980269,0.0010198662295239815,0.0,0.0,0.034896821691372905,97
80.44,0.03654684535032775,0.006080290973704935,0.0010199491759484204,0.0,0.0,0.03490075361539347,97
80.46000000000001,0.03655084157912841,0.00607964470808571,0.0010200305172651893,0.0,0.0,0.034904639416649036,98
80.48,0.03655471716960789,0.00607894351100874,0.0010201102578656948,0.0,0.0,0.03490848077819185,98
80.5,0.036558471422353085,0.00607818765859989,0.0010201884023690341,0.0,0.0,0.034912279365657946,98
80.52,0.036562103549411966,0.006077377431754626,0.001020288148783399,0.0,0.0,0.034916037852554,98
80.54,0.03656561269202206,0.00607651311599437,0.001020409979835772,0.0,0.0,0.03492018555933831,98
80.56,0.03656899794035663,0.006075595001267969,0.0010205301516004158,0.0,0.0,0.034924295052466234,98
80.58,0.03657225835424386,0.006074623381691424,0.0010206486688059456,0.0,0.0,0.034928368139860715,98
80.60000000000001,0.036576793633414525,0.006073598555221242,0.0010207655363150352,0.0,0.0,0.034932406726007434,98
80.62,0.03658150193208447,0.006072520823258937,0.0010208808517356708,0.0,0.0,0.03493641283596018,98
80.64,0.036586136187580616,0.006071390490186414,0.0010209946366684347,0.0,0.0,0.03494038863738668,98
80.66,0.0365906974172002,0.00607020786283411,0.0010211067948740693,0.0,0.0,0.03494433645982697,97
80.68,0.03659518677013008,0.006068973249885568,0.001021217324609115,0.0,0.0,0.03494825881050272,97
80.7,0.036599605537466676,0.006067686961223789,0.0010213262312828734,0.0,0.0,0.03495215838620427,97
80.72,0.036604036926110875,0.0060663493072259335,0.0010214335204207405,0.0,0.0,0.034956038080977914,97
80.74,0.03660932926060549,0.006064960598013934,0.001021539197667899,0.0,0.0,0.034959900989527566,97
80.76,0.03661458213362382,0.0060635211426691695,0.0010216432823716072,0.0,0.0,0.034963750406422085,97
80.78,0.036619794631781354,0.006062031248419782,0.001021745863316974,0.0,0.0,0.03496758624561653,97
80.8,0.036624873317678275,0.006060491219637286,0.0010218472523455741,0.0,0.0,0.03497131571224131,97
80.82000000000001,0.03662987790840198,0.006058909302169349,0.0010219470851840057,0.0,0.0,0.03497499968317864,97
80.84,0.03663485468089711,0.006057294512052082,0.0010220454351203246,0.0,0.0,0.034978922531795596,97
80.86,0.03663980682944929,0.006055630427112747,0.0010221639240047123,0.0,0.0,0.03498306754936721,97
80.88,0.036644746978393726,0.006053917332766241,0.001022297845480163,0.0,0.0,0.034987222151565515,97
80.9,0.03664967117229023,0.006052155507595289,0.0010224301877760403,0.0,0.0,0.034991390734730496,97
80.92,0.03665458087629036,0.006050345222576658,0.0010225609300580634,0.0,0.0,0.034995577785802416,97
80.94,0.036659479539844365,0.006048486740342285,0.001022690405767859,0.0,0.0,0.0349997878633803,97
80.96000000000001,0.03666437062551735,0.006046580515722507,0.0010228183422008531,0.0,0.0,0.03500402557901023,97
80.98,0.03666925758910765,0.00604462894817353,0.0010229446996821681,0.0,0.0,0.035008295578899264,97
81.0,0.03667414386020032,0.0060426299097671495,0.0010230694856532274,0.0,0.0,0.035012602526146894,97
81.02,0.03667903282314111,0.006040583622470569,0.0010231927075247337,0.0,0.0,0.03501695108348441,97
81.04,0.036683927798327486,0.006038490296971086,0.0010233143814387883,0.0,0.0,0.03502156314827856,97
81.06,0.03668883202364394,0.006036350135548999,0.0010234345204511992,0.0,0.0,0.03502644023842588,97
81.08,0.03669374863582491,0.006034163323759401,0.0010235531297006406,0.0,0.0,0.03503137221393774,97
81.10000000000001,0.03669868065151346,0.006031930043888678,0.0010236702034105575,0.0,0.0,0.03503636356893219,97
81.12,0.03670363094780278,0.006029650559835546,0.0010237857487330074,0.0,0.0,0.035041418713188145,97
81.14,0.03670860224209693,0.006027324916280094,0.0010238997727113454,0.0,0.0,0.03504654195439961,97
81.16,0.036713941110298194,0.006024953250992036,0.0010240122826296616,0.0,0.0,0.03505173747978243,97
81.18,0.03672041097352618,0.006022535689499603,0.0010241233155206665,0.0,0.0,0.03505700933705507,97
81.2,0.03672695431673476,0.006020072345519669,0.0010242328770630879,0.0,0.0,0.03506236141493425,97
81.22,0.03673357464232757,0.006017563320975417,0.001024340943484024,0.0,0.0,0.03506779742340889,97
81.24,0.036740275253801025,0.006015008706411599,0.0010244475207320553,0.0,0.0,0.03507332087417209,98
81.26,0.03674705923678043,0.006012408581503704,0.0010245849687654095,0.0,0.0,0.035078935061686495,98
81.28,0.03675392944121267,0.0060097630156567775,0.0010247251864749704,0.0,0.0,0.035084643045425266,98
81.3,0.03676088846528273,0.006007072068688224,0.0010248638805613326,0.0,0.0,0.035090447633855396,98
81.32000000000001,0.03676793864160445,0.0060043357915872475,0.0010250010715843084,0.0,0.0,0.035096351370712604,98
81.34,0.03677508202617153,0.0060015542306479305,0.0010251367523454776,0.0,0.0,0.03510235652405305,98
81.36,0.03678232039045203,0.0059987274385147425,0.001025270940622154,0.0,0.0,0.03510846507846419,98
81.38,0.03678965471468432,0.005995855437973772,0.0010254036157384397,0.0,0.0,0.03511467823214183,98
81.4,0.036797023160363075,0.005992938240623531,0.001025545659242612,0.0,0.0,0.035120934820181846,98
81.42,0.03680449021798966,0.00598997586361977,0.0010257099879765021,0.0,0.0,0.0351272990888276,98
81.44,0.03681205651028588,0.005986968333178363,0.0010258727923749507,0.0,0.0,0.03513377187957721,98
81.46000000000001,0.03681972238654075,0.0059839156683113605,0.0010260340700266964,0.0,0.0,0.035140353762325965,98
81.48,0.03682748793371927,0.005980817869958463,0.001026193821500659,0.0,0.0,0.035147045046659414,98
81.5,0.03683554001399175,0.005977674951551413,0.0010263520467604429,0.0,0.0,0.035153845795258674,98
81.52,0.036843976061091153,0.005974486927371675,0.0010265087627899948,0.0,0.0,0.03516075583897993,98
81.54,0.03685250996925676,0.005971253814759939,0.001026663981430072,0.0,0.0,0.035167774793193975,98
81.56,0.036861140923282305,0.005967975635060108,0.0010268176792067158,0.0,0.0,0.03517490207500972,98
81.58,0.036869867924447436,0.005964652408198928,0.001026969844225498,0.0,0.0,0.03518213692104807,98
81.60000000000001,0.03687868980832663,0.00596128415678784,0.0010271204760107025,0.0,0.0,0.03518947840546549,98
81.62,0.03688760526255827,0.0059578709111864445,0.0010272695765927862,0.0,0.0,0.03519692545794057,98
81.64,0.03689661284427805,0.005956196736275518,0.0010274171440238509,0.0,0.0,0.03520447688132698,98
81.66,0.036905821623673445,0.005954542009672184,0.0010275632090429926,0.0,0.0,0.035212131368643595,98
81.68,0.03691548169095833,0.005953176155070975,0.001027707746115573,0.0,0.0,0.035219887519019936,98
81.7,0.03692522829762963,0.005951772882658461,0.0010278507354259383,0.0,0.0,0.035227743852153985,98
81.72,0.03693505963408218,0.00595031105497213,0.0010279921649209327,0.0,0.0,0.0352356988207791,98
81.74,0.03694497382885633,0.00594879076546641,0.001028132027718277,0.0,0.0,0.03524375082058829,99
81.76,0.0369549689552062,0.005947212122471415,0.0010282703256595301,0.0,0.0,0.03525189819703871,99
81.78,0.036965043033969795,0.005945575248603738,0.0010284070460639854,0.0,0.0,0.035260139248461914,99
81.8,0.03697519403220125,0.005944107514862211,0.00102854218247004,0.0,0.0,0.035268472224940395,99
81.82000000000001,0.03698541985709177,0.005942676364439133,0.0010286758231701132,0.0,0.0,0.0352768953224776,99
81.84,0.036995718344802364,0.005941186351199713,0.0010288078914690228,0.0,0.0,0.035285406672085094,99
81.86,0.037006087243950665,0.0059396376534304705,0.0010289383625681375,0.0,0.0,0.03529400432352972,99
81.88,0.037016524193632806,0.00593803045997466,0.0010290673390834738,0.0,0.0,0.035302686223622086,99
81.9,0.03702703681532019,0.0059367898779500005,0.0010291947190590334,0.0,0.0,0.03531145018908016,99
81.92,0.037038106226416616,0.005936473959808346,0.0010293204807312571,0.0,0.0,0.035320540367355525,99
81.94,0.03704923496114863,0.005936097074689781,0.0010294446206093992,0.0,0.0,0.035329895530936,99
81.96000000000001,0.037060419896340395,0.005935659425744675,0.0010295671540600595,0.0,0.0,0.035339324550242156,99
81.98,0.03707165761431184,0.005935161467524087,0.0010296955609303243,0.0,0.0,0.03534882435305954,99
82.0,0.037082944354605095,0.005934603386329169,0.001029865793849999,0.0,0.0,0.035358391532735074,99
82.02,0.037094275964012734,0.005933985200962262,0.001030034384144479,0.0,0.0,0.03536802229854132,99
82.04,0.03710564784613613,0.005933307143631785,0.0010302012602387367,0.0,0.0,0.03537771242558349,99
82.06,0.03711705491185643,0.005932740438109398,0.0010303664161587344,0.0,0.0,0.03538745720563222,99
82.08,0.0371284915322305,0.00593406181781623,0.001030529846010382,0.0,0.0,0.03539725140039557,99
82.10000000000001,0.03713995149541718,0.005935640333854964,0.0010306918580101816,0.0,0.0,0.03540708919883535,99
82.12,0.03715142796928084,0.005937150523650685,0.001030852301564065,0.0,0.0,0.035416964180175786,99
82.14,0.0371629134712976,0.005938592533252249,0.0010310110731020926,0.0,0.0,0.03542686928422978,99
82.16,0.03717439984729292,0.005939966515734216,0.0010311681067524036,0.0,0.0,0.035436796790571934,99
82.18,0.03718624029318975,0.005941272634010047,0.0010313233821778577,0.0,0.0,0.03544673830791069,99
82.2,0.037198187848257076,0.00594251106370445,0.0010314768967761702,0.0,0.0,0.035456684774754305,99
82.22,0.03721010716385185,0.005943681992781398,0.0010316286527355927,0.0,0.0,0.035466626472133264,99
82.24,0.037221987405717256,0.005944785622476336,0.0010317786485104644,0.0,0.0,0.035476553048749866,99
82.26,0.03723381713097475,0.00594582216820588,0.0010319268668187844,0.0,0.0,0.035486453558493225,100
82.28,0.037245584336968285,0.005946791860429736,0.001032073303566403,0.0,0.0,0.035496316509811165,100
82.3,0.03725727652100892,0.005947694945441144,0.0010322179552995916,0.0,0.0,0.0355061299259969,100
82.32000000000001,0.03726888074968395,0.005948531686064252,0.0010323608575006408,0.0,0.0,0.035515881415054636,100
82.34,0.03728038373606815,0.005949302362239996,0.001032502004914882,0.0,0.0,0.035525558247480826,100
82.36,0.03729177192293016,0.005950007271485581,0.0010326413781334342,0.0,0.0,0.03553514744005359,100
82.38,0.037303031569879366,0.005950676566182791,0.0010327789531365743,0.0,0.0,0.035544635843574965,99
82.4,0.03731414884235057,0.005951300549366091,0.0010329147280845597,0.0,0.0,0.03555401023246247,99
82.42,0.03732510990037195,0.0059518597159795555,0.0010330487028252812,0.0,0.0,0.03556325739413479,99
82.44,0.03733590098519416,0.005952354435615016,0.0010331808808891213,0.0,0.0,0.03557236421626862,99
82.46000000000001,0.03734650850206202,0.005952785096183443,0.0010333112564846047,0.0,0.0,0.03558131777020769,99
82.48,0.03735691909766312,0.00595315210430009,0.0010334398294804998,0.0,0.0,0.035590105389057616,99
82.5,0.03736711973107372,0.005953455879001903,0.0010335666065431524,0.0,0.0,0.035598714739286615,99
82.52,0.03737709773731903,0.005953696858061664,0.0010336915844662206,0.0,0.0,0.03560713388494943,99
82.54,0.037386840882960036,0.005953875494774906,0.0010338147617521608,0.0,0.0,0.03561535134394635,99
82.56,0.03739633741339469,0.00595533785000362,0.0010339361532505588,0.0,0.0,0.035623356136005896,99
82.58,0.03740557609181087,0.005956827971369145,0.0010340557752002006,0.0,0.0,0.0356311378223291,99
82.60000000000001,0.037414546229943065,0.005958265276778649,0.0010341736163090587,0.0,0.0,0.035638686537048526,99
82.62,0.037423237710962946,0.005959638679793752,0.0010342896633842424,0.0,0.0,0.035645993010833286,99
82.64,0.03743164100497306,0.005960948684437566,0.0010344039188745911,0.0,0.0,0.03565304858711089,99
82.66,0.037440036944301244,0.005962195804954733,0.001034516385448295,0.0,0.0,0.03565984523147969,100
82.68,0.03744824043640054,0.005963380569428447,0.0010346270659698888,0.0,0.0,0.03566637553495504,100
82.7,0.03745613634513972,0.005964503507620165,0.0010347359636224895,0.0,0.0,0.03567302685265799,100
82.72,0.037463717283364624,0.005965565155903026,0.0010348431713838161,0.0,0.0,0.03567952377180139,100
82.74,0.03747091077498798,0.005966566059600455,0.001034948277268019,0.0,0.0,0.03568566927114754,100
82.76,0.03747777733465862,0.005967506765132914,0.0010350516200958284,0.0,0.0,0.03569152438990101,100
82.78,0.037484311605655705,0.005968387827782502,0.0010351531961438664,0.0,0.0,0.03569708472665894,99
82.8,0.037490508755625325,0.005969210606101975,0.0010352530089917098,0.0,0.0,0.03570234643349537,99
82.82000000000001,0.03749636445441364,0.005969976564193132,0.0010353510753051325,0.0,0.0,0.0357073061946537,99
82.84,0.037501874850640986,0.005970684558733214,0.0010354474017235124,0.0,0.0,0.03571196120401481,99
82.86,0.037507036547434654,0.0059713351550307525,0.0010355419774483096,0.0,0.0,0.035716309141761556,99
82.88,0.03751184657768457,0.0059719289190713195,0.0010356348061860187,0.0,0.0,0.0357203481506064,99
82.9,0.03751630237913368,0.0059724664193326425,0.001035725891738065,0.0,0.0,0.03572407681189717,99
82.92,0.037520401769567155,0.005972948219643019,0.0010358152735504796,0.0,0.0,0.03572749412186743,100
82.94,0.03752414292231836,0.005973374883388374,0.0010359029778431595,0.0,0.0,0.035730599468252786,100
82.96000000000001,0.037527533619256565,0.005973746973138366,0.0010359889515462223,0.0,0.0,0.03573339260745416,100
82.98,0.03753056523251922,0.005974065049267388,0.0010360732235872878,0.0,0.0,0.035735873642392384,100
83.0,0.03753323509957668,0.00597432967247748,0.0010361559619010395,0.0,0.0,0.03573804300116623,100
83.02,0.0375355260926043,0.005974541396089524,0.001036232797889769,0.0,0.0,0.03573988915713309,100
83.04,0.03753740516564925,0.005974700762216534,0.0010362953488932036,0.0,0.0,0.03574138884374053,100
83.06,0.03753934447729503,0.005974808296199853,0.0010363562328986184,0.0,0.0,0.03574257984716809,100
83.08,0.03754097634953107,0.005974864541334517,0.0010364154474242608,0.0,0.0,0.035743463701936457,100
83.10000000000001,0.03754224484484643,0.00597487003683026,0.0010364730008203598,0.0,0.0,0.03574404217525139,100
83.12,0.03754315035073349,0.005974825315498481,0.0010365288965654312,0.0,0.0,0.035744317251520295,100
83.14,0.03754369367673336,0.005974730905940036,0.0010365831549545802,0.0,0.0,0.03574429111786751,100
83.16,0.03754388025998042,0.0059745873313952515,0.0010366357698259779,0.0,0.0,0.03574396615062728,101
83.18,0.03754370589645757,0.0059744034667574926,0.001036686733169627,0.0,0.0,0.035743713730330126,101
83.2,0.037543171494167735,0.005974187316111929,0.001036736048536092,0.0,0.0,0.035743310758682645,101
83.22,0.03754227805688681,0.0059739234969438835,0.0010367837266844688,0.0,0.0,0.03574298842609076,101
83.24,0.037541017886177086,0.005973612508846459,0.001036831731583337,0.0,0.0,0.03574243649324258,101
83.26,0.03753934469296454,0.0059732548464518035,0.0010368887322152924,0.0,0.0,0.03574153218797584,101
83.28,0.037537315992126494,0.005972851005249178,0.001036944075028966,0.0,0.0,0.03574034571209139,101
83.3,0.037534933055686594,0.0059724014652421465,0.0010369977545470147,0.0,0.0,0.035738880463335024,101
83.32000000000001,0.037532197197227266,0.005971906703856514,0.0010370497741132216,0.0,0.0,0.03573713995201845,101
83.34,0.037529109762817654,0.005971367192685614,0.0010371001373557607,0.0,0.0,0.035735127794833225,101
83.36,0.0375256721224366,0.005971970978691433,0.0010371488478893567,0.0,0.0,0.03573284770930223,101
83.38,0.037521829501131726,0.00597278894784282,0.0010371962362764693,0.0,0.0,0.03573024726806781,101
83.4,0.037517605155621636,0.005973559569925352,0.0010372422006923946,0.0,0.0,0.03572735227045333,101
83.42,0.03751303481990935,0.005974283254901916,0.0010372865444520341,0.0,0.0,0.03572420109759401,101
83.44,0.03750811988261897,0.005974960421509797,0.001037329250022831,0.0,0.0,0.03572079782674105,101
83.46000000000001,0.03750286171951394,0.005975591481055468,0.0010373712980611227,0.0,0.0,0.035717146616739304,101
83.48,0.03749726168712601,0.005976176837303217,0.0010374119401486506,0.0,0.0,0.03571325170569391,101
83.5,0.037491321116639165,0.005976716886365166,0.0010374509513697203,0.0,0.0,0.03570911740908747,102
83.52,0.03748504130799986,0.005977212016592036,0.001037488335113854,0.0,0.0,0.035704748118327856,103
83.54,0.03747842352422768,0.0059776626084640065,0.001037524094775581,0.0,0.0,0.0357001482997084,103
83.56,0.03747146898590059,0.005978069034481008,0.0010375582337904556,0.0,0.0,0.035695322493763657,103
83.58,0.037464178865791765,0.005978431659051883,0.0010375907553505474,0.0,0.0,0.035690275315005536,103
83.60000000000001,0.03745655428363509,0.005978750838381833,0.0010376216627489482,0.0,0.0,0.03568501145202539,104
83.62,0.03744859630099941,0.005979026920357546,0.0010376509593165522,0.0,0.0,0.03567953566794923,104
83.64,0.03744030591625134,0.005979260244429528,0.0010376786483229311,0.0,0.0,0.03567391410495084,103
83.66,0.037431684059589444,0.005979451150193329,0.0010377047349536487,0.0,0.0,0.035668545435687406,103
83.68,0.03742269087082106,0.00597959997938205,0.0010377294323846448,0.0,0.0,0.035662938247107444,103
83.7,0.03741332434920478,0.0059797070111755595,0.0010377527468116842,0.0,0.0,0.035657094824682656,103
83.72,0.0374037675565993,0.005979772542801327,0.0010377749634840614,0.0,0.0,0.03565097935403696,103
83.74,0.037396002370513146,0.005979796842642902,0.0010377955886391949,0.0,0.0,0.03564468187816333,103
83.76,0.03738856239505908,0.005979780196907286,0.001037814625360059,0.0,0.0,0.03563871119300733,103
83.78,0.037380889725923044,0.0059797228824195695,0.0010378320767787318,0.0,0.0,0.03563257789665136,103
83.8,0.03737298802913069,0.005979625169800239,0.0010378479545727181,0.0,0.0,0.035626278346004694,103
83.82000000000001,0.037364861004788454,0.00597948732579522,0.0010378622534063262,0.0,0.0,0.03561981814394252,103
83.84,0.037356512388118664,0.005979309585601245,0.001037874976033285,0.0,0.0,0.03561320299308488,103
83.86,0.037347945950595485,0.0059790991366373055,0.0010378861254709947,0.0,0.0,0.03560643869964085,102
83.88,0.03733957872670023,0.005978867872476289,0.0010378957047204433,0.0,0.0,0.03559953117744959,102
83.9,0.03733132364712162,0.005978597350406076,0.0010379056564101157,0.0,0.0,0.03559243554095707,102
83.92,0.037324054695729934,0.005978287780259302,0.0010379146449545173,0.0,0.0,0.03558519305134733,102
83.94,0.03731662690110895,0.005977939358554701,0.0010379221649853903,0.0,0.0,0.03557782580747921,102
83.96000000000001,0.03730904376354318,0.005977560754439466,0.0010379281561517218,0.0,0.0,0.03557034019731861,102
83.98,0.037301310771652295,0.005977206297940554,0.0010379325952238286,0.0,0.0,0.03556274273870424,102
84.0,0.03729343351955892,0.005977168604552866,0.0010379428216665085,0.0,0.0,0.035555040083950815,102
84.02,0.03728541771031465,0.0059770906647985435,0.001037987654326765,0.0,0.0,0.03554723902438852,102
84.04,0.03727726915914176,0.005976972636285002,0.001038030844984176,0.0,0.0,0.035539346494771806,102
84.06,0.0372689937964107,0.005976814664046072,0.001038072396337124,0.0,0.0,0.035531369577480286,102
84.08,0.03726055104604283,0.005976616880275135,0.001038112570931387,0.0,0.0,0.03552326875657982,102
84.10000000000001,0.03725195136401237,0.005976379389491231,0.0010381513476685174,0.0,0.0,0.03551505572003275,102
84.12,0.03724324349221238,0.005976102284179895,0.0010382066769543538,0.0,0.0,0.03550678058098379,102
84.14,0.03723443384244932,0.005975785656435524,0.001038284666633908,0.0,0.0,0.03549845104663173,102
84.16,0.03722552894887158,0.00597542958440255,0.001038382466415708,0.0,0.0,0.03549007498606493,102
84.18,0.03721653546690481,0.005975034131996071,0.0010384949998538098,0.0,0.0,0.035481942085581974,101
84.2,0.037207460170948614,0.005974599348626302,0.001038605845133123,0.0,0.0,0.035473985411888544,101
84.22,0.03719830995062298,0.005974127721266914,0.001038715000945289,0.0,0.0,0.03546600617257402,100
84.24,0.03718909180533374,0.005973638764156782,0.0010388224652365132,0.0,0.0,0.03545801287755249,100
84.26,0.03717981283690789,0.005973110497911384,0.00103892822157016,0.0,0.0,0.0354500141876889,100
84.28,0.0371704802400334,0.005972542911316789,0.001039032272031585,0.0,0.0,0.03544201890730824,100
84.3,0.03716110129022562,0.005971935977554647,0.001039134618745158,0.0,0.0,0.03543403597433262,100
84.32000000000001,0.037151683329033236,0.005971289653938433,0.0010392352638788974,0.0,0.0,0.035426074447763474,100
84.34,0.03714249378660107,0.005970603881782003,0.0010393342548267262,0.0,0.0,0.035418143492225704,99
84.36,0.037133505033485927,0.00596987859369983,0.0010394316194902136,0.0,0.0,0.03541025235929636,99
84.38,0.037124498836643795,0.005969113703588601,0.0010395274385559881,0.0,0.0,0.03540241036535819,99
84.4,0.03711615503868999,0.005968309100578561,0.0010396215783405546,0.0,0.0,0.035394626865748235,99
84.42,0.03710854848606376,0.005967635472309833,0.001039714029630261,0.0,0.0,0.0353869112250163,99
84.44,0.03710098895751821,0.0059684251270579495,0.0010398047949810695,0.0,0.0,0.03537927278317135,98
84.46000000000001,0.03709348498023182,0.005969170153685778,0.0010398938930120656,0.0,0.0,0.03537172081787308,98
84.48,0.03708604495860671,0.005969870359050114,0.0010399813462403282,0.0,0.0,0.03536426450262751,98
84.5,0.03707867712779736,0.005970525528245572,0.001040067217386959,0.0,0.0,0.03535691286116428,98
84.52,0.03707138950367666,0.005971135440059578,0.0010401514216746362,0.0,0.0,0.03534967471831085,98
84.54,0.037064189829703637,0.005972214004172728,0.0010402339539177761,0.0,0.0,0.03534255864783086,98
84.56,0.03705708552131876,0.005974203581602454,0.0010403148260073204,0.0,0.0,0.03533557291785579,98
84.58,0.03705008360865785,0.005976142997386288,0.0010403940641058762,0.0,0.0,0.03532872543470343,98
84.60000000000001,0.037043190678534225,0.005978031983378192,0.001040472743192395,0.0,0.0,0.035322023686035105,98
84.62,0.03703638909124742,0.005979870261817391,0.0010405748808620763,0.0,0.0,0.0353154509479443,98
84.64,0.03702956882191484,0.005981657537625861,0.0010406784221013445,0.0,0.0,0.035309327624920575,98
84.66,0.03702287190934045,0.005983479816747867,0.0010408081278328683,0.0,0.0,0.03530340649247606,98
84.68,0.03701630496668927,0.005985474869257947,0.0010409361035182356,0.0,0.0,0.03529765537430534,98
84.7,0.03700987155004357,0.0059874169731262755,0.0010410623624856953,0.0,0.0,0.035292078871115705,98
84.72,0.037003587419043873,0.005989305832104402,0.001041186964127105,0.0,0.0,0.035286680877022004,98
84.74,0.03699745165889192,0.00599114115245866,0.0010413379720011437,0.0,0.0,0.03528146455205886,97
84.76,0.03699155780782986,0.005992922640078702,0.0010414897323964667,0.0,0.0,0.03527643230337089,97
84.78,0.03698631116565823,0.005994650006113626,0.0010416401117467216,0.0,0.0,0.03527158577570593,97
84.8,0.03698120361701387,0.005996322969074114,0.0010417889089914287,0.0,0.0,0.03526692585156114,97
84.82000000000001,0.036976225134888,0.005997941256149279,0.0010419359823525846,0.0,0.0,0.03526244375862904,97
84.84,0.0369713270733947,0.005999504606676758,0.0010420814440524199,0.0,0.0,0.03525809209207328,96
84.86,0.036966562438191124,0.006001012771733604,0.0010422252011472177,0.0,0.0,0.03525392529711886,96
84.88,0.03696192784904898,0.006002465509890977,0.0010423672299427888,0.0,0.0,0.035249941397996386,96
84.9,0.03695741925237859,0.006003862600636551,0.0010425075338682077,0.0,0.0,0.03524613779464392,96
84.92,0.0369530390138029,0.006005203840173928,0.0010426461175447115,0.0,0.0,0.03524251131274654,96
84.94,0.03694877887514867,0.006006489042489381,0.0010427830034182926,0.0,0.0,0.03523905825873953,96
84.96000000000001,0.0369446290941637,0.006007718040196896,0.001042918342086674,0.0,0.0,0.03523577447848751,96
84.98,0.036940583450062486,0.0060088906851544525,0.0010430520444072737,0.0,0.0,0.03523265541832194,96
85.0,0.036936635326633584,0.006010006848850552,0.0010431840449279454,0.0,0.0,0.03522969618712041,96
85.02,0.036932777772264246,0.006011080326554547,0.0010433143766910321,0.0,0.0,0.03522714339330983,96
85.04,0.03692900355843328,0.006012113208235527,0.0010434430178272026,0.0,0.0,0.0352251684630362,96
85.06,0.036925305235469094,0.006013089329945685,0.0010435699685762759,0.0,0.0,0.035223631647282934,96
85.08,0.0369216751844411,0.0060140086412114185,0.001043695232595069,0.0,0.0,0.035222231847124696,96
85.10000000000001,0.036918034892951285,0.006014871110020242,0.0010437966022772117,0.0,0.0,0.035220902339960385,96
85.12,0.036914397823584,0.0060156767954092725,0.001043881106388459,0.0,0.0,0.035219655777681616,96
85.14,0.03691080573024239,0.006016425751179664,0.0010439660568262708,0.0,0.0,0.03521852927751131,96
85.16,0.036907250724379746,0.006017117995600533,0.001044087663916406,0.0,0.0,0.03521751721045067,96
85.18,0.0369037249173211,0.006017753561973851,0.0010442198757388758,0.0,0.0,0.03521661402471259,96
85.2,0.036900220431558,0.006018332497644419,0.0010443504251041334,0.0,0.0,0.035215814259896554,96
85.22,0.03689672940391771,0.0060188548630072764,0.001044490531764041,0.0,0.0,0.03521511255324677,96
85.24,0.03689406366139032,0.006019320730534754,0.0010446481792939562,0.0,0.0,0.035214503638196754,96
85.26,0.03689197989059199,0.006019730183842902,0.0010448041287366208,0.0,0.0,0.03521398233565484,96
85.28,0.0368905355084152,0.006020083316814291,0.0010449583812274263,0.0,0.0,0.03521354353873802,96
85.3,0.03688911987439906,0.0060203802327911966,0.0010451110130318961,0.0,0.0,0.03521318219190511,95
85.32000000000001,0.036887968287066884,0.0060206210438499995,0.001045261966226258,0.0,0.0,0.03521289326566122,95
85.34,0.03688773805020532,0.00602080587016453,0.0010454112265043769,0.0,0.0,0.03521267172819534,95
85.36,0.0368875113337521,0.006020934839462809,0.0010455587851141903,0.0,0.0,0.035212945217770186,95
85.38,0.03688728138576042,0.006021008087211869,0.0010457046549862262,0.0,0.0,0.03521335961507153,95
85.4,0.03688704131322868,0.006021025756483107,0.0010458488277163773,0.0,0.0,0.035213825486984325,95
85.42,0.03688678405476418,0.00602098799322107,0.0010459913005519458,0.0,0.0,0.03521433750149621,95
85.44,0.03688650235785654,0.006020894951788428,0.0010461320948094174,0.0,0.0,0.03521489019107229,95
85.46000000000001,0.03688618876207289,0.006020746792728643,0.0010462711854949593,0.0,0.0,0.035215477938490676,95
85.48,0.036885799190259,0.006020543682709672,0.0010464088019412241,0.0,0.0,0.03521605811741592,95
85.5,0.03688529967670179,0.0060202857798382055,0.0010465451789775906,0.0,0.0,0.0352165960201219,95
85.52,0.0368847536051503,0.006019973236915108,0.0010466798624587574,0.0,0.0,0.03521715133600545,95
85.54,0.036884102269933904,0.006019740486527243,0.0010468148286015028,0.0,0.0,0.035217671424776165,95
85.56,0.036883308805757145,0.0060212307734311635,0.001046951424839818,0.0,0.0,0.03521811828058007,95
85.58,0.036882434811221505,0.0060226845799733085,0.001047086266667308,0.0,0.0,0.03521856395432138,95
85.60000000000001,0.0368814715426558,0.006024078330800766,0.001047219352946065,0.0,0.0,0.03521900203735155,95
85.62,0.036880410188323595,0.006025412162984608,0.0010473506886822547,0.0,0.0,0.035219426137009194,95
85.64,0.03687924191428466,0.006026686232563603,0.001047480275823025,0.0,0.0,0.03521982992630993,95
85.66,0.036877957912750454,0.006027900701582556,0.001047608104488226,0.0,0.0,0.03522020719626478,94
85.68,0.03687654945140127,0.00602905573750494,0.0010477341733766375,0.0,0.0,0.03522055190929406,94
85.7,0.03687500792216454,0.006030151513316126,0.0010478585109504268,0.0,0.0,0.03522085825223353,94
85.72,0.036873471419035596,0.006031188205854715,0.0010479810875687937,0.0,0.0,0.03522112068751953,94
85.74,0.03687216172865484,0.006032165996326712,0.0010481019020643035,0.0,0.0,0.03522133400128535,94
85.76,0.03687245808337658,0.006033085069650391,0.0010482209539500599,0.0,0.0,0.03522149334728439,94
85.78,0.036872671647145486,0.006033945613718442,0.0010483382428788212,0.0,0.0,0.035221594285761125,94
85.8,0.03687271961171391,0.006034747818726887,0.0010484540691681175,0.0,0.0,0.0352215782114509,94
85.82000000000001,0.03687261777955697,0.006035491859081584,0.0010485683869407949,0.0,0.0,0.03522146218478181,94
85.84,0.03687239589420731,0.006036177916598969,0.0010486809414247554,0.0,0.0,0.03522127728170064,94
85.86,0.03687205013711715,0.006036806184032137,0.0010487917669057339,0.0,0.0,0.035221020957053456,94
85.88,0.03687157715964353,0.0060373768534073445,0.0010489008658933338,0.0,0.0,0.03522069117450709,94
85.9,0.036870974082791386,0.00603789011522978,0.0010490081990410982,0.0,0.0,0.03522028640785703,94
85.92,0.036870238490875146,0.0060383461576949665,0.0010491137670622648,0.0,0.0,0.0352198056363172,94
85.94,0.036869368419418944,0.0060387451659155485,0.0010492175996542142,0.0,0.0,0.03521924833411485,94
85.96000000000001,0.036868304508299,0.006039087321172938,0.001049319322451197,0.0,0.0,0.035218557046672046,94
85.98,0.03686709539663824,0.006039372793140267,0.0010494192447025304,0.0,0.0,0.035217781582980376,94
86.0,0.036865748475021304,0.0060396017523473905,0.001049517406003339,0.0,0.0,0.03521693085556699,93
86.02,0.036864263360569666,0.006039774364475611,0.0010496138080735204,0.0,0.0,0.035216006113902694,93
86.04,0.03686263998786185,0.006039894754155081,0.0010497084525270721,0.0,0.0,0.035215008978346715,94
86.06,0.03686087857031327,0.006039979338467512,0.001049801341284089,0.0,0.0,0.03521394140371581,94
86.08,0.03685897955855905,0.006040007999259243,0.0010498924764361047,0.0,0.0,0.03521280563995665,94
86.10000000000001,0.03685694359627962,0.0060399808739051535,0.0010499818982584134,0.0,0.0,0.03521160419036679,94
86.12,0.03685477147393693,0.006039917166749314,0.0010500695760527333,0.0,0.0,0.035210339767838224,94
86.14,0.03685288793096374,0.006039811774365154,0.001050170179608377,0.0,0.0,0.03520901524963198,94
86.16,0.03685094027352763,0.006039650931314941,0.0010502850378872994,0.0,0.0,0.03520763363123337,95
86.18,0.03684885855213956,0.006039434742382025,0.0010503981316743014,0.0,0.0,0.035206197979877764,95
86.2,0.036846643658739166,0.006039164993653027,0.0010505094643321583,0.0,0.0,0.03520471138837527,95
86.22,0.03684429638836932,0.006038965074282812,0.001050619039450543,0.0,0.0,0.03520317692989095,95
86.24,0.036841825409723535,0.006040114161194001,0.001050726860776163,0.0,0.0,0.0352015976143496,95
86.26,0.036839380654631486,0.006041201436323461,0.001050832932181158,0.0,0.0,0.0351999763471264,95
86.28,0.036837715808669756,0.006042227030594138,0.001050937257649423,0.0,0.0,0.035198315890649715,95
86.3,0.03683594834823494,0.0060431910638321,0.0010510398412610317,0.0,0.0,0.03519661882948014,95
86.32000000000001,0.03683407878050643,0.006044093652209703,0.0010511406900206857,0.0,0.0,0.035194887539337465,96
86.34,0.03683210730947407,0.006044934972127056,0.001051239819840473,0.0,0.0,0.03519312416042972,96
86.36,0.036830033810820256,0.006045715047714141,0.0010513372783709017,0.0,0.0,0.03519133057530127,96
86.38,0.036827857811250954,0.006046433973249682,0.0010514330510167755,0.0,0.0,0.03518950839126907,96
86.4,0.03682557847219433,0.00604709189869139,0.0010515271023261142,0.0,0.0,0.03518765892737028,96
86.42,0.03682319457765437,0.006047688856174508,0.0010516194365385169,0.0,0.0,0.0351857832056137,96
86.44,0.03682070452590274,0.006048225123471811,0.0010517100578428355,0.0,0.0,0.035183881946222406,96
86.46000000000001,0.03681810632462747,0.006048700754822761,0.0010517989703552216,0.0,0.0,0.035181955566490966,96
86.48,0.036816300578106524,0.006049115689270348,0.0010518861921911165,0.0,0.0,0.0351800041828581,96
86.5,0.03681488333429051,0.006050593369563527,0.0010519717198581259,0.0,0.0,0.03517802761582487,96
86.52,0.03681339184624086,0.006052303524403528,0.0010520555504202206,0.0,0.0,0.0351760253974188,96
86.54,0.03681182401532333,0.006053949569301007,0.0010521376874700918,0.0,0.0,0.03517399678101098,96
86.56,0.036810177429630525,0.006055546446273493,0.0010522181345005038,0.0,0.0,0.03517194075342248,96
86.58,0.0368084493764947,0.006057097959457125,0.001052296894849434,0.0,0.0,0.03516985604938781,96
86.60000000000001,0.03680663685745303,0.0060585855467948395,0.0010523739716991089,0.0,0.0,0.03516774116856166,96
86.62,0.03680474390481372,0.006060009291820015,0.0010524493680793634,0.0,0.0,0.03516559439534158,96
86.64,0.03680276388815584,0.006061369285560507,0.0010525230868753115,0.0,0.0,0.03516341382181815,96
86.66,0.03680068895374708,0.0060626656273602055,0.0010525951308391476,0.0,0.0,0.035161197374148946,95
86.68,0.036798515168913457,0.0060638984256362926,0.0010526655026057354,0.0,0.0,0.0351589428425775,95
86.7,0.03679623843637677,0.0060650677985587915,0.001052734204711551,0.0,0.0,0.035156647915190374,95
86.72,0.03679430479460076,0.006066173874638734,0.0010528012396163627,0.0,0.0,0.035154310215334314,95
86.74,0.03679242643698132,0.006067216793211711,0.0010528666119070627,0.0,0.0,0.03515192734241628,96
86.76,0.03679043139296539,0.0060681967048046214,0.0010529303259649032,0.0,0.0,0.03514949691560432,96
86.78,0.03678831528409265,0.006069113791495315,0.001052992380022491,0.0,0.0,0.03514701661975419,96
86.8,0.036786073767668556,0.006069968225569651,0.0010530527764800472,0.0,0.0,0.03514448425272489,96
86.82000000000001,0.03678370258113281,0.006070760173363449,0.0010531115177860382,0.0,0.0,0.035141897773131384,97
86.84,0.036781398866542935,0.006071489831187932,0.0010531686416581942,0.0,0.0,0.03513925534752228,97
86.86,0.036779167400165784,0.0060721574077565186,0.0010532241338087292,0.0,0.0,0.03513655539596803,96
86.88,0.036776800837332285,0.006072763171190439,0.0010532779800782384,0.0,0.0,0.035133796635098816,96
86.9,0.03677434720225562,0.006073307297968762,0.0010533301832853555,0.0,0.0,0.03513097811773058,96
86.92,0.036772467294714534,0.006073790030850008,0.001053380773212595,0.0,0.0,0.03512809926835449,96
86.94,0.03677192213896299,0.006074211611313203,0.001053429747161565,0.0,0.0,0.03512515991392096,96
86.96000000000001,0.03677128060674297,0.00607458764114804,0.0010534770867810105,0.0,0.0,0.03512216030951637,96
86.98,0.03677054233975317,0.006075357939815714,0.0010535227955144478,0.0,0.0,0.03511910115868914,96
87.0,0.03676970740415324,0.006076064757457732,0.0010535668773473828,0.0,0.0,0.03511632319712563,96
87.02,0.036768776298293865,0.006076708396018784,0.0010536093361272949,0.0,0.0,0.03511369457150059,96
87.04,0.036767749955064946,0.00607728916056915,0.0010536501752567123,0.0,0.0,0.0351110107682333,96
87.06,0.0367666297390479,0.006077807357959588,0.0010536893988127235,0.0,0.0,0.03510827437993645,96
87.08,0.03676541743869916,0.00607826329567363,0.0010537270110147641,0.0,0.0,0.03510548846940443,96
87.10000000000001,0.03676411525380695,0.006078657280690827,0.0010537630162141686,0.0,0.0,0.03510265655915486,96
87.12,0.036762725778458356,0.006078989618372779,0.0010537974188819165,0.0,0.0,0.03509978261657847,96
87.14,0.036761251979733574,0.006079260611382708,0.0010538302235947236,0.0,0.0,0.035096871034917834,96
87.16,0.03675969717231422,0.006079472982066393,0.0010538614350195238,0.0,0.0,0.03509392661026502,96
87.18,0.03675806498915694,0.006079654664452405,0.0010538910578964218,0.0,0.0,0.035090954514733166,96
87.2,0.03675635934835044,0.006079775855044624,0.0010539498293234437,0.0,0.0,0.03508796026592321,96
87.22,0.03675458441624508,0.00607983683639503,0.0010540091914042519,0.0,0.0,0.03508494969277715,96
87.24,0.036752744566925594,0.006079837889123408,0.0010540669685449242,0.0,0.0,0.0350819288978917,96
87.26,0.036750844338093606,0.006079779273490177,0.0010541231543434748,0.0,0.0,0.0350789042163595,96
87.28,0.0367488883834376,0.006079823786546179,0.0010541777525575281,0.0,0.0,0.035075882171217515,96
87.3,0.036746881421600666,0.006080729912524656,0.0010542307683370602,0.0,0.0,0.03507286942561212,96
87.32000000000001,0.036744828181907725,0.006081572219951447,0.001054302212892505,0.0,0.0,0.035069872731841395,96
87.34,0.03674273334708731,0.006082350843481785,0.0010543910765071329,0.0,0.0,0.035066898877507094,96
87.36,0.036741608970565644,0.006083065905797469,0.0010544783250044222,0.0,0.0,0.035063954629099225,96
87.38,0.03674105710089418,0.006083717517562214,0.0010546035941920255,0.0,0.0,0.03506098186835689,96
87.4,0.03674053040077288,0.006084305768362467,0.0010547316696076273,0.0,0.0,0.03505804882013879,96
87.42,0.036740038048487925,0.0060848307447467255,0.0010548580257060136,0.0,0.0,0.03505516502163272,96
87.44,0.03673958573834041,0.006085292522328688,0.0010549826664321105,0.0,0.0,0.03505233655708181,96
87.46000000000001,0.036739178830667414,0.006085691165807287,0.0010551055962839545,0.0,0.0,0.03505007905390322,96
87.48,0.036738822292969014,0.006086026729561768,0.001055226818106966,0.0,0.0,0.03504790165810779,96
87.5,0.036738520643975765,0.006086299258367737,0.001055346341425279,0.0,0.0,0.03504617138392596,96
87.52,0.03673827790178125,0.006086508788227338,0.00105546417509751,0.0,0.0,0.03504457298833324,96
87.54,0.03673803897600673,0.006086655347304543,0.0010555805853921325,0.0,0.0,0.03504319353743826,96
87.56,0.03673784582184102,0.006086738945397217,0.001055695394526789,0.0,0.0,0.03504213666144928,96
87.58,0.03673772027350201,0.006086759594316648,0.0010558085487771204,0.0,0.0,0.03504116404576243,96
87.60000000000001,0.03673766394591388,0.0060867173052125195,0.0010559200134447363,0.0,0.0,0.03504027780325584,96
87.62,0.03673768028660425,0.006086612085941161,0.0010560297805983178,0.0,0.0,0.03503947939884329,96
87.64,0.036737770822094847,0.006086443942327996,0.0010561379215601407,0.0,0.0,0.03503880698692303,96
87.66,0.036737931450948925,0.00608621287944776,0.0010562443868290694,0.0,0.0,0.035038620154479894,96
87.68,0.03673816111469608,0.006085918903104132,0.0010563491648871528,0.0,0.0,0.03503852108679427,96
87.7,0.03673845810604723,0.006085562022319547,0.0010564522386125434,0.0,0.0,0.035038508660981155,96
87.72,0.03673882009143172,0.006085142245738321,0.0010565536042298172,0.0,0.0,0.035038581147325346,96
87.74,0.03673924413934555,0.006084659588024058,0.0010566532573293283,0.0,0.0,0.03503873623841148,96
87.76,0.03673972675340202,0.006084114069235262,0.0010567511953706418,0.0,0.0,0.03503897108299078,96
87.78,0.03674026390892675,0.0060835057158993575,0.001056847437095661,0.0,0.0,0.03503928232342853,96
87.8,0.036740851091956364,0.006082834562033313,0.0010569419523726532,0.0,0.0,0.03503966613559436,96
87.82000000000001,0.036741483339576844,0.006082100655634007,0.0010570347344993141,0.0,0.0,0.03504011827013398,96
87.84,0.03674215528066053,0.006081304059158719,0.001057125800751166,0.0,0.0,0.035040634094184404,96
87.86,0.03674286117621672,0.006080444818890294,0.001057215190625353,0.0,0.0,0.035041357687884314,96
87.88,0.036743594958737816,0.0060795230075739075,0.001057302847896496,0.0,0.0,0.03504250872731973,95
87.9,0.036744360233524516,0.006078538709458576,0.0010573887394540625,0.0,0.0,0.03504370713870822,95
87.92,0.036745142672087,0.006077492020881146,0.0010574728570276301,0.0,0.0,0.03504494715707046,95
87.94,0.036745933276348224,0.006076383050779827,0.0010575551922188376,0.0,0.0,0.03504622282744032,95
87.96000000000001,0.0367467250259803,0.006075211927777093,0.001057635736570233,0.0,0.0,0.035047528038231794,95
87.98,0.03674751074223514,0.006073978794242837,0.001057714481634334,0.0,0.0,0.035048856552484874,95
88.0,0.03674828311553458,0.006072683785735162,0.001057791450099968,0.0,0.0,0.03505020203690171,96
88.02,0.036749034730670226,0.006071327065376499,0.0010578666058058308,0.0,0.0,0.03505155808856518,96
88.04,0.036749758089473575,0.006069908810454615,0.001057939942214892,0.0,0.0,0.035052918259202946,96
88.06,0.036750445630797844,0.006068444823670326,0.0010580114567835714,0.0,0.0,0.03505427607684209,95
88.08,0.03675108974765472,0.0060669321554341,0.0010580811321242456,0.0,0.0,0.035055625064700204,94
88.10000000000001,0.03675168280138611,0.006065358530375006,0.0010581489611859883,0.0,0.0,0.03505695875719612,94
88.12,0.03675221713282582,0.006063724186322753,0.0010582149492529365,0.0,0.0,0.035058270713038145,94
88.14,0.036752685070520444,0.00606202949092146,0.0010582790870200917,0.0,0.0,0.03505992421745567,94
88.16,0.036753078936225016,0.006060274588572015,0.0010583597934382277,0.0,0.0,0.03506160916634424,94
88.18,0.03675339104805489,0.006058459754285424,0.001058456665709352,0.0,0.0,0.035063252750863624,94
88.2,0.03675361372184389,0.006056585278934443,0.0010585516470982416,0.0,0.0,0.03506484870576479,94
88.22,0.03675373927141236,0.0060546514669963854,0.0010586447247278132,0.0,0.0,0.03506639081960733,94
88.24,0.03675450208130733,0.006052658636331589,0.0010587358958308727,0.0,0.0,0.035067872937258014,94
88.26,0.036755803719011056,0.006050607118039395,0.0010588251581446608,0.0,0.0,0.035069288963107126,94
88.28,0.0367570283684864,0.0060484972560879684,0.0010589125099061156,0.0,0.0,0.03507063286589238,94
88.3,0.03675817148878949,0.006046352429386481,0.001058997949843558,0.0,0.0,0.03507189868595253,94
88.32000000000001,0.036759235802276885,0.006044161184149515,0.001059081477165478,0.0,0.0,0.03507308054559754,94
88.34,0.036760205000444884,0.006041912679110501,0.0010591630915469787,0.0,0.0,0.03507417266308761,94
88.36,0.036761073214382683,0.006039621319288031,0.0010592427931144985,0.0,0.0,0.03507516937047447,94
88.38,0.03676183470692194,0.006037283559589711,0.0010593205824292078,0.0,0.0,0.0350760651352937,94
88.4,0.03676248389778722,0.006034889710633042,0.001059396503459651,0.0,0.0,0.035076854585832255,94
88.42,0.03676301539179477,0.006032440190084713,0.001059470537739772,0.0,0.0,0.03507753253944687,94
88.44,0.03676342400936987,0.006029935433758981,0.0010595426630123418,0.0,0.0,0.035078094033203985,94
88.46000000000001,0.036763704818500685,0.00602737588607147,0.0010596128813595996,0.0,0.0,0.035078534355958424,94
88.48,0.036763853167157745,0.00602476200089539,0.0010596811952105329,0.0,0.0,0.03507884908090014,93
88.5,0.036763864715186084,0.006022094240619027,0.0010597476073224705,0.0,0.0,0.035079034097575484,92
88.52,0.03676373546471744,0.006019373082150137,0.0010598121439771202,0.0,0.0,0.035079085642430514,92
88.54,0.03676339472000159,0.006016598995177782,0.001059875131265217,0.0,0.0,0.035078933065165366,92
88.56,0.03676288481371515,0.0060137724420359735,0.0010599363286231914,0.0,0.0,0.03507861907336275,92
88.58,0.03676222454365778,0.0060108939046422,0.0010599956374954286,0.0,0.0,0.03507816277594231,92
88.60000000000001,0.036761411528416166,0.006007963876276156,0.001060053078316047,0.0,0.0,0.0350775620455995,92
88.62,0.036760443833742724,0.006004982854096253,0.001060117238274899,0.0,0.0,0.03507681520747974,92
88.64,0.036759635283533196,0.006001951339218393,0.0010602179932551192,0.0,0.0,0.035075921048061766,92
88.66,0.036759553380432665,0.005998869833006601,0.0010603167416985604,0.0,0.0,0.03507487881976044,92
88.68,0.03675967873004655,0.005995738839173787,0.0010604135013901291,0.0,0.0,0.03507368824140889,92
88.7,0.03675964409336883,0.00599255886197785,0.001060508271173298,0.0,0.0,0.03507234949485571,92
88.72,0.03675944982135954,0.005989784957400965,0.0010606010490541468,0.0,0.0,0.03507086321796049,92
88.74,0.03675965855157761,0.005988297140197377,0.0010607215070167328,0.0,0.0,0.035069230494291594,92
88.76,0.03675977845856849,0.005986749829923269,0.001060844822583634,0.0,0.0,0.03506745283982837,92
88.78,0.03675974151543501,0.0059851435611004075,0.0010609661169735498,0.0,0.0,0.03506553218694947,92
88.8,0.03675954974044736,0.005983478873995419,0.001061085444403515,0.0,0.0,0.03506347086595467,92
88.82000000000001,0.03675957608714609,0.005981756310473073,0.0010612027681045552,0.0,0.0,0.03506127158432308,92
88.84,0.03675955818307261,0.005979976412876454,0.0010613180874961025,0.0,0.0,0.035058950007939335,92
88.86,0.03675939298621644,0.005978139726836967,0.0010614314087086674,0.0,0.0,0.0350570533239959,92
88.88,0.03675904037809537,0.005976246806513259,0.001061531623806352,0.0,0.0,0.03505499595376613,93
88.9,0.03675852339684979,0.005974298149329692,0.001061623847115506,0.0,0.0,0.03505279626922073,93
88.92,0.03675786992692549,0.005972294277296333,0.0010617142035649753,0.0,0.0,0.03505047632148588,93
88.94,0.03675708402914511,0.005970235720885619,0.00106180267287106,0.0,0.0,0.03504804053260554,93
88.96000000000001,0.03675616993224841,0.00596812300587133,0.0010619322544261876,0.0,0.0,0.03504552293065754,93
88.98,0.03675513199571243,0.005965956652751287,0.0010620666018949765,0.0,0.0,0.035043309358128695,93
89.0,0.03675397467034258,0.005963737176257592,0.0010621989518808444,0.0,0.0,0.035040993581710866,94
89.02,0.03675270245660921,0.0059614650849562,0.0010623293105105607,0.0,0.0,0.035038580494437845,94
89.04,0.03675129436546826,0.005959140883029364,0.001062462516173564,0.0,0.0,0.03503604468473209,94
89.06,0.036749738760000886,0.005956765081199963,0.0010626016123773151,0.0,0.0,0.03503337188829082,94
89.08,0.03674808168099307,0.005954338151187741,0.0010627387017866914,0.0,0.0,0.03503061645197614,94
89.10000000000001,0.0367463273682151,0.0059518852269368665,0.0010628737846695132,0.0,0.0,0.0350277830422861,94
89.12,0.03674447987255157,0.00594938858755941,0.0010630068658416271,0.0,0.0,0.0350248761459446,94
89.14,0.036742543004272994,0.0059468422060700715,0.0010631379514206185,0.0,0.0,0.03502190001839647,94
89.16,0.03674052028118625,0.005945033146482721,0.0010632670479981605,0.0,0.0,0.03501885863219208,94
89.18,0.036738414877435684,0.0059439711640405495,0.0010633941697042878,0.0,0.0,0.0350157556260334,94
89.2,0.03673622957383814,0.005942951124925754,0.0010635193140939086,0.0,0.0,0.0350125942553653,94
89.22,0.03673396671072728,0.005941879508724857,0.0010636424856609642,0.0,0.0,0.03500937734548785,94
89.24,0.0367316281443423,0.005940756738906958,0.0010637636896422822,0.0,0.0,0.03500610724822482,94
89.26,0.03672921520781883,0.00593958323069196,0.0010638829310613276,0.0,0.0,0.035002785803206225,94
89.28,0.03672672867781474,0.005938359399397398,0.0010640002147076445,0.0,0.0,0.03499941430479781,95
89.3,0.03672439448870783,0.005937085657998168,0.0010641155464425464,0.0,0.0,0.03499598596900455,95
89.32000000000001,0.03672216684727268,0.005936020247408679,0.0010642289407465477,0.0,0.0,0.03499244350514455,95
89.34,0.036719863797519736,0.005936048151161801,0.0010643403908249267,0.0,0.0,0.034988851445677586,95
89.36,0.03671748370010551,0.005936024226738439,0.0010644499019973708,0.0,0.0,0.03498520871675438,95
89.38,0.036715024305143305,0.005935948867874224,0.001064557498316267,0.0,0.0,0.03498151364688805,95
89.4,0.03671276562731203,0.005935822463851322,0.0010646631601354132,0.0,0.0,0.03497776398207234,95
89.42,0.03671075373036822,0.0059356454108750725,0.0010647668975506239,0.0,0.0,0.03497395690931566,95
89.44,0.0367086514865103,0.005935418107850356,0.0010648687102890525,0.0,0.0,0.034970089088045074,95
89.46000000000001,0.036706454432337485,0.005935140956855417,0.00106496861642991,0.0,0.0,0.03496615668861935,95
89.48,0.036704157645195315,0.005934814363563551,0.0010650666107246982,0.0,0.0,0.034962155437012775,95
89.5,0.036701755792534374,0.005934438759082845,0.00106516268068154,0.0,0.0,0.03495808066459907,95
89.52,0.0366992431852022,0.005934014542690659,0.0010652568274173325,0.0,0.0,0.03495392736188048,95
89.54,0.03669660380753052,0.005933542135733229,0.0010653494529704322,0.0,0.0,0.034949679812693285,95
89.56,0.03669378495664181,0.0059330219586493085,0.0010654424163417133,0.0,0.0,0.03494528418940261,95
89.58,0.036690836767949354,0.005932454775577628,0.0010655334560498743,0.0,0.0,0.03494079358418266,95
89.60000000000001,0.03668775269617271,0.005931859661767925,0.0010656225723524664,0.0,0.0,0.034936202199047924,95
89.62,0.03668452612416146,0.005931231398167212,0.0010657097653817098,0.0,0.0,0.034931504182265656,96
89.64,0.03668115041619566,0.005930557077469577,0.001065795035207592,0.0,0.0,0.03492669368218435,96
89.66,0.0366776189681238,0.005929837128146608,0.0010658783818968036,0.0,0.0,0.034921764897919844,96
89.68,0.03667392525376056,0.005929071995224699,0.0010659598054036919,0.0,0.0,0.03491677697421755,96
89.7,0.036670062867101165,0.005928262128465898,0.0010660393056592125,0.0,0.0,0.034912178787393965,96
89.72,0.03666602556004073,0.0059274079803212,0.0010661168826780632,0.0,0.0,0.03490744505685814,96
89.74,0.036661815317134167,0.005926510005525632,0.0010661925365762334,0.0,0.0,0.03490257061149624,96
89.76,0.03665742223019926,0.005925568660677436,0.0010662662675727111,0.0,0.0,0.034897550521691245,96
89.78,0.0366528448200775,0.0059245844049871585,0.0010663380760118813,0.0,0.0,0.034892380123577586,96
89.8,0.03664807455830561,0.005924804795949711,0.0010664079623824176,0.0,0.0,0.034887055038722664,96
89.82000000000001,0.03664310167153874,0.005925143743116184,0.0010664759273326786,0.0,0.0,0.03488157118943388,96
89.84,0.03663792139073317,0.005925437767927045,0.0010665419716826665,0.0,0.0,0.03487592480995171,96
89.86,0.03663252924010257,0.005925687315041821,0.0010666060964327456,0.0,0.0,0.03487011245383721,96
89.88,0.036626921040185695,0.005925892828590566,0.0010666683027693055,0.0,0.0,0.03486413099789566,96
89.9,0.0366210929077769,0.0059260547525099155,0.001066728657185026,0.0,0.0,0.03485797764299843,96
89.92,0.03661504125308953,0.005926173530184073,0.0010668103515155494,0.0,0.0,0.03485164991217489,96
89.94,0.03660876277452067,0.005926249599619789,0.001066908803366952,0.0,0.0,0.03484514564634431,96
89.96000000000001,0.03660225445137644,0.005926283399102669,0.0010670052907250302,0.0,0.0,0.03483846299804812,96
89.98,0.03659551353489953,0.005926275364851598,0.0010670998411557975,0.0,0.0,0.03483160042352668,96
90.0,0.03658853753791946,0.005926225929673782,0.0010671924508908676,0.0,0.0,0.03482455667346236,96
90.02,0.03658132422342018,0.005926135523831828,0.0010672831039861422,0.0,0.0,0.03481733078268578,96
90.04,0.03657387159229129,0.005926004574392641,0.001067371802466714,0.0,0.0,0.03480992205911378,96
90.06,0.03656617787050112,0.005925833504958868,0.0010674585480039823,0.0,0.0,0.03480233007215948,96
90.08,0.036558242185143745,0.005925622735432723,0.0010675433431094554,0.0,0.0,0.0347945546408254,96
90.10000000000001,0.03655007134037366,0.00592537268880861,0.0010676261905372163,0.0,0.0,0.03478659582166266,96
90.12,0.03654165535093666,0.005925083772243886,0.0010677070931652062,0.0,0.0,0.034778453896752576,96
90.14,0.036533333464898336,0.005924756392461158,0.00106778605398645,0.0,0.0,0.03477036872269953,96
90.16,0.03652490674832083,0.005924390952568791,0.0010678630761004656,0.0,0.0,0.03476235548800136,96
90.18,0.036516231674896954,0.005923987850910902,0.001067938162704944,0.0,0.0,0.03475416060388886,96
90.2,0.036507307675977166,0.0059235474796657025,0.0010680113186512872,0.0,0.0,0.03474597813387386,96
90.22,0.03649813430405899,0.005923070227484609,0.0010680825489319474,0.0,0.0,0.034737868991268586,96
90.24,0.036488711221110075,0.005922556477945625,0.0010681518538365685,0.0,0.0,0.03472958136115516,96
90.26,0.03647903818734505,0.005922006672069077,0.0010682192368783314,0.0,0.0,0.03472111679215551,96
90.28,0.036469115050468535,0.005921421137598464,0.001068284701632271,0.0,0.0,0.03471247697456646,96
90.3,0.03645894173538839,0.00592080022463707,0.0010683482651025096,0.0,0.0,0.034703663732159495,96
90.32000000000001,0.03644851823439564,0.005920144295327064,0.0010684099535571304,0.0,0.0,0.03469467901454436,96
90.34,0.036437806398698855,0.00591946047453231,0.001068469835559591,0.0,0.0,0.034685486624485735,96
90.36,0.03642681598484454,0.005918759135748527,0.0010685279040830561,0.0,0.0,0.034676098415513834,96
90.38,0.03641557573088988,0.0059180238079522525,0.0010685840738900948,0.0,0.0,0.03466654532150115,96
90.4,0.0364040858094042,0.005917254816560776,0.0010686383488033998,0.0,0.0,0.03465682973011203,96
90.42,0.03639234641778487,0.005916452494779262,0.00106869073818307,0.0,0.0,0.03464695412484873,96
90.44,0.03638035777091985,0.005915617169911138,0.0010687412577920416,0.0,0.0,0.03463692108059195,96
90.46000000000001,0.03636812009418774,0.0059147491639548804,0.0010687899009671148,0.0,0.0,0.03462673325961575,96
90.48,0.03635563361677097,0.005913848791326022,0.001068836665194427,0.0,0.0,0.03461639340805868,96
90.5,0.03634289856525691,0.005912916360954244,0.0010688815543924144,0.0,0.0,0.034605904352832936,96
90.52,0.03632991515750281,0.005912242367487935,0.0010689245724915457,0.0,0.0,0.034595268998954515,96
90.54,0.03631668359673992,0.005911824974027178,0.001068965723431989,0.0,0.0,0.034584490327276625,96
90.56,0.03630320406589346,0.005911372106789313,0.0010690050190889895,0.0,0.0,0.034573571392610455,96
90.58,0.03628947672209514,0.005911962104540451,0.0010690424747777896,0.0,0.0,0.034562515322217595,96
90.60000000000001,0.03627571165707818,0.005912867621958937,0.0010690780751710504,0.0,0.0,0.034551325314658994,96
90.62,0.03626214060814319,0.005913734788100254,0.0010691118242283058,0.0,0.0,0.03454000463898725,96
90.64,0.03624832112615119,0.005914563907817248,0.0010691437279993705,0.0,0.0,0.03452855663426846,97
90.66,0.0362342532132855,0.0059153552637248264,0.0010691738098144797,0.0,0.0,0.034516984709422036,97
90.68,0.036219936820641965,0.005916109131552398,0.0010692020522468319,0.0,0.0,0.03450529234336669,96
90.7,0.03620537184346207,0.005916825785298108,0.0010692284609791596,0.0,0.0,0.03449348308546213,96
90.72,0.036190558116422744,0.005917505493195084,0.0010692530405512176,0.0,0.0,0.03448156055623629,96
90.74,0.03617648072890524,0.005918148518774312,0.0010692758076008258,0.0,0.0,0.03446952844838859,96
90.76,0.03616263083134211,0.005918755109484047,0.001069296752256286,0.0,0.0,0.03445739052805996,96
90.78,0.03614857867200686,0.005919325510636611,0.0010693158798669718,0.0,0.0,0.03444515063636079,97
90.8,0.036134325516406884,0.005919859959642586,0.0010693331955139304,0.0,0.0,0.0344328126911478,97
90.82000000000001,0.036119872619790376,0.005920358686800189,0.0010693488564090265,0.0,0.0,0.034420380689040714,97
90.84,0.03610522122567049,0.005920821916281945,0.001069362735263858,0.0,0.0,0.03440785870766941,96
90.86,0.03609037256440348,0.005921249859792876,0.0010693748206672346,0.0,0.0,0.034395250908141405,96
90.88,0.036075327851804624,0.005921642723456767,0.0010693851119421807,0.0,0.0,0.03438256153771844,96
90.9,0.03606137897708776,0.00592200070530159,0.0010693936097603536,0.0,0.0,0.034369794932690156,96
90.92,0.03604732574361324,0.005922324002467284,0.001069400317572269,0.0,0.0,0.03435695552143073,96
90.94,0.036033121362990854,0.005922612800019755,0.001069405239253355,0.0,0.0,0.03434404782762235,96
90.96000000000001,0.036018768350172856,0.005922867258408796,0.0010694083786699084,0.0,0.0,0.03433107647362724,96
90.98,0.03600426925468614,0.005923087541009825,0.0010694097396790586,0.0,0.0,0.03431804618398643,95
91.0,0.03598962666147916,0.005923273802125609,0.001069409326128802,0.0,0.0,0.03430496178901996,95
91.02,0.03597484319172035,0.005923455296761828,0.001069407141858094,0.0,0.0,0.034291828228499154,95
91.04,0.035959921503509296,0.005923622985146601,0.0010694032084579803,0.0,0.0,0.03427865055535613,95
91.06,0.03594582629742422,0.00592375699896011,0.0010693975173644709,0.0,0.0,0.034265433939390307,95
91.08,0.0359320042469532,0.0059238574466516985,0.001069390067086375,0.0,0.0,0.03425218367092482,95
91.10000000000001,0.03591809313267065,0.005923924436059741,0.0010693808613836864,0.0,0.0,0.034238905164358256,95
91.12,0.03590409711968285,0.005923972165305268,0.0010693699040138847,0.0,0.0,0.034225780407233786,95
91.14,0.035890020466025144,0.005924007555152975,0.0010693572009414837,0.0,0.0,0.03421345798667148,95
91.16,0.03587586752408902,0.005924009701837173,0.0010693427554573124,0.0,0.0,0.034201132625264,95
91.18,0.035861642741567494,0.005923978668589803,0.0010693265696515375,0.0,0.0,0.03418880084317959,95
91.2,0.035847350661808226,0.005924509715794811,0.0010693086472961398,0.0,0.0,0.03417646871987656,95
91.22,0.03583299592345114,0.005926068782291473,0.0010692889921594575,0.0,0.0,0.03416414247374009,95
91.24,0.03581858325921269,0.00592759036745204,0.001069268007287803,0.0,0.0,0.034151828462533146,95
91.26,0.03580411749366564,0.005929074467247151,0.0010692486794752609,0.0,0.0,0.034139533182920116,95
91.28,0.035789603539847926,0.005930521061417741,0.0010692620312544164,0.0,0.0,0.03412726326890102,95
91.3,0.03577528581346572,0.005931930117317214,0.0010692736193362317,0.0,0.0,0.034115025488981196,95
91.32000000000001,0.035761239924160686,0.005933301591081906,0.001069283456045049,0.0,0.0,0.03410282674189013,95
91.34,0.03574716029856643,0.005934635426058175,0.0010692915574902894,0.0,0.0,0.03409067405065212,95
91.36,0.035733274993917735,0.005935931552679229,0.0010692979033178627,0.0,0.0,0.03407857455480691,95
91.38,0.03571963027153409,0.005937189888408642,0.0010693024833650757,0.0,0.0,0.034066533488154443,95
91.4,0.03570633849129413,0.005938410336718017,0.001069304892788644,0.0,0.0,0.034054494785976185,95
91.42,0.03569369323098384,0.005939592778132296,0.0010693055825836046,0.0,0.0,0.034042531347656876,95
91.44,0.03568104662994542,0.005940737089056041,0.0010693045325034592,0.0,0.0,0.03403065065697301,94
91.46000000000001,0.03566836739326961,0.0059418431333532725,0.001069301790779085,0.0,0.0,0.03401882354238923,94
91.48,0.03565562801563658,0.0059429107560158905,0.0010692974006093405,0.0,0.0,0.03400702468670549,94
91.5,0.03564290351642905,0.005943939770369271,0.001069291280125533,0.0,0.0,0.033995331267700664,94
91.52,0.035630199103237364,0.005944929997911059,0.0010692834330308558,0.0,0.0,0.03398375079339543,94
91.54,0.03561843626745188,0.005945881247314335,0.001069273863184551,0.0,0.0,0.033972290706747246,94
91.56,0.03560714460001492,0.005946793312592915,0.0010692625746329453,0.0,0.0,0.033960958351883785,94
91.58,0.03559592822523841,0.0059476659746452104,0.0010692495716022384,0.0,0.0,0.03394976093810005,94
91.60000000000001,0.03558479289381225,0.0059484990020505744,0.0010692348581690398,0.0,0.0,0.03393870550202963,94
91.62,0.03557374410841206,0.005949292151097221,0.001069218438696077,0.0,0.0,0.0339277988685063,94
91.64,0.035562787082329315,0.005950045166412305,0.0010692003309498938,0.0,0.0,0.03391704761072896,94
91.66,0.035551926698011195,0.005950757781565628,0.0010691805652592223,0.0,0.0,0.03390645801042634,94
91.68,0.035541167466261264,0.0059514297195047364,0.0010691591157437495,0.0,0.0,0.033896036018777144,94
91.7,0.03553051348688074,0.005952060693877584,0.0010691360335534704,0.0,0.0,0.03388578721887119,94
91.72,0.035519968411524105,0.005952650409802797,0.0010691112697664802,0.0,0.0,0.03387571679049101,94
91.74,0.03550953540949739,0.005954373078565346,0.0010690848291999206,0.0,0.0,0.033865829477946995,94
91.76,0.03549921713714179,0.005956330605213548,0.001069056773734854,0.0,0.0,0.033856129561614184,94
91.78,0.03548895064839803,0.005958241886668697,0.0010690271381740947,0.0,0.0,0.033846555817861376,94
91.8,0.03547876031492941,0.005960106580866662,0.0010689958936396025,0.0,0.0,0.03383713433142153,94
91.82000000000001,0.03546868951696243,0.005961924349361911,0.0010689629950486783,0.0,0.0,0.033827910237402885,94
91.84,0.035458738639355,0.005963694864466422,0.001068928447444022,0.0,0.0,0.033818885764815065,93
91.86,0.03544890746749183,0.005965417798512397,0.001068892255150944,0.0,0.0,0.03381006260486801,93
91.88,0.03543919518362713,0.00596709282534524,0.0010688544205134662,0.0,0.0,0.03380144191023545,93
91.9,0.03542960036723714,0.005968725122249847,0.0010688149488092705,0.0,0.0,0.03379302429845914,93
91.92,0.03542012099898816,0.005970327731802247,0.0010687738453621063,0.0,0.0,0.03378488274807144,93
91.94,0.03541075446792214,0.0059718814487004345,0.0010687311200409302,0.0,0.0,0.03377732415335946,93
91.96000000000001,0.03540149758150116,0.00597338596798637,0.0010686867736176182,0.0,0.0,0.03376996680241735,93
91.98,0.03539234657822366,0.005974840994143114,0.001068640811217855,0.0,0.0,0.03376280927519763,93
92.0,0.035383297142620174,0.005976246241868769,0.0010685932391248049,0.0,0.0,0.033755849682466296,93
92.02,0.03537450115110296,0.005977601437718213,0.0010685440635829597,0.0,0.0,0.03374908568685178,93
92.04,0.03536673599814309,0.005978906321485054,0.0010684932876629733,0.0,0.0,0.033742514526281325,93
92.06,0.03535906015563154,0.005980160647055046,0.001068451724449841,0.0,0.0,0.033736107285570256,93
92.08,0.035351414703940605,0.005981364178202874,0.0010684280222429234,0.0,0.0,0.03372980701996258,93
92.10000000000001,0.035343873202546956,0.00598251668191967,0.001068402700225264,0.0,0.0,0.033723689180680326,93
92.12,0.0353364294188361,0.005983617962255825,0.001068375755453105,0.0,0.0,0.033717749591669566,93
92.14,0.03532905129000201,0.005984667838071026,0.0010683473124269835,0.0,0.0,0.03371195824304861,93
92.16,0.035321703552929296,0.005985666137875492,0.0010683401429846446,0.0,0.0,0.0337062819944477,93
92.18,0.03531460958714104,0.005986612703901337,0.001068339208053376,0.0,0.0,0.033700753895540086,93
92.2,0.035307560722390594,0.005987507404429958,0.0010683370526711593,0.0,0.0,0.03369531189974873,92
92.22,0.03530057649445872,0.0059883501056671815,0.0010683332641767721,0.0,0.0,0.03369002425762613,92
92.24,0.03529414670822721,0.005989140708753876,0.0010683278399139507,0.0,0.0,0.03368488581217456,92
92.26,0.03528779520268468,0.00598987913612803,0.0010683207890294748,0.0,0.0,0.03367989140060261,92
92.28,0.035281489069661734,0.00599056533200359,0.0010683121156583786,0.0,0.0,0.033675035900156136,92
92.3,0.03527522398842793,0.0059911992430583495,0.0010683018223581128,0.0,0.0,0.03367031427239203,92
92.32000000000001,0.03526898388805016,0.0059917808369714075,0.0010682899933526844,0.0,0.0,0.03366572160498173,92
92.34,0.03526276098462468,0.005992310100794337,0.0010682765860802578,0.0,0.0,0.033661253150163245,92
92.36,0.03525774390448294,0.005992787025210751,0.0010682615879449907,0.0,0.0,0.03365690435903451,92
92.38,0.03525288436635044,0.005993211613297163,0.001068245001579739,0.0,0.0,0.033652670911000895,92
92.4,0.035248059686104616,0.005993583881576372,0.0010682268214195808,0.0,0.0,0.03364854873784621,92
92.42,0.03524327178583807,0.005993903856631499,0.001068207052715655,0.0,0.0,0.03364453404208677,92
92.44,0.03523851105384531,0.005994234119662195,0.0010681857007480743,0.0,0.0,0.03364062330947955,92
92.46000000000001,0.035233767965711836,0.005994753502368146,0.0010681627708320966,0.0,0.0,0.03363681331578057,92
92.48,0.03522903717560915,0.005995220039733273,0.001068138268324324,0.0,0.0,0.03363310112807615,92
92.5,0.03522431969159719,0.005995633789973276,0.0010681121986287365,0.0,0.0,0.0336294841012256,92
92.52,0.03521996124354034,0.005995994817351382,0.0010680846175454635,0.0,0.0,0.03362595987015131,92
92.54,0.03521695879548808,0.005998113042859998,0.0010680554959004716,0.0,0.0,0.03362252633887601,92
92.56,0.035214006370316214,0.006000245024963866,0.0010680248237843457,0.0,0.0,0.033619181667334866,92
92.58,0.0352111015515737,0.006002318383972696,0.0010679926397138535,0.0,0.0,0.03361592425706713,92
92.60000000000001,0.03520824426853608,0.0060043331333309085,0.0010679589418565014,0.0,0.0,0.033612752736920645,92
92.62,0.03520565760698219,0.006006289293427242,0.001067923723262958,0.0,0.0,0.03360966594987311,92
92.64,0.03520327928112416,0.006008186884482503,0.0010678869767615576,0.0,0.0,0.0336068494675897,92
92.66,0.035201657857665054,0.006010025925780712,0.00106786299352439,0.0,0.0,0.033604457439113576,92
92.68,0.035200078674856264,0.006011806443051714,0.0010678536643307492,0.0,0.0,0.03360214722258354,92
92.7,0.03519854046169043,0.006013549812622032,0.0010678427937920584,0.0,0.0,0.033599918440367485,92
92.72,0.03519700551628553,0.006015246265907084,0.0010678305042527074,0.0,0.0,0.03359773429309076,92
92.74,0.035195436044708886,0.006016884250831748,0.001067816879046406,0.0,0.0,0.03359555791501106,92
92.76,0.035193852899106606,0.006018463780281825,0.001067801442849319,0.0,0.0,0.033593411480473095,92
92.78,0.03519228945298039,0.00601998488197654,0.0010677843896808267,0.0,0.0,0.03359132915468846,92
92.8,0.035190763612011594,0.006021998035916592,0.0010677658333518873,0.0,0.0,0.03358932976104135,92
92.82000000000001,0.035189275310937455,0.006024514240691345,0.0010677457877234311,0.0,0.0,0.033587414294978114,92
92.84,0.03518782474700693,0.006027393584902798,0.0010677242533340284,0.0,0.0,0.03358558404717606,92
92.86,0.035186412400269,0.0060312001112951446,0.0010677012344071871,0.0,0.0,0.033583840625344266,92
92.88,0.03518503905246499,0.006034940550911557,0.0010676767493644661,0.0,0.0,0.03358218597468273,92
92.9,0.035183705803421644,0.006038614840880287,0.001067650836526866,0.0,0.0,0.0335806223958997,92
92.92,0.03518241408390515,0.0060422229150987865,0.001067623453939787,0.0,0.0,0.03357915255975067,92
92.94,0.035181165663987705,0.006045764703665762,0.0010675946078655654,0.0,0.0,0.03357777951715416,92
92.96000000000001,0.03517996265609043,0.006049240132104316,0.0010675643044340568,0.0,0.0,0.03357650670405277,92
92.98,0.03517880751199053,0.006052649120663716,0.001067532549622977,0.0,0.0,0.03357533794031112,92
93.0,0.03517770301320743,0.006055991583622367,0.0010674993492375614,0.0,0.0,0.0335742774220702,92
93.02,0.03517665225430885,0.006059267430311663,0.001067464710667659,0.0,0.0,0.03357332970710446,92
93.04,0.03517565861879956,0.006062476570033764,0.0010674286399460677,0.0,0.0,0.0335724996928487,92
93.06,0.03517480309146659,0.006065618884811934,0.0010673911397858567,0.0,0.0,0.03357179258687956,91
93.08,0.035174433063995765,0.006068694258364068,0.001067352224652023,0.0,0.0,0.033571213869748755,92
93.10000000000001,0.03517413100706288,0.006071702565965952,0.0010673118985191888,0.0,0.0,0.03357076925017774,92
93.12,0.035173901065444206,0.006074643673389327,0.0010672701567934592,0.0,0.0,0.03357046461273988,92
93.14,0.03517374743727348,0.006077517436936538,0.0010672270034459202,0.0,0.0,0.0335703059582808,92
93.16,0.03517367430481187,0.006080323703418815,0.0010671824420901556,0.0,0.0,0.033570299337466226,92
93.18,0.03517369358440991,0.006083062310439516,0.0010671364817107325,0.0,0.0,0.03357045077800115,92
93.2,0.03517380582692359,0.00608573308583664,0.0010670891296438027,0.0,0.0,0.03357076620624005,92
93.22,0.035174010314106594,0.006088335848659896,0.001067040378938644,0.0,0.0,0.03357125136410089,92
93.24,0.03517431035621117,0.006090870409402484,0.0010669902485993042,0.0,0.0,0.03357191172240817,92
93.26,0.035174708821927796,0.006093336571088129,0.0010669481306051017,0.0,0.0,0.03357275239201149,92
93.28,0.03517520804522653,0.006095734141320495,0.0010669440590934675,0.0,0.0,0.03357377803425104,92
93.3,0.03517580973316967,0.006098062906454514,0.0010669385068521923,0.0,0.0,0.033574992772555,92
93.32000000000001,0.03517651487666283,0.006100322648350573,0.0010669314777689307,0.0,0.0,0.033576400107140955,91
93.34,0.03517732366625554,0.006102513155955514,0.001066922984622946,0.0,0.0,0.03357800283493734,92
93.36,0.035178235415183966,0.006104634206477781,0.0010669130281247712,0.0,0.0,0.03357980297692193,92
93.38,0.0351799880358439,0.006107653777779363,0.0010669016073688118,0.0,0.0,0.03358180171507461,92
93.4,0.035182708058935586,0.006111130241220087,0.0010668887030786617,0.0,0.0,0.03358399934104607,92
93.42,0.03518557350126942,0.006114530336088384,0.0010668743133291077,0.0,0.0,0.03358639521844159,92
93.44,0.03518858136323778,0.0061178539190610975,0.0010668584358544757,0.0,0.0,0.033588987760306326,92
93.46000000000001,0.03519172763638883,0.006121100874280902,0.0010668601408212258,0.0,0.0,0.033591774422978504,92
93.48,0.03519500731201676,0.006124271052666047,0.0010668626476894923,0.0,0.0,0.033594751716966416,92
93.5,0.035198414406739494,0.006127364322605781,0.0010668636317043153,0.0,0.0,0.03359791523492372,93
93.52,0.03520194200451539,0.006130380581394952,0.0010668630896273298,0.0,0.0,0.03360125969617975,93
93.54,0.035205582313933094,0.006133332374547599,0.0010668665665073992,0.0,0.0,0.033604779006663754,93
93.56,0.03521016003533492,0.006136218734364995,0.0010668947288251696,0.0,0.0,0.033608466332483274,93
93.58,0.03521532512190214,0.006139027856116076,0.0010669213365660283,0.0,0.0,0.03361231418491886,93
93.60000000000001,0.03522062683703529,0.006141759710045283,0.00106694638546526,0.0,0.0,0.033616314514211834,93
93.62,0.035226004635467184,0.006144414298762492,0.0010669698662417774,0.0,0.0,0.0336204194616763,93
93.64,0.03523142343389936,0.006146991628172183,0.0010669917706955397,0.0,0.0,0.033624594637714667,93
93.66,0.03523693853968172,0.0061494917229204665,0.0010670121020133643,0.0,0.0,0.03362889593417869,93
93.68,0.035242539971529444,0.006151914652206124,0.0010670308562359136,0.0,0.0,0.033633314069388985,93
93.7,0.03524821766436638,0.006154260509411718,0.0010670480963266564,0.0,0.0,0.03363783970092199,93
93.72,0.035253961556492346,0.006156529411923837,0.0010670638729656998,0.0,0.0,0.033642463513756105,93
93.74,0.03525976166829836,0.006158721500336387,0.0010670780621577342,0.0,0.0,0.03364717630001314,93
93.76,0.03526553356320024,0.006160836937650105,0.0010670911072114557,0.0,0.0,0.03365189362241967,93
93.78,0.03527130561433306,0.00616287587376693,0.0010671028095057334,0.0,0.0,0.033656639553965466,93
93.8,0.035277112055386695,0.006164838476741658,0.001067112912669551,0.0,0.0,0.03366144830121687,92
93.82000000000001,0.03528293710927585,0.006166724965978565,0.0010671214134420838,0.0,0.0,0.03366631169065935,92
93.84,0.03528877205167184,0.006168535586097397,0.0010671283086438079,0.0,0.0,0.0336712219114216,92
93.86,0.03529481084391318,0.006170270635984716,0.0010671336073020488,0.0,0.0,0.03367617153995805,92
93.88,0.03530122575418511,0.0061719303462198115,0.001067137300528143,0.0,0.0,0.03368115355791215,92
93.9,0.035307651797166835,0.006173515002982722,0.0010671393953356114,0.0,0.0,0.03368616136422933,92
93.92,0.03531426669856219,0.006175024903906319,0.0010671398754174373,0.0,0.0,0.03369118878254863,92
93.94,0.03532085488468618,0.0061764604520604775,0.001067148154363356,0.0,0.0,0.033696230064797765,92
93.96000000000001,0.03532740993414166,0.006177822131927608,0.001067184325241648,0.0,0.0,0.033701279891764864,92
93.98,0.035333925811503755,0.0061791100037403915,0.0010672188346881072,0.0,0.0,0.03370633337123754,93
94.0,0.0353405643827629,0.006180324398646261,0.0010672516743834906,0.0,0.0,0.03371138603410501,93
94.02,0.03534722371786589,0.0061814656650010106,0.0010672828419999382,0.0,0.0,0.033716433828626234,93
94.04,0.035353830306859894,0.006182534155151623,0.001067312335267612,0.0,0.0,0.033721473112892524,93
94.06,0.035360288615880246,0.006183530166027172,0.0010673181638800712,0.0,0.0,0.033726420811379616,93
94.08,0.03536664096730083,0.006184454121448665,0.0010673115940800638,0.0,0.0,0.03373131490229453,93
94.10000000000001,0.03537292812364878,0.006185306355587673,0.001067303460460375,0.0,0.0,0.03373619208634086,93
94.12,0.03537914650778883,0.006186087199298645,0.0010672937595977573,0.0,0.0,0.03374105024327196,93
94.14,0.035385298834359084,0.006186797018048338,0.0010672825124140794,0.0,0.0,0.03374588759086695,93
94.16,0.03539138287643137,0.00618743858726873,0.001067269656397089,0.0,0.0,0.03375070266178547,93
94.18,0.035397389085532326,0.00618800974297454,0.0010672551795485026,0.0,0.0,0.03375549427700945,93
94.2,0.03540331484062062,0.006188510803144425,0.0010672390834748765,0.0,0.0,0.0337602615158664,93
94.22,0.03540905250220274,0.006188942071310445,0.0010672284325855892,0.0,0.0,0.033764887057789704,93
94.24,0.03541468319440496,0.006189303924316053,0.0010672175910588701,0.0,0.0,0.03376946293620254,93
94.26,0.03542022667187966,0.0061895966761275865,0.0010672050771751136,0.0,0.0,0.033774013211509704,93
94.28,0.03542640557163824,0.006189820620288159,0.0010671908964880726,0.0,0.0,0.03377853763565569,93
94.3,0.03543334235107243,0.006189976044253853,0.0010671751024357158,0.0,0.0,0.0337830360280946,93
94.32000000000001,0.03544023773845791,0.006190063230153336,0.0010671576290540341,0.0,0.0,0.03378750823354714,93
94.34,0.035447091229435936,0.006190082455226543,0.0010671384743380908,0.0,0.0,0.033792363007654536,93
94.36,0.035453902253403065,0.006190033991528096,0.0010671176362709687,0.0,0.0,0.033797246219601125,93
94.38,0.035460670135387264,0.006189918107069438,0.001067095112833005,0.0,0.0,0.0338021019409792,93
94.4,0.03546739406114841,0.006189735066264639,0.001067070902168825,0.0,0.0,0.033806929719689086,93
94.42,0.03547407304624821,0.006189485130580551,0.001067045004674698,0.0,0.0,0.03381172894393373,93
94.44,0.03548070590969507,0.00618916855927467,0.0010670174255813455,0.0,0.0,0.033816498816201725,93
94.46000000000001,0.03548729125260701,0.006188785610180715,0.0010669881542387195,0.0,0.0,0.033821238332285945,93
94.48,0.03549382744215987,0.006188336544902031,0.0010669571882611745,0.0,0.0,0.03382594626560682,93
94.5,0.03550031260091474,0.006187821624008656,0.0010669245260833966,0.0,0.0,0.03383062115693518,93
94.52,0.03550674460146051,0.00618724110271057,0.001066922252875647,0.0,0.0,0.03383526130945266,93
94.54,0.035513121066174706,0.0061865952374709,0.0010669197748295095,0.0,0.0,0.03383986478895374,93
94.56,0.03551943937180825,0.0061864328371996746,0.0010669155402863138,0.0,0.0,0.03384442942889704,93
94.58,0.035525696658537505,0.006186297459196216,0.0010669095477707493,0.0,0.0,0.033848952839950354,93
94.60000000000001,0.035531889843100115,0.006186118859189512,0.0010669017961143716,0.0,0.0,0.03385343242364761,93
94.62,0.03553795630191766,0.006185881518698973,0.0010668922977301778,0.0,0.0,0.03385815052260274,93
94.64,0.03554393713056337,0.006185597285008053,0.0010668810427285778,0.0,0.0,0.03386289690378722,93
94.66,0.03554984352835363,0.006185244096905721,0.0010668680281116184,0.0,0.0,0.033867590126278276,93
94.68,0.0355556717182199,0.006184822289249841,0.0010668532582012663,0.0,0.0,0.03387222696121066,93
94.7,0.035561417813774684,0.006184332199640725,0.0010668367338360775,0.0,0.0,0.033876804087777886,93
94.72,0.03556707784940662,0.006183774179506003,0.0010668184534546638,0.0,0.0,0.033881318124036296,94
94.74,0.03557264781191437,0.006183148586913502,0.0010667984203029319,0.0,0.0,0.03388576565928179,94
94.76,0.03557812367318386,0.00618245578926192,0.0010667766358346078,0.0,0.0,0.03389027401690194,94
94.78,0.03558350142332283,0.006181696162621573,0.0010667531030405157,0.0,0.0,0.03389501642570584,94
94.8,0.03558877710357325,0.006180895316244174,0.0010667278253037394,0.0,0.0,0.03389968171862476,96
94.82000000000001,0.035593946838237335,0.006180039209745772,0.001066700806367504,0.0,0.0,0.03390426670623364,96
94.84,0.03559900686479129,0.006179117419071817,0.0010666720503005817,0.0,0.0,0.033908768335351454,95
94.86,0.03560395356132933,0.006178130352591826,0.001066641566522167,0.0,0.0,0.03391318371744581,95
94.88,0.03560878347049098,0.006177078426055893,0.0010666093783935824,0.0,0.0,0.03391751015356007,95
94.9,0.035613493319074874,0.006175962062191982,0.0010665754670228643,0.0,0.0,0.03392174515496808,95
94.92,0.035618080032637355,0.006174781690256128,0.001066539837405372,0.0,0.0,0.033925886458855845,95
94.94,0.035622540744505826,0.006173537745601282,0.0010665024946833123,0.0,0.0,0.0339299320384622,95
94.96000000000001,0.03562687279880186,0.006172230669196526,0.0010664634441133831,0.0,0.0,0.033933880107275355,95
94.98,0.03563107374725782,0.006170860906677213,0.0010664226910365756,0.0,0.0,0.033937729117071054,95
95.0,0.03563514133981568,0.006169435750435499,0.001066380241498496,0.0,0.0,0.03394147774978388,95
95.02,0.03563907350920947,0.006167975036410365,0.0010663361209766664,0.0,0.0,0.03394555323487865,95
95.04,0.03564286834994468,0.006166452884308092,0.0010662903184728196,0.0,0.0,0.03394963552826619,95
95.06,0.03564652409229242,0.006164869755103852,0.001066242835254471,0.0,0.0,0.0339536141310103,95
95.08,0.03565003907210764,0.006163226112381374,0.0010661936911120472,0.0,0.0,0.03395748845237754,95
95.10000000000001,0.03565341169744992,0.0061615224219749186,0.0010661428964996618,0.0,0.0,0.033961258013009456,95
95.12,0.035656640413129805,0.006159759151670506,0.0010660904371325949,0.0,0.0,0.03396492241110712,95
95.14,0.035659701415768276,0.00615793677097071,0.0010660305853300602,0.0,0.0,0.03396846478370931,95
95.16,0.03566256850882709,0.006156055739405443,0.001065965565321758,0.0,0.0,0.033971866515162416,95
95.18,0.03566528685908803,0.00615411650520789,0.0010659271921205345,0.0,0.0,0.0339751619598466,95
95.2,0.03566785470711101,0.0061521195423172425,0.0010658871944665487,0.0,0.0,0.03397835069300881,96
95.22,0.035670270166428535,0.006150065326087617,0.0010658455767380468,0.0,0.0,0.033981432213028094,96
95.24,0.03567253120227951,0.00614795433335247,0.0010658023551640258,0.0,0.0,0.03398483097470672,96
95.26,0.035674635616604486,0.006145787042529351,0.0010657575308640273,0.0,0.0,0.033988135969765,96
95.28,0.035677635311618064,0.006143563933754122,0.0010657209027101283,0.0,0.0,0.03399126972784222,96
95.3,0.035680682203121615,0.00614128548905573,0.001065685916880168,0.0,0.0,0.033994272225076755,96
95.32000000000001,0.03568360569158498,0.0061389521924849816,0.0010656492979063826,0.0,0.0,0.03399716296824526,96
95.34,0.03568640433880553,0.006136564530247824,0.001065611077870758,0.0,0.0,0.033999940831287545,96
95.36,0.03568907663497814,0.006134122990853071,0.001065571287854569,0.0,0.0,0.03400260462278788,96
95.38,0.03569162102697399,0.006131628065209394,0.0010655298741742492,0.0,0.0,0.03400515311436122,96
95.4,0.035694035951318266,0.00612908024668099,0.0010654868373382001,0.0,0.0,0.034007585073744226,96
95.42,0.03569631987067706,0.0061264800310939106,0.0010654421820882399,0.0,0.0,0.03400989930140163,96
95.44,0.03569851060716391,0.006123827916686999,0.0010653959146607681,0.0,0.0,0.03401209466937841,96
95.46000000000001,0.03570104000191425,0.006121124404003609,0.0010653480372969212,0.0,0.0,0.03401417016111835,96
95.48,0.035703433624150974,0.006118369995722522,0.0010652985605770007,0.0,0.0,0.03401612491102709,96
95.5,0.035705690432335756,0.006115565196428422,0.0010652474841522357,0.0,0.0,0.03401795824267118,96
95.52,0.03570780960270556,0.00611271051232437,0.0010651948104954461,0.0,0.0,0.03401966970466273,96
95.54,0.03570980010440689,0.006109806450890158,0.0010651405440700798,0.0,0.0,0.03402125910346393,96
95.56,0.03571165630198707,0.006106853522591981,0.0010650846893576315,0.0,0.0,0.03402272653254515,96
95.58,0.035713374110568304,0.006103852234918983,0.0010650272635219157,0.0,0.0,0.03402407239752699,96
95.60000000000001,0.035714953866902634,0.0061008030958960065,0.0010649682625723305,0.0,0.0,0.0340252974371213,96
95.62,0.03571639624947399,0.006097706616983547,0.0010649076870377148,0.0,0.0,0.034026402739848645,96
95.64,0.03571770229093047,0.006094563318140166,0.0010648455414199191,0.0,0.0,0.03402738975664325,96
95.66,0.03571887338661793,0.0060913825825776235,0.0010647818614342556,0.0,0.0,0.03402826030956235,96
95.68,0.03571991129950336,0.006088171349559082,0.001064716689406331,0.0,0.0,0.03402901659688863,96
95.7,0.035720760643042464,0.006084914758535436,0.0010646522789017892,0.0,0.0,0.03402960141214515,96
95.72,0.03572147058752827,0.006081613305425052,0.0010645867539920914,0.0,0.0,0.03403006620858734,96
95.74000000000001,0.03572205490793519,0.006078267483873075,0.0010645197006487282,0.0,0.0,0.03403042565135953,97
95.76,0.035722516826704825,0.006074877785908918,0.001064451124045815,0.0,0.0,0.03403068343457315,97
95.78,0.03572285991629807,0.006071444694506695,0.0010643810085676725,0.0,0.0,0.034030843611904886,97
95.8,0.03572328918269982,0.006068705346505949,0.0010643093704277037,0.0,0.0,0.03403091058706556,97
95.82000000000001,0.03572389390059569,0.006066943232779688,0.0010642362039481284,0.0,0.0,0.03403088910278494,97
95.84,0.0357243962471375,0.006065127682585243,0.001064161511763398,0.0,0.0,0.034030784228465734,97
95.86,0.03572497888534222,0.00606325922039711,0.0010640852977104333,0.0,0.0,0.03403060134660909,97
95.88,0.035725520239013486,0.006061338372699175,0.0010640075659714143,0.0,0.0,0.034030346138062426,96
95.9,0.03572597263722102,0.00605936564745302,0.0010639283563448675,0.0,0.0,0.03403002456609385,96
95.92,0.03572634178261125,0.006057341555152015,0.0010638476397455427,0.0,0.0,0.03402964285925415,96
95.94,0.035726633613856765,0.006055266600612554,0.001063765421304708,0.0,0.0,0.034029207492949964,96
95.96000000000001,0.0357273193561601,0.006053141282397696,0.0010636817063901095,0.0,0.0,0.03402872516962078,96
95.98,0.03572795428812353,0.006050966092484088,0.001063632951228075,0.0,0.0,0.03402820279738969,96
96.0,0.0357285302782657,0.006048741515620406,0.0010636225804197426,0.0,0.0,0.03402764746704252,97
96.02,0.03572905399305404,0.006046468028389003,0.0010636106641114416,0.0,0.0,0.03402706642718589,97
96.04,0.03572953221787887,0.006044146099787086,0.0010635973063495613,0.0,0.0,0.03402681419270873,97
96.06,0.03572997182787607,0.0060417761905966014,0.0010635825310250436,0.0,0.0,0.0340266477299618,97
96.08,0.03573037975655572,0.006039358753185802,0.0010635662013594954,0.0,0.0,0.03402647742413003,97
96.10000000000001,0.03573076296218847,0.006036894244744491,0.0010635483245686403,0.0,0.0,0.034026310865557526,97
96.12,0.03573123567345367,0.006034383237095303,0.001063528871868445,0.0,0.0,0.03402606313412537,97
96.14,0.03573172145047894,0.006031825982764852,0.0010635080131771541,0.0,0.0,0.0340258225633449,97
96.16,0.03573220557429607,0.006029222896528208,0.0010634856356585528,0.0,0.0,0.034025608519920154,96
96.18,0.03573269474975545,0.006026574386759819,0.0010634618614905136,0.0,0.0,0.03402542836942776,96
96.2,0.03573319550857914,0.006023880855192934,0.001063436584968652,0.0,0.0,0.034025289318582196,96
96.22,0.035733714165662095,0.006021142695757911,0.0010634098095316704,0.0,0.0,0.03402519837192195,96
96.24000000000001,0.0357342567752089,0.006018360294963782,0.0010633816252981466,0.0,0.0,0.034025162288348954,96
96.26,0.03573482908743403,0.0060155340323501645,0.0010633519341578805,0.0,0.0,0.03402518753824953,96
96.28,0.035735879194745836,0.006012664281005677,0.0010633207782271867,0.0,0.0,0.034025280262015366,96
96.3,0.035736991363732755,0.006009751408147426,0.0010632882344750053,0.0,0.0,0.034025446230846974,96
96.32000000000001,0.03573815717718489,0.006006795775754703,0.0010632542047268225,0.0,0.0,0.0340256908107539,96
96.34,0.03573938098250132,0.00600379774124837,0.0010632186985954026,0.0,0.0,0.03402620393555132,96
96.36,0.03574066665066237,0.006001013539985517,0.0010631817147812807,0.0,0.0,0.034027118229829914,96
96.38,0.03574199475451536,0.0059993138158909495,0.0010631433088583928,0.0,0.0,0.0340281010498672,96
96.4,0.035743345096892205,0.0059975697270284595,0.0010631035373944186,0.0,0.0,0.034029132786126626,96
96.42,0.03574508419246021,0.005995781593492307,0.0010630623082678494,0.0,0.0,0.03403026238988696,96
96.44,0.03574705905903269,0.005993949741600241,0.0010630196278204203,0.0,0.0,0.034031492322207264,96
96.46000000000001,0.03574910687208013,0.005992074497725058,0.0010629756295612058,0.0,0.0,0.03403282453948745,96
96.48,0.03575122841889517,0.005990156188955178,0.0010629302500046172,0.0,0.0,0.03403426050527331,95
96.5,0.035753565445785354,0.005988195143702598,0.0010628834322553168,0.0,0.0,0.034035801207960986,95
96.52,0.03575646866382006,0.005986191692248069,0.0010628351812264163,0.0,0.0,0.03403744718362943,95
96.54,0.03575944433399726,0.00598548102318148,0.0010627855017736672,0.0,0.0,0.034039198543057744,95
96.56,0.03576248008246192,0.005984778270644665,0.0010627344621988739,0.0,0.0,0.034041043625372296,95
96.58,0.0357655071446904,0.005984030998645051,0.001062682392032834,0.0,0.0,0.034042914264119845,95
96.60000000000001,0.03576860258825749,0.005983239505839649,0.0010626289178609773,0.0,0.0,0.03404488848725855,96
96.62,0.035771764345169,0.005982404130651621,0.001062574035580029,0.0,0.0,0.03404696501979837,96
96.64,0.03577499006259622,0.0059815251996527055,0.001062517749690561,0.0,0.0,0.034049142320767334,96
96.66,0.03577827713150812,0.005980603039989548,0.0010624600641041982,0.0,0.0,0.03405141861242932,96
96.68,0.035781633951512466,0.005979637989662855,0.0010624009803286629,0.0,0.0,0.03405379190656718,95
96.7,0.03578504826694868,0.005978630393768106,0.0010623405020493378,0.0,0.0,0.03405626002725223,95
96.72,0.03578851489882926,0.005977580598495157,0.0010622786327881579,0.0,0.0,0.03405882062970005,95
96.74000000000001,0.035792030433299454,0.005976488947087995,0.0010622154097435312,0.0,0.0,0.03406147121499445,95
96.76,0.03579559129025874,0.005975355790328166,0.0010621508387145592,0.0,0.0,0.03406420914063795,95
96.78,0.03579919372915634,0.005974181480735518,0.001062084883644625,0.0,0.0,0.03406703162705686,95
96.8,0.03580283385100181,0.00597296637356108,0.0010620175632770504,0.0,0.0,0.03406993576034545,95
96.82000000000001,0.035806507597015445,0.005971710825876301,0.001061948905576734,0.0,0.0,0.034072918491675146,95
96.84,0.0358102107444677,0.005970415196230502,0.001061878995895988,0.0,0.0,0.03407597663391892,95
96.86,0.03581393890035926,0.005969079844307488,0.0010618077139350642,0.0,0.0,0.034079106856143876,95
96.88,0.035817687493675275,0.005967705130586198,0.001061735061762171,0.0,0.0,0.034082305676706476,95
96.9,0.035821451767002147,0.005966291416009453,0.0010616610413203191,0.0,0.0,0.034085569455740504,94
96.92,0.03582522676832523,0.005964839074953248,0.00106158565443486,0.0,0.0,0.034088894387857206,94
96.94,0.035829007343825575,0.005963348847929912,0.001061508902821683,0.0,0.0,0.03409227649587743,94
96.96000000000001,0.035832788132465154,0.0059618207990473895,0.0010614308138823443,0.0,0.0,0.034095711626386964,94
96.98,0.035836563563091624,0.005960461964499782,0.0010613514325186813,0.0,0.0,0.03409919544784774,94
97.0,0.03584032785470649,0.005960254652518051,0.0010612706918968126,0.0,0.0,0.03410272345191097,94
97.02,0.03584407502042946,0.005960007185636921,0.0010611886192662331,0.0,0.0,0.03410629095846737,94
97.04,0.035847798875557,0.005959719904413607,0.001061105221533031,0.0,0.0,0.03410989312483459,94
97.06,0.03585149304996381,0.005959393147897823,0.001061020489880773,0.0,0.0,0.03411352495933359,94
97.08,0.03585515100493638,0.00595902725343003,0.0010609344043045815,0.0,0.0,0.03411718133934591,94
97.10000000000001,0.03585876605436521,0.005958622556452068,0.0010608471280080418,0.0,0.0,0.034120857033781544,94
97.12,0.03586233139006415,0.005958179390328668,0.0010607585077217093,0.0,0.0,0.03412454672972938,94
97.14,0.035865840110840846,0.005957698086178315,0.0010606685350081741,0.0,0.0,0.03412824506291744,94
97.16,0.03586928525481325,0.005957178972711882,0.0010605772290433325,0.0,0.0,0.03413194665148212,94
97.18,0.03587265983436502,0.005956622376077569,0.0010604845784124978,0.0,0.0,0.03413564613244288,94
97.2,0.0358759568730559,0.005956028619710728,0.0010603905783340061,0.0,0.0,0.034139338200202395,94
97.22,0.035879445288611964,0.0059553980241873325,0.0010602952521616366,0.0,0.0,0.03414324008953574,94
97.24000000000001,0.03588305236875781,0.0059547309070799356,0.001060198588290372,0.0,0.0,0.03414735087454541,94
97.26,0.03588656076658626,0.005954027582815197,0.001060100578585516,0.0,0.0,0.034151438510590354,94
97.28,0.0358899639332322,0.005953288362532134,0.0010600012906306923,0.0,0.0,0.03415549832197398,94
97.3,0.035893255519360005,0.005952513553940518,0.0010599007087615051,0.0,0.0,0.03415952588787911,94
97.32000000000001,0.035896368806890205,0.005951703461178894,0.0010597990805034387,0.0,0.0,0.0341634563121759,94
97.34,0.035899321923372175,0.005950858371409016,0.0010596961899619766,0.0,0.0,0.03416731000285469,94
97.36,0.035902092834792954,0.005949978573508897,0.0010595916168676777,0.0,0.0,0.034171067366019506,94
97.38,0.035904729551858756,0.00594906434947042,0.0010594857526764249,0.0,0.0,0.03417477818162636,94
97.4,0.035907234604630016,0.0059481159877133654,0.0010593785782444715,0.0,0.0,0.034178439785241405,94
97.42,0.03590960319561859,0.005947133772363295,0.0010592700737185375,0.0,0.0,0.03418204993871533,94
97.44,0.03591182408163534,0.005946117983103971,0.0010591602415934672,0.0,0.0,0.03418560684738616,94
97.46000000000001,0.035913893469938125,0.0059450688950289715,0.0010590490890561776,0.0,0.0,0.03418910917394996,94
97.48,0.03591580795734941,0.005943986778492649,0.0010589367965848394,0.0,0.0,0.03419255604911868,94
97.5,0.035917590777147415,0.005942871898960577,0.001058823286512853,0.0,0.0,0.03419594707922755,94
97.52,0.03591974028155596,0.005941724516859582,0.0010587084509195515,0.0,0.0,0.03419928235098465,93
97.54,0.03592172627117385,0.005940544887427519,0.0010585923167658795,0.0,0.0,0.03420256243357518,93
97.56,0.03592354691615054,0.005939333260562851,0.0010584748670154505,0.0,0.0,0.034205788378341095,93
97.58,0.035925200770070505,0.005938089890269393,0.0010583561015689931,0.0,0.0,0.03420896171625586,93
97.60000000000001,0.03592668676136724,0.005936815010135413,0.00105823602805809,0.0,0.0,0.03421208445340678,93
97.62,0.035928004182751334,0.005935508848973045,0.0010581146489142246,0.0,0.0,0.03421515906468118,92
97.64,0.035929152678822775,0.005934171635342534,0.001057992014139725,0.0,0.0,0.03421818848583456,92
97.66,0.03593014110273824,0.005932803588419502,0.0010578680913699112,0.0,0.0,0.03422117610409461,92
97.68,0.035930964900144566,0.005931404922894566,0.0010577428745959616,0.0,0.0,0.0342241257474303,92
97.7,0.035931620833696984,0.005929975847791734,0.0010576163842874724,0.0,0.0,0.03422704167258812,93
97.72,0.0359334576529897,0.005928516571937236,0.0010574886128060076,0.0,0.0,0.03422992855197083,93
97.74000000000001,0.035935176858362505,0.005927027282587437,0.0010573595596919654,0.0,0.0,0.034232955723829235,93
97.76,0.03593677608274668,0.005926852660182692,0.0010572292295806843,0.0,0.0,0.034236280274888245,92
97.78,0.035938258545759265,0.005926714616670642,0.0010570976270778526,0.0,0.0,0.03423959154072156,92
97.8,0.03593962773402772,0.005926543355185531,0.0010569647569486991,0.0,0.0,0.034242895703629594,92
97.82000000000001,0.03594088737898538,0.0059263390310793146,0.001056830624035307,0.0,0.0,0.034246199279505285,92
97.84,0.03594204143331589,0.005926101792427818,0.0010566952332467109,0.0,0.0,0.03424950909801518,93
97.86,0.035943094045982435,0.005925831779867347,0.0010565586872538478,0.0,0.0,0.03425283228153953,93
97.88,0.035944049535773986,0.005925529126430495,0.0010564208988521945,0.0,0.0,0.0342561762228116,93
97.9,0.03594491302035903,0.005925193957381197,0.0010562819066765388,0.0,0.0,0.03425954856119715,93
97.92,0.03594592489392794,0.005924826390049079,0.0010561416942736887,0.0,0.0,0.03426295715756352,93
97.94,0.03594685562848784,0.005924426533663153,0.0010560002505908923,0.0,0.0,0.034266410067700606,93
97.96000000000001,0.03594813583164021,0.005923999353258754,0.0010558575879422965,0.0,0.0,0.0342699155142758,93
97.98,0.03595050235527265,0.0059235589069186224,0.001055713744360168,0.0,0.0,0.034273481857331235,93
98.0,0.03595364939025613,0.005923086420845335,0.0010555687133657794,0.0,0.0,0.03427711756336356,93
98.02,0.035956803627711864,0.005922896569737983,0.0010554477678132365,0.0,0.0,0.03428083117306419,93
98.04,0.035959971820988285,0.005924000896514724,0.001055348447745873,0.0,0.0,0.03428463126784112,93
98.06,0.03596316067022967,0.005925069039516087,0.0010552478398933851,0.0,0.0,0.03428852643528935,93
98.08,0.03596637678453689,0.005926113285213369,0.0010551459491796454,0.0,0.0,0.03429252523382661,93
98.10000000000001,0.035969626643449486,0.005927142927560793,0.0010550427804185468,0.0,0.0,0.034296636156759444,92
98.12,0.03597292568821437,0.005928151754050678,0.0010549383382959633,0.0,0.0,0.03430086759609351,92
98.14,0.035976656527053875,0.005929124371916092,0.0010548326273781578,0.0,0.0,0.034305227806443975,92
98.16,0.035981353328875566,0.0059300607675144895,0.001054725663432754,0.0,0.0,0.03430972486943889,92
98.18,0.03598614612354637,0.005930960917353092,0.001054617446567316,0.0,0.0,0.03431441784174206,91
98.2,0.0359910414024543,0.005931824787922643,0.001054508013691551,0.0,0.0,0.034319744267172485,91
98.22,0.035996045352019515,0.0059326523355345264,0.0010543973280886325,0.0,0.0,0.03432522975115767,91
98.24000000000001,0.03600116382309142,0.005933443506161798,0.0010542853932971497,0.0,0.0,0.03433088135181503,91
98.26,0.03600640230286084,0.005934198245701612,0.001054172212602282,0.0,0.0,0.034336705798491116,92
98.28,0.036011765889609956,0.005934916468781688,0.001054057789020054,0.0,0.0,0.03434270946784678,92
98.3,0.03601725927055409,0.0059355980893129115,0.0010539422202794474,0.0,0.0,0.03434889836309257,93
98.32000000000001,0.036022886702947746,0.005936243010433411,0.0010538255727072768,0.0,0.0,0.03435527809654983,93
98.34,0.0360286519985342,0.00593685112423861,0.001053707718719897,0.0,0.0,0.034361853875620296,93
98.36,0.03603455851132231,0.005937422311667208,0.0010535886578232948,0.0,0.0,0.03436863049215151,93
98.38,0.036040609128577455,0.005937956442400179,0.0010534718765138366,0.0,0.0,0.03437561231508845,93
98.4,0.03604720062429017,0.005938453374775053,0.0010533927707336702,0.0,0.0,0.034382803286214826,93
98.42,0.036054038059090625,0.005938912955718159,0.001053345348039288,0.0,0.0,0.03439020691871037,93
98.44,0.036061024740785964,0.005939335020697755,0.001053300667020503,0.0,0.0,0.03439782629819476,93
98.46000000000001,0.036068161655711736,0.005939719393701281,0.001053254718752266,0.0,0.0,0.03440566408589496,93
98.48,0.03607544931735145,0.005940065887240304,0.0010532074975149717,0.0,0.0,0.03441372252356489,93
98.5,0.03608288777047066,0.005940374302386854,0.0010531590010632252,0.0,0.0,0.03442200343980682,92
98.52,0.03609047659624317,0.0059406444288451,0.0010531092268884902,0.0,0.0,0.03443050825749034,92
98.54,0.03609821491812945,0.005940876045062262,0.001053058245528219,0.0,0.0,0.03443923800203404,92
98.56,0.036106101408356205,0.005942173861466222,0.001053006092613758,0.0,0.0,0.034448193310404586,92
98.58,0.03611413429494449,0.005943478325602201,0.0010529526566052088,0.0,0.0,0.034457374440786684,92
98.60000000000001,0.03612231136933897,0.005944739798563833,0.0010528979914067491,0.0,0.0,0.034466781282981966,92
98.62,0.03613165755640648,0.00594595796569126,0.0010528418919267305,0.0,0.0,0.03447638658213745,92
98.64,0.03614133614497173,0.005947132489091471,0.0010527842584367574,0.0,0.0,0.03448617168768217,92
98.66,0.03615118823636151,0.005948263015514444,0.0010527253600169774,0.0,0.0,0.034496180155916385,92
98.68,0.03616121122287484,0.005949349192217111,0.0010526654045647044,0.0,0.0,0.03450641052868067,92
98.7,0.03617140216602397,0.00595039065628939,0.0010526041716526562,0.0,0.0,0.03451686105018967,92
98.72,0.0361817578151278,0.005951387035178689,0.0010525418483094543,0.0,0.0,0.03452752968702504,92
98.74000000000001,0.03619227462833476,0.005952337947267583,0.0010524784705288116,0.0,0.0,0.03453841415064451,92
98.76,0.03620294879611245,0.0059532430025017674,0.0010524561878896908,0.0,0.0,0.0345495119224498,92
98.78,0.03621377626707191,0.005954101803064589,0.0010524326131917058,0.0,0.0,0.034560820281288714,92
98.8,0.03622475277580169,0.005954913944094095,0.001052407741847618,0.0,0.0,0.0345723363330713,92
98.82000000000001,0.036235873872179,0.005955679014438335,0.0010523815713835269,0.0,0.0,0.03458405704197499,92
98.84,0.03624713495142106,0.005956396597444776,0.0010523540977568722,0.0,0.0,0.03459597926250724,92
98.86,0.03625875364077181,0.005957066276827796,0.0010523253187319779,0.0,0.0,0.034608099771509665,91
98.88,0.036271041753996,0.005958320947603949,0.001052295248649203,0.0,0.0,0.03462064719473015,91
98.9,0.03628345689371748,0.005960328887548559,0.0010522638622885287,0.0,0.0,0.03463361056209817,90
98.92,0.03629599414329249,0.005962283655217312,0.0010522311565914326,0.0,0.0,0.03464676180669177,90
98.94,0.03630864855693639,0.005964184810237994,0.0010521971363001096,0.0,0.0,0.034660097674783494,90
98.96000000000001,0.03632141517175014,0.0059660319116415245,0.0010521617941021476,0.0,0.0,0.03467361495490765,90
98.98,0.03633428901311115,0.005967824518868381,0.0010521251249739937,0.0,0.0,0.034687310486214366,90
99.0,0.03634726509285203,0.005970285212383715,0.0010520871319363515,0.0,0.0,0.034701181159757476,90
99.02,0.03636033839995932,0.0059726859269972595,0.001052047808389814,0.0,0.0,0.03471522391244797,90
99.04,0.036373535478241556,0.005975025020522969,0.0010520071516890814,0.0,0.0,0.03472943571374622,90
99.06,0.03638702659174493,0.005977302068294229,0.0010519841882413092,0.0,0.0,0.03474381354551997,90
99.08,0.03640060188131611,0.005979516655258305,0.0010519833968154742,0.0,0.0,0.03475835437583896,90
99.10000000000001,0.03641425603934372,0.005981697444956637,0.0010519812660610324,0.0,0.0,0.034773055127794224,90
99.12,0.036427983591853834,0.00598382284644027,0.0010519777926601937,0.0,0.0,0.0347879126447006,90
99.14,0.03644177885763032,0.0059858845755425254,0.001051973124973367,0.0,0.0,0.034802923653252764,90
99.16,0.03645563590688953,0.005987882266886258,0.0010519671808332056,0.0,0.0,0.0348180847263464,90
99.18,0.03646954852129386,0.00598981556754737,0.0010519599129641287,0.0,0.0,0.03483339224734397,90
99.2,0.036483510157077,0.005991684150813106,0.0010519513436570897,0.0,0.0,0.03484884237755231,90
99.22,0.03649751391296531,0.005993487691326848,0.0010519414804587594,0.0,0.0,0.034864431028593545,90
99.24000000000001,0.03651155250441837,0.005995225921749838,0.0010519303653302088,0.0,0.0,0.034880153841190954,90
99.26,0.03652561824548582,0.0059968985201838045,0.0010519178858626494,0.0,0.0,0.034896006171667354,90
99.28,0.03653970303929378,0.005998505221924187,0.0010519040330530618,0.0,0.0,0.03491198308717261,90
99.3,0.036553798377844546,0.006000045781878088,0.0010518888020774483,0.0,0.0,0.034928079370329414,90
99.32000000000001,0.03656900914482178,0.006002280216337178,0.001051872187992737,0.0,0.0,0.034944289533625265,90
99.34,0.036584744644482865,0.006005120304831609,0.0010518541855059293,0.0,0.0,0.034960607843496964,90
99.36,0.036600517339127815,0.0060078900895506795,0.0010518347892482496,0.0,0.0,0.03497702835366847,90
99.38,0.03661631921455434,0.006010589369256843,0.0010518139937388275,0.0,0.0,0.03499354494692859,90
99.4,0.036632293126023736,0.006013217974072554,0.0010517917934223017,0.0,0.0,0.03501026432201795,90
99.42,0.036649768242055694,0.00601577575473482,0.0010517682663683408,0.0,0.0,0.03502749960203042,90
99.44,0.036667449067253055,0.006018262582075306,0.0010517460092801841,0.0,0.0,0.03504477656477482,90
99.46000000000001,0.03668510313434262,0.0060206783362112834,0.0010517499116900625,0.0,0.0,0.035062054067273786,90
99.48,0.03670278730918837,0.006023022906407418,0.0010517523637816092,0.0,0.0,0.03507939593931292,90
99.5,0.036720490764452836,0.0060254259861428384,0.001051753354384522,0.0,0.0,0.03509679621044225,90
99.52,0.03673820668144225,0.006029483505013423,0.0010517529144688008,0.0,0.0,0.035114249142610285,90
99.54,0.03675594181754094,0.006033463455685052,0.0010517813376236492,0.0,0.0,0.03513174928232249,90
99.56,0.036773677242410034,0.006037365736771797,0.0010518082529298158,0.0,0.0,0.03514929150664549,91
99.58,0.03679140652618905,0.006041190261349831,0.001051833656967995,0.0,0.0,0.0351668710620566,91
99.60000000000001,0.036809124097248916,0.006044936960070774,0.0010518575468385237,0.0,0.0,0.03518448359548697,91
99.62,0.03682682476942445,0.00604860577204935,0.0010518799200254065,0.0,0.0,0.03520212517726553,91
99.64,0.036844503755319995,0.006052196644204152,0.0010519007796947802,0.0,0.0,0.03521979231602089,92
99.66,0.036862156671806645,0.006055709538183621,0.001051920127519568,0.0,0.0,0.03523748196591742,92
99.68,0.03687977953836188,0.006059144425547004,0.0010519379957074297,0.0,0.0,0.03525564789213582,92
99.7,0.036897368769117526,0.006062501286939505,0.0010519544600034601,0.0,0.0,0.03527397045239187,92
99.72,0.03691492115962363,0.006065780114089452,0.0010519694004095365,0.0,0.0,0.035292307940919594,92
99.74000000000001,0.036932433869405444,0.00606898090694461,0.0010519828163395857,0.0,0.0,0.03531065904492899,92
99.76,0.03694990440138367,0.006072103662767564,0.0010519947081801735,0.0,0.0,0.035329022847000756,92
99.78,0.03696733057914969,0.006075148391209686,0.0010520050765432318,0.0,0.0,0.035347398804906255,92
99.8,0.036984710522947745,0.006078115108796016,0.001052013934527211,0.0,0.0,0.035365786730259224,92
99.82000000000001,0.037002042625026065,0.006081003834746115,0.001052021294229338,0.0,0.0,0.03538418676665965,92
99.84,0.0370193255247953,0.006083814593920826,0.0010520271404538591,0.0,0.0,0.03540259936776569,91
99.86,0.037036558083992845,0.006086547415284665,0.0010520316346480211,0.0,0.0,0.03542102527549173,91
99.88,0.03705374571085676,0.0060892023313574226,0.0010520346510211182,0.0,0.0,0.03543946549829295,91
99.9,0.03707096375250972,0.006091779377744115,0.0010520361575901813,0.0,0.0,0.03545792128928161,91
99.92,0.037089582534994024,0.00609427859267785,0.001052036156741245,0.0,0.0,0.035476394123742,91
99.94,0.03710819582303467,0.006096700016574377,0.0010520346509854134,0.0,0.0,0.03549488567548209,91
99.96000000000001,0.03712680483007278,0.006099043691598833,0.001052031645055677,0.0,0.0,0.03551339779139126,90
99.98,0.03714541089621413,0.006101309661247432,0.0010520435718497365,0.0,0.0,0.03553193246356694,90
100.0,0.03716401545647256,0.006103497969948832,0.0010520684851586216,0.0,0.0,0.035550491798430034,90
100.02,0.037182620005517725,0.006105608662691836,0.0010520918952727897,0.0,0.0,0.035569077982363285,90
100.04,0.03720171111212323,0.006107641784687724,0.0010521525118160357,0.0,0.0,0.035587693243570855,90
100.06,0.03722082114455016,0.006109597381076698,0.0010522161881975185,0.0,0.0,0.03560633981005887,90
100.08,0.037239934910401624,0.006111475496688715,0.0010522783597066861,0.0,0.0,0.03562501986386418,90
100.10000000000001,0.0372590537146848,0.006113276175869107,0.0010523390519937522,0.0,0.0,0.035643735491895756,91
100.12,0.03727817869024735,0.006114999462378994,0.0010523982935303434,0.0,0.0,0.035662907506425506,91
100.14,0.037297310742827,0.006116645399379494,0.0010524560343494398,0.0,0.0,0.035682298252521526,91
100.16,0.03731646087964352,0.006118217524378487,0.0010525122813988094,0.0,0.0,0.035701728648270654,91
100.18,0.03733562232530485,0.006119744833574953,0.001052567107957747,0.0,0.0,0.03572119987111791,91
100.2,0.03735479174767009,0.006121194879053579,0.001052620490673235,0.0,0.0,0.03574091638873759,91
100.22,0.0373739685936799,0.006122567703352762,0.001052672401020865,0.0,0.0,0.035761065705474875,91
100.24000000000001,0.03739315181785795,0.0061238633523031175,0.001052722842913737,0.0,0.0,0.03578125593037402,91
100.26,0.03741233983994771,0.0061250818742609,0.0010527717877599168,0.0,0.0,0.03580148650537295,91
100.28,0.03743153050887851,0.006126223310088778,0.0010528192354525407,0.0,0.0,0.03582175633595123,90
100.3,0.03745072107396384,0.006127287708419813,0.0010528651857284865,0.0,0.0,0.03584206376371842,90
100.32000000000001,0.03746990816400808,0.006128275121873042,0.0010529096381825132,0.0,0.0,0.035862406546973036,90
100.34,0.03748909643455137,0.006129185609120329,0.0010529525922840614,0.0,0.0,0.03588278184965712,90
100.36,0.037508257476301016,0.006130019230305781,0.0010529940740572562,0.0,0.0,0.03590316602136554,89
100.38,0.03752734573617108,0.0061307760668157345,0.0010530341453420685,0.0,0.0,0.0359235198125448,89
100.4,0.03754641089253941,0.0061314561575353315,0.0010530727162252446,0.0,0.0,0.03594389414744168,89
100.42,0.03756544645067529,0.006132059583962216,0.0010531097857998104,0.0,0.0,0.035964283870025156,89
100.44,0.03758444534141207,0.006132586436214665,0.0010531453562696964,0.0,0.0,0.03598468329731464,89
100.46000000000001,0.037603399953438206,0.006133052018581702,0.0010531794291861606,0.0,0.0,0.03600508625369519,89
100.48,0.03762230217054313,0.0061338192451599865,0.0010532120061530956,0.0,0.0,0.0360254861102895,89
100.5,0.037641143412895345,0.006135620302285444,0.0010532430782544862,0.0,0.0,0.03604587582846879,89
100.52,0.03765991468145059,0.006137339312092476,0.0010532726442397016,0.0,0.0,0.036066248006605225,89
100.54,0.037678606604629974,0.006138976458247099,0.0010533007033191942,0.0,0.0,0.03608659492921044,89
100.56,0.03769720948646149,0.006140531934764959,0.001053327256493391,0.0,0.0,0.03610690861765794,89
100.58,0.037716332723512894,0.006142005946299561,0.0010533523055748454,0.0,0.0,0.03612718088173756,89
100.60000000000001,0.037735974182832234,0.006143408373767387,0.0010533758464342702,0.0,0.0,0.03614740337133179,89
100.62,0.03775553302090191,0.006144756545594927,0.0010533978776480657,0.0,0.0,0.0361675676275299,89
100.64,0.037774999946458956,0.006146023889623322,0.0010534184044604556,0.0,0.0,0.036187665132510906,90
100.66,0.03779436563210144,0.006147210654367881,0.0010534374331986364,0.0,0.0,0.036207687357533054,91
100.68,0.03781362075870747,0.006148317099336086,0.0010534549508149351,0.0,0.0,0.03622762580837616,91
100.7,0.03783275605662574,0.0061493434949411166,0.0010534780289046025,0.0,0.0,0.0362474720676046,91
100.72,0.03785176234304832,0.006150290122376878,0.001053532268985268,0.0,0.0,0.0362672178330631,91
100.74000000000001,0.03787063055505277,0.006151157274753201,0.001053584979010347,0.0,0.0,0.03628685495209388,91
100.76,0.037889351777912667,0.006151945257850248,0.0010536361318987792,0.0,0.0,0.0363063754510766,91
100.78,0.03790791726842714,0.006152654379305203,0.0010536857365952992,0.0,0.0,0.0363257715600431,91
100.8,0.037926318473203074,0.006153285013196922,0.0010537348724364883,0.0,0.0,0.036345035732303035,91
100.82000000000001,0.03794454704202977,0.006153837441307866,0.0010538130399340906,0.0,0.0,0.03636416065922249,91
100.84,0.03796259483670407,0.006154333941207401,0.0010538896109587546,0.0,0.0,0.03638313928051611,91
100.86,0.03798049792021716,0.0061547555251788314,0.001053964583761697,0.0,0.0,0.036401964790625074,91
100.88,0.03799878906473992,0.006155099926859258,0.0010540379563280216,0.0,0.0,0.03642063064194255,91
100.9,0.038016888160737776,0.006155367517671602,0.0010541202125516715,0.0,0.0,0.036439130545800114,91
100.92,0.038034775350899976,0.006155558681152129,0.001054232743424474,0.0,0.0,0.03645745847222633,91
100.94,0.038052443580696954,0.006155673803320424,0.0010543436346053473,0.0,0.0,0.03647560864952452,91
100.96000000000001,0.03806988600765141,0.006155715897789437,0.0010544528850175,0.0,0.0,0.0364935755646839,91
100.98,0.03808709600150097,0.006155715623119321,0.0010545605780135096,0.0,0.0,0.03651135396553835,91
101.0,0.03810406714676864,0.0061556404771336065,0.0010546666193074511,0.0,0.0,0.03652893886542352,91
101.02,0.038120793272976336,0.006155490888504732,0.0010547710047917641,0.0,0.0,0.03654632555087167,91
101.04,0.03813728220721512,0.006155267281279158,0.0010548737301650894,0.0,0.0,0.03656350959263551,91
101.06,0.038153520702956474,0.00615497009329579,0.00105497479112073,0.0,0.0,0.03658048686006962,91
101.08,0.038169504448327174,0.006154599770720527,0.0010550741873644595,0.0,0.0,0.0365972535386385,91
101.10000000000001,0.0381852209832668,0.006154156767311375,0.0010551719120613834,0.0,0.0,0.03661380615008358,92
101.12,0.03820066540733781,0.006153641544425996,0.0010552679622629487,0.0,0.0,0.03663014157458404,92
101.14,0.038215833133721844,0.006153054570512727,0.001055362331479703,0.0,0.0,0.03664625707409751,92
101.16,0.03823071990989648,0.006152396319386214,0.0010554550159053168,0.0,0.0,0.03666215031597754,92
101.18,0.038246268145109924,0.00615166727137056,0.0010555460119515486,0.0,0.0,0.036677925225290946,92
101.2,0.03826206460369144,0.006150876398529835,0.0010556353162806213,0.0,0.0,0.03669383669915063,92
101.22,0.038277618555588866,0.006150035897365598,0.00105572292694205,0.0,0.0,0.03670952097780092,92
101.24000000000001,0.038292929016488494,0.006149126038988378,0.0010558088461160042,0.0,0.0,0.036724977559919096,92
101.26,0.03830799548567924,0.0061481473214367215,0.0010558930653301558,0.0,0.0,0.03674020644078962,92
101.28,0.03832281795348548,0.006147228184033653,0.0010559755824468,0.0,0.0,0.03675520812012806,92
101.3,0.038337396904130794,0.006146322498831407,0.0010560563956973456,0.0,0.0,0.036769983605351594,92
101.32000000000001,0.03835173331384433,0.006145349005638584,0.0010561355456276675,0.0,0.0,0.036784534410109204,92
101.34,0.03836582864414518,0.006144308209073961,0.0010562131147824655,0.0,0.0,0.03679886254800666,92
101.36,0.038379684830343444,0.006143200613197349,0.001056288979702587,0.0,0.0,0.03681297052156625,92
101.38,0.03839362566052797,0.0061420267207292845,0.0010563631368250414,0.0,0.0,0.036826861306548934,91
101.4,0.038407499462646766,0.006140787032298009,0.0010564355845550121,0.0,0.0,0.03684053833183546,91
101.42,0.03842115252538911,0.006139482051121126,0.0010565063231461934,0.0,0.0,0.03685450780645655,91
101.44,0.03843458870522471,0.0061381122772351145,0.001056575353163578,0.0,0.0,0.03686837585511202,91
101.46000000000001,0.03844782514765608,0.006136678189836001,0.0010566426754724124,0.0,0.0,0.036882041810072805,92
101.48,0.03846085558577544,0.006135180274529134,0.0010567083130547741,0.0,0.0,0.036895510637082185,92
101.5,0.03847365940162795,0.006133619011792036,0.0010567723903282544,0.0,0.0,0.036908764057907516,92
101.52,0.03848619763503873,0.006131994872867647,0.0010568351156261797,0.0,0.0,0.036921763459951906,92
101.54,0.038498543170575175,0.006130308302212725,0.0010568962827031828,0.0,0.0,0.03693458235789727,92
101.56,0.0385107014303166,0.006128559762696312,0.0010569557502379217,0.0,0.0,0.036947226653936,92
101.58,0.038522677948911885,0.006126749711073934,0.001057013529656244,0.0,0.0,0.0369597023766395,92
101.60000000000001,0.03853447832872401,0.00612487859774584,0.0010570696239269384,0.0,0.0,0.03697201563657908,92
101.62,0.038546108195405666,0.006122946866763387,0.0010571240881827328,0.0,0.0,0.036984172582400464,93
101.64,0.03855752356705373,0.00612095495609382,0.0010571641708282,0.0,0.0,0.03699614263467954,93
101.66,0.03856875871157182,0.006118903272419193,0.0010571974727946627,0.0,0.0,0.03700795314602951,93
101.68,0.03857983990856046,0.006116792277737671,0.0010572291487600024,0.0,0.0,0.03701991833854899,93
101.7,0.0385907724652216,0.006114622354975111,0.0010572592409254344,0.0,0.0,0.037032052281808746,93
101.72,0.03860157345163764,0.0061123941484226355,0.0010572878265720383,0.0,0.0,0.03704408871574837,94
101.74000000000001,0.03861222658213351,0.006110107982830093,0.0010573173308386736,0.0,0.0,0.037056399047923086,94
101.76,0.038622688285302235,0.006107764112997601,0.0010573804749757255,0.0,0.0,0.03706852358809838,94
101.78,0.03863351979789682,0.006105424575538308,0.001057449920218818,0.0,0.0,0.03708053627592709,94
101.8,0.038644392056898375,0.006103341430668646,0.0010575176497348605,0.0,0.0,0.03709244201875389,94
101.82000000000001,0.03865514244539478,0.006101267734927198,0.0010575836733854598,0.0,0.0,0.037104245476277,94
101.84,0.03866578846051422,0.006099136763947254,0.0010576480254353817,0.0,0.0,0.03711595105297774,94
101.86,0.03867632084372617,0.006096948913792812,0.0010577107942002066,0.0,0.0,0.03712756289322895,94
101.88,0.03868674164678556,0.00609470458209764,0.0010577718812719609,0.0,0.0,0.03713944378214317,94
101.9,0.038697053685178104,0.006092404158503392,0.0010578315036444707,0.0,0.0,0.03715132066770106,95
101.92,0.0387072594812736,0.006090048035509074,0.0010578895232792615,0.0,0.0,0.03716311410929434,95
101.94,0.03871736126035245,0.006087636605234475,0.0010579460641036635,0.0,0.0,0.03717482718539692,95
101.96000000000001,0.03872736094498561,0.0060851702597214015,0.0010580012349242305,0.0,0.0,0.037186462699553155,95
101.98,0.038737260147211766,0.006082649391199067,0.0010580548005675457,0.0,0.0,0.037198023173635714,95
102.0,0.038747060158196435,0.006080074392317345,0.0010581067184284544,0.0,0.0,0.03720951083862842,95
102.02,0.03875676193533771,0.006077445656352716,0.0010581570106320698,0.0,0.0,0.03722092762290063,95
102.04,0.03876636608708075,0.006074763577392734,0.001058205803701465,0.0,0.0,0.03723227513823779,95
102.06,0.038775872856002334,0.006072028550505017,0.0010582530237429337,0.0,0.0,0.037243554664192206,95
102.08,0.038785282101002495,0.0060692409718966864,0.0010582985998425093,0.0,0.0,0.03725476713159399,95
102.10000000000001,0.038794589499636045,0.006066401239069397,0.001058342693377025,0.0,0.0,0.03726590917801177,95
102.12,0.0388038838806778,0.006063509750810826,0.0010583913674802265,0.0,0.0,0.03727691614654878,95
102.14,0.038813151344313,0.006060566911735477,0.0010584793117376953,0.0,0.0,0.037287856662787604,95
102.16,0.03882231882612068,0.006057573117670051,0.0010585656369690973,0.0,0.0,0.037298730121939225,95
102.18,0.03883138407708093,0.006054559564708772,0.0010586508913476489,0.0,0.0,0.03730953551770072,95
102.2,0.03884034440740505,0.00605150210908944,0.0010587535906546874,0.0,0.0,0.037320271446762886,95
102.22,0.03884921380881372,0.006048394873883318,0.0010588733453418314,0.0,0.0,0.03733093612090002,95
102.24000000000001,0.0388586216233953,0.006045238270043576,0.0010589916283756775,0.0,0.0,0.03734152738724397,95
102.26,0.03886912319480213,0.006042032711045666,0.0010591490677136764,0.0,0.0,0.037352042756990896,95
102.28,0.03887968520858088,0.006038778612990911,0.0010593057718689502,0.0,0.0,0.03736247944241036,95
102.3,0.03889068967609067,0.006035476394677709,0.001059460773255524,0.0,0.0,0.03737283440164946,96
102.32000000000001,0.038902004881948136,0.006032126477633142,0.0010596140743420442,0.0,0.0,0.037383207538031246,96
102.34,0.03891333670863412,0.0060287292860987905,0.001059765677657277,0.0,0.0,0.0373938331518588,96
102.36,0.03892456853747932,0.006025285246965558,0.0010599156081214376,0.0,0.0,0.037404366380797714,96
102.38,0.03893569657248107,0.006021794789653933,0.0010600638599275872,0.0,0.0,0.03741480373494057,96
102.4,0.038946717061963905,0.006018258345937688,0.001060210421705639,0.0,0.0,0.03742514177212409,96
102.42,0.0389576263641233,0.006014676349710738,0.0010603552962425592,0.0,0.0,0.03743537716352482,96
102.44,0.038968421010674326,0.006011049236698596,0.0010604985023072665,0.0,0.0,0.03744550675737736,96
102.46000000000001,0.038979097767249955,0.006007377444117343,0.0010606400273178408,0.0,0.0,0.03745552763945959,96
102.48,0.0389896536893926,0.006003661410284395,0.001060779882409508,0.0,0.0,0.03746543718918808,96
102.5,0.03900008617320633,0.005999901574186362,0.0010609180818815377,0.0,0.0,0.03747523313039088,96
102.52,0.039010392999974504,0.0059960983750101185,0.0010610546170775283,0.0,0.0,0.03748491357606161,96
102.54,0.039020572374277966,0.005992252251643639,0.0010611894839596308,0.0,0.0,0.03749447706662877,96
102.56,0.039030622955363366,0.005988363642153344,0.001061322685806705,0.0,0.0,0.0375039226014896,96
102.58,0.0390405438817004,0.005984432983244744,0.0010614542259563746,0.0,0.0,0.03751324966374545,96
102.60000000000001,0.03905033478882344,0.005980460709712782,0.0010615841078000867,0.0,0.0,0.037522458238233546,96
102.62,0.03905999582067694,0.0059764472554495966,0.0010617123438330153,0.0,0.0,0.037531548823073434,96
102.64,0.03906952763477425,0.005972393050368305,0.00106183893734328,0.0,0.0,0.037540522435036715,96
102.66,0.03907893140153878,0.005968298518092802,0.0010619639000907302,0.0,0.0,0.0375493806091079,96
102.68,0.03908820879822789,0.0059641640802759735,0.0010620872648648338,0.0,0.0,0.0375581253926364,96
102.7,0.03909736199784892,0.005959990165815844,0.0010622089881808365,0.0,0.0,0.03756675933448788,96
102.72,0.039106381163054274,0.0059557771798844075,0.0010623291005248938,0.0,0.0,0.03757535792178798,96
102.74000000000001,0.039115224143922815,0.005951525521434765,0.0010624477031292892,0.0,0.0,0.03758421196919709,96
102.76,0.0391239523086524,0.0059472355802188655,0.001062564676265448,0.0,0.0,0.03759296508282811,96
102.78,0.03913256961575454,0.005942907758721026,0.001062680023548803,0.0,0.0,0.0376016216228614,96
102.8,0.03914108040205206,0.005938542434412858,0.0010627937485898813,0.0,0.0,0.03761018633482741,96
102.82000000000001,0.03914939778415432,0.005934139986824985,0.0010629059363879076,0.0,0.0,0.037618572869249384,96
102.84,0.03915758349787354,0.005930134315398759,0.0010630165956777647,0.0,0.0,0.03762684331309746,96
102.86,0.039165677737104096,0.005927357150195409,0.0010631256781623718,0.0,0.0,0.037635038246943725,96
102.88,0.03917368598757481,0.005924536143336287,0.0010632332914799765,0.0,0.0,0.0376431635961672,96
102.9,0.0391815906484786,0.005921668754778923,0.001063339459653768,0.0,0.0,0.037651202137611146,96
102.92,0.03918943978906358,0.005918755390078867,0.0010634443091625454,0.0,0.0,0.03765912447642521,96
102.94,0.039197624135466916,0.005915796439522055,0.0010635475758735756,0.0,0.0,0.037666996067169375,96
102.96000000000001,0.03920574523759088,0.0059128016669141095,0.0010636492632683228,0.0,0.0,0.03767482332026845,96
102.98,0.03921380901904342,0.005909787678705986,0.0010637493744911572,0.0,0.0,0.037682612644081855,96
103.0,0.039221821339012294,0.0059067292527318896,0.001063847900514821,0.0,0.0,0.03769037039262365,96
103.02,0.039229787938594315,0.0059036267401415855,0.001063944845110563,0.0,0.0,0.037698102812244186,96
103.04,0.03923771438636903,0.005900480502053566,0.001064040210454284,0.0,0.0,0.03770581598756807,96
103.06,0.039245606023540144,0.005897290889308768,0.0010641340701169368,0.0,0.0,0.03771351578701229,96
103.08,0.039253942672543826,0.005894058244969717,0.0010642263679545726,0.0,0.0,0.03772120780823869,97
103.10000000000001,0.03926226163309861,0.005890782903099691,0.0010643170949768484,0.0,0.0,0.037729093547407166,97
103.12,0.0392705602324111,0.005887465189286914,0.0010644062620270957,0.0,0.0,0.03773723345259703,97
103.14,0.039278727032469,0.00588410542056093,0.0010645122729810272,0.0,0.0,0.03774525464100254,97
103.16,0.03928687793044603,0.005880703876498906,0.0010646456555518356,0.0,0.0,0.037753284223119084,97
103.18,0.03929501786530787,0.005877260856474356,0.0010647773972066695,0.0,0.0,0.03776132773568249,97
103.2,0.03930315439315197,0.005873828307568631,0.0010649407123479223,0.0,0.0,0.037769388054055324,97
103.22,0.03931129464623375,0.005870556015865839,0.0010651035860646425,0.0,0.0,0.03777746743461714,97
103.24000000000001,0.03931942890069901,0.005867242178832237,0.0010652647833014521,0.0,0.0,0.037786128061241146,97
103.26,0.03932755739988568,0.005863887073953341,0.0010654243125563384,0.0,0.0,0.037794875074933315,97
103.28,0.039335688468305686,0.005860490973597757,0.001065582323881059,0.0,0.0,0.03780364270972043,97
103.3,0.039343813692492305,0.0058570541452706935,0.0010657387082523,0.0,0.0,0.037812430404641176,97
103.32000000000001,0.03935192944158434,0.0058535768565484364,0.0010658934257130278,0.0,0.0,0.03782123683216845,96
103.34,0.03936001029964411,0.005850059365866232,0.0010660465139684285,0.0,0.0,0.03783003736971963,96
103.36,0.03936797245787323,0.005846522838934588,0.0010661979736535578,0.0,0.0,0.03783874917136643,95
103.38,0.03937592648885839,0.005843163119440589,0.0010663478168817853,0.0,0.0,0.03784747124090729,95
103.4,0.0393838582390289,0.005839763156518343,0.001066496162051064,0.0,0.0,0.03785619913359046,95
103.42,0.039391758647346176,0.005836323210886123,0.0010666428487293884,0.0,0.0,0.037864927649920194,95
103.44,0.03939962094969451,0.005832843544599384,0.0010667878829715687,0.0,0.0,0.03787365086084427,95
103.46000000000001,0.03940743766258113,0.005829324421954953,0.0010669312919338446,0.0,0.0,0.03788236214045454,95
103.48,0.03941512488174977,0.0058257661103571666,0.0010670730017115456,0.0,0.0,0.037890978748384485,96
103.5,0.039422719861301365,0.005822168833276743,0.0010672130540027556,0.0,0.0,0.03789953867510309,96
103.52,0.03943048589600983,0.005819571893963018,0.001067351580568825,0.0,0.0,0.03790806319368965,96
103.54,0.03943858534248913,0.0058172646792725765,0.0010674884902874887,0.0,0.0,0.03791654335081388,97
103.56,0.039447091693424606,0.005814916339229984,0.0010676238053317704,0.0,0.0,0.037924969753249216,97
103.58,0.03945549359510731,0.005812527147986101,0.001067757546969377,0.0,0.0,0.03793333263224122,97
103.60000000000001,0.03946379283627587,0.005810097410551821,0.0010678897475838232,0.0,0.0,0.0379416219099602,97
103.62,0.039471902740873595,0.0058076273929464775,0.0010680198535024344,0.0,0.0,0.037949762181537644,97
103.64,0.039479868659249545,0.005805117376994824,0.0010681482943609496,0.0,0.0,0.03795780246619956,97
103.66,0.039487684550891675,0.005802567668034291,0.0010682751068183144,0.0,0.0,0.037965737807310676,97
103.68,0.03949533861361277,0.005800847961118652,0.0010684003159687596,0.0,0.0,0.037973557564543896,97
103.7,0.03950281903473046,0.005799592010765526,0.0010685239029373703,0.0,0.0,0.03798125112070234,97
103.72,0.03951011405127546,0.005798294253115942,0.0010686458538034151,0.0,0.0,0.037988807943034004,97
103.74000000000001,0.039517746558870276,0.005796955014450903,0.0010687661325365343,0.0,0.0,0.0379962176415511,97
103.76,0.039525318341672465,0.00579596375325167,0.0010688847397785186,0.0,0.0,0.038003470023961226,97
103.78,0.0395326694507989,0.005795326380899475,0.0010690018477368275,0.0,0.0,0.038010555146879114,97
103.8,0.03953978885851958,0.005794644088335688,0.001069117312373043,0.0,0.0,0.0380174633630408,97
103.82000000000001,0.03954666583526446,0.0057939159309673876,0.001069231106281962,0.0,0.0,0.03802418536429182,97
103.84,0.03955328998679545,0.005793142208556525,0.0010693432128552466,0.0,0.0,0.03803071222016646,97
103.86,0.039559651286771344,0.005792323230549745,0.0010694536341087845,0.0,0.0,0.03803703541192482,97
103.88,0.03956574010461892,0.005791459320877585,0.0010695624059693975,0.0,0.0,0.03804314686196533,97
103.9,0.039572008545777845,0.005790584280095343,0.0010696955925548325,0.0,0.0,0.038049038958585024,97
103.92,0.039578081819057184,0.005789669753532066,0.0010698432988292975,0.0,0.0,0.03805470457611909,97
103.94,0.03958385552275875,0.0057887112931976105,0.0010699893444847215,0.0,0.0,0.038060137090550526,97
103.96000000000001,0.03958932179469794,0.005787709249378816,0.0010701336346873006,0.0,0.0,0.038065330390740046,97
103.98,0.039594473238363605,0.005786663978874936,0.0010702761696008817,0.0,0.0,0.03807027888548281,97
104.0,0.03959930292401449,0.0057855758443928155,0.0010704175388794098,0.0,0.0,0.038075320864426984,97
104.02,0.03960392116550099,0.0057844452139361475,0.0010705571764074813,0.0,0.0,0.038080690739410325,97
104.04,0.039609183785550055,0.005783272460193819,0.0010706950368227289,0.0,0.0,0.03808600474178097,97
104.06,0.039614136537472505,0.0057820580723605365,0.001070831118990769,0.0,0.0,0.03809105513692963,97
104.08,0.039618775198098956,0.005780802409008925,0.0010709654220646117,0.0,0.0,0.03809583891635714,97
104.10000000000001,0.03962296836465562,0.005779505772264651,0.0010710980089226304,0.0,0.0,0.038100226108436115,97
104.12,0.03962683827988825,0.005778492765229846,0.001071228832574215,0.0,0.0,0.03810434006119867,97
104.14,0.039630384331560645,0.005778495785162296,0.0010713578922401177,0.0,0.0,0.03810818147881048,97
104.16,0.03963360403498304,0.0057784556468076995,0.0010714851794865886,0.0,0.0,0.03811174923370343,97
104.18,0.039636495297894515,0.0057783727237272296,0.0010716106897028133,0.0,0.0,0.03811504262955539,97
104.2,0.03963905640196762,0.005778247388944048,0.0010717344206212643,0.0,0.0,0.038118061384196655,97
104.22,0.03964128598399224,0.0057780800157975635,0.0010718563732024322,0.0,0.0,0.03812111806093324,97
104.24000000000001,0.039643183016961445,0.005777870979557637,0.001071976548630861,0.0,0.0,0.03812425986651285,97
104.26,0.039644746791252565,0.005777620649445204,0.0010720949483041405,0.0,0.0,0.0381274620150272,96
104.28,0.03964597689606647,0.00577732939565189,0.0010722115738729986,0.0,0.0,0.03813039100160208,96
104.3,0.039647269832842585,0.005776997586571428,0.0010723264270864603,0.0,0.0,0.03813304835648213,96
104.32000000000001,0.0396483212301792,0.005776626065025974,0.0010724396283047749,0.0,0.0,0.03813543592299158,96
104.34,0.03964903867108037,0.005776214768712951,0.0010725512044288531,0.0,0.0,0.03813755584238745,96
104.36,0.03964942276417318,0.005775764011313009,0.0010726610152513015,0.0,0.0,0.03813941053945642,96
104.38,0.03964947433186253,0.005775274150310654,0.0010727690632083382,0.0,0.0,0.03814100270890605,96
104.4,0.039649194395338594,0.005774745539665493,0.0010728753508791097,0.0,0.0,0.03814233530258323,96
104.42,0.0396485841603278,0.00577417852953032,0.0010729798809775066,0.0,0.0,0.03814341151753988,97
104.44,0.03964764500358913,0.005773573465984429,0.001073082656344469,0.0,0.0,0.03814423478495305,97
104.46000000000001,0.03964637846014756,0.005772930690781099,0.00107318367994072,0.0,0.0,0.03814499831243299,97
104.48,0.03964478621124729,0.005772294077978504,0.0010732829548399266,0.0,0.0,0.0381458105036838,96
104.5,0.03964287007299993,0.005772714540549638,0.0010733805685940701,0.0,0.0,0.038146380730771465,96
104.52,0.0396406319856957,0.005773094877030254,0.0010734767989319044,0.0,0.0,0.038146713267821805,96
104.54,0.039638074003741225,0.005773435365122714,0.0010735712910064038,0.0,0.0,0.03814681258011167,96
104.56,0.039635203515444625,0.005773736276113357,0.001073664048280639,0.0,0.0,0.03814668331778017,96
104.58,0.03963202882681701,0.005773997874631927,0.0010737550743018188,0.0,0.0,0.038146330310226025,96
104.60000000000001,0.03962854117390244,0.005774220418416561,0.0010738443925248657,0.0,0.0,0.03814575856114723,95
104.62,0.039624764188551084,0.005774404158083509,0.001073932000050511,0.0,0.0,0.038144973244174964,96
104.64,0.039621911036964184,0.005774549336900918,0.0010740178876260105,0.0,0.0,0.0381439796990513,96
104.66,0.039618791701026834,0.0057746561905659315,0.0010741020656563438,0.0,0.0,0.0381427834282949,96
104.68,0.03961541016347968,0.0057747445884373085,0.0010741845378643405,0.0,0.0,0.03814139009429677,96
104.7,0.03961177051486778,0.0057748137067513,0.0010742653015325333,0.0,0.0,0.038139805516782435,96
104.72,0.03960787694938143,0.00577484512303533,0.0010743443606419626,0.0,0.0,0.03813803567057334,96
104.74000000000001,0.03960373376083462,0.005774839039738073,0.0010744217192123027,0.0,0.0,0.03813608668357478,97
104.76,0.039599301626381436,0.005774795651537634,0.0010744973786799411,0.0,0.0,0.038133921239403644,97
104.78,0.039594547744900135,0.005774715145667647,0.0010745713507366742,0.0,0.0,0.038131508584955925,97
104.8,0.03958952504345871,0.005774597693944181,0.0010746436562853016,0.0,0.0,0.038128903655859935,97
104.82000000000001,0.0395842365540561,0.005774443429886984,0.0010747141522590917,0.0,0.0,0.03812610549699461,97
104.84,0.039578732491528136,0.005774252498691058,0.0010747829691282451,0.0,0.0,0.038123161344878954,97
104.86,0.03957300688746918,0.005774241082307245,0.0010748501110188938,0.0,0.0,0.03812007820539949,97
104.88,0.03956706461281757,0.005776885093676348,0.0010749155824038425,0.0,0.0,0.03811686322239768,97
104.9,0.03956091059955966,0.0057795991027523785,0.0010750022926373046,0.0,0.0,0.038113523674096095,97
104.92,0.039554549833405415,0.005782268999713517,0.0010751101679340317,0.0,0.0,0.038110066968802855,97
104.94,0.03954798734546312,0.005784894855837835,0.0010752163665219531,0.0,0.0,0.03810674024056814,97
104.96000000000001,0.03954122820276632,0.005787476732172257,0.0010753209525259878,0.0,0.0,0.03810372667789517,98
104.98,0.03953427749750566,0.005790014679348117,0.0010754240572437863,0.0,0.0,0.03810061762171945,98
105.0,0.03952783276670848,0.005792508737408765,0.0010755254930286935,0.0,0.0,0.03809742094474211,97
105.02,0.03952173062897753,0.005794958935651423,0.0010756252647401395,0.0,0.0,0.038094144612503114,97
105.04,0.03951549463687214,0.0057973652924858034,0.0010757233779543414,0.0,0.0,0.03809079667185898,97
105.06,0.03950913518558448,0.005799727815312125,0.001075819827753524,0.0,0.0,0.038087385237829716,97
105.08,0.03950264788642573,0.005802046500421362,0.0010759146156605972,0.0,0.0,0.038083918478740965,97
105.10000000000001,0.039496038907314075,0.005804346807364369,0.001076007779982674,0.0,0.0,0.03808040459962065,97
105.12,0.03948931436931084,0.005806603453793572,0.001076099462277044,0.0,0.0,0.038076851823851274,97
105.14,0.03948248032388832,0.005808816162106986,0.0010761894856516645,0.0,0.0,0.03807326837312983,97
105.16,0.039476344956801385,0.005810984883701263,0.0010762778520189572,0.0,0.0,0.03806966244584493,97
105.18,0.039470527327257754,0.0058131095588023225,0.001076364562369478,0.0,0.0,0.038066042194046246,97
105.2,0.03946465359497854,0.00581519013507801,0.001076449613881972,0.0,0.0,0.03806241569925202,97
105.22,0.03945873042231979,0.005817226516169583,0.0010765330058078448,0.0,0.0,0.038058790947411866,97
105.24000000000001,0.03945284816261979,0.005819218605630642,0.0010766147398461909,0.0,0.0,0.038055175803414165,97
105.26,0.03944730422878447,0.005821166300366447,0.0010766946148434242,0.0,0.0,0.03805144495915242,97
105.28,0.03944172514180612,0.00582306957780214,0.001076772882252509,0.0,0.0,0.03804773513939686,97
105.3,0.039436120816406274,0.005824928319107264,0.001076849542067658,0.0,0.0,0.03804405776339108,97
105.32000000000001,0.0394304968618095,0.0058267423934648885,0.0010769245288787018,0.0,0.0,0.03804041996438556,97
105.34,0.039424858604371595,0.005828511654058478,0.001076997839314337,0.0,0.0,0.03803682863767221,97
105.36,0.039419211068337894,0.00583035079249082,0.001077080568526412,0.0,0.0,0.038033290423101114,97
105.38,0.039413558959635914,0.005832335363181613,0.0010771659242526863,0.0,0.0,0.0380298116907108,97
105.4,0.039408418342347665,0.005834284287982364,0.001077249784303799,0.0,0.0,0.038026398529810046,97
105.42,0.03940349592497666,0.0058361862937160594,0.0010773319292441406,0.0,0.0,0.03802305674172253,97
105.44,0.03939903356969446,0.0058380412113771315,0.0010774123701999567,0.0,0.0,0.03801979183626177,97
105.46000000000001,0.03939458042615919,0.005839848866047511,0.001077491104189801,0.0,0.0,0.0380166090318494,97
105.48,0.0393901394883646,0.00584160907675666,0.001077568107703416,0.0,0.0,0.038013513259040774,97
105.5,0.03938571340752756,0.005843339406042475,0.0010776550734144608,0.0,0.0,0.0380105091670868,97
105.52,0.039381304498668744,0.005845028205085568,0.0010777656493901877,0.0,0.0,0.038007601133054535,97
105.54,0.03937691474907898,0.005846668957528781,0.0010778745630161566,0.0,0.0,0.03800479327295942,97
105.56,0.03937254582809268,0.005848261463215043,0.00107798167496351,0.0,0.0,0.038002089454338556,96
105.58,0.03936823961333463,0.0058498055183600125,0.001078086980628948,0.0,0.0,0.03799949330971688,96
105.60000000000001,0.03936445066762592,0.005851330093390475,0.0010781904756613635,0.0,0.0,0.03799700825048607,96
105.62,0.039361600891755895,0.0058528120509329425,0.0010782922122841323,0.0,0.0,0.03799463748082196,96
105.64,0.03935913840512494,0.005854244764070272,0.0010783921747031001,0.0,0.0,0.03799238401139745,96
105.66,0.03935729902657103,0.00585562801906256,0.0010784903205473316,0.0,0.0,0.037990250672790105,96
105.68,0.03935551962563845,0.005856961600540852,0.001078586644772537,0.0,0.0,0.03798824012861974,95
105.7,0.039353801123553724,0.005858245291858351,0.0010786811688761788,0.0,0.0,0.0379863548885636,95
105.72,0.03935214425110517,0.00585947887542788,0.0010787738745236817,0.0,0.0,0.03798463504958616,95
105.74000000000001,0.03935054955991163,0.005860662133046134,0.001078864750796508,0.0,0.0,0.0379836855890273,95
105.76,0.03934901743413048,0.005861794846204931,0.00107895379531144,0.0,0.0,0.03798286671950914,95
105.78,0.03934770442224763,0.005862876796389331,0.001079041007802595,0.0,0.0,0.037982180478596465,95
105.8,0.03934651731464073,0.005863907765362319,0.0010791264436459283,0.0,0.0,0.03798162882054001,95
105.82000000000001,0.039345395205867544,0.0058648875364467985,0.001079210051722189,0.0,0.0,0.03798121363218382,95
105.84,0.03934433796274918,0.005865815891932659,0.0010792918292151863,0.0,0.0,0.0379810082780025,95
105.86,0.03934334534912166,0.005866692620974059,0.0010793718072565001,0.0,0.0,0.03798133245329803,95
105.88,0.03934241703713473,0.005868319466096191,0.0010794499765988698,0.0,0.0,0.03798179794136708,95
105.9,0.039341552616372545,0.005870503764507802,0.0010795263187682,0.0,0.0,0.03798240651187871,95
105.92,0.03934075159985619,0.005872642793637016,0.0010796008355577074,0.0,0.0,0.0379831599351913,95
105.94,0.03934001342598073,0.005874725764313937,0.001079673529108526,0.0,0.0,0.03798405998799156,95
105.96000000000001,0.039339337455501944,0.005876752442758711,0.0010797444131824489,0.0,0.0,0.03798510845416957,95
105.98,0.039338722962820614,0.005879921894614285,0.0010798135131410774,0.0,0.0,0.037986307120182625,95
106.0,0.03933815990451575,0.005883251481434964,0.0010798807910961405,0.0,0.0,0.037987647645598525,95
106.02,0.039338173377710964,0.005886520174311803,0.0010799461604243444,0.0,0.0,0.03798899142955029,95
106.04,0.03933826289458828,0.00588972781492702,0.0010800097316539259,0.0,0.0,0.03799049087649508,95
106.06,0.03933840901708343,0.005892874172518651,0.0010800715418336911,0.0,0.0,0.03799214761245704,95
106.08,0.03933849751695933,0.005895959047355484,0.0010801032318606347,0.0,0.0,0.037993862660192244,95
106.10000000000001,0.0393399234284318,0.005898982262506544,0.0010801227350990222,0.0,0.0,0.03799570108553974,94
106.12,0.0393416274791618,0.005902063577411157,0.0010801405033952622,0.0,0.0,0.03799770120735434,94
106.14,0.03934343158555837,0.005905189299418004,0.0010801565430707872,0.0,0.0,0.03799986394466976,94
106.16,0.039345334645585,0.005908252058234568,0.0010801708549516948,0.0,0.0,0.038002189927600384,94
106.18,0.03934733515833185,0.005911251658001756,0.0010801834378107627,0.0,0.0,0.038004679451786726,94
106.2,0.039349431178088916,0.005914187910399583,0.0010801943418081862,0.0,0.0,0.038007332435368565,94
106.22,0.039351620272508235,0.0059170606353435955,0.0010802035395332285,0.0,0.0,0.03801014838011232,94
106.24000000000001,0.03935389948639371,0.0059198696616673905,0.0010802110145148164,0.0,0.0,0.03801312633822623,94
106.26,0.039356265312499895,0.00592261482777258,0.0010802167804298156,0.0,0.0,0.03801626488624128,94
106.28,0.039358713670505564,0.005925295982227114,0.0010802208430779063,0.0,0.0,0.03801956210712141,94
106.3,0.039361239895063016,0.005927912985317824,0.0010802231901286673,0.0,0.0,0.03802301558150433,94
106.32000000000001,0.03936383873351929,0.005930465710985381,0.0010802238229965112,0.0,0.0,0.03802662238867215,94
106.34,0.03936650435357391,0.005932954036541219,0.001080222758758517,0.0,0.0,0.03803037911752189,94
106.36,0.03936923036079117,0.005935377855554242,0.0010802201694206774,0.0,0.0,0.03803428188746289,94
106.38,0.03937214693802079,0.005937737073393038,0.001080215870917937,0.0,0.0,0.03803832637882411,94
106.4,0.039376145186095585,0.005940031607200834,0.0010802098710900009,0.0,0.0,0.03804250787202326,94
106.42,0.03938020622398973,0.00594226138574331,0.0010802021779429103,0.0,0.0,0.038046811537808735,94
106.44,0.03938426522797795,0.005944426346204502,0.0010801928432476406,0.0,0.0,0.03805117442466698,94
106.46000000000001,0.03938838216618492,0.005947251260672654,0.0010801818679253806,0.0,0.0,0.03805565834008664,94
106.48,0.039393663643583696,0.005951112344835281,0.001080169203352689,0.0,0.0,0.038060257489702674,94
106.5,0.039399357366672466,0.005954902009436071,0.0010801548331980518,0.0,0.0,0.038064965961558686,94
106.52,0.03940513129367653,0.005958620141304064,0.0010801387579756415,0.0,0.0,0.03806977778845215,94
106.54,0.039410978837830325,0.005962283742649325,0.001080120978224146,0.0,0.0,0.03807468700817586,94
106.56,0.03941689345997012,0.005965890908498097,0.0010801014945264471,0.0,0.0,0.038079687720055495,94
106.58,0.039422868720006235,0.0059694440631160636,0.0010800803075285046,0.0,0.0,0.03808477413637044,94
106.60000000000001,0.03942889832203212,0.005972932301863943,0.0010800574179571506,0.0,0.0,0.038089940627484796,94
106.62,0.03943497615217141,0.005976348465709956,0.0010800328266364703,0.0,0.0,0.03809518175979613,94
106.64,0.0394410963085686,0.005979692471271664,0.0010800065345025437,0.0,0.0,0.0381004923259117,94
106.66,0.039447253123246165,0.005982964237294632,0.0010799785426162925,0.0,0.0,0.03810586736677722,94
106.68,0.03945389324519469,0.005986163687017681,0.0010799488808119022,0.0,0.0,0.03811130218578845,93
106.7,0.03946061702173679,0.00598929073892247,0.0010799175522475286,0.0,0.0,0.03811679235520423,93
106.72,0.03946737276099504,0.00599234531386582,0.001079941118939748,0.0,0.0,0.03812233371543148,94
106.74000000000001,0.039474156046167226,0.005995327342943147,0.001079992520396055,0.0,0.0,0.038127922367961996,94
106.76,0.03948096269908659,0.005998236754769629,0.0010800420812230513,0.0,0.0,0.0381335546628981,94
106.78,0.039487788762878714,0.006001073451735102,0.0010800898035272007,0.0,0.0,0.0381392271821047,94
106.8,0.03949463048127082,0.006003837353109018,0.0010801359786445713,0.0,0.0,0.03814493671906817,94
106.82000000000001,0.03950148427562721,0.006006528377312935,0.0010802111589669316,0.0,0.0,0.03815068025653077,94
106.84,0.03950834672072267,0.0060091464419830725,0.0010802844856655077,0.0,0.0,0.03815645494290767,94
106.86,0.03951520432317134,0.006011691464123887,0.0010803560436103983,0.0,0.0,0.038162247848625715,94
106.88,0.03952198229568046,0.006014163356984748,0.0010804261693651911,0.0,0.0,0.03816798462688082,94
106.9,0.0395287594353628,0.006016562010133278,0.001080494452151415,0.0,0.0,0.0381737448723206,94
106.92,0.039535532692057486,0.006018887340485211,0.0010805608878631649,0.0,0.0,0.038179526164679775,94
106.94,0.03954229905603209,0.006021139265996635,0.0010806254771489516,0.0,0.0,0.03818532614013961,94
106.96000000000001,0.03954905554047914,0.006023317709662825,0.0010806882372274686,0.0,0.0,0.03819114247466412,94
106.98,0.03955579916628337,0.0060254226008299005,0.0010807491906134408,0.0,0.0,0.038196972869633326,94
107.0,0.039562572523466115,0.0060274538508160195,0.0010808083125692027,0.0,0.0,0.038202815039847536,94
107.02,0.03956976498450232,0.006029411393464325,0.0010808656019360696,0.0,0.0,0.03820891385454502,94
107.04,0.03957683117238902,0.006031295137955825,0.0010809209394693617,0.0,0.0,0.038215243387703296,93
107.06,0.03958387194349661,0.0060331049585163055,0.0010809744512970147,0.0,0.0,0.03822157713524305,93
107.08,0.03959088421158611,0.006034840794625403,0.0010810261546237612,0.0,0.0,0.038227912796126196,94
107.10000000000001,0.039597864856359,0.0060365025930636885,0.0010810760404172614,0.0,0.0,0.03823424805871399,94
107.12,0.039604810724493136,0.006038090303422276,0.0010811241107415025,0.0,0.0,0.03824058060286947,94
107.14,0.039612131503871724,0.006039603883923215,0.0010811703677888122,0.0,0.0,0.038246908104016424,94
107.16,0.039619699257020455,0.006041043300234882,0.0010812148313191217,0.0,0.0,0.038253228238813684,94
107.18,0.03962722160077039,0.0060424085260026026,0.0010812574851430641,0.0,0.0,0.038259538691966355,94
107.2,0.039634695292886664,0.006043699545186234,0.001081298331651837,0.0,0.0,0.038265837163549817,94
107.22,0.03964211708311157,0.006044916353182145,0.0010813373731438035,0.0,0.0,0.03827212137608685,94
107.24000000000001,0.0396494837177898,0.006046058943989987,0.0010813746160773375,0.0,0.0,0.03827838908050759,94
107.26,0.03965679194238308,0.006047127327419449,0.001081410070765357,0.0,0.0,0.03828463806005645,94
107.28,0.03966403850092575,0.006048121523105303,0.001081443726803703,0.0,0.0,0.03829086613120121,94
107.3,0.039671220131530564,0.006049041560716065,0.001081491205919099,0.0,0.0,0.03829707114065772,94
107.32000000000001,0.03967833355718612,0.006049887480121987,0.0010815518975984485,0.0,0.0,0.0383032509577754,94
107.34,0.039685375471286,0.006050659331533257,0.0010816107851754325,0.0,0.0,0.03830940346172811,94
107.36,0.03969234251759238,0.006051357175621388,0.0010816678646685055,0.0,0.0,0.03831552652321668,94
107.38,0.03969923126464591,0.006051981083637968,0.001081723134978695,0.0,0.0,0.03832161798069921,94
107.4,0.03970603817497448,0.006052531137545557,0.0010817765887550527,0.0,0.0,0.03832767561150616,94
107.42,0.039712759569805314,0.006053008609089291,0.0010818282387157908,0.0,0.0,0.03833369709854852,94
107.44,0.03971939159032423,0.006053412556272166,0.0010818780732344906,0.0,0.0,0.0383396799936675,94
107.46000000000001,0.03972593015683377,0.006053742959766304,0.0010819419906210037,0.0,0.0,0.0383456216789817,94
107.48,0.039732370927416556,0.006054000773558719,0.0010820281930185864,0.0,0.0,0.038351519327842684,94
107.5,0.039738716219272295,0.006054185552181572,0.0010821125315128588,0.0,0.0,0.038357369867189586,94
107.52,0.03974516594347515,0.006054297519154467,0.0010821950172636456,0.0,0.0,0.03836316994318965,94
107.54,0.03975245492064061,0.0060551826667542994,0.0010822757016555836,0.0,0.0,0.03836891589204539,95
107.56,0.039759659319350014,0.0060565946355548555,0.0010823545277537563,0.0,0.0,0.03837460371774168,95
107.58,0.03976677406034306,0.006057928469156978,0.001082431491577228,0.0,0.0,0.03838022907829457,95
107.60000000000001,0.03977379368914046,0.0060591844102593625,0.0010825065935347836,0.0,0.0,0.03838578728175772,95
107.62,0.0397807123816045,0.006060362716695928,0.0010825798340141713,0.0,0.0,0.03839127329285675,96
107.64,0.039787523960504584,0.0060614636605032515,0.0010826512226181256,0.0,0.0,0.03839668175067866,96
107.66,0.03979422192303748,0.006062487528276262,0.0010827214641213386,0.0,0.0,0.03840200699736846,96
107.68,0.03980079947877608,0.006063434623486442,0.0010827898941761155,0.0,0.0,0.03840724311730958,96
107.7,0.03980724959707398,0.0060643052660238,0.001082859701514508,0.0,0.0,0.03841238398581847,97
107.72,0.03981356506256446,0.00606509979251441,0.0010829831044446405,0.0,0.0,0.038417423325994585,97
107.74000000000001,0.03981973853708485,0.006065818556520484,0.0010831045482361037,0.0,0.0,0.038422354772059644,97
107.76,0.03982576262614828,0.006066461928610137,0.001083224030482434,0.0,0.0,0.03842717193731132,97
107.78,0.03983162994798046,0.006067030296288083,0.001083341521343837,0.0,0.0,0.038431868484711494,97
107.8,0.03983733320314267,0.0060675240637825525,0.001083457028238114,0.0,0.0,0.038436438198133624,97
107.82000000000001,0.03984286524286146,0.006067943651688013,0.0010835705600090505,0.0,0.0,0.03844087505239244,97
107.84,0.039848219134368645,0.006068289496467135,0.0010836821045976904,0.0,0.0,0.03844517328036244,97
107.86,0.0398533882217999,0.006068562049819028,0.001083791663800208,0.0,0.0,0.03844932743573673,97
107.88,0.03985836618148748,0.006068761779973484,0.001083899239619959,0.0,0.0,0.038453332450264256,97
107.9,0.039863456042874966,0.0060689067660077535,0.0010840048434133823,0.0,0.0,0.03845718368460876,97
107.92,0.039868764884076494,0.0060690327576282555,0.0010841084708476997,0.0,0.0,0.03846087697227624,97
107.94,0.03987386516445745,0.006069087372064854,0.0010842101218368726,0.0,0.0,0.03846440865634438,97
107.96000000000001,0.03987875391968399,0.006069071123308449,0.001084309799201967,0.0,0.0,0.03846777561898004,97
107.98,0.03988344207932932,0.00606898453107342,0.0010844075059545462,0.0,0.0,0.03847097530394666,97
108.0,0.03988790964753902,0.006068831021390451,0.0010845032464520826,0.0,0.0,0.03847400573247277,97
108.02,0.0398926281645652,0.0060686303622236384,0.0010845970386186576,0.0,0.0,0.038476865512976736,97
108.04,0.03989800727931447,0.006068382515068197,0.0010846888705816236,0.0,0.0,0.03847955384522566,96
108.06,0.03990320270560592,0.006068075403969573,0.0010847787473883255,0.0,0.0,0.03848207051954668,96
108.08,0.03990812217979912,0.006067700540700397,0.001084866620098415,0.0,0.0,0.03848454077173236,96
108.10000000000001,0.0399128617199443,0.0060675135698908065,0.001084952537874945,0.0,0.0,0.038487081922271654,96
108.12,0.039917419822331955,0.006067343890046665,0.0010850365749678292,0.0,0.0,0.038489453816087364,96
108.14,0.039921798246008326,0.006067105980055588,0.0010851187159818011,0.0,0.0,0.03849165852056897,96
108.16,0.03992599927469346,0.006066800415268593,0.0010852140711163603,0.0,0.0,0.03849369863640915,97
108.18,0.039930025697963084,0.006066427769163389,0.001085322671846591,0.0,0.0,0.03849557727899652,97
108.2,0.039933880790897124,0.006065988610506199,0.0010854293407911377,0.0,0.0,0.038497298058281,97
108.22,0.03993756829241089,0.006065483503546645,0.001085542202313436,0.0,0.0,0.03849886505732873,97
108.24000000000001,0.039941092382411406,0.006064913007450408,0.0010856918077651336,0.0,0.0,0.03850028280970971,97
108.26,0.03994441664058777,0.0060642776779245506,0.0010858288464554874,0.0,0.0,0.038501525932594996,97
108.28,0.0399475565173847,0.006063578039753171,0.001085956008685127,0.0,0.0,0.03850260751064705,97
108.3,0.039950547896782554,0.0060628146125596225,0.0010860812320736084,0.0,0.0,0.03850355586124479,97
108.32000000000001,0.03995339647248777,0.006061987926004742,0.0010862045204497602,0.0,0.0,0.038504377072488404,97
108.34,0.03995610824784603,0.0060610985006857845,0.0010863258776994673,0.0,0.0,0.03850507755292535,97
108.36,0.03995863656084104,0.006060146865024392,0.0010864554418558749,0.0,0.0,0.03850560101767989,97
108.38,0.03996102243933723,0.006059133557085458,0.0010865865886238303,0.0,0.0,0.03850599548011873,97
108.4,0.03996329114878419,0.006058059012457153,0.0010867157823238516,0.0,0.0,0.038506290160470004,97
108.42,0.039965449609587325,0.006056923750494619,0.0010868430226876281,0.0,0.0,0.038506492430399296,97
108.44,0.039967517471838306,0.006055728233483352,0.0010869683121281864,0.0,0.0,0.038506609812846204,98
108.46000000000001,0.03996949256985573,0.006054472884757996,0.0010870916516009046,0.0,0.0,0.03850664994158629,98
108.48,0.03997137897269388,0.006053158149418132,0.0010872130434684542,0.0,0.0,0.038506620518281076,98
108.5,0.039973183902294554,0.006051784491417321,0.0010873324929621623,0.0,0.0,0.03850652926698513,98
108.52,0.03997491454095148,0.006050353430031476,0.0010874500916810753,0.0,0.0,0.03850638388615816,98
108.54,0.03997658934356452,0.006048864245001341,0.001087565755572488,0.0,0.0,0.03850619199832561,98
108.56,0.03997820870908097,0.006047317334687933,0.001087679506120576,0.0,0.0,0.03850596109763785,98
108.58,0.039979774694152335,0.00604571309738711,0.0010878330278693811,0.0,0.0,0.03850569849569575,98
108.60000000000001,0.03998129379607314,0.006044051903879616,0.001087989556867964,0.0,0.0,0.038505411266132945,98
108.62,0.03998278122708556,0.006042334113264929,0.0010881440886649884,0.0,0.0,0.03850510618856718,98
108.64,0.03998424191967876,0.0060405600805464605,0.0010883021421210957,0.0,0.0,0.038504789692648415,98
108.66,0.03998567326955365,0.0060387301510051415,0.0010884944724011921,0.0,0.0,0.03850446780303144,98
108.68,0.03998704438835523,0.006036844660794194,0.0010886862156455738,0.0,0.0,0.038504108883057664,98
108.7,0.03998836006213563,0.006034903936040649,0.0010888773512939861,0.0,0.0,0.03850371839550254,98
108.72,0.03998965959384909,0.006032908295105445,0.0010890664453325567,0.0,0.0,0.038503337704768055,98
108.74000000000001,0.03999094618329199,0.006030858050884543,0.0010892535054487405,0.0,0.0,0.03850297071621716,98
108.76,0.039992222375018864,0.006028753510119651,0.001089438537806134,0.0,0.0,0.0385026207014471,98
108.78,0.039993490027304186,0.006026594974249398,0.0010896215435700965,0.0,0.0,0.03850229026808308,98
108.8,0.03999474827400962,0.0060246797450782315,0.0010898026263357634,0.0,0.0,0.038501979317214226,98
108.82000000000001,0.039995918198640325,0.006023241677043433,0.0010899821776590313,0.0,0.0,0.038501643034840806,98
108.84,0.03999708093345299,0.006021745409845936,0.0010901596984687239,0.0,0.0,0.03850174083194063,98
108.86,0.039998235422577376,0.006020191149597605,0.0010903352084944765,0.0,0.0,0.03850186118661695,98
108.88,0.03999937987631908,0.00601857910369037,0.0010905087188773004,0.0,0.0,0.03850200318416045,98
108.9,0.04000051178340263,0.0060169094819739885,0.0010906801997879695,0.0,0.0,0.03850216521641552,99
108.92,0.040001627929760836,0.006015182497898429,0.0010908496696438817,0.0,0.0,0.038502345001694076,100
108.94,0.04000272442334035,0.006013398369610883,0.0010910171177060022,0.0,0.0,0.038502539610755705,100
108.96000000000001,0.04000379672435195,0.0060115573217047105,0.0010911825573311688,0.0,0.0,0.03850278167209892,100
108.98,0.040005276439969935,0.0060096595848421,0.0010913460861980378,0.0,0.0,0.03850343994590492,100
109.0,0.04000696015052084,0.006007705396526363,0.0010915075797634378,0.0,0.0,0.03850410015054369,100
109.02,0.04000860159112566,0.006005710482371686,0.0010916670367608816,0.0,0.0,0.03850475712826925,100
109.04,0.04001019402349239,0.006003671558112986,0.0010918245638837437,0.0,0.0,0.03850540527536573,100
109.06,0.040011730275950376,0.00600158491670587,0.00109198005292079,0.0,0.0,0.038506038593460024,100
109.08,0.04001320279594801,0.0059994742638531055,0.00109213350245844,0.0,0.0,0.03850665074363779,100
109.10000000000001,0.04001460615373207,0.005997308396640914,0.001092284914713602,0.0,0.0,0.038507235103056724,100
109.12,0.040015940532013246,0.005995087614641288,0.0010924630036333277,0.0,0.0,0.03850778482373457,100
109.14,0.04001718693162046,0.005992812227511345,0.0010926678607394967,0.0,0.0,0.03850829289313773,100
109.16,0.040019400544033815,0.005990482557886239,0.001092882306454266,0.0,0.0,0.0385087521961177,100
109.18,0.04002160821757921,0.005988098940551171,0.001093094693600645,0.0,0.0,0.03850915557764373,100
109.2,0.04002373677346258,0.005985661728155097,0.0010933050258980313,0.0,0.0,0.03850949590567388,100
109.22,0.040026253837061876,0.0059831712742287445,0.0010935132337002548,0.0,0.0,0.03850976613340632,100
109.24000000000001,0.0400286962844307,0.005980627954890067,0.00109371936721662,0.0,0.0,0.03850998499860382,100
109.26,0.04003098893600664,0.0059780321454721164,0.0010939234871050003,0.0,0.0,0.038510529843198194,100
109.28,0.04003317309514424,0.005975384229042836,0.001094125482892207,0.0,0.0,0.03851098397307214,100
109.3,0.04003524220282532,0.005972684610860526,0.001094325821182557,0.0,0.0,0.03851134126258307,100
109.32000000000001,0.04003719004777055,0.005969933706685547,0.0010945247927089253,0.0,0.0,0.03851159594321611,100
109.34,0.04003901080687773,0.005967131942211382,0.0010947216375788305,0.0,0.0,0.03851174264432542,100
109.36,0.04004069907960032,0.0059642797524315635,0.0010949163563042778,0.0,0.0,0.03851177642782783,100
109.38,0.040042249915907706,0.005961377580951299,0.0010951089501714693,0.0,0.0,0.03851198236642878,100
109.4,0.040043658837633875,0.005958425891902089,0.001095299420682011,0.0,0.0,0.038512530163139665,100
109.42,0.04004492185318344,0.005955425132057452,0.0010954877695415145,0.0,0.0,0.03851320658941542,100
109.44,0.040046035465710846,0.005952375765541015,0.0010956739986462834,0.0,0.0,0.038513753931190296,100
109.46000000000001,0.04004699667501646,0.005949278262743597,0.0010958581100683343,0.0,0.0,0.038514169705986076,100
109.48,0.040047802973506914,0.005946133381672422,0.0010960401060390766,0.0,0.0,0.03851445193604564,100
109.5,0.040048452336644176,0.005942941514397892,0.0010962199889318586,0.0,0.0,0.03851459913917549,100
109.52,0.04004894320836157,0.00593970295004255,0.0010963977612436359,0.0,0.0,0.038514610314566385,100
109.54,0.04004928696050094,0.005936418172780536,0.0010965734256206407,0.0,0.0,0.038514484924100714,100
109.56,0.04004947606476173,0.005933087669261226,0.001096746988642385,0.0,0.0,0.03851422286966746,100
109.58,0.04004950475228639,0.00592971195222966,0.0010969184560160488,0.0,0.0,0.03851382446700234,100
109.60000000000001,0.040049373113029106,0.005926291489460922,0.0010970878246697366,0.0,0.0,0.038513290416558904,100
109.62,0.04004908157492199,0.00592282675853862,0.0010972550981502571,0.0,0.0,0.0385126217718966,100
109.64,0.04004863086976452,0.005919318242590217,0.001097420278493283,0.0,0.0,0.038511819906051854,100
109.66,0.040048021997526106,0.005915766423502466,0.0010975833677183498,0.0,0.0,0.038510886476336915,100
109.68,0.040047256189488,0.005912171780465817,0.001097744368791933,0.0,0.0,0.03850982338799409,100
109.7,0.04004633487063723,0.005908534789405987,0.0010979033270439658,0.0,0.0,0.03850863275711838,100
109.72,0.040045259621715366,0.005904855922451957,0.0010980602747297265,0.0,0.0,0.03850731687325262,100
109.74000000000001,0.040044032141317715,0.005901135647440437,0.0010982151415466252,0.0,0.0,0.038505878162051366,100
109.76,0.040042805321836294,0.005897374432069357,0.001098367930002579,0.0,0.0,0.03850431914840696,100
109.78,0.04004149056516853,0.00589357273175548,0.0010985186425029802,0.0,0.0,0.0385026424204261,100
109.8,0.04004003111060141,0.005889730996781434,0.0010986672813413773,0.0,0.0,0.038500850594639015,100
109.82000000000001,0.040038428788146174,0.00588584967357773,0.0010988138487201746,0.0,0.0,0.038498946282812196,100
109.84,0.04003668537086015,0.005882938246256675,0.0010989583467591383,0.0,0.0,0.0384969320607163,100
109.86,0.040034802545209844,0.005880604816835983,0.0010991007964989343,0.0,0.0,0.038494810439171204,100
109.88,0.04003278188396691,0.005878223043651826,0.0010992411846463945,0.0,0.0,0.038492583837650085,100
109.9,0.04003062482186148,0.005875793419297334,0.0010993795089681959,0.0,0.0,0.03849025456066811,99
109.92,0.04002833263415045,0.005873316429831468,0.0010995157710261213,0.0,0.0,0.03848782477711541,99
109.94,0.04002590641817775,0.005870807065595892,0.0010996499722764031,0.0,0.0,0.03848529650261337,99
109.96000000000001,0.04002334707791524,0.005868261807562105,0.0010997821140816706,0.0,0.0,0.03848267158488475,99
109.98,0.04002065937290712,0.005865670574127282,0.0010999121977254243,0.0,0.0,0.038479951692033366,99
110.0,0.040017849049240876,0.005863033822388326,0.0011000402244287783,0.0,0.0,0.038477138303534456,99
110.02,0.040014950679430866,0.005860352001715361,0.001100166195369191,0.0,0.0,0.03847423270364706,99
110.04,0.04001236172241882,0.005857625553660458,0.001100290111992435,0.0,0.0,0.03847123597688231,99
110.06,0.04000951694567235,0.00585485491191693,0.0011004117077470634,0.0,0.0,0.038468027096634334,99
110.08,0.04000646466189245,0.005852040436750998,0.00110053082078578,0.0,0.0,0.03846513326063817,100
110.10000000000001,0.040003279075287265,0.005849182524866068,0.0011006483208608365,0.0,0.0,0.03846221067119998,100
110.12,0.03999995926987412,0.005846281586903894,0.0011007639770146806,0.0,0.0,0.038459198829342116,100
110.14,0.03999650408772205,0.005843338026015148,0.0011008775920721833,0.0,0.0,0.03845609779351846,100
110.16,0.03999298355245323,0.005840352238090641,0.0011009891607658665,0.0,0.0,0.038453332242336505,100
110.18,0.03999030013800068,0.005837324612050078,0.0011010986840847509,0.0,0.0,0.038450503657308205,101
110.2,0.039987991560183574,0.0058342555301884825,0.0011012061636146092,0.0,0.0,0.03844758422937954,101
110.22,0.03998556929790079,0.005831145368579592,0.0011013116173269359,0.0,0.0,0.03844457316950944,101
110.24000000000001,0.03998303180957541,0.005827994497534587,0.0011014150503329797,0.0,0.0,0.038441469469289294,101
110.26,0.03998037732061689,0.005824850641290116,0.0011015164474996774,0.0,0.0,0.038438271897718534,101
110.28,0.03997760382060437,0.0058218284904461345,0.0011016158087984276,0.0,0.0,0.03843497899865877,101
110.3,0.03997470906176169,0.005818766311573256,0.0011017131372538871,0.0,0.0,0.03843158908959676,100
110.32000000000001,0.03997169055940662,0.005815664457625252,0.0011018084352570512,0.0,0.0,0.038428100262398755,100
110.34,0.03996854559506079,0.005812523278775034,0.0011019017055824735,0.0,0.0,0.03842451038674299,100
110.36,0.03996527122285879,0.005809343123098244,0.0011019929513774215,0.0,0.0,0.038420817116869115,100
110.38,0.03996186427979503,0.005806124337263753,0.0011020821759918714,0.0,0.0,0.038417017902183395,100
110.4,0.039958426518152394,0.0058028672672195015,0.0011021693829720792,0.0,0.0,0.03841311000211039,100
110.42,0.039955304988391116,0.005799572262168991,0.001102266092819533,0.0,0.0,0.03840909050539699,101
110.44,0.03995203947609673,0.005796239665960726,0.001102382965736278,0.0,0.0,0.03840495635386265,101
110.46000000000001,0.03994862613890664,0.005792869825623512,0.001102497792132317,0.0,0.0,0.03840070437036879,101
110.48,0.03994506103287973,0.005789463090564275,0.0011026105765978517,0.0,0.0,0.03839633129056546,101
110.5,0.03994134014692037,0.005786019812411399,0.0011027213238729721,0.0,0.0,0.038391833797781265,101
110.52,0.039937459439538914,0.005782540345431618,0.001102830038831262,0.0,0.0,0.038387208560267824,101
110.54,0.03993341487705133,0.005779025046871287,0.001102936726463612,0.0,0.0,0.038382452269900925,101
110.56,0.039929202472265495,0.0057754744677952765,0.001103041400601692,0.0,0.0,0.0383775616813866,101
110.58,0.039924818322701935,0.005773028302626167,0.0011031441046138128,0.0,0.0,0.038372533651019426,101
110.60000000000001,0.039920440916796744,0.005771791681367412,0.0011032448045859389,0.0,0.0,0.0383673651740897,101
110.62,0.03991619010570642,0.005770622933643209,0.0011033435086019892,0.0,0.0,0.03836228403534754,101
110.64,0.039911756039462516,0.005769413902403584,0.0011034402165064597,0.0,0.0,0.038357422914071744,101
110.66,0.03990713549826192,0.005768164904296724,0.0011035349357362155,0.0,0.0,0.03835241264489818,101
110.68,0.039902325503407915,0.005766876258446219,0.0011036276653217717,0.0,0.0,0.03834725110246903,101
110.7,0.03989732333795762,0.005765548286152899,0.0011037184223508195,0.0,0.0,0.03834193644366294,101
110.72,0.03989212656330094,0.005764181310546995,0.0011038072239111746,0.0,0.0,0.03833646712484926,101
110.74000000000001,0.03988673303172496,0.005762775656198694,0.0011038940522072834,0.0,0.0,0.03833084191515019,101
110.76,0.03988114089512509,0.005762561406498722,0.0011039789153407889,0.0,0.0,0.038325059905873336,101
110.78,0.039875912378404134,0.005762436683394421,0.0011040618238303402,0.0,0.0,0.03831912051636036,101
110.8,0.039870552989542514,0.005762271220370294,0.0011041427785420056,0.0,0.0,0.03831302349655611,101
110.82000000000001,0.039864990395866315,0.005762065323795373,0.0011042217826230704,0.0,0.0,0.038306768926638556,101
110.84,0.03985922396756082,0.005761819299352978,0.0011042988411500195,0.0,0.0,0.03830035721406557,101
110.86,0.039853253370326386,0.005761533451549045,0.0011043739675151614,0.0,0.0,0.03829378908839264,101
110.88,0.039847081511237926,0.00576120808322462,0.001104447161431686,0.0,0.0,0.038287065594199025,101
110.9,0.03984072208739769,0.005760843495076491,0.0011045184327673281,0.0,0.0,0.038280188082434205,101
110.92,0.03983415932409429,0.005760439985189305,0.001104587790902754,0.0,0.0,0.03827315820046064,101
110.94,0.03982740499427866,0.005759997848581951,0.0011046552316974563,0.0,0.0,0.038265977881031164,101
110.96000000000001,0.03982045482804965,0.00575951737677051,0.0011047207647721948,0.0,0.0,0.03825864933039625,101
110.98,0.0398133206713785,0.00575899885734967,0.001104784391985488,0.0,0.0,0.03825117501569471,101
111.0,0.039805989495701494,0.0057584425735941365,0.0011048461281911238,0.0,0.0,0.03824355765173922,100
111.02,0.0397984612636716,0.005757848804081397,0.0011049059681464534,0.0,0.0,0.038235800187268625,100
111.04,0.03979073779720361,0.005757217822336938,0.0011049639280285356,0.0,0.0,0.0382279057907019,100
111.06,0.03978282108582566,0.005756549896502955,0.0011050200125450476,0.0,0.0,0.038219877835395065,100
111.08,0.039774713270073835,0.005755845297186241,0.0011050742165200416,0.0,0.0,0.038211719884373135,100
111.10000000000001,0.039766416624249554,0.005755104389605795,0.0011051265450391942,0.0,0.0,0.03820343567448371,100
111.12,0.03975793353846305,0.005754328203695328,0.0011051770030874035,0.0,0.0,0.03819502909989894,100
111.14,0.039749266499871476,0.005753516085549983,0.0011052256088432972,0.0,0.0,0.03818650419487749,100
111.16,0.03974041807301115,0.005752668272326711,0.0011052723974764827,0.0,0.0,0.03817786511568951,100
111.18,0.039731362583392535,0.005751784994363497,0.001105317177515182,0.0,0.0,0.038169088027030645,100
111.2,0.03972208454688495,0.0057521047469573225,0.0011053598567922834,0.0,0.0,0.038160159260415015,100
111.22,0.03971263314704444,0.005752514682497975,0.0011054006875678183,0.0,0.0,0.03815112940608837,101
111.24000000000001,0.03970301103961826,0.0057528865529899425,0.0011054396738410448,0.0,0.0,0.03814209116459564,101
111.26,0.039693220842523774,0.005753220543569747,0.0011054768194248385,0.0,0.0,0.03813359183609509,100
111.28,0.03968326510902978,0.005753516832365582,0.0011055121277448827,0.0,0.0,0.03812522968364911,100
111.3,0.03967359564552233,0.005753775590543798,0.0011055456019672019,0.0,0.0,0.03811678300500788,100
111.32000000000001,0.03966390991130509,0.005754369254231298,0.001105577244941244,0.0,0.0,0.03810825615493898,100
111.34,0.039654064781596554,0.005754942375416221,0.0011056070630956038,0.0,0.0,0.03809965339896976,100
111.36,0.03964450115324648,0.005755475683604794,0.0011056350658123887,0.0,0.0,0.038090978885120426,100
111.38,0.039634834784865035,0.00575596935197433,0.0011056612436302104,0.0,0.0,0.038082236615428096,99
111.4,0.03962501368705693,0.00575642354740619,0.001105685597893091,0.0,0.0,0.038073430417693586,99
111.42,0.0396150391308209,0.0057568384308015015,0.0011057081652297198,0.0,0.0,0.03806456391796525,99
111.44,0.03960491208283591,0.005757214157442641,0.0011057289484259865,0.0,0.0,0.03805564051434687,99
111.46000000000001,0.03959463317813056,0.005757550880099313,0.0011057480226004108,0.0,0.0,0.03804666335277711,99
111.48,0.03958525481200442,0.005757848741889506,0.0011057652777648655,0.0,0.0,0.03803763530546799,99
111.5,0.03957585610360971,0.005758107883304906,0.001105780715904212,0.0,0.0,0.038028558952704565,98
111.52,0.039566341830108084,0.00575832844157309,0.0011057943307058737,0.0,0.0,0.03801943656869146,98
111.54,0.0395567123391592,0.005758510550671105,0.0011058061202470636,0.0,0.0,0.03801027011208092,98
111.56,0.039546967613486236,0.005758654341870353,0.001105816082202234,0.0,0.0,0.03800106122172869,98
111.58,0.039537107270640935,0.005758759944286537,0.001105824213876768,0.0,0.0,0.03799181121810109,98
111.60000000000001,0.03952713056861725,0.005758827485425083,0.0011058305122475791,0.0,0.0,0.03798252111060109,98
111.62,0.03951703641739586,0.0057588570917119315,0.0011058349740099447,0.0,0.0,0.03797319161089974,98
111.64,0.03950682339630558,0.005758848889173191,0.0011058376016879867,0.0,0.0,0.03796382315216394,98
111.66,0.03949648977688545,0.0057588030537794556,0.0011058383923407515,0.0,0.0,0.03795441591386889,98
111.68,0.039486033550738014,0.005758719676508216,0.001105837338256402,0.0,0.0,0.0379449698516916,99
111.7,0.03947545246169081,0.005759566794870717,0.0011058344323124339,0.0,0.0,0.03793548473180725,99
111.72,0.03946474404144053,0.00576105822775399,0.0011058296706447147,0.0,0.0,0.03792596016876921,99
111.74000000000001,0.03945390564775109,0.005762508225347459,0.001105823049456464,0.0,0.0,0.03791639566604947,99
111.76,0.03944293450421961,0.005763916892467205,0.0011058145650750984,0.0,0.0,0.03790679065825947,99
111.78,0.03943182774061212,0.005765284805288915,0.001105804214005224,0.0,0.0,0.037897144554059396,99
111.8,0.03942058243280488,0.005766611712133137,0.0011057919929767612,0.0,0.0,0.037887456778797415,99
111.82000000000001,0.03940919564143992,0.005767897656351382,0.001105777900800051,0.0,0.0,0.037877726815993884,99
111.84,0.039397671434726916,0.00576914273783506,0.0011057619581699572,0.0,0.0,0.037867954246889865,99
111.86,0.0393860132561621,0.00577034704340299,0.0011057442577734416,0.0,0.0,0.03785813878740738,99
111.88,0.03937420519906201,0.00577151068749488,0.0011057246935394695,0.0,0.0,0.037848280322009875,98
111.9,0.03936224459867939,0.005772633785577793,0.0011057032488510725,0.0,0.0,0.03783837893409517,98
111.92,0.039350950201462655,0.005774281343879622,0.0011056799266249719,0.0,0.0,0.03782843493269316,98
111.94,0.039339807507729564,0.005776702401964816,0.001105654728768154,0.0,0.0,0.03781844887536817,98
111.96000000000001,0.03932853826983747,0.005779079677442391,0.001105627648072575,0.0,0.0,0.03780842158733679,98
111.98,0.03931714149966922,0.005781413272410406,0.0011055986844611,0.0,0.0,0.03779835417690344,98
112.0,0.03930561643919149,0.005783703287825355,0.0011055678382368734,0.0,0.0,0.037788248047386036,98
112.02,0.03929396256645417,0.005785949840486806,0.0011055815685144623,0.0,0.0,0.03777810490575237,98
112.04,0.03928217959843185,0.005788153032565438,0.0011055947082574875,0.0,0.0,0.03776792676821837,98
112.06,0.03927027924881977,0.005790312935910207,0.0011056059227414752,0.0,0.0,0.03775771596306937,98
112.08,0.0392593429433458,0.005792429697271981,0.0011056152131350492,0.0,0.0,0.03774747513096291,97
112.10000000000001,0.039248350715261636,0.005794512992875577,0.001105622589235086,0.0,0.0,0.03773720722295597,97
112.12,0.039237731093197205,0.005796569819199322,0.0011056280810971565,0.0,0.0,0.037726915496474056,97
112.14,0.03922702983588277,0.0057985836743986545,0.0011056318593756053,0.0,0.0,0.037716603509408995,97
112.16,0.039216249348644074,0.005800554629805931,0.0011056337208151545,0.0,0.0,0.03770627511249627,97
112.18,0.039205392277347775,0.005802482751438574,0.0011056336668550464,0.0,0.0,0.03769593444008653,97
112.2,0.039194461495929526,0.005804368099458759,0.0011056316998702468,0.0,0.0,0.037685585899389806,97
112.22,0.03918346009236149,0.005806210727139784,0.0011056278289905302,0.0,0.0,0.03767523415823654,97
112.24000000000001,0.03917239135307028,0.005808010680420446,0.0011056220524827867,0.0,0.0,0.03766488413137105,97
112.26,0.03916125874579229,0.005809767997484596,0.0011056143717386483,0.0,0.0,0.03765454096526808,97
112.28,0.039150065900836514,0.005811482708368447,0.0011056047895228543,0.0,0.0,0.03764421002144787,97
112.3,0.039138816590717385,0.005813154843762371,0.0011055933230483526,0.0,0.0,0.03763389685825622,97
112.32000000000001,0.039127514708121466,0.005814784415344377,0.001105579963730959,0.0,0.0,0.03762360721107928,97
112.34,0.03911616424218591,0.0058163714184660455,0.0011055647133322037,0.0,0.0,0.037613346970975674,97
112.36,0.03910482815908628,0.0058179158472956485,0.001105547580202985,0.0,0.0,0.03760312216173516,97
112.38,0.03909393063460662,0.005819417690687252,0.001105528655248295,0.0,0.0,0.03759293891541122,97
112.4,0.03908299606066896,0.005820876973718959,0.001105507854640528,0.0,0.0,0.03758280344642849,96
112.42,0.039072028542613546,0.005822293610767052,0.0011054851838898292,0.0,0.0,0.037572722024430114,96
112.44,0.03906103214004361,0.005823667553001646,0.0011054606636127,0.0,0.0,0.037562700946108,96
112.46000000000001,0.03905046679650236,0.005824998745177085,0.001105434279743138,0.0,0.0,0.037552746506345255,96
112.48,0.039039922417046416,0.005826770701079101,0.0011054060340079572,0.0,0.0,0.037542864969092093,96
112.5,0.03902943836702743,0.005829401684736283,0.0011053759310347738,0.0,0.0,0.03753306253849003,96
112.52,0.039020258620261636,0.005831986186368204,0.0011053440975927272,0.0,0.0,0.03752334533084702,95
112.54,0.039011467199095366,0.005834524086196218,0.0011053104875630938,0.0,0.0,0.03751371934814138,93
112.56,0.03900265140587649,0.005837015255175613,0.0011052985489301865,0.0,0.0,0.03750414227498645,93
112.58,0.038993818310821445,0.005839459525116485,0.001105298527679148,0.0,0.0,0.03749462301470288,93
112.60000000000001,0.03898501654577838,0.005841856721203377,0.0011052966653460278,0.0,0.0,0.03748521219010298,93
112.62,0.038976249493936736,0.005844206688598152,0.0011052929670014237,0.0,0.0,0.037475915137241536,93
112.64,0.03896752027245088,0.005846509264515242,0.0011052874013387287,0.0,0.0,0.037466736993977075,93
112.66,0.038958831726932826,0.0058487642786217466,0.0011052799738971067,0.0,0.0,0.037457682697493014,93
112.68,0.03895018643151669,0.00585098168759918,0.0011052707010896692,0.0,0.0,0.03744875698754503,93
112.7,0.038941595288771634,0.005853165000186603,0.0011052595792869608,0.0,0.0,0.037439964415453005,93
112.72,0.03893299252442282,0.005855300170630635,0.0011052466669743322,0.0,0.0,0.03743123818351641,93
112.74000000000001,0.0389244322512668,0.005857386981017391,0.0011052319212029346,0.0,0.0,0.03742264661550632,93
112.76,0.038915923236507215,0.005859425227322844,0.0011052153463209154,0.0,0.0,0.03741420096750447,93
112.78,0.038907466879695554,0.005861437182432062,0.0011051969560650248,0.0,0.0,0.03740590522830602,93
112.8,0.03889906440931821,0.005863401862889257,0.0011051767468875054,0.0,0.0,0.037397763312466116,93
112.82000000000001,0.03889117514679676,0.005865349017169932,0.001105154729060293,0.0,0.0,0.037390053275033135,93
112.84,0.03888429440676519,0.005867248018554165,0.0011051309067146382,0.0,0.0,0.03738269512956082,93
112.86,0.038877516278270796,0.005869097337064037,0.0011051052834388797,0.0,0.0,0.03737550181898807,93
112.88,0.038870843127116195,0.005870896744097273,0.0011050778659116246,0.0,0.0,0.03736847725124471,93
112.9,0.038864277323433796,0.005872646007695198,0.0011050486978233618,0.0,0.0,0.037361625393713196,94
112.92,0.03885782125489084,0.005874344892357162,0.0011050177477635742,0.0,0.0,0.03735495028908024,94
112.94,0.038851477334059865,0.005875993159095693,0.0011049850219975626,0.0,0.0,0.03734845606549121,94
112.96000000000001,0.03884524799952434,0.0058775905663014825,0.001104950526803039,0.0,0.0,0.03734214694058185,94
112.98,0.038839135710560115,0.0058791368697313235,0.0011049142684688346,0.0,0.0,0.03733602721923069,94
113.0,0.03883314293550309,0.0058818045794111345,0.0011048762532942695,0.0,0.0,0.037330101285145176,94
113.02,0.03882727213417257,0.005884646051661114,0.001104836488633836,0.0,0.0,0.037324373586652304,94
113.04,0.038822310601338034,0.005887431824184092,0.0011047949876426865,0.0,0.0,0.03731884861730179,94
113.06,0.038818074487876025,0.005890161632252748,0.0011047517489824702,0.0,0.0,0.037313530892098164,94
113.08,0.03881401001996822,0.005892835193840915,0.0011047067869894424,0.0,0.0,0.03730842492034984,94
113.10000000000001,0.03881012076794101,0.00589545224385007,0.0011046601037036266,0.0,0.0,0.03730353517625603,94
113.12,0.0388063167106458,0.005898012517819873,0.0011046117296906615,0.0,0.0,0.037298772924163295,94
113.14,0.038802681522343556,0.005900515694101733,0.0011045616459490057,0.0,0.0,0.037294222516541735,94
113.16,0.03879923168827741,0.005902984112843886,0.0011045098904961777,0.0,0.0,0.03728990139981377,94
113.18,0.03879597019662937,0.00590539687819352,0.0011044564465491865,0.0,0.0,0.03728581361093569,94
113.2,0.03879289982172707,0.005907751737462791,0.0011044013094534217,0.0,0.0,0.037281963013322754,94
113.22,0.038790023104393306,0.005910048438652734,0.001104344485649797,0.0,0.0,0.03727835327885147,94
113.24000000000001,0.03878734233760382,0.005912286736565331,0.0011042859970733247,0.0,0.0,0.03727498787516754,94
113.26,0.03878494856484846,0.005914466391581504,0.0011042258908272957,0.0,0.0,0.03727187005879659,94
113.28,0.03878374620977598,0.005916587170207421,0.0011041641453586506,0.0,0.0,0.037269002874303965,94
113.3,0.038782776591877684,0.005918648903585654,0.0011041007423495811,0.0,0.0,0.037266389159484714,94
113.32000000000001,0.03878204196213331,0.005920680749716664,0.0011040356857264972,0.0,0.0,0.03726403155629497,94
113.34,0.03878154437853603,0.005922847412596231,0.0011039689817989831,0.0,0.0,0.03726193252697058,94
113.36,0.03878128572671225,0.005925009864944401,0.0011039006368503163,0.0,0.0,0.03726009437453069,94
113.38,0.038781267743956904,0.00592885430085987,0.0011038306571301475,0.0,0.0,0.03725851926664095,94
113.4,0.03878149204545986,0.005932631429716866,0.001103759048846317,0.0,0.0,0.03725720926162299,93
113.42,0.03878196015135255,0.005936340963398158,0.0011036858181558216,0.0,0.0,0.03725616633525309,93
113.44,0.038782673513108774,0.005939982609872248,0.0011036110344641804,0.0,0.0,0.03725539240689799,93
113.46000000000001,0.038783633537794134,0.0059435572016418034,0.001103534650739836,0.0,0.0,0.037254889363497884,93
113.48,0.03878484160867983,0.005947063733867264,0.0011034566647576656,0.0,0.0,0.0372546590799266,92
113.5,0.03878629910081697,0.005950501540777106,0.0011033770804825564,0.0,0.0,0.03725470343434014,92
113.52,0.03878800739031043,0.0059538703495024695,0.0011032959033475023,0.0,0.0,0.037255024317264795,92
113.54,0.03878996785622793,0.0059571698891199435,0.0011032131414059345,0.0,0.0,0.037255623633372634,92
113.56,0.03879218187432934,0.005960399890071659,0.0011031287996755865,0.0,0.0,0.0372565032951382,92
113.58,0.038794650802091164,0.005963560083635738,0.0011030428824694912,0.0,0.0,0.03725766520785881,92
113.60000000000001,0.0387973759548232,0.005966650201468992,0.0011029553939548146,0.0,0.0,0.03725911124584044,92
113.62,0.03880035857301672,0.0059696699752422415,0.0011028663391202183,0.0,0.0,0.0372608432198916,92
113.64,0.03880359978141194,0.005972619136386425,0.001102775732055747,0.0,0.0,0.037262862836613765,92
113.66,0.03880710054061426,0.005975497415965115,0.0011026835680525283,0.0,0.0,0.03726517165031737,92
113.68,0.03881086159240887,0.005978304544686053,0.0011025898694319016,0.0,0.0,0.0372677710087109,92
113.7,0.03881488340020851,0.005981040253060953,0.0011024946427082964,0.0,0.0,0.037270661993794446,92
113.72,0.03881915186324987,0.005983704272676077,0.0011023978600465455,0.0,0.0,0.03727383131823475,92
113.74000000000001,0.03882356912346879,0.005986311193820577,0.0011022993535732921,0.0,0.0,0.03727718301686204,92
113.76,0.038828246425659886,0.005988856151899227,0.0011021993175128451,0.0,0.0,0.03728082757694835,92
113.78,0.038833182488248456,0.005991328515415491,0.001102097759073137,0.0,0.0,0.037284764391869486,92
113.8,0.03883837544351496,0.005993728021941205,0.0011019946654026531,0.0,0.0,0.03728899228467571,92
113.82000000000001,0.03884382278734411,0.005996054412974553,0.0011018900488000728,0.0,0.0,0.037293509458626486,92
113.84,0.038849521336717735,0.0059983074359677415,0.0011017839076590593,0.0,0.0,0.03729831345551176,92
113.86,0.03885546719616591,0.006000486844699828,0.0011016879514331797,0.0,0.0,0.03730340112297128,91
113.88,0.03886165573402243,0.006002592397979982,0.0011016092125064657,0.0,0.0,0.037308768591656244,91
113.9,0.038868081568923685,0.006004623865164014,0.0011015289296929993,0.0,0.0,0.037314411262670766,91
113.92,0.038874738566564114,0.006006581025915908,0.0011014745599524634,0.0,0.0,0.03732032380530551,91
113.94,0.03888161984630339,0.006008463671576057,0.001101421974736611,0.0,0.0,0.03732650016465848,91
113.96000000000001,0.038888717796838106,0.006010271606458013,0.0011013678409648126,0.0,0.0,0.03733293357835609,91
113.98,0.03889627127882394,0.006012004649124046,0.0011013121163779439,0.0,0.0,0.037339616601263836,92
114.0,0.03890448653194715,0.0060136626335919865,0.0011012547994958025,0.0,0.0,0.03734654113683311,92
114.02,0.0389128928196289,0.006015245410457265,0.0011011959370263828,0.0,0.0,0.03735369847358361,92
114.04,0.03892147992702113,0.006016752847917334,0.0011011354776598347,0.0,0.0,0.037361079325176204,92
114.06,0.03893023707814871,0.006018427938852467,0.0011010734179606127,0.0,0.0,0.03736867387258929,92
114.08,0.038939152977579945,0.00602063894283237,0.0011010097546274424,0.0,0.0,0.037376471807059934,92
114.10000000000001,0.038948215851699726,0.006022770455742768,0.0011009444839294822,0.0,0.0,0.03738446237267587,92
114.12,0.038957483539571805,0.006024822206629627,0.0011008776063910805,0.0,0.0,0.03739263440777671,92
114.14,0.03896694017124412,0.006026793575004533,0.0011008091401298612,0.0,0.0,0.03740097638461974,92
114.16,0.038976507043407764,0.0060286844667578315,0.0011007390528669355,0.0,0.0,0.03740947644705544,92
114.18,0.03898617086032283,0.0060304948114543715,0.0011006673412440838,0.0,0.0,0.037418122446217776,92
114.2,0.03899591802911384,0.006032224549214154,0.0011005939989689423,0.0,0.0,0.03742690197444198,92
114.22,0.03900573469059981,0.006033873644470368,0.0011005190192433,0.0,0.0,0.0374358023977638,92
114.24000000000001,0.0390156067490617,0.006035442089389853,0.001100442396110502,0.0,0.0,0.03744481088742732,92
114.26,0.03902551990137236,0.006036929899572942,0.0011003880229294078,0.0,0.0,0.037453914450830454,92
114.28,0.03903545966585986,0.00603833711422006,0.0011003882818362953,0.0,0.0,0.03746309996228371,92
114.3,0.03904541141117838,0.0060396638146377555,0.0011003920554072135,0.0,0.0,0.037472354193861426,92
114.32000000000001,0.03905536038534006,0.006040910080589882,0.0011003940431452692,0.0,0.0,0.03748166384650393,92
114.34,0.03906529174493687,0.006042076010889651,0.0011003942399923374,0.0,0.0,0.037491015581405364,92
114.36,0.03907519058447051,0.006043161739600294,0.001100392642622823,0.0,0.0,0.03750039605161098,92
114.38,0.039085988567992856,0.006044167426650404,0.0011003892446776037,0.0,0.0,0.03750979193366497,92
114.4,0.03909685800125372,0.006045093253939771,0.0011003840415413418,0.0,0.0,0.03751918995910223,92
114.42,0.03910768153819668,0.006045939423080538,0.0011003770289090688,0.0,0.0,0.03752857694557106,92
114.44,0.03911844529693706,0.006046706160401715,0.0011003682755411103,0.0,0.0,0.0375379398274019,92
114.46000000000001,0.039129135514652434,0.006047393715498996,0.0011003577273460705,0.0,0.0,0.037547265685496024,92
114.48,0.0391397938943694,0.006048002360190435,0.0011003453574211326,0.0,0.0,0.037556541776484174,92
114.5,0.0391504324022547,0.00604853238812683,0.0011003545929517478,0.0,0.0,0.03756575556118596,93
114.52,0.03916103947545809,0.006049609897419972,0.0011003695737696567,0.0,0.0,0.03757489473247315,93
114.54,0.03917157576830043,0.0060514058015314915,0.0011003826860613729,0.0,0.0,0.03758394724269244,93
114.56,0.039181974588459095,0.006053121271156403,0.0011003939181854277,0.0,0.0,0.03759290133082666,93
114.58,0.03919222347184793,0.006054792250069545,0.001100403268729082,0.0,0.0,0.037601745549562,93
114.60000000000001,0.03920231025843129,0.0060563811927565195,0.0011004107368025972,0.0,0.0,0.03761046879238639,93
114.62,0.039212223117775356,0.006057888542856458,0.0011004163220286608,0.0,0.0,0.037619060320769386,93
114.64,0.03922195057456027,0.0060593147599647705,0.0011004200326455611,0.0,0.0,0.03762750979137975,93
114.66,0.03923148153390145,0.006060660320409476,0.0011004218680126443,0.0,0.0,0.0376358072831914,94
114.68,0.039240805306224084,0.006061954591584589,0.0011004218222351336,0.0,0.0,0.03764394332422391,94
114.7,0.03924991163134333,0.00606316969902257,0.0011004198967797913,0.0,0.0,0.03765227827290239,94
114.72,0.039258790701332924,0.006064305693291586,0.001100416106158405,0.0,0.0,0.037660665464175236,94
114.74000000000001,0.03926743318172456,0.006065363069237478,0.001100410458939314,0.0,0.0,0.03766886491379756,93
114.76,0.03927583023057334,0.006066342363831591,0.001100402938361978,0.0,0.0,0.037676869193975934,93
114.78,0.039283973514947994,0.006067244137315417,0.001100393547319294,0.0,0.0,0.03768467144028936,92
114.8,0.03929306276674315,0.0060680689568165126,0.0011003822889875093,0.0,0.0,0.037692265367621186,92
114.82000000000001,0.039301942191820115,0.0060688174014175405,0.0011003691669159235,0.0,0.0,0.037699736113676954,92
114.84,0.03931058686897547,0.006069490058665044,0.0011003541860933686,0.0,0.0,0.037707463555439615,92
114.86,0.039318992007554704,0.006070087523506022,0.0011003373488969075,0.0,0.0,0.03771496673921601,92
114.88,0.039327153417708594,0.006070610397211073,0.0011003186593686583,0.0,0.0,0.03772224179015877,92
114.9,0.03933506750906531,0.006071059286290837,0.0011002981217131088,0.0,0.0,0.03772928544198347,92
114.92,0.03934273128612541,0.0060714908641980305,0.0011002757402798818,0.0,0.0,0.03773609503260569,92
114.94,0.03935014234060634,0.0060722346888329864,0.0011002515195383921,0.0,0.0,0.037742668496729775,92
114.96000000000001,0.03935719622303408,0.006072902938896981,0.0011002186434433984,0.0,0.0,0.03774890877274003,92
114.98,0.03936393989533228,0.006073496233279056,0.001100172338673224,0.0,0.0,0.03775489611920703,92
115.0,0.03937042710264655,0.006074015198445809,0.0011001242553853063,0.0,0.0,0.03776109216835551,92
115.02,0.03937665765853513,0.006074460552650179,0.0011000743981677524,0.0,0.0,0.03776704900723525,92
115.04,0.03938262783581533,0.006074832871584909,0.0011000235494017596,0.0,0.0,0.03777276253223611,92
115.06,0.03938827408185989,0.006075132798684542,0.0010999840544026582,0.0,0.0,0.037778157350737494,92
115.08,0.03939366619618937,0.006075374588680022,0.0010999427524503082,0.0,0.0,0.03778331673384302,92
115.10000000000001,0.039398805924054744,0.006075556961311735,0.0010998996486105276,0.0,0.0,0.037788242856052194,93
115.12,0.039403695439870025,0.0060756688144429855,0.0010998547479848181,0.0,0.0,0.03779293833300447,93
115.14,0.0394083373243393,0.006075710770749173,0.001099808055705948,0.0,0.0,0.037797406198909214,94
115.16,0.03941276052917335,0.006075683445711114,0.001099781719461804,0.0,0.0,0.037801649883455045,94
115.18,0.039416955658762,0.006075587446921962,0.0010997731576772238,0.0,0.0,0.03780567318821431,94
115.2,0.03942091343845,0.0060754233734413784,0.00109976276640434,0.0,0.0,0.03780948026251907,94
115.22,0.039424637836075915,0.006075191815198058,0.00109975054985301,0.0,0.0,0.03781307557874846,95
115.24000000000001,0.0394281331031037,0.0060748933524416735,0.001099736513211228,0.0,0.0,0.03781646390693747,95
115.26,0.03943140374805735,0.00607452855524558,0.001099720662408521,0.0,0.0,0.03781965028859186,95
115.28,0.03943445450901277,0.006074097994807062,0.0010997029998087212,0.0,0.0,0.03782264000957749,95
115.3,0.03943729032500542,0.006073602212480467,0.001099683530519017,0.0,0.0,0.03782543857194274,95
115.32000000000001,0.03943991630620979,0.00607304174074584,0.0010996622596671668,0.0,0.0,0.03782805166453214,95
115.34,0.039442321265852,0.006072417105069588,0.0010996398559092186,0.0,0.0,0.03783046805255072,95
115.36,0.03944447107412668,0.006071728818355233,0.001099617918292491,0.0,0.0,0.037832652672506455,95
115.38,0.039446427157604276,0.006070977379761361,0.0010995941961422515,0.0,0.0,0.03783466976178873,95
115.4,0.039448194984070914,0.006070163278762989,0.001099573487180891,0.0,0.0,0.037836525434347436,95
115.42,0.039449780021199886,0.0060692869927359,0.0010995766350764798,0.0,0.0,0.03783822582217975,95
115.44,0.03945118769765858,0.0060683489870094354,0.0010995779608553953,0.0,0.0,0.0378397770370153,95
115.46000000000001,0.03945242336286767,0.0060673497670140405,0.0010995774702280267,0.0,0.0,0.03784118513068294,95
115.48,0.03945349224564659,0.006066289726420584,0.0010995751689370727,0.0,0.0,0.03784245605439559,95
115.5,0.03945439941206538,0.006065169317334184,0.001099571067815933,0.0,0.0,0.037843595617274246,96
115.52,0.03945514972290575,0.006063988988858341,0.001099565171585982,0.0,0.0,0.03784460944451659,96
115.54,0.03945574779121347,0.006062749094412436,0.0010995574963905863,0.0,0.0,0.037845502935693685,96
115.56,0.039456326072217975,0.006061450034450277,0.0010995480337362838,0.0,0.0,0.03784628122372592,96
115.58,0.03945676719293976,0.006060092209141043,0.00109953678950786,0.0,0.0,0.03784694913514023,96
115.60000000000001,0.03945706906847754,0.00605867598516803,0.001099523775110722,0.0,0.0,0.037847511152239936,97
115.62,0.03945723492753902,0.006057201734351602,0.001099509013817446,0.0,0.0,0.037847971377822184,97
115.64,0.039457336558879404,0.006055669821457065,0.0010994925021894004,0.0,0.0,0.037848333503054284,97
115.66,0.03945737267916203,0.006054080605484005,0.001099474233106442,0.0,0.0,0.03784860077906841,97
115.68,0.039457288184226134,0.006052434437295679,0.0010994542124483885,0.0,0.0,0.03784877599275858,97
115.7,0.039457090261808374,0.006050731664430967,0.0010994324460736813,0.0,0.0,0.03784886144716766,97
115.72,0.03945676659871507,0.006048972630646459,0.001099408948411036,0.0,0.0,0.0378488589467451,97
115.74000000000001,0.03945631745263636,0.006047157676878222,0.0010993837179103228,0.0,0.0,0.037848769787646154,97
115.76,0.039455742535297336,0.006045287142208868,0.0010993567592203401,0.0,0.0,0.03784859475314005,97
115.78,0.03945504101161278,0.00604336136482968,0.00109932808127622,0.0,0.0,0.03784833411410672,97
115.8,0.039454211503778626,0.0060413806829877886,0.001099297698288307,0.0,0.0,0.03784798763453453,97
115.82000000000001,0.03945325210016799,0.006039345435908914,0.0010992656088292282,0.0,0.0,0.03784755458188887,97
115.84,0.03945216187978871,0.006037255964686764,0.0010992318321921127,0.0,0.0,0.03784703374220111,97
115.86,0.039450948013866546,0.006035112613130809,0.00109919639904499,0.0,0.0,0.03784667655804857,98
115.88,0.03944954253190181,0.0060329157271081,0.0010991594078692568,0.0,0.0,0.03784641285749568,98
115.9,0.03944800212841499,0.00603066565119782,0.0010991207771964108,0.0,0.0,0.03784617613548203,97
115.92,0.03944631527923477,0.006028362742603067,0.0010990804641526292,0.0,0.0,0.037846167729237816,95
115.94,0.039444528039157226,0.006026007360821671,0.001099038472399399,0.0,0.0,0.037846057932266176,95
115.96000000000001,0.03944356657362687,0.006023612064848771,0.0010989948136876403,0.0,0.0,0.03784584320498558,95
115.98,0.03944247381355061,0.006021198579264462,0.0010989495022854206,0.0,0.0,0.037845519751112916,95
116.0,0.03944124511921471,0.006018733723802456,0.0010989025766506187,0.0,0.0,0.03784508356424551,95
116.02,0.03943987567283244,0.006016217887147043,0.0010988539918779495,0.0,0.0,0.03784453047692365,95
116.04,0.03943836052885121,0.006013651465398382,0.0010988037565691625,0.0,0.0,0.03784409428474977,95
116.06,0.039436694665315485,0.00601103486483136,0.0010987518741664463,0.0,0.0,0.03784374293099111,95
116.08,0.03943487303544851,0.006008368495509734,0.0010986983458052945,0.0,0.0,0.0378432611559999,95
116.10000000000001,0.0394328985106611,0.006005652774580054,0.0010986431950199564,0.0,0.0,0.03784264466404981,95
116.12,0.03943104126143062,0.006002888128053013,0.001098618253471854,0.0,0.0,0.03784188925509861,95
116.14,0.03942928584893883,0.006000074989045869,0.001098597706755332,0.0,0.0,0.037840990872452816,95
116.16,0.039427354795070396,0.005997213809577535,0.0010985754965475902,0.0,0.0,0.03783994564726401,95
116.18,0.039425533058625784,0.005994305029796099,0.0010985555128986335,0.0,0.0,0.03783874993919268,95
116.2,0.0394238764479901,0.005991349096044341,0.001098578503602186,0.0,0.0,0.03783740037271694,95
116.22,0.039422030699121584,0.0059883464661045945,0.0010985997819791822,0.0,0.0,0.03783589386872159,95
116.24000000000001,0.03941999217335004,0.005985297602689374,0.0010986193591435273,0.0,0.0,0.03783422767116487,95
116.26,0.03941775755063637,0.005982202972856978,0.0010986372614618153,0.0,0.0,0.03783239936877878,95
116.28,0.039415323845408134,0.005979063047397069,0.0010986535312122489,0.0,0.0,0.037830406911900566,95
116.3,0.03941268841770512,0.005975878300194447,0.0010986872727574907,0.0,0.0,0.037828559762004124,94
116.32000000000001,0.03940984897995286,0.005972649207578884,0.0010987315437897853,0.0,0.0,0.037826776618584745,94
116.34,0.03940680359975522,0.005969376247668169,0.0010987740788601383,0.0,0.0,0.03782482472827684,94
116.36,0.03940355069914425,0.005966059899710898,0.001098814881511074,0.0,0.0,0.03782270356861506,94
116.38,0.0394010938337841,0.005962700643434696,0.0010988539553247502,0.0,0.0,0.03782041300053714,94
116.4,0.039398481089744676,0.005959298958404788,0.0010988913045083177,0.0,0.0,0.03781795326322165,94
116.42,0.03939568667410929,0.005955855323397051,0.0010989269700078122,0.0,0.0,0.03781532496681623,94
116.44,0.0393927111992373,0.0059523702157888644,0.001098960936774029,0.0,0.0,0.037812529083483266,94
116.46000000000001,0.03938955562234777,0.005948844110970398,0.0010989931895317973,0.0,0.0,0.037809829848706816,94
116.48,0.03938622123419707,0.005945277481778326,0.0010990238723747915,0.0,0.0,0.0378071539786786,94
116.5,0.039383022330427765,0.00594167079795339,0.0010990531020168043,0.0,0.0,0.037804314934215905,94
116.52,0.03938002155666782,0.005938024525622704,0.0010990806332127085,0.0,0.0,0.03780131502510447,94
116.54,0.03937684675789697,0.0059343391268073765,0.001099106468237972,0.0,0.0,0.03779815686519473,94
116.56,0.039373500436555235,0.005930615058955606,0.0010991306094552977,0.0,0.0,0.03779484335994711,93
116.58,0.039369985366627586,0.005926852774501243,0.0010991530607926687,0.0,0.0,0.03779137769406161,92
116.60000000000001,0.039366304581291756,0.005923052720447594,0.0010991738262168343,0.0,0.0,0.037787763319266456,92
116.62,0.039362461360761075,0.005919215339877319,0.0010991929097340107,0.0,0.0,0.03778400394230439,92
116.64,0.03935843029445669,0.005915341066059571,0.0010992101137407915,0.0,0.0,0.037780074827214044,92
116.66,0.0393541991630766,0.005911430317221844,0.0010992253323851228,0.0,0.0,0.03777596433048791,92
116.68,0.03934981687602712,0.005907483499348459,0.0010992389747151521,0.0,0.0,0.03777172144112699,92
116.7,0.03934528758348061,0.0059035010269988825,0.0010992510865376849,0.0,0.0,0.037767350769254235,92
116.72,0.039340615623929286,0.005899483307317271,0.0010992615469247353,0.0,0.0,0.0377628571220637,92
116.74000000000001,0.039335805512331914,0.005895518135453558,0.0010992704006189547,0.0,0.0,0.037758245492135085,91
116.76,0.03933086192795558,0.005893307966281726,0.0010992776170289371,0.0,0.0,0.0377535210454488,91
116.78,0.03932578970176911,0.005891902553018697,0.0010992832068671152,0.0,0.0,0.03774868910895838,91
116.8,0.039320593803235916,0.005890450777147444,0.0010992871817503507,0.0,0.0,0.037743755157568844,91
116.82000000000001,0.03931527932635025,0.005888953038353768,0.0010992895244401237,0.0,0.0,0.03773872480036493,91
116.84,0.039309851474761515,0.005887409727100541,0.0010992902375912426,0.0,0.0,0.03773360376593475,91
116.86,0.03930431554583764,0.005885821224377695,0.001099289322603771,0.0,0.0,0.03772839788664024,91
116.88,0.03929867691353181,0.005884187901494377,0.001099286784672697,0.0,0.0,0.03772311308169918,91
116.9,0.03929294100993775,0.005882510119914713,0.001099282632190778,0.0,0.0,0.037717755338964605,91
116.92,0.039287113305447936,0.005880788234016208,0.001099276865675682,0.0,0.0,0.03771233069531668,91
116.94,0.039281199287468954,0.005879022624790191,0.0010992694979396348,0.0,0.0,0.03770684521562156,91
116.96000000000001,0.03927520443769699,0.0058772141252252654,0.0010992605299431424,0.0,0.0,0.037701304970261265,91
116.98,0.039269134208017205,0.005875378723572065,0.0010992499634659887,0.0,0.0,0.037695716011298765,92
117.0,0.039263069561411776,0.005873509857619714,0.0010992378039553507,0.0,0.0,0.037690084347412355,92
117.02,0.03925742920015868,0.005871598479486264,0.0010992240552823095,0.0,0.0,0.037684415917813865,92
117.04,0.039251728582738996,0.005869644881173746,0.001099208726034906,0.0,0.0,0.03767871656545069,92
117.06,0.03924597278001968,0.005867649345323561,0.001099191818554159,0.0,0.0,0.037672992009882764,92
117.08,0.0392401715584578,0.005865612146277261,0.0010991734368226377,0.0,0.0,0.03766724782031527,92
117.10000000000001,0.03923463362700357,0.005863533549815522,0.0010991534910509795,0.0,0.0,0.0376614893893516,92
117.12,0.039229243474312295,0.005861413844382842,0.0010991319859149755,0.0,0.0,0.037655721908102166,92
117.14,0.039223910965065216,0.005859253350800433,0.0010991089342977183,0.0,0.0,0.037649950343335736,92
117.16,0.03921858266540192,0.005857052207118495,0.0010990843354530366,0.0,0.0,0.03764417941738398,92
117.18,0.03921322576649957,0.005854810647286356,0.001099058193964854,0.0,0.0,0.03763852970617373,92
117.2,0.03920784371864733,0.005852528900003848,0.0010990305156940363,0.0,0.0,0.03763322800085795,92
117.22,0.03920243967495237,0.005850207188484669,0.001099001306547243,0.0,0.0,0.03762793890032646,92
117.24000000000001,0.039197446669154874,0.005847845731067982,0.0010989705724651052,0.0,0.0,0.037622666026193345,92
117.26,0.03919249821004192,0.0058454447418584314,0.001098938319408448,0.0,0.0,0.03761741271833298,93
117.28,0.039187553590218326,0.00584300443136127,0.0010989045533425763,0.0,0.0,0.03761218204279477,93
117.3,0.03918259611378767,0.005840525007101869,0.0010988692802196014,0.0,0.0,0.03760697680490161,93
117.32000000000001,0.039177627504972765,0.005838006674219157,0.001098832505958846,0.0,0.0,0.03760179956710616,93
117.34,0.03917264924816263,0.005835449636023382,0.0010987942364253875,0.0,0.0,0.037596652670948014,93
117.36,0.0391676626124862,0.005832873679738405,0.0010987544774068078,0.0,0.0,0.03759153826224719,93
117.38,0.03916268593140527,0.005830281776967872,0.0010987132345990096,0.0,0.0,0.03758645831849838,93
117.4,0.03915781652198323,0.005827651698204484,0.0010986705277740221,0.0,0.0,0.03758141467730779,93
117.42,0.039152942553728684,0.005824983644162741,0.001098626368585966,0.0,0.0,0.03757640906464914,93
117.44,0.039148064715133456,0.005822277818432332,0.0010985807418292968,0.0,0.0,0.03757144312171037,93
117.46000000000001,0.03914318361124995,0.005819534423346233,0.0010985336528396348,0.0,0.0,0.03756651842915685,93
117.48,0.03913829978352987,0.005816753657207918,0.0010984851085363966,0.0,0.0,0.03756163652774719,93
117.5,0.03913345765778466,0.005813935722696242,0.0010984351108793747,0.0,0.0,0.0375567989343942,93
117.52,0.039129167722784436,0.005811080829627996,0.0010983836701544286,0.0,0.0,0.03755200715295648,93
117.54,0.03912487557956935,0.0058081891765956566,0.0010983307975842584,0.0,0.0,0.037547262679265524,93
117.56,0.03912058161286383,0.005805260968442204,0.0010982904435899768,0.0,0.0,0.03754256700012567,93
117.58,0.039116286163288605,0.005803165668601729,0.0010982686635259413,0.0,0.0,0.037537921586260806,93
117.60000000000001,0.039111989513496946,0.005801504101962343,0.0010982454305050204,0.0,0.0,0.03753332787941161,93
117.62,0.039107691868848986,0.0057998037078574845,0.0010982207543536776,0.0,0.0,0.0375287872740046,93
117.64,0.03910375479683724,0.005798064642934541,0.0010981946357593146,0.0,0.0,0.03752430109400913,93
117.66,0.039100334496129825,0.005796287101746745,0.0010981670786139716,0.0,0.0,0.03751987056576931,93
117.68,0.039097041464409815,0.005794471299692949,0.001098138065509126,0.0,0.0,0.03751549678773725,93
117.7,0.039093726176881616,0.005792617404632779,0.0010981074284903347,0.0,0.0,0.037511149358761285,93
117.72,0.039090375555894515,0.005790725598704889,0.0010980751215094102,0.0,0.0,0.03750681637871729,93
117.74000000000001,0.039087033386262564,0.005789779921742382,0.0010980413752979298,0.0,0.0,0.03750254243395216,93
117.76,0.03908369878191178,0.005789155527952882,0.0010980061747378627,0.0,0.0,0.03749832778393636,93
117.78,0.039080246160191914,0.005788490794125144,0.001097962937505972,0.0,0.0,0.0374940549335637,93
117.8,0.03907677203882727,0.005787821564227574,0.001097916848430108,0.0,0.0,0.03748981617870328,93
117.82000000000001,0.03907330098665085,0.005787117946425268,0.0010978693433231958,0.0,0.0,0.03748563586326482,93
117.84,0.039069830694585785,0.005786374415906037,0.0010978203766006305,0.0,0.0,0.03748151295479208,93
117.86,0.03906635845274705,0.005785591157188766,0.0010977699536863525,0.0,0.0,0.037477446055685495,93
117.88,0.03906288114315517,0.005784768348509356,0.0010977180575467468,0.0,0.0,0.03747343339716292,93
117.9,0.03905939523826519,0.005783906191257277,0.001097664684867267,0.0,0.0,0.03746947283908761,93
117.92,0.0390558968052744,0.005783004891329838,0.001097609833884078,0.0,0.0,0.037465561875630306,93
117.94,0.03905232936967017,0.005782064659352362,0.0010975535138571706,0.0,0.0,0.03746164616210134,93
117.96000000000001,0.039048666021401,0.005781085680728206,0.0010974955721054244,0.0,0.0,0.03745770058620081,93
117.98,0.03904497623878687,0.005780068133118398,0.0010974361212168168,0.0,0.0,0.03745379524317198,93
118.0,0.039041254616778834,0.005779032350473666,0.0010973751544082254,0.0,0.0,0.03744992632794979,93
118.02,0.03903749544217152,0.005777979348365164,0.0010973126770603265,0.0,0.0,0.037446089774617296,93
118.04,0.039033692724663525,0.005776888449760135,0.0010972486852883299,0.0,0.0,0.03744228128923539,93
118.06,0.039029840230457795,0.005775759895859126,0.0010971831934697108,0.0,0.0,0.03743874438425423,93
118.08,0.03902593151782821,0.005774593932788505,0.0010971161596639676,0.0,0.0,0.03743547077302881,93
118.10000000000001,0.03902183907999042,0.005773390811419978,0.0010970411945547202,0.0,0.0,0.037432096509817006,93
118.12,0.039017646586444486,0.005772150723962072,0.0010969630970843487,0.0,0.0,0.03742870219074675,93
118.14,0.03901337794808765,0.005770873914225638,0.0010968834615599997,0.0,0.0,0.037425312001661985,93
118.16,0.03900902626729917,0.005769686884944404,0.0010968022752702751,0.0,0.0,0.03742192107743733,93
118.18,0.03900458462745058,0.005769687452718573,0.001096719527875897,0.0,0.0,0.037418524598017186,93
118.2,0.03900021057719961,0.005769648928807836,0.0010966352146884845,0.0,0.0,0.03741511782765619,93
118.22,0.03899660981598335,0.005769571568612096,0.0010965493313949413,0.0,0.0,0.037411696152911664,93
118.24000000000001,0.03899293014994954,0.005769455630088685,0.0010964618740749437,0.0,0.0,0.03740825511901582,93
118.26,0.038989045309512804,0.005769301373326013,0.0010963663689836306,0.0,0.0,0.037404786841260015,93
118.28,0.03898505632106915,0.005769108997266762,0.0010962677231612858,0.0,0.0,0.03740161284298945,93
118.3,0.03898097695851577,0.0057688787499314675,0.0010961675034802062,0.0,0.0,0.03739840711388418,92
118.32000000000001,0.03897679791287158,0.0057686108954429546,0.0010960657126987195,0.0,0.0,0.037395166154572834,92
118.34,0.038972514499803934,0.005768305733200074,0.0010959623710882428,0.0,0.0,0.03739188677143543,92
118.36,0.03896812232055155,0.005767963515119936,0.001095857458935662,0.0,0.0,0.037388566097689376,92
118.38,0.038963829906719344,0.00576758448293399,0.0010957509662856914,0.0,0.0,0.03738520161148984,92
118.4,0.038959893546704476,0.0057671688996682475,0.0010956428925306568,0.0,0.0,0.03738179115107435,92
118.42,0.038955838329162176,0.005766717027020477,0.001095533237465061,0.0,0.0,0.03737833292703614,91
118.44,0.03895166115855605,0.005766229124956944,0.0010954220086222919,0.0,0.0,0.037374825531858,91
118.46000000000001,0.038947359279239195,0.0057657054513198655,0.0010953092155099944,0.0,0.0,0.037371267946880185,91
118.48,0.03894293027817298,0.0057651462614460485,0.0010951948424009126,0.0,0.0,0.037367659546907704,91
118.5,0.03893834683535513,0.005766130107680923,0.0010950789779736703,0.0,0.0,0.037363974847046004,91
118.52,0.03893345628227528,0.005767085883021139,0.0010949619819695029,0.0,0.0,0.0373600632544818,91
118.54,0.0389284336903841,0.005768002532837484,0.001094843411098251,0.0,0.0,0.03735610162314436,91
118.56,0.038923278003291664,0.005768880272403479,0.0010947232670866622,0.0,0.0,0.03735209090858677,92
118.58,0.03891798849242458,0.0057697193129301536,0.0010946015504672277,0.0,0.0,0.03734803245583569,92
118.60000000000001,0.03891256475008088,0.0057705198612368665,0.00109447826402432,0.0,0.0,0.03734392799490828,92
118.62,0.038907038932213533,0.005771282119431265,0.0010943534107992975,0.0,0.0,0.03733977963563637,92
118.64,0.038901391986718395,0.005772006284597633,0.0010942269943531536,0.0,0.0,0.037335589861995026,92
118.66,0.03889561172917721,0.005772692548493072,0.0010940990399756927,0.0,0.0,0.03733136152611099,92
118.68,0.03888969895314809,0.005773341097250701,0.0010939695297907729,0.0,0.0,0.03732709784210431,91
118.7,0.03888399025471234,0.005773952111089268,0.0010938384676685464,0.0,0.0,0.03732280237989266,91
118.72,0.03887882531519876,0.005774525766486458,0.0010937058750885864,0.0,0.0,0.03731847905906483,91
118.74000000000001,0.03887356118197758,0.0057750622371673934,0.0010935717400842675,0.0,0.0,0.03731413214290629,91
118.76,0.038868200588567006,0.005775561675861756,0.001093436113845162,0.0,0.0,0.03730976623263787,91
118.78,0.03886285104043094,0.005776024235739903,0.00109329896177122,0.0,0.0,0.03730538626190564,90
118.8,0.038857438254606025,0.0057764500632685395,0.0010931602800110412,0.0,0.0,0.03730099749153995,90
118.82000000000001,0.03885193987245548,0.005776839902744259,0.0010930200789383705,0.0,0.0,0.037296605504580686,90
118.84,0.0388463596896761,0.005777193436424359,0.001092878375789262,0.0,0.0,0.037292216201546685,90
118.86,0.03884145696779195,0.005777510629713801,0.0010927351584211196,0.0,0.0,0.037287835795908046,90
118.88,0.03883674538570284,0.005778729612087298,0.0010925904322745313,0.0,0.0,0.03728347080970211,90
118.9,0.03883199445162726,0.0057808186159963686,0.0010924442089683475,0.0,0.0,0.03727912806921665,90
118.92,0.03882720979641958,0.005782864136723163,0.0010922964924237747,0.0,0.0,0.03727481470064622,90
118.94,0.03882239730133155,0.005784866281423654,0.0010921472830012233,0.0,0.0,0.03727053812561217,90
118.96000000000001,0.03881756309150037,0.005786825148445836,0.0010919965863558066,0.0,0.0,0.03726630605642078,90
118.98,0.038812713528952554,0.005788740830022599,0.0010918444082276093,0.0,0.0,0.03726212649091992,90
119.0,0.03880785520496698,0.0057906134064824085,0.001091690754437203,0.0,0.0,0.03725800770680154,90
119.02,0.03880299493162845,0.005792442944528569,0.0010915356308814543,0.0,0.0,0.03725395825518625,90
119.04,0.03879813973239441,0.005794229504342537,0.0010913790435295345,0.0,0.0,0.03724998695331721,90
119.06,0.0387932455144184,0.005795973135892892,0.0010912183027042275,0.0,0.0,0.037246054371342374,90
119.08,0.038788268548368116,0.005797674036254211,0.0010910507281420203,0.0,0.0,0.037242121497433785,90
119.10000000000001,0.038783319159299154,0.0058003536194895485,0.0010908817180583592,0.0,0.0,0.037238295016307904,89
119.12,0.0387784050953056,0.005803364595983562,0.0010907112786559703,0.0,0.0,0.037234584712194554,90
119.14,0.03877353424754591,0.0058063293144391855,0.001090539416190898,0.0,0.0,0.037231000579404656,90
119.16,0.038768645897714706,0.005809247734721969,0.0010903661778408598,0.0,0.0,0.037227657975752615,90
119.18,0.038764175717904976,0.005812138618524705,0.0010901915355492448,0.0,0.0,0.03722488424956632,90
119.2,0.03875994434013848,0.0058150087019471905,0.0010900154892938517,0.0,0.0,0.037222267054317346,90
119.22,0.03875578809651283,0.005817837152039991,0.0010898380454967384,0.0,0.0,0.037219817043695556,90
119.24000000000001,0.03875171526634622,0.005820647953213802,0.0010896592106080143,0.0,0.0,0.03721754498090778,90
119.26,0.03874773412668326,0.00582341225803118,0.001089478991098834,0.0,0.0,0.03721546171303128,90
119.28,0.03874389063129426,0.005826130275127793,0.0010892973934534275,0.0,0.0,0.03721357814392507,90
119.3,0.03874110697859462,0.00582880141050569,0.0010891144241600426,0.0,0.0,0.03721190520604,90
119.32000000000001,0.03873846817838842,0.005831425542909916,0.0010889300901113052,0.0,0.0,0.03721045383155625,90
119.34,0.03873598304157843,0.005834002540081,0.0010887443988433934,0.0,0.0,0.03720923492335604,91
119.36,0.0387336602473898,0.005836532258987228,0.0010885573560841764,0.0,0.0,0.03720825932640609,91
119.38,0.03873150831249744,0.005839014546097844,0.001088368968626126,0.0,0.0,0.037207537800168854,91
119.4,0.03872953556165544,0.005841449237693632,0.001088179241620529,0.0,0.0,0.037207080992677825,90
119.42,0.038727750100437774,0.005843836160210078,0.0010879881813148555,0.0,0.0,0.03720689941689387,90
119.44,0.03872615979064214,0.00584617513060715,0.0010877957957888252,0.0,0.0,0.037207003429901395,90
119.46000000000001,0.03872523859477126,0.005848465956758726,0.0010876021258549948,0.0,0.0,0.037207403215404763,90
119.48,0.038725534764563994,0.005850708438013224,0.0010874071538705644,0.0,0.0,0.0372081087698462,90
119.5,0.038726372833875825,0.005853559385590398,0.0010872108726914017,0.0,0.0,0.03720912989229434,90
119.52,0.03872747577113863,0.005856571593417656,0.0010870132881435986,0.0,0.0,0.03721047617805593,90
119.54,0.03872885137462038,0.005859530655970386,0.0010868144065308291,0.0,0.0,0.03721215701575267,90
119.56,0.03873110581792335,0.005862436261654759,0.00108661053713532,0.0,0.0,0.03721411678723028,90
119.58,0.03873417032607587,0.005865288052353351,0.0010864010312638865,0.0,0.0,0.03721635302294473,90
119.60000000000001,0.03873756839672344,0.005868085652412427,0.0010862140892034038,0.0,0.0,0.037218951023338435,90
119.62,0.03874130803719354,0.005870828725018911,0.0010860384518185167,0.0,0.0,0.03722191937011558,90
119.64,0.038745635908076954,0.005873522087395421,0.0010858614965211933,0.0,0.0,0.03722526645375555,90
119.66,0.03875034031243686,0.005876193708808376,0.001085683227042439,0.0,0.0,0.037229000476594325,90
119.68,0.038755411137291765,0.005878809574023412,0.0010855036467332573,0.0,0.0,0.037233129453791605,90
119.7,0.038760855582060244,0.005881369323346466,0.0010853227585494733,0.0,0.0,0.03723766121143906,90
119.72,0.03876668063232173,0.005883872592271801,0.0010851405784730627,0.0,0.0,0.03724260338123115,90
119.74000000000001,0.03877289304970331,0.00588631901189424,0.0010849571864636831,0.0,0.0,0.03724796339131316,90
119.76,0.03877949935771124,0.005888708209337145,0.0010847725999030113,0.0,0.0,0.037253748453127615,90
119.78,0.03878650582353158,0.005891039808204258,0.001084586716355542,0.0,0.0,0.037260140844093355,90
119.8,0.03879391843601487,0.005893313429063185,0.0010843997446123093,0.0,0.0,0.03726726437900109,90
119.82000000000001,0.03880174288022696,0.005895528689967624,0.001084211519264378,0.0,0.0,0.037274832509124486,90
119.84,0.03880998450908475,0.005897685207024177,0.0010840221820764958,0.0,0.0,0.03728285137248194,90
119.86,0.03881864831269877,0.005899782596060969,0.0010838316734206827,0.0,0.0,0.037291326771681274,90
119.88,0.038827738886116084,0.00590182047061334,0.0010836398780224583,0.0,0.0,0.03730026414302533,90
119.9,0.03883726039619746,0.005903808219314133,0.0010834469143743881,0.0,0.0,0.03730966852481037,90
119.92,0.03884721654837784,0.005906299492499812,0.0010832527252974636,0.0,0.0,0.03731954452556428,90
119.94,0.03885761055405323,0.005909560806623049,0.0010830572517460464,0.0,0.0,0.037329896292965396,90
119.96000000000001,0.038868445099312955,0.005912757226701948,0.0010828604932409183,0.0,0.0,0.03734072748415692,90
119.98,0.03887972231569793,0.005915909284986297,0.0010826624829490944,0.0,0.0,0.03735204123813351,90
120.0,0.03889144375361422,0.005918999139674963,0.0010824632284946777,0.0,0.0,0.03736384015082331,90
120.02,0.03890425230328988,0.005922022909346955,0.0010822626824579774,0.0,0.0,0.03737612625342284,90
120.04,0.03891785251712662,0.0059249802173428155,0.001082060845500558,0.0,0.0,0.037388900994461245,90
120.06,0.038931926447732794,0.005927870693882857,0.0010818580007059741,0.0,0.0,0.03740216522597288,90
120.08,0.03894647398641929,0.00593069397687097,0.001081653938445026,0.0,0.0,0.037415919194043516,90
120.10000000000001,0.038961494399981055,0.00593344971263268,0.0010814486309229283,0.0,0.0,0.03743016253386256,90
120.12,0.03897698632995479,0.0059361375595392936,0.0010812420427167423,0.0,0.0,0.03744489426926612,90
120.14,0.03899294779625808,0.0059387571962332755,0.0010810341668814904,0.0,0.0,0.0374601128165965,90
120.16,0.03900937620486971,0.00594130828127264,0.0010808607759156597,0.0,0.0,0.03747581599253601,90
120.18,0.03902626835904528,0.00594379053443701,0.0010806958402251893,0.0,0.0,0.037492001025409005,90
120.2,0.03904362047340244,0.005946490009273819,0.001080529543594394,0.0,0.0,0.03750866456928938,90
120.22,0.03906142819007236,0.005950597329216667,0.001080361897250769,0.0,0.0,0.037525802720115464,90
120.24000000000001,0.03907968659600293,0.005954627818102972,0.0010801928977894363,0.0,0.0,0.03754341103290568,90
120.26,0.039098390240427064,0.005958581082294128,0.0010800225405869321,0.0,0.0,0.03756148453909829,90
120.28,0.03911753315148122,0.005962456736880204,0.0010798508376674933,0.0,0.0,0.037580017763012515,90
120.3,0.039137108850982316,0.005966254431106341,0.0010796779006361115,0.0,0.0,0.037599004736451766,90
120.32000000000001,0.03915696474729785,0.0059699936393049,0.0010794968405746777,0.0,0.0,0.037618956459063636,89
120.34,0.03917722524573144,0.0059736752706265744,0.0010793137765751856,0.0,0.0,0.03763947550991259,89
120.36,0.03919789645326163,0.0059773026873851534,0.0010791293600301238,0.0,0.0,0.03766042568949862,89
120.38,0.039218969947977314,0.005980850741103489,0.001078943590086555,0.0,0.0,0.037681799138123154,89
120.4,0.03924043682143299,0.005984319093614739,0.001078756469344834,0.0,0.0,0.03770358752335526,89
120.42,0.039262296808695266,0.005987707413994146,0.0010785680225579412,0.0,0.0,0.037725782030730695,89
120.44,0.03928454618811281,0.005991015378610155,0.0010783782197664013,0.0,0.0,0.037748373350543714,89
120.46000000000001,0.03930715933408589,0.0059942426713105665,0.001078187060175937,0.0,0.0,0.03777135166153249,89
120.48,0.039330125263684707,0.005997388983759945,0.0010779945498274694,0.0,0.0,0.03779470661254929,89
120.5,0.0393534324306649,0.006000454015940015,0.0010778006948436332,0.0,0.0,0.03781854378731239,89
120.52,0.039377068707032406,0.006003437476819772,0.0010776055343666676,0.0,0.0,0.03784319253773994,89
120.54,0.039401021367152005,0.006006339085196483,0.0010774093480545846,0.0,0.0,0.03786818281904031,89
120.56,0.03942527707620072,0.006009158570702991,0.001077212309858749,0.0,0.0,0.03789350198808828,89
120.58,0.03944982188476683,0.006011895674970746,0.0010770141255426549,0.0,0.0,0.03791913680340665,89
120.60000000000001,0.03947464123130706,0.006014550152932287,0.0010768146766455863,0.0,0.0,0.037945073428248904,89
120.62,0.03949971995399741,0.006017121774241265,0.0010766138616839476,0.0,0.0,0.03797129744314072,89
120.64,0.03952504231324839,0.006019647831515174,0.0010764116662701278,0.0,0.0,0.03799779386914828,89
120.66,0.039550592025813985,0.006022100086109185,0.0010762429862263311,0.0,0.0,0.03802454720280037,89
120.68,0.03957635231101837,0.006024468876769073,0.0010760736729062506,0.0,0.0,0.038051541463185644,89
120.7,0.039602305949173904,0.006026754045432632,0.0010759351938313183,0.0,0.0,0.038078760251297,89
120.72,0.03962843535179122,0.00602895545857257,0.0010758121552833237,0.0,0.0,0.03810681757417077,89
120.74000000000001,0.03965472264271004,0.006031073006639092,0.0010756877517342231,0.0,0.0,0.03813523106257223,89
120.76,0.03968114974883417,0.006033106605394913,0.0010755619786679666,0.0,0.0,0.038163815976676084,89
120.78,0.039707698498756085,0.006035056197099485,0.0010754348267094315,0.0,0.0,0.038192995970063384,90
120.8,0.03973436688762926,0.006036921751514699,0.0010753062929995296,0.0,0.0,0.03822266431875898,90
120.82000000000001,0.0397611289456702,0.006038703266709306,0.0010751763748606158,0.0,0.0,0.03825245037164906,90
120.84,0.03978795871678668,0.006040400769644895,0.0010750450763070414,0.0,0.0,0.03828233730148959,90
120.86,0.03981483870323728,0.006042032700271084,0.001074912399855395,0.0,0.0,0.03831230864356333,90
120.88,0.03984222101322912,0.0060435877463248435,0.0010747783439331233,0.0,0.0,0.03834234840097622,90
120.9,0.039869842244891214,0.006045059006703723,0.0010746428962007427,0.0,0.0,0.03837244114383616,90
120.92,0.039897463212547155,0.006046446625218135,0.0010745060579729082,0.0,0.0,0.03840257210018558,90
120.94,0.03992529338379733,0.006047750774048728,0.0010743678513053705,0.0,0.0,0.038432727236824324,90
120.96000000000001,0.03995337954257177,0.0060489716529967714,0.0010742284252709734,0.0,0.0,0.038462893328471456,90
120.98,0.039981421474011965,0.006050109488557644,0.001074089685424742,0.0,0.0,0.03849305801405555,89
121.0,0.04000940642972343,0.006051164532841015,0.001073983729225751,0.0,0.0,0.038523209839278254,89
121.02,0.040037322552301434,0.006052137068593994,0.001073876474919494,0.0,0.0,0.03855333828495002,89
121.04,0.0400651588873675,0.006053027460485309,0.0010737900229230142,0.0,0.0,0.038583433780936566,89
121.06,0.040092905381287465,0.0060538359587208644,0.0010737105305709531,0.0,0.0,0.03861348770587192,89
121.08,0.040120945458333813,0.006054562905807201,0.0010736297066797904,0.0,0.0,0.03864349237307983,89
121.10000000000001,0.04014943758928467,0.006055208673440199,0.0010735475707072852,0.0,0.0,0.03867344100339911,89
121.12,0.040177842288393904,0.00605577363074819,0.0010734755696968456,0.0,0.0,0.03870332768582599,90
121.14,0.04020615363846512,0.006056258168226704,0.0010734527683262604,0.0,0.0,0.03873314732707211,90
121.16,0.04023436645217609,0.006056662694310609,0.0010734366587554925,0.0,0.0,0.03876289559129081,90
121.18,0.040262476202218705,0.006056987630744386,0.0010734192547933437,0.0,0.0,0.038792568831351674,90
121.2,0.04029047894442202,0.006057233411358112,0.0010734004700939492,0.0,0.0,0.03882216401314592,90
121.22,0.040318371235420564,0.006057400489958839,0.0010734017469585507,0.0,0.0,0.03885167863448755,90
121.24000000000001,0.040346150046491176,0.006057489312582766,0.0010734239050980636,0.0,0.0,0.038881110640235965,90
121.26,0.04037381267522311,0.006057500342595829,0.0010734491855281846,0.0,0.0,0.03891045833530759,90
121.28,0.04040119777688561,0.0060574340518690884,0.001073474690044341,0.0,0.0,0.03893955918394083,90
121.3,0.040428366773528554,0.006057290889702872,0.0010735001346142796,0.0,0.0,0.03896847567016681,90
121.32000000000001,0.04045541293872815,0.006057071346159716,0.0010735242508426433,0.0,0.0,0.038997304462119665,91
121.34,0.04048233400704281,0.006056775913922059,0.0010735469989259319,0.0,0.0,0.03902604445121282,91
121.36,0.040509127623304324,0.0060564488479636375,0.0010735683711350624,0.0,0.0,0.03905469448052148,92
121.38,0.04053579127538326,0.006056050231636155,0.0010735883670808717,0.0,0.0,0.03908325327928403,92
121.4,0.04056232223535211,0.006055577207353161,0.0010736069863629123,0.0,0.0,0.039111719405877224,92
121.42,0.04058874022720427,0.006056344340288753,0.0010736242706420932,0.0,0.0,0.03914009120022575,92
121.44,0.040615268270011044,0.006057119608340422,0.001073640237116388,0.0,0.0,0.039168366746373376,92
121.46000000000001,0.04064250634987648,0.006057817055275573,0.0010736548268572607,0.0,0.0,0.03919654384568869,92
121.48,0.040669632976748075,0.006058439752156908,0.00107366803858662,0.0,0.0,0.03922462000091556,92
121.5,0.040696644969254264,0.006059013002972053,0.00107367987160901,0.0,0.0,0.0392525924110161,92
121.52,0.04072341529181711,0.006059510089528814,0.0010736666143512275,0.0,0.0,0.03928035202982917,93
121.54,0.04075001192562934,0.006059931621915214,0.0010736420778239063,0.0,0.0,0.03930795705278044,93
121.56,0.040776483030421876,0.006060278185765891,0.001073616257968754,0.0,0.0,0.03933544863597365,93
121.58,0.04080282431448089,0.006060550353710559,0.0010735891424922287,0.0,0.0,0.03936282291133736,92
121.60000000000001,0.040829031288929285,0.0060607486942422725,0.0010735607259494352,0.0,0.0,0.03939007582509364,92
121.62,0.0408550993137415,0.006060873778740971,0.0010735536687613756,0.0,0.0,0.039417203184031774,92
121.64,0.04088097585752957,0.006060926182062247,0.0010735507078297808,0.0,0.0,0.03944415554741898,92
121.66,0.04090660192182746,0.006060906455613089,0.0010735409849944744,0.0,0.0,0.03947087737753119,92
121.68,0.04093207500396183,0.00606081512355967,0.0010735299124028396,0.0,0.0,0.039497461040882004,93
121.7,0.04095739040040518,0.0060606527634225965,0.0010735174881191874,0.0,0.0,0.03952390233029728,93
121.72,0.04098249155819913,0.0060604199524244475,0.0010734901399262644,0.0,0.0,0.03955015880971356,94
121.74000000000001,0.04100740458715415,0.006060117240292185,0.0010734558690358635,0.0,0.0,0.03957624910833196,94
121.76,0.04103214680259939,0.006059745190850608,0.0010734592108535923,0.0,0.0,0.03960218545663124,94
121.78,0.041056714360361665,0.006059304376740944,0.0010734639104323321,0.0,0.0,0.039627964561320596,94
121.8,0.04108104916480036,0.006058795367752231,0.001073477860318968,0.0,0.0,0.0396535184549653,94
121.82000000000001,0.04110550603213921,0.006058218728411392,0.00107349417841185,0.0,0.0,0.03967888733281504,94
121.84,0.04113010010035081,0.0060575750202004515,0.001073509193857712,0.0,0.0,0.03970409155940793,94
121.86,0.04115450721683631,0.006056864800310955,0.0010735228462966004,0.0,0.0,0.03972912955006965,94
121.88,0.04117872568880663,0.006056088620389651,0.0010735350976205814,0.0,0.0,0.03975400023830151,94
121.9,0.04120275435033935,0.006055247038903409,0.0010735459147870492,0.0,0.0,0.03977982818281461,94
121.92,0.041226592580954985,0.006054340622286795,0.001073555320302381,0.0,0.0,0.03980563865100108,94
121.94,0.04125024031794969,0.006053369860914332,0.0010735633366624855,0.0,0.0,0.03983127916667088,95
121.96000000000001,0.04127369806241099,0.006052335277890942,0.0010735699173925375,0.0,0.0,0.03985675092996459,96
121.98,0.04129722742791279,0.0060512373877067436,0.0010735750613390586,0.0,0.0,0.03988205572348008,96
122.0,0.04132107655762953,0.00605007669570232,0.0010735787656273117,0.0,0.0,0.03990719590619123,96
122.02,0.04134473933535214,0.00604885369756854,0.00107358149562,0.0,0.0,0.03993217440114916,96
122.04,0.04136821845247953,0.006047568878884314,0.0010735828269616487,0.0,0.0,0.039956994677060535,95
122.06,0.04139151710028676,0.006046222714695757,0.0010735827283077514,0.0,0.0,0.03998166072386384,95
122.08,0.04141457267156385,0.006044815669140247,0.001073583875014063,0.0,0.0,0.04000617827335418,96
122.10000000000001,0.041437448517473795,0.0060433481891060585,0.0010735838625951146,0.0,0.0,0.04003125737333417,96
122.12,0.041460156203550196,0.006041825341679713,0.0010735824494655037,0.0,0.0,0.04005619494841402,96
122.14,0.041482700554858754,0.006040297461854711,0.0010736028619762164,0.0,0.0,0.04008099672078145,96
122.16,0.04150508668653628,0.006038710348452994,0.0010736361392460223,0.0,0.0,0.04010566872815692,96
122.18,0.04152731994661575,0.0060370643652567745,0.0010736680519785892,0.0,0.0,0.040130217267450016,96
122.2,0.04154940585458138,0.006035359906231008,0.0010736985921385184,0.0,0.0,0.04015464883418965,96
122.22,0.04157135003614238,0.006033597353382627,0.0010737277600376776,0.0,0.0,0.040178970058218424,96
122.24000000000001,0.04159315865296038,0.006031777076884777,0.0010737555538468282,0.0,0.0,0.04020318763623717,96
122.26,0.041614956954810885,0.0060298994397678385,0.0010737819712298977,0.0,0.0,0.040227308261889555,96
122.28,0.041636631326089225,0.006027964787866265,0.0010738070108050318,0.0,0.0,0.04025133855418775,96
122.3,0.041658187120380774,0.00602597345430395,0.001073831036028205,0.0,0.0,0.04027528498519112,96
122.32000000000001,0.04167962943890971,0.006023925764800646,0.0010738537541210129,0.0,0.0,0.04029915380795521,96
122.34,0.04170096305862541,0.006021822035110333,0.0010738751427877538,0.0,0.0,0.04032295098586128,96
122.36,0.04172219236278579,0.006019662571652565,0.0010738951627682837,0.0,0.0,0.04034668212450599,96
122.38,0.04174332127525694,0.006017447672227296,0.0010739138083854529,0.0,0.0,0.04037035240737358,96
122.4,0.04176501216566443,0.006015177626809225,0.0010739311002617188,0.0,0.0,0.040393966536516585,96
122.42,0.04178671849259373,0.0060128527184162605,0.0010739470192338075,0.0,0.0,0.040417528679434565,96
122.44,0.04180850072867167,0.0060104732240449585,0.0010739615584432391,0.0,0.0,0.040441042423257904,96
122.46000000000001,0.041830790453716384,0.006008039415664373,0.001073974704285045,0.0,0.0,0.040464510737216665,96
122.48,0.04185298820756976,0.006005551561258148,0.0010740089362502876,0.0,0.0,0.04048793594420535,96
122.5,0.041875094133926,0.006003009925903497,0.001074049096885017,0.0,0.0,0.04051131970205071,96
122.52,0.04189710765372241,0.006000414772874609,0.0010740879012485329,0.0,0.0,0.04053474054336007,96
122.54,0.04191902746466813,0.005997766364757183,0.0010741253067299826,0.0,0.0,0.04055855950712716,96
122.56,0.041941763450217724,0.00599506500666059,0.0010741613182454544,0.0,0.0,0.04058231590323608,96
122.58,0.041964376073064,0.0059923109662397755,0.0010741960029233245,0.0,0.0,0.04060597772683495,96
122.60000000000001,0.041987079556911514,0.005989504462400233,0.0010742290993542255,0.0,0.0,0.040629522097639884,96
122.62,0.04201032996414811,0.005986645713068181,0.0010742606441511212,0.0,0.0,0.04065296904752134,96
122.64,0.04203352444071711,0.005983734962564203,0.0010742907352893419,0.0,0.0,0.04067636767601854,96
122.66,0.04205665947264439,0.005980772502798007,0.0010743193841266639,0.0,0.0,0.040700251061496565,96
122.68,0.04207973112697351,0.0059777586224486505,0.00107434671174973,0.0,0.0,0.04072408901202372,96
122.7,0.04210273511325685,0.005974693603414749,0.0010743725940083315,0.0,0.0,0.04074786726310689,97
122.72,0.04212566684753697,0.0059715777475877,0.0010743970160071604,0.0,0.0,0.04077158160382905,96
122.74000000000001,0.04214852151744965,0.005968411365010377,0.0010744199732038529,0.0,0.0,0.0407952276014831,96
122.76,0.04217129414707995,0.005965194774292331,0.0010744414631111453,0.0,0.0,0.040818800666609166,97
122.78,0.0421939796602335,0.005961928302913739,0.0010744814090446583,0.0,0.0,0.040842296116457406,97
122.8,0.04221657294084817,0.005958612287417197,0.001074539985319572,0.0,0.0,0.04086570923560156,97
122.82000000000001,0.04223906888936914,0.005955247073719578,0.001074597134146511,0.0,0.0,0.040889035332525796,97
122.84,0.042261462474043575,0.00595183301806923,0.00107465285264067,0.0,0.0,0.04091226979114074,98
122.86,0.04228374877625846,0.005948370482582819,0.0010747071380955572,0.0,0.0,0.04093540811635167,98
122.88,0.042305924378307734,0.005944859839802147,0.0010747601630770938,0.0,0.0,0.04095844597299847,98
122.9,0.04232812628122454,0.005941301470706969,0.0010748117749277406,0.0,0.0,0.04098137921770685,98
122.92,0.04235026535437726,0.005937695764315911,0.0010748619470748017,0.0,0.0,0.041004203923423944,98
122.94,0.04237228123362334,0.005934043117216085,0.001074910721916526,0.0,0.0,0.04102715456735152,97
122.96000000000001,0.04239417002754224,0.0059303439330314536,0.00107495806956645,0.0,0.0,0.04105020210383119,97
122.98,0.04241592808331283,0.005927153074355945,0.001075003997082561,0.0,0.0,0.04107313017934487,97
123.0,0.04243755198401006,0.005924490824951259,0.0010750485448312711,0.0,0.0,0.04109593583646417,97
123.02,0.042459322251664613,0.005921780146397228,0.001075091669873972,0.0,0.0,0.041118616354895936,97
123.04,0.04248119270824667,0.005919021427688136,0.0010751333438808394,0.0,0.0,0.04114116923950289,97
123.06,0.04250291934427738,0.005916215060942275,0.0010751736044833735,0.0,0.0,0.04116359220495497,97
123.08,0.04252449956912839,0.005913361440671672,0.001075212553633059,0.0,0.0,0.04118631184103224,97
123.10000000000001,0.04254593095483516,0.005910869495004204,0.0010752865529027413,0.0,0.0,0.041208919997721756,97
123.12,0.04256721121616432,0.0059084414444653885,0.001075361154035576,0.0,0.0,0.04123139187738916,97
123.14,0.042588338191039944,0.005905963022943246,0.0010754342738538275,0.0,0.0,0.04125372584711435,97
123.16,0.042609309822091865,0.005903434655566582,0.001075505956086316,0.0,0.0,0.041275920389777135,97
123.18,0.042630124139984696,0.005900856764685421,0.0010755763129656928,0.0,0.0,0.041297974087684326,97
123.2,0.04265110887253407,0.00589822977387726,0.0010756452725169412,0.0,0.0,0.04131988560852579,97
123.22,0.04267207983383053,0.00589555411018341,0.0010757127958566056,0.0,0.0,0.04134165369408589,97
123.24000000000001,0.042692898665657834,0.005892830188937109,0.0010757789741108656,0.0,0.0,0.04136327715201982,97
123.26,0.042713563882202,0.005890058427273201,0.0010758438311777485,0.0,0.0,0.04138475485089232,97
123.28,0.04273407405078949,0.005887239242459799,0.0010759072064471479,0.0,0.0,0.041406085718569824,97
123.3,0.04275439748737107,0.005884373043148208,0.0010759688751928688,0.0,0.0,0.04142723869177027,97
123.32000000000001,0.04277451869807469,0.005881460233622414,0.001076028735221437,0.0,0.0,0.04144819876915318,96
123.34,0.04279448099214031,0.005878501183642034,0.0010760871045865643,0.0,0.0,0.041469009267471255,96
123.36,0.04281428319717884,0.005875496286882078,0.0010761680640790049,0.0,0.0,0.04148966940055128,96
123.38000000000001,0.042833927606526635,0.005872445930739895,0.001076254607932444,0.0,0.0,0.04151017848038084,96
123.4,0.04285343102071315,0.005869350495866507,0.0010763403782628712,0.0,0.0,0.041530535932421106,96
123.42,0.0428727716226543,0.005866210355724404,0.001076424641749275,0.0,0.0,0.04155074131248083,96
123.44,0.04289194870333229,0.005863025876171762,0.00107650737424753,0.0,0.0,0.041570794324618056,96
123.46000000000001,0.04291096171316573,0.0058597974150733055,0.0010765886230722204,0.0,0.0,0.04159069483948492,96
123.48,0.04292981028004324,0.005856525321938438,0.0010766683465470727,0.0,0.0,0.04161063167972795,96
123.5,0.04294849422651095,0.005853209937587646,0.0010767465337890763,0.0,0.0,0.04163068213414359,96
123.52,0.04296703410164038,0.005849851593848657,0.0010768232323402735,0.0,0.0,0.04165058029041504,96
123.54,0.042985414764529904,0.005846450613284289,0.0010768984470119888,0.0,0.0,0.04167032685537973,96
123.56,0.04300363174192946,0.005843007308954463,0.0010769729705871543,0.0,0.0,0.041689983810016464,96
123.58,0.04302190508495982,0.00583952198421532,0.0010770462381217124,0.0,0.0,0.04171023974693158,96
123.60000000000001,0.04304057133879985,0.005837521242705161,0.0010771181505748236,0.0,0.0,0.04173034550182526,96
123.62,0.043059075620159426,0.005835484897543625,0.0010771894503338994,0.0,0.0,0.04175030278293419,96
123.64,0.04307741938584344,0.005833398530455446,0.0010772591885624347,0.0,0.0,0.04177011354360187,96
123.66,0.04309583559859225,0.0058312624697844425,0.0010773273631261104,0.0,0.0,0.041789779970274686,96
123.68,0.043114448628501535,0.005829077033400593,0.001077393971957583,0.0,0.0,0.0418093044648151,96
123.7,0.043132914463295154,0.005826842528731158,0.0010774590130430291,0.0,0.0,0.04182868962101143,96
123.72,0.043151226991711374,0.005824559252869161,0.001077522484994853,0.0,0.0,0.04184793819530562,97
123.74000000000001,0.043169407843973585,0.0058222274927641,0.0010775843860272062,0.0,0.0,0.04186705307191435,97
123.76,0.04318813075596166,0.005819847525499681,0.001077644713412283,0.0,0.0,0.041886037222687265,97
123.78,0.04320679175571927,0.005817419618662793,0.00107770413611204,0.0,0.0,0.04190489366222237,98
123.8,0.04322530806601162,0.005814944030807292,0.0010777621970592948,0.0,0.0,0.04192362539894342,98
123.82000000000001,0.043243682051400084,0.005812421012015166,0.001077818708784327,0.0,0.0,0.041942235383029894,98
123.84,0.04326214028280428,0.005809850804556302,0.0010778736513680372,0.0,0.0,0.04196072645227246,98
123.86,0.04328083750824583,0.005807233643646539,0.0010779270223921055,0.0,0.0,0.04197910127709581,98
123.88000000000001,0.043299397678298435,0.005804569769140719,0.0010779788192746575,0.0,0.0,0.041997362306138916,98
123.9,0.043317822334210734,0.005801859461638778,0.0010780290392509546,0.0,0.0,0.04201551171389727,98
123.92,0.043336112681485336,0.0057991029151029366,0.0010780776793571593,0.0,0.0,0.04203355135200235,98
123.94,0.04335426954600066,0.005796300306402342,0.001078124736417885,0.0,0.0,0.04205148270572867,98
123.96000000000001,0.043372293336886074,0.005793451847180374,0.0010781702070383164,0.0,0.0,0.04206981548336679,98
123.98,0.043390184017570346,0.005790559528520771,0.0010782141070701421,0.0,0.0,0.04208814676799935,99
124.0,0.043407941086229966,0.005787645974963056,0.0010782564886389308,0.0,0.0,0.04210637090254943,99
124.02,0.04342556356659773,0.005784687235775587,0.001078334681138746,0.0,0.0,0.04212448762797105,99
124.04,0.04344305000976357,0.005781683492015496,0.0010784126972228716,0.0,0.0,0.04214249622800783,99
124.06,0.04346039850722292,0.005778634967088531,0.0010784891705583979,0.0,0.0,0.042160395542725854,99
124.08,0.04347760671502011,0.005775541889898659,0.0010785641413648438,0.0,0.0,0.04217818399315965,99
124.10000000000001,0.04349467188842008,0.00577240450631808,0.0010786377856105195,0.0,0.0,0.0421958596165054,99
124.12,0.043511679345863065,0.005769223058716694,0.0010787099289318132,0.0,0.0,0.04221342011089848,99
124.14,0.04352893920754545,0.005765997789375217,0.001078780552475962,0.0,0.0,0.042230874984336454,99
124.16,0.043546045203415415,0.005762728975989272,0.0010788495942634525,0.0,0.0,0.042248968320937934,99
124.18,0.04356296960704954,0.005759438184326892,0.0010789170594886481,0.0,0.0,0.042266912321686195,99
124.2,0.043579662198619806,0.00575613271885828,0.0010789829745022363,0.0,0.0,0.042285060154726724,99
124.22,0.043596201230913664,0.005752784544246669,0.0010790474138557878,0.0,0.0,0.04230311867522322,99
124.24000000000001,0.043612570960074225,0.005749393854082835,0.001079110251109181,0.0,0.0,0.04232104206724287,99
124.26,0.043629089372563004,0.005745960964648001,0.0010791714790299018,0.0,0.0,0.04233882739209566,99
124.28,0.04364560016381715,0.005742486203737924,0.001079231088751728,0.0,0.0,0.042356471876882615,99
124.3,0.04366192979398469,0.005738969910528668,0.0010792890752198798,0.0,0.0,0.042373972968899165,99
124.32000000000001,0.04367802631263161,0.005735412435322382,0.0010793451682800119,0.0,0.0,0.04239128008145118,99
124.34,0.04369390717726546,0.0057318141236626695,0.0010793994755242033,0.0,0.0,0.042408411572739266,100
124.36,0.04370960870488149,0.0057281753379606086,0.0010794525748789405,0.0,0.0,0.042425393860172966,100
124.38000000000001,0.043725129601070944,0.005724496459412444,0.0010795043135407411,0.0,0.0,0.042442225672324974,100
124.4,0.04374045603542745,0.005720777878363035,0.0010795544243788805,0.0,0.0,0.04245890611901035,100
124.42,0.043755474234371795,0.005717019993636845,0.0010795976325560534,0.0,0.0,0.04247532806073006,100
124.44,0.04377027607052568,0.0057134110371422535,0.0010796375373571421,0.0,0.0,0.042491561644873485,100
124.46000000000001,0.04378488097900046,0.005710899652220189,0.0010796758540782222,0.0,0.0,0.04250764380365762,100
124.48,0.043799287417210564,0.005708347735182896,0.0010797129824539912,0.0,0.0,0.04252357519185933,100
124.5,0.04381349512579012,0.005705755190977868,0.0010797488183238975,0.0,0.0,0.04253935682551955,100
124.52,0.04382750415358197,0.0057031224448860635,0.0010797836359308114,0.0,0.0,0.042554990062692526,100
124.54,0.04384131483416801,0.005700449889287441,0.0010798186454817305,0.0,0.0,0.042570476581145954,100
124.56,0.043854927760217446,0.005697792288628854,0.0010798520482185503,0.0,0.0,0.04258581835392265,100
124.58,0.043868343756543006,0.005695201862525437,0.0010798853374720157,0.0,0.0,0.04260101762365632,100
124.60000000000001,0.043881563852717236,0.005692932911880541,0.001079949868218882,0.0,0.0,0.042616076876496205,101
124.62,0.04389458925604927,0.005691622103246344,0.0010800127677687288,0.0,0.0,0.04263099881644419,101
124.64,0.043907421325655185,0.005690270174294888,0.0010800740374292018,0.0,0.0,0.04264578634084066,101
124.66,0.04392004737358445,0.0056888775249090305,0.0010801344195992932,0.0,0.0,0.042660350466147474,101
124.68,0.043932896578624474,0.005687444496554113,0.0010801935203733628,0.0,0.0,0.042674783439285956,101
124.7,0.043945556651017174,0.005685971485077757,0.0010802514553577521,0.0,0.0,0.042689091758111364,101
124.72,0.04395802934077736,0.005684458886275262,0.001080307849069045,0.0,0.0,0.04270327889203231,101
124.74000000000001,0.04397031645587097,0.005682907093359428,0.0010803626076934586,0.0,0.0,0.042717348417989714,101
124.76,0.04398241985295798,0.005681316496434795,0.0010804157334582997,0.0,0.0,0.042731304013036764,101
124.78,0.043994341431521845,0.005679687482001781,0.0010804672288323618,0.0,0.0,0.042745149450394086,101
124.8,0.04400693007657361,0.0056780204324903,0.0010805170965049087,0.0,0.0,0.042758888598823215,101
124.82000000000001,0.04401945656205507,0.0056763157258223566,0.0010805653393638544,0.0,0.0,0.04277252542504111,101
124.84,0.04403184383313129,0.005674573735002995,0.001080611960473223,0.0,0.0,0.04278606399878557,101
124.86,0.044044085789406384,0.005672794827738981,0.0010806569630499561,0.0,0.0,0.04279950850004286,101
124.88000000000001,0.04405618546677231,0.005670979366084404,0.0010807003710969659,0.0,0.0,0.042813067077262186,101
124.9,0.044068145999301124,0.005669127706112513,0.0010807421677258382,0.0,0.0,0.04282683216843836,101
124.92,0.044079970628233295,0.005667240197612932,0.0010807832330645753,0.0,0.0,0.042840515842694445,101
124.94,0.04409166271048598,0.005665317183813472,0.0010808227875523748,0.0,0.0,0.04285412281582339,101
124.96000000000001,0.04410322572597846,0.005663359001125732,0.0010808608713565625,0.0,0.0,0.042867657960651916,101
124.98,0.04411466328308962,0.00566136598958691,0.0010808974369917043,0.0,0.0,0.042881126313744945,101
125.0,0.04412597912159992,0.005659338460957958,0.0010809324732426735,0.0,0.0,0.04289453307966118,101
125.02,0.044137177112523664,0.0056574552294439955,0.001080965930479046,0.0,0.0,0.04290788363216858,101
125.04,0.04414826125430318,0.005657173890646927,0.0010809978919878362,0.0,0.0,0.04292118351189357,101
125.06,0.04415923566491531,0.005657581700818862,0.0010810282852066599,0.0,0.0,0.042934438419957484,101
125.08,0.044170104569527566,0.0056579483297223825,0.0010810571190203444,0.0,0.0,0.04294765420723986,101
125.10000000000001,0.04418088704561806,0.005658274029921371,0.0010810843946811098,0.0,0.0,0.042960836859003586,101
125.12,0.04419158457049484,0.0056585590443700776,0.001081110239504553,0.0,0.0,0.042973992474717636,101
125.14,0.04420229231699103,0.005658803414375138,0.0010811347900862964,0.0,0.0,0.04298712724301982,101
125.16,0.044212923709399526,0.005659007299705839,0.0010811585396074193,0.0,0.0,0.04300024741187217,101
125.18,0.044223472647437936,0.005659170850877583,0.001081180988216198,0.0,0.0,0.04301344236034038,101
125.2,0.04423394347801577,0.005659294209272776,0.0010812019321933904,0.0,0.0,0.04302738813261162,101
125.22,0.04424434043512347,0.005660745303585331,0.001081221776469539,0.0,0.0,0.04304133576165244,101
125.24000000000001,0.044254667591287565,0.005662353847286053,0.0010812400632151309,0.0,0.0,0.04305548246899477,100
125.26,0.04426492880613721,0.0056639183589820554,0.0010812568538176063,0.0,0.0,0.04306991604226333,100
125.28,0.04427573089054213,0.0056654389165453544,0.0010812914236461887,0.0,0.0,0.043084368684867924,100
125.3,0.044286655043076203,0.005666915590015649,0.0010813472680271503,0.0,0.0,0.0430988458923819,101
125.32000000000001,0.04429798374359978,0.005668348441928397,0.00108140174214589,0.0,0.0,0.043113352853183344,101
125.34,0.04430967804498342,0.005669737527673562,0.001081454636100702,0.0,0.0,0.0431278943968547,100
125.36,0.04432134484663124,0.005671082895881418,0.0010815059480277145,0.0,0.0,0.04314247494448864,101
125.38000000000001,0.04433337609565321,0.005672384588830993,0.0010815557270247647,0.0,0.0,0.04315709846201095,101
125.4,0.044345491713416084,0.0056736426428773325,0.001081604010394037,0.0,0.0,0.04317176841762682,101
125.42,0.044357584015446,0.0056748570913941285,0.001081650703194138,0.0,0.0,0.04318648774445848,101
125.44,0.044369653422827296,0.00567602795771289,0.001081695802421353,0.0,0.0,0.04320125880936925,101
125.46000000000001,0.044381826899614785,0.005677155263050294,0.0010817394020993828,0.0,0.0,0.04321608338886078,101
125.48,0.04439472036436572,0.005678239024451074,0.0010817814919886867,0.0,0.0,0.043230962652789015,101
125.5,0.04440761335227764,0.0056792792552040686,0.0010818703154648497,0.0,0.0,0.04324589715647549,101
125.52,0.04442050432805692,0.005680275965235057,0.001081958371654976,0.0,0.0,0.0432608868415978,101
125.54,0.04443339110785109,0.005681229161469642,0.0010820448096546104,0.0,0.0,0.043275931046032966,101
125.56,0.044446316113806186,0.005682138848160021,0.0010821295630508339,0.0,0.0,0.04329102852261026,101
125.58,0.0444598834987148,0.005683005027170221,0.0010822127383262334,0.0,0.0,0.04330617746650953,101
125.60000000000001,0.04447343546279414,0.005683827698215302,0.0010822942112386998,0.0,0.0,0.04332137555082792,101
125.62,0.04448696748081934,0.005684606859051182,0.0010823739905584436,0.0,0.0,0.043336619969637794,101
125.64,0.044500474543690244,0.005685359982522603,0.0010824520726937193,0.0,0.0,0.04335190748767716,101
125.66,0.04451395121151503,0.005686099898466554,0.0010825284394184655,0.0,0.0,0.0433672344956588,101
125.68,0.044527391671070005,0.005687674624940914,0.0010826030866489334,0.0,0.0,0.04338259707005585,100
125.7,0.0445407673802506,0.005689678867258646,0.0010826760274053357,0.0,0.0,0.04339796864280725,100
125.72,0.044554036315940376,0.005692116407166439,0.0010827473175168702,0.0,0.0,0.04341330924254887,100
125.74000000000001,0.044567250072046004,0.005695389665571661,0.0010828169596844555,0.0,0.0,0.04342867248652913,100
125.76,0.04458040195957681,0.005698647995100212,0.001082884868492608,0.0,0.0,0.04344405383728198,99
125.78,0.04459348522432219,0.005701859645018745,0.0010829510410898934,0.0,0.0,0.04345944876453615,99
125.8,0.04460677162152771,0.0057050204519694964,0.001083015495183932,0.0,0.0,0.04347485280502981,99
125.82000000000001,0.04462049341120573,0.005708130318595611,0.0010830782082291734,0.0,0.0,0.043490261618124096,99
125.84,0.04463412539593007,0.005711189177640439,0.0010831391779228471,0.0,0.0,0.04350567103628941,99
125.86,0.04464766108176438,0.005714196973367841,0.0010831984026412774,0.0,0.0,0.04352107710970733,99
125.88000000000001,0.04466128940080832,0.005717153644758587,0.0010832558810836867,0.0,0.0,0.043536476144418634,99
125.9,0.04467550092932853,0.005720059085741503,0.0010833116171503458,0.0,0.0,0.04355186473365178,98
125.92,0.04468962265435179,0.005722913214184479,0.0010833658968754235,0.0,0.0,0.04356723978218051,98
125.94,0.04470364960153783,0.005725715943581942,0.0010834184868174013,0.0,0.0,0.043582598523777376,98
125.96000000000001,0.044717577057358564,0.005728467182835765,0.0010834693251826713,0.0,0.0,0.04359835844173633,98
125.98,0.044731478007295954,0.005731166837222392,0.0010835184136859367,0.0,0.0,0.0436145364789151,99
126.0,0.04474725199836576,0.00573381480937659,0.0010835657509935784,0.0,0.0,0.04363068958836953,99
126.02,0.044763679060082044,0.00573641099843279,0.0010836113428769512,0.0,0.0,0.04364681637408976,99
126.04,0.044780060433706755,0.005738955284001232,0.0010836556389026066,0.0,0.0,0.04366291577017586,99
126.06,0.044796394899422866,0.00574144754992009,0.001083698299697302,0.0,0.0,0.043678987029413675,99
126.08,0.04481268971210227,0.0057438977858514295,0.0010837394808077875,0.0,0.0,0.04369502971053093,99
126.10000000000001,0.04482894985191378,0.005746312776756075,0.0010837789381227872,0.0,0.0,0.04371104366531144,99
126.12,0.044845161145376726,0.005748675357942183,0.0010838169752637732,0.0,0.0,0.043727029026705305,99
126.14,0.04486132347423847,0.005750985392827646,0.0010838535737192302,0.0,0.0,0.04374298619897649,99
126.16,0.04487745775706684,0.005753242739939276,0.0010838885624459159,0.0,0.0,0.043758915850779165,99
126.18,0.04489354479398243,0.005755447345591147,0.0010839218519130115,0.0,0.0,0.0437748189118548,99
126.2,0.044909584016210806,0.005757599130610762,0.0010839631480662698,0.0,0.0,0.043790696573802475,99
126.22,0.044925576303671694,0.005759697777244547,0.0010840383622535022,0.0,0.0,0.043806550295105696,99
126.24000000000001,0.044941522797434456,0.005761743125515592,0.0010841117995379307,0.0,0.0,0.04382238181031633,99
126.26,0.044957424912147895,0.005763735011007407,0.001084183459724524,0.0,0.0,0.04383819314301669,99
126.28,0.0449732843515709,0.005765773132098456,0.0010842533461169282,0.0,0.0,0.04385398662191944,98
126.3,0.04498910312633612,0.005767844291682196,0.001084321463558106,0.0,0.0,0.043869764899239626,98
126.32000000000001,0.0450048835728997,0.005769860848911982,0.0010843879026782223,0.0,0.0,0.0438855309702952,98
126.34,0.04502062837251003,0.005771859514266464,0.0010844526184996415,0.0,0.0,0.043901288193170414,97
126.36,0.0450363405689672,0.005773807564958878,0.001084515880829901,0.0,0.0,0.0439170960421159,97
126.38000000000001,0.04505204390878253,0.005775700446458882,0.0010845777136655693,0.0,0.0,0.04393342825546165,97
126.4,0.04506772798702831,0.005777537964990792,0.001084637803219281,0.0,0.0,0.043949763327967545,97
126.42,0.045083780644697584,0.0057793199214406015,0.0010846961936776805,0.0,0.0,0.0439661062241133,97
126.44,0.04509993136201713,0.005781046111127803,0.0010847529310300445,0.0,0.0,0.0439824623286971,97
126.46000000000001,0.04511606998618233,0.0057827414070648385,0.001084807936579158,0.0,0.0,0.04399883744298965,97
126.48,0.04513222454246324,0.00578453098169845,0.0010849016019506127,0.0,0.0,0.0440152377740706,97
126.5,0.04514838311548462,0.0057862636323511235,0.0010849946040104189,0.0,0.0,0.04403166991699655,97
126.52,0.045164546936412524,0.0057879391323529625,0.0010850859185634108,0.0,0.0,0.044048140829650334,97
126.54,0.04518072238816112,0.005789557248567604,0.0010851755478964078,0.0,0.0,0.04406465780031307,97
126.56,0.0451969161152692,0.005791117741358861,0.0010852634942702332,0.0,0.0,0.04408122840818575,97
126.58,0.045213372233074936,0.005792620364630666,0.001085371836586215,0.0,0.0,0.044097860477255994,97
126.60000000000001,0.04523046594067721,0.005794064865948554,0.0010854925225906775,0.0,0.0,0.044114562024062,97
126.62,0.04524762309949297,0.005795451722222915,0.0010856115157570584,0.0,0.0,0.044131341200046005,97
126.64,0.045264851562520386,0.005796779990931524,0.0010857288304619561,0.0,0.0,0.044148206229310843,97
126.66,0.045282159178082496,0.005798049350944303,0.0010858445964887211,0.0,0.0,0.04416516534269748,97
126.68,0.04529955372061577,0.005799259527506268,0.0010859586580288297,0.0,0.0,0.044182226709183155,97
126.7,0.045317042819838775,0.005800410242274875,0.0010860710038983006,0.0,0.0,0.04419939836565823,97
126.72,0.04533463388939889,0.005801501214471719,0.0010861816352158427,0.0,0.0,0.04421697075554808,98
126.74000000000001,0.045352334056098384,0.005803738433499719,0.0010862905529429175,0.0,0.0,0.04423485821266434,98
126.76,0.045370150090772304,0.005806065600366824,0.0010863977578709789,0.0,0.0,0.044252877964192784,98
126.78,0.04538808834182863,0.005808328373901278,0.0010865032524053127,0.0,0.0,0.04427103682210653,98
126.8,0.04540615467236701,0.005810526447704141,0.0010866070598845507,0.0,0.0,0.0442893411284457,98
126.82000000000001,0.04542435440166685,0.005812659515572657,0.001086709192757116,0.0,0.0,0.04430779669722322,98
126.84,0.04544269225168317,0.005814727272327346,0.0010868098323125021,0.0,0.0,0.044326561843363484,99
126.86,0.0454611722990149,0.005816729414617989,0.0010869088149148966,0.0,0.0,0.04434609053324467,100
126.88000000000001,0.04547979793262295,0.00581866564169703,0.001087006142958616,0.0,0.0,0.044365782471924485,100
126.9,0.04549919256405113,0.005820535656151758,0.001087101955818004,0.0,0.0,0.04438564089471849,100
126.92,0.04551891758917905,0.005822339164589885,0.0010871964747978574,0.0,0.0,0.044405668299012734,100
126.94,0.0455387926329473,0.005824377801173553,0.0010872892817574565,0.0,0.0,0.04442586641903908,100
126.96000000000001,0.04555881802598093,0.005827770929410956,0.001087380529279959,0.0,0.0,0.04444623620562687,100
126.98,0.0455789932828212,0.005831089143135327,0.0010874702515060188,0.0,0.0,0.04446677781040209,100
127.0,0.0455993170900439,0.005834332035147189,0.0010875582596628713,0.0,0.0,0.04448749057383933,100
127.02,0.045619787297633226,0.005837499205561472,0.0010876451774204897,0.0,0.0,0.04450837301655715,100
127.04,0.04564040091303095,0.005840590261267416,0.0010877305742425201,0.0,0.0,0.04452942283329128,100
127.06,0.045661154097380904,0.005843623644649289,0.001087814242923118,0.0,0.0,0.04455063688907933,100
127.08,0.04568204216364626,0.00584658560614536,0.001087896186355286,0.0,0.0,0.044572011217348675,100
127.10000000000001,0.04570305957648215,0.005849470295175216,0.001087976395804555,0.0,0.0,0.04459354101980293,100
127.12,0.04572419995398949,0.005852299124648122,0.0010880548668171354,0.0,0.0,0.04461522066824395,100
127.14,0.04574545607173568,0.005855052655902847,0.001088131628807888,0.0,0.0,0.044637043708725815,100
127.16,0.04576681986968852,0.005857727849443662,0.0010882067414684663,0.0,0.0,0.0446590028686942,100
127.18,0.04578828246294113,0.005860324386282442,0.0010882801135344376,0.0,0.0,0.04468109006799593,99
127.2,0.045809834157289446,0.005862841962927309,0.0010883517392240353,0.0,0.0,0.04470329643482441,99
127.22,0.04583146447083302,0.005865280292893146,0.0010884216127015095,0.0,0.0,0.04472561232777447,99
127.24000000000001,0.04585316216278875,0.005867639108276907,0.0010884897466698477,0.0,0.0,0.044748027365197375,99
127.26,0.04587491527062239,0.005869918161374025,0.001088557369499217,0.0,0.0,0.044770530462961,99
127.28,0.04589671115641343,0.005872117226307677,0.0010886235252884865,0.0,0.0,0.0447931098815297,99
127.3,0.0459185365630793,0.005874236100639125,0.0010886879628339678,0.0,0.0,0.044815753282988056,99
127.32000000000001,0.045940377680711235,0.005876274606925,0.0010887508677290569,0.0,0.0,0.044838447798258754,99
127.34,0.04596222022284208,0.005878232594186531,0.001088812088720662,0.0,0.0,0.04486118010433205,99
127.36,0.04598404951200269,0.005880109939256224,0.0010888720507851266,0.0,0.0,0.044883936510861235,99
127.38000000000001,0.04600585057346554,0.005881910809853177,0.0010889302867934027,0.0,0.0,0.044906703055019974,99
127.4,0.046027608235650795,0.005883651711415629,0.001088986758023148,0.0,0.0,0.044929465603094125,99
127.42,0.04604936158172387,0.005885311749858451,0.0010890414859130474,0.0,0.0,0.04495220995692673,99
127.44,0.0460711454669257,0.005886890923237628,0.0010890944255104546,0.0,0.0,0.04497492196306783,99
127.46000000000001,0.04609284197225567,0.005888389261319787,0.0010891455728829513,0.0,0.0,0.04499758762232308,99
127.48,0.04611443622687777,0.005889806825665294,0.0010891949262487087,0.0,0.0,0.045020193197346556,100
127.5,0.04613591369289499,0.005891143709464037,0.0010892426734093329,0.0,0.0,0.04504272531598717,100
127.52,0.046157260260750906,0.0058926272397048125,0.0010892898349998126,0.0,0.0,0.04506517106825873,100
127.54,0.0461784623363045,0.00589434873466922,0.001089335200095279,0.0,0.0,0.04508751809504835,100
127.56,0.04619950691799637,0.005896024405348731,0.0010893787804985226,0.0,0.0,0.04510975466698207,100
127.58,0.04622038166286703,0.005897627388628402,0.0010894205712658179,0.0,0.0,0.045131869752209695,100
127.60000000000001,0.04624141456444687,0.005899146085936049,0.0010894607178517238,0.0,0.0,0.045153853072229654,100
127.62,0.04626264599734013,0.005900580786700793,0.0010894994407384207,0.0,0.0,0.04517561516630419,100
127.64,0.046284720377036334,0.005901931759799131,0.001089536322508857,0.0,0.0,0.04519718155353779,100
127.66,0.0463070005427795,0.005903199318823093,0.0010895714157298385,0.0,0.0,0.045218590443150165,100
127.68,0.04632908298011971,0.005904383827270098,0.0010896047095927922,0.0,0.0,0.045239834877123804,100
127.7,0.046350960704638886,0.005905485669773476,0.001089636202285908,0.0,0.0,0.04526090874297071,100
127.72,0.04637258738651153,0.005906505250345158,0.0010896661238705724,0.0,0.0,0.04528176650062227,100
127.74000000000001,0.046393951374286126,0.005907442972321573,0.0010896945174078809,0.0,0.0,0.04530239740846272,100
127.76,0.04641509449549268,0.005908299252156239,0.0010897211326583336,0.0,0.0,0.04532284437584342,100
127.78,0.04643587987554928,0.005909074541886797,0.0010897398520645866,0.0,0.0,0.045342978041327246,100
127.8,0.04645641886685329,0.0059097692374983045,0.001089756173118483,0.0,0.0,0.045362905154770504,100
127.82000000000001,0.04647672718646216,0.005910383805794948,0.0010897707534156622,0.0,0.0,0.04538264157884603,100
127.84,0.04649680259466758,0.005910918733122006,0.0010897837928930498,0.0,0.0,0.04540218615904158,100
127.86,0.04651674800571962,0.005911374514535831,0.0010897951045200248,0.0,0.0,0.04542153822795619,100
127.88000000000001,0.04653686634468426,0.005911751664288858,0.0010898046495820784,0.0,0.0,0.04544069753698088,100
127.9,0.04655674676563639,0.005912050681725719,0.0010898126496702494,0.0,0.0,0.04545966418638232,100
127.92,0.04657641272929689,0.005912274600796154,0.0010898587769455337,0.0,0.0,0.04547843855490208,100
127.94,0.046596375382644786,0.005912444456743318,0.0010899083364942946,0.0,0.0,0.045497021229985696,100
127.96000000000001,0.046616515401717164,0.005912537710454222,0.001089980024588526,0.0,0.0,0.04551541293974895,100
127.98,0.04663644463989685,0.005912554889538399,0.0010900659407849414,0.0,0.0,0.04553361448776927,100
128.0,0.04665616344685858,0.00591249652984332,0.0010901803731917018,0.0,0.0,0.04555162669175136,100
128.02,0.04667567211718174,0.005912363191301073,0.001090292887697568,0.0,0.0,0.04556945032705555,100
128.04,0.046694970839228606,0.005912155387916097,0.0010904034860547368,0.0,0.0,0.04558708607598952,100
128.06,0.04671407467778567,0.00591187365206728,0.0010905220421979517,0.0,0.0,0.045604534483649484,100
128.08,0.046732974104270186,0.005911518525856939,0.0010906603467912656,0.0,0.0,0.04562179592095488,101
128.1,0.04675166307987866,0.005911090563528834,0.0010907966917603168,0.0,0.0,0.045638870555356134,101
128.12,0.046770140995255165,0.005910590307008502,0.001090931080416086,0.0,0.0,0.04565575832951171,101
128.14000000000001,0.046788406987605266,0.005910018300739328,0.0010910635161499051,0.0,0.0,0.04567245894803905,101
128.16,0.046806459934948544,0.005909415418783048,0.0010911941369107468,0.0,0.0,0.045688971872250295,101
128.18,0.046824369778281534,0.005909693385502801,0.0010913228069928415,0.0,0.0,0.04570529632259842,101
128.2,0.04684209601503097,0.005910488887730172,0.0010914495286424484,0.0,0.0,0.0457214312883919,101
128.22,0.046859605225682326,0.005911209250989736,0.0010915743041212045,0.0,0.0,0.04573737554419096,102
128.24,0.0468768953476113,0.005911855059272635,0.0010916971356992621,0.0,0.0,0.04575312767218367,102
128.26,0.046893964134972446,0.005912426897485214,0.001091818025649148,0.0,0.0,0.04576868608975522,102
128.28,0.04691080919005328,0.005912925351223611,0.0010919369762404413,0.0,0.0,0.04578404908141108,103
128.3,0.0469274279981012,0.005913351006496078,0.0010920539897353294,0.0,0.0,0.045799214834190194,103
128.32,0.04694382201261885,0.00591370559705129,0.0010921692092697227,0.0,0.0,0.04581418147570557,103
128.34,0.04696001988491461,0.005914017682429382,0.0010922827006970399,0.0,0.0,0.045828947113971015,103
128.36,0.04697599299489049,0.005914258713081591,0.0010923942607474332,0.0,0.0,0.04584350987821003,103
128.38,0.04699172950248813,0.005914429272801673,0.0010925418924843543,0.0,0.0,0.04585786795989148,103
128.4,0.04700722689189803,0.005914529943673359,0.001092691413957366,0.0,0.0,0.045872019653291816,103
128.42000000000002,0.04702248276604086,0.005914561305526848,0.0010928389473130224,0.0,0.0,0.04588596339494395,102
128.44,0.04703749488357211,0.005914523940127446,0.0010929845974421294,0.0,0.0,0.04589969780139425,102
128.46,0.04705226119364761,0.005914418420156256,0.0010931286660094703,0.0,0.0,0.04591322170475232,102
128.48,0.047067480417257,0.005914245311353963,0.0010932707655821414,0.0,0.0,0.0459265341855798,102
128.5,0.047082488499808235,0.0059140051786741995,0.0010934009868512591,0.0,0.0,0.04593960669391235,102
128.52,0.04709720846397744,0.005913698566387872,0.0010935197282525364,0.0,0.0,0.04595243993825042,102
128.54,0.04711167569486528,0.005913326005961146,0.0010936365493435264,0.0,0.0,0.045965060730652665,102
128.56,0.047125889509944216,0.005912888044802039,0.0010937515018483285,0.0,0.0,0.04597746940937734,103
128.58,0.0471397887545343,0.005912385223263459,0.0010938763890790488,0.0,0.0,0.04598959420825888,103
128.6,0.04715342085268126,0.005911818071857798,0.0010940021854622453,0.0,0.0,0.046001492752821005,104
128.62,0.0471667995880085,0.005911187114664489,0.00109412684215149,0.0,0.0,0.046013182524791245,104
128.64000000000001,0.04717992564104907,0.005910492867543075,0.0010942495908948856,0.0,0.0,0.04602466535409426,104
128.66,0.04719339047473584,0.005909735837158241,0.001094378822589967,0.0,0.0,0.046035943448868764,105
128.68,0.04720686239142475,0.005908916520521478,0.0010945278936967168,0.0,0.0,0.04604701938889833,105
128.7,0.047220108688544975,0.005908035416307559,0.001094674966900294,0.0,0.0,0.04605789611473597,105
128.72,0.047233404539907736,0.0059070929987346645,0.0010948200870140048,0.0,0.0,0.0460685769125634,105
128.74,0.047246631939796,0.005906089725087124,0.0010949633221909226,0.0,0.0,0.04607906539484041,105
128.76,0.047259652081113754,0.005905026051628276,0.0010951045642527716,0.0,0.0,0.04608936547681618,105
128.78,0.0472724686531445,0.005903902419134164,0.0010952438118404884,0.0,0.0,0.04609973636053427,105
128.8,0.047285085574797284,0.005902719259506359,0.001095381067228348,0.0,0.0,0.046110155282813245,105
128.82,0.047297506958868675,0.005901476993087652,0.0010955164015693253,0.0,0.0,0.04612039845752972,105
128.84,0.04730968515687355,0.005900176028625783,0.0010956518661856326,0.0,0.0,0.04613041673465783,105
128.86,0.04732165421891729,0.005898816758579822,0.0010957862515582808,0.0,0.0,0.046140245889980044,105
128.88,0.04733344091098818,0.005897399566596776,0.0010959194108189428,0.0,0.0,0.04614991414416979,104
128.9,0.047345049695279966,0.005895924827070085,0.0010960515822562252,0.0,0.0,0.04615942655379553,104
128.92000000000002,0.047356485000358176,0.005894392903409979,0.0010961818125620243,0.0,0.0,0.04616878815922755,104
128.94,0.047367751168512745,0.005892804148401814,0.0010963100667528494,0.0,0.0,0.04617800393264494,104
128.96,0.047378852401995575,0.005891232045464126,0.0010964363470135463,0.0,0.0,0.046187078724963346,104
128.98,0.04738979270887309,0.005889698727397907,0.0010965606561380676,0.0,0.0,0.046196017212415195,104
129.0,0.04740057584931375,0.005888109155930611,0.001096682996989466,0.0,0.0,0.04620493799197026,104
129.02,0.047411205283210245,0.0058864636506031215,0.0010968036509074758,0.0,0.0,0.04621423980453099,104
129.04,0.04742168412009853,0.005884762533924147,0.0010969332555047437,0.0,0.0,0.04622341696700426,104
129.06,0.04743243090041976,0.005883006093373716,0.001097097680891651,0.0,0.0,0.04623247294647263,104
129.08,0.04744339366407267,0.005881194625964978,0.0010972601938526476,0.0,0.0,0.04624146107842437,104
129.1,0.04745423478417652,0.005879328423937177,0.00109742069440805,0.0,0.0,0.04625083399504504,104
129.12,0.04746495618542128,0.005877413120615365,0.0010975791835548493,0.0,0.0,0.04626009276963951,104
129.14000000000001,0.0474755592848634,0.0058754642009687715,0.0010977356752792837,0.0,0.0,0.04626923901520331,104
129.16,0.04748604497699606,0.005873461380389062,0.0010978905730165138,0.0,0.0,0.046278273825232814,104
129.18,0.04749641362725322,0.005871404942741839,0.001098043534835091,0.0,0.0,0.046287197767291836,104
129.2,0.0475066650743386,0.005869295243749082,0.0010981944866095808,0.0,0.0,0.046296010885407246,104
129.22,0.04751679864157029,0.005867779355924708,0.0010983435260644276,0.0,0.0,0.04630487683739577,104
129.24,0.04752681315721715,0.005866681111972526,0.0010984905503630103,0.0,0.0,0.046313986203925406,104
129.26,0.0475367069835819,0.005865527242528734,0.0010986355574243373,0.0,0.0,0.0463229812237204,104
129.28,0.04754647805436485,0.005864318006518622,0.0010987785508765914,0.0,0.0,0.046331860049687236,104
129.3,0.04755610990180209,0.005863053667629519,0.0010989196006394942,0.0,0.0,0.04634060642577738,104
129.32,0.047565553114046685,0.005861734515511273,0.0010990588946301779,0.0,0.0,0.04634917112959947,104
129.34,0.04757486535865364,0.005860360862547473,0.001099196187930413,0.0,0.0,0.04635761210601876,104
129.36,0.04758404336637973,0.005858932919231078,0.0010993315114377615,0.0,0.0,0.04636592631989136,105
129.38,0.04759308372025241,0.00585745097433053,0.0010994648405199684,0.0,0.0,0.04637411059230453,105
129.4,0.047601982922397736,0.005855915323827642,0.001099596179796553,0.0,0.0,0.04638216166750669,105
129.42000000000002,0.04761073746130059,0.005854326271053342,0.0010997402221365996,0.0,0.0,0.04639007628027245,105
129.44,0.04761934387814976,0.005852684126702614,0.0010999120246104872,0.0,0.0,0.046397851222355284,105
129.46,0.04762779883100127,0.005850989208732095,0.0011000818504943394,0.0,0.0,0.046405483406761,104
129.48,0.047636099155614016,0.005849241842145794,0.0011002497017545219,0.0,0.0,0.04641296992869607,104
129.5,0.04764424192197018,0.005847442358676237,0.0011004156610213902,0.0,0.0,0.04642030812220248,104
129.52,0.04765222448567399,0.005845591096369795,0.0011005805911379065,0.0,0.0,0.04642749561167329,105
129.54,0.04766004453362021,0.005843688399086197,0.0011007443933857871,0.0,0.0,0.04643453035763922,105
129.56,0.0476677001235237,0.005841734615923014,0.0011009062281171025,0.0,0.0,0.04644141069641796,105
129.58,0.04767518971709437,0.005839730100576423,0.0011010660971975676,0.0,0.0,0.04644813537341015,105
129.6,0.04768251220681975,0.005837675210649754,0.0011012240048347938,0.0,0.0,0.04645470357000387,105
129.62,0.04768966693647075,0.0058355703076575375,0.001101379952382392,0.0,0.0,0.04646111492420337,105
129.64000000000001,0.04769665371557224,0.00583341575624569,0.0011015573527290467,0.0,0.0,0.0464673695452235,105
129.66,0.0477034728281777,0.0058312119190625875,0.0011017394574049343,0.0,0.0,0.04647346802238865,105
129.68,0.04771012503635159,0.005828959161771375,0.0011019198040134793,0.0,0.0,0.04647941142874047,105
129.7,0.047716611578802186,0.005826657854157537,0.0011020981642682352,0.0,0.0,0.0464852013197964,105
129.72,0.04772293416512008,0.005824308363154205,0.0011022745494276372,0.0,0.0,0.046490839727914894,105
129.74,0.047729094966068385,0.005821911067649789,0.001102448986772104,0.0,0.0,0.04649632915271298,105
129.76,0.04773509660034634,0.005819466330468216,0.0011026215616869086,0.0,0.0,0.04650167254795821,105
129.78,0.047740942118209916,0.005816974486660925,0.001102792184313959,0.0,0.0,0.04650687330531892,105
129.8,0.04774663498228952,0.005814435890836191,0.0011029609099238683,0.0,0.0,0.04651193523531253,105
129.82,0.04775217904589569,0.005811850893301097,0.0011031277900981542,0.0,0.0,0.04651686254574361,105
129.84,0.04775757852905793,0.005809219839454653,0.0011032927184114227,0.0,0.0,0.04652165981787664,105
129.86,0.04776283799249699,0.005806543069226154,0.0011034556781783383,0.0,0.0,0.04652633198054436,105
129.88,0.0477679623096957,0.0058038209165620245,0.001103616671109946,0.0,0.0,0.04653088428235668,105
129.9,0.04777346251532318,0.00580105372341241,0.0011037756988142098,0.0,0.0,0.04653532226214666,105
129.92000000000002,0.04777885925271369,0.005798241841572119,0.0011039327627772478,0.0,0.0,0.046539651717774064,105
129.94,0.04778413629920557,0.005795385539285204,0.0011040878644393447,0.0,0.0,0.04654418216399183,105
129.96,0.04778929946689112,0.005792485122511253,0.0011042670061970968,0.0,0.0,0.046548766753546626,105
129.98,0.04779435471689649,0.005789540889488655,0.0011044557443556206,0.0,0.0,0.04655326085515533,105
130.0,0.04779930812274775,0.005786553130569474,0.001104642469192044,0.0,0.0,0.046557670962445556,105
130.02,0.04780410927933348,0.005783522128119826,0.0011048267676238904,0.0,0.0,0.04656194757139984,105
130.04,0.047808801800167215,0.005780448136610663,0.0011050089138498803,0.0,0.0,0.046566134420376555,105
130.06,0.04781341107440318,0.005777331415739625,0.0011051890482435634,0.0,0.0,0.04657058825411568,105
130.08,0.04781791290351728,0.005774172224087325,0.0011053672184186305,0.0,0.0,0.046575820995112996,105
130.1,0.047822265205398375,0.005770970793279185,0.0011055434992388608,0.0,0.0,0.04658092237511174,104
130.12,0.047826552577080836,0.005767727316947707,0.001105717902743194,0.0,0.0,0.04658597725561579,104
130.14000000000001,0.0478307808213602,0.005764442031556333,0.0011058903014329474,0.0,0.0,0.04659099192740026,104
130.16,0.04783495555899334,0.0057611151667667105,0.00110606068163494,0.0,0.0,0.046595972508502885,104
130.18,0.047839082198489355,0.0057577469458645605,0.0011062290480727025,0.0,0.0,0.046600924914216066,104
130.2,0.04784316590907825,0.0057543375862404425,0.0011063954724869801,0.0,0.0,0.04660585483026284,103
130.22,0.047847211597294576,0.0057508872999202,0.0011065599352822288,0.0,0.0,0.04661076768959388,103
130.24,0.04785122388751973,0.005747396294139295,0.0011067224125853221,0.0,0.0,0.04661566865315052,103
130.26,0.04785566492118247,0.005743864771954435,0.001106882927683889,0.0,0.0,0.04662056259482222,103
130.28,0.04786024605467763,0.005740292932885758,0.001107041413695225,0.0,0.0,0.04662545409069148,103
130.3,0.047864804909162895,0.005737936125333355,0.0011071978643881213,0.0,0.0,0.046630347412516523,103
130.32,0.04786934486934058,0.005735770426300507,0.0011073522769094214,0.0,0.0,0.04663524652525959,103
130.34,0.047874213057178844,0.005733556690337172,0.0011075046483732922,0.0,0.0,0.04664015508833947,103
130.36,0.04787929551525368,0.005731295166898085,0.0011076598091000027,0.0,0.0,0.04664507646018203,103
130.38,0.047884366540824994,0.005728986104607968,0.0011078397478277247,0.0,0.0,0.046650013705569864,103
130.4,0.047889428287422264,0.0057266297518981015,0.001108017605332866,0.0,0.0,0.04665496960525872,104
130.42000000000002,0.04789448262327196,0.005724226357636785,0.0011081933775142722,0.0,0.0,0.04665994666733681,104
130.44,0.04789953114356376,0.005721776171749746,0.0011083670691917848,0.0,0.0,0.04666494713984943,104
130.46,0.047904575183563676,0.005719279445827115,0.0011085386862003806,0.0,0.0,0.046670209688239456,104
130.48,0.04790961583227577,0.005716736433713992,0.001108708209873969,0.0,0.0,0.04667572022656859,104
130.5,0.04791465394646721,0.005714147392081852,0.0011088756380269774,0.0,0.0,0.0466812589173561,104
130.52,0.04792001277201723,0.0057116645272311806,0.001109058569308535,0.0,0.0,0.046686827109121004,104
130.54,0.04792575156222923,0.005709214520711333,0.001109270372752164,0.0,0.0,0.04669242596214205,104
130.56,0.047931488129320285,0.005706718141805328,0.0011094799911389932,0.0,0.0,0.04669805646390556,104
130.58,0.047937222547607856,0.005704175674157847,0.0011096874232944419,0.0,0.0,0.04670371944501547,105
130.6,0.047942954734296085,0.005701587406559259,0.001109892668355928,0.0,0.0,0.04670941559562418,105
130.62,0.04794868446584516,0.005698953633335805,0.0011100957524093449,0.0,0.0,0.04671514548237907,105
130.64000000000001,0.047954411394725,0.005696274654694933,0.0011102966623522707,0.0,0.0,0.04672090956578068,105
130.66,0.04796013506632881,0.0056938184475738935,0.0011104953938660248,0.0,0.0,0.04672670821772788,105
130.68,0.0479658549356915,0.005691919906295749,0.0011106919855210617,0.0,0.0,0.046732541738895135,105
130.7,0.04797157038353332,0.00568997321948195,0.001110886440504482,0.0,0.0,0.046738410375462246,105
130.72,0.047977280731047164,0.0056879786351381,0.0011110787080838133,0.0,0.0,0.04674431433461518,105
130.74,0.04798298525277825,0.005685936406687893,0.001111268789110877,0.0,0.0,0.04675025379816655,105
130.76,0.047988683186921094,0.005683846793058256,0.0011114566844782699,0.0,0.0,0.04675622893362092,105
130.78,0.0479943737423834,0.005681710061031579,0.0011116423948850623,0.0,0.0,0.04676223990203451,105
130.8,0.04800005610204165,0.005679526478699118,0.0011118259212573851,0.0,0.0,0.04676828686209452,105
130.82,0.048005729421736025,0.005677296321215507,0.0011120072690065214,0.0,0.0,0.04677436996996559,105
130.84,0.0480113928247138,0.005675019869546351,0.0011121864460480258,0.0,0.0,0.04678048937461327,105
130.86,0.048017045391421924,0.005672697475328658,0.0011123637330450107,0.0,0.0,0.046786645208505374,105
130.88,0.04802270820280504,0.0056703293656699336,0.0011125388885466069,0.0,0.0,0.04679283757380037,105
130.9,0.048028365533585984,0.005667915836747482,0.001112712633957354,0.0,0.0,0.046799066524344415,105
130.92000000000002,0.048034008993611425,0.00566545719021157,0.0011128849398106782,0.0,0.0,0.04680533204400174,105
130.94,0.048039614039104256,0.00566298764453942,0.0011130552005207044,0.0,0.0,0.04681161069557793,105
130.96,0.04804512993865085,0.005660487925437169,0.001113223719991378,0.0,0.0,0.04681785281951383,105
130.98,0.04805062777714311,0.005657959301217592,0.0011133901242867201,0.0,0.0,0.04682413091512081,105
131.0,0.04805604900945352,0.005655397724446758,0.0011135542258031766,0.0,0.0,0.04683038810609161,105
131.02,0.04806142732473212,0.005652792485021657,0.0011137160211056297,0.0,0.0,0.04683665912496707,105
131.04,0.04806680333354198,0.005650143905399466,0.0011138756274066668,0.0,0.0,0.046842963891588055,105
131.06,0.04807216123110169,0.005647452319044613,0.0011140330602637542,0.0,0.0,0.04684930116281736,105
131.08,0.0480774895891403,0.005644718063615972,0.001114188305330081,0.0,0.0,0.04685566942599802,105
131.1,0.04808302457780279,0.005641941480911378,0.001114341426970425,0.0,0.0,0.046862066885095525,105
131.12,0.048088776970855354,0.005639122916814463,0.0011144923764133971,0.0,0.0,0.04686849145177507,105
131.14000000000001,0.04809448840297093,0.00563626272123972,0.001114641159006362,0.0,0.0,0.0468750222124743,105
131.16,0.04810058661285261,0.00563336124807145,0.0011147877584571648,0.0,0.0,0.046881955265088454,105
131.18,0.048106953931242154,0.005631708025097996,0.0011149321962041928,0.0,0.0,0.04688890681541477,105
131.2,0.04811328840124775,0.005630026646303026,0.0011150744482840732,0.0,0.0,0.04689587362186975,105
131.22,0.04811966216947899,0.0056283021569475695,0.0011152145168954353,0.0,0.0,0.04690285218316385,105
131.24,0.0481264115301595,0.005626534901725833,0.0011153524038478035,0.0,0.0,0.046909838758226415,105
131.26,0.04813312084400849,0.005624725228857092,0.0011154880994020222,0.0,0.0,0.04691682938920347,105
131.28,0.04813985873178426,0.005622873489906776,0.0011156216034230702,0.0,0.0,0.046923819926730295,105
131.3,0.04814653862250571,0.005620980039583706,0.0011157529278997113,0.0,0.0,0.04693080605664605,105
131.32,0.048153154864798244,0.005619268370289003,0.0011158820855160826,0.0,0.0,0.046937783327319606,105
131.34,0.04815970166658292,0.005618599844671117,0.0011160090968239044,0.0,0.0,0.04694474717679289,105
131.36,0.048166173120313883,0.005617887713093325,0.001116133922129213,0.0,0.0,0.046951692959016376,105
131.38,0.04817256322663289,0.005617143069836182,0.0011162565708271262,0.0,0.0,0.04695861596854829,105
131.4,0.04817886591592953,0.005616396557453972,0.0011163771003819781,0.0,0.0,0.04696551146320825,105
131.42000000000002,0.04818507506743195,0.0056156074243561395,0.0011164954634793243,0.0,0.0,0.04697237468431162,105
131.44,0.04819118625244838,0.005614776016347056,0.0011166117983051251,0.0,0.0,0.04697920087425976,105
131.46,0.04819720548338139,0.005613902680128516,0.001116725991948297,0.0,0.0,0.04698598529141157,105
131.48,0.04820311257572897,0.005612987762957817,0.0011168380340548319,0.0,0.0,0.0469927232223127,105
131.5,0.04820891751395139,0.0056120316123054485,0.0011169478965200844,0.0,0.0,0.04699940999149886,105
131.52,0.04821461299441478,0.0056110345755148215,0.0011170555880289771,0.0,0.0,0.047006040969215734,105
131.54,0.048220181711449935,0.005609997001333341,0.0011171611219581133,0.0,0.0,0.04701261157750116,105
131.56,0.048225625292368395,0.005608919245887469,0.0011172645673978223,0.0,0.0,0.04701911729515394,106
131.58,0.04823092635139051,0.005607801642292928,0.0011173884834928332,0.0,0.0,0.04702555366215983,105
131.6,0.04823611280647224,0.005606644534093878,0.001117521239114961,0.0,0.0,0.04703191628416095,105
131.62,0.048241210579362245,0.005605448263099553,0.0011176484276211966,0.0,0.0,0.047038130401224794,105
131.64000000000001,0.048246836706718525,0.005604213130686656,0.0011177698634456214,0.0,0.0,0.04704418819986094,105
131.66,0.04825268292279211,0.005602939434022328,0.0011178890876966361,0.0,0.0,0.047050159795939815,105
131.68,0.04825835429959163,0.005601627508246977,0.0011180061205353414,0.0,0.0,0.047056041121492684,105
131.7,0.04826453241555968,0.005600277685637493,0.0011181209636605045,0.0,0.0,0.04706224518909397,105
131.72,0.04827055951799277,0.005598890295346558,0.0011182335998067801,0.0,0.0,0.04706843406747632,105
131.74,0.048276414922051356,0.005598179522202363,0.0011183440295584601,0.0,0.0,0.04707452050910331,105
131.76,0.048282093464174225,0.005598027335105969,0.0011184522769494263,0.0,0.0,0.04708050096289447,105
131.78,0.048287618967894644,0.005597835404221478,0.0011185583541932882,0.0,0.0,0.04708637205196301,105
131.8,0.048292958471533934,0.005597604021870855,0.0011186622396245347,0.0,0.0,0.047092130594739115,105
131.82,0.04829810658324805,0.005597343888012806,0.0011187639234680785,0.0,0.0,0.04709777362697075,105
131.84,0.04830367505204087,0.00559857882755677,0.0011188634321809576,0.0,0.0,0.04710329842411811,105
131.86,0.04830926907734623,0.005599770966264165,0.0011189607538680385,0.0,0.0,0.04710870252364126,105
131.88,0.048314692897773966,0.005600920545607071,0.0011190558829773998,0.0,0.0,0.0471139837466919,106
131.9,0.04831995141512738,0.005602028450801258,0.001119149241296482,0.0,0.0,0.04711914021875039,105
131.92000000000002,0.0483250325222873,0.0056030944715383816,0.0011192404191310435,0.0,0.0,0.047124170388799375,105
131.94,0.04832992272861317,0.005604118631658822,0.001119329418441609,0.0,0.0,0.04712907304668763,105
131.96,0.048334619666386955,0.005605101150268378,0.00111941625764959,0.0,0.0,0.0471338473384069,104
131.98,0.048339121292655524,0.005606042240233553,0.0011195009367950231,0.0,0.0,0.04713849277907787,104
132.0,0.04834342589807524,0.005606942107924824,0.0011195834807664767,0.0,0.0,0.047143009263512066,103
132.02,0.04834753211318262,0.005607800952959709,0.0011196638570913396,0.0,0.0,0.04714739707428153,103
132.04,0.048351438912077056,0.0056086189679459926,0.0011197420665177136,0.0,0.0,0.047151656887286494,103
132.06,0.04835514561354833,0.0056093963382255144,0.0011198181116430107,0.0,0.0,0.0471557897748575,103
132.08,0.048358651879718606,0.0056101332416190015,0.001119891995170978,0.0,0.0,0.04715979720646614,103
132.1,0.04836195771229318,0.005611007960020137,0.0011199638682396907,0.0,0.0,0.047163681047142685,103
132.12,0.04836506344652917,0.005612222149873637,0.0011200349094400513,0.0,0.0,0.04716744355371492,103
132.14000000000001,0.048367969743036324,0.0056133917569249825,0.0011201038268741983,0.0,0.0,0.04717108736898687,103
132.16,0.048370677577520574,0.00561451693926906,0.001120170607235794,0.0,0.0,0.04717461551397343,103
132.18,0.04837318822857189,0.005615852823169849,0.0011202352788132579,0.0,0.0,0.047178455127706936,102
132.2,0.04837550326358281,0.005618221413032017,0.001120297815310685,0.0,0.0,0.047182230021129444,102
132.22,0.04837765826801377,0.0056205425092306395,0.0011203582200682055,0.0,0.0,0.04718589989494965,102
132.24,0.048380277262319894,0.005622816211220491,0.001120416496494283,0.0,0.0,0.04718946916983812,102
132.26,0.04838310984771858,0.005625042612554345,0.0011204726480638836,0.0,0.0,0.047192942579862555,102
132.28,0.048386354106431266,0.005627221798401998,0.0011205266980114127,0.0,0.0,0.047196325154743646,101
132.3,0.04838946419989605,0.0056293538452289,0.0011205786379067432,0.0,0.0,0.047199622200583165,101
132.32,0.04839287601008233,0.0056314388204978605,0.0011206284775563261,0.0,0.0,0.0472028392790781,101
132.34,0.04839646659071576,0.005633476782396594,0.001120676276420912,0.0,0.0,0.04720591071732464,102
132.36,0.04840058643363777,0.005635494937801178,0.001120736908517917,0.0,0.0,0.04720897845651834,102
132.38,0.04840461972991855,0.005637473674128713,0.0011208251985209508,0.0,0.0,0.04721249862191825,102
132.4,0.04840857237665673,0.0056394054610027205,0.001120911711561072,0.0,0.0,0.04721596251339268,102
132.42000000000002,0.04841245039190936,0.00564242454423126,0.0011209962371087883,0.0,0.0,0.04721937660807752,102
132.44,0.04841625988580017,0.005645578072032883,0.0011210786204991555,0.0,0.0,0.047222747484831275,102
132.46,0.04842000703091267,0.00564868124232351,0.001121158854716368,0.0,0.0,0.04722608179492788,103
132.48,0.04842369803231364,0.005651735193624786,0.0011212369436239314,0.0,0.0,0.04722938623239318,102
132.5,0.04842733909763433,0.005654778936284298,0.0011213129220423066,0.0,0.0,0.04723266750441364,102
132.52,0.0484309364077195,0.005657803087735178,0.0011213867790000674,0.0,0.0,0.047235932302328115,102
132.54,0.04843449608843123,0.005660906144666588,0.0011214585036693227,0.0,0.0,0.047239187273791096,102
132.56,0.04843802418426038,0.005663958287570434,0.0011215280990853227,0.0,0.0,0.047242438996760894,102
132.58,0.048441526634444954,0.005666959436198293,0.0011215955693099529,0.0,0.0,0.04724569395601376,102
132.6,0.04844500925231498,0.005669909500763991,0.001121660918550473,0.0,0.0,0.047248958522904456,101
132.62,0.04844847770857113,0.005672808427227497,0.001121724151068087,0.0,0.0,0.04725223893908212,101
132.64000000000001,0.04845193751915321,0.005675656064195292,0.0011217852712044197,0.0,0.0,0.047255541304818904,101
132.66,0.048455394038262205,0.005678452292877724,0.0011218442833894132,0.0,0.0,0.047258871572516514,101
132.68,0.0484588524569646,0.005681196987937552,0.0011219012546157705,0.0,0.0,0.04726223554582134,101
132.7,0.04846231780763443,0.005683890015861444,0.0011219561504010563,0.0,0.0,0.04726563888460496,101
132.72,0.04846579497428201,0.005686531235237555,0.0011220089518383276,0.0,0.0,0.04726908711586102,101
132.74,0.04846928870858993,0.005689120497014263,0.0011220597062052446,0.0,0.0,0.04727258565034092,101
132.76,0.0484728036512384,0.005691657644731632,0.0011221084069409858,0.0,0.0,0.047276139804512514,101
132.78,0.04847655752879952,0.005694142514717977,0.0011221888779112058,0.0,0.0,0.047279754827192544,101
132.8,0.04848067593370838,0.005696575042398494,0.0011222799053090882,0.0,0.0,0.047283435929989785,101
132.82,0.04848482830942515,0.005698955095023105,0.0011223688352974715,0.0,0.0,0.04728718832051484,101
132.84,0.048489019144999715,0.005701282338822873,0.0011224556717833144,0.0,0.0,0.047291017237176165,101
132.86,0.04849325863354643,0.005703556582376338,0.0011225404347382048,0.0,0.0,0.04729492798429834,100
132.88,0.048497683854055826,0.005705777627354764,0.001122623167704217,0.0,0.0,0.04729892596626907,100
132.9,0.048502738984649914,0.00570794526844494,0.001122705322910354,0.0,0.0,0.047303016719448865,101
132.92000000000002,0.04850787091159712,0.005710059293235749,0.0011227854147301795,0.0,0.0,0.04730720594065411,101
132.94,0.048512969953373765,0.005712119482076971,0.0011228634847273845,0.0,0.0,0.04731138577730777,101
132.96,0.04851814440255695,0.005714125541390828,0.001122939493864155,0.0,0.0,0.04731566355995587,101
132.98,0.04852341306823446,0.005716077229375707,0.001123013435429702,0.0,0.0,0.0473200582901205,101
133.0,0.04852878210555218,0.005717974303955321,0.0011230853829656282,0.0,0.0,0.047324576488429464,101
133.02,0.04853425788061141,0.005719816515196451,0.0011231553311680793,0.0,0.0,0.047329224895380134,101
133.04,0.04853984696145353,0.005721603605206038,0.001123223250905116,0.0,0.0,0.047334010462820146,101
133.06,0.048545568440190714,0.0057233551158109375,0.0011232891154695317,0.0,0.0,0.04733894033824589,101
133.08,0.048551458170707266,0.005725058587049923,0.00112335293606801,0.0,0.0,0.047344021842115114,101
133.1,0.048557482405461545,0.005726706406130241,0.0011234147146153039,0.0,0.0,0.04734926243852476,101
133.12,0.04856368740280879,0.005728298459593218,0.0011234744482894307,0.0,0.0,0.0473546696997466,101
133.14000000000001,0.04857005619096738,0.005729833970568742,0.001123532140286034,0.0,0.0,0.04736025126523389,101
133.16,0.04857658152812044,0.0057313126346406505,0.0011235878804509857,0.0,0.0,0.04736601479581672,101
133.18,0.04858327058658524,0.005732734140629726,0.0011236435477495182,0.0,0.0,0.04737196792388695,100
133.2,0.04859013044301578,0.005734098171127114,0.0011236972444493834,0.0,0.0,0.04737811820043609,99
133.22,0.0485971680225161,0.005735404403123509,0.0011237489389831802,0.0,0.0,0.04738447303984858,99
133.24,0.04860439004143009,0.0057368207999460895,0.00112379865842524,0.0,0.0,0.04739103966336716,99
133.26,0.048611802949719445,0.005738259969179311,0.0011238463643113736,0.0,0.0,0.047397825042134335,99
133.28,0.04861941287380354,0.00573963896287897,0.001123892054773045,0.0,0.0,0.04740483584067587,99
133.3,0.04862722939398655,0.005740957453562236,0.0011239357261784962,0.0,0.0,0.04741207836162511,99
133.32,0.04863538977119397,0.0057422151148036876,0.0011239773813126917,0.0,0.0,0.047419558492398595,99
133.34,0.048644160834352246,0.005743411620940354,0.001124017022564324,0.0,0.0,0.04742728165442338,99
133.36,0.048653148507373505,0.005744546690335907,0.001124054656370805,0.0,0.0,0.047435252755393696,99
133.38,0.048662356509817255,0.005746050184753249,0.001124090284827362,0.0,0.0,0.047443476144905676,99
133.4,0.048671787942467966,0.005748394055601271,0.001124123907696095,0.0,0.0,0.047451955573693035,99
133.42000000000002,0.04868144524995489,0.005750671733847529,0.0011241555266376319,0.0,0.0,0.04746069415657465,99
133.44,0.0486913301871539,0.005752882889647043,0.001124185145591663,0.0,0.0,0.04746969433913354,99
133.46,0.048701443789326504,0.0057550271993104625,0.001124212765926406,0.0,0.0,0.04747895786808724,99
133.48,0.04871178634592415,0.0057571043465303095,0.0011242724739619996,0.0,0.0,0.04748848576528581,99
133.5,0.04872235737800018,0.0057591140219670975,0.0011243321972059792,0.0,0.0,0.04749827830528877,99
133.52,0.04873315561922459,0.005761055925973827,0.0011243898732722648,0.0,0.0,0.047508334996527866,99
133.54,0.048744179000584545,0.005762929768969373,0.0011244455037758602,0.0,0.0,0.04751865456615098,99
133.56,0.048755424638968536,0.005766316089437624,0.001124499090395651,0.0,0.0,0.04752923494875816,99
133.58,0.04876688882996121,0.005769719184642515,0.0011245506346767567,0.0,0.0,0.047540073279370834,99
133.6,0.04877909704067647,0.0057730451439935646,0.001124600137968639,0.0,0.0,0.047551165891103045,99
133.62,0.04879166502945272,0.005776293591814304,0.001124647601727353,0.0,0.0,0.0475629780410546,99
133.64000000000001,0.04880443567398102,0.0057794641695167025,0.0011246934875456078,0.0,0.0,0.04757504030107352,99
133.66,0.04881744896071936,0.0057825565370916675,0.001124737528286908,0.0,0.0,0.0475873404769438,99
133.68,0.048830649792467894,0.005785570374611044,0.0011247795469092247,0.0,0.0,0.04759987178697035,99
133.7,0.04884402969605324,0.0057885053837257415,0.0011248195502145454,0.0,0.0,0.04761266866733142,99
133.72,0.04885757949168923,0.00579136128914113,0.0011248576159290902,0.0,0.0,0.04762637412280473,99
133.74,0.048871289339576345,0.005794137840048098,0.001124893712098793,0.0,0.0,0.047640284856442616,99
133.76,0.048885169760659694,0.005796834811486204,0.001124927783707697,0.0,0.0,0.047654391474182975,99
133.78,0.048899216938191756,0.005799452005614306,0.001124959832314662,0.0,0.0,0.047668684066388564,99
133.8,0.04891339173454012,0.005801989252864182,0.0011249898917304489,0.0,0.0,0.04768315227871588,99
133.82,0.04892768229568396,0.0058044464129537315,0.0011250179492791768,0.0,0.0,0.04769778538924447,99
133.84,0.04894242837198412,0.005806823375738487,0.0011250439888685,0.0,0.0,0.04771257239061022,99
133.86,0.048957545175014085,0.005809120061883239,0.001125068012374051,0.0,0.0,0.0477275020756674,99
133.88,0.04897275869023796,0.005811336423339268,0.0011250901240399324,0.0,0.0,0.04774256312504564,99
133.9,0.04898805679477495,0.005813472443616998,0.0011251104649091642,0.0,0.0,0.047757744194873754,99
133.92000000000002,0.04900342740780933,0.005815528137848418,0.0011251288168081003,0.0,0.0,0.04777303400291626,99
133.94,0.049018858572463415,0.005817503552638319,0.00112514519157409,0.0,0.0,0.047788421411406844,99
133.96,0.04903433853269758,0.005819398765707925,0.0011251595698890862,0.0,0.0,0.04780389550495913,99
133.98,0.049049855803768666,0.005821213885338767,0.0011251719598699436,0.0,0.0,0.047819445662083564,100
134.0,0.04906539923496431,0.00582294904962855,0.0011251823690022387,0.0,0.0,0.047835061619025426,100
134.02,0.049080958063549486,0.005824604425574053,0.0011251907829345834,0.0,0.0,0.0478507335248586,100
134.04,0.049096521959099075,0.005826180455546062,0.0011251972045971128,0.0,0.0,0.047866451987007654,100
134.06,0.04911208105764065,0.005827677843719451,0.0011252016370457366,0.0,0.0,0.04788220810662132,99
134.08,0.04912763738515951,0.005829096114770573,0.0011252040834620726,0.0,0.0,0.04789799350347367,99
134.1,0.04914349595526737,0.005830435539415328,0.0011252045471534873,0.0,0.0,0.047913800330317585,99
134.12,0.04915933078695753,0.0058316964109425265,0.0011252030315533866,0.0,0.0,0.04792962127685316,99
134.14000000000001,0.049175134180257915,0.005832879043058339,0.0011251995402217164,0.0,0.0,0.0479454495636956,99
134.16,0.049190898920757356,0.005833993889295449,0.0011251940867725485,0.0,0.0,0.047961278926929515,99
134.18,0.04920667706907542,0.005835045343461169,0.0011251866679251163,0.0,0.0,0.04797710359401473,99
134.2,0.049223081815952266,0.0058360195821715154,0.0011251772849730744,0.0,0.0,0.047992918251965,98
134.22,0.04923945165455726,0.005836916987475462,0.001125165941991611,0.0,0.0,0.048008718008848456,98
134.24,0.04925578179169642,0.005837737954700758,0.001125152643186985,0.0,0.0,0.04802449834976301,98
134.26,0.04927210648122557,0.005838482891067231,0.0011251375839862498,0.0,0.0,0.04804023412632506,98
134.28,0.049288327515193055,0.0058391628161549676,0.0011251209127384541,0.0,0.0,0.04805650862246031,98
134.3,0.049304496500283214,0.005839781284991112,0.0011251022999010439,0.0,0.0,0.048072751216423536,98
134.32,0.0493206094824359,0.005840324936128367,0.0011250819424690542,0.0,0.0,0.048088958394886354,98
134.34,0.04933666261237639,0.005840794212324272,0.0011250600391664227,0.0,0.0,0.04810512676295271,98
134.36,0.049352652094794225,0.005841189562641574,0.0011250362325445128,0.0,0.0,0.04812125299383512,98
134.38,0.04936857414088309,0.0058415114416434455,0.0011250105895173872,0.0,0.0,0.04813733378190045,98
134.4,0.049384429943122685,0.0058417603086974605,0.0011249830270345805,0.0,0.0,0.048153365800196996,98
134.42000000000002,0.049400238625442267,0.005841942712453512,0.0011249535513115244,0.0,0.0,0.04816934566346503,98
134.44,0.04941599719262643,0.005842071981481376,0.001124922193583947,0.0,0.0,0.04818526989750532,98
134.46,0.04943168477549397,0.0058421296465295935,0.001124888968312131,0.0,0.0,0.048201134915627816,98
134.48,0.04944728539752839,0.005842116150475089,0.0011248538450623845,0.0,0.0,0.04821693700273359,98
134.5,0.049462794628137664,0.005842031965604116,0.0011248168500698568,0.0,0.0,0.048232672307393115,98
134.52,0.04947820788207756,0.0058418775710737236,0.0011247782999103907,0.0,0.0,0.04824833684208224,98
134.54,0.0494935204271525,0.005841653448584802,0.0011247385821184126,0.0,0.0,0.048263926491524646,98
134.56,0.04950872739973037,0.005841360082319847,0.0011246969873114428,0.0,0.0,0.04827943702887377,98
134.58,0.049523823827591566,0.005840997958908835,0.0011246535210918498,0.0,0.0,0.04829486413925665,98
134.6,0.04953914426255325,0.005840567567409618,0.0011246081890569596,0.0,0.0,0.04831020345000127,99
134.62,0.04955470344478529,0.005840069399289566,0.0011245609967860779,0.0,0.0,0.04832545056669322,99
134.64000000000001,0.04957015579421672,0.00583950394839601,0.0011245119620260492,0.0,0.0,0.04834060111405676,99
134.66,0.04958550585085992,0.00583887171090407,0.0011244610794159857,0.0,0.0,0.04835565078054504,99
134.68,0.049600771048475004,0.0058381731852319586,0.001124408368375336,0.0,0.0,0.048370595365454364,99
134.7,0.04961591650729149,0.0058374088959019564,0.0011243538190221774,0.0,0.0,0.04838543082735316,99
134.72,0.04963093812372126,0.005836579358298068,0.0011242975083872583,0.0,0.0,0.048400153332638134,99
134.74,0.04964609819219089,0.005835685040269947,0.001124272891270938,0.0,0.0,0.04841475930309446,100
134.76,0.049661377496290286,0.005834726447468271,0.0011242520653882225,0.0,0.0,0.04842924546143919,100
134.78,0.04967652158766076,0.0058342785803696265,0.0011242293685609572,0.0,0.0,0.04844360887395815,100
134.8,0.0496915276106772,0.00583453469543159,0.0011242048056100745,0.0,0.0,0.048457846989500904,100
134.82,0.04970639311775594,0.005834723516513591,0.001124178381261184,0.0,0.0,0.04847195767426077,100
134.84,0.04972113479808252,0.0058348455780634955,0.001124150100144661,0.0,0.0,0.04848593924193377,99
134.86,0.04973574464989111,0.005834924368114635,0.0011241199667968973,0.0,0.0,0.048499790479008806,99
134.88,0.049750209532084484,0.005834940315998057,0.0011240879856625962,0.0,0.0,0.04851351066508592,99
134.9,0.04976452888277197,0.005834890982813536,0.0011240541612504685,0.0,0.0,0.04852709958824515,99
134.92000000000002,0.04977870264859776,0.00583477687587889,0.0011240185062484345,0.0,0.0,0.04854055755559112,99
134.94,0.04979273129037539,0.005834598498612883,0.0011240076848569064,0.0,0.0,0.048553885399176294,99
134.96,0.04980661578434761,0.005834356349901836,0.0011239986238237205,0.0,0.0,0.04856708447756019,99
134.98,0.049820357619358546,0.005834093735281183,0.0011239877020179812,0.0,0.0,0.048580156673292206,100
135.0,0.04983395879023655,0.005833894224920276,0.0011240281806698422,0.0,0.0,0.048593104386617014,100
135.02,0.04984742178767783,0.005833632080398998,0.0011240848285092996,0.0,0.0,0.048605930525693654,101
135.04,0.049860749584900985,0.005833307776091839,0.001124139531954692,0.0,0.0,0.04861863849359947,101
135.06,0.049873959219885924,0.005832921778775714,0.00112419227376874,0.0,0.0,0.048631232172358374,101
135.08,0.0498870767919181,0.005832474547309248,0.001124243058328164,0.0,0.0,0.048643715904195715,101
135.1,0.049900076784339754,0.005831966531429068,0.0011242918885593857,0.0,0.0,0.04865609447018056,100
135.12,0.04991295824154505,0.005831398171895507,0.0011243387683813424,0.0,0.0,0.0486683730663751,100
135.14000000000001,0.04992572625049132,0.005830769899880546,0.0011243837017569757,0.0,0.0,0.048680557277573436,100
135.16,0.04993838624341585,0.0058300821365433984,0.0011244266927990733,0.0,0.0,0.04869265304867738,100
135.18,0.04995094396639716,0.005829336689868917,0.0011244677454787615,0.0,0.0,0.0487046666537345,100
135.2,0.04996357237985,0.0058285616791849855,0.0011245068633406116,0.0,0.0,0.04871660466264612,100
135.22,0.04997733354003876,0.005827728363024509,0.0011245440610521836,0.0,0.0,0.04872847390555192,100
135.24,0.04999102687065584,0.005826837120562453,0.0011245793507201072,0.0,0.0,0.048740281434906704,100
135.26,0.05000465944880514,0.005825888317591632,0.0011246127589931141,0.0,0.0,0.048752034485290224,100
135.28,0.05001823848798766,0.005824882309776547,0.0011246442482532744,0.0,0.0,0.04876374043103113,99
135.3,0.050031743318634574,0.005823819441590036,0.0011246664601343565,0.0,0.0,0.04877538613831002,99
135.32,0.05004516230367576,0.005822700032270578,0.0011246744547744976,0.0,0.0,0.04878696512529801,99
135.34,0.050058549731448146,0.005821524380568562,0.001124680666786798,0.0,0.0,0.04879851947248622,99
135.36,0.05007191290023613,0.005820292798447704,0.001124685026492561,0.0,0.0,0.048810056652756624,99
135.38,0.0500851920320608,0.005819005587644943,0.0011247005313426094,0.0,0.0,0.048821504173686504,99
135.4,0.05009845325416841,0.005817663041585363,0.001124715692154831,0.0,0.0,0.0488329397383376,98
135.42000000000002,0.050111711391873245,0.005817337952972385,0.001124728987678809,0.0,0.0,0.04884437989430213,98
135.44,0.05012497304400641,0.00581698403108591,0.0011247404992771367,0.0,0.0,0.04885583142862414,98
135.46,0.05013824451594856,0.005816572300451836,0.0011247501553910144,0.0,0.0,0.04886730083846887,98
135.48,0.05015153177713516,0.005816102975785975,0.0011247579369168302,0.0,0.0,0.04887879428867305,98
135.5,0.05016486088186736,0.005815576264555121,0.0011247641012369373,0.0,0.0,0.04889031757338779,98
135.52,0.050178220588630924,0.0058149923681387,0.0011247684072925466,0.0,0.0,0.04890187608275531,98
135.54,0.050191611958524986,0.005814351488051895,0.001124770844464483,0.0,0.0,0.04891347477551959,98
135.56,0.050205039289720615,0.005813653809313675,0.0011247714175608612,0.0,0.0,0.04892511815839184,98
135.58,0.05021850641127487,0.005812899519570464,0.001124770142461657,0.0,0.0,0.04893730047106153,98
135.6,0.05023201667788772,0.0058121242670698065,0.001124767020609225,0.0,0.0,0.048949599809429804,98
135.62,0.05024552846695602,0.005811309820831434,0.001124763836783585,0.0,0.0,0.04896208057412832,99
135.64000000000001,0.05025905825649636,0.005810439270046903,0.0011247671427826096,0.0,0.0,0.04897490088762381,99
135.66,0.05027263856115578,0.005809512802734838,0.0011247914696175655,0.0,0.0,0.04898778019612169,99
135.68,0.05028659290120579,0.0058085305999637325,0.0011248139245146813,0.0,0.0,0.04900072030633025,99
135.7,0.050300989431562484,0.005807492845190384,0.001124834537360383,0.0,0.0,0.04901372265374734,99
135.72,0.05031543908387228,0.00580639972835049,0.0011248532923038121,0.0,0.0,0.0490267883452016,99
135.74,0.05032994243743083,0.005805251443004613,0.0011248701890927645,0.0,0.0,0.04903991820707945,99
135.76,0.05034449983901872,0.005804048212832248,0.0011249296064438862,0.0,0.0,0.04905311283800282,99
135.78,0.05035911145850738,0.005802790217320439,0.0011249902246938948,0.0,0.0,0.04906637266455893,99
135.8,0.050373777345994124,0.0058014776611882745,0.001125048918987731,0.0,0.0,0.04907969799856457,99
135.82,0.05038849748887861,0.005800110757258997,0.001125106310978166,0.0,0.0,0.049093089094277106,99
135.84,0.05040327186727542,0.005798689723816898,0.0011251618392986518,0.0,0.0,0.04910654620394682,100
135.86,0.050418100506195204,0.005797214784646263,0.0011252155294117065,0.0,0.0,0.04912006963014309,100
135.88,0.05043287126829363,0.005795686168967082,0.001125262342106853,0.0,0.0,0.04913355302577898,99
135.9,0.05044765651007008,0.005794104053063309,0.001125305474160024,0.0,0.0,0.04914706550910966,99
135.92000000000002,0.05046249707488256,0.0057924686557304286,0.0011253467193480231,0.0,0.0,0.049160999333838745,99
135.94,0.05047739357562773,0.005790780221472381,0.0011253860817366256,0.0,0.0,0.04917517388907873,99
135.96,0.05049234683651688,0.005789038999114366,0.0011254235654860408,0.0,0.0,0.04918941806279147,99
135.98,0.05050735790099177,0.005787245241368179,0.0011254591746213463,0.0,0.0,0.049203733212123596,99
136.0,0.05052250911031911,0.005785399204361703,0.001125492913015553,0.0,0.0,0.049218120918412725,99
136.02,0.05053774308242316,0.00578350115962011,0.0011255247843718927,0.0,0.0,0.04923258297632385,99
136.04,0.050553040427279636,0.005781551469985973,0.0011255547992593223,0.0,0.0,0.049247121373833566,98
136.06,0.05056839511378775,0.005779550286019507,0.001125582967443674,0.0,0.0,0.04926173040440207,98
136.08,0.05058374927923985,0.005777502014480772,0.0011256093844044246,0.0,0.0,0.04927635249606334,98
136.1,0.05059917268093498,0.00577542464142505,0.0011256339711100602,0.0,0.0,0.04929105780371277,98
136.12,0.05061449973967849,0.005773296531330195,0.001125650890948596,0.0,0.0,0.04930568795769521,98
136.14000000000001,0.050629888434019374,0.005771117973127046,0.0011256655381925405,0.0,0.0,0.049320394938716816,98
136.16,0.05064526884888893,0.005768889234993729,0.001125678704702464,0.0,0.0,0.049335108944028934,98
136.18,0.050660700857149285,0.005766610530174283,0.001125690138150217,0.0,0.0,0.049349890066635066,98
136.2,0.05067621190445156,0.005764282108279547,0.0011256997268574217,0.0,0.0,0.04936476606691873,98
136.22,0.0506918033199213,0.005761904234711938,0.0011257074718515597,0.0,0.0,0.04937973866720785,98
136.24,0.05070747611533194,0.0057595840706583246,0.0011257134028419646,0.0,0.0,0.049394809281105546,98
136.26,0.050723230933351064,0.005757372798745446,0.0011257177302103345,0.0,0.0,0.04940997896191406,98
136.28,0.05073906800118233,0.00575511127596507,0.001125720217071045,0.0,0.0,0.049425248356453115,98
136.3,0.05075498709074664,0.0057534844657714445,0.001125720863030424,0.0,0.0,0.049440617665416166,98
136.32,0.050770987486339764,0.005751976538124822,0.0011257196699984288,0.0,0.0,0.04945608661120244,98
136.34,0.05078706796045817,0.005750415078502058,0.0011257166919155497,0.0,0.0,0.049471654413917036,98
136.36,0.050803226758210765,0.005748800283132261,0.0011257119261095826,0.0,0.0,0.049487319775957356,98
136.38,0.050819461590445966,0.005747132345704533,0.001125705331187084,0.0,0.0,0.04950308087531631,98
136.4,0.0508357696354335,0.005745411460531243,0.0011256969278500284,0.0,0.0,0.04951893536744259,98
136.42000000000002,0.05085214754866492,0.005743637822041237,0.001125686878046048,0.0,0.0,0.04953488039522311,98
136.44,0.05086842563126426,0.005741811625236565,0.001125669629368611,0.0,0.0,0.049550753656922845,98
136.46,0.05088475145807415,0.005739948717495723,0.001125671659854298,0.0,0.0,0.049566696936441175,98
136.48,0.05090113453315573,0.0057380664284789025,0.0011256985252552818,0.0,0.0,0.04958271966456483,98
136.5,0.050917569653068505,0.005736132169096185,0.0011257235571672725,0.0,0.0,0.04959881716801302,98
136.52,0.05093405123265056,0.005734146141052419,0.0011257466790757676,0.0,0.0,0.04961498440299913,98
136.54,0.05095053769377666,0.005732108548862089,0.001125766586414992,0.0,0.0,0.04963118180337097,98
136.56,0.05096691534745395,0.005730019604963043,0.0011257802978353521,0.0,0.0,0.049647300644968126,98
136.58,0.05098332115443112,0.005727879539585503,0.001125821372678297,0.0,0.0,0.0496634726138087,98
136.6,0.05099974839900874,0.00572568856892684,0.0011258605521887414,0.0,0.0,0.0496796915827601,98
136.62,0.0510161901808793,0.005723446915675944,0.0011258989426508753,0.0,0.0,0.04969595125253624,98
136.64000000000001,0.05103263945123206,0.00572115479982265,0.0011259358262429207,0.0,0.0,0.04971224518808838,98
136.66,0.05104908904644597,0.005718812450401859,0.001125971175300902,0.0,0.0,0.04972856685259864,98
136.68,0.051065531719064236,0.005716420101641055,0.0011260045378060721,0.0,0.0,0.04974490963877093,98
136.70000000000002,0.05108203126863454,0.005713977993229071,0.0011260359471576536,0.0,0.0,0.049761266897222524,98
136.72,0.05109948442633193,0.005711486370573295,0.001126065390451439,0.0,0.0,0.04977763196187689,98
136.74,0.05111700280385389,0.005708945488305925,0.0011260928517631368,0.0,0.0,0.04979399817234788,98
136.76,0.05113446525374133,0.00570635561209916,0.0011261179079042956,0.0,0.0,0.0498103015789773,98
136.78,0.051151864371857994,0.005703973742208082,0.0011261446716444971,0.0,0.0,0.04982657437202708,98
136.8,0.05116921166787335,0.005701839825050472,0.0011262023480152902,0.0,0.0,0.04984282862880317,98
136.82,0.05118649993241201,0.0057001316787798455,0.0011262579821165993,0.0,0.0,0.04985905787976779,99
136.84,0.051203722017681974,0.005699328945065216,0.0011263115723322793,0.0,0.0,0.04987525573352033,99
136.86,0.05122087084585789,0.00569846622064895,0.001126363147531358,0.0,0.0,0.04989157229552867,99
136.88,0.05123797184676571,0.005697543871430637,0.0011264126786249646,0.0,0.0,0.049908146890678996,99
136.9,0.05125498959041654,0.005696562272193004,0.0011264601626754858,0.0,0.0,0.04992467088864593,99
136.92000000000002,0.051271913690848984,0.00569552180665918,0.001126505641828111,0.0,0.0,0.04994113829496998,98
136.94,0.05128873743449076,0.005694422867548105,0.001126549080506206,0.0,0.0,0.04995754323582393,98
136.96,0.051305454219022835,0.0056932658566234305,0.001126590471111163,0.0,0.0,0.04997387996858007,98
136.98,0.051322057564951916,0.005692051184730409,0.0011266298138469092,0.0,0.0,0.04999021206074573,98
137.0,0.05133869030070752,0.005690779271814843,0.001126667109141702,0.0,0.0,0.050006855067794585,99
137.02,0.05135562332989997,0.005689450546917723,0.0011267023580456453,0.0,0.0,0.050023412980338966,99
137.04,0.05137242354391778,0.0056880654481393745,0.001126735561252987,0.0,0.0,0.050039880722606886,99
137.06,0.051389085107726315,0.005686624422567214,0.0011267667195591232,0.0,0.0,0.05005625342995188,99
137.08,0.05140560239335872,0.005685127926161984,0.0011267958341986215,0.0,0.0,0.05007252646936719,99
137.1,0.05142197000003532,0.005683576423598275,0.0011268229065836495,0.0,0.0,0.050088695460487546,99
137.12,0.051438182774067566,0.005681970388056355,0.001126847938294756,0.0,0.0,0.050104756296408356,99
137.14000000000001,0.051454235827823526,0.005680310300963706,0.0011268709310721938,0.0,0.0,0.05012070516360038,99
137.16,0.05147012455702416,0.0056785966516860594,0.00112689188680797,0.0,0.0,0.05013653856018962,99
137.18,0.05148608624016536,0.005676829937169195,0.0011269108173604316,0.0,0.0,0.05015225331190334,99
137.20000000000002,0.051502168507592275,0.005675010661534061,0.0011269277641271583,0.0,0.0,0.05016784658505051,99
137.22,0.051518089933282184,0.005673139335629021,0.0011269433322576184,0.0,0.0,0.05018331589600077,99
137.24,0.05153384757638131,0.00567121647654398,0.0011269568724159456,0.0,0.0,0.05019865911674136,99
137.26,0.05154943883373477,0.0056692426070919935,0.0011269875385068677,0.0,0.0,0.05021387447621984,99
137.28,0.05156486143625372,0.005667218255264395,0.001127028088413353,0.0,0.0,0.05022896055731047,99
137.3,0.05158011344085468,0.005665143953665885,0.001127066558013832,0.0,0.0,0.050243916289371277,99
137.32,0.05159519321805711,0.005663020238935989,0.001127102956815701,0.0,0.0,0.05025874093647824,99
137.34,0.05161009840118865,0.005660847651163231,0.0011271372945554194,0.0,0.0,0.05027343304449139,99
137.36,0.05162473329900315,0.005658626732653557,0.0011271702082513728,0.0,0.0,0.05028789760428249,99
137.38,0.051639175241743,0.005656357968988152,0.001127200615439939,0.0,0.0,0.050302618864444794,99
137.4,0.05165327693041626,0.0056540419096346994,0.0011272238969256328,0.0,0.0,0.050317107987813726,99
137.42000000000002,0.05166720272135423,0.00565167912453801,0.0011272451277443865,0.0,0.0,0.05033146659552969,99
137.44,0.05168095239766568,0.005649270162531645,0.0011272643127775432,0.0,0.0,0.050345695505531134,99
137.46,0.051694525874204963,0.005646815579174839,0.0011272814591964646,0.0,0.0,0.05035979569368949,99
137.48,0.051707923163725474,0.0056443159251957885,0.0011272965671919692,0.0,0.0,0.05037376826079056,99
137.5,0.05172114434279325,0.005641771739156439,0.0011273096409162664,0.0,0.0,0.05038761439930514,99
137.52,0.05173418951808505,0.005639183567326267,0.0011273207275281057,0.0,0.0,0.0504013353605745,99
137.54,0.05174705879369622,0.005636551954215886,0.0011273298381075385,0.0,0.0,0.050414932423037795,99
137.56,0.05175975224007283,0.0056338774421838735,0.0011273369318262902,0.0,0.0,0.0504284068621169,99
137.58,0.05177226986516081,0.005631160571070767,0.0011273420178154168,0.0,0.0,0.05044175992235368,100
137.6,0.05178461158832873,0.005628401877859692,0.0011273450927796447,0.0,0.0,0.050454992792357455,100
137.62,0.05179677721757192,0.00562560189636284,0.0011273461621591505,0.0,0.0,0.05046810658307265,99
137.64000000000001,0.05180876643043903,0.005622761156932701,0.0011273460617801047,0.0,0.0,0.05048110230980963,100
137.66,0.05182062322498385,0.005619880186196791,0.0011273442794374566,0.0,0.0,0.050493980878402754,100
137.68,0.05183273820523068,0.005616959506814398,0.001127340509717502,0.0,0.0,0.05050674307576543,100
137.70000000000002,0.05184468405600384,0.005614831184521363,0.0011273347509441838,0.0,0.0,0.05051984348598964,100
137.72,0.05185639172646133,0.005613109328142456,0.0011273266330390115,0.0,0.0,0.050533029253046445,100
137.74,0.051867891743920126,0.0056113463105778045,0.001127315031227866,0.0,0.0,0.05054605855449178,100
137.76,0.05187908937125383,0.005609542614341528,0.001127296593001811,0.0,0.0,0.050558841685663526,100
137.78,0.05189012011505957,0.005607698729529326,0.0011272762035656762,0.0,0.0,0.05057150981843851,99
137.8,0.05190121606726346,0.00560581512361561,0.0011272538690127072,0.0,0.0,0.05058406308209395,99
137.82,0.05191239219362801,0.005603892259968242,0.0011272295958213703,0.0,0.0,0.050596501543207766,99
137.84,0.051923412039491565,0.005601930600723478,0.0011272033899268796,0.0,0.0,0.050608825227783996,99
137.86,0.051934274611247944,0.005601198933872803,0.0011271752674253223,0.0,0.0,0.050621034145401166,99
137.88,0.05194497889814659,0.005600448729151069,0.001127145224868724,0.0,0.0,0.0506331283147668,99
137.9,0.05195552389778933,0.0055996755776891866,0.0011271132744683013,0.0,0.0,0.05064510779006369,100
137.92000000000002,0.0519659086417893,0.005598862301716443,0.0011270794255205207,0.0,0.0,0.05065697268749726,100
137.94,0.051976132221042394,0.005598009301036456,0.0011270436736462838,0.0,0.0,0.05066872321149626,100
137.96,0.051986193810120124,0.005597116969293123,0.0011270063295926937,0.0,0.0,0.050680359680077655,100
137.98,0.05199609269036163,0.005596185693846085,0.0011269673584288042,0.0,0.0,0.050691882548955874,100
138.0,0.052006023802744154,0.005595215855647043,0.0011269264976192948,0.0,0.0,0.050703292434053526,100
138.02,0.052016092043815056,0.005594207829116473,0.0011268837889036533,0.0,0.0,0.05071459013215049,100
138.04,0.05202599557802898,0.005593161982020295,0.0011268393124319253,0.0,0.0,0.05072598190592942,100
138.06,0.05203573430867275,0.005592078675346205,0.0011267929997134476,0.0,0.0,0.05073752490749823,100
138.08,0.05204530833241479,0.005590958263179405,0.0011267448106292847,0.0,0.0,0.05074895878669378,100
138.1,0.05205471795003214,0.005589801092577471,0.0011266947497340467,0.0,0.0,0.05076028522797401,100
138.12,0.05206409127118431,0.005588607503444203,0.0011266428237326227,0.0,0.0,0.050771506167950294,100
138.14000000000001,0.05207367150718082,0.005587385339867113,0.001126589043889736,0.0,0.0,0.050782623803317335,100
138.16,0.05208331103994158,0.005586153938346147,0.0011265334330602093,0.0,0.0,0.050793640596900856,100
138.18,0.05209303150691256,0.005584886994162365,0.001126476047374186,0.0,0.0,0.0508045592819757,100
138.20000000000002,0.05210260543126738,0.00558358481748541,0.0011264168390622145,0.0,0.0,0.05081538286501554,100
138.22,0.052112034795313664,0.005582247710681056,0.0011263567797338528,0.0,0.0,0.050826114627039246,100
138.24,0.05212132181728394,0.005580984324870878,0.0011262950758993385,0.0,0.0,0.050836758123713834,101
138.26,0.052130468948845356,0.005580861036744478,0.001126231538922535,0.0,0.0,0.050847317184364985,101
138.28,0.05214014300317975,0.005580700501887108,0.0011261661804586212,0.0,0.0,0.05085779591003155,101
138.3,0.0521497680146433,0.005581703625541284,0.0011260990332213874,0.0,0.0,0.05086819867068364,101
138.32,0.052159284456717726,0.005582978815604454,0.0011260300597854959,0.0,0.0,0.05087853010170418,101
138.34,0.052168696308074386,0.0055842131507995016,0.0011259592954587108,0.0,0.0,0.050888795099711726,101
138.36,0.052178007777657166,0.005585406810650697,0.0011258867179976778,0.0,0.0,0.050898998817781496,101
138.38,0.0521873458159172,0.005586559965492091,0.0011258123415610612,0.0,0.0,0.05090914666009795,101
138.4,0.05219715972937051,0.005587672776288551,0.0011257362044446995,0.0,0.0,0.050919244276050456,101
138.42000000000002,0.05220690907350239,0.005588745394457519,0.0011256582956419858,0.0,0.0,0.05092929755376261,101
138.44,0.05221659954380408,0.00558977796169246,0.0011255971325205326,0.0,0.0,0.05093931261302437,101
138.46,0.05222623705072461,0.005590770609788996,0.001125548342596805,0.0,0.0,0.05094972917374223,101
138.48,0.0522357922908934,0.005591742879455123,0.001125497768681218,0.0,0.0,0.05096075192695177,101
138.5,0.052245213907211076,0.005592690562079052,0.001125445485242155,0.0,0.0,0.05097166280282551,101
138.52,0.05225507055915416,0.005593598479346351,0.0011253913655383653,0.0,0.0,0.050982560885436234,101
138.54,0.05226493103850064,0.00559446672225174,0.001125335434546905,0.0,0.0,0.050993453321906336,101
138.56,0.05227477050778649,0.005595295371112885,0.0011252776854203032,0.0,0.0,0.051004347432386125,101
138.58,0.05228459595410563,0.005597329725447073,0.0011252300571249806,0.0,0.0,0.05101525069675663,101
138.6,0.05229441449881163,0.005599381073468411,0.0011252127485207246,0.0,0.0,0.05102617074009029,101
138.62,0.05230423338135307,0.0056013893835005,0.0011251935564171108,0.0,0.0,0.05103711531680811,101
138.64000000000001,0.05231405994175843,0.0056033546583475835,0.0011251724774110038,0.0,0.0,0.05104809229349918,101
138.66,0.05232388021367905,0.005605276889322045,0.0011251488820908202,0.0,0.0,0.05105908900506398,101
138.68,0.05233355725399563,0.0056071755144642445,0.0011251185503553896,0.0,0.0,0.05106997420926205,101
138.70000000000002,0.052343264765284774,0.005609044929141782,0.0011250863424518537,0.0,0.0,0.05108091626038613,101
138.72,0.052353010288357524,0.005610871129094813,0.0011250522610426346,0.0,0.0,0.05109192327580108,101
138.74,0.05236280135872608,0.005612654059556708,0.0011250163085704925,0.0,0.0,0.05110300338105947,101
138.76,0.052373057068522785,0.005614394151928485,0.0011249784871315673,0.0,0.0,0.051114164686750736,101
138.78,0.05238339905850133,0.005616131689657943,0.001124938799272623,0.0,0.0,0.0511254152653353,101
138.8,0.052393821910996424,0.005617825709247636,0.0011248972491921464,0.0,0.0,0.051136763128455824,101
138.82,0.05240433322797419,0.005619476110784054,0.001124853837605988,0.0,0.0,0.05114821620528813,101
138.84,0.05241494050283725,0.005621082783541351,0.00112480856696843,0.0,0.0,0.05115978232255747,101
138.86,0.05242565110260806,0.005622645606222509,0.0011247614398687273,0.0,0.0,0.05117146918688229,101
138.88,0.05243647225310799,0.005624164447228004,0.001124712458929691,0.0,0.0,0.05118328437012236,101
138.9,0.05244741102778806,0.005626550069560234,0.0011246616279137463,0.0,0.0,0.05119523529838776,101
138.92000000000002,0.0524584743408096,0.005629265829937838,0.00112460899229036,0.0,0.0,0.05120732924530814,102
138.94,0.05246966894487658,0.0056319336974240825,0.001124554539362468,0.0,0.0,0.05121957333006452,102
138.96,0.05248100143418597,0.00563455347902497,0.0011244982454081918,0.0,0.0,0.051231974520551074,102
138.98,0.052492478252689274,0.005637124972855819,0.001124440111423469,0.0,0.0,0.05124453964186122,102
139.0,0.05250409147176306,0.005639659157897972,0.001124380213601167,0.0,0.0,0.051257261169249745,102
139.02,0.052515793646144136,0.005642168327824467,0.0011243186136844798,0.0,0.0,0.05127009211104195,102
139.04,0.05252765883970666,0.00564462849987467,0.001124255226637729,0.0,0.0,0.05128342037950728,102
139.06,0.052539693079293834,0.00564703943925932,0.0011241900477015141,0.0,0.0,0.051297097651808204,102
139.08,0.05255190235451641,0.005649400903481381,0.0011241230818355924,0.0,0.0,0.05131097098065487,102
139.1,0.05256483170850356,0.0056517126424639255,0.0011240543375838573,0.0,0.0,0.0513250467819679,101
139.12,0.052578421735783906,0.005653974398634574,0.0011239838109108637,0.0,0.0,0.051339331509511754,101
139.14000000000001,0.05259220868912755,0.005656185906967177,0.0011239114770422779,0.0,0.0,0.051353831688165014,101
139.16,0.052606198841988416,0.005658346894983756,0.0011238373295267348,0.0,0.0,0.0513685539456211,101
139.18,0.05262066681500728,0.005660457082721756,0.0011237613706752431,0.0,0.0,0.05138350504130342,101
139.20000000000002,0.05263562174742778,0.005662516202022515,0.0011236836029652072,0.0,0.0,0.051398691891359934,100
139.22,0.052650798990518215,0.005664523944855432,0.0011236040289346726,0.0,0.0,0.05141412158872457,99
139.24,0.052666205441009105,0.005666480001751062,0.0011235226578676697,0.0,0.0,0.05142980141738685,99
139.26,0.05268184818451452,0.005668384062076823,0.0011234397008198435,0.0,0.0,0.05144573886018773,99
139.28,0.05269773449585554,0.0056702358073444864,0.0011233556084631212,0.0,0.0,0.05146194159965077,99
139.3,0.05271387292767651,0.005672034911175843,0.0011232698055629296,0.0,0.0,0.05147841751155282,99
139.32,0.05273031685763404,0.005673781039311818,0.001123182222897388,0.0,0.0,0.05149517465113216,99
139.34,0.05274702795750945,0.005675473849677646,0.0011230928546145974,0.0,0.0,0.05151222123201818,99
139.36,0.05276401412231078,0.005677112992515837,0.0011230016976776674,0.0,0.0,0.051529565598140994,99
139.38,0.0527812833292487,0.005678698110597248,0.001122908822292759,0.0,0.0,0.051547216189039756,99
139.4,0.05279884359632391,0.005680228839518942,0.0011228142223102065,0.0,0.0,0.051565181499130607,99
139.42000000000002,0.05281670293553945,0.005681705161500391,0.0011227178782165482,0.0,0.0,0.05158347003162021,99
139.44,0.05283486930153322,0.005683127112022823,0.0011226197676655974,0.0,0.0,0.051602090247855344,99
139.46,0.052853350536508664,0.005684493551036816,0.0011225199013783634,0.0,0.0,0.051621050512981013,99
139.48,0.05287215431240267,0.005686058272223722,0.0011224182607913033,0.0,0.0,0.05164035903884023,99
139.5,0.052891325089837356,0.005687584102226863,0.0011223148462006461,0.0,0.0,0.051660023825083355,99
139.52,0.05291084743439364,0.00568905155022761,0.001122209662974187,0.0,0.0,0.051680052599465225,98
139.54,0.05293125960523952,0.005690460252164986,0.0011221027125951136,0.0,0.0,0.05170045275829346,98
139.56,0.05295202178073811,0.005691809941804999,0.0011219939935490017,0.0,0.0,0.05172123130795176,98
139.58,0.05297323158270168,0.005693100103953878,0.001121883504189445,0.0,0.0,0.05174239480836128,98
139.6,0.05299508338690712,0.0056943553974004545,0.0011217712455276578,0.0,0.0,0.05176394931916324,98
139.62,0.0530173125879017,0.005695560300776668,0.0011216572189554556,0.0,0.0,0.05178590034931551,98
139.64000000000001,0.05304037139103276,0.005696704370785032,0.001121540922771843,0.0,0.0,0.05180823910842642,98
139.66,0.05306384640810069,0.005697787241775061,0.0011214170679913205,0.0,0.0,0.05183082550315654,98
139.68,0.05308770964905929,0.005698808628852657,0.0011212914523977364,0.0,0.0,0.051853821550717216,98
139.70000000000002,0.0531119635237567,0.005699768171256036,0.001121164078387937,0.0,0.0,0.05187777766550967,98
139.72,0.05313660969246119,0.005700665540227932,0.0011210349447986381,0.0,0.0,0.05190224430671296,98
139.74,0.05316164904536741,0.005701500372363818,0.0011209040517837286,0.0,0.0,0.05192712620830394,98
139.76,0.05318690677475129,0.005702272330220561,0.0011207781860695602,0.0,0.0,0.05195223821097083,97
139.78,0.0532125744945624,0.005702981087880411,0.0011206510994416232,0.0,0.0,0.05197775054238096,97
139.8,0.05323863392202766,0.005703626336284035,0.0011205222143957359,0.0,0.0,0.05200367806623891,97
139.82,0.053265082790405184,0.00570491456479597,0.0011203915309939457,0.0,0.0,0.052030019082811976,97
139.84,0.053291918055068645,0.005706728830283378,0.0011202590477157686,0.0,0.0,0.05205677112970612,97
139.86,0.05331913591255141,0.005708474953025329,0.00112012483630229,0.0,0.0,0.05208393100089895,97
139.88,0.05334673182710657,0.005710152663549885,0.0011199888416344988,0.0,0.0,0.052111494773327834,97
139.9,0.053374700565015414,0.005711761710482105,0.001119851045383972,0.0,0.0,0.05213945784127561,97
139.92000000000002,0.05340303623680506,0.0057133018615306095,0.0011197114638229943,0.0,0.0,0.052167814958723746,97
139.94,0.05343173234742891,0.005714772904426487,0.00111957010103743,0.0,0.0,0.05219656028973307,97
139.96,0.053460781854321494,0.0057163711901337105,0.0011194269447555194,0.0,0.0,0.05222568746677034,97
139.98,0.05349017723307067,0.005719305694878988,0.001119282017746501,0.0,0.0,0.052255189656726625,97
140.0,0.05351991055025741,0.005722179766193651,0.0011191352886672312,0.0,0.0,0.05228505963418119,97
140.02,0.05354997354281257,0.0057249847038497795,0.0011189867564016694,0.0,0.0,0.05231528986126099,97
140.04,0.0535808411128187,0.005727710684363799,0.0011188364201391696,0.0,0.0,0.05234587257324348,97
140.06,0.053612055786144565,0.0057303575285281416,0.0011186842790911137,0.0,0.0,0.05237679986885927,97
140.08,0.053643589226717046,0.0057329250876874665,0.001118530332138712,0.0,0.0,0.052408063804084415,96
140.1,0.05367540031079445,0.005735413244183209,0.0011183708452624048,0.0,0.0,0.05243962745463006,96
140.12,0.05370734519890743,0.005737829043310405,0.0011181904080765595,0.0,0.0,0.05247136313630351,96
140.14000000000001,0.05373958506026433,0.005740211207000243,0.001118008214614361,0.0,0.0,0.05250341283149679,96
140.16,0.05377224309901149,0.005742542209911117,0.0011178242647082784,0.0,0.0,0.052535769382970866,96
140.18,0.05380556144324996,0.005744797108469749,0.0011176385606856002,0.0,0.0,0.052568426062459,96
140.20000000000002,0.0538391527137108,0.005746972407793459,0.0011174510969169812,0.0,0.0,0.05260137665527077,96
140.22,0.053873014671053154,0.005749068179341962,0.001117261872325392,0.0,0.0,0.052634615538444965,96
140.24,0.053907624035718554,0.005751084516853708,0.001117070885814421,0.0,0.0,0.052668137751307804,96
140.26,0.05394250373941235,0.005753021563266965,0.0011169134191921092,0.0,0.0,0.052701939057454864,97
140.28,0.05397765019254482,0.005754879474122773,0.0011167545516774916,0.0,0.0,0.05273601599735501,97
140.3,0.05401306062350422,0.0057566587309647605,0.0011165940967482282,0.0,0.0,0.052770365930960225,97
140.32,0.05404873311059011,0.005758359219254367,0.0011164319858896195,0.0,0.0,0.05280498706989336,97
140.34,0.054084666603278396,0.005759981142075723,0.0011162680660268722,0.0,0.0,0.05283987849896837,97
140.36,0.05412086093274677,0.0057615247417821215,0.0011161023361779365,0.0,0.0,0.05287504018697063,97
140.38,0.05415731681174744,0.005762990280157447,0.0011159347953716315,0.0,0.0,0.0529104729867832,97
140.4,0.05419403582405597,0.005764378036881843,0.0011157654417061193,0.0,0.0,0.05294617862508758,97
140.42000000000002,0.05423102040385102,0.005765688519162742,0.0011156189881032029,0.0,0.0,0.05298215968199314,97
140.44,0.054268273805486864,0.005766922012790038,0.001115489283547366,0.0,0.0,0.05301864706384242,97
140.46,0.05430578536558295,0.005768078659803281,0.0011153576542581702,0.0,0.0,0.05305565522583643,97
140.48,0.05434343616991355,0.005769158789029567,0.001115224425150962,0.0,0.0,0.053092819138102924,97
140.5,0.05438137032298437,0.005770162675934925,0.0011150893326773016,0.0,0.0,0.05313027624671408,97
140.52,0.054419593886054766,0.0057710906774782016,0.0011149524546210715,0.0,0.0,0.05316803277768505,97
140.54,0.054458113467296385,0.005771943158992538,0.0011148137748516291,0.0,0.0,0.05320609550842198,97
140.56,0.05449693614800992,0.005772720493152681,0.0011146732117664657,0.0,0.0,0.05324447169418194,97
140.58,0.054536069404469395,0.005773423059046578,0.0011145307554179752,0.0,0.0,0.053283168990160786,97
140.6,0.05457552102633393,0.005774051241353071,0.001114386409238224,0.0,0.0,0.05332219537015,97
140.62,0.054615299032596154,0.005774605429625205,0.001114240170455205,0.0,0.0,0.05336155904273177,97
140.64000000000001,0.054655411586055906,0.005775086017676572,0.001114092169427211,0.0,0.0,0.05340126836600136,97
140.66,0.05469586690731393,0.005775493403065909,0.001113942594042132,0.0,0.0,0.053441331761811685,97
140.68,0.05473667318927296,0.005775827986673354,0.0011137915636996838,0.0,0.0,0.0534817576305277,96
140.70000000000002,0.05477783851310996,0.005776090172359861,0.0011136394012878795,0.0,0.0,0.053522554267254045,96
140.72,0.05481937076664059,0.0057762803666999655,0.001113485941069535,0.0,0.0,0.05356372978045742,96
140.74,0.05486131180446937,0.005776398978776719,0.0011133306193092166,0.0,0.0,0.053605292013847165,96
140.76,0.0549036435140725,0.005776446420026847,0.0011131734356191164,0.0,0.0,0.05364724847230508,96
140.78,0.054946485971450826,0.005776423104123666,0.0011130143918172076,0.0,0.0,0.05368960625256982,96
140.8,0.05498990946710819,0.005776329446885153,0.0011128536163045012,0.0,0.0,0.0537323719792903,96
140.82,0.05503374347131874,0.005776165866194909,0.0011126911539612963,0.0,0.0,0.053775551746966965,96
140.84,0.05507799343424903,0.005775932781924349,0.0011125268439329252,0.0,0.0,0.05381915106820725,97
140.86,0.05512263996145002,0.005775630615845534,0.0011123608444748505,0.0,0.0,0.053863150546256205,97
140.88,0.05516764744573554,0.0057752597805550455,0.0011121939264874252,0.0,0.0,0.053907514531424824,97
140.9,0.055213083425133445,0.005774820672296327,0.0011120254116198027,0.0,0.0,0.05395231081292633,97
140.92000000000002,0.0552589644100199,0.005774313717902788,0.0011118550896135994,0.0,0.0,0.05399754219475993,96
140.94,0.05530530777355672,0.0057737393455024886,0.0011116829642149454,0.0,0.0,0.054043210744240226,96
140.96,0.05535208567089379,0.005773097984298903,0.0011115090420856855,0.0,0.0,0.05408931778272398,96
140.98,0.05539929857245202,0.0057723900648670255,0.0011113333271463724,0.0,0.0,0.05413586388359289,97
141.0,0.055447352300339904,0.005771616016954467,0.0011111558505613776,0.0,0.0,0.05418284887739149,97
141.02,0.055496151728532186,0.0057707762710378155,0.0011109766625675317,0.0,0.0,0.05423027186395541,97
141.04,0.05554538210188931,0.005769871257277321,0.001110795712647081,0.0,0.0,0.054278131231296725,97
141.06,0.05559504100473771,0.005768901405086253,0.001110613151987315,0.0,0.0,0.05432642468094083,97
141.08,0.055645125362825065,0.005767867150180409,0.001110429009133302,0.0,0.0,0.054375149259333115,97
141.1,0.055695631480396315,0.0057667689142013165,0.0011102434274523065,0.0,0.0,0.05442430139486064,97
141.12,0.05574655508236266,0.0057656071188578305,0.00111005757512086,0.0,0.0,0.05447387693996391,97
141.14000000000001,0.055797891360975176,0.005764382185797819,0.001109916095161806,0.0,0.0,0.054523871217751506,97
141.16,0.05584963502636541,0.005763973465575228,0.0011097728623610803,0.0,0.0,0.054574279072481365,98
141.18,0.05590178036027441,0.005763924668661705,0.0011096279064537172,0.0,0.0,0.05462509492323143,98
141.20000000000002,0.05595432127226711,0.005763809532816928,0.0011094812071506725,0.0,0.0,0.05467631282005742,98
141.22,0.05600725135771269,0.0057636524017243675,0.0011093327778385529,0.0,0.0,0.05472792650191959,98
141.24,0.05606056395680551,0.005763430004131969,0.0011091829612820928,0.0,0.0,0.054779929455653804,98
141.26,0.05611425221390094,0.005763142430377481,0.0011090322879411226,0.0,0.0,0.05483231497526209,99
141.28,0.056168309136442496,0.005762790063627945,0.0011088799307875773,0.0,0.0,0.0548850762207998,99
141.3,0.05622272765276051,0.005762373279621791,0.0011087259195409027,0.0,0.0,0.05493820627613993,99
141.32,0.05627750066802363,0.005761892446304486,0.0011085703063377448,0.0,0.0,0.054991698204896695,99
141.34,0.05633262111762671,0.005761357887604176,0.0011084134407599476,0.0,0.0,0.05504554510379219,99
141.36,0.05638808201729891,0.005760774521478385,0.0011082556631447336,0.0,0.0,0.055099740152750216,100
141.38,0.056443876509221697,0.005760128134299646,0.0011080968054814448,0.0,0.0,0.05515427666100752,100
141.4,0.056499997903458686,0.005759423335819763,0.001107936352911653,0.0,0.0,0.055209148108544645,100
141.42000000000002,0.05655643971402339,0.005758689288482671,0.0011077743734088368,0.0,0.0,0.05526434818216252,100
141.44,0.05661319568895263,0.005757895227163992,0.0011076108336971467,0.0,0.0,0.05531987080557319,100
141.46,0.05667025983381448,0.00575706319481611,0.0011074602335508468,0.0,0.0,0.05537571016293339,100
141.48,0.0567276264281641,0.0057561695365117155,0.0011073317566427522,0.0,0.0,0.055431860715334895,100
141.5,0.056785290034567566,0.005756633884972098,0.0011072016664107071,0.0,0.0,0.055488317209871726,100
141.52,0.056843245499943136,0.005757215560768107,0.00110707024936118,0.0,0.0,0.05554507468103371,100
141.54,0.056901713515599854,0.005757728397649875,0.0011069373944484462,0.0,0.0,0.05560212844432126,100
141.56,0.05696075836599121,0.00575817262951163,0.0011068031625685046,0.0,0.0,0.05565947408213476,99
141.58,0.0570201022606263,0.005758548483275155,0.0011066676871357944,0.0,0.0,0.0557171074221543,99
141.6,0.057079736930724115,0.005758856179312146,0.0011065655177595595,0.0,0.0,0.05577502450858612,99
141.62,0.05713964046103822,0.005759095931946191,0.0011064676243686638,0.0,0.0,0.05583322156680161,99
141.64000000000001,0.05719980898174834,0.005759267950029318,0.0011063682883953286,0.0,0.0,0.05589169496202902,99
141.66,0.05726023871213432,0.005759372437586831,0.0011062674979599352,0.0,0.0,0.055950441152868395,99
141.68,0.05732092590964962,0.005759409759918753,0.0011061651898859489,0.0,0.0,0.05600945664048832,99
141.70000000000002,0.05738186681558883,0.005759380106502604,0.001106061522823843,0.0,0.0,0.0560687379144236,99
141.72,0.05744305759830502,0.005759283616728631,0.00110595692302065,0.0,0.0,0.05612828139592821,99
141.74,0.057504494294946897,0.005759120380085625,0.0011058507560865326,0.0,0.0,0.056188083379853426,99
141.76,0.05756617275267987,0.005758911237580813,0.0011057430404507091,0.0,0.0,0.05624813997601399,99
141.78,0.05762808857033687,0.005758641130196714,0.0011056394703990305,0.0,0.0,0.0563084470509871,99
141.8,0.05769023704141324,0.005758304820697828,0.0011055582300189951,0.0,0.0,0.056369000171258,99
141.82,0.05775261309928337,0.005757902502901086,0.0011054754861277737,0.0,0.0,0.05642979454858838,99
141.84,0.05781521126547436,0.005757434373113917,0.0011053911835127266,0.0,0.0,0.056490824988442226,99
141.86,0.05787802560178689,0.005756981417839732,0.0011053053404391847,0.0,0.0,0.05655208584225813,99
141.88,0.05794104966700661,0.005757205696256194,0.001105239732555368,0.0,0.0,0.05661357096431043,99
141.9,0.058004276478900635,0.005757360158342652,0.0011051806168921375,0.0,0.0,0.05667527367385309,99
141.92000000000002,0.05806769848214358,0.005757444931900012,0.0011051201489354347,0.0,0.0,0.05673718672318958,99
141.94,0.05813130752276473,0.005757460151337512,0.001105058196098526,0.0,0.0,0.05679930227225989,99
141.96,0.058195094829652676,0.005757405958494558,0.0011049946546774763,0.0,0.0,0.05686205455563994,99
141.98,0.058259060870347844,0.005757282503414097,0.0011049300478717728,0.0,0.0,0.05692528510379796,99
142.0,0.05832321635091411,0.005757089945913197,0.001104864798946094,0.0,0.0,0.05698868979252416,99
142.02,0.05838752012149095,0.005756828459206639,0.0011047982912420302,0.0,0.0,0.05705225830757459,100
142.04,0.058451960911831566,0.005756512655532174,0.001104730255057582,0.0,0.0,0.05711597972958038,100
142.06,0.05851652686227793,0.005756144490509216,0.0011046610037738585,0.0,0.0,0.05718000662855358,100
142.08,0.05858120555508705,0.005755707945227018,0.0011045902477890958,0.0,0.0,0.05724455982612948,100
142.1,0.05864598261185411,0.005755203232147344,0.0011045175602614915,0.0,0.0,0.05730922800731318,100
142.12,0.05871077192860847,0.005754630576966737,0.0011044237269342892,0.0,0.0,0.05737394466150527,99
142.14000000000001,0.05877563380545692,0.0057539901803084735,0.0011043283879807078,0.0,0.0,0.05743875085934133,99
142.16,0.05884049539320553,0.005753282289108253,0.0011042295270418708,0.0,0.0,0.057503576557099305,99
142.18,0.058905223216043086,0.00575253782197009,0.0011041360925810385,0.0,0.0,0.05756828035316868,100
142.20000000000002,0.05896996159960486,0.005751744125504297,0.0011040453060484708,0.0,0.0,0.05763300923879356,100
142.22,0.059034714974442,0.005750883813643161,0.00110395293495965,0.0,0.0,0.05769777177094168,100
142.24,0.059099468559375624,0.005749957188310439,0.0011038589786458752,0.0,0.0,0.05776255359336933,101
142.26,0.05916420763755728,0.0057489645646390955,0.001103763449246323,0.0,0.0,0.057827340422221984,101
142.28,0.05922891764928797,0.005747906270877613,0.0011036663305673646,0.0,0.0,0.057892118139002774,102
142.3,0.05929358428527122,0.005746782648229006,0.0011035681595649041,0.0,0.0,0.057956872883988604,102
142.32,0.05935819357887134,0.005745594050621606,0.0011034685967915947,0.0,0.0,0.05802159114866542,102
142.34,0.05942273199593747,0.005744340844411458,0.0011033682325053355,0.0,0.0,0.05808625986574512,102
142.36,0.05948708862624348,0.005743023408016939,0.0011032673297658021,0.0,0.0,0.058150768904164866,102
142.38,0.05955133666937084,0.0057416420737192555,0.0011031649428127597,0.0,0.0,0.05821519168690221,102
142.4,0.05961546802167033,0.005740197235570429,0.0011030613605642482,0.0,0.0,0.058279686079148185,102
142.42000000000002,0.059679413586684556,0.005738689304754894,0.0011029588715029516,0.0,0.0,0.058344340822036385,102
142.44,0.05974323013257866,0.005737118697098751,0.0011028547886759064,0.0,0.0,0.05840888970277918,102
142.46,0.05980690830385975,0.005735496528896728,0.001102775467008726,0.0,0.0,0.05847332389007821,102
142.48,0.059870439632486366,0.005733831354378951,0.0011027077814679046,0.0,0.0,0.05853763545070584,102
142.5,0.05993397152487958,0.005732104730978043,0.0011026613678449897,0.0,0.0,0.05860181737903848,103
142.52,0.0599974179348797,0.005730317113686358,0.0011026134602325152,0.0,0.0,0.058665863616239704,103
142.54,0.060060705282969334,0.0057284689638543804,0.0011025639782492012,0.0,0.0,0.058729769059076516,104
142.56,0.060123829012444126,0.005726560748412941,0.0011025128947583125,0.0,0.0,0.058793529558509826,104
142.58,0.06018678550144224,0.005724592939099009,0.0011024613574310402,0.0,0.0,0.05885757193096214,104
142.6,0.060249572041780185,0.005722566011694522,0.0011024083238027234,0.0,0.0,0.058921563570345795,104
142.62,0.06031218680872101,0.005720480445287533,0.001102353788388405,0.0,0.0,0.05898540267806097,104
142.64000000000001,0.06037462882224329,0.005718336721564586,0.0011022978289480887,0.0,0.0,0.059049088715419244,104
142.66,0.06043689790044135,0.005716135324142673,0.0011022402869794049,0.0,0.0,0.05911262195096018,104
142.68,0.06049900707158637,0.005713876737948611,0.0011021811732428168,0.0,0.0,0.05917600340695493,103
142.70000000000002,0.06056106074808156,0.005711561448652838,0.0011021204477691196,0.0,0.0,0.05923923479945162,103
142.72,0.06062295042761164,0.005709189942163991,0.0011020582553800192,0.0,0.0,0.05930231847262591,103
142.74,0.06068467864591314,0.005706762704189567,0.0011019945101195126,0.0,0.0,0.05936525732824135,103
142.76,0.060746283113479016,0.005704280219867167,0.0011019292499832723,0.0,0.0,0.059428054751068854,103
142.78,0.06080778046560022,0.005701742973469664,0.0011018893812203986,0.0,0.0,0.059490714531164855,103
142.8,0.060869212857562846,0.005699151448186542,0.0011018549674666602,0.0,0.0,0.05955324078396141,103
142.82,0.06093050409304327,0.005696506125982463,0.0011018189087768796,0.0,0.0,0.059615637869178555,103
142.84,0.06099161449325616,0.005693807487532756,0.0011017812593509975,0.0,0.0,0.05967786633983081,103
142.86,0.061052560080196945,0.0056912227436109845,0.001101742095066612,0.0,0.0,0.05973994250042715,103
142.88,0.06111337750913667,0.005688689964608699,0.0011017015172188622,0.0,0.0,0.05980190331188288,103
142.9,0.06117407103460033,0.005686103636151458,0.001101659415846839,0.0,0.0,0.059863753314857035,103
142.92000000000002,0.06123464476446331,0.005683464202024817,0.0011016171077135267,0.0,0.0,0.05992549690992149,103
142.94,0.061295102595131455,0.005680772145853481,0.0011016056575892622,0.0,0.0,0.05998713829294538,104
142.96,0.06135544815337189,0.005678027960031356,0.0011015925830175739,0.0,0.0,0.06004941307847839,104
142.98,0.0614157647281224,0.005675232136847226,0.001101577904608673,0.0,0.0,0.06011174561994644,104
143.0,0.06147598420221972,0.005672385168862108,0.001101561584888268,0.0,0.0,0.06017398502328868,104
143.02,0.06153610445847247,0.005669498134864586,0.0011015436171002665,0.0,0.0,0.06023613417073698,104
143.04,0.06159612772774147,0.005666576527439277,0.0011015240117934974,0.0,0.0,0.06029819553257479,104
143.06,0.061656055808718635,0.005663605357443316,0.0011015028553044586,0.0,0.0,0.06036017115282906,104
143.08,0.06171589006279848,0.005660585035324997,0.001101480149335626,0.0,0.0,0.060422062644313955,104
143.1,0.06177563141796918,0.005657516059864318,0.0011014559166632179,0.0,0.0,0.06048387119269594,104
143.12,0.06183528038118226,0.00565561699998072,0.001101430179393719,0.0,0.0,0.060545597569039246,104
143.14000000000001,0.061894837058482005,0.005653816375911009,0.0011014033438452348,0.0,0.0,0.06060724215011323,105
143.16,0.0619546009044808,0.005651961318584349,0.001101375155267916,0.0,0.0,0.06066880494560516,105
143.18,0.06201458581336245,0.00565005236612781,0.0011013453122791974,0.0,0.0,0.06073028563129006,105
143.20000000000002,0.062074475761753976,0.005648090061880065,0.0011013138136011654,0.0,0.0,0.06079168358716407,105
143.22,0.06213426957735716,0.00564607495311361,0.0011012807583077337,0.0,0.0,0.06085299793954737,106
143.24,0.06219415899996669,0.00564400758941652,0.0011012472549390823,0.0,0.0,0.060914227606201535,106
143.26,0.06225455959444447,0.005641888522610607,0.0011012121402655508,0.0,0.0,0.06097537134357489,106
143.28,0.062314891475330314,0.005639718306616973,0.0011011753817021708,0.0,0.0,0.06103642779537925,106
143.3,0.062375128490139056,0.005637497497273125,0.0011011370765420538,0.0,0.0,0.06109781977014571,106
143.32,0.06243525972181433,0.00563522665210645,0.0011010981529351491,0.0,0.0,0.061159582693061994,107
143.34,0.06249528339780036,0.005632906330069424,0.001101057680156408,0.0,0.0,0.06122125235354124,108
143.36,0.06255519781866062,0.005630537091242199,0.0011010155665642765,0.0,0.0,0.06128356967680669,108
143.38,0.06261500140454389,0.005628119496508237,0.001100971808704162,0.0,0.0,0.06134593141060139,108
143.4,0.06267469274011045,0.00562565410720854,0.0011009341279364542,0.0,0.0,0.061408194662411084,108
143.42000000000002,0.06273427061764444,0.005623141484779786,0.0011009155819929513,0.0,0.0,0.061470358646059514,108
143.44,0.06279373407809406,0.005620582190381277,0.0011008956785483973,0.0,0.0,0.06153242283424967,108
143.46,0.06285325354615973,0.005617976784515154,0.0011008746422756699,0.0,0.0,0.06159438699755259,108
143.48,0.06291302056377598,0.005615325826643833,0.0011008528162954336,0.0,0.0,0.06165625124083418,108
143.5,0.06297266221737169,0.005612629874808104,0.0011008293156108597,0.0,0.0,0.06171800692861725,108
143.52,0.06303212005249931,0.005609889481997118,0.001100818473135952,0.0,0.0,0.06177959657283715,109
143.54,0.06309146299902336,0.005607105178214503,0.0011008282901662117,0.0,0.0,0.06184108902349203,109
143.56,0.06315069230440658,0.005604277515096942,0.0011008364536876092,0.0,0.0,0.061902486026864725,109
143.58,0.06320980967306006,0.005601407041388167,0.0011008432731868887,0.0,0.0,0.06196378979859314,109
143.6,0.06326881728198618,0.005598494302594659,0.0011008483670294996,0.0,0.0,0.06202500303968947,109
143.62,0.0633277177923241,0.005595539840652703,0.0011008517217404971,0.0,0.0,0.062086128948479764,109
143.64000000000001,0.06338707473952397,0.005592544193607292,0.001100853334042213,0.0,0.0,0.06214717122835781,109
143.66,0.06344634987869634,0.005589507895303093,0.0011008536409840785,0.0,0.0,0.06220813409129237,109
143.68,0.06350552803237611,0.005586431475087433,0.0011008524859749712,0.0,0.0,0.0622690222570724,109
143.70000000000002,0.0635646138293609,0.005583315457525213,0.0011008502151971839,0.0,0.0,0.06233003850862064,109
143.72,0.06362361237671092,0.00558016036212532,0.001100846757430987,0.0,0.0,0.062391256698489696,109
143.74,0.06368252924606933,0.005576966703102183,0.0011008427322743034,0.0,0.0,0.06245241674206197,108
143.76,0.06374137045609436,0.005573734995833542,0.0011008375961178301,0.0,0.0,0.0625135252998207,107
143.78,0.06380030635115773,0.0055704657367013745,0.0011008306974020538,0.0,0.0,0.06257458947506186,107
143.8,0.0638594374861504,0.005567159422458876,0.0011008442436522658,0.0,0.0,0.06263561678977196,107
143.82,0.06391851920752761,0.005563845845297687,0.0011008683626476782,0.0,0.0,0.06269680622415279,107
143.84,0.06397747741679127,0.005560505839933908,0.0011008913853155378,0.0,0.0,0.06275815053553009,107
143.86,0.06403670674541558,0.005557129992117748,0.001100912645425053,0.0,0.0,0.06281948232155972,107
143.88,0.06409597806840983,0.005553718772885811,0.0011009323154409052,0.0,0.0,0.06288081047939474,107
143.9,0.06415525327501348,0.005550272646185922,0.0011009505727177689,0.0,0.0,0.06294214416342228,107
143.92000000000002,0.06421454164717287,0.0055467920686887605,0.0011009674500815862,0.0,0.0,0.06300349274728312,107
143.94,0.06427429768712344,0.005543278233415988,0.001100982635997383,0.0,0.0,0.06306486578492414,107
143.96,0.0643345521450508,0.005540969778339716,0.0011009968755654926,0.0,0.0,0.06312627297110933,107
143.98,0.06439484707717906,0.005538625060051346,0.0011010093371543704,0.0,0.0,0.06318772410181779,107
144.0,0.06445519224653148,0.005536244463401951,0.001101020020621267,0.0,0.0,0.06324922903495246,107
144.02,0.06451559743864844,0.005533828365576367,0.0011010289459104598,0.0,0.0,0.06331079765176814,107
144.04,0.06457607242416534,0.005531377138230774,0.0011010360956993192,0.0,0.0,0.06337243981940445,107
144.06,0.0646366269228478,0.005528891144220312,0.0011010531557587883,0.0,0.0,0.06343416535487552,107
144.08,0.06469727056939181,0.005526370737431393,0.0011010872238681928,0.0,0.0,0.06349598399082437,107
144.1,0.0647580128812464,0.005524558739743209,0.0011011196639281184,0.0,0.0,0.06355790534330089,107
144.12,0.06481886322865937,0.005523210036890998,0.0011011504724527728,0.0,0.0,0.06361993888176522,107
144.14000000000001,0.06487983080708803,0.00552182466538121,0.0011011794947765276,0.0,0.0,0.06368209390145958,107
144.16,0.06494092461205794,0.0055204029043039735,0.0011012067383388542,0.0,0.0,0.06374437949823247,106
144.18,0.06500215341649751,0.005518945022690644,0.0011012331161169406,0.0,0.0,0.06380680454584488,106
144.20000000000002,0.06506352575052815,0.005517451449409349,0.0011012588521267803,0.0,0.0,0.06386967023691346,106
144.22,0.06512500370943847,0.00551592235699062,0.0011012833648805676,0.0,0.0,0.06393282040936352,106
144.24,0.06518655862894034,0.005514357865079733,0.001101307508395186,0.0,0.0,0.06399605288346086,106
144.26,0.06524828125030224,0.00551275815297922,0.0011013313105469674,0.0,0.0,0.0640594573169388,107
144.28,0.0653103153965305,0.005511123437790776,0.0011013608157311886,0.0,0.0,0.06412304121607172,108
144.3,0.06537330870413721,0.005509453925883229,0.0011014166717549848,0.0,0.0,0.06418681177784569,108
144.32,0.06543648952946288,0.005507749812828201,0.0011014707757684519,0.0,0.0,0.06425137151359821,108
144.34,0.06550065567139775,0.0055060112833512104,0.0011015239012958874,0.0,0.0,0.06431642349007234,108
144.36,0.06556514198000522,0.005504238511298696,0.001101576042527301,0.0,0.0,0.06438168013184567,108
144.38,0.06562983273298446,0.005502431659621481,0.0011016269960119666,0.0,0.0,0.06444714734854236,108
144.4,0.06569473340168781,0.005500590880375056,0.0011016770981827015,0.0,0.0,0.06451283072200872,108
144.42000000000002,0.06575984913015766,0.0054987163147371615,0.001101726114310271,0.0,0.0,0.06457873550772278,108
144.44,0.06582513561314557,0.005496808093043074,0.0011017754236407299,0.0,0.0,0.06464481786542144,108
144.46,0.06589061642312731,0.00549486631405526,0.0011018229460876482,0.0,0.0,0.0647111013457552,108
144.48,0.06595632588824012,0.005493684733618583,0.0011018688182815564,0.0,0.0,0.0647782586142464,108
144.5,0.0660222678859015,0.005492914181454361,0.0011019138005020756,0.0,0.0,0.06484589664404763,108
144.52,0.0660884459938715,0.005492106932791492,0.0011019794570778986,0.0,0.0,0.06491377606972304,108
144.54,0.06615486349893947,0.005492255737713169,0.0011020650694871618,0.0,0.0,0.06498190030204794,109
144.56,0.0662215234061652,0.005492838494455501,0.001102148938884824,0.0,0.0,0.06505027247197162,109
144.58,0.0662884284484275,0.005493380040072552,0.0011022312199794391,0.0,0.0,0.06511889544033754,109
144.6,0.06635558109604184,0.005493880331734167,0.001102312048612676,0.0,0.0,0.06518807072311282,109
144.62,0.06642298356623841,0.005494339315762409,0.0011023913785075628,0.0,0.0,0.06525780700968016,109
144.64000000000001,0.06649063783234035,0.00549475692779964,0.001102468994368538,0.0,0.0,0.06532780036315709,109
144.66,0.06655854563255166,0.00549513309300025,0.0011025448870220567,0.0,0.0,0.06539805265972129,109
144.68,0.06662670847835171,0.005495467726246694,0.001102619251214574,0.0,0.0,0.06546856555179702,109
144.70000000000002,0.06669512766259235,0.005495760732390164,0.0011026929945586869,0.0,0.0,0.06553934047633246,109
144.72,0.06676380426750028,0.005496012006515792,0.001102766155412473,0.0,0.0,0.06561037866298126,109
144.74,0.06683273917289152,0.005496221434231819,0.0011028378730262873,0.0,0.0,0.06568168114249488,109
144.76,0.06690201193306392,0.005496951530075701,0.0011029078825709618,0.0,0.0,0.06575324875572583,109
144.78,0.06697156017942286,0.005498362054291596,0.00110297682374958,0.0,0.0,0.06582508216371469,109
144.8,0.06704139695349151,0.00549973092668629,0.0011030450922980817,0.0,0.0,0.06589718185937468,109
144.82,0.0671119738527031,0.0055010534527703625,0.0011031237716713665,0.0,0.0,0.06596954818129086,109
144.84,0.06718281460282785,0.005502329428412535,0.0011032325789282443,0.0,0.0,0.06604224134029991,109
144.86,0.06725391921632602,0.005503558641194576,0.0011033396010021426,0.0,0.0,0.06611561111863778,109
144.88,0.06732528760732782,0.005504740870743224,0.001103444835556918,0.0,0.0,0.06618924716996988,109
144.9,0.06739691961737461,0.005505875889056192,0.0011035488930826358,0.0,0.0,0.06626314941106863,109
144.92000000000002,0.06746886960915364,0.005507008777048063,0.0011036516470469026,0.0,0.0,0.06633731771747879,109
144.94,0.0675415294948744,0.005508128279048573,0.0011037526279192968,0.0,0.0,0.06641175195518169,108
144.96,0.067614451693755,0.00550919971618582,0.0011038518403343083,0.0,0.0,0.06648645201434818,108
144.98,0.06768763606965152,0.005510222833027975,0.0011039497935618106,0.0,0.0,0.06656141784432333,108
145.0,0.06776108257781106,0.005511197367885562,0.001104046274093708,0.0,0.0,0.06663664948878999,108
145.02,0.06783479129887766,0.005512123053011849,0.0011041409832972483,0.0,0.0,0.06671214711991139,108
145.04,0.06790876247057241,0.005512999614777449,0.0011042339253079854,0.0,0.0,0.06678791107016394,108
145.06,0.06798299651573689,0.00551382677382202,0.0011043251125802994,0.0,0.0,0.06686394186055014,108
145.08,0.0680575799976147,0.005514658798095359,0.0011044145385338026,0.0,0.0,0.06694024022393281,108
145.1,0.06813252541287602,0.005516626434963436,0.0011045022098997472,0.0,0.0,0.06701680712234981,108
145.12,0.06820774238098591,0.005518540130501283,0.0011045999139095795,0.0,0.0,0.0670936437573522,108
145.14000000000001,0.06828323236811265,0.0055204377326062565,0.0011047170699398706,0.0,0.0,0.06717075157264349,108
145.16,0.06835899707561315,0.00552228366674949,0.0011048324499884114,0.0,0.0,0.06724813224857137,108
145.18,0.06843503842602669,0.0055240746158633095,0.0011049460535808543,0.0,0.0,0.06732623249171923,108
145.20000000000002,0.06851117784992491,0.00552581022632357,0.0011050522098642426,0.0,0.0,0.06740450016248986,108
145.22,0.06858759834005923,0.005527490229541949,0.001105156725275165,0.0,0.0,0.0674831795674782,108
145.24,0.06866430265772283,0.005529114261781491,0.001105259491048773,0.0,0.0,0.06756266345537452,108
145.26,0.06874129331501364,0.005530681954594149,0.0011053608880127997,0.0,0.0,0.06764243023617461,108
145.28,0.06881857286597759,0.0055321929353925135,0.0011054607141947966,0.0,0.0,0.06772248245663175,108
145.3,0.06889691346919345,0.0055336468279262455,0.0011055590750780801,0.0,0.0,0.06780282265746675,108
145.32,0.06897619993409529,0.005535043252834468,0.0011056557817683435,0.0,0.0,0.06788345332047228,109
145.34,0.06905568064820335,0.005536381828273835,0.0011057504315307933,0.0,0.0,0.06796428183667386,109
145.36,0.06913540419211386,0.005537662118966194,0.0011058432687102342,0.0,0.0,0.068045354526505,109
145.38,0.06921542631698267,0.005538883712686036,0.0011059346693568538,0.0,0.0,0.06812672452041295,109
145.4,0.06929574873303136,0.005540046224887613,0.0011060243353075874,0.0,0.0,0.0682083935422202,109
145.42000000000002,0.06937637283900666,0.005541149271727899,0.0011061437292700289,0.0,0.0,0.06829036300844699,109
145.44,0.06945791456792065,0.0055421924709950126,0.0011062664627081633,0.0,0.0,0.06837263398951442,109
145.46,0.06954005917604608,0.00554317544307086,0.001106387703439152,0.0,0.0,0.06845520717617325,109
145.48,0.06962250598484986,0.005544097811918186,0.001106507752237105,0.0,0.0,0.0685380828513544,109
145.5,0.06970525481273145,0.005544959206082771,0.0011066260745830904,0.0,0.0,0.06862126086739453,109
145.52,0.06978830502597658,0.005545759259702641,0.0011067426261706834,0.0,0.0,0.0687047406283754,109
145.54,0.06987165552600967,0.005546497613517563,0.0011068575901971918,0.0,0.0,0.06878852107714103,109
145.56,0.06995530474081847,0.00554717391587398,0.0011069716228638909,0.0,0.0,0.06887260068643346,109
145.58,0.07003925061992314,0.005547787823722306,0.0011070851238316026,0.0,0.0,0.06895697745352362,109
145.6,0.07012349063225935,0.005548339007586614,0.0011071974824400387,0.0,0.0,0.0690416488977153,109
145.62,0.07020802176640646,0.00554882714150854,0.0011073080851040256,0.0,0.0,0.06912661206015955,110
145.64000000000001,0.07029284053270932,0.005549251913303766,0.0011074169364493076,0.0,0.0,0.06921186350553804,110
145.66,0.07037794296700804,0.005549613024151175,0.001107524052953366,0.0,0.0,0.0692973993253391,110
145.68,0.07046332463589082,0.005549943283386668,0.0011076294424730733,0.0,0.0,0.06938321514265099,110
145.70000000000002,0.07054894508118172,0.0055502110770800795,0.0011077342148063305,0.0,0.0,0.06946927059290998,110
145.72,0.07063514415819964,0.005550414363341456,0.0011078382067127195,0.0,0.0,0.06955554875631138,110
145.74,0.07072191286963746,0.00555055288319515,0.001107941119718294,0.0,0.0,0.0696420911527197,110
145.76,0.0708089376939586,0.005550626414962356,0.0011080428343516703,0.0,0.0,0.06972920811039998,110
145.78,0.07089621200442113,0.005550634755313445,0.0011081429745309608,0.0,0.0,0.06981715893124789,111
145.8,0.07098372878940312,0.005550577720227017,0.0011082413841757431,0.0,0.0,0.06990535266091714,111
145.82,0.07107148068170796,0.005550455145927913,0.001108338001226761,0.0,0.0,0.06999401750295152,111
145.84,0.07115945999420815,0.005550266889792459,0.0011084329454109955,0.0,0.0,0.07008315043738114,111
145.86,0.07124765876229913,0.005550012831207453,0.0011085265105507333,0.0,0.0,0.07017250280502121,111
145.88,0.07133606879337508,0.005549692872368013,0.0011086182720488394,0.0,0.0,0.07026206646126172,111
145.9,0.0714246817232283,0.005549306938998881,0.00110870823477448,0.0,0.0,0.07035183308727078,111
145.92000000000002,0.07151348907893644,0.005548854980983799,0.001108796389211315,0.0,0.0,0.0704417942527858,111
145.94,0.07160248234745376,0.005548386337334095,0.001108882733846899,0.0,0.0,0.07053194148464337,111
145.96,0.07169215488206576,0.0055490465988714145,0.0011089672546806195,0.0,0.0,0.07062226633993109,110
145.98,0.07178200224053352,0.005549675187317094,0.001109049948356674,0.0,0.0,0.0707127604823532,110
146.0,0.07187200977027161,0.005550319125358266,0.0011091308188394954,0.0,0.0,0.07080341576016551,110
146.02,0.07196216955345253,0.005550892843506962,0.00110920989403641,0.0,0.0,0.07089422428387447,109
146.04,0.07205247401276099,0.005551396392266713,0.0011092872018015356,0.0,0.0,0.07098517850181506,109
146.06,0.07214291598289527,0.005551829859026237,0.001109362692738466,0.0,0.0,0.0710762712717296,109
146.08,0.07223348877627028,0.005552193358336321,0.0011094370275783736,0.0,0.0,0.0711674959265613,110
146.1,0.07232418624130786,0.0055524870248554615,0.0011095100173789331,0.0,0.0,0.07125884633284485,109
146.12,0.07241500281193052,0.005553706166329697,0.0011095813027398836,0.0,0.0,0.07135031694030897,109
146.14000000000001,0.07250593354716035,0.0055553487822108324,0.0011096508500608962,0.0,0.0,0.0714419028215895,109
146.16,0.07259697416003894,0.00555691262676731,0.001109718688772415,0.0,0.0,0.07153359970126809,110
146.18,0.07268812103541965,0.00555865474370079,0.0011097848190033332,0.0,0.0,0.07162540397378547,110
146.20000000000002,0.07277954739062115,0.005560539148144011,0.001109849116824407,0.0,0.0,0.07171731271011506,110
146.22,0.07287145334304079,0.005562359846711083,0.001109911906791698,0.0,0.0,0.07180932365340789,110
146.24,0.07296345796796432,0.005564104430106393,0.0011099728596519554,0.0,0.0,0.07190214318677818,110
146.26,0.0730555602959753,0.005565767349980027,0.0011100323587238928,0.0,0.0,0.07199523192203454,110
146.28,0.07314775995845191,0.005567348925318186,0.0011100904684944602,0.0,0.0,0.0720884183754366,110
146.3,0.07324005714672603,0.005568849494248719,0.0011101478769705523,0.0,0.0,0.07218170274140302,110
146.32,0.07333245256519828,0.00557030662287759,0.0011102039311017581,0.0,0.0,0.0722750857262684,110
146.34,0.07342494737993442,0.005571848048601014,0.0011102584146945621,0.0,0.0,0.07236856849698729,110
146.36,0.07351754316435062,0.005573618828257665,0.0011103111966075543,0.0,0.0,0.07246215262692351,110
146.38,0.07361024184363402,0.005575308067291584,0.0011103621621897555,0.0,0.0,0.07255584004036979,110
146.4,0.07370304563953974,0.005576916196929177,0.0011104113095145218,0.0,0.0,0.07264963295743954,109
146.42000000000002,0.07379622083701737,0.005578443651607083,0.0011104586403052183,0.0,0.0,0.07274373991960192,109
146.44,0.07388996876561567,0.005579890881276508,0.0011105046610001479,0.0,0.0,0.0728384959971792,109
146.46,0.07398382867445011,0.005581258345574543,0.0011105501342384132,0.0,0.0,0.07293336439874461,109
146.48,0.07407780348071206,0.0055825465130662204,0.0011105950540459117,0.0,0.0,0.07302834803845158,109
146.5,0.07417189617933394,0.005583755860547231,0.0011106381459266787,0.0,0.0,0.07312344990783234,109
146.52,0.0742661098187236,0.005584886872398292,0.001110680727810034,0.0,0.0,0.0732186730515941,109
146.54,0.07436044748463323,0.005585940039981399,0.0011107482799265548,0.0,0.0,0.07331402055154398,109
146.56,0.07445491229232082,0.00558691586106766,0.0011108217413157491,0.0,0.0,0.07340949551880055,109
146.58,0.07454950738687291,0.005587814839286609,0.0011108933854690215,0.0,0.0,0.0735051010941604,109
146.6,0.0746442359512777,0.005588637483587239,0.0011109658589199963,0.0,0.0,0.07360084045620988,110
146.62,0.07473910122157733,0.005589384307701972,0.0011110816274192948,0.0,0.0,0.07369671683651015,110
146.64000000000001,0.07483410650819972,0.005590055829605898,0.001111195944420709,0.0,0.0,0.073792733540957,110
146.66,0.07492925522238046,0.005590652570965114,0.0011113083611712362,0.0,0.0,0.07388889397622599,110
146.68,0.07502455090644176,0.0055911750565695,0.0011114190581169732,0.0,0.0,0.07398520168007067,111
146.70000000000002,0.07511999726660085,0.005591636218121469,0.0011115283855954346,0.0,0.0,0.07408166035414683,111
146.72,0.07521559820693688,0.005592052370153178,0.0011116358526665744,0.0,0.0,0.07417827389799266,111
146.74,0.07531205756819581,0.005592395716807577,0.0011117414469388814,0.0,0.0,0.07427504644279802,111
146.76,0.07540890828941146,0.005592666745491091,0.0011118451449918885,0.0,0.0,0.07437198238364781,111
146.78,0.07550592534176706,0.0055928664081529925,0.0011119469475874399,0.0,0.0,0.0744690864090108,111
146.8,0.07560311373747851,0.005592994859094327,0.001112046863302066,0.0,0.0,0.07456636352636946,111
146.82,0.07570047882851742,0.005593052587399343,0.0011121449899900667,0.0,0.0,0.0746638190830317,112
146.84,0.07579802632180249,0.005593040120828256,0.0011122415345337085,0.0,0.0,0.07476145878133275,112
146.86,0.0758957622881649,0.0055929579844843326,0.00111233698289115,0.0,0.0,0.07485928868761227,112
146.88,0.07599369316465553,0.005592821733689661,0.0011124306050239534,0.0,0.0,0.07495731523453478,112
146.9,0.07609191767478554,0.00559262950332514,0.001112522335415402,0.0,0.0,0.07505554521650669,112
146.92000000000002,0.0761907735991359,0.005592369143280036,0.0011126388507428102,0.0,0.0,0.07515398577812152,112
146.94,0.07628984514258418,0.005592041161776942,0.0011127614598493468,0.0,0.0,0.07525264439573895,111
146.96,0.07638914009243902,0.005591646061438502,0.0011128821158447133,0.0,0.0,0.07535152885246467,111
146.98,0.07648866651136516,0.005591184338818587,0.0011130008708793695,0.0,0.0,0.07545064720694825,111
147.0,0.07658843270053264,0.005590656483988033,0.001113118209887305,0.0,0.0,0.0755500077565504,111
147.02,0.076688447157806,0.005590062980180289,0.001113233876081303,0.0,0.0,0.07564961899554894,111
147.04,0.07678871853174059,0.005589404303501957,0.0011133477109330247,0.0,0.0,0.07574948956915095,112
147.06,0.07688925557223204,0.005588680922712426,0.0011134600366385417,0.0,0.0,0.07584962822415593,112
147.08,0.07699006707871849,0.005587893299076326,0.0011135704101998738,0.0,0.0,0.07595004375716917,112
147.1,0.07709116184686239,0.005587041886291618,0.0011136788191499698,0.0,0.0,0.07605074496129229,112
147.12,0.0771925486146436,0.005586127130495501,0.0011137852538357414,0.0,0.0,0.07615174057222128,112
147.14000000000001,0.07729423600876721,0.005585149470349381,0.0011138899488042071,0.0,0.0,0.07625303921465654,112
147.16,0.07739664855368986,0.005584111020063885,0.001113993360553134,0.0,0.0,0.07635515603912424,114
147.18,0.07749988138750284,0.005583010763045435,0.0011140950420296292,0.0,0.0,0.07645812682484371,114
147.20000000000002,0.07760343808961022,0.00558219083504578,0.0011141956882381367,0.0,0.0,0.07656178469515496,114
147.22,0.07770732634042604,0.005582207504396149,0.0011142955479138156,0.0,0.0,0.07666577571303945,114
147.24,0.07781155347251544,0.005582158734242779,0.0011143936765948,0.0,0.0,0.07677010721337668,114
147.26,0.07791612643336293,0.005582124659348386,0.0011144900083749968,0.0,0.0,0.07687478614616833,114
147.28,0.07802105175215819,0.0055820770873954454,0.0011145843890780528,0.0,0.0,0.07697981904330735,114
147.3,0.07812633551061375,0.005582126042819347,0.001114677529174685,0.0,0.0,0.07708521198937848,114
147.32,0.07823198331771625,0.005582698987767646,0.0011147694359658362,0.0,0.0,0.07719097059639321,114
147.34,0.07833800028822162,0.005583202462818349,0.0011148599729405308,0.0,0.0,0.07729709998227008,114
147.36,0.07844439102464602,0.005583636768770458,0.001114949492189291,0.0,0.0,0.07740360475281198,114
147.38,0.0785511596024738,0.005584623898607571,0.0011150373053495132,0.0,0.0,0.07751048898690266,114
147.4,0.07865830955831356,0.005585936011328411,0.0011151245595845422,0.0,0.0,0.07761775622465317,114
147.42000000000002,0.07876584388077328,0.005587175326250738,0.0011152098804093067,0.0,0.0,0.07772540945826921,114
147.44,0.07887376500389932,0.0055884598561187,0.0011152933789496718,0.0,0.0,0.07783345112548377,114
147.46,0.0789820748031208,0.005589680968390736,0.0011153749170571396,0.0,0.0,0.07794188310549606,114
147.48,0.07909077459375478,0.005590829723393956,0.0011154549968346579,0.0,0.0,0.07805070671747193,114
147.5,0.07919980144764452,0.005591906357728206,0.0011155579687233837,0.0,0.0,0.07815985885615341,114
147.52,0.07930919407915227,0.00559291109176584,0.001115672278931714,0.0,0.0,0.07826937834977894,114
147.54,0.0794189774287926,0.0055938441698756445,0.0011157852107900271,0.0,0.0,0.07837929021490007,114
147.56,0.07952915061593058,0.005594705855107032,0.0011158972350420902,0.0,0.0,0.07848959357499666,114
147.58,0.07963995541740734,0.00559549641837929,0.0011160073715522423,0.0,0.0,0.07860028703401824,114
147.6,0.07975171603341324,0.005596216398117463,0.0011161155161633011,0.0,0.0,0.07871136869701216,114
147.62,0.07986385957856854,0.005596866148172771,0.0011162216085322555,0.0,0.0,0.07882283619594613,114
147.64000000000001,0.07997638323919441,0.005597445648023463,0.0011163256350847572,0.0,0.0,0.07893468672103121,114
147.66,0.08008928379690201,0.0055979552057297535,0.0011164275912174113,0.0,0.0,0.07904691705771612,114
147.68,0.0802025576712987,0.00559839513981978,0.0011165274718512256,0.0,0.0,0.07915952362936221,114
147.70000000000002,0.08031620096821078,0.005598765779676383,0.0011166252720257114,0.0,0.0,0.07927250254543142,114
147.72,0.08043020953307124,0.005599067474315461,0.0011167209866182412,0.0,0.0,0.07938584965483662,114
147.74,0.08054457900894471,0.0055993005691069965,0.0011168147399692452,0.0,0.0,0.07949956060392611,115
147.76,0.08065930489849694,0.005599465426088571,0.0011169079772243174,0.0,0.0,0.0796136308984116,115
147.78,0.08077438262907527,0.005599562420842248,0.0011169993058076314,0.0,0.0,0.07972805596840558,114
147.8,0.08088980761994907,0.005599591942847324,0.0011170888370302474,0.0,0.0,0.0798428312356187,115
147.82,0.08100557535067016,0.005599554390161564,0.0011171762612702054,0.0,0.0,0.07995874790550175,115
147.84,0.08112168142945445,0.005599450173686449,0.0011172615745937266,0.0,0.0,0.08007514293013039,115
147.86,0.08123812166045521,0.005599279716644069,0.00111734476741174,0.0,0.0,0.08019187340055949,115
147.88,0.0813548921087972,0.005599043453876922,0.0011174258339682428,0.0,0.0,0.08030893538541015,115
147.9,0.08147198916226547,0.005598741831590395,0.0011175047735599315,0.0,0.0,0.08042632527542207,115
147.92000000000002,0.0815894095885968,0.005598375307026503,0.0011175815987800569,0.0,0.0,0.08054403984071641,115
147.94,0.08170715058739687,0.0055979443480718045,0.0011176563704795603,0.0,0.0,0.08066207628268948,115
147.96,0.08182520983580749,0.005597449432803545,0.00111772899420643,0.0,0.0,0.08078043227966142,115
147.98,0.08194358552716846,0.005596891060202219,0.0011177995210506378,0.0,0.0,0.08089910602552465,115
148.0,0.08206227640205668,0.0055962697165166594,0.001117867933879921,0.0,0.0,0.08101809626077534,113
148.02,0.08218128177123656,0.005595586555263241,0.0011179341832679038,0.0,0.0,0.08113740229546136,113
148.04,0.08230060153021687,0.005594888736055684,0.0011179983360896182,0.0,0.0,0.08125702402374202,113
148.06,0.08242023616527434,0.005594129449907019,0.0011180612428660721,0.0,0.0,0.08137696192991953,113
148.08,0.0825401867509703,0.0055933092237301285,0.00111812273078431,0.0,0.0,0.0814972170859682,113
148.1,0.08266045493934832,0.005592428590274,0.0011181885915744433,0.0,0.0,0.08161779114074878,113
148.12,0.08278153885136874,0.005591488087433518,0.001118296535790025,0.0,0.0,0.08173868630125039,113
148.14000000000001,0.08290339293536522,0.005590488257570031,0.0011184286079851955,0.0,0.0,0.08185990530634643,113
148.16,0.08302557131256365,0.005589429649089808,0.0011185584059312853,0.0,0.0,0.0819814513936844,113
148.18,0.08314807768577913,0.0055883128194274085,0.0011186860255740945,0.0,0.0,0.0821033282604497,113
148.20000000000002,0.08327091617331897,0.00558713831031355,0.0011188124326159748,0.0,0.0,0.08222554001884988,113
148.22,0.0833940912600986,0.0055859196311987816,0.0011189380827160498,0.0,0.0,0.08234809114725962,113
148.24,0.08351778871266466,0.005584655643092723,0.0011190621818622734,0.0,0.0,0.0824709864380469,113
148.26,0.08364217544729752,0.005583335614901215,0.0011191840226026841,0.0,0.0,0.08259423094316605,113
148.28,0.08376691316881846,0.005581960103945431,0.0011193036789270887,0.0,0.0,0.08271782991865448,113
148.3,0.08389200729034697,0.005580529677679601,0.0011194211466701277,0.0,0.0,0.0828417887692062,113
148.32,0.08401746331980674,0.0055790448878720745,0.001119536594134061,0.0,0.0,0.08296611299401067,113
148.34,0.08414328680819662,0.0055775221692765985,0.0011196504631986338,0.0,0.0,0.08309080813504442,113
148.36,0.0842694833014778,0.005575957414373911,0.0011197624271174183,0.0,0.0,0.08321587972897647,113
148.38,0.08439605829718827,0.005574362190937057,0.0011198721358654509,0.0,0.0,0.0833413332637985,113
148.4,0.08452301720681754,0.0055727148892153935,0.0011199796279173968,0.0,0.0,0.08346717414121203,113
148.42000000000002,0.08465036532486665,0.005571015991837095,0.0011200850304584242,0.0,0.0,0.08359340764569867,114
148.44,0.08477810780538292,0.005569266019892836,0.0011201886505020672,0.0,0.0,0.08372003892106233,114
148.46,0.08490624964659274,0.005567465580024091,0.0011202901042994013,0.0,0.0,0.08384707295506706,114
148.48,0.08503479568406593,0.005565615193580554,0.0011203898250957327,0.0,0.0,0.08397451457260426,114
148.5,0.08516375059263101,0.005563715417297064,0.0011204879120917486,0.0,0.0,0.08410236843760921,114
148.52,0.08529311889703556,0.005561766831367792,0.0011205837527895766,0.0,0.0,0.08423152842604427,114
148.54,0.08542290499110919,0.005559769982093734,0.00112067735275917,0.0,0.0,0.08436166537038446,114
148.56,0.08555311316495619,0.005557725423097052,0.0011207691038166358,0.0,0.0,0.08449222550738891,114
148.58,0.08568374763948447,0.005555633728469895,0.0011208773928848925,0.0,0.0,0.08462321304851005,115
148.6,0.08581481260738082,0.005553495466021133,0.0011209944147044044,0.0,0.0,0.08475463217673729,115
148.62,0.08594631227947724,0.005551311201901183,0.0011211105755963113,0.0,0.0,0.08488648709296041,115
148.64000000000001,0.08607805724981032,0.00554908787488393,0.0011212213137209727,0.0,0.0,0.08501859346744717,115
148.66,0.08621014669254458,0.00554691659446928,0.0011213279141105673,0.0,0.0,0.08515104808975013,115
148.68,0.08634268461359022,0.005544758872149356,0.0011214561156076906,0.0,0.0,0.08528395225380982,115
148.70000000000002,0.08647567582450504,0.005542557108691797,0.001121586505571181,0.0,0.0,0.08541731076022209,115
148.72,0.0866091254246245,0.005540311894912635,0.0011217151491638903,0.0,0.0,0.085551128697108,115
148.74,0.08674303885388823,0.005538023825421645,0.0011218419407715199,0.0,0.0,0.08568541149294079,115
148.76,0.08687817673690316,0.005535693498597144,0.0011219664405139086,0.0,0.0,0.0858201649664707,115
148.78,0.0870139902836819,0.005533321516508991,0.0011220888601595957,0.0,0.0,0.08595539537292987,115
148.8,0.08715028497317302,0.005530908484792704,0.0011222213238021163,0.0,0.0,0.08609110944587113,115
148.82,0.08728706806694946,0.005528455012478711,0.001122382072486441,0.0,0.0,0.08622731443416656,116
148.84,0.08742434737399367,0.005525968963846546,0.001122540474338227,0.0,0.0,0.08636401813386053,116
148.86,0.087562131277251,0.0055234670571999355,0.0011226965114156922,0.0,0.0,0.08650122891472832,117
148.88,0.08770042875487694,0.005520926573753918,0.0011228504099873645,0.0,0.0,0.08663895574152937,117
148.9,0.08783922551036392,0.0055183481358625774,0.0011229959930566774,0.0,0.0,0.08677719064033215,117
148.92000000000002,0.08797850335587791,0.005515734551091114,0.0011231256575849893,0.0,0.0,0.08691592292743362,117
148.94,0.08811832539433254,0.005513084314950485,0.001123253037760283,0.0,0.0,0.08705520181610933,116
148.96,0.08825868782781138,0.005510397966529771,0.001123381056145956,0.0,0.0,0.08719502053391354,116
148.98,0.0883995571050817,0.005507676130356311,0.001123518553144227,0.0,0.0,0.08733533667513418,116
149.0,0.08854100695617285,0.0055049194542081655,0.0011236536554585785,0.0,0.0,0.0874762357979095,116
149.02,0.08868305071728887,0.005502128587426141,0.001123786359094487,0.0,0.0,0.08761773122360572,116
149.04,0.0888257023263201,0.005499304174087759,0.0011239166642799787,0.0,0.0,0.08775983687512479,116
149.06,0.08896897630832211,0.005497632264838367,0.0011240445670896086,0.0,0.0,0.08790256726239537,117
149.08,0.08911288775878808,0.005496002144618084,0.0011241700545615819,0.0,0.0,0.08804593746565748,117
149.1,0.08925745232504861,0.005494333483954331,0.0011242964592902724,0.0,0.0,0.08819044898797027,117
149.12,0.089402686186124,0.005492626816127879,0.0011244506282842212,0.0,0.0,0.08833564149880903,117
149.14000000000001,0.089548606031347,0.0054908827018249826,0.0011246193991282314,0.0,0.0,0.08848152164614592,117
149.16,0.08969522903807618,0.005489101744726399,0.0011247980376600094,0.0,0.0,0.08862822907782505,117
149.18,0.08984256155478003,0.005487284559434413,0.0011249745550758674,0.0,0.0,0.08877606046043282,117
149.20000000000002,0.08999056791768795,0.005485431757226377,0.0011251511072331063,0.0,0.0,0.0889245640005295,117
149.22,0.09013933175448789,0.005483543953485364,0.0011253258033056593,0.0,0.0,0.08907382589565274,117
149.24,0.09028887196531274,0.00548162175265892,0.0011255016521504295,0.0,0.0,0.0892238650310097,117
149.26,0.09043920782527386,0.005479665777858035,0.0011256759091298957,0.0,0.0,0.08937470066673546,117
149.28,0.09059035896423523,0.005477676642103485,0.0011258477645083407,0.0,0.0,0.08952635241766894,117
149.3,0.09074234534840267,0.0054756549318175215,0.001126017190365501,0.0,0.0,0.0896788402349411,117
149.32,0.09089518726421,0.005473680621074718,0.00112618439370114,0.0,0.0,0.08983218438985657,116
149.34,0.09104890530499124,0.005471719775142145,0.0011263493537574708,0.0,0.0,0.0899864054605575,116
149.36,0.09120352036092336,0.0054697284215505125,0.0011265118304845372,0.0,0.0,0.0901415243219541,116
149.38,0.09135914893153889,0.005467706752170468,0.0011266718197906213,0.0,0.0,0.09029756213938467,116
149.4,0.09151654709604269,0.005465655241105222,0.0011268293262116141,0.0,0.0,0.09045454036642893,116
149.42000000000002,0.09167490522367731,0.0054635744604656965,0.001126984371663413,0.0,0.0,0.09061248074723792,116
149.44,0.0918342453723671,0.00546146499521802,0.0011271369193834079,0.0,0.0,0.0907714053236644,116
149.46,0.0919945899100619,0.005459327416940047,0.0011272869657066923,0.0,0.0,0.09093133644737829,116
149.48,0.09215596153194784,0.005457162290564459,0.0011274349671911697,0.0,0.0,0.09109229679703668,116
149.5,0.09231838328265894,0.005454970189491493,0.0011275808261512782,0.0,0.0,0.09125430940045078,116
149.52,0.09248187858329714,0.00545275166201318,0.0011277242309588591,0.0,0.0,0.09141739766155753,116
149.54,0.09264647126293306,0.005450507265549452,0.0011278656633656138,0.0,0.0,0.0915815853918691,116
149.56,0.0928121855941314,0.005448237553958552,0.0011280047196779075,0.0,0.0,0.09174689684594463,116
149.58,0.09297963859439237,0.0054459430776184386,0.001128141290978467,0.0,0.0,0.09191335676031097,116
149.6,0.09314826241061007,0.0054436243835144565,0.001128276104349578,0.0,0.0,0.09208096306430781,116
149.62,0.09331803335502528,0.0054412820056344915,0.0011284084649709775,0.0,0.0,0.09224971936502264,117
149.64000000000001,0.09348902747856605,0.005438916466927451,0.0011285383075030383,0.0,0.0,0.09241970173478135,117
149.66,0.09366127190028496,0.005436528341337783,0.0011286656401215606,0.0,0.0,0.09259093727119212,117
149.68,0.09383479444265709,0.00543411814448156,0.0011287921540114063,0.0,0.0,0.09276345377451256,117
149.70000000000002,0.0940096236753541,0.005431686391038203,0.0011289165062784293,0.0,0.0,0.09293727979137588,117
149.72,0.09418578895705199,0.005429233609987667,0.0011290383660987674,0.0,0.0,0.09311244465655376,117
149.74,0.09436332047458947,0.005426760327738293,0.0011291577117975744,0.0,0.0,0.09328897853207363,117
149.76,0.09454224927887488,0.005424267068288089,0.001129274876241537,0.0,0.0,0.09346691244308815,117
149.78,0.0947226073170265,0.005421754353402615,0.0011293901212318287,0.0,0.0,0.09364627830998225,118
149.8,0.09490442746032755,0.0054194556757384505,0.0011295030980059207,0.0,0.0,0.09382710897629874,118
149.82,0.0950877435276723,0.005418062562835584,0.0011296137139026013,0.0,0.0,0.09400943823215915,118
149.84,0.09527259030427734,0.005416647346794391,0.0011297219485632616,0.0,0.0,0.09419330083295346,117
149.86,0.09545900355552717,0.005415210465947291,0.0011298280583613425,0.0,0.0,0.09437873251316799,117
149.88,0.09564702003591528,0.005413752355817324,0.0011299326701372135,0.0,0.0,0.09456576999531248,117
149.9,0.09583667749313386,0.00541246044842827,0.0011300349030034591,0.0,0.0,0.09475445099399889,117
149.92000000000002,0.09602801466745214,0.005411261109275068,0.001130134704469167,0.0,0.0,0.09494481421531256,117
149.94,0.09622107128661157,0.005410236408958302,0.0011302322683409197,0.0,0.0,0.09513689935170304,117
149.96,0.09641588805655008,0.0054101648776470265,0.0011303549203358135,0.0,0.0,0.09533074707270695,117
149.98,0.09661250664835137,0.005410075707894528,0.0011304853718390345,0.0,0.0,0.0955263990118992,117
