time,mean_abs_reaction_rhs,mean_abs_diffusion_rhs,mean_abs_electrodiffusion_rhs,mean_abs_ecs_rhs,mean_abs_geometry_rhs,mean_abs_total_rhs,number_wavefront_points
0.0,0.014346421592581357,0.0118291469714127,0.0005466435408238736,0.0,0.0,0.01639111062458558,23
0.02,0.014503889124198779,0.011795111194180648,0.0005414400673223028,0.0,0.0,0.016448725516273723,23
0.04,0.01465973593610583,0.011761540849875591,0.0005363156366743227,0.0,0.0,0.01650756997256517,23
0.06,0.014813987009077574,0.011728429067349534,0.0005312684869594062,0.0,0.0,0.016566686908571448,23
0.08,0.014966666070415387,0.01169576909797444,0.0005262970392819443,0.0,0.0,0.01662604893922295,23
0.1,0.015117795705117862,0.011663554316577828,0.0005213997407637019,0.0,0.0,0.01668563014697692,23
0.12,0.015267397453829714,0.011631778214955478,0.0005165752386914023,0.0,0.0,0.016745405971039795,23
0.14,0.015415491899446241,0.011600434395234645,0.0005118222450318443,0.0,0.0,0.016805353108704357,23
0.16,0.01556209874394218,0.011569516563126051,0.0005071393951608498,0.0,0.0,0.016865449427152582,23
0.18,0.015707246808409063,0.011539018526417293,0.000502525587003621,0.0,0.0,0.016925673884337435,23
0.2,0.015851086453120476,0.01150893419161982,0.000497979281315696,0.0,0.0,0.016986006457772745,23
0.22,0.015993520612600044,0.011479257560886656,0.0004934991894294315,0.0,0.0,0.01704642808023853,23
0.24,0.01613466378264016,0.011449982730396118,0.0004890840803648974,0.0,0.0,0.017106920581556263,23
0.26,0.016274489630882582,0.011421103885362247,0.0004847327336293123,0.0,0.0,0.017167466635711944,23
0.28,0.016412976709794833,0.011392615301086755,0.00048044397863639343,0.0,0.0,0.017228049712706882,23
0.3,0.0165501389743572,0.011364511340260432,0.000476216615878329,0.0,0.0,0.017288654034602877,23
0.32,0.016685989901234436,0.011336786437588021,0.0004720495080443042,0.0,0.0,0.01734926453530072,23
0.34,0.016820542518275732,0.011309435114849421,0.0004679415196019251,0.0,0.0,0.017409866823652725,23
0.36,0.01695380943130241,0.011282451965221207,0.0004638915436125483,0.0,0.0,0.01747044714956193,23
0.38,0.017085802848467245,0.011255831662723457,0.0004598984969828485,0.0,0.0,0.017530992372765626,23
0.4,0.01721653460243268,0.011229568963208146,0.0004559613164622354,0.0,0.0,0.017591489934038407,23
0.42,0.017346016170584566,0.011203658677929008,0.00045207897975764444,0.0,0.0,0.017651927828583058,23
0.44,0.017474258693471113,0.011178095698108771,0.0004482504503795555,0.0,0.0,0.017712294581405722,23
0.46,0.01760127299163368,0.011152874983073931,0.00044447472620002805,0.0,0.0,0.017772579224496116,23
0.48,0.017727069580976064,0.011127991560993563,0.0004407508177877039,0.0,0.0,0.017832771275654778,23
0.5,0.017851658686801414,0.011103440525652953,0.00043707775795098205,0.0,0.0,0.017892860718827668,23
0.52,0.01797505224297669,0.011079217036879254,0.0004334545736602393,0.0,0.0,0.017952837985824786,23
0.54,0.018097335514400924,0.011055316320989786,0.0004298803419036762,0.0,0.0,0.018012693939313262,23
0.56,0.0182185487625439,0.011031733660893425,0.00042635413895921695,0.0,0.0,0.018072419856987997,23
0.58,0.018338603858675348,0.011008464400054157,0.0004228750636159275,0.0,0.0,0.018132007416833983,23
0.6,0.018457509548379568,0.01098550394252578,0.0004194422399935788,0.0,0.0,0.018191448683403735,23
0.62,0.018575274351042455,0.01096284774757452,0.00041605481494324403,0.0,0.0,0.01825073609504267,23
0.64,0.01869190656708147,0.010940491334532631,0.00041271193942350807,0.0,0.0,0.01830986245200281,23
0.66,0.018807414284454576,0.010918430275456107,0.00040941278962655224,0.0,0.0,0.018368820905389556,23
0.68,0.018921805384491525,0.010896660199465887,0.000406156523633876,0.0,0.0,0.01842760494689827,23
0.7000000000000001,0.01903508754708195,0.01087517679056315,0.00040294234023386495,0.0,0.0,0.018486208399297595,23
0.72,0.01914726825525183,0.010853975782422746,0.00039976946573239293,0.0,0.0,0.01854462540762514,23
0.74,0.019258354799152336,0.010833052958956266,0.0003966371176273571,0.0,0.0,0.01860285043106069,23
0.76,0.019368354279486136,0.010812404152006929,0.00039354453559014386,0.0,0.0,0.018660878235455258,23
0.78,0.019477273610387612,0.01079202524399184,0.00039049097927949675,0.0,0.0,0.018718703886490263,23
0.8,0.019585119521772387,0.010771912164496243,0.00038747572801867754,0.0,0.0,0.018776322743449116,23
0.8200000000000001,0.019691898561165214,0.010752060888900569,0.0003844980612474531,0.0,0.0,0.018833730453583816,23
0.84,0.019797617095016363,0.010732467868519169,0.00038155727451083977,0.0,0.0,0.018890922947066666,23
0.86,0.01990228130951042,0.010713128899002501,0.0003786526803205563,0.0,0.0,0.018947896432517625,23
0.88,0.020005897210869004,0.010694039967214873,0.00037578360874257076,0.0,0.0,0.01900464739310096,23
0.9,0.020108523238444444,0.01067519737820937,0.00037294939308848496,0.0,0.0,0.0190611725831884,23
0.92,0.020210280034186383,0.010656597442559604,0.00037014938398955403,0.0,0.0,0.01911746902558859,23
0.9400000000000001,0.020311098417521864,0.010638236144838843,0.00036738294501738745,0.0,0.0,0.01917353400939293,23
0.96,0.02041093336599229,0.010620109754687431,0.0003646494529229277,0.0,0.0,0.01923525403741407,23
0.98,0.020509758791655085,0.010602214571404738,0.0003619482909682394,0.0,0.0,0.01930397590337305,23
1.0,0.020607579444249503,0.01058454693599417,0.0003592788572969367,0.0,0.0,0.019372258068080142,23
1.02,0.020704399882420108,0.010567103221849887,0.00035664056372716724,0.0,0.0,0.019440102102015425,23
1.04,0.020800224469900964,0.010549879840030089,0.0003540328287508009,0.0,0.0,0.01950750979444063,23
1.06,0.02089505737072806,0.01053287321795879,0.0003514550833127413,0.0,0.0,0.019574483155623504,23
1.08,0.020988963867010307,0.010516079822091946,0.000348906774114668,0.0,0.0,0.01964102441995322,23
1.1,0.02108192546108489,0.010499496147691014,0.0003463874310735757,0.0,0.0,0.019707136049738637,23
1.12,0.021173909155287933,0.010483118715140858,0.0003438964401516147,0.0,0.0,0.01977282073944724,23
1.1400000000000001,0.021264918212524117,0.010466944071935633,0.0003414332716671907,0.0,0.0,0.01983808142096575,23
1.16,0.021354955663815872,0.010450968793608751,0.000338997411294199,0.0,0.0,0.01990292126947994,23
1.18,0.021444024299388333,0.010435189471621418,0.0003365883531666034,0.0,0.0,0.019974164636925446,23
1.2,0.021532126659262928,0.010419602722095278,0.00033420559576485505,0.0,0.0,0.02005124046440283,23
1.22,0.021619265022918718,0.010404205170314186,0.00033184865505305107,0.0,0.0,0.02012770158983319,23
1.24,0.021705441398069316,0.010388993465059866,0.0003295170492166391,0.0,0.0,0.020203555870427346,23
1.26,0.021790657508936613,0.010373964270276249,0.0003272103017879653,0.0,0.0,0.02027881140489879,23
1.28,0.02187491478350652,0.010359114265420293,0.0003249279564830638,0.0,0.0,0.02035347654559118,23
1.3,0.021958214340117688,0.010344440139142324,0.0003226695501923588,0.0,0.0,0.020427559911403385,23
1.32,0.022040556973629884,0.010329938586243802,0.000320434635495549,0.0,0.0,0.020501070401632238,23
1.34,0.022121943140545337,0.010315606309764292,0.00031822278714780354,0.0,0.0,0.02057401720991656,23
1.36,0.022202372944233693,0.010301440020827982,0.0003160335625062752,0.0,0.0,0.02064640983916185,23
1.3800000000000001,0.02228184611947145,0.010287436429787808,0.0003138665371864,0.0,0.0,0.020718258116282563,23
1.4000000000000001,0.022360362017348468,0.01027359224106871,0.00031172129592658764,0.0,0.0,0.02078957220731171,23
1.42,0.022437919590182955,0.010259904158094697,0.0003095974295972449,0.0,0.0,0.020860362631857407,23
1.44,0.022514517377468363,0.010246368880042104,0.0003074945370370257,0.0,0.0,0.02093064027707141,23
1.46,0.022590153493019096,0.010232983097267487,0.00030541223029595984,0.0,0.0,0.02100041641019979,23
1.48,0.02266482561414648,0.010219743488448318,0.00030335012892634505,0.0,0.0,0.021069702689163135,23
1.5,0.022738530973972933,0.010206646717987638,0.00030142876208698175,0.0,0.0,0.021138511170549653,23
1.52,0.022811266356700926,0.010193689435176588,0.0002997548255746144,0.0,0.0,0.02120685431271372,23
1.54,0.022883028098863882,0.010180868268214646,0.00029816240546273563,0.0,0.0,0.021274744974424116,23
1.56,0.022953812097491276,0.010168179826005019,0.0002965789861525609,0.0,0.0,0.021342196406896108,23
1.58,0.02302361382664546,0.010155620675900307,0.0002950044415293715,0.0,0.0,0.021409222237003228,23
1.6,0.02309242836468293,0.0101431873642026,0.0002934386404530887,0.0,0.0,0.02147583643977082,23
1.62,0.02316025043465719,0.010130876407840399,0.0002918814775805651,0.0,0.0,0.02154205329773457,23
1.6400000000000001,0.02322707446054121,0.010118684289994382,0.0002903330071094963,0.0,0.0,0.021607887344486664,23
1.6600000000000001,0.02329289464213998,0.010106607459085731,0.0002888819029829363,0.0,0.0,0.02167335328953986,23
1.68,0.02335770505163405,0.010094642329969294,0.0002876826317817792,0.0,0.0,0.02173846592157015,23
1.7,0.023421499754574554,0.010082785278090908,0.0002864837443849451,0.0,0.0,0.021803239987219086,23
1.72,0.0234842729577568,0.010071032653053837,0.0002852853186883158,0.0,0.0,0.021867690043031657,23
1.74,0.023546019185637285,0.010059380800030267,0.00028408744621360863,0.0,0.0,0.02193183027886762,23
1.76,0.02360673348573662,0.010047825959092437,0.00028289012832794375,0.0,0.0,0.021995674312348557,23
1.78,0.023666411661706625,0.01003636438045764,0.0002816934203229248,0.0,0.0,0.02205923495566575,23
1.8,0.023725050530402386,0.01002499231145004,0.00028049736831792157,0.0,0.0,0.022122523958414898,23
1.82,0.023782648196420196,0.010013705978851206,0.00027930197487591115,0.0,0.0,0.022185551733001574,23
1.84,0.02383920433428989,0.010002501602368053,0.0002781072672610735,0.0,0.0,0.022248327072435455,23
1.86,0.023894720465123285,0.00999137541736132,0.00027691328223343746,0.0,0.0,0.022310856873717647,23
1.8800000000000001,0.02394920021144973,0.009980323713648114,0.00027572006520146936,0.0,0.0,0.022373145883095764,23
1.9000000000000001,0.02400264951176546,0.00996934279194728,0.00027452753710618494,0.0,0.0,0.02243519648166439,23
1.92,0.024055076775591117,0.009958429025523984,0.00027333568925231834,0.0,0.0,0.02249700853051963,23
1.94,0.0241064929611083,0.009947578873401083,0.0002721445222757672,0.0,0.0,0.022558579293397284,23
1.96,0.024156911561052895,0.009936788896029045,0.0002709540548595461,0.0,0.0,0.022619903451115093,23
1.98,0.024211697195250324,0.009926055776708548,0.0002697642031112214,0.0,0.0,0.022680973216241903,23
2.0,0.02427670292085361,0.009915376332078531,0.0002685749421801896,0.0,0.0,0.02274177854872564,23
2.02,0.02434120024249165,0.009904747538852201,0.0002673862458262412,0.0,0.0,0.022802307464655325,23
2.04,0.02440517104554077,0.009894166544664056,0.0002661980940406801,0.0,0.0,0.022862546422125114,23
2.06,0.02446859586671487,0.009883630679992745,0.00026501046169038713,0.0,0.0,0.022922480761563002,23
2.08,0.024531454350346156,0.009873137455766033,0.00026382345482570596,0.0,0.0,0.02298209517388303,23
2.1,0.02459372570432029,0.009862684563617954,0.0002626370412185485,0.0,0.0,0.023041374168935685,23
2.12,0.024655389130290594,0.009852269910595818,0.0002614511227805864,0.0,0.0,0.023100302518898455,23
2.14,0.02471642420741746,0.009841891588881066,0.0002602656911156566,0.0,0.0,0.02315886565587079,23
2.16,0.024776811215016518,0.00983154780041675,0.00025908094353205876,0.0,0.0,0.02321705000907586,23
2.18,0.02483653138611546,0.00982123696200171,0.00025789669389915957,0.0,0.0,0.023274843273687017,23
2.2,0.024895567090095577,0.009810957639740136,0.00025671293210532243,0.0,0.0,0.023332234609470787,23
2.22,0.024953901947684782,0.009800708550140131,0.00025552968381159236,0.0,0.0,0.023389214772524793,23
2.24,0.025011520885240664,0.00979048853183644,0.0002543469742924581,0.0,0.0,0.023445776187053517,23
2.2600000000000002,0.02506849091721409,0.009780296540724903,0.00025316481013250107,0.0,0.0,0.023501912966326536,23
2.2800000000000002,0.02512478534527984,0.009770131635833094,0.0002519832166909035,0.0,0.0,0.023557620892865477,23
2.3000000000000003,0.025180328488434406,0.00975999296366093,0.00025080222408224815,0.0,0.0,0.02361289736778955,23
2.32,0.025235110143000155,0.009749879753921158,0.0002496218588322605,0.0,0.0,0.02366774133842833,23
2.34,0.025289121104913735,0.009739791354189009,0.0002484425400384007,0.0,0.0,0.023722153212078073,23
2.36,0.02534235305481421,0.009729727021319813,0.00024726397980777117,0.0,0.0,0.02377613476236977,23
2.38,0.02539479844051186,0.009719686119753636,0.00024608615014618586,0.0,0.0,0.023829689033305748,23
2.4,0.025446450360788048,0.009709668048027635,0.00024490907334866413,0.0,0.0,0.02388282024471741,23
2.42,0.02549730245339182,0.009699672465913228,0.00024373277191801177,0.0,0.0,0.02393553370175725,23
2.44,0.025547348789212134,0.009689698815082685,0.0002425572701751212,0.0,0.0,0.02398783571008758,23
2.46,0.025596583773911868,0.009679746296429849,0.0002413825925345258,0.0,0.0,0.024039733497660677,23
2.48,0.025645002057795744,0.009669814354466861,0.00024020876426552375,0.0,0.0,0.024091235143385507,23
2.5,0.025692598454322656,0.009659902420610291,0.00023903591044577364,0.0,0.0,0.02414234951251684,23
2.52,0.025739367867439626,0.009650009912346083,0.00023786421144634436,0.0,0.0,0.02419308619826043,23
2.54,0.025785305227781684,0.009640136234991091,0.00023669387732516649,0.0,0.0,0.024243455468835662,23
2.56,0.02583040543772747,0.009630280773158363,0.00023552449460251834,0.0,0.0,0.024293468219054943,23
2.58,0.025874663325302995,0.009620442888002234,0.0002343560751167748,0.0,0.0,0.024343135925349462,23
2.6,0.025918073606966907,0.009610621914204026,0.00023318863706255882,0.0,0.0,0.024392470603081504,23
2.62,0.025960630859374587,0.009600817156409919,0.00023202219282670813,0.0,0.0,0.02444148476492606,23
2.64,0.02600232950028987,0.009591027886675384,0.0002308567513542461,0.0,0.0,0.02449019137907688,23
2.66,0.02604316377887716,0.009581253342287429,0.00022969232413573747,0.0,0.0,0.02453860382603252,23
2.68,0.026083127775650188,0.009571492723778923,0.000228570333436702,0.0,0.0,0.02458673585275384,23
2.7,0.02612221541236054,0.009561745193296549,0.00022749324087125474,0.0,0.0,0.02463460152305999,23
2.72,0.02616050987258743,0.009552009874563156,0.0002264162581208421,0.0,0.0,0.024682215163258043,23
2.74,0.02619796575725424,0.00954228584867826,0.00022533940947459856,0.0,0.0,0.0247295913021901,23
2.7600000000000002,0.026234528038251034,0.009532572156791763,0.00022426272310181668,0.0,0.0,0.02477674460514334,23
2.7800000000000002,0.02627019029711686,0.009522867800273524,0.00022318623193151536,0.0,0.0,0.02482368980140839,23
2.8000000000000003,0.026304946158182994,0.009513171734173974,0.00022210998093757968,0.0,0.0,0.024870441605691435,23
2.82,0.026338789356565025,0.00950348288411109,0.00022103401197150676,0.0,0.0,0.02491701463407582,23
2.84,0.026372332210806402,0.00949380011793069,0.0002199583600520428,0.0,0.0,0.024963423315769295,23
2.86,0.026410586275920772,0.009484122269997848,0.000218883144041459,0.0,0.0,0.02500968180242483,23
2.88,0.02644814678020241,0.00947444814403943,0.0002178084397272353,0.0,0.0,0.02505580387733529,23
2.9,0.026485007541160677,0.009464776510240015,0.00021673418342569597,0.0,0.0,0.025101802867208926,23
2.92,0.0265211613457818,0.009455106096024379,0.00021566042312554836,0.0,0.0,0.025147691559461442,23
2.94,0.02655659994241682,0.009445435610795264,0.00021458721266243256,0.0,0.0,0.02519348212794602,23
2.96,0.026591314059811223,0.009435763725908224,0.00021351461316600613,0.0,0.0,0.025239186069735523,23
2.98,0.02662529345662011,0.009426089094157075,0.0002124426882243436,0.0,0.0,0.02528481415496022,23
3.0,0.026658527003532592,0.009416410354858558,0.00021137147501960437,0.0,0.0,0.02533037639082033,23
3.02,0.026691002798557684,0.009406726124235496,0.00021030104566424515,0.0,0.0,0.025375881999825736,23
3.04,0.02672270831420416,0.009397035012246258,0.00020923149854094896,0.0,0.0,0.02542133941119567,23
3.06,0.02675398826178825,0.009387335634714201,0.00020816286466551341,0.0,0.0,0.025466756263345897,23
3.08,0.02679490376228693,0.009377626604134158,0.00020709515338221732,0.0,0.0,0.02551213941466752,23
3.1,0.026835599439142988,0.009367906500173134,0.00020602839901213017,0.0,0.0,0.025557494959499386,23
3.12,0.026875899599600572,0.009358173926691181,0.00020496264006038208,0.0,0.0,0.025602828246397293,23
3.14,0.026915795427656,0.009348427504173872,0.00020389792270621303,0.0,0.0,0.0256481438965087,23
3.16,0.026955276743724537,0.009338665855705317,0.00020285576330451795,0.0,0.0,0.02569344582098878,23
3.18,0.026994331989585615,0.009328887623378107,0.00020189333572696717,0.0,0.0,0.02573873723778428,23
3.2,0.027032948213724397,0.009319091471351069,0.00020093110076767134,0.0,0.0,0.025784020689554724,23
3.22,0.027071111060310606,0.009309276083152901,0.00019996908036404393,0.0,0.0,0.025829298065769966,23
3.24,0.027108804766000957,0.009299440171620524,0.00019900729113570716,0.0,0.0,0.02587457063290915,23
3.2600000000000002,0.027146012169164294,0.009289582486133789,0.00019804574370343149,0.0,0.0,0.02591983907702875,23
3.2800000000000002,0.02718271473592927,0.00927970178795236,0.00019708443751427645,0.0,0.0,0.0259651035626855,25
3.3000000000000003,0.027218892606648913,0.009269796873353726,0.00019612337363146513,0.0,0.0,0.02601036381129698,25
3.3200000000000003,0.02725452466505981,0.00925986658343023,0.00019516255146336336,0.0,0.0,0.026055619200592916,25
3.34,0.027289588630756995,0.009249909798049127,0.00019420195025062625,0.0,0.0,0.026100868885021392,25
3.36,0.027324061173823428,0.009239925438514917,0.00019326057902241254,0.0,0.0,0.026146111935041814,25
3.38,0.027357918048782008,0.009229912461966956,0.0001923875737944519,0.0,0.0,0.026191347491392684,25
3.4,0.027391134243684938,0.00921986993376957,0.00019156473300118362,0.0,0.0,0.026236574928875902,25
3.42,0.0274236841392829,0.00920979691383635,0.00019074205641758549,0.0,0.0,0.02628179402311166,25
3.44,0.027455541672907657,0.00919969240292531,0.00018991954566468708,0.0,0.0,0.026327005113172625,25
3.46,0.027486769261502488,0.009189555511410532,0.0001890972005200837,0.0,0.0,0.0263722092530144,25
3.48,0.027517279606779185,0.00917938539005258,0.00018827502275875976,0.0,0.0,0.026417408345114475,25
3.5,0.027547019289137005,0.009169181208167758,0.000187453013644993,0.0,0.0,0.02646260525060245,25
3.52,0.027575962038879274,0.009158942168749339,0.0001866311635657072,0.0,0.0,0.026507803871265275,25
3.54,0.02760408188788709,0.009148667527031884,0.0001858094714872216,0.0,0.0,0.02655300920000311,25
3.56,0.027631353291237552,0.00913835652534675,0.0001849879467058419,0.0,0.0,0.026598227337470418,25
3.58,0.02765775124169205,0.009128008389551055,0.00018416658483578346,0.0,0.0,0.02664346547367858,25
3.6,0.02768325138005328,0.009117622383544828,0.00018334536624686748,0.0,0.0,0.026688731834213077,25
3.62,0.02770783010496289,0.009107197775463819,0.0001825678887478636,0.0,0.0,0.026734035591425672,25
3.64,0.027731464685947713,0.009096733833973868,0.00018184199321264643,0.0,0.0,0.026779386741525288,25
3.66,0.027761111618641893,0.009086229823624368,0.00018111512871559675,0.0,0.0,0.026824795948961033,25
3.68,0.027798404778002193,0.009075685274477026,0.00018038728867462425,0.0,0.0,0.02687027435992831,25
3.7,0.02783905148130104,0.009065099312121355,0.00017970590334977603,0.0,0.0,0.026915833387298107,25
3.72,0.027879445320138408,0.009054471032855511,0.00017903950134829985,0.0,0.0,0.026961484469825853,25
3.74,0.027919585268325997,0.009043799662767941,0.00017842263912345532,0.0,0.0,0.027007238809178418,25
3.7600000000000002,0.027959469662386778,0.009033084417510755,0.00017783675233556408,0.0,0.0,0.02705310708914119,25
3.7800000000000002,0.027999095982819723,0.009022324509137408,0.00017724775048791596,0.0,0.0,0.027099099182318512,25
3.8000000000000003,0.028045043677332977,0.009011519129995175,0.00017665565676402647,0.0,0.0,0.027145223850673476,25
3.8200000000000003,0.0280932564017502,0.009000667484940515,0.00017606047390367966,0.0,0.0,0.02719148844728847,25
3.84,0.02814154359005574,0.008989768884385097,0.0001754621861215019,0.0,0.0,0.027237898627659192,25
3.86,0.028189906559961737,0.008978822373082172,0.00017486078543326947,0.0,0.0,0.027284458079534387,25
3.88,0.028238344312082993,0.008967827143122623,0.0001742562669636567,0.0,0.0,0.027331168280649444,25
3.9,0.028286853319284384,0.008956782402496543,0.00017364862017198737,0.0,0.0,0.027378028293554017,25
3.92,0.028335427361424987,0.008945687376034968,0.00017303782843356333,0.0,0.0,0.02742503460601838,25
3.94,0.028384057412678767,0.00893454131186212,0.0001724238576950487,0.0,0.0,0.027472181024189125,25
3.96,0.028432731586735652,0.008923343476671902,0.0001718067205767746,0.0,0.0,0.027519458623790485,25
3.98,0.02848143514285984,0.008912093180972806,0.00017118636248736346,0.0,0.0,0.027566855762344043,25
4.0,0.028530150553182424,0.008900789780964515,0.00017056274794104766,0.0,0.0,0.02761435815278344,25
4.0200000000000005,0.028578857628947192,0.008889432683479546,0.0001699358382772899,0.0,0.0,0.0276619489961861,25
4.04,0.02862753370094623,0.00887802134866123,0.00016930563821938524,0.0,0.0,0.027709609168865272,25
4.0600000000000005,0.028676153847277078,0.008866555301675651,0.00016867212724836115,0.0,0.0,0.02775731745696212,25
4.08,0.028724691159979856,0.008855034129400323,0.00016803522221594397,0.0,0.0,0.027805050830104264,25
4.1,0.028773117041147024,0.008843457482749626,0.00016739576010733708,0.0,0.0,0.027852784744728097,25
4.12,0.028821401518740117,0.008831825093446275,0.00016675341195091382,0.0,0.0,0.027900493467298428,25
4.14,0.028869513572527625,0.008820136755432546,0.0001661076046251864,0.0,0.0,0.027948150407829005,25
4.16,0.028917421461165625,0.00880839234255329,0.00016545836110350124,0.0,0.0,0.027995728454703474,25
4.18,0.028965093042346277,0.00879659180352839,0.00016480565517443705,0.0,0.0,0.028043200302684347,25
4.2,0.02901249607901858,0.008784735160788917,0.00016414941959184674,0.0,0.0,0.02809053876705915,25
4.22,0.02905959852584225,0.008772822510111388,0.00016348965236771763,0.0,0.0,0.028137717078009612,25
4.24,0.029106368791204467,0.00876085401971297,0.00016282634190414085,0.0,0.0,0.0281847091504358,25
4.26,0.029152775971272103,0.008748829935586176,0.00016215947843032874,0.0,0.0,0.028231489825585886,25
4.28,0.02919879005365182,0.008736750555795104,0.00016148906301789704,0.0,0.0,0.028278035081914708,25
4.3,0.02924438208927873,0.008724616246916693,0.00016081512011022664,0.0,0.0,0.028324322213613265,26
4.32,0.029289524332141957,0.008712427426529496,0.00016013771945538812,0.0,0.0,0.028370329976206803,26
4.34,0.029334190347370722,0.00870018461797819,0.00015945684924061935,0.0,0.0,0.028416038699498578,26
4.36,0.02937835508902765,0.008687888293610195,0.0001587725166708608,0.0,0.0,0.028461430368920695,26
4.38,0.029421994949667137,0.008675539022380501,0.0001580847642163272,0.0,0.0,0.028506488677021886,26
4.4,0.02946508778429584,0.008663137420268356,0.00015739363271019327,0.0,0.0,0.028551199047354304,26
4.42,0.029507612911805953,0.008650684135603456,0.0001566991591205036,0.0,0.0,0.028595548633405486,26
4.44,0.029549551097236653,0.00863817983813198,0.00015600140859278953,0.0,0.0,0.028639526295452498,26
4.46,0.02959088451835796,0.008625625520042944,0.00015530046223153187,0.0,0.0,0.02868312255829883,26
4.48,0.029636463814963526,0.008613021640274521,0.00015459634420958876,0.0,0.0,0.028726329552805352,26
4.5,0.029683385654521943,0.008600368928023133,0.00015399653748340486,0.0,0.0,0.028769140943967996,26
4.5200000000000005,0.029729899151164297,0.008587668144706547,0.00015346058610976466,0.0,0.0,0.02881155184805025,26
4.54,0.02977600042923388,0.00857492006256164,0.00015292067878638557,0.0,0.0,0.02885355874097877,26
4.5600000000000005,0.029821686864976046,0.008562125455841035,0.0001523769146153346,0.0,0.0,0.0288951593598805,26
4.58,0.029866956982437912,0.008549285109140974,0.00015182928873332165,0.0,0.0,0.028936352599304264,26
4.6000000000000005,0.029911810345277644,0.008536399808593484,0.00015127786940145112,0.0,0.0,0.028977138403351903,28
4.62,0.029956247445421295,0.008523470337922471,0.00015072489517493415,0.0,0.0,0.02901751765465848,28
4.64,0.030000269589267745,0.008510497467738682,0.00015019675473886964,0.0,0.0,0.02905749206092362,28
4.66,0.030043878781962182,0.008497481969967174,0.00014966489684441742,0.0,0.0,0.0290970640395165,28
4.68,0.03008707761014361,0.008484424605173683,0.00014912937728034722,0.0,0.0,0.02913623660056188,28
4.7,0.030129869123525752,0.008471326133573601,0.0001485902512096014,0.0,0.0,0.029175013228869104,28
4.72,0.030172256715696236,0.008458187299864217,0.00014804757304127044,0.0,0.0,0.02921339776509124,28
4.74,0.030214244004612735,0.008445008838881883,0.0001475014478886432,0.0,0.0,0.029251394286595525,28
4.76,0.030255840994745046,0.008431791483313175,0.00014695189202705336,0.0,0.0,0.029289006988684776,28
4.78,0.030297096471841003,0.008418535981080619,0.00014639894428790078,0.0,0.0,0.029326240067023432,28
4.8,0.030337963095042282,0.00840524298676736,0.00014584264891238049,0.0,0.0,0.029363097602375918,28
4.82,0.030378444206943588,0.008391913194902083,0.00014528305395075726,0.0,0.0,0.029399583449044035,28
4.84,0.030418542802965274,0.008378547285308827,0.0001448613574702144,0.0,0.0,0.029435701128666773,28
4.86,0.03045826143190996,0.008365145928595687,0.00014460981134622626,0.0,0.0,0.029471453731295075,28
4.88,0.030497602105863414,0.008351709798882868,0.0001444175865795666,0.0,0.0,0.029506843825843496,28
4.9,0.030536566221638105,0.00833823956945373,0.0001442211129531569,0.0,0.0,0.029541873382119326,28
4.92,0.030575154495937024,0.008324735879017543,0.00014402042702318167,0.0,0.0,0.02957654370660855,28
4.94,0.03061340282099075,0.008311199370662754,0.00014381552623799344,0.0,0.0,0.029610855394034737,28
4.96,0.03065129398999078,0.008297630689283717,0.00014360640457527447,0.0,0.0,0.029644808296389855,28
4.98,0.030688807373566947,0.008284030482686933,0.00014347682638219994,0.0,0.0,0.02967840151066586,28
5.0,0.03072594065797803,0.00827039940666547,0.00014334375584218977,0.0,0.0,0.02971163338591221,28
5.0200000000000005,0.030762690787365942,0.008256738113368842,0.00014323090601767562,0.0,0.0,0.02974450154953944,28
5.04,0.03079905400760445,0.008243047269108312,0.00014314169833713996,0.0,0.0,0.029777002952031503,28
5.0600000000000005,0.030835025926926128,0.008229327546498466,0.00014311377400228766,0.0,0.0,0.029809133928476818,28
5.08,0.030870601591050578,0.00821557962821327,0.00014308112731054742,0.0,0.0,0.029840890274640625,28
5.1000000000000005,0.030905775569970102,0.008201804195921076,0.00014304375957257105,0.0,0.0,0.029872267334734005,28
5.12,0.030940562390246864,0.008188001950069194,0.00014300168085679688,0.0,0.0,0.029903260097635324,28
5.14,0.030974973680690687,0.008174173611326555,0.00014295488620657643,0.0,0.0,0.02993386329811306,28
5.16,0.031008965551277898,0.008160319908950026,0.00014292009072959953,0.0,0.0,0.029964071519596486,28
5.18,0.031042531654681876,0.008146441584639973,0.00014295335121441513,0.0,0.0,0.029993879295228506,28
5.2,0.031075665660036094,0.008132539393566444,0.0001429816354338865,0.0,0.0,0.030023281204287537,28
5.22,0.031108361341067092,0.008118614094044485,0.0001430049479324191,0.0,0.0,0.030052271961540023,28
5.24,0.031140612655228998,0.008104666474199924,0.00014302329503770303,0.0,0.0,0.030080846497636614,30
5.26,0.0311724138125298,0.00809069732091062,0.00014303668933046093,0.0,0.0,0.03010900002924463,31
5.28,0.031203759333305832,0.00807670743113222,0.000143045138141762,0.0,0.0,0.030136728118175696,32
5.3,0.0312346440947176,0.008062697617275266,0.00014304865096337086,0.0,0.0,0.0301640267192848,32
5.32,0.03126506336618418,0.008048668700633812,0.00014304725145433615,0.0,0.0,0.030190892217361542,32
5.34,0.03129501283433062,0.008034621513587654,0.00014304094331248518,0.0,0.0,0.030217321453592162,32
5.36,0.03132448861828914,0.00802055689934929,0.00014302974125557849,0.0,0.0,0.030243311742437093,32
5.38,0.03135348727637166,0.008006475694446681,0.0001430136619145978,0.0,0.0,0.030268860879946943,32
5.4,0.03138200580523062,0.00799237873370447,0.0001429927229780677,0.0,0.0,0.03029396714463838,32
5.42,0.03141004163265517,0.007978266864904103,0.00014296694463618678,0.0,0.0,0.030318629292083177,32
5.44,0.031437592605128246,0.00796414094034005,0.00014293634467012694,0.0,0.0,0.030342846544341037,34
5.46,0.03146465697120693,0.00795663466301799,0.00014290094310055076,0.0,0.0,0.03036661857530543,34
5.48,0.03149123336169997,0.007949636452699454,0.00014286076056460936,0.0,0.0,0.030389945492942407,34
5.5,0.031517320767509786,0.007942586116834703,0.0001428158185386721,0.0,0.0,0.03041282781929673,34
5.5200000000000005,0.03154291851589392,0.007935484488615262,0.00014276614067241822,0.0,0.0,0.030435266469027417,34
5.54,0.031568026245787056,0.007928332424562829,0.00014275990872061775,0.0,0.0,0.030457262727121404,34
5.5600000000000005,0.03159268455733194,0.007921130780424517,0.0001427675007362165,0.0,0.0,0.03047881822632567,34
5.58,0.03161686969270558,0.00791388040165138,0.00014277055122982694,0.0,0.0,0.03049993492473748,34
5.6000000000000005,0.03164056570373105,0.007906582130550672,0.00014276906638025337,0.0,0.0,0.03052061508390213,34
5.62,0.03166377322644502,0.007899236797577246,0.0001427630547392867,0.0,0.0,0.03054086124768767,34
5.64,0.03168649308638843,0.007891845239953203,0.00014275254657249747,0.0,0.0,0.0305606762221374,34
5.66,0.03170872627630408,0.00788440826878583,0.00014273755367248545,0.0,0.0,0.030580063056443604,34
5.68,0.0317304739348688,0.007876926689876928,0.00014275414770287072,0.0,0.0,0.030599025025137006,34
5.7,0.031751737326505894,0.00786940131216905,0.0001427972563376901,0.0,0.0,0.030617565611548513,34
5.72,0.03177256419019004,0.007861832912073331,0.00014283592894583005,0.0,0.0,0.03063568849256773,34
5.74,0.031792914044299604,0.00785422226037545,0.00014287015966631686,0.0,0.0,0.03065339752469888,34
5.76,0.03181278433007598,0.007846570137551068,0.00014289994752648242,0.0,0.0,0.03067069673139627,34
5.78,0.03183217663648283,0.007838877298950463,0.00014292528334930926,0.0,0.0,0.030687590291647276,34
5.8,0.03185109259322465,0.007831144470572636,0.00014294645496693503,0.0,0.0,0.03070408252976179,34
5.82,0.03186953385664369,0.007823372384056934,0.0001429632973388003,0.0,0.0,0.030720177906319805,34
5.84,0.03188750209644581,0.007815561761191287,0.000142975679800543,0.0,0.0,0.03073588101022553,34
5.86,0.03190499898318774,0.007807713302184625,0.00014298359857875368,0.0,0.0,0.030751196551813922,34
5.88,0.03192202617645868,0.007799827691897044,0.00014298704637221316,0.0,0.0,0.030766129356955475,34
5.9,0.03193858531368939,0.007791905604620121,0.00014298602077842485,0.0,0.0,0.030780684362105192,34
5.92,0.03195467799952456,0.007783947691731058,0.0001429805156411828,0.0,0.0,0.030794866610244016,34
5.94,0.03197030579569588,0.007775954604059629,0.0001429705292741746,0.0,0.0,0.030808681247661507,34
5.96,0.03198547021133779,0.007767926980911622,0.00014295606920094642,0.0,0.0,0.03082213352153218,34
5.98,0.03200021625843658,0.007759865422451663,0.00014293711230217967,0.0,0.0,0.03083522877823901,34
6.0,0.03201456728157824,0.00775177052509343,0.0001429136534559005,0.0,0.0,0.030847972462400196,34
6.0200000000000005,0.03202845967694822,0.007743642872963372,0.00014288568575467284,0.0,0.0,0.030860370116557085,34
6.04,0.03204189465221666,0.0077354830357572076,0.00014285320395422926,0.0,0.0,0.03087242738148238,34
6.0600000000000005,0.03205487331887792,0.007727291570424681,0.0001428162039383993,0.0,0.0,0.03088414999706899,34
6.08,0.03206739668422309,0.007719068994554406,0.00014277467940823952,0.0,0.0,0.030895543803759636,34
6.1000000000000005,0.032079465643469376,0.007710815822474431,0.0001427286243413661,0.0,0.0,0.030906614744477593,34
6.12,0.032091080972028695,0.007702532551283898,0.00014267803265669972,0.0,0.0,0.03091736886701659,34
6.140000000000001,0.03210224331790493,0.007694219660016049,0.0001426430109838493,0.0,0.0,0.030927812326846375,34
6.16,0.03211295319421758,0.007685877609265404,0.0001426533129804414,0.0,0.0,0.03093795139028616,34
6.18,0.03212321097185897,0.007677506840801484,0.00014265918220323045,0.0,0.0,0.030947792437993407,34
6.2,0.03213301687230262,0.0076691078962049086,0.00014272083336381853,0.0,0.0,0.03095734196870895,34
6.22,0.03214237096059253,0.007660681259289818,0.00014282692671055425,0.0,0.0,0.03096660660319082,34
6.24,0.03215127313855665,0.0076522271227997965,0.00014295536134639907,0.0,0.0,0.030975593088259253,34
6.26,0.032159723138303536,0.007643745846102496,0.00014307848383270005,0.0,0.0,0.030984308300862233,34
6.28,0.03216772051607916,0.007635237769556802,0.00014319629365581763,0.0,0.0,0.03099275925205649,35
6.3,0.032175264646581256,0.007626703217759861,0.00014330878817224668,0.0,0.0,0.031000953090780495,36
6.32,0.03218235471785159,0.007618142485692111,0.00014341596795452524,0.0,0.0,0.031008897107275602,36
6.34,0.03218898972689321,0.007609555850880742,0.00014351786146335862,0.0,0.0,0.031016598735986806,36
6.36,0.032195168476189,0.007600943564761515,0.00014361443737071213,0.0,0.0,0.031024065557747803,36
6.38,0.032200889571330826,0.007592305859146562,0.00014370649685986606,0.0,0.0,0.031031305301022914,36
6.4,0.03220619992084893,0.007583642935977498,0.00014379414837249795,0.0,0.0,0.031038325841944613,36
6.42,0.03221105439024512,0.007574954974376711,0.0001438764984186957,0.0,0.0,0.031045135202846665,36
6.44,0.03221544616224638,0.007566242129436988,0.00014395354659141871,0.0,0.0,0.031051741548952145,36
6.46,0.0322193730627651,0.007557504536325566,0.00014402530188447046,0.0,0.0,0.031058153182832345,36
6.48,0.03222287327146227,0.0075487423018129555,0.00014409175579370835,0.0,0.0,0.031064378536208255,36
6.5,0.032225916098401246,0.0075399555071927376,0.00014415291329880617,0.0,0.0,0.031070426158623134,36
6.5200000000000005,0.0322284867989242,0.00753114420427074,0.00014420881739514771,0.0,0.0,0.03107630470247461,36
6.54,0.03223058255157396,0.007522308420690432,0.0001442594254841601,0.0,0.0,0.031082022903861226,36
6.5600000000000005,0.03223719415269438,0.007513448147208402,0.00014430474038768326,0.0,0.0,0.03108758955867572,36
6.58,0.032246188017669715,0.007504563356596193,0.0001443452619105446,0.0,0.0,0.031093013493370975,36
6.6000000000000005,0.032255038113436364,0.0074956539862840324,0.00014438099012638187,0.0,0.0,0.03109830352984077,36
6.62,0.0322637239006815,0.007486719953739438,0.00014441150326519118,0.0,0.0,0.03110346844390324,36
6.640000000000001,0.03227225269021233,0.007477761153575435,0.00014443680861303098,0.0,0.0,0.03110851691695882,36
6.66,0.03228063160160105,0.007468777445448498,0.00014445688889824833,0.0,0.0,0.03111345748052603,36
6.68,0.03228886749868408,0.0074597686728614795,0.0001444717534175872,0.0,0.0,0.031118298453542068,36
6.7,0.032296966917855975,0.007450734660009545,0.00014448140878905956,0.0,0.0,0.031123047872563165,36
6.72,0.032304935989597765,0.007441752601121937,0.0001444858733233057,0.0,0.0,0.03112771341531059,36
6.74,0.03231278035405479,0.007436901420289483,0.00014448588901652177,0.0,0.0,0.031132302318384892,36
6.76,0.03232050507191448,0.007433238628872399,0.00014448113113544838,0.0,0.0,0.03113682129040624,36
6.78,0.03232813002922247,0.007429521755941757,0.00014447128687934967,0.0,0.0,0.03114127642231609,36
6.8,0.032335678486726936,0.007425750124383319,0.0001444563710016832,0.0,0.0,0.031145673097074344,36
6.82,0.032343118365758865,0.007421923042690925,0.0001444364226910403,0.0,0.0,0.03115001590146872,36
6.84,0.032350451494695474,0.007418040259240557,0.00014441148085659282,0.0,0.0,0.031154308543179438,36
6.86,0.03235767868360876,0.007414101116796928,0.00014438202778277524,0.0,0.0,0.031158553776560224,36
6.88,0.03236479965918703,0.007410104488463165,0.00014434783102996266,0.0,0.0,0.031162753340754704,36
6.9,0.03237181301537397,0.007406049712001829,0.0001443087942797721,0.0,0.0,0.031166907913716707,36
6.92,0.0323787161829878,0.007401936154220414,0.0001442685005000098,0.0,0.0,0.031171017085406667,36
6.94,0.03238550542102452,0.007397763210628735,0.00014427558480205872,0.0,0.0,0.031175079352877,36
6.96,0.03239217583153625,0.007393530313590733,0.00014428379415489981,0.0,0.0,0.031179092139146655,36
6.98,0.03239872305843654,0.007389236942220543,0.0001443395971658574,0.0,0.0,0.031183051836736298,36
7.0,0.03240518921078455,0.007384882628630698,0.00014439218657699715,0.0,0.0,0.03118695387556236,36
7.0200000000000005,0.03241155834788167,0.007380466983885987,0.0001444416258568149,0.0,0.0,0.031190792813660217,36
7.04,0.032417788611801474,0.007375989636186595,0.00014448866718246893,0.0,0.0,0.031194562448032925,36
7.0600000000000005,0.0324238609073542,0.007371450303701376,0.00014453276283974832,0.0,0.0,0.0311982559419067,36
7.08,0.03242976498926668,0.007366848784742342,0.0001445746445411451,0.0,0.0,0.03120186596390979,36
7.1000000000000005,0.03243549014628208,0.007362184938200982,0.00014461367423719305,0.0,0.0,0.031205384834240842,36
7.12,0.032441025343263596,0.007357458699394065,0.0001446497871740747,0.0,0.0,0.031208804672785164,36
7.140000000000001,0.032446359360141924,0.007352670084154536,0.00014468304515112445,0.0,0.0,0.03121211754436048,36
7.16,0.032451480923395,0.0073478191821252,0.00014471371747422685,0.0,0.0,0.031215315596786232,36
7.18,0.032456378826478456,0.00734290615799002,0.00014474155105293352,0.0,0.0,0.031218391188199433,36
7.2,0.032461042036491916,0.007337931248577558,0.0001447668585997819,0.0,0.0,0.031221337000904768,36
7.22,0.0324654597852805,0.007332894760724216,0.0001447898311136509,0.0,0.0,0.031224146139959812,36
7.24,0.03246962164406075,0.007327797065648948,0.0001448100127084705,0.0,0.0,0.031226812215582163,36
7.26,0.03247351758146051,0.007322638599184433,0.00014482737731154476,0.0,0.0,0.031229329409263297,36
7.28,0.032477138005535804,0.007317419869087679,0.00014484193156015884,0.0,0.0,0.031231692524142794,36
7.3,0.03248047379085079,0.007312141402106718,0.0001448536716892383,0.0,0.0,0.031233897020714076,36
7.32,0.03248351629207665,0.007308586031396406,0.00014486260686201975,0.0,0.0,0.031235939039296376,36
7.34,0.03248625734579138,0.007305460316649983,0.00014486876800752534,0.0,0.0,0.03123781541092571,36
7.36,0.03248868926226371,0.007302267867420836,0.00014490284409194999,0.0,0.0,0.031239523658408885,36
7.38,0.03249080480900464,0.007299009375434392,0.0001449667510483712,0.0,0.0,0.03124106198927349,36
7.4,0.03249259718779416,0.007295685560603363,0.00014502779148940838,0.0,0.0,0.031242429282257077,36
7.42,0.032494060006763775,0.007292297168976644,0.00014508590358186597,0.0,0.0,0.03124362506883506,36
7.44,0.03249518724895627,0.007288844966055521,0.00014514109989707656,0.0,0.0,0.031244649511108558,36
7.46,0.03249597323861309,0.007285329734260274,0.00014519332981686916,0.0,0.0,0.0312455033771796,36
7.48,0.032496412606266935,0.007281752268501558,0.00014524258662607542,0.0,0.0,0.03124618801494212,36
7.5,0.0324965002535556,0.0072781133804181355,0.00014528896382233627,0.0,0.0,0.031246705325024816,36
7.5200000000000005,0.03249623131852587,0.007274413870976396,0.0001453324216595765,0.0,0.0,0.031247057733440418,36
7.54,0.03249560114207102,0.007270654551530831,0.00014537314261673116,0.0,0.0,0.03124724816432971,36
7.5600000000000005,0.03249460523603947,0.007266836232832061,0.00014541090781417334,0.0,0.0,0.0312472800130389,36
7.58,0.03249323925346996,0.007262959722355568,0.00014544561695196414,0.0,0.0,0.031247157119635226,36
7.6000000000000005,0.0324914989613464,0.007259025824091997,0.00014547724905440823,0.0,0.0,0.031246883742847998,36
7.62,0.03248938021622249,0.007255035333856915,0.00014550573525570626,0.0,0.0,0.031246464534318244,36
7.640000000000001,0.032486878943040996,0.00725098903501346,0.00014553104500602453,0.0,0.0,0.031245904512948817,36
7.66,0.0324839911174614,0.007246887709038105,0.00014555316173512863,0.0,0.0,0.031245209039066437,36
7.68,0.032485466860966074,0.00724273210108241,0.00014557210177129585,0.0,0.0,0.031244383788036567,36
7.7,0.03248827263675865,0.007238522954130412,0.00014558783802188908,0.0,0.0,0.03124343472291122,36
7.72,0.03249093116842963,0.007234260994959698,0.0001456003416760568,0.0,0.0,0.03124236806563737,36
7.74,0.03249344810978086,0.007229946932733424,0.00014562269533680843,0.0,0.0,0.031241190266312467,36
7.76,0.03249583078945631,0.007225581457971379,0.0001456660992580188,0.0,0.0,0.031239907969942884,36
7.78,0.0324981326618349,0.007221165243287635,0.00014570682419572545,0.0,0.0,0.031238527980146057,36
7.8,0.03250031107313221,0.007216698939246197,0.00014574522712643246,0.0,0.0,0.031237057219238685,36
7.82,0.032502372148930064,0.007212183177805958,0.00014578082956971913,0.0,0.0,0.031235502684178365,36
7.84,0.032504322020416455,0.007207618571327437,0.0001458136155898596,0.0,0.0,0.031233871397877925,36
7.86,0.03250616677005789,0.007203005702745257,0.00014588224029931805,0.0,0.0,0.031232170355497472,36
7.88,0.03250791237194528,0.007198345137995631,0.00014595259574352613,0.0,0.0,0.03123040646544425,36
7.9,0.032509564626711,0.0071936374233895475,0.00014602071398851134,0.0,0.0,0.03122858648497994,36
7.92,0.032511129091133274,0.007189726681481664,0.00014608660867116894,0.0,0.0,0.031226716950554415,36
7.94,0.032512611002813906,0.0071902040139463,0.00014615027450203132,0.0,0.0,0.031224804103254268,36
7.96,0.03251401520063338,0.007190645513362034,0.00014624315137972305,0.0,0.0,0.03122285381007311,36
7.98,0.032515346042049274,0.007191010598879872,0.00014637481307526833,0.0,0.0,0.031220871482071998,36
8.0,0.032516607318693595,0.0071912989095314,0.0001465041997740831,0.0,0.0,0.031218861990888476,36
8.02,0.032517802172125694,0.007191510067882113,0.00014663133834695715,0.0,0.0,0.031216829585453625,36
8.040000000000001,0.03251893301198077,0.007191643688674603,0.0001467562226449572,0.0,0.0,0.031214777811159687,36
8.06,0.032520001439086746,0.007191699382136394,0.00014687886048526065,0.0,0.0,0.031212709434053913,36
8.08,0.03252100817636732,0.007191676770004787,0.00014699930269890536,0.0,0.0,0.03121062637287875,36
8.1,0.032521953010466065,0.007191575474008699,0.00014711743198422684,0.0,0.0,0.031208529641896056,36
8.120000000000001,0.0325228347469804,0.007191395130167456,0.00014723332509687453,0.0,0.0,0.03120641930738624,36
8.14,0.03252365118195793,0.0071911354023125405,0.0001473470158321931,0.0,0.0,0.031204294460477556,36
8.16,0.03252439909186881,0.0071907959798555455,0.00014745837428392622,0.0,0.0,0.031202153208521134,36
8.18,0.03252507424363251,0.007190376593476302,0.00014756749584112522,0.0,0.0,0.03119999268659256,36
8.2,0.03252567142547422,0.007189877014890498,0.00014767432447263846,0.0,0.0,0.03119780908989736,36
8.22,0.03252618449846569,0.007189297060923484,0.0001477791095730687,0.0,0.0,0.03119559772693743,36
8.24,0.03252660646763384,0.0071886366099733106,0.00014788148169099004,0.0,0.0,0.03119335309232374,36
8.26,0.03252692957057861,0.007187895610445122,0.0001479814279126482,0.0,0.0,0.031191068957179352,36
8.28,0.032527145380706814,0.007187675059029088,0.0001480789673502925,0.0,0.0,0.031188738474241588,38
8.3,0.03252724492153437,0.007190339716140048,0.00014817407804700782,0.0,0.0,0.031186354294118316,38
8.32,0.032527218788085926,0.0071930187223152526,0.00014826686385441737,0.0,0.0,0.03118390868872988,38
8.34,0.03252705727125786,0.007195606817676984,0.00014835723342026646,0.0,0.0,0.031181393677805657,38
8.36,0.03252675048110756,0.007198104404745612,0.00014844507586515528,0.0,0.0,0.031178801154400793,38
8.38,0.03252628846536275,0.007200511662118589,0.00014853034915998667,0.0,0.0,0.031176123005730604,38
8.4,0.03252566131996491,0.007202828871739895,0.00014861303184108673,0.0,0.0,0.031173351226139904,38
8.42,0.03252485928910869,0.0072050564808488265,0.0001486931592509477,0.0,0.0,0.03117047801967323,38
8.44,0.032523872852953196,0.00720719498905583,0.00014877073903206918,0.0,0.0,0.031167495890426077,38
8.46,0.03252269280189949,0.0072092449490908485,0.00014884568678831317,0.0,0.0,0.03116439771957602,38
8.48,0.032521310297000366,0.007211206990705737,0.00014891792600274468,0.0,0.0,0.031161176828664768,38
8.5,0.03251971691665636,0.0072130818065941245,0.0001490116440341688,0.0,0.0,0.031157827029290396,38
8.52,0.032517904690232115,0.007214870143667214,0.00014910981356999504,0.0,0.0,0.031154342659849663,38
8.540000000000001,0.03251586611958995,0.007216573425958677,0.00014920549799242255,0.0,0.0,0.03115071861033298,38
8.56,0.032513594189783605,0.007218192139596135,0.00014929859688411342,0.0,0.0,0.03114695033642138,38
8.58,0.03251108237029626,0.007219726901240134,0.0001493892983244671,0.0,0.0,0.03114303386427585,38
8.6,0.03250834489135018,0.007221178643398893,0.00014947744732715946,0.0,0.0,0.031138965787459644,38
8.620000000000001,0.03250543819113264,0.00722254833581283,0.0001495629130511633,0.0,0.0,0.031134743257412247,38
8.64,0.03250227533905857,0.007223836937469426,0.0001496456610399259,0.0,0.0,0.031130363968817465,38
8.66,0.032498851615984654,0.007225045484809506,0.00014972566039510204,0.0,0.0,0.031125826141095127,38
8.68,0.032495162699932155,0.007226174960332803,0.00014980289711842798,0.0,0.0,0.031121128497111145,38
8.700000000000001,0.03249120463839338,0.0072272263997576755,0.00014987734516722813,0.0,0.0,0.031116270240055192,38
8.72,0.032486973819422185,0.007228200849739255,0.00014994899699801998,0.0,0.0,0.03111125102929095,38
8.74,0.03248246694216945,0.007229099369166997,0.0001500409947540395,0.0,0.0,0.031106070955843,38
8.76,0.0324776809873985,0.00722992302322891,0.0001501307187619587,0.0,0.0,0.03110073051805729,38
8.78,0.032472613188400376,0.007232017210576962,0.0001502177126835367,0.0,0.0,0.03109523059785531,38
8.8,0.03246726100263024,0.007235286003024735,0.00015030195910986568,0.0,0.0,0.03108957243790136,38
8.82,0.032461622084301194,0.007239304673534493,0.00015038346471598217,0.0,0.0,0.031083757619914967,38
8.84,0.032455694258101665,0.007243241666860592,0.00015046223842169262,0.0,0.0,0.031077788044287052,38
8.86,0.03244947549414504,0.007247097976981628,0.0001505472307460679,0.0,0.0,0.0310716659110976,38
8.88,0.03244296388421465,0.0072508746245554916,0.0001506702149949057,0.0,0.0,0.031065393702582617,38
8.9,0.03243615761933237,0.00725457261723327,0.00015079035119047797,0.0,0.0,0.031058974167058072,38
8.92,0.032429054968652664,0.007258192946622174,0.00015090762638089606,0.0,0.0,0.031052410304276135,38
8.94,0.03242165425966597,0.007262261245758028,0.00015102982700817893,0.0,0.0,0.031045705352164048,38
8.96,0.032413953859683105,0.0072689789126516675,0.00015116666101699998,0.0,0.0,0.031038862774875407,38
8.98,0.03240595215856642,0.007275709849046613,0.00015130071258388206,0.0,0.0,0.03103188625206832,38
9.0,0.032397647552671736,0.0072823557243758925,0.0001514319649514513,0.0,0.0,0.031024779669311903,38
9.02,0.03238903842996707,0.007288917442913871,0.00015156040985765895,0.0,0.0,0.031017547109512534,38
9.040000000000001,0.03238012315629993,0.0072953958738059795,0.00015169412266903234,0.0,0.0,0.03101019284524216,38
9.06,0.03237090006279287,0.0073017918718458405,0.00015187345062697452,0.0,0.0,0.03100272133184344,38
9.08,0.03236136743435784,0.007308106273601711,0.00015204980268003574,0.0,0.0,0.030995137201178823,38
9.1,0.03235375303343002,0.007314339895711678,0.00015222319749280563,0.0,0.0,0.030987445255882935,38
9.120000000000001,0.032346427704160616,0.007320493561959774,0.0001523936130515238,0.0,0.0,0.030979650463970734,38
9.14,0.032338888507101135,0.0073265680070693584,0.00015256106576875725,0.0,0.0,0.03097175795364473,38
9.16,0.032331137322942564,0.007332563972876408,0.00015272575514917655,0.0,0.0,0.030963773008136828,38
9.18,0.03232317606188685,0.007338482179791602,0.00015288752103969288,0.0,0.0,0.03095570106041103,38
9.200000000000001,0.03231500665278831,0.007344323323765023,0.0001530462713011025,0.0,0.0,0.030947547687544204,38
9.22,0.032306631031531176,0.007350088075869284,0.0001532020003597807,0.0,0.0,0.030939318604593546,38
9.24,0.032298051128434736,0.007355777098878318,0.0001533547517031933,0.0,0.0,0.030931019657751427,38
9.26,0.032289268854472364,0.007361391034091712,0.00015350449435179463,0.0,0.0,0.030922656816582246,38
9.28,0.03228028608608777,0.007366930806002986,0.00015365121209919743,0.0,0.0,0.030914236165132752,38
9.3,0.03227110464839367,0.0073723967655935085,0.00015379489905031554,0.0,0.0,0.03090576389170775,38
9.32,0.032261726296545425,0.007377789305830001,0.00015395082582761273,0.0,0.0,0.030897246277109967,38
9.34,0.032252152695097874,0.0073831089432546525,0.00015411429371813844,0.0,0.0,0.03088868968115639,38
9.36,0.03224238539517817,0.007388356166998394,0.00015427494923819045,0.0,0.0,0.030880100527306567,38
9.38,0.03223242580934482,0.007393531438592785,0.00015446535305083047,0.0,0.0,0.030871485285273406,38
9.4,0.03222227518405401,0.007398635198198125,0.00015467553280675554,0.0,0.0,0.030862850451534585,38
9.42,0.032211934569721025,0.007403667852954138,0.00015488285922017126,0.0,0.0,0.030854202527726478,38
9.44,0.03220140478844857,0.0074086297862622245,0.0001550873750206378,0.0,0.0,0.030845547996981804,38
9.46,0.032190686399595665,0.007413521356102224,0.0001552890583473532,0.0,0.0,0.030836893298369233,38
9.48,0.0321797796634794,0.00741834289806454,0.00015548788160014783,0.0,0.0,0.03082824479970539,39
9.5,0.03216868450363577,0.007423094716950258,0.00015570768025963065,0.0,0.0,0.03081960876913645,40
9.52,0.03215740046820936,0.007427777096504484,0.0001559776956042296,0.0,0.0,0.0308109913460218,40
9.540000000000001,0.03214592669119142,0.007432390296905778,0.00015625258215844044,0.0,0.0,0.030802398511790945,40
9.56,0.032134261854369045,0.007436934555553955,0.00015656836271660165,0.0,0.0,0.030793836061577266,40
9.58,0.03212240415097848,0.007441410087952863,0.00015688338063775124,0.0,0.0,0.030785309577547736,40
9.6,0.03211035125215753,0.007445817088681381,0.00015719563691891358,0.0,0.0,0.0307768244049342,40
9.620000000000001,0.03209810027735506,0.007450155732442649,0.0001575051593794346,0.0,0.0,0.03076838563181622,40
9.64,0.032085647769866235,0.0074544261752215206,0.00015781195643285284,0.0,0.0,0.030759998073694988,40
9.66,0.03207298967861238,0.007458628559265722,0.00015811606959985068,0.0,0.0,0.030751666263823814,40
9.68,0.032062745487919986,0.007462763002678605,0.00015844334086822135,0.0,0.0,0.030743394450115886,40
9.700000000000001,0.03205481715715382,0.007466829612032762,0.00015877561986483074,0.0,0.0,0.03073518659923528,40
9.72,0.03204684547959799,0.007470828483708034,0.0001591055127169288,0.0,0.0,0.030727046408197616,40
9.74,0.03203884572940958,0.007474759695834893,0.00015943306487711028,0.0,0.0,0.030718977323477083,40
9.76,0.032030833896964345,0.007478623318460548,0.00015976718439318104,0.0,0.0,0.03071098256725485,40
9.78,0.032022779157896905,0.007482419409874575,0.00016013394961914178,0.0,0.0,0.03070306517007483,40
9.8,0.03201468101944872,0.007486148011751728,0.00016051054527682428,0.0,0.0,0.03069522800882356,40
9.82,0.03200653876413838,0.0074898091616186924,0.00016088527434772766,0.0,0.0,0.030687473848646455,40
9.84,0.031998351489064214,0.007493402888449831,0.00016125825182344118,0.0,0.0,0.03067980538717549,40
9.86,0.031990118145490576,0.007496929213092742,0.0001616294479424174,0.0,0.0,0.030672225299289473,40
9.88,0.03198183757686407,0.007500388151531805,0.0001619988723325211,0.0,0.0,0.030664736280565826,40
9.9,0.031973508553434844,0.007503779705931881,0.00016236655216207233,0.0,0.0,0.030657341087612144,40
9.92,0.03196512980177118,0.0075071038756513,0.00016273256147072534,0.0,0.0,0.03065004257357912,40
9.94,0.03195670002764001,0.00751036064912767,0.00016309688132767374,0.0,0.0,0.03064284371734182,40
9.96,0.03194821793096543,0.0075135500038830665,0.00016345954164371837,0.0,0.0,0.03063574764507561,40
9.98,0.031939682211853,0.007516671917002441,0.0001638205696405579,0.0,0.0,0.03062875764322967,40
10.0,0.031931091566966094,0.007519726347687907,0.00016417999019434476,0.0,0.0,0.03062187716219973,40
10.02,0.03192244467584565,0.007522713252482389,0.00016453788481674518,0.0,0.0,0.030615109810306924,40
10.040000000000001,0.03191374017706941,0.0075256325745225085,0.00016489431276355603,0.0,0.0,0.03060845933799501,40
10.06,0.03190497663444447,0.007528484256590942,0.00016524924739461244,0.0,0.0,0.030601929612455954,40
10.08,0.031896152493716176,0.007531268213754679,0.00016560267360686402,0.0,0.0,0.03059552458318286,40
10.1,0.03188726603055803,0.007533984360784629,0.00016595459004404585,0.0,0.0,0.03058924823923113,40
10.120000000000001,0.03187831529088043,0.007536632602840649,0.00016630500951355344,0.0,0.0,0.030583104559241243,40
10.14,0.031869298024763994,0.007539212836134591,0.0001666540314226426,0.0,0.0,0.030577097455543895,40
10.16,0.03186021161558082,0.007541724946713644,0.00016702680369490582,0.0,0.0,0.030571230713925056,40
10.18,0.031851053006111366,0.007544168812510245,0.00016739850924667432,0.0,0.0,0.030565507930871042,40
10.200000000000001,0.03184181862368402,0.007546544304595266,0.00016776890897600273,0.0,0.0,0.030559932450331787,40
10.22,0.031832504306547105,0.007548851286536476,0.00016813805983771686,0.0,0.0,0.030554507302220514,40
10.24,0.03182310523380989,0.007551089619432495,0.00016850596941277624,0.0,0.0,0.030549235144991714,40
10.26,0.03181361586134257,0.007553259192885073,0.00016887262484173367,0.0,0.0,0.030544118214689147,40
10.28,0.03180402986598495,0.007555359880129948,0.00016923800508933547,0.0,0.0,0.030539158282810463,40
10.3,0.03179434010026503,0.007557391475257654,0.00016960214143278983,0.0,0.0,0.030534356625180798,40
10.32,0.03178453855956185,0.007559353832390691,0.0001699651447718873,0.0,0.0,0.03052971400375372,40
10.34,0.03177461636325987,0.00756131875985994,0.0001703269388788035,0.0,0.0,0.030525230662862505,40
10.36,0.031764563750947605,0.007568751566239113,0.00017068758034879182,0.0,0.0,0.030520906340940027,40
10.38,0.031754370094130784,0.007576236533616138,0.00017104698881748864,0.0,0.0,0.030516740298130927,40
10.4,0.031744023923294035,0.007583632008603542,0.00017140556391034536,0.0,0.0,0.030512731359569695,40
10.42,0.03173351296949677,0.007590937740451417,0.00017176550008680692,0.0,0.0,0.030508877973432724,40
10.44,0.031722824219074054,0.007598153494542223,0.00017212413617313828,0.0,0.0,0.030505178282238796,40
10.46,0.03171194397947681,0.007605279070057885,0.00017248146376809393,0.0,0.0,0.030501630205313057,40
10.48,0.03170085795386873,0.0076123142390723975,0.00017283746461919133,0.0,0.0,0.030498231529886448,40
10.5,0.031691259051405005,0.0076192588146340124,0.00017319215583827636,0.0,0.0,0.03049498000800313,40
10.52,0.03168221696214068,0.00762611262393546,0.00017354550093610002,0.0,0.0,0.030491873456267634,40
10.540000000000001,0.0316730103450271,0.007632875512635649,0.0001738975109555528,0.0,0.0,0.030488909855482495,40
10.56,0.03166362665224395,0.0076395473435361475,0.00017424818563117108,0.0,0.0,0.030486087447392278,40
10.58,0.031656295122752524,0.007646127998251924,0.00017459752404817237,0.0,0.0,0.03048340482603452,40
10.6,0.03165140174558222,0.007652617369917,0.00017494547737057284,0.0,0.0,0.03048086102156979,40
10.620000000000001,0.031646482231987454,0.007659015362520691,0.0001752920353212094,0.0,0.0,0.03047845557488626,40
10.64,0.03164151052429243,0.007665321896887866,0.000175663248265182,0.0,0.0,0.03047618860170996,40
10.66,0.03163648100503637,0.007671536902528429,0.0001760795737406307,0.0,0.0,0.03047406084537229,40
10.68,0.03163266129152748,0.007677660332348574,0.00017650047061840826,0.0,0.0,0.030472073717762484,40
10.700000000000001,0.03162992419995938,0.00768369212511043,0.00017692061165880936,0.0,0.0,0.03047022932831184,40
10.72,0.031627197524409234,0.007689632229478998,0.00017734004710295037,0.0,0.0,0.030468530501104023,40
10.74,0.031624480543996095,0.0076954807023756795,0.00017775867576014112,0.0,0.0,0.030466980780386087,40
10.76,0.0316217730857242,0.007701238349003108,0.0001781764838441487,0.0,0.0,0.030465584424866236,40
10.78,0.031619075500453085,0.007706904203176642,0.0001785937051982135,0.0,0.0,0.030464346391240772,40
10.8,0.03161638923891833,0.007712478288141486,0.0001790103994371994,0.0,0.0,0.030463272307402683,40
10.82,0.0316137610645869,0.007717960460719528,0.00017942701488898746,0.0,0.0,0.03046236843576375,40
10.84,0.03161114678275211,0.007723350674496603,0.00017985606270541683,0.0,0.0,0.03046164162708395,40
10.86,0.03160854839399337,0.007728648864197992,0.00018030802861546664,0.0,0.0,0.030461099265161405,40
10.88,0.03160596815153332,0.0077338549493460515,0.0001807620657402973,0.0,0.0,0.030460749202706097,40
10.9,0.03160340847938956,0.00773896884823804,0.0001812157654482604,0.0,0.0,0.030460599688711752,40
10.92,0.03160087188215198,0.007743990477249669,0.00018166913350710573,0.0,0.0,0.030460659287665295,40
10.94,0.031598360846826754,0.007748919734895919,0.00018212214894999102,0.0,0.0,0.030460936790996252,40
10.96,0.03159587773730969,0.0077537564969132385,0.0001825748346548794,0.0,0.0,0.03046144112127853,40
10.98,0.03159342468221924,0.007758500638059267,0.0001830271683085467,0.0,0.0,0.030462181229852912,40
11.0,0.0315920295538524,0.007763152677794763,0.00018347915794282642,0.0,0.0,0.030463165988741735,40
11.02,0.031591961299152455,0.007767711919821983,0.0001839607087759001,0.0,0.0,0.03046440407797042,41
11.040000000000001,0.03159200492840638,0.007772178106067086,0.00018446471190313287,0.0,0.0,0.030465903869685854,41
11.06,0.031592163388428254,0.007776551073325197,0.00018496835396798034,0.0,0.0,0.03046767331075457,41
11.08,0.03159327175527073,0.007780830650817443,0.00018547171711659613,0.0,0.0,0.03046971980581565,41
11.1,0.031595939219879736,0.007785016662038849,0.00018597487708452346,0.0,0.0,0.030472050103034717,41
11.120000000000001,0.03159880073406438,0.0077891089273699615,0.00018647799952607285,0.0,0.0,0.030474670185030226,41
11.14,0.031601858425527506,0.007793107266944971,0.00018698099430200561,0.0,0.0,0.03047758516759796,41
11.16,0.03160511334901582,0.007797011502363375,0.00018748375688502585,0.0,0.0,0.030480799208920727,41
11.18,0.03160856540367681,0.0078008214593549355,0.00018798623360313416,0.0,0.0,0.030484315431897085,41
11.200000000000001,0.03161221326585724,0.0078045369756002455,0.00018848843390712128,0.0,0.0,0.030488135862041566,41
11.22,0.031616054339480684,0.007808157877617507,0.00018899037245997464,0.0,0.0,0.030492261383093227,41
11.24,0.0316200847256898,0.007811684013887707,0.00018949207291512281,0.0,0.0,0.030496691712022208,41
11.26,0.0316242992128698,0.007815115245561987,0.00018999359537711795,0.0,0.0,0.030501425394558617,41
11.28,0.03162869128750294,0.007818451448481768,0.0001904949536033859,0.0,0.0,0.030506459821707667,41
11.3,0.031633253165575775,0.007821692514979139,0.0001909960886432544,0.0,0.0,0.030511791266992373,41
11.32,0.031637975843506826,0.007824838378986832,0.00019149710392065564,0.0,0.0,0.030517414943417143,41
11.34,0.031642849166827705,0.007827888955340142,0.0001919979195274557,0.0,0.0,0.030523325078416576,41
11.36,0.03164786191417711,0.00783084418731299,0.00019249851794408233,0.0,0.0,0.03052951500438489,41
11.38,0.03165300189359562,0.007833704043611125,0.00019299885927019352,0.0,0.0,0.030535977261813372,41
11.4,0.03165829454634806,0.007836468516358965,0.00019349896596254542,0.0,0.0,0.030542703711629426,41
11.42,0.03166370286056082,0.0078397587020641,0.00019399878808056217,0.0,0.0,0.030549685653055735,41
11.44,0.031669234383131906,0.007846860594066347,0.00019449833652447442,0.0,0.0,0.030556913943209262,41
11.46,0.03167483722553684,0.007855139602744044,0.00019499760592163576,0.0,0.0,0.03056437911473731,41
11.48,0.031680495967029085,0.007863302533025255,0.00019549655086014529,0.0,0.0,0.03057207148804028,41
11.5,0.03168619484995682,0.007871349192563208,0.00019599512638788954,0.0,0.0,0.030579981275037273,41
11.52,0.03169191786254363,0.00787927940353312,0.0001964934163952849,0.0,0.0,0.030588098671969204,41
11.540000000000001,0.031697648808310754,0.007887093001041855,0.00019699148126117039,0.0,0.0,0.03059641393937381,41
11.56,0.03170337136099066,0.007894789831466634,0.00019748914660335434,0.0,0.0,0.0306049174680699,41
11.58,0.03170906910452773,0.007902369750761837,0.0001979864020097413,0.0,0.0,0.030613599830719943,41
11.6,0.031714725558496915,0.007909832622769238,0.00019848320855803104,0.0,0.0,0.03062245181925973,41
11.620000000000001,0.031720324189960306,0.007917178321061456,0.00019897951597744963,0.0,0.0,0.030631464469155968,41
11.64,0.03172584841339161,0.007924406717457554,0.0001994753609564046,0.0,0.0,0.030640629072044,41
11.66,0.0317312815807998,0.007931517689159024,0.00019997068448495892,0.0,0.0,0.030649937178778886,43
11.68,0.03173660696455471,0.007938511115708187,0.00020046546560494342,0.0,0.0,0.030659380595281754,43
11.700000000000001,0.0317418077356439,0.007945386877722381,0.00020095969059892436,0.0,0.0,0.03066895137376377,43
11.72,0.031746866940164216,0.007952144855309802,0.00020145337925038057,0.0,0.0,0.030678641801955762,43
11.74,0.03175176747677613,0.007958784923943927,0.00020194652619178269,0.0,0.0,0.030688444392862235,43
11.76,0.031756492077633196,0.007965306958008487,0.00020243913079640464,0.0,0.0,0.03069835187730542,43
11.78,0.031761023294963275,0.007971710828052625,0.0002029311601579891,0.0,0.0,0.030708357201145998,43
11.8,0.03176534349504665,0.007977996397805264,0.00020342259584309064,0.0,0.0,0.030718453528587028,43
11.82,0.03176943486084199,0.007984163526538062,0.00020391343290736817,0.0,0.0,0.030728634252419142,43
11.84,0.031773279403987484,0.007990212066928641,0.0002044422608155171,0.0,0.0,0.03073889301148118,43
11.86,0.03177685898638796,0.007996141864230838,0.00020498320774759088,0.0,0.0,0.030749223715028598,43
11.88,0.0317801553511229,0.008001952756275334,0.0002055235168499695,0.0,0.0,0.030759620573156277,43
11.9,0.03178803872835741,0.008007644571674374,0.00020606317450735484,0.0,0.0,0.030770078131942106,43
11.92,0.03179705602276741,0.008013217127076736,0.00020660220747529444,0.0,0.0,0.030780591311589688,43
11.94,0.03180598687362667,0.008018670229589646,0.00020714058257595913,0.0,0.0,0.03079115544556691,43
11.96,0.03181482259408786,0.008024003674785625,0.00020767831702321474,0.0,0.0,0.030801766318573093,43
11.98,0.031823554798845695,0.008029217245707557,0.00020821544401034266,0.0,0.0,0.03081242020112005,43
12.0,0.03183217542375361,0.008034310712019354,0.0002087519414616377,0.0,0.0,0.030823113878576402,43
12.02,0.0318406767376004,0.008039283829205065,0.00020928779795707537,0.0,0.0,0.030833844672687214,43
12.040000000000001,0.031849051344323184,0.008044136337849552,0.0002098230230968294,0.0,0.0,0.030844610453828115,43
12.06,0.03185729217425139,0.008048867963443259,0.00021035871429815037,0.0,0.0,0.03085540964256697,43
12.08,0.031865392463347054,0.008053478414927023,0.00021090712979690898,0.0,0.0,0.03086624119947038,43
12.1,0.03187334571981555,0.00805796738511258,0.00021145495157727054,0.0,0.0,0.03087710460249468,43
12.120000000000001,0.03188176528492227,0.008062334550884684,0.00021200215590436462,0.0,0.0,0.030887999811726338,43
12.14,0.03189152867201976,0.008066579573784404,0.00021254874993758725,0.0,0.0,0.03089892722168072,43
12.16,0.03190119687380649,0.008070702100053413,0.0002130947374382913,0.0,0.0,0.030909887601821187,43
12.18,0.03191076661962064,0.008074701761270798,0.0002136401109793131,0.0,0.0,0.030920882026418746,43
12.200000000000001,0.03192023467548462,0.008078578177250119,0.00021418486541193682,0.0,0.0,0.03093191179532968,43
12.22,0.03193024522448296,0.00808233095751714,0.00021472909208947242,0.0,0.0,0.030942978347714856,43
12.24,0.031941592501261926,0.00808595970443507,0.00021527297582603323,0.0,0.0,0.030954083171146084,43
12.26,0.03195289583186054,0.008089464189689172,0.00021581628745195142,0.0,0.0,0.030965227708922786,43
12.280000000000001,0.03196415376178499,0.008092843844840072,0.00021635904742302228,0.0,0.0,0.03097641326872955,43
12.3,0.03197536448920335,0.008096098260902825,0.00021690126932683026,0.0,0.0,0.030987640935971478,43
12.32,0.03198652577997337,0.008099227043509998,0.00021744297810646977,0.0,0.0,0.030998911495196076,43
12.34,0.031997634893823915,0.0081022298102842,0.0002179842037436454,0.0,0.0,0.031010225362916408,43
12.36,0.03200868852471779,0.008105106197261236,0.00021852500324436855,0.0,0.0,0.031021582534865134,43
12.38,0.032019682757938796,0.00810785595127116,0.00021906540957273912,0.0,0.0,0.031032982550221036,43
12.4,0.032030630601955164,0.00811047877094694,0.00021960542973761788,0.0,0.0,0.031044424474664177,43
12.42,0.03204156518309714,0.00811297427679933,0.00022014518686936117,0.0,0.0,0.031055906903258743,43
12.44,0.032052436057221106,0.00811534222672216,0.0002206848763423398,0.0,0.0,0.031067427983182135,43
12.46,0.03206322594853174,0.00811758242336238,0.0002212243011413459,0.0,0.0,0.031078985455281042,43
12.48,0.03207392792227107,0.008119694713989626,0.00022176347305730208,0.0,0.0,0.03109057671241822,44
12.5,0.0320845345683684,0.008121678995215303,0.0002223024595838288,0.0,0.0,0.031102198871660873,44
12.52,0.03209503807534514,0.008123535218635623,0.00022284823946661455,0.0,0.0,0.031113848856626276,44
12.540000000000001,0.03210543031016007,0.008125263391370801,0.00022339969511888638,0.0,0.0,0.03112552348580215,44
12.56,0.032115702899658545,0.008126863577883517,0.00022395103899260449,0.0,0.0,0.031137219562434433,44
12.58,0.03212584730935898,0.008128335899301231,0.00022450230861533892,0.0,0.0,0.03114893396162916,46
12.6,0.032135854915643275,0.008129680534166897,0.0002250535491707532,0.0,0.0,0.03116066371063097,46
12.620000000000001,0.03214571706797671,0.008130897716455083,0.00022560474169026207,0.0,0.0,0.031172406058778006,46
12.64,0.032155425138505514,0.00813198773491616,0.00022615590354299636,0.0,0.0,0.031184158534332474,46
12.66,0.03216497055721097,0.008132950930293658,0.00022670822934648516,0.0,0.0,0.031195918986189255,46
12.68,0.032174344831669845,0.008133787692488499,0.00022726218231757143,0.0,0.0,0.031207685609304873,46
12.700000000000001,0.03218353955132964,0.008134498457314813,0.00022781640622174937,0.0,0.0,0.031219456953513223,47
12.72,0.03219311644676908,0.00813508370295181,0.00022837093684056965,0.0,0.0,0.031231231916157863,47
12.74,0.032206878760046874,0.008135543946194564,0.000228925861796656,0.0,0.0,0.03124300971963828,47
12.76,0.03222099111031161,0.008135879738601194,0.00022948106013381586,0.0,0.0,0.03125478987552283,47
12.780000000000001,0.03223511899960645,0.008136091662625753,0.0002300365509377977,0.0,0.0,0.03126657213730955,47
12.8,0.03224923866985923,0.00813618034233378,0.00023059233595397352,0.0,0.0,0.03127835644421568,47
12.82,0.03226334987264468,0.008136146397881065,0.00023114840631672604,0.0,0.0,0.03129014285855016,47
12.84,0.032277452404229724,0.008135990480619974,0.00023170476493214446,0.0,0.0,0.03130193149927317,47
12.86,0.032291546037986736,0.00813571326032512,0.00023226141251369276,0.0,0.0,0.031313722474281394,47
12.88,0.032305630457893954,0.00813531542089803,0.00023281834740285446,0.0,0.0,0.031325515813785475,47
12.9,0.03231970519521029,0.008134797656060273,0.0002333755706359957,0.0,0.0,0.03133731140687687,47
12.92,0.032333769570059505,0.00813416066887383,0.00023393313122477304,0.0,0.0,0.03134910894302991,47
12.94,0.03234782263924064,0.008133405168992405,0.00023449110146653242,0.0,0.0,0.03136090785986614,47
12.96,0.03236188853369773,0.008132531870903577,0.00023504937815805015,0.0,0.0,0.03137270729804634,47
12.98,0.032375953206365306,0.008131541492476099,0.00023560795200589914,0.0,0.0,0.03138450606366976,47
13.0,0.03239000194834541,0.00813043475380316,0.00023616685368132344,0.0,0.0,0.03139630259808424,47
13.02,0.032404032386839116,0.008129212376329815,0.00023672611730465705,0.0,0.0,0.0314080949545688,47
13.040000000000001,0.03241804173149558,0.008127875082251814,0.0002372856608311836,0.0,0.0,0.03141988078097386,48
13.06,0.03243202676146133,0.008126423596509594,0.00023784544708241572,0.0,0.0,0.03143165730712038,48
13.08,0.032445983815737024,0.008124858639955886,0.00023840552451539704,0.0,0.0,0.031443421335588605,48
13.1,0.0324599394406697,0.008123180936004266,0.00023896598402209037,0.0,0.0,0.03145516923448788,48
13.120000000000001,0.0324738657312788,0.008121391211966263,0.00023952705011176837,0.0,0.0,0.0314668969308961,48
13.14,0.032487750543130606,0.008119490192048492,0.0002400883444618634,0.0,0.0,0.03147859990388921,49
13.16,0.032501588379262876,0.008117478602361653,0.00024064979513078915,0.0,0.0,0.03149027317643277,49
13.18,0.03251537326082557,0.008115357173302213,0.00024121135502877297,0.0,0.0,0.03150191130585449,49
13.200000000000001,0.03252909871548775,0.008113126640102258,0.0002417730220463116,0.0,0.0,0.03151350837312325,49
13.22,0.032542757765344064,0.00811078774368198,0.00024233482418072063,0.0,0.0,0.03152505797168324,49
13.24,0.032556342915565785,0.008108341232165472,0.00024289662743799082,0.0,0.0,0.031536553197082234,49
13.26,0.03256984614545019,0.00810578786264934,0.0002434586115152924,0.0,0.0,0.03154798663904252,49
13.280000000000001,0.0325832589038028,0.00810312840271698,0.00024402056761657284,0.0,0.0,0.0315593503779041,49
13.3,0.032596572110703145,0.00810036363242778,0.0002445822920301769,0.0,0.0,0.03157063598748653,49
13.32,0.032609776167631804,0.008097494346316994,0.0002451436707522394,0.0,0.0,0.03158183454634392,49
13.34,0.032622860977670344,0.008094521355247141,0.0002457047743722562,0.0,0.0,0.03159293665912183,49
13.36,0.032635815977038116,0.008091445488283944,0.0002462654957113575,0.0,0.0,0.03160393248927862,49
13.38,0.032648630178635854,0.008088267594482383,0.000246825673902403,0.0,0.0,0.0316148118038398,49
13.4,0.032661292227574176,0.008084988544532894,0.00024738515476039566,0.0,0.0,0.031625564030163214,49
13.42,0.032673790467937516,0.00808160923221989,0.00024794392334070493,0.0,0.0,0.03163617832396597,49
13.44,0.03268611301933795,0.008078130575648844,0.00024850189834000865,0.0,0.0,0.03164664364716813,49
13.46,0.032698267986259924,0.008074553518204733,0.00024905953652930177,0.0,0.0,0.03165694885350514,49
13.48,0.03271024220409157,0.008070879029212788,0.0002496170506920858,0.0,0.0,0.03166708277940341,49
13.5,0.032722004762654675,0.00806710810479749,0.0002501735790698995,0.0,0.0,0.031677034337335826,49
13.52,0.032733543764992996,0.00806324176790194,0.00025072898207783125,0.0,0.0,0.031686792608792015,49
13.540000000000001,0.0327448694130105,0.008059281064872515,0.00025128304646739985,0.0,0.0,0.03169634693410461,49
13.56,0.03275596329935321,0.008055227068990966,0.0002518393539581604,0.0,0.0,0.03170568699664552,49
13.58,0.03276679977756408,0.00805108087800141,0.000252402034677237,0.0,0.0,0.031714802899306574,49
13.6,0.03277736830043852,0.008046843612931514,0.000252963279855537,0.0,0.0,0.031723685231663495,49
13.620000000000001,0.03278765882043176,0.008042516416680795,0.0002535231631464612,0.0,0.0,0.03173232512674356,49
13.64,0.032797661833801554,0.00803810045241237,0.0002540836394346289,0.0,0.0,0.031740714306833825,49
13.66,0.03280736841365266,0.008033596901786537,0.00025467138517238876,0.0,0.0,0.03174884511824433,49
13.68,0.032816770232204105,0.008029006963074658,0.00025528911378386695,0.0,0.0,0.03175671055535088,49
13.700000000000001,0.03282585957293269,0.00802433184919056,0.00025591391592148517,0.0,0.0,0.03176430427457519,49
13.72,0.032834629333490226,0.008019572785674296,0.0002565371406307612,0.0,0.0,0.03177162059920447,51
13.74,0.032843073020454576,0.008014731008659943,0.0002571587107248194,0.0,0.0,0.031778654516115105,51
13.76,0.032851184737059384,0.008009807762855392,0.00025777871743616404,0.0,0.0,0.031785401665551036,51
13.780000000000001,0.03285895916506939,0.008004804299557924,0.0002583971307401665,0.0,0.0,0.031791858325128784,51
13.8,0.03286639154193662,0.00799972187472555,0.00025901405553956677,0.0,0.0,0.031798021389210916,51
13.82,0.03287347763430505,0.007994561747119888,0.00025962951620580677,0.0,0.0,0.03180388834472126,51
13.84,0.03288021370883559,0.007989325176532822,0.00026024311999645527,0.0,0.0,0.03180945724438101,51
13.86,0.03288659650121355,0.007984013422105765,0.0002608548465101466,0.0,0.0,0.0318147266782343,51
13.88,0.032892623184083994,0.00797862774074733,0.0002614668093444086,0.0,0.0,0.031819695744216274,51
13.9,0.03289829133454325,0.007973169385652753,0.0002620858817734396,0.0,0.0,0.03182436401839957,51
13.92,0.03290359890170436,0.00796911162294681,0.00026270346488751963,0.0,0.0,0.031828731525444624,51
13.94,0.03290854417475026,0.007965176196628286,0.00026331916111550145,0.0,0.0,0.03183279870967629,51
13.96,0.03291312575179701,0.00796116748607796,0.0002639328911862203,0.0,0.0,0.03183656640711726,51
13.98,0.03291734250980724,0.007957463785145094,0.0002645446192327745,0.0,0.0,0.03184003581872743,51
14.0,0.032921193575725066,0.007955559902079821,0.0002651544997248523,0.0,0.0,0.0318432084850296,51
14.02,0.03292467829894442,0.007955078082080024,0.0002657623433180888,0.0,0.0,0.03184608626224267,51
14.040000000000001,0.032927852116908005,0.007954507624161614,0.0002663681409675912,0.0,0.0,0.03184867129999583,51
14.06,0.03293067925637071,0.007953849836509163,0.0002669718068416846,0.0,0.0,0.031850966020657956,51
14.08,0.03293313946861225,0.0079531060370771,0.0002675732922071648,0.0,0.0,0.03185297310028528,51
14.1,0.0329352327455752,0.007952277534974265,0.00026817256437431465,0.0,0.0,0.03185469545116681,51
14.120000000000001,0.032936959185008816,0.007951365625321928,0.0002687699186186527,0.0,0.0,0.03185613620592866,51
14.14,0.0329383189711641,0.007950371608064156,0.00026936509395767647,0.0,0.0,0.03185729870314535,51
14.16,0.03293931235669112,0.007949296749812238,0.0002699580019902674,0.0,0.0,0.0318581864743969,51
14.18,0.03293993964566208,0.007948142291468188,0.00027054856393174257,0.0,0.0,0.03185880323270514,51
14.200000000000001,0.03294020117764052,0.00794690947170352,0.0002711367807727177,0.0,0.0,0.03185915286227856,52
14.22,0.03294009731271656,0.007945599514566012,0.0002717283437051044,0.0,0.0,0.03185923940949447,52
14.24,0.03293962841742843,0.00794421362798366,0.00027232449637023013,0.0,0.0,0.03185906707504662,52
14.26,0.03293879485149386,0.007942753005986443,0.00027291842546587936,0.0,0.0,0.03185864020718838,52
14.280000000000001,0.03293759695527659,0.007941218822166068,0.0002735102130401328,0.0,0.0,0.03185796329600245,52
14.3,0.032936035037918934,0.007939612232174695,0.0002741053237184262,0.0,0.0,0.031857040968631255,52
14.32,0.03293410936607486,0.007937934375158693,0.0002747013748698035,0.0,0.0,0.03185587798540406,53
14.34,0.03293182015318358,0.007936186372690385,0.0002752953122035693,0.0,0.0,0.03185447923679918,53
14.36,0.032929167549229435,0.007934369328240987,0.00027588710125320276,0.0,0.0,0.03185284974118224,53
14.38,0.03292615163093946,0.007932484326934271,0.00027647668471089074,0.0,0.0,0.03185099464326265,53
14.4,0.03292277239237657,0.007930532435354793,0.0002770640472594906,0.0,0.0,0.03184891921321241,53
14.42,0.03291902973589267,0.007928514701377088,0.00027765136123713137,0.0,0.0,0.03184662884639097,53
14.44,0.03291492346341379,0.007926432154012996,0.0002782459124083786,0.0,0.0,0.03184412906362134,53
14.46,0.032910453268036176,0.00792428580384566,0.00027883832487561697,0.0,0.0,0.03184142551195992,53
14.48,0.03290561872592095,0.007922076641540878,0.0002794285588367054,0.0,0.0,0.03183852396590203,53
14.5,0.03290041928848371,0.007919805638404788,0.0002800166096571603,0.0,0.0,0.03183543032896143,53
14.52,0.032894854274885095,0.00791747374675089,0.00028060252741030035,0.0,0.0,0.03183215063555807,53
14.540000000000001,0.032888944807791046,0.007915081906685495,0.0002811865246020346,0.0,0.0,0.03182869105314283,53
14.56,0.03288442720748845,0.007912631024693913,0.00028176830935608773,0.0,0.0,0.03182505788448131,53
14.58,0.03288012691409172,0.00791012199413961,0.00028234786066992076,0.0,0.0,0.03182125757000975,53
14.6,0.03287554248703014,0.007907555689080992,0.0002829251591722957,0.0,0.0,0.031817296690166745,53
14.620000000000001,0.0328706759313063,0.007904932963812488,0.00028350021458454675,0.0,0.0,0.03181318196759175,53
14.64,0.032865529212133364,0.0079022546545529,0.0002840730595676053,0.0,0.0,0.0318089202690687,53
14.66,0.032860786039253305,0.007899521574655587,0.00028464401272214026,0.0,0.0,0.031804518607076324,55
14.68,0.032857332010347934,0.007896734527953869,0.0002852128115845255,0.0,0.0,0.03179998414079076,55
14.700000000000001,0.03285368440009159,0.007893894287666367,0.00028577929818075705,0.0,0.0,0.03179532417636595,55
14.72,0.0328498482072765,0.007891001599733794,0.0002863494436310004,0.0,0.0,0.031790546166297444,55
14.74,0.032845828487838256,0.00788805719918122,0.0002869317246563372,0.0,0.0,0.03178565770765339,55
14.76,0.03284163034783537,0.007885061800449967,0.00028751524179324196,0.0,0.0,0.03178066653893448,55
14.780000000000001,0.03283726149519495,0.007882016096045143,0.00028809675369895465,0.0,0.0,0.03177558053530244,55
14.8,0.03283275995259295,0.007878920759470633,0.0002886762537970432,0.0,0.0,0.031770407701896035,55
14.82,0.03282809568378131,0.007875776443918152,0.000289253744712284,0.0,0.0,0.03176515616493546,55
14.84,0.03282327388485676,0.00787258378226084,0.00028983134153063434,0.0,0.0,0.031759834160301724,55
14.86,0.03281829973332009,0.007869343387065898,0.00029041716668505086,0.0,0.0,0.03175445001927065,55
14.88,0.03281317836538078,0.007866055850630414,0.0002910011754846668,0.0,0.0,0.03174901215108156,55
14.9,0.03280791484952352,0.007862721745045048,0.0002916085625411358,0.0,0.0,0.03174352902203473,55
14.92,0.03280251415604706,0.007859341622290848,0.00029221845045661424,0.0,0.0,0.03173800913083816,55
14.94,0.0327969811223319,0.007855916014374858,0.00029282651892884937,0.0,0.0,0.03173246097997068,55
14.96,0.03279132041366117,0.007852445433510716,0.0002934327680480154,0.0,0.0,0.031726893042895304,55
14.98,0.03278553647950952,0.007848930372350809,0.00029403719144918325,0.0,0.0,0.03172131372704729,55
15.0,0.0327796335053338,0.007845371304276691,0.0002946398196054771,0.0,0.0,0.03171573133263943,55
15.02,0.03277361536004423,0.007841768683754736,0.00029524067070956406,0.0,0.0,0.03171015400747103,55
15.040000000000001,0.03276748553950732,0.007838122946763705,0.00029583975464570194,0.0,0.0,0.03170458969809896,55
15.06,0.0327612471066278,0.007834434511300736,0.0002964370147998737,0.0,0.0,0.03169904609792293,55
15.08,0.03275490262877213,0.007830703777971447,0.00029703245583257326,0.0,0.0,0.031693530592950964,55
15.1,0.032748454113520536,0.007826931130669065,0.00029762608275647203,0.0,0.0,0.03168805020623276,55
15.120000000000001,0.03274190294395841,0.007823116937346034,0.00029821790984142375,0.0,0.0,0.031682611542169094,55
15.14,0.032735249814926,0.007819261551740283,0.0002988079527528164,0.0,0.0,0.03167722073210927,55
15.16,0.0327284946718229,0.007815365322288576,0.00029939620519698116,0.0,0.0,0.03167188338282083,55
15.18,0.0327216366536917,0.007811428564713759,0.00029998768400654567,0.0,0.0,0.03166660452953669,55
15.200000000000001,0.03271467404237162,0.007807451595292434,0.0003005814442210026,0.0,0.0,0.03166138859534264,55
15.22,0.03270760421949888,0.007803434715079894,0.0003011735091381053,0.0,0.0,0.03165623935864353,55
15.24,0.03270042363303239,0.007799378216757684,0.0003017638892674886,0.0,0.0,0.03165115993033472,55
15.26,0.032693127774793274,0.007795282385874471,0.00030235259437585125,0.0,0.0,0.031646152742099865,55
15.280000000000001,0.03268571117023065,0.007791147501935902,0.00030293963658915325,0.0,0.0,0.03164121954696008,55
15.3,0.03267816738127342,0.007786973837962105,0.00030352503853514417,0.0,0.0,0.03163636143282455,55
15.32,0.032670489022716284,0.007782761663303012,0.0003041088087361202,0.0,0.0,0.03163157884935377,55
15.34,0.0326626677921393,0.007778511244899527,0.00030469097037071,0.0,0.0,0.031626871647967306,55
15.36,0.03265469451290144,0.007774222848388617,0.0003052715270208954,0.0,0.0,0.03162223913433332,55
15.38,0.032646559189306014,0.0077698967393230005,0.0003058504950682674,0.0,0.0,0.03161768013219477,55
15.4,0.03263825107263624,0.007765533190611113,0.0003064278914427146,0.0,0.0,0.03161319305694395,55
15.42,0.03262975873642802,0.007761132465602575,0.00030700373579727763,0.0,0.0,0.03160877599697767,55
15.44,0.03262348102179181,0.007756694834865232,0.0003075780478263988,0.0,0.0,0.03160442680056679,55
15.46,0.03261760185151032,0.007752220573473616,0.0003081508407268602,0.0,0.0,0.031600143165775335,55
15.48,0.03261162677010899,0.007747709960606817,0.00030872213250119317,0.0,0.0,0.03159592273086798,55
15.5,0.032605547500698495,0.007743163279897342,0.0003092919495822475,0.0,0.0,0.031591763162655495,55
15.52,0.032599355628498444,0.007738580819599586,0.00030986042008377876,0.0,0.0,0.03158766224033963,55
15.540000000000001,0.032593042667147576,0.007733962872579181,0.00031042743601978766,0.0,0.0,0.031583617932618366,55
15.56,0.0325866001163622,0.007729309738518589,0.00031099301174254587,0.0,0.0,0.03157962846608822,55
15.58,0.032580019509448846,0.007724621717046916,0.00031155716038179455,0.0,0.0,0.031575692383309775,55
15.6,0.03257329244957189,0.007719899112490749,0.0003121198909704383,0.0,0.0,0.031571808589268856,55
15.620000000000001,0.03256641063409292,0.007715142232742451,0.00031268121211479587,0.0,0.0,0.03156797638534977,55
15.64,0.03255936586672148,0.007710351387881293,0.00031324141909336913,0.0,0.0,0.03156419549032218,55
15.66,0.03255215005763348,0.007706670440480139,0.00031380593353346945,0.0,0.0,0.03156046604821753,55
15.68,0.03254475521211536,0.007706567680816505,0.00031436918584171853,0.0,0.0,0.03155678862332496,55
15.700000000000001,0.03253717340867646,0.0077064200351176365,0.00031493278754039794,0.0,0.0,0.03155316418286726,55
15.72,0.03253073467927904,0.007706227744623746,0.00031550975492600697,0.0,0.0,0.03154959406821966,55
15.74,0.032525661452105725,0.007705991050615821,0.0003160855825135299,0.0,0.0,0.03154607995580998,55
15.76,0.032520497889276606,0.007705710192339963,0.0003166602671306706,0.0,0.0,0.03154262380908411,55
15.780000000000001,0.03251524084957123,0.007705385398970257,0.0003172338091463532,0.0,0.0,0.03153922782313521,55
15.8,0.032509887167569,0.007709564078697216,0.00031780619829888644,0.0,0.0,0.03153589436376916,55
15.82,0.03250443358806297,0.007714675331705014,0.0003184001485034227,0.0,0.0,0.03153262590290516,55
15.84,0.03249887670042767,0.0077197234313348875,0.0003189959747336456,0.0,0.0,0.03152942495227397,55
15.860000000000001,0.03249575820844938,0.007724708441959278,0.00031959060834392175,0.0,0.0,0.0315262939973631,55
15.88,0.032492955654057,0.007729630422737022,0.00032018402321195406,0.0,0.0,0.031523235433453575,55
15.9,0.03249016191041896,0.007734489427182417,0.00032077622058259385,0.0,0.0,0.03152025150538807,55
15.92,0.032487377333605905,0.007739285502526117,0.00032136716314239106,0.0,0.0,0.03151734425240293,55
15.94,0.03248460197426701,0.007744018688959651,0.0003219568524940079,0.0,0.0,0.03151451545895751,55
15.96,0.03248183553247461,0.007748689020666483,0.0003225452908864827,0.0,0.0,0.031511766612025906,55
15.98,0.03247907731881686,0.007753296521373168,0.00032313830942290526,0.0,0.0,0.03150909886481521,55
16.0,0.032476326221196804,0.007757841206864644,0.00032373833734961424,0.0,0.0,0.031506513006387696,55
16.02,0.032473580676376616,0.007762323085789039,0.00032433715527669966,0.0,0.0,0.03150400943624403,55
16.04,0.03247083864500235,0.0077667421574673145,0.00032493474955518,0.0,0.0,0.031501588142621544,55
16.06,0.0324680975887027,0.0077710984138359045,0.0003255311079875847,0.0,0.0,0.03149924868311792,55
16.080000000000002,0.032465354447895674,0.007775391838321496,0.00032612621686857766,0.0,0.0,0.03149699016629047,55
16.1,0.032462605619169964,0.007779622407039793,0.00032672006713750363,0.0,0.0,0.031494811233111035,55
16.12,0.03245984693150769,0.007783790089838218,0.00032731265227762044,0.0,0.0,0.03149271003755432,55
16.14,0.032457104234272026,0.007787894850820333,0.0003279039685292145,0.0,0.0,0.03149068422612627,55
16.16,0.032454380749317974,0.007792179515465116,0.00032849401635520335,0.0,0.0,0.03148873091673677,55
16.18,0.032451631523250875,0.0077972925321297066,0.00032908280012223053,0.0,0.0,0.03148684667792612,55
16.2,0.03244884985950371,0.007802331339154779,0.00032967033460375877,0.0,0.0,0.03148502750999171,55
16.22,0.03244602837129449,0.007807295693428012,0.0003302566258864318,0.0,0.0,0.0314832688299766,55
16.240000000000002,0.03244317350233463,0.00781260116030424,0.000330841688043405,0.0,0.0,0.0314815654627198,55
16.26,0.03244027995003443,0.007818376624754526,0.0003314255206785092,0.0,0.0,0.03147991164020851,55
16.28,0.03243732032976586,0.007824063492304828,0.0003320081489632161,0.0,0.0,0.03147830101130214,55
16.3,0.03243428443471155,0.007829661394083351,0.0003325895928805573,0.0,0.0,0.0314767266635348,55
16.32,0.03243116139172687,0.007835805912560851,0.00033316986828403524,0.0,0.0,0.03147518115817605,55
16.34,0.0324279397029532,0.00784253396975852,0.00033374899103202254,0.0,0.0,0.031473656579086705,55
16.36,0.032424607300889835,0.007850501189230431,0.0003343269844495368,0.0,0.0,0.03147214459519771,55
16.38,0.032421151616049325,0.00785835550132136,0.00033490387285892967,0.0,0.0,0.03147063653572398,55
16.4,0.032417559655644454,0.007866096957197732,0.0003354796811585303,0.0,0.0,0.03146912347655303,55
16.42,0.03241381809117048,0.007873725649232489,0.0003360544598579335,0.0,0.0,0.03146759633566925,55
16.44,0.03240991335229185,0.007881241714975274,0.0003366282227449376,0.0,0.0,0.031466045975026294,55
16.46,0.03240583172414608,0.007888645336901012,0.00033720098714668076,0.0,0.0,0.031464463305989746,55
16.48,0.032401559445054434,0.00789593674202082,0.0003377727793699439,0.0,0.0,0.03146283939535507,55
16.5,0.03239708280167937,0.007903116201263305,0.00033834362089558485,0.0,0.0,0.03146116556900171,55
16.52,0.0323923882188824,0.007910184028403485,0.00033891353134227436,0.0,0.0,0.031459433510462355,55
16.54,0.032387462341886206,0.007917140578569893,0.0003394825300767531,0.0,0.0,0.031457635352040006,55
16.56,0.0323822921088014,0.007923986246369658,0.0003400506440176366,0.0,0.0,0.03145576375656464,56
16.580000000000002,0.032376864812098914,0.007930721464955687,0.00034061788517078393,0.0,0.0,0.03145381198840196,56
16.6,0.03237116814815322,0.007937346700964831,0.00034118427151149424,0.0,0.0,0.031451773972870536,56
16.62,0.03236519025451238,0.007943862452134739,0.0003417498193169447,0.0,0.0,0.03144964434375188,56
16.64,0.03235891973503285,0.007950269246038463,0.0003423241328424053,0.0,0.0,0.03144741847905561,56
16.66,0.03235234567342871,0.007957498447064892,0.0003428989870082283,0.0,0.0,0.03144509252560795,56
16.68,0.032345457636109985,0.007965034383543344,0.00034348150272109395,0.0,0.0,0.03144266341334895,57
16.7,0.032338245665418965,0.00797245237700921,0.00034406601654588144,0.0,0.0,0.03144012886044915,57
16.72,0.032330700264519625,0.007979753071037763,0.0003446499338565478,0.0,0.0,0.03143748737049071,57
16.740000000000002,0.032322832280544216,0.00798693711859458,0.0003452332635515631,0.0,0.0,0.03143473822301161,57
16.76,0.03231462684264297,0.007994005178990116,0.0003458160588729037,0.0,0.0,0.03143188145869668,57
16.78,0.03230606214731475,0.008000957915366121,0.00034640928065203584,0.0,0.0,0.03142891786042962,57
16.8,0.03229714449754532,0.008007795990908418,0.0003470021193396473,0.0,0.0,0.03142584893131256,57
16.82,0.03228787254242715,0.008014520067391617,0.000347594582434816,0.0,0.0,0.03142267687062532,57
16.84,0.032278218586584945,0.008021130800191676,0.00034818667778945114,0.0,0.0,0.031419404548548496,57
16.86,0.032268175504496864,0.008027628840428173,0.0003487784207715395,0.0,0.0,0.03141603548032227,57
16.88,0.03225777018675025,0.008034014824868447,0.0003493698301067896,0.0,0.0,0.031412573800361866,57
16.9,0.03224696259543607,0.008040289379960418,0.00034996089798872913,0.0,0.0,0.031409024236707855,57
16.92,0.03223574562906401,0.008046453118575199,0.0003505520308401824,0.0,0.0,0.031405392086056125,57
16.94,0.03222411269220724,0.00805250663886598,0.00035114375246795263,0.0,0.0,0.031401683189491075,57
16.96,0.03221419911593265,0.008058450518936215,0.0003517352021301983,0.0,0.0,0.03139790390893695,57
16.98,0.03220464085069788,0.00806428531679651,0.00035232698105585204,0.0,0.0,0.03139406110424547,57
17.0,0.032194769941763055,0.008070011569795003,0.00035291850767090247,0.0,0.0,0.03139016211075272,57
17.02,0.032184584845395145,0.008075629792211865,0.0003535100193924454,0.0,0.0,0.03138621471706574,57
17.04,0.03217408407493362,0.008081140473798236,0.0003541064522718851,0.0,0.0,0.031382227142776116,57
17.06,0.03216326616306672,0.00809038879299059,0.0003547027952675219,0.0,0.0,0.03137820801574782,57
17.080000000000002,0.03215393519161922,0.008100421495544071,0.0003552990698390235,0.0,0.0,0.03137416634858727,57
17.1,0.03214451829274353,0.008110332257921592,0.00035589529806473946,0.0,0.0,0.0313701115138787,57
17.12,0.03213484353818026,0.008120121249412507,0.0003564914946841536,0.0,0.0,0.031366053217757386,57
17.14,0.032124911466596726,0.008129788607296918,0.00035708768148552564,0.0,0.0,0.03136200147140229,57
17.16,0.03211472252028327,0.008139334432670287,0.00035768389236070835,0.0,0.0,0.031357966560058605,57
17.18,0.03210427699974336,0.008148758790925116,0.00035828015002667505,0.0,0.0,0.0313539590092548,57
17.2,0.032093575015859924,0.008158061712211976,0.0003588764724034043,0.0,0.0,0.031349989547960956,57
17.22,0.03208261643974958,0.00816724318994279,0.00035947542093159925,0.0,0.0,0.0313460690685474,57
17.240000000000002,0.0320714008506029,0.0081763031803135,0.00036007499752317625,0.0,0.0,0.03134220858354622,58
17.26,0.03206003171810352,0.00818524160199988,0.00036067476513996973,0.0,0.0,0.03133841917939216,58
17.28,0.03205108792938216,0.008194058336932241,0.0003612747505195158,0.0,0.0,0.03133471196751888,58
17.3,0.03204462256375078,0.008202753228360034,0.0003618749785536999,0.0,0.0,0.03133109803340304,58
17.32,0.03203827172172905,0.008211326081808969,0.000362489258798626,0.0,0.0,0.03132758838436895,58
17.34,0.03203188423603995,0.00821977666667445,0.00036312305372622694,0.0,0.0,0.03132419389717285,58
17.36,0.03202546565111257,0.008228104716259106,0.0003637573438632077,0.0,0.0,0.03132092526655527,58
17.38,0.032019021089057645,0.008236309930188286,0.0003643921798443373,0.0,0.0,0.03131779295605948,58
17.400000000000002,0.03201255519458277,0.008244391971437667,0.00036503238416085276,0.0,0.0,0.031314807152436015,58
17.42,0.032006072084241124,0.00825235047087824,0.00036568675197834564,0.0,0.0,0.0313119777248709,58
17.44,0.031999575301039314,0.008260185028725891,0.000366341621789842,0.0,0.0,0.03130931419007061,58
17.46,0.03199306777510713,0.008267895215669672,0.00036699703897952727,0.0,0.0,0.031306825683912395,58
17.48,0.03198655179070099,0.00827548057377746,0.00036765301799877317,0.0,0.0,0.03130452093993557,58
17.5,0.03198002895930289,0.008282940619669556,0.000368309592057883,0.0,0.0,0.03130240827443839,58
17.52,0.03197350019803382,0.008290274847115524,0.000368966782382053,0.0,0.0,0.03130049557740112,58
17.54,0.0319669657120807,0.008297482725940993,0.0003696258796613205,0.0,0.0,0.0312987903079358,59
17.56,0.03196042497939947,0.008304563707308199,0.0003702868453916501,0.0,0.0,0.031297299492527214,59
17.580000000000002,0.03195387673566538,0.008311517224998191,0.00037094846251806417,0.0,0.0,0.03129602972403787,59
17.6,0.031947318957336976,0.00831834269769314,0.0003716107392775994,0.0,0.0,0.03129498715934642,59
17.62,0.03194074884081868,0.00832503953138504,0.0003722736642814061,0.0,0.0,0.03129417751360739,59
17.64,0.0319341627760466,0.008331607121891037,0.00037293720845473773,0.0,0.0,0.031293606049459716,59
17.66,0.031927556313372275,0.008338044857498178,0.00037360134619732026,0.0,0.0,0.031293277560060985,60
17.68,0.03192092412333309,0.008344352122038415,0.0003742660521263636,0.0,0.0,0.031293196345535235,60
17.7,0.03191425994972076,0.00835052829757351,0.0003749313399069649,0.0,0.0,0.03129336618324181,60
17.72,0.031907556557218164,0.008356572766787312,0.0003755971136419215,0.0,0.0,0.0312937902931246,60
17.740000000000002,0.031901772215875715,0.008362484917697867,0.0003762632795179411,0.0,0.0,0.03129447130021255,60
17.76,0.03189882762499355,0.008368264146919997,0.0003769297596688902,0.0,0.0,0.031295411197036896,60
17.78,0.031895935142156114,0.008373909863982194,0.00037759646514786403,0.0,0.0,0.03129661130924465,60
17.8,0.031893087400886366,0.008379421492398757,0.0003782633018174289,0.0,0.0,0.03129807226796644,60
17.82,0.03189027598529322,0.00838479847692225,0.00037893016195562716,0.0,0.0,0.03129979399251098,60
17.84,0.03188749141230796,0.008390040287657625,0.00037959691894737463,0.0,0.0,0.03130177568669106,60
17.86,0.031884723130040586,0.008395146422049362,0.0003802634416140675,0.0,0.0,0.0313040158515537,60
17.88,0.0318819595343307,0.008400116413663151,0.0003809296227151234,0.0,0.0,0.03130651231652258,60
17.900000000000002,0.031879188004647424,0.008404949822960639,0.00038159563963765413,0.0,0.0,0.03130926229001991,60
17.92,0.03187639495947254,0.008409646255007907,0.0003822624403761609,0.0,0.0,0.03131226242959124,60
17.94,0.03187356593026144,0.008414205356141244,0.0003829284265543324,0.0,0.0,0.03131550893049012,60
17.96,0.03187257710370155,0.008418626818137927,0.0003835934380676868,0.0,0.0,0.031318997630673015,60
17.98,0.03187174464848283,0.008422910379676758,0.00038425733005699404,0.0,0.0,0.03132272412928148,60
18.0,0.031870897962324375,0.008427055827761992,0.00038491994371733616,0.0,0.0,0.0313266839150086,60
18.02,0.03187253347193665,0.008431062997927072,0.0003855811084840267,0.0,0.0,0.03133087250029632,60
18.04,0.031874301793212635,0.008434931773129947,0.0003862406757152419,0.0,0.0,0.03133528555710344,60
18.06,0.031876116746594726,0.008438662084720532,0.00038689849110428397,0.0,0.0,0.031339919050013904,60
18.080000000000002,0.03187796778207225,0.008442253910662074,0.00038755442843154135,0.0,0.0,0.031344769362690025,60
18.1,0.031880645996099535,0.00844570727305719,0.0003882083552117299,0.0,0.0,0.031349833414076024,60
18.12,0.031884591029496784,0.008449022236524653,0.000388860131287881,0.0,0.0,0.03135510876127097,60
18.14,0.03188860938005528,0.008452198904821177,0.0003895096387498973,0.0,0.0,0.031360593686568426,60
18.16,0.0318942443225493,0.008455237435842568,0.0003901567766737235,0.0,0.0,0.031366287266752654,60
18.18,0.0319010033478588,0.00845813799557898,0.00039080145889086875,0.0,0.0,0.03137218942331175,60
18.2,0.031907918198806,0.008460900776128431,0.0003914435989423606,0.0,0.0,0.031378300952746845,60
18.22,0.031914988293785744,0.008463525999587974,0.00039208310421395766,0.0,0.0,0.03138462353660593,60
18.240000000000002,0.031922213842932735,0.008466013908460366,0.0003927199220076768,0.0,0.0,0.031391159731245906,60
18.26,0.03192959581393574,0.00846836476368366,0.00039335398454318736,0.0,0.0,0.03139791293762816,60
18.28,0.03193713587822144,0.008470578838565413,0.00039398524440009783,0.0,0.0,0.03140488735169358,60
18.3,0.031944836338238435,0.008472656416488488,0.00039461449658760215,0.0,0.0,0.0314120878960559,60
18.32,0.03195270003673775,0.00847459778405878,0.00039524121934833106,0.0,0.0,0.031419520133917724,60
18.34,0.03196073024910051,0.00847640323047321,0.0003958650035764415,0.0,0.0,0.03142719016626941,60
18.36,0.03196893055992983,0.008478073042859734,0.0003964858397835746,0.0,0.0,0.0314351045135967,60
18.38,0.031977304725311635,0.008479607504899251,0.0003971039783721613,0.0,0.0,0.03144326998351154,60
18.400000000000002,0.03198585652237441,0.008481006895142735,0.00039771920308128274,0.0,0.0,0.031451693525945734,60
18.42,0.031994589588041585,0.008482271484728084,0.00039833147735858146,0.0,0.0,0.03146038207781072,60
18.44,0.032003507249173155,0.008483401538373703,0.00039894082188279725,0.0,0.0,0.03146934239932951,60
18.46,0.03201261234662453,0.008484397315169295,0.0003995472652028286,0.0,0.0,0.031478580904577606,60
18.48,0.03202190705609566,0.008485259056290622,0.0004001508280522789,0.0,0.0,0.031488103489113836,60
18.5,0.03203139270897631,0.008485986989748463,0.0004007671229738845,0.0,0.0,0.031497915357913416,60
18.52,0.03204106961668887,0.008486581341580887,0.00040139399944944605,0.0,0.0,0.03150802085710869,60
18.54,0.032050936902251706,0.008487042329157854,0.00040201826781738066,0.0,0.0,0.03151842331326183,60
18.56,0.03206099234290849,0.008487370163981201,0.0004026399678711329,0.0,0.0,0.031529124884011786,60
18.580000000000002,0.032071232227657065,0.008487565057688719,0.0004032591808757199,0.0,0.0,0.03154012642392046,60
18.6,0.03208165123335097,0.008487627215366533,0.0004038760464651397,0.0,0.0,0.03155142736917576,60
18.62,0.032092242322723556,0.00848755684505205,0.0004044904375249963,0.0,0.0,0.031563025644476536,60
18.64,0.032102996667202836,0.008487354158546666,0.00040510239994371433,0.0,0.0,0.031574917594932694,60
18.66,0.032115691556802065,0.008487019377863657,0.0004057119793453267,0.0,0.0,0.031587097945175335,60
18.68,0.03212876521504851,0.008487167672584527,0.00040632290441419466,0.0,0.0,0.03159955978711893,60
18.7,0.032142030038795455,0.0084890824738259,0.00040695418973436874,0.0,0.0,0.03161229459698424,60
18.72,0.032155472248165826,0.008490848664696198,0.00040758328532615457,0.0,0.0,0.03162529228132475,60
18.740000000000002,0.03216907640759231,0.00849246622523757,0.0004082339107152707,0.0,0.0,0.03163854125094309,60
18.76,0.032182825519371905,0.008493935173924879,0.0004088872782090806,0.0,0.0,0.031652028520782,60
18.78,0.03219670114080866,0.008495255572534954,0.0004095386670957701,0.0,0.0,0.0316657398331611,61
18.8,0.0322107105245435,0.008496427530652509,0.00041018808418160035,0.0,0.0,0.0316796598011363,61
18.82,0.032224808289242256,0.008497451209714384,0.00041083577396531666,0.0,0.0,0.031693772068298216,61
18.84,0.032238970153552045,0.008498326826505111,0.0004114815319454763,0.0,0.0,0.03170805948101189,61
18.86,0.03225317342273084,0.008499054656031778,0.0004121253580860946,0.0,0.0,0.031722504268931,61
18.88,0.032267394776542765,0.008499635033723427,0.00041276726135194353,0.0,0.0,0.03173708822959047,61
18.900000000000002,0.03228161045310254,0.00850006835691975,0.0004134072545012808,0.0,0.0,0.03175179291297995,61
18.92,0.03229579643066668,0.008500355085634135,0.0004140453200497406,0.0,0.0,0.03176659980221043,61
18.94,0.032309928604167565,0.008500495742596554,0.0004146814689214979,0.0,0.0,0.03178149048668727,61
18.96,0.03232398295370553,0.00850070942184192,0.0004153157205885559,0.0,0.0,0.031796446824575074,61
18.98,0.032340698611100026,0.008502262522604461,0.0004159480780657933,0.0,0.0,0.03181145109175875,61
19.0,0.03235767035871737,0.008503647713278831,0.00041657853632510886,0.0,0.0,0.031826486114953624,61
19.02,0.032374632041262535,0.008504865789999294,0.000417207100636971,0.0,0.0,0.03184153538707291,61
19.04,0.0323915669495782,0.008505917613677234,0.000417833762090277,0.0,0.0,0.03185658316341268,61
19.06,0.032408459186060036,0.008506804098738226,0.00041845853053445716,0.0,0.0,0.031871614537648064,61
19.080000000000002,0.03242529371888043,0.008507526218312899,0.0004190814550222061,0.0,0.0,0.03188661549704684,61
19.1,0.032442056415100035,0.008508084988024724,0.0004197025133716378,0.0,0.0,0.03190157295669254,61
19.12,0.03245873405280526,0.008508481471031384,0.0004203217053332168,0.0,0.0,0.03191647477287167,61
19.14,0.03247531431275442,0.008508716762200351,0.0004209390432522382,0.0,0.0,0.031931309736122515,61
19.16,0.032491785750346676,0.008508791993858717,0.000421554548919326,0.0,0.0,0.031946067544771674,62
19.18,0.03250813774905126,0.008508708327689197,0.0004221684897724146,0.0,0.0,0.03196073876010573,62
19.2,0.03252436045675856,0.008508466949633448,0.000422780673107026,0.0,0.0,0.031975314744647765,63
19.22,0.032540444706842905,0.008508069067635972,0.0004233910898172834,0.0,0.0,0.03198978758533418,63
19.240000000000002,0.03255638192606217,0.008507515908364682,0.0004239997743894396,0.0,0.0,0.03200415000372134,63
19.26,0.03257216403176034,0.008506808713905767,0.00042460673995715177,0.0,0.0,0.032018395255690495,64
19.28,0.032587783321176476,0.008505948739395008,0.00042521199955812414,0.0,0.0,0.03203251702345553,64
19.3,0.03260323235598222,0.008504937251130527,0.00042581784619479245,0.0,0.0,0.03204650930299495,64
19.32,0.03261850384544923,0.00850377552516763,0.00042642223219667706,0.0,0.0,0.03206036629030703,64
19.34,0.032633590531855335,0.008502464846384405,0.0004270252836908043,0.0,0.0,0.03207408227009341,64
19.36,0.032648485081843044,0.008501006508600934,0.0004276273092429025,0.0,0.0,0.03208765151057819,64
19.38,0.032663179987409204,0.008499401813652652,0.00042822786068694683,0.0,0.0,0.03210106816813423,64
19.400000000000002,0.03267766748000118,0.008497652073270306,0.00042882989321673,0.0,0.0,0.03211432620518183,64
19.42,0.03269193946080159,0.008495758604705674,0.000429460166405648,0.0,0.0,0.03212741932443082,64
19.44,0.032705990895106236,0.008493722736342156,0.00043008892396407194,0.0,0.0,0.03214034092194841,64
19.46,0.03271984191177828,0.008491545808727064,0.0004307161932513088,0.0,0.0,0.03215308406076861,64
19.48,0.032733483070564715,0.008489229187258258,0.00043134202659336524,0.0,0.0,0.032165641465853684,64
19.5,0.03274688906936268,0.008486774275790714,0.00043196653385427767,0.0,0.0,0.03217800554023053,64
19.52,0.032760033432618525,0.008484182402154957,0.00043259369085342237,0.0,0.0,0.03219016840112825,64
19.54,0.03277290573350716,0.008481454961253004,0.0004332246583312118,0.0,0.0,0.03220212193401832,64
19.56,0.032785495281011254,0.008478593399518196,0.0004338544717911446,0.0,0.0,0.03221385786167642,64
19.580000000000002,0.03279779119579577,0.00847559911974782,0.0004344831613598091,0.0,0.0,0.03222536782481052,64
19.6,0.03280978249379078,0.008472473554214745,0.00043511074745469243,0.0,0.0,0.0322366434704658,64
19.62,0.032821458173612886,0.008469218163563818,0.0004357372777565024,0.0,0.0,0.03224767654434051,64
19.64,0.032832823739269094,0.008465834425315389,0.00043636275368366694,0.0,0.0,0.03225845898330883,64
19.66,0.032843861605591815,0.008462323941660091,0.0004369871964870402,0.0,0.0,0.03226898300481326,64
19.68,0.032854551720135974,0.00845868824385442,0.00043761062484251844,0.0,0.0,0.0322792411903078,64
19.7,0.032864883843391056,0.008454928720124124,0.00043823305277987726,0.0,0.0,0.032289226560543824,64
19.72,0.032874848098874664,0.00845104692027737,0.0004388621946567202,0.0,0.0,0.032298932641137375,64
19.740000000000002,0.03288443502250901,0.00844704484856128,0.0004394935605667226,0.0,0.0,0.032308353517486135,64
19.76,0.032893635600841985,0.00844292358081735,0.00044012418765879916,0.0,0.0,0.032317483878678985,64
19.78,0.03290244129823844,0.008438684673254478,0.00044075412757426627,0.0,0.0,0.0323263190505307,64
19.8,0.032910844073564746,0.008434329686407607,0.0004413833541170327,0.0,0.0,0.03233485501826851,64
19.82,0.032918836387185305,0.008429860183072051,0.0004420118451672369,0.0,0.0,0.03234308843968731,64
19.84,0.03292777539991091,0.008425277726223477,0.00044263962098463734,0.0,0.0,0.032351016649785576,64
19.86,0.03293689358333129,0.008420583876950886,0.0004432673561541545,0.0,0.0,0.032358637658001836,64
19.88,0.03294566073898881,0.008415780192425875,0.00044389452458823203,0.0,0.0,0.032365950139207504,64
19.900000000000002,0.03295407309845392,0.008410868223927156,0.00044452293254411087,0.0,0.0,0.03237295341959023,64
19.92,0.03296211347286001,0.008405849519366782,0.0004452073597666323,0.0,0.0,0.032379647458497335,65
19.94,0.032969779698984104,0.008400725611169389,0.00044590006697385533,0.0,0.0,0.032386032827215645,67
19.96,0.032977070091399774,0.008395498018832508,0.0004465920741165096,0.0,0.0,0.03239211068555187,67
19.98,0.03298398341318367,0.008390168253642421,0.00044728334298841895,0.0,0.0,0.03239788275695733,67
20.0,0.032990518845557,0.008384737811222369,0.00044797407500297927,0.0,0.0,0.03240335130281891,67
20.02,0.03299667595696103,0.0083792084401172,0.000448669552469423,0.0,0.0,0.032408519096419355,67
20.04,0.033002454671954964,0.008373582441953567,0.0004493882374316707,0.0,0.0,0.03241338939695745,67
20.06,0.033007855240224794,0.008367860163255287,0.0004501060376093637,0.0,0.0,0.032417965923917616,67
20.080000000000002,0.033012878205899834,0.008362043019367204,0.00045082795413425907,0.0,0.0,0.03242225283198378,68
20.1,0.03301752437729538,0.008356132412556231,0.0004515522053446868,0.0,0.0,0.032426254686612,69
20.12,0.03302179479712971,0.008350129723315036,0.00045227571220776106,0.0,0.0,0.03242997644030298,69
20.14,0.03302569071320588,0.008344036309461782,0.0004529985424813007,0.0,0.0,0.03243342340955449,69
20.16,0.03302921911770651,0.00833785350602463,0.0004537206927687983,0.0,0.0,0.03243660125242009,69
20.18,0.033032395760029996,0.008331582645442408,0.00045444196177905764,0.0,0.0,0.03243951594655617,69
20.2,0.033035202702826595,0.008325225018324174,0.0004551623378682572,0.0,0.0,0.03244217376760277,69
20.22,0.03303764172890334,0.008318781855030669,0.00045588179506885715,0.0,0.0,0.03244458126771506,69
20.240000000000002,0.03303971468327699,0.008312254389113224,0.0004566002983738653,0.0,0.0,0.03244674525404033,70
20.26,0.033042705008764016,0.008305643827582827,0.00045731782486101527,0.0,0.0,0.03244867276692212,70
20.28,0.03304807758421353,0.00829895135050091,0.0004580343508594501,0.0,0.0,0.03245037105760719,70
20.3,0.03305322321764809,0.008292178110634768,0.00045874985183906803,0.0,0.0,0.03245184756523365,70
20.32,0.033058148812571325,0.008285325233178152,0.0004594643107128576,0.0,0.0,0.03245310989289091,70
20.34,0.03306286139555579,0.0082783938173912,0.00046017782926948905,0.0,0.0,0.03245416578256424,70
20.36,0.03306736808953852,0.008271384931540017,0.00046089031019641065,0.0,0.0,0.03245502308881045,70
20.38,0.03307167608570903,0.008264299616450563,0.00046160172415545485,0.0,0.0,0.03245568975105568,70
20.400000000000002,0.0330757926139368,0.008257138885579055,0.00046231201458273995,0.0,0.0,0.032456173764464066,70
20.42,0.03307972491175462,0.008249903725089868,0.00046302134014080635,0.0,0.0,0.03245648314939411,70
20.44,0.033083480191992254,0.00824259509235525,0.0004637295869460128,0.0,0.0,0.03245662591953883,70
20.46,0.03308706560924263,0.008235213917245634,0.0004644365885222142,0.0,0.0,0.032456610048933306,70
20.48,0.03309048822543423,0.008227761122351749,0.0004651423115798152,0.0,0.0,0.032456443438104526,70
20.5,0.033093754974874476,0.008220238489367784,0.00046584676199709824,0.0,0.0,0.03245613387973012,70
20.52,0.03309687262921382,0.00821264594589023,0.00046654987470755494,0.0,0.0,0.03245568902425721,70
20.54,0.033099847762849965,0.008204984316123107,0.00046725171413936013,0.0,0.0,0.032455116346002656,70
20.56,0.03310268671933987,0.00819725439727998,0.00046795210231276676,0.0,0.0,0.03245442311030402,70
20.580000000000002,0.03310539557940386,0.008189456963722787,0.00046865099773542643,0.0,0.0,0.03245361634230751,70
20.6,0.03310798013108561,0.008181592766783406,0.0004693486701087805,0.0,0.0,0.032452702797958644,70
20.62,0.033110445842567546,0.008173662533332019,0.0004700454723899075,0.0,0.0,0.0324516889376969,70
20.64,0.03311279783803158,0.008165666969286372,0.0004707407074453043,0.0,0.0,0.03245058090324672,70
20.66,0.033115040876803364,0.008157606759680518,0.000471434362788709,0.0,0.0,0.03244938449774445,70
20.68,0.03311717933582758,0.008149482569686735,0.00047212653812581893,0.0,0.0,0.03244810516925163,70
20.7,0.03311921719531026,0.008141295045673609,0.00047281695244315763,0.0,0.0,0.03244674799749203,70
20.72,0.03312115802714029,0.008133044816291938,0.0004735055286850092,0.0,0.0,0.03244531768342726,70
20.740000000000002,0.03312300498549289,0.008124732493581314,0.00047419217204225296,0.0,0.0,0.03244381854107593,71
20.76,0.033124760798840164,0.008116358674091415,0.00047487692924524986,0.0,0.0,0.03244225449080379,71
20.78,0.033126427762469074,0.008107923940013997,0.0004755597848685169,0.0,0.0,0.03244062905318779,71
20.8,0.03312800773055547,0.008099428860323636,0.0004762406370699992,0.0,0.0,0.03243894534250522,72
20.82,0.033129502106874244,0.008090873992199625,0.0004769203947723278,0.0,0.0,0.03243720605893103,72
20.84,0.03313091183334802,0.008082259883010715,0.0004775982392011556,0.0,0.0,0.032435413478648596,72
20.86,0.03313223737584886,0.008073587068122712,0.00047829887926815904,0.0,0.0,0.03243356944129167,72
20.88,0.033133478706956966,0.008064856074652956,0.0004790040870028299,0.0,0.0,0.032431675334425175,72
20.900000000000002,0.03313463528573283,0.008056067423734431,0.0004797070401016797,0.0,0.0,0.03242973207512492,72
20.92,0.03313570603494779,0.008047221629753878,0.0004804079867627772,0.0,0.0,0.0324277400891056,72
20.94,0.03313668931661525,0.008038319202530406,0.0004811066844912944,0.0,0.0,0.03242569928824366,72
20.96,0.033137582907038325,0.00802936064966488,0.0004818032462866621,0.0,0.0,0.032423609047715955,72
20.98,0.03313838397290674,0.008020346475742538,0.0004824980958413951,0.0,0.0,0.03242146818429262,72
21.0,0.03313908905020803,0.008011277181795737,0.00048320782473321877,0.0,0.0,0.03241927493755478,72
21.02,0.03313969402783785,0.00800215327966043,0.00048392617872573796,0.0,0.0,0.03241702695592899,72
21.04,0.03314019413778624,0.00799297526958035,0.00048465098303300167,0.0,0.0,0.03241472128942188,72
21.06,0.03314058395362978,0.007983743661426282,0.00048537393464599525,0.0,0.0,0.03241235439079321,72
21.080000000000002,0.0331408573987797,0.007974458971106685,0.0004860951491896988,0.0,0.0,0.03240992212662515,72
21.1,0.033141007765532936,0.00796512172122298,0.00048681419602923225,0.0,0.0,0.03240741979934438,72
21.12,0.03314102774547819,0.007955732442425631,0.0004875311310465135,0.0,0.0,0.03240484218075815,72
21.14,0.03314090947125139,0.007946291675205492,0.0004882464297967915,0.0,0.0,0.032402183557108916,72
21.16,0.03314066412327299,0.007936799971792611,0.0004889602805488236,0.0,0.0,0.032399437785078124,72
21.18,0.03314026805724006,0.007927257891774418,0.000489671967386527,0.0,0.0,0.03239659835762058,72
21.2,0.03313970747006991,0.007917666009314485,0.0004903819550215064,0.0,0.0,0.03239365847802854,72
21.22,0.033138972873159665,0.007908024912021906,0.0004910901777234211,0.0,0.0,0.032390611140245135,72
21.240000000000002,0.03313805456008803,0.007898335200077966,0.0004917965948266733,0.0,0.0,0.032387449213193927,72
21.26,0.03313694268806568,0.00788859748766987,0.0004925010210390667,0.0,0.0,0.03238416552677902,72
21.28,0.03313562735848797,0.007878812402790944,0.0004932036237431767,0.0,0.0,0.03238075295723693,72
21.3,0.033134098694412986,0.007868980587394186,0.0004939045405462962,0.0,0.0,0.0323772045096751,72
21.32,0.03313234691304712,0.007859102696202843,0.0004946035080716815,0.0,0.0,0.032373513395890924,72
21.34,0.033130362391655205,0.007849179396557732,0.0004953051377921691,0.0,0.0,0.032369673105899735,72
21.36,0.033128135725692905,0.007839211368188648,0.0004960110254777001,0.0,0.0,0.03236567747198054,72
21.38,0.033125657778353995,0.00782919930374756,0.0004967152528519589,0.0,0.0,0.032361520724442816,72
21.400000000000002,0.03312291972110856,0.007819143909230957,0.0004974179799623746,0.0,0.0,0.03235719753870015,72
21.42,0.03311991306515735,0.007809045911866709,0.000498125715004392,0.0,0.0,0.03235270307358462,72
21.44,0.03311662968402837,0.007798906006905581,0.0004988326043120887,0.0,0.0,0.03234803300113602,72
21.46,0.03311306182778544,0.00778872491987242,0.0004995377212577496,0.0,0.0,0.03234318352834096,72
21.48,0.033109202129501684,0.007778503456117367,0.0005002411276469816,0.0,0.0,0.032338151411478715,72
21.5,0.033105043604775716,0.00776824233752981,0.0005009428738871874,0.0,0.0,0.032332933963851965,72
21.52,0.033100579645141036,0.007757942243287513,0.0005016430380452582,0.0,0.0,0.03232752905775006,72
21.54,0.03309580400624548,0.007747603914356327,0.0005023415863845246,0.0,0.0,0.032321935121513885,72
21.56,0.03309071079166842,0.007741700877485726,0.0005030387763345962,0.0,0.0,0.03231615113255613,72
21.580000000000002,0.033085294433205674,0.007736156245588513,0.0005037348508068504,0.0,0.0,0.03231017660714669,72
21.6,0.03307954966839587,0.007730559431808064,0.000504431786555441,0.0,0.0,0.03230401158770692,72
21.62,0.03307347151599319,0.007724911054184829,0.0005051300902325985,0.0,0.0,0.03229765662827776,72
21.64,0.03306705525001765,0.007719211729193005,0.000505826691810799,0.0,0.0,0.032291112778739486,72
21.66,0.033060296372939356,0.007713462219501457,0.0005065216646120095,0.0,0.0,0.03228438156827123,72
21.68,0.03305319058848184,0.007707663132772516,0.0005072149768686345,0.0,0.0,0.032277464988448336,72
21.7,0.033045733774465194,0.007701814932715813,0.0005079081311967316,0.0,0.0,0.032270365476289864,72
21.72,0.033037921956052145,0.007695918219622696,0.0005086042292427488,0.0,0.0,0.032263085897485416,72
21.740000000000002,0.033029751279713,0.0076899735856697325,0.0005092985707512496,0.0,0.0,0.03225562952995395,72
21.76,0.03302121798818782,0.007683981673385614,0.000509991230114674,0.0,0.0,0.03224800004781523,72
21.78,0.033012318396696154,0.007677943073109371,0.0005106823007271493,0.0,0.0,0.03224020150578805,72
21.8,0.03300304887062708,0.0076718582845423395,0.0005113716509513413,0.0,0.0,0.03223223832396726,72
21.82,0.03299340580493338,0.007665727867138937,0.0005120592089901948,0.0,0.0,0.032224115272873485,72
21.84,0.03298338560545399,0.007659552370423758,0.0005127450340107804,0.0,0.0,0.032215837458615254,72
21.86,0.03297301090804367,0.007653332331657163,0.0005134290667449244,0.0,0.0,0.0322074103079518,72
21.88,0.0329640800877786,0.007647068277341358,0.0005141113142898122,0.0,0.0,0.03219883955299566,72
21.900000000000002,0.03295498817456949,0.007640760721897549,0.0005147917794003383,0.0,0.0,0.03219013121524928,72
21.92,0.03294661761254201,0.007634410171375012,0.0005154704682554278,0.0,0.0,0.03218129158862721,72
21.94,0.0329401680186264,0.007628017110412928,0.000516147387607707,0.0,0.0,0.03217232722107787,72
21.96,0.03293354370507995,0.007621582067551774,0.0005168225447735921,0.0,0.0,0.03216324489438834,72
21.98,0.03292674966058849,0.0076151054563284555,0.0005174959531342977,0.0,0.0,0.03215405160173272,73
22.0,0.03291979098685339,0.007608587717986181,0.0005181676266972335,0.0,0.0,0.03214475452251573,73
22.02,0.0329126728667095,0.007602029287800045,0.000518839456167782,0.0,0.0,0.03213536099406897,73
22.04,0.03290540052846762,0.007595430582466818,0.0005195096177207716,0.0,0.0,0.03212587847978636,73
22.06,0.03289797920610839,0.00758879200134135,0.0005201781512267773,0.0,0.0,0.03211631453333938,73
22.080000000000002,0.03289041409504258,0.007582113930958569,0.0005208450546299491,0.0,0.0,0.032106676758700846,73
22.1,0.03288271030327718,0.007575396742645635,0.0005215121936454704,0.0,0.0,0.03209697276583096,73
22.12,0.03287487279799416,0.007568640792245674,0.0005221779690654519,0.0,0.0,0.032087210122046315,73
22.14,0.03286690634775958,0.00756184641988832,0.0005228420684132072,0.0,0.0,0.03207739629930259,73
22.16,0.03285881546083343,0.007555013949119365,0.0005235045016557768,0.0,0.0,0.03206753861787422,73
22.18,0.032850604320339406,0.007548143688301433,0.0005241652785207764,0.0,0.0,0.032057644187200425,73
22.2,0.0328422767173639,0.00754123596142316,0.0005248244103348909,0.0,0.0,0.03204771984497619,73
22.22,0.03283383598336971,0.007534291037660562,0.0005254819171634794,0.0,0.0,0.03203777209587906,73
22.240000000000002,0.03282528492360063,0.007528257272796905,0.0005261378272880951,0.0,0.0,0.032027807051610756,73
22.26,0.03281662575339211,0.007523883791591522,0.0005267921158901239,0.0,0.0,0.032017830374166466,73
22.28,0.032807860039454226,0.007519464711973153,0.0005274447889924126,0.0,0.0,0.03200784722439121,73
22.3,0.03279898864822125,0.007515000147162406,0.0005280958544560009,0.0,0.0,0.031997862217904745,73
22.32,0.03279001170324587,0.007510490198912426,0.0005287453153906432,0.0,0.0,0.0319878793903535,73
22.34,0.032780928553337654,0.0075059349573571455,0.0005293932114273541,0.0,0.0,0.03197790217366268,73
22.36,0.032771737752709515,0.007501334500193362,0.0005300395125694573,0.0,0.0,0.03196793338451818,73
22.38,0.03276243705382873,0.007496688893540174,0.000530684205332081,0.0,0.0,0.0319579752257321,73
22.400000000000002,0.032753026056298325,0.0074919981948700564,0.0005313273170162595,0.0,0.0,0.03194802930047986,75
22.42,0.032743521244883236,0.0074872624534723445,0.000531968826728683,0.0,0.0,0.0319380966387054,75
22.44,0.03273389521127809,0.007482481710743838,0.0005326087152945902,0.0,0.0,0.03192817773434124,75
22.46,0.03272414267141998,0.007477736301874979,0.0005332469588105625,0.0,0.0,0.03191827259145369,75
22.48,0.03271425767319921,0.007474098659699145,0.0005338835401314331,0.0,0.0,0.03190838077705666,75
22.5,0.03270423364536877,0.007470413072645201,0.0005345184392788877,0.0,0.0,0.03189850147817625,75
22.52,0.0326940634487533,0.007466679548851663,0.0005351516424598294,0.0,0.0,0.03188863356080105,75
22.54,0.032683739427785165,0.007462898094427052,0.0005357831318622441,0.0,0.0,0.03187877562860101,75
22.56,0.03267325346081735,0.007459068710213507,0.000536412882815972,0.0,0.0,0.031868926079695256,75
22.580000000000002,0.032662597008177856,0.0074551914176483524,0.0005370409221862568,0.0,0.0,0.03185908316023873,75
22.6,0.03265349356761313,0.007451266199226157,0.0005376671507731554,0.0,0.0,0.031849245014107616,75
22.62,0.03264524803055824,0.007447293043043648,0.0005382915276633987,0.0,0.0,0.031839409728435346,75
22.64,0.032636913506491866,0.007444509920643288,0.000538914033447483,0.0,0.0,0.03182957537512883,75
22.66,0.032628484521499364,0.007442164582494025,0.0005395345905467306,0.0,0.0,0.03181974004874761,75
22.68,0.03261995551239651,0.007439752055271075,0.0005401531652307863,0.0,0.0,0.03180990190124121,75
22.7,0.0326113208552116,0.007437272254550112,0.000540769749848693,0.0,0.0,0.0318000591740182,75
22.72,0.032602587808367535,0.007434725103760413,0.000541384251629647,0.0,0.0,0.031790210227686924,75
22.740000000000002,0.03259374773269026,0.007432110528504804,0.000541996624360218,0.0,0.0,0.03178035356959338,75
22.76,0.03258478513812631,0.007429428457517457,0.0005426068939119634,0.0,0.0,0.03177048787902658,75
22.78,0.03257569440703137,0.007426678821599457,0.0005432149616043768,0.0,0.0,0.03176061202970351,75
22.8,0.032568932295456564,0.007423861551894985,0.0005438211241049366,0.0,0.0,0.03175072510891788,75
22.82,0.032562340442088965,0.007421371655637692,0.0005444254274795415,0.0,0.0,0.03174082643256851,75
22.84,0.032555710879304596,0.007421006560255534,0.0005450273999707736,0.0,0.0,0.03173091555518721,75
22.86,0.03254904245545306,0.007420564631334425,0.0005456270247005315,0.0,0.0,0.031720992274075474,75
22.88,0.03254233423329068,0.007420045854336038,0.0005462246048975794,0.0,0.0,0.0317110566267289,75
22.900000000000002,0.032535585479637474,0.007419450209401101,0.0005468203536819586,0.0,0.0,0.031701108880873664,75
22.92,0.032528817567729656,0.00741877766596634,0.0005474136908994909,0.0,0.0,0.03169114951664692,75
22.94,0.0325220091882064,0.007418028191795283,0.0005480046121517222,0.0,0.0,0.031681179200709515,75
22.96,0.03251515915281736,0.007417201749205304,0.0005485929916778864,0.0,0.0,0.03167119875236794,75
22.98,0.032508267282241356,0.007416298299303749,0.0005491788154773366,0.0,0.0,0.03166120910208953,75
23.0,0.03250133343155909,0.007416535334131179,0.000549762041581738,0.0,0.0,0.03165121124310426,75
23.02,0.03249435743544617,0.007417000276917604,0.0005503426446397815,0.0,0.0,0.03164120617708575,75
23.04,0.03248733904869478,0.0074187855645837875,0.0005509219512191677,0.0,0.0,0.03163119485517763,75
23.06,0.0324802778835643,0.0074206318717423315,0.0005514994541684431,0.0,0.0,0.03162117811586833,75
23.080000000000002,0.03247317334564494,0.0074223934199616,0.0005520742627285022,0.0,0.0,0.031611156621402195,75
23.1,0.0324660245700389,0.007424070040848736,0.0005526463862856873,0.0,0.0,0.03160113079453798,75
23.12,0.03245883035971132,0.007425661620367519,0.0005532157516689209,0.0,0.0,0.03159110075751415,75
23.14,0.032451589127830915,0.0074271680617365035,0.0005537823419019938,0.0,0.0,0.03158106627505115,75
23.16,0.0324442988458077,0.007428589253731135,0.0005543463149550018,0.0,0.0,0.031571026703108816,75
23.18,0.03243695699854508,0.007429925097414596,0.0005549074601862686,0.0,0.0,0.031560980944929554,75
23.2,0.03242956054817012,0.007431175516139318,0.0005554674226288013,0.0,0.0,0.03155092741564491,75
23.22,0.03242210590720428,0.0074323404029279965,0.0005560289208688239,0.0,0.0,0.031540864016422386,75
23.240000000000002,0.03241458892181071,0.007433419696725322,0.000556587613755329,0.0,0.0,0.03153078811880353,75
23.26,0.03240700486542575,0.007434413351614742,0.0005571434728940481,0.0,0.0,0.031520696559555424,75
23.28,0.03239934844277394,0.007435321367815875,0.0005576964688890129,0.0,0.0,0.03151058564604838,75
23.3,0.03239161380399375,0.007436143711869661,0.0005582465856358511,0.0,0.0,0.03150045117189921,75
23.32,0.03238379456837439,0.007436880401435953,0.0005587937819236888,0.0,0.0,0.03149028844239062,75
23.34,0.03237588385702257,0.007437531509490777,0.000559338009462478,0.0,0.0,0.03148009230899439,75
23.36,0.03236787433363828,0.007438363297431871,0.0005598792301207257,0.0,0.0,0.031469857212183074,75
23.38,0.032359758252465294,0.007440440326684487,0.0005604174042056743,0.0,0.0,0.03145957723160035,75
23.400000000000002,0.03235152751238717,0.007442427857076499,0.0005609524903770924,0.0,0.0,0.031449246142563204,75
23.42,0.032343173716050666,0.007444326068914038,0.0005614844515043611,0.0,0.0,0.03143885747777801,75
23.44,0.032334688232812735,0.007446135177982662,0.0005620132756356813,0.0,0.0,0.03142840459306685,75
23.46,0.03232606226422597,0.0074478554022716055,0.0005625389063962814,0.0,0.0,0.03141788073581675,75
23.48,0.032317300117164646,0.007449487025584726,0.0005630612933333198,0.0,0.0,0.03140727911479772,75
23.5,0.03230841543013417,0.00745103037297171,0.0005635803863329103,0.0,0.0,0.031396592969951516,75
23.52,0.032299383772238045,0.007452485812647309,0.000564100954184261,0.0,0.0,0.031385815640750304,75
23.54,0.03229017633607761,0.0074538537537388195,0.0005646211194230957,0.0,0.0,0.031374940631769696,75
23.56,0.03228078446019565,0.007455134644980319,0.0005651380551647858,0.0,0.0,0.031363961674222764,75
23.580000000000002,0.03227119968522552,0.007456328973545279,0.0005656517368490059,0.0,0.0,0.031352872782357724,75
23.6,0.032261413800030767,0.007457437264226918,0.0005661621014105195,0.0,0.0,0.03134166830382569,75
23.62,0.032251418880975095,0.007458460075998545,0.000566669130327438,0.0,0.0,0.0313303429633633,75
23.64,0.0322412073239193,0.007459398001233482,0.000567172796507764,0.0,0.0,0.031318891899391084,75
23.66,0.03223079080633333,0.007460251701976504,0.0005676826502292185,0.0,0.0,0.03130731069338504,75
23.68,0.032220148563709056,0.0074610218363604704,0.0005682185755706072,0.0,0.0,0.03129559539211994,76
23.7,0.03220926910533558,0.007461709039122324,0.0005687512812416017,0.0,0.0,0.031283742523094536,76
23.72,0.03219814628001399,0.007462314012919842,0.0005692806923583143,0.0,0.0,0.031271749103622286,76
23.740000000000002,0.032186774309520036,0.00746283748170624,0.000569806801419638,0.0,0.0,0.03125961264420133,76
23.76,0.03217514778109374,0.00746328018871038,0.0005703296054036352,0.0,0.0,0.03124733114686377,76
23.78,0.032163261635418605,0.0074636428935077005,0.0005708509797509397,0.0,0.0,0.03123490309924858,76
23.8,0.032151111150836804,0.0074639263675804575,0.0005713735190954602,0.0,0.0,0.031222327465151477,76
23.82,0.03213869192452556,0.007464131395188061,0.0005718928365180159,0.0,0.0,0.03120960367228252,76
23.84,0.032125999851316936,0.007464258850236114,0.0005724089289506403,0.0,0.0,0.03119673159791821,76
23.86,0.03211303110078351,0.007464309623868264,0.0005729217989524859,0.0,0.0,0.031183711553073628,76
23.88,0.03209978209314428,0.007464284350934864,0.0005734314536504728,0.0,0.0,0.031170544265749455,76
23.900000000000002,0.03208624947447187,0.007464183839056655,0.0005739379016093186,0.0,0.0,0.03115723086373332,76
23.92,0.03207243009160992,0.0074640089024573895,0.00057444115340188,0.0,0.0,0.031143772857358604,76
23.94,0.03205832096713983,0.007463760349355191,0.000574941220159462,0.0,0.0,0.03113017212255069,76
23.96,0.03204391927467246,0.007463438976377312,0.0005754381208156505,0.0,0.0,0.031116430884421457,76
23.98,0.03202922231468381,0.007463045600335077,0.0005759318674790519,0.0,0.0,0.031102551701610658,77
24.0,0.03201422749106392,0.007462581013009518,0.0005764224899937479,0.0,0.0,0.031088537451515675,77
24.02,0.03199893228850832,0.007462045986736521,0.0005769099994198593,0.0,0.0,0.03107439131650254,77
24.04,0.03198333425084714,0.0074614412999964635,0.0005773943974742817,0.0,0.0,0.03106011677114719,77
24.060000000000002,0.031967430960381675,0.0074607677209651115,0.0005778757909072806,0.0,0.0,0.031045717570518817,77
24.080000000000002,0.03195122001827961,0.007460026006716114,0.0005783541287955139,0.0,0.0,0.031031197739484612,77
24.1,0.03193469902606752,0.007459216903483034,0.0005788294012260929,0.0,0.0,0.031016561562987183,77
24.12,0.0319193963814764,0.007458341144776972,0.0005793016166525519,0.0,0.0,0.031001813577220882,77
24.14,0.03190454534591257,0.007457399450888667,0.0005797708102309446,0.0,0.0,0.030986958561611464,77
24.16,0.03189061081462902,0.007456392530373527,0.0005802369937413472,0.0,0.0,0.03097200153148263,77
24.18,0.031877589484766086,0.007455321071848538,0.0005807001657604292,0.0,0.0,0.030956947731274134,77
24.2,0.03186441711542061,0.007454185749456994,0.0005811736902278674,0.0,0.0,0.030941802628157298,77
24.22,0.03185109768070756,0.00745298721988288,0.0005816633068830144,0.0,0.0,0.030926571905874584,77
24.240000000000002,0.03183763530820137,0.007451726122662124,0.0005821498361282551,0.0,0.0,0.030911261458611373,77
24.26,0.031824034270290236,0.0074504030920997414,0.0005826332933025912,0.0,0.0,0.030895877384687565,77
24.28,0.03181029897500437,0.007449018746643527,0.0005831136936012013,0.0,0.0,0.030880425979836337,77
24.3,0.031796433956057954,0.0074475736469149425,0.0005835910523590496,0.0,0.0,0.03086491372981586,77
24.32,0.03178244386182271,0.007447050621759627,0.0005840653846519198,0.0,0.0,0.0308493473020776,77
24.34,0.031768333442928856,0.007447135938545236,0.0005845367045659489,0.0,0.0,0.030833733536193435,77
24.36,0.03175410753816755,0.00744715646353797,0.0005850050265086696,0.0,0.0,0.030818079432721746,77
24.38,0.03173977105835051,0.007447112762505288,0.0005854703653183443,0.0,0.0,0.03080239214017429,77
24.400000000000002,0.031725328967765365,0.007447005377948175,0.0005859327513018643,0.0,0.0,0.030786678939728716,77
24.42,0.03171078626285538,0.00744683482343692,0.0005863921886425779,0.0,0.0,0.03077094722732137,77
24.44,0.031696147947748894,0.007446601596052965,0.0005868486835256852,0.0,0.0,0.030755204492751508,77
24.46,0.03168141900627074,0.007446306163563356,0.0005873022809900439,0.0,0.0,0.030739458295434997,77
24.48,0.03166660437008959,0.007445948976763307,0.0005877529713506417,0.0,0.0,0.030723716236466463,77
24.5,0.03165170888269265,0.007445530460970374,0.000588200762639195,0.0,0.0,0.03070798592668595,78
24.52,0.03163673725893914,0.007445051014639208,0.0005886456737687525,0.0,0.0,0.030692274950505607,78
24.54,0.031621694040027355,0.007444511016531908,0.000589087705858396,0.0,0.0,0.03067659082533397,78
24.560000000000002,0.031606583543823,0.007443910822759322,0.0005895268696179397,0.0,0.0,0.03066094095654762,78
24.580000000000002,0.031591409810639924,0.007443250767399567,0.0005899631785675674,0.0,0.0,0.03064533258810146,78
24.6,0.03157617654473931,0.007442531167358786,0.0005903966648377652,0.0,0.0,0.030629772749042418,78
24.62,0.03156088705202123,0.0074417523086022135,0.0005908276399898234,0.0,0.0,0.030614268196396902,78
24.64,0.03154554417461769,0.00744091446315509,0.0005912560817490906,0.0,0.0,0.030598825355134713,78
24.66,0.031530150223353315,0.00744001788281,0.0005916817275557584,0.0,0.0,0.030583450256166544,78
24.68,0.0315147069093086,0.007439062798621881,0.0005921046244794368,0.0,0.0,0.030568148473596478,78
24.7,0.031499215275985835,0.007438049428372664,0.0005925247699606641,0.0,0.0,0.03055292506271236,78
24.72,0.03148367563382222,0.007436977970386396,0.0005929421380134053,0.0,0.0,0.030537784500435563,79
24.740000000000002,0.03146808749899594,0.007435848609840503,0.0005933567348944219,0.0,0.0,0.030522730630146946,79
24.76,0.03145244953860757,0.007434661519575441,0.0005937685660875198,0.0,0.0,0.03050776661293536,79
24.78,0.03143675952436694,0.007433416861376794,0.0005941918151940949,0.0,0.0,0.030492894887354315,79
24.8,0.031421014296856745,0.007432114787758485,0.0005946189679293267,0.0,0.0,0.030478117139703876,79
24.82,0.03140624518586449,0.0074307554438049934,0.0005950434361669435,0.0,0.0,0.030463434286663565,79
24.84,0.03139262721287826,0.007429338969042932,0.0005954652152084898,0.0,0.0,0.030448846471783073,79
24.86,0.03137902182063069,0.007427865499309126,0.0005958842875651387,0.0,0.0,0.030434353076896938,79
24.88,0.03136542534025794,0.007426335170127979,0.0005963006486473972,0.0,0.0,0.030419952748985443,79
24.900000000000002,0.03135183333127052,0.007424748114484641,0.0005967142929066566,0.0,0.0,0.03040564344238473,79
24.92,0.0313382406349106,0.007423104467577013,0.0005971252250081507,0.0,0.0,0.030391422475595523,79
24.94,0.031324641440533395,0.007421404370133256,0.0005975335426979698,0.0,0.0,0.030377286601296596,79
24.96,0.03131102936302255,0.007419647962936728,0.0005979391953871702,0.0,0.0,0.030363232087582282,79
24.98,0.03129739752876256,0.00741783539389786,0.0005983421063355545,0.0,0.0,0.030349254807956583,79
25.0,0.03128373866733934,0.007415966818818998,0.0005987422669954267,0.0,0.0,0.03033535033726461,79
25.02,0.03127004520594352,0.007414042400732182,0.0005991396686116701,0.0,0.0,0.030321514050545215,79
25.04,0.0312563093634184,0.007412062307606299,0.0005995343700754762,0.0,0.0,0.030307741221756248,79
25.060000000000002,0.03124252324101855,0.007410026716145754,0.0005999263651874786,0.0,0.0,0.03029402711944747,79
25.080000000000002,0.031228678907205414,0.007407935819258447,0.0006003155779115794,0.0,0.0,0.03028036709671654,79
25.1,0.03121478146383598,0.007405789809591262,0.0006007020037611324,0.0,0.0,0.030266756673151284,79
25.12,0.031200818814185866,0.0074035888775678725,0.0006010856839844293,0.0,0.0,0.030253191606902954,79
25.14,0.03118677477818758,0.007401333228569837,0.0006014676073642324,0.0,0.0,0.0302396679555142,79
25.16,0.03117264195131347,0.007399023073757716,0.0006018486739556126,0.0,0.0,0.030226182124611128,79
25.18,0.031158413166123507,0.007396658629552591,0.0006022272603239064,0.0,0.0,0.030212730904032634,79
25.2,0.031144081509019563,0.007396030063394089,0.0006026031576780896,0.0,0.0,0.03019931149139441,79
25.22,0.031129640324504746,0.007396922140063743,0.0006029763697021123,0.0,0.0,0.030185921503457443,79
25.240000000000002,0.031115083207627955,0.007397738312789318,0.0006033471108413867,0.0,0.0,0.030172558975986002,79
25.26,0.031100403985556673,0.007398478867470183,0.0006037392763020446,0.0,0.0,0.03015922235304127,79
25.28,0.031085596689432584,0.007399144105110307,0.0006041315439401905,0.0,0.0,0.030145910466867078,79
25.3,0.031070681626038453,0.007399734444689474,0.0006045211254230633,0.0,0.0,0.030132622509692814,79
25.32,0.031055642992179215,0.007400250186488887,0.0006049080568431269,0.0,0.0,0.030119357998911207,79
25.34,0.031040637054361896,0.007400691622938599,0.0006052922800796006,0.0,0.0,0.030106116737193028,79
25.36,0.0310272012227569,0.007401059063865558,0.0006056738257486028,0.0,0.0,0.03009289876917922,79
25.38,0.031013670021525955,0.007401352857965022,0.0006060528053554557,0.0,0.0,0.030079704336443257,79
25.400000000000002,0.031000039966978848,0.007401573358896436,0.0006064291667831938,0.0,0.0,0.030066533832441195,79
25.42,0.030986307525734773,0.007401720924562668,0.0006068028987085437,0.0,0.0,0.03005338775915566,79
25.44,0.03097246906722586,0.007401795915743682,0.0006071740387451149,0.0,0.0,0.030040266687085485,79
25.46,0.030958520820783843,0.007401798693698272,0.0006075426050619844,0.0,0.0,0.03002717122012735,79
25.48,0.030944458838693362,0.0074017296255543,0.0006079087778837428,0.0,0.0,0.030014101966730704,79
25.5,0.03093027896637213,0.00740158907159265,0.0006082728957432372,0.0,0.0,0.030001059518480405,79
25.52,0.03091597682055458,0.007401377389498037,0.0006086346050565303,0.0,0.0,0.029988044436972998,79
25.54,0.030902956683812564,0.007401094941078744,0.000608993881419875,0.0,0.0,0.029975057249511175,79
25.560000000000002,0.030890322381186927,0.00740074208605664,0.0006093509597760895,0.0,0.0,0.029962098453759547,79
25.580000000000002,0.030877612934341075,0.007400319183611947,0.0006097064795023538,0.0,0.0,0.02994916853110418,79
25.6,0.03086482525115843,0.007399826590056749,0.0006100596649824588,0.0,0.0,0.029936267968063177,79
25.62,0.030851956119029533,0.007399264659840205,0.0006104106071078973,0.0,0.0,0.02992339728472983,79
25.64,0.03083900223179589,0.0073986337449921955,0.000610759576312171,0.0,0.0,0.02991055706891967,79
25.66,0.030825960220654782,0.00739793421081981,0.0006111068917695065,0.0,0.0,0.029897748014457992,79
25.68,0.030812826687351733,0.0073971663896897745,0.0006114520990085869,0.0,0.0,0.029884970961896372,79
25.7,0.03079959823794527,0.00739633062059681,0.0006117955613870531,0.0,0.0,0.029872226939893914,79
25.72,0.030786271515478168,0.007395427240778405,0.0006121370759743685,0.0,0.0,0.029859517205534605,79
25.740000000000002,0.030772843230019668,0.007394456582409629,0.000612476564345284,0.0,0.0,0.029846843281967066,79
25.76,0.03075931018474044,0.007393418971967562,0.0006128145281620534,0.0,0.0,0.029834206991931237,79
25.78,0.030745669296922955,0.007392314729565366,0.0006131746604188485,0.0,0.0,0.029821610485955847,79
25.8,0.030731917613078384,0.00739114416840972,0.0006135415959003074,0.0,0.0,0.02980905626425351,79
25.82,0.030718052317615832,0.007389907594314746,0.0006139067974023734,0.0,0.0,0.029796547191585445,79
25.84,0.030704070734776465,0.007388605545263861,0.0006142708137616633,0.0,0.0,0.029784086504601584,79
25.86,0.03068997032379342,0.007387238072869306,0.0006146338812223094,0.0,0.0,0.029771677811371664,79
25.88,0.030675748667460808,0.007385805454065456,0.0006149952125651368,0.0,0.0,0.029759325083003583,79
25.900000000000002,0.03066140345449065,0.0073843079569996155,0.0006153548056285649,0.0,0.0,0.029747032637393565,79
25.92,0.03064693245620466,0.007382745839301776,0.0006157126331688696,0.0,0.0,0.029734805115270813,79
25.94,0.030632333498253846,0.007381119347783958,0.0006160686767114485,0.0,0.0,0.029722647448791144,79
25.96,0.030617604428184862,0.007379428718264503,0.0006164228096377612,0.0,0.0,0.02971056482300566,79
25.98,0.030604975332025715,0.007377674175531092,0.0006167751984030296,0.0,0.0,0.029698562630588385,79
26.0,0.030593276929003852,0.007375855933453808,0.0006171288981629209,0.0,0.0,0.029686646420256098,79
26.02,0.03058158738738051,0.007373974195256874,0.0006174810947084972,0.0,0.0,0.029674821839362174,79
26.04,0.03056990994733149,0.007372029162171304,0.0006178314822822118,0.0,0.0,0.0296630945711961,79
26.060000000000002,0.030558254500949303,0.007370021021569529,0.0006181800819299029,0.0,0.0,0.02965157343249542,79
26.080000000000002,0.030546629730727835,0.007367949955582299,0.000618527045894563,0.0,0.0,0.029640479111850845,79
26.1,0.030535025792769337,0.007365816133340949,0.0006188725652620388,0.0,0.0,0.0296294981508761,79
26.12,0.03052344495628536,0.00736368727364057,0.000619216715352888,0.0,0.0,0.029618635665060577,79
26.14,0.030512622998718986,0.007363433453024255,0.000619559501341155,0.0,0.0,0.029607896435766036,79
26.16,0.030502976225037816,0.007363101811381598,0.0006199004902715428,0.0,0.0,0.029597284830574784,80
26.18,0.03049341636793383,0.007362692716435374,0.0006202397953491022,0.0,0.0,0.029586804724072935,80
26.2,0.03048394560072655,0.007362206498085745,0.0006205785291542288,0.0,0.0,0.02957645942027935,81
26.22,0.030474572655889695,0.007361643587074181,0.0006209183977157277,0.0,0.0,0.029566251578056115,81
26.240000000000002,0.03046530290889188,0.007361004188077741,0.0006212568994353153,0.0,0.0,0.029556183140970183,81
26.26,0.03045612444657754,0.007360288682893504,0.0006215937438697823,0.0,0.0,0.029546391088241353,81
26.28,0.030447036293817994,0.007359497371282854,0.0006219289102045299,0.0,0.0,0.02953701820142351,81
26.3,0.03043805137860748,0.007358630609314254,0.0006222624198476097,0.0,0.0,0.029527785136363824,81
26.32,0.030429160575911076,0.00735768884059704,0.0006225950579335439,0.0,0.0,0.02951869041994325,81
26.34,0.030420351571357394,0.007356672355628307,0.0006229267681052666,0.0,0.0,0.02950973163950558,81
26.36,0.03041161950258699,0.007355581524456446,0.0006232568794361774,0.0,0.0,0.02950090543607365,81
26.38,0.030403262322091302,0.007354416741727501,0.0006235856742985633,0.0,0.0,0.029492207514115222,81
26.400000000000002,0.030395137324195257,0.007353179073453429,0.0006239131350799033,0.0,0.0,0.02948363266893951,81
26.42,0.030387068283081957,0.007351869637674394,0.0006242393292648309,0.0,0.0,0.029475174832262717,81
26.44,0.03037904659632516,0.007350487482897623,0.0006245644037638419,0.0,0.0,0.029466827135807405,81
26.46,0.030371062879949732,0.007349033075274579,0.0006248879907588713,0.0,0.0,0.029458581992031264,81
26.48,0.030363107062704682,0.00734750683035805,0.0006252100898084833,0.0,0.0,0.0294504311902726,81
26.5,0.03035516849321242,0.007345909193404842,0.0006255307225435771,0.0,0.0,0.029442366005816994,81
26.52,0.030347236056805213,0.007344240627322491,0.0006258499096053297,0.0,0.0,0.029434377318708613,81
26.54,0.03033929829834249,0.0073425017677736445,0.0006261679633776943,0.0,0.0,0.02942645573861262,81
26.560000000000002,0.030331343547002745,0.007340693080887447,0.0006264851047198677,0.0,0.0,0.029418591731735715,81
26.580000000000002,0.030323360038987366,0.007338814960905615,0.0006268009579581292,0.0,0.0,0.02941077574575572,81
26.6,0.030315336034261654,0.007336867857912854,0.0006271155678454967,0.0,0.0,0.02940299832889944,81
26.62,0.030307365302875006,0.007334852277950051,0.0006274289136906429,0.0,0.0,0.029395250239715055,81
26.64,0.030299692370922362,0.007332768744228117,0.0006277408758483633,0.0,0.0,0.029387522544665964,81
26.66,0.030291944320394563,0.007330617773457954,0.0006280514800110513,0.0,0.0,0.029379806701368333,81
26.68,0.03028411044621055,0.00732839996321569,0.0006283609916777563,0.0,0.0,0.029372094626043226,81
26.7,0.030276180462273723,0.007326115785619873,0.0006286694243953384,0.0,0.0,0.029364378744497915,81
26.72,0.030268144532713728,0.007323765731292698,0.0006289767716440617,0.0,0.0,0.029356652026643264,81
26.740000000000002,0.030259993287082648,0.007321350321485281,0.0006292841634428266,0.0,0.0,0.029348908005160216,81
26.76,0.030251927537371315,0.007318870082621416,0.0006295940659718572,0.0,0.0,0.0293411407794303,81
26.78,0.0302449922686663,0.007316325539553342,0.0006299028558760924,0.0,0.0,0.029333345006235474,81
26.8,0.030237955441341474,0.007313717265911817,0.0006302103350886811,0.0,0.0,0.029325515879015076,81
26.82,0.030230810680722312,0.007311045786890533,0.0006305165398395818,0.0,0.0,0.029317649097652797,81
26.84,0.030223555124602623,0.007308311567797481,0.0006308214201215295,0.0,0.0,0.029309740830866987,82
26.86,0.030216195724627973,0.007305515125073187,0.000631125000133734,0.0,0.0,0.029301787673306816,82
26.88,0.030208711563786173,0.007302656972086778,0.0006314272594374487,0.0,0.0,0.029293786599427992,82
26.900000000000002,0.030201097588846877,0.007299737618985726,0.0006317284198633293,0.0,0.0,0.029285734916141972,82
26.92,0.030193348953417264,0.007296757572645982,0.0006320282399276164,0.0,0.0,0.029277630216110965,82
26.94,0.030185460970317882,0.007293717336713834,0.0006323266545771227,0.0,0.0,0.02926947033339971,82
26.96,0.030177429067657423,0.007290617411728419,0.0006326237492001689,0.0,0.0,0.029261253302997014,82
26.98,0.030169248749883876,0.007287458341543675,0.0006329194321242041,0.0,0.0,0.029252977325488125,82
27.0,0.03016091556482728,0.007284240576629303,0.0006332136940400477,0.0,0.0,0.029244640737896833,82
27.02,0.03015242507746078,0.007280964615019966,0.000633507375629034,0.0,0.0,0.029236241991427867,82
27.04,0.03014377285080181,0.007277630960714461,0.0006337996981069444,0.0,0.0,0.029227779636535473,82
27.060000000000002,0.030134954434063554,0.0072742400823741634,0.0006340905980945389,0.0,0.0,0.029219382134416858,82
27.080000000000002,0.03012596535786294,0.007272738018780307,0.0006343801399942267,0.0,0.0,0.029211175536919435,82
27.1,0.030116801136007273,0.007271638929975795,0.000634668174320843,0.0,0.0,0.029202901068930833,82
27.12,0.030107457273133822,0.007270475908252518,0.0006349546688180916,0.0,0.0,0.02919455767732208,82
27.14,0.030097929277275698,0.007269249332287837,0.0006352396284667015,0.0,0.0,0.0291861444373488,82
27.16,0.03008821267628335,0.007267959777523701,0.0006355230263844915,0.0,0.0,0.029177660574404747,82
27.18,0.030078303036948813,0.007266607642579686,0.0006358048774345752,0.0,0.0,0.029169112712836575,82
27.2,0.030068195985659872,0.007265193284422114,0.0006361201439217102,0.0,0.0,0.029161167247904442,82
27.22,0.030057887229449128,0.00726371714427588,0.0006364348296589567,0.0,0.0,0.029153259514541268,82
27.240000000000002,0.030047372576390965,0.0072621796649627625,0.0006367479731177587,0.0,0.0,0.029145279189357776,82
27.26,0.03003688533847951,0.00726058207274839,0.0006370595214179594,0.0,0.0,0.02913722663998669,82
27.28,0.03002779963233061,0.007258924581153818,0.0006373695102489352,0.0,0.0,0.02912910253689006,82
27.3,0.030018560589704094,0.007257207196142061,0.0006376780077936808,0.0,0.0,0.029120907873568077,82
27.32,0.030009161358196226,0.007255430240993294,0.0006379849256904975,0.0,0.0,0.029112643983534633,82
27.34,0.029999600762982442,0.007253594202082859,0.0006382902083031539,0.0,0.0,0.02910431255375971,82
27.36,0.029989877894808746,0.007251699444650902,0.0006385947363949835,0.0,0.0,0.02909591563441548,82
27.38,0.029979992111873115,0.007249746394111059,0.0006388984542916592,0.0,0.0,0.02908745564487865,82
27.400000000000002,0.02996994303782707,0.007247735482441199,0.0006392022342682382,0.0,0.0,0.029078935376032823,82
27.42,0.02996119567214393,0.007245667147501209,0.000639504952446822,0.0,0.0,0.029070426769215146,82
27.44,0.02995374788254981,0.007243541761466795,0.0006398059962903263,0.0,0.0,0.02906256835327809,82
27.46,0.029946214970813505,0.007241359911892559,0.0006401053434212442,0.0,0.0,0.029054664091801595,82
27.48,0.02993860003486405,0.007239121857959643,0.0006404030072650333,0.0,0.0,0.029046713546109715,82
27.5,0.02993090647571111,0.007236828009137665,0.0006406990341995742,0.0,0.0,0.029038721282188176,82
27.52,0.02992313797964744,0.007234478656270972,0.0006409951508731718,0.0,0.0,0.02903069218187851,82
27.54,0.02991529849781351,0.007232074163623142,0.0006412903927490504,0.0,0.0,0.02902263142361272,83
27.560000000000002,0.029907465129511677,0.00722961488481186,0.0006415839354650157,0.0,0.0,0.029014544460685358,83
27.580000000000002,0.029899947492724076,0.007227101162256824,0.0006418757732483033,0.0,0.0,0.029006436997173722,83
27.6,0.029892371543359064,0.007224533417510667,0.0006421659625485448,0.0,0.0,0.02899831496160682,83
27.62,0.02988474203907332,0.007221911897903771,0.0006424545022156403,0.0,0.0,0.02899018447848114,83
27.64,0.0298772002976266,0.007219236888820887,0.0006427413480380072,0.0,0.0,0.02898205183772825,83
27.66,0.02987038662042282,0.007216508683435969,0.0006430264954879241,0.0,0.0,0.028973923462255947,83
27.68,0.02986353321960783,0.007213727561775397,0.0006433099458937015,0.0,0.0,0.0289658058737121,83
27.7,0.029856645150477795,0.007210893790516623,0.0006435916899392062,0.0,0.0,0.02895770565665741,83
27.72,0.029849727449325222,0.00720800762285775,0.0006438716971423707,0.0,0.0,0.028949629421378582,84
27.740000000000002,0.029842785093424473,0.007205069298460816,0.0006441499650720543,0.0,0.0,0.02894158376562586,85
27.76,0.029835834286026167,0.007202079043471334,0.0006444265017717894,0.0,0.0,0.02893357523561452,85
27.78,0.02982887503492654,0.007199180845407328,0.0006447013156385969,0.0,0.0,0.0289256102866862,85
27.8,0.029821905368414333,0.00719743917386611,0.000644974414464673,0.0,0.0,0.028917695244079545,85
27.82,0.029814929618284036,0.007195637294511657,0.0006452457709521846,0.0,0.0,0.028909836264305648,85
27.84,0.02980795185375761,0.00719377544626328,0.0006455154152494028,0.0,0.0,0.028902039297659887,85
27.86,0.02980097584345153,0.0071918538667243275,0.0006457833887894849,0.0,0.0,0.02889431005242379,85
27.88,0.029794005019493593,0.007189872759454456,0.0006460496452703599,0.0,0.0,0.02888665396131661,85
27.900000000000002,0.02978704244432977,0.007187832519971229,0.0006463142033569344,0.0,0.0,0.028879076150745142,85
27.92,0.029780362977360374,0.007185733164423119,0.000646577240219001,0.0,0.0,0.028871581413371466,85
27.94,0.02977432302450417,0.00718357484039447,0.0006468385436127663,0.0,0.0,0.02886417418447292,85
27.96,0.029768296957840893,0.007181357716254052,0.0006470981275701984,0.0,0.0,0.028856858522508546,85
27.98,0.029762286100039056,0.007179081976512751,0.0006473560026697272,0.0,0.0,0.02884963809423332,85
28.0,0.029756291294415996,0.007176747732820869,0.0006476121781459893,0.0,0.0,0.028842516164619247,85
28.02,0.029750312896509774,0.007174355122554741,0.0006478668709785868,0.0,0.0,0.028835495591750346,85
28.04,0.02974435077050186,0.007171904357199954,0.000648119900592851,0.0,0.0,0.028828578826761632,85
28.060000000000002,0.02973840429044068,0.007169395707374586,0.000648373163375575,0.0,0.0,0.02882176791878582,85
28.080000000000002,0.02973247234610436,0.007166829063770529,0.0006486249725678163,0.0,0.0,0.028815064524760292,85
28.1,0.029726553353221177,0.007164204540391915,0.0006488752219799699,0.0,0.0,0.028808469923825995,85
28.12,0.029720645267639848,0.007161522247696266,0.0006491239573852134,0.0,0.0,0.028801985035923138,85
28.14,0.029714745602908703,0.007158782340729145,0.0006493710980721932,0.0,0.0,0.028795610444054688,85
28.16,0.029708851450589085,0.007155984897571632,0.0006496166529155256,0.0,0.0,0.028789346419553864,85
28.18,0.02970295950249809,0.007153130009056212,0.0006498608644831273,0.0,0.0,0.028783192949560908,85
28.2,0.02969706607396029,0.0071502177755016815,0.0006501175099832971,0.0,0.0,0.028777149765798142,85
28.22,0.029691167127056058,0.007147248371632443,0.0006503902662907436,0.0,0.0,0.028771216373639753,85
28.240000000000002,0.029685258292799433,0.007144221840080328,0.0006506618393754498,0.0,0.0,0.02876539208041782,85
28.26,0.029679339659842107,0.007141138299208987,0.0006509318923364014,0.0,0.0,0.028759676021897808,85
28.28,0.02967341576836668,0.007137997850933657,0.0006512130905419563,0.0,0.0,0.028754067185905327,85
28.3,0.029667467154815934,0.0071348006003539065,0.0006515100446668693,0.0,0.0,0.02874856443219456,85
28.32,0.029661505894360243,0.007131546661169074,0.0006518053202400381,0.0,0.0,0.028743487858923875,85
28.34,0.02965551007218566,0.007128236150002432,0.0006520991884694913,0.0,0.0,0.028738567827192887,86
28.36,0.029649497839347654,0.007124869187662569,0.0006523918545431406,0.0,0.0,0.028733749564736493,86
28.38,0.029643451327916712,0.0071214459005615165,0.0006526859763425356,0.0,0.0,0.028729365684620794,86
28.400000000000002,0.029637349949431225,0.007117966479010934,0.0006529785564416555,0.0,0.0,0.02872511498835017,86
28.42,0.029631186737488217,0.007114431119591063,0.0006532697673967973,0.0,0.0,0.028720960516002262,86
28.44,0.029624954389376994,0.0071108399385618444,0.0006535610437754242,0.0,0.0,0.028716900383058398,86
28.46,0.02961864524205223,0.007107192962885915,0.0006538523399335782,0.0,0.0,0.028712932568130872,86
28.48,0.02961225124725375,0.007103490333465554,0.000654142473515889,0.0,0.0,0.028709054898581717,86
28.5,0.02960576394730717,0.00709973220093269,0.0006544311467885574,0.0,0.0,0.02870526503721852,86
28.52,0.029599174453172446,0.007095918731619442,0.0006547184572149843,0.0,0.0,0.028701560471623054,86
28.54,0.02959247342625403,0.0070920500538966015,0.000655004626700319,0.0,0.0,0.02869793850760767,86
28.560000000000002,0.029585651065347177,0.007088126323280329,0.0006552895111216601,0.0,0.0,0.0286943962681455,86
28.580000000000002,0.029578697099877437,0.007084147701519988,0.0006555736612391167,0.0,0.0,0.02869093069889205,86
28.6,0.029571600790306685,0.007080114348660367,0.0006558566844041393,0.0,0.0,0.028687538581118433,86
28.62,0.029564350936246066,0.0070760264315863335,0.0006561386061480848,0.0,0.0,0.02868421655252866,86
28.64,0.029556935892455893,0.007071884131595182,0.000656419932257262,0.0,0.0,0.028680961136055002,86
28.66,0.02954934359254696,0.007067687616010611,0.0006567003527485726,0.0,0.0,0.02867776877634019,86
28.68,0.029541561579851466,0.007063437059640231,0.0006569800590345071,0.0,0.0,0.0286746358832459,86
28.7,0.029535873383104493,0.007059132732437849,0.0006572590738407615,0.0,0.0,0.02867155888139699,86
28.72,0.02953022495467186,0.007054774773490763,0.0006575369936079367,0.0,0.0,0.02866853426449668,86
28.740000000000002,0.029524444276157604,0.007050363328296866,0.0006578142344770797,0.0,0.0,0.028665558652945008,86
28.76,0.029518521580096,0.007045898599995966,0.0006580905848147187,0.0,0.0,0.028662628853167508,86
28.78,0.029512447066876425,0.0070413807711213906,0.0006583660887990905,0.0,0.0,0.028659741917014665,86
28.8,0.02950621095191423,0.007036810032947511,0.000658640426000913,0.0,0.0,0.02865689519962102,86
28.82,0.029499803509901425,0.0070321865814128815,0.0006589137596488204,0.0,0.0,0.028654086414205734,86
28.84,0.02949321511488601,0.007027510620982446,0.0006591862808387425,0.0,0.0,0.028651313682439707,86
28.86,0.029486519554062604,0.0070227823410973,0.0006594575942972618,0.0,0.0,0.02864857557918461,86
28.88,0.029481991894982087,0.007018001948570654,0.0006597276244989971,0.0,0.0,0.02864587117060883,86
28.900000000000002,0.02947734802888713,0.007013169633284183,0.000659996300741358,0.0,0.0,0.028643200044890654,86
28.92,0.02947258266992634,0.007008285567776241,0.0006602636185250913,0.0,0.0,0.02864056233491803,86
28.94,0.029467803213521514,0.007003349961381251,0.0006605295732923636,0.0,0.0,0.02863795873257733,86
28.96,0.029465332261432907,0.006998362988525098,0.000660794171752722,0.0,0.0,0.028635390494385498,86
28.98,0.029463513659911855,0.006993324802132927,0.0006610580093937111,0.0,0.0,0.028632859438357756,86
29.0,0.029461645902076946,0.006989746028802168,0.0006613207302658102,0.0,0.0,0.028630367932118934,86
29.02,0.02945972886237778,0.006988079709885133,0.0006615824716872648,0.0,0.0,0.028627918872361904,86
29.04,0.02945776279510607,0.0069871687024329115,0.000661843956464107,0.0,0.0,0.028625762101391707,86
29.060000000000002,0.029455748292651348,0.006988317330356768,0.0006621041593215113,0.0,0.0,0.028623781336692636,86
29.080000000000002,0.02945368623582481,0.006989387254148117,0.00066236297092662,0.0,0.0,0.02862185398461495,86
29.1,0.029453239489956075,0.006990378078572803,0.0006626204692018966,0.0,0.0,0.028619984682915618,86
29.12,0.029453018147862896,0.006991289516478273,0.0006628765265061689,0.0,0.0,0.028618178375215818,86
29.14,0.02945281829932925,0.006992121104611564,0.0006631311269844519,0.0,0.0,0.028616440245018176,86
29.16,0.029452643881980056,0.006992872414683188,0.0006633842567138759,0.0,0.0,0.028614775644093014,86
29.18,0.029452498879299432,0.006993542844688295,0.0006636358955900198,0.0,0.0,0.02861319001608706,86
29.2,0.029452387239061913,0.0069941318972738,0.0006638861048788602,0.0,0.0,0.028611688816344464,86
29.22,0.02945231278901206,0.006994639056421065,0.0006641563790933527,0.0,0.0,0.028610277429066616,86
29.240000000000002,0.029452279151032924,0.0069950637884284,0.0006644254969313542,0.0,0.0,0.028608961083063208,87
29.26,0.029452289655146735,0.006995405544089981,0.000664710040897732,0.0,0.0,0.028607744767450986,87
29.28,0.029452351451408933,0.006995663756653474,0.0006650178382852267,0.0,0.0,0.028606633148727915,87
29.3,0.029452475735432877,0.00699583784843882,0.000665324143570102,0.0,0.0,0.028605630490679185,87
29.32,0.029452651641993403,0.006995927229113952,0.000665629153031781,0.0,0.0,0.028604740578550957,87
29.34,0.02945288052074391,0.0069959313023794266,0.0006659327434803615,0.0,0.0,0.028603966648857202,87
29.36,0.02945316304646487,0.006995849468910794,0.0006662345899019549,0.0,0.0,0.028603311326066156,87
29.38,0.029453499161065967,0.006995681125631318,0.0006665469636620674,0.0,0.0,0.028602776567253872,87
29.400000000000002,0.029453888024261327,0.006995425671920202,0.0006668808603602154,0.0,0.0,0.028602363615626777,87
29.42,0.029454327973610476,0.0069950825137274145,0.0006672126313167999,0.0,0.0,0.02860207296361319,87
29.44,0.02945481649441579,0.0069946510842329186,0.0006675422664865314,0.0,0.0,0.028601904326021964,87
29.46,0.02945535019977543,0.00699413081341571,0.0006678697274809833,0.0,0.0,0.028601856623572713,88
29.48,0.029455924820911583,0.006993521132598121,0.0006681949977527387,0.0,0.0,0.028601927976923163,88
29.5,0.02945653520773097,0.006992821514743173,0.0006685180586800489,0.0,0.0,0.0286021157111553,88
29.52,0.029457175339421757,0.006992031449803824,0.0006688389138827155,0.0,0.0,0.028602416370528957,88
29.54,0.029457838344742124,0.006991150462604505,0.0006691575154689175,0.0,0.0,0.028602825743161885,88
29.560000000000002,0.02945987644489106,0.00699017811233212,0.0006694739606515521,0.0,0.0,0.028603338895140745,88
29.580000000000002,0.029463533261174787,0.006989114398560438,0.0006697885841093859,0.0,0.0,0.028603950213404058,88
29.6,0.02946727055044886,0.00698795872540106,0.0006701009013628227,0.0,0.0,0.028604653456562105,88
29.62,0.029471081255356666,0.006986710598653088,0.0006704109338986655,0.0,0.0,0.028605441812637022,88
29.64,0.029474957809777304,0.006985369753062145,0.0006707455761504706,0.0,0.0,0.028606307962528183,88
29.66,0.02947889220592198,0.006983935970380337,0.0006710860003073534,0.0,0.0,0.028607244147849115,88
29.68,0.02948287606427126,0.006982409060060279,0.0006714238308717268,0.0,0.0,0.028608242241661093,88
29.7,0.029487291603518036,0.006980788900960957,0.0006717590672250408,0.0,0.0,0.0286092938205625,88
29.72,0.029491779449599857,0.006979075422956407,0.0006720916760329568,0.0,0.0,0.02861039023659734,88
29.740000000000002,0.029496289595989003,0.006977268614889108,0.000672421622621922,0.0,0.0,0.02861152268752945,88
29.76,0.02950081287964974,0.00697536853658228,0.0006727488813346411,0.0,0.0,0.028612682284192902,88
29.78,0.029505340106382623,0.006973375259861806,0.0006730734689864203,0.0,0.0,0.028613860113865505,88
29.8,0.029509862108578505,0.006971288931743968,0.0006734268115810552,0.0,0.0,0.028615047298905304,88
29.82,0.029514369797833444,0.006969109764265724,0.0006737793144073474,0.0,0.0,0.02861623505021656,88
29.84,0.02951885421233325,0.006966837991505548,0.000674129112753657,0.0,0.0,0.02861741471544421,88
29.86,0.02952330655922253,0.006964473914413924,0.0006744762624779948,0.0,0.0,0.02861857782210363,88
29.88,0.02952771825242712,0.0069620179242990575,0.0006748209208869258,0.0,0.0,0.02861971611611006,89
29.900000000000002,0.02953208094657973,0.006959470388513622,0.000675163193371953,0.0,0.0,0.02862082159635525,90
29.92,0.0295363865677915,0.0069568317228103,0.0006755027482478104,0.0,0.0,0.028621886546075257,90
29.94,0.0295406273420136,0.006954102406581355,0.0006758394513593056,0.0,0.0,0.028622903561756598,90
29.96,0.029544795821646513,0.006951283189977945,0.0006761735499779248,0.0,0.0,0.028623865580244715,90
29.98,0.02954888491089757,0.006948374464247633,0.0006765050255561403,0.0,0.0,0.028624765904562765,90
30.0,0.02955288789017705,0.0069453773218764465,0.0006768340675601907,0.0,0.0,0.028625598228740272,90
30.02,0.02955679843958929,0.006942291839746404,0.0006771603161037869,0.0,0.0,0.02862635666171829,90
30.04,0.02956061066134016,0.006939118664992635,0.0006774842988347705,0.0,0.0,0.028627035750162434,90
30.060000000000002,0.029564319100671414,0.006935858475852561,0.000677805409291976,0.0,0.0,0.02862763049980491,90
30.080000000000002,0.029567918764764816,0.006932511989545199,0.0006781236340997655,0.0,0.0,0.02862813639476773,90
30.1,0.029571405138944393,0.006929079907792509,0.0006784395974682004,0.0,0.0,0.028628549414204563,90
30.12,0.029574774199451762,0.006925562978250372,0.0006787535534879336,0.0,0.0,0.028628866045543343,90
30.14,0.029578022422071817,0.006921961968261111,0.0006790650938269147,0.0,0.0,0.028629083293613574,90
30.16,0.02958114678594015,0.006918277668579562,0.0006793749060395961,0.0,0.0,0.02862919868499436,90
30.18,0.029584144771955357,0.006914510865554419,0.0006796825641683173,0.0,0.0,0.028629210267010107,90
30.2,0.0295870143553394,0.006910662359828022,0.0006799876508453002,0.0,0.0,0.028629116600919356,90
30.22,0.02958975399202193,0.006906732961326305,0.0006802900696940604,0.0,0.0,0.028628916748974078,90
30.240000000000002,0.02959236259866247,0.006902723491417713,0.0006805904915981087,0.0,0.0,0.028628610255163854,90
30.26,0.02959483952625648,0.0068986347760095525,0.0006808887967630835,0.0,0.0,0.02862819711959062,90
30.28,0.029597184527395886,0.006894467644655636,0.0006811851929335491,0.0,0.0,0.028627677766543964,90
30.3,0.029599397717366877,0.00689022292885213,0.0006814802756229259,0.0,0.0,0.028627053006458545,90
30.32,0.029601479529370943,0.006885901460382934,0.0006817738173855777,0.0,0.0,0.028626323992038214,90
30.34,0.02960343066425047,0.00688150406993899,0.000682064691205532,0.0,0.0,0.02862549216892674,90
30.36,0.029605252035192493,0.006878199786974008,0.0006823531476831375,0.0,0.0,0.028624559221396888,90
30.38,0.029606944707977343,0.006875165254650885,0.0006826402073050101,0.0,0.0,0.028623527013623033,90
30.400000000000002,0.029608509837437333,0.00687205376981193,0.0006829260715982805,0.0,0.0,0.028622397527200555,90
30.42,0.02960994860089533,0.006868866165357861,0.0006832110901071164,0.0,0.0,0.028621172795680206,90
30.44,0.02961126212946714,0.006865603225318737,0.0006834939065767189,0.0,0.0,0.028620330765753894,90
30.46,0.029612451438230564,0.006862265712238649,0.0006837746308920506,0.0,0.0,0.02861966374026885,90
30.48,0.029613517356385826,0.006858854403109145,0.0006840532274610019,0.0,0.0,0.028618906932709666,90
30.5,0.029614460458649513,0.006856454994563813,0.0006843299160518725,0.0,0.0,0.028618061884376773,90
30.52,0.02961528099922608,0.006854419865765377,0.0006846047488415707,0.0,0.0,0.02861712985050256,90
30.54,0.029615978849779977,0.006852309622249267,0.0006848775040680512,0.0,0.0,0.028616111739466262,90
30.560000000000002,0.029616553442871466,0.0068501249999057025,0.0006851479703461783,0.0,0.0,0.028615008057521363,90
30.580000000000002,0.029617003722311387,0.006847866729806873,0.0006854171735062626,0.0,0.0,0.02861381886049371,90
30.6,0.02961732810182268,0.006845535537742937,0.0006856859960401462,0.0,0.0,0.028612543713842174,90
30.62,0.029617524433261717,0.00684313214601532,0.0006859552933778018,0.0,0.0,0.028611181662339193,90
30.64,0.029617589985448636,0.006840657270696854,0.000686224292992774,0.0,0.0,0.028609731210425298,90
30.66,0.02961752143438351,0.006838111749953294,0.0006864922310267516,0.0,0.0,0.028608190314020406,91
30.68,0.029617314865294547,0.006835496168233252,0.0006867591944013406,0.0,0.0,0.028606556384244038,91
30.7,0.029616965786588692,0.006832811233475534,0.0006870254696881232,0.0,0.0,0.028604826303122187,91
30.72,0.029616469155374865,0.006830057652403856,0.0006872924043584112,0.0,0.0,0.0286029964509582,91
30.740000000000002,0.029615819413828046,0.0068272361308821675,0.0006875594965620344,0.0,0.0,0.028601062744644256,91
30.76,0.02961501053528536,0.006824347374522657,0.0006878263830425838,0.0,0.0,0.02859902068581273,91
30.78,0.02961403607863504,0.00682139208923453,0.0006880929697381945,0.0,0.0,0.02859686541739713,91
30.8,0.029612889249299706,0.006818370981699919,0.0006883583102644112,0.0,0.0,0.028594591786912725,91
30.82,0.02961156296493887,0.0068152847597660335,0.0006886241363772016,0.0,0.0,0.028592194414590617,91
30.84,0.029610049923913917,0.006812134132745469,0.0006888885086469202,0.0,0.0,0.028589667764417313,92
30.86,0.02960834267457019,0.006808919811619724,0.0006891538083694918,0.0,0.0,0.02858700621614287,92
30.88,0.029606433683491015,0.006805642509143862,0.0006894186284291779,0.0,0.0,0.028584204136420772,92
30.900000000000002,0.029604315401053276,0.006802302939853136,0.0006896832437824019,0.0,0.0,0.028581255947417505,92
30.92,0.0296019803228486,0.006798901819974936,0.0006899473391626758,0.0,0.0,0.028578156191463436,92
30.94,0.02959942104580676,0.006795439867288141,0.0006902118721209165,0.0,0.0,0.02857489959058946,92
30.96,0.0295966303181499,0.006791917801609083,0.0006904762087389342,0.0,0.0,0.02857148110008542,93
30.98,0.029593601082599216,0.006789201298589236,0.0006907400817869434,0.0,0.0,0.028567895955509036,93
31.0,0.029590326512532586,0.006787120561505452,0.0006910035823318065,0.0,0.0,0.02856413971285118,93
31.02,0.029586800041042076,0.0067849775908459305,0.0006912677485045843,0.0,0.0,0.0285602082818131,93
31.04,0.029583015383053312,0.006782773049318559,0.0006915313881375637,0.0,0.0,0.0285560979523644,93
31.060000000000002,0.029578966550842804,0.006780507644146057,0.0006917940028007937,0.0,0.0,0.028551805414924254,93
31.080000000000002,0.029574647863420688,0.006778182081539114,0.0006920580279055546,0.0,0.0,0.02854732777463948,93
31.1,0.029570053950337814,0.006775797068537829,0.000692322527407386,0.0,0.0,0.028542662560323808,93
31.12,0.029565179750532068,0.00677335331329698,0.0006925862038594857,0.0,0.0,0.028537807728677932,93
31.14,0.029560834045466746,0.006770851518579823,0.0006928507711842991,0.0,0.0,0.02853276166443234,93
31.16,0.029556227465392604,0.006768292375424694,0.000693115183692599,0.0,0.0,0.028527523177051487,93
31.18,0.029551326218067216,0.00676567657102086,0.0006933788533244359,0.0,0.0,0.02852209149461411,93
31.2,0.0295461263917089,0.0067630047923962185,0.0006936415202705551,0.0,0.0,0.02851646625544506,93
31.220000000000002,0.029540624325626517,0.006760277887525325,0.0006939029472318944,0.0,0.0,0.028510647498024577,93
31.240000000000002,0.029534816592039784,0.006757496465880048,0.0006941633368568823,0.0,0.0,0.028504635649644623,94
31.26,0.029528699976837852,0.0067546611040524025,0.0006944231840541236,0.0,0.0,0.028498431514223394,94
31.28,0.029522271459646077,0.006751772465964706,0.0006946821169774655,0.0,0.0,0.028492036259629296,94
31.3,0.029515528193520033,0.006748831209106303,0.0006949402038578313,0.0,0.0,0.028485451404807943,94
31.32,0.029508467484539055,0.006745837993286058,0.0006951972649412429,0.0,0.0,0.028478678806950944,94
31.34,0.02950108677152935,0.0067427934651937745,0.0006954529490246282,0.0,0.0,0.02847172064889327,94
31.36,0.02949338360611078,0.006739698243160653,0.0006957074069053378,0.0,0.0,0.02846457942687839,94
31.38,0.02948535563323162,0.006736552951252436,0.0006959605534463298,0.0,0.0,0.028457257938787377,94
31.400000000000002,0.02947700057233071,0.00673335820488944,0.0006962127341787189,0.0,0.0,0.028449975461002842,94
31.42,0.02946831619924924,0.006730114609020295,0.0006964637036859404,0.0,0.0,0.02844269892778223,94
31.44,0.02945930032900126,0.006726822759365401,0.0006967145894555948,0.0,0.0,0.028435251699052883,94
31.46,0.029449950799505346,0.006723483241461438,0.0006969657209852204,0.0,0.0,0.028427637674409093,94
31.48,0.029440265456378064,0.0067200966314942085,0.000697215510832509,0.0,0.0,0.028419861004017607,94
31.5,0.029430242138893035,0.006716663494477575,0.0006974644155627534,0.0,0.0,0.028412071767460148,94
31.52,0.029419991381431313,0.006713184381770641,0.0006977124475243091,0.0,0.0,0.028404338409712092,94
31.54,0.02941202149082178,0.006709659835686652,0.0006979596646946818,0.0,0.0,0.02839645604726242,94
31.560000000000002,0.02940382047975897,0.006706090388858955,0.0006982053634784777,0.0,0.0,0.02838842973926556,94
31.580000000000002,0.029395399503742068,0.0067024768952335095,0.0006984495787377256,0.0,0.0,0.028380264750326258,94
31.6,0.02938676014001564,0.006698819548677836,0.0006986922376729479,0.0,0.0,0.028371966540527482,94
31.62,0.02937789713897481,0.006695118857622687,0.000698933448939944,0.0,0.0,0.028363540754591625,94
31.64,0.02936881309701991,0.006691375533993575,0.0006991735752968776,0.0,0.0,0.028354993209895794,94
31.66,0.02935951064608456,0.006687589779708788,0.0006994122484352663,0.0,0.0,0.028346329883043225,94
31.68,0.02934999243395881,0.006683762051163622,0.0006996500282593892,0.0,0.0,0.02833755689467855,94
31.7,0.029340989694268568,0.006679892792945927,0.0006999100235854129,0.0,0.0,0.02832896038071705,94
31.720000000000002,0.029333098115881372,0.006675982435081993,0.0007001906481307863,0.0,0.0,0.028320363430964546,94
31.740000000000002,0.02932507184986668,0.006672031391516806,0.000700469985080201,0.0,0.0,0.028311685685201468,94
31.76,0.0293169162578465,0.006668040065164703,0.000700748160538465,0.0,0.0,0.028303280016051115,94
31.78,0.029308636700583677,0.006664008845410358,0.0007010256144016897,0.0,0.0,0.028294796071248705,94
31.8,0.029300238504909943,0.006659938134765637,0.0007013018115426843,0.0,0.0,0.028286240379838828,94
31.82,0.029291726927195373,0.006655828317260177,0.0007015768367171015,0.0,0.0,0.02827761943486963,94
31.84,0.029283253065105642,0.006651679694001952,0.0007018505453902507,0.0,0.0,0.028268939654903815,94
31.86,0.029274970611527368,0.006647492599992419,0.0007021230519711658,0.0,0.0,0.02826020734247838,94
31.88,0.02926658918735351,0.00664326765692686,0.0007023942762755524,0.0,0.0,0.028251428639939062,94
31.900000000000002,0.029258113339013812,0.006639005076815426,0.0007026643357522592,0.0,0.0,0.028242609483280258,94
31.92,0.02924954731671583,0.00663525412804753,0.0007029335877464727,0.0,0.0,0.02823375555483932,94
31.94,0.029240895025118976,0.006632536582198442,0.000703201806437826,0.0,0.0,0.028224872235909367,94
31.96,0.029232503295533698,0.0066297774486153895,0.0007034690381116093,0.0,0.0,0.028215964560531714,95
31.98,0.029224136241128424,0.006626977042559804,0.0007037351765164376,0.0,0.0,0.02820703717188557,96
32.0,0.02921569164898541,0.0066241358641875156,0.0007040005925382664,0.0,0.0,0.02819809428278528,96
32.02,0.029207171591814855,0.006621254423085934,0.000704265363269644,0.0,0.0,0.028189139641805645,96
32.04,0.029198577595357683,0.006618332602481303,0.0007045289577308293,0.0,0.0,0.028180176506460788,96
32.06,0.02918991061722461,0.0066153704526893745,0.0007047914975032188,0.0,0.0,0.028171207624656264,96
32.08,0.029181171034806597,0.006612368206135666,0.0007050531653306971,0.0,0.0,0.02816223522531515,96
32.1,0.029172358642743042,0.006609326096066627,0.0007053137329909347,0.0,0.0,0.028153261018659493,96
32.12,0.029163472659943963,0.006606244360640747,0.0007055730905973461,0.0,0.0,0.02814428620613816,96
32.14,0.029154511745635728,0.0066031230914031565,0.0007058313368142154,0.0,0.0,0.028135311499466343,96
32.160000000000004,0.029145863185526366,0.006599962515072745,0.0007060898275988326,0.0,0.0,0.028126337147730322,96
32.18,0.029137199734009345,0.006596763130231593,0.0007063486333894668,0.0,0.0,0.02811736297106105,96
32.2,0.029128453801094852,0.006593524753946522,0.0007066064916784993,0.0,0.0,0.02810838839904018,96
32.22,0.029119622103454732,0.006590247489586453,0.0007068632860384737,0.0,0.0,0.028099412511805574,96
32.24,0.029110700963895175,0.006586931587316312,0.0007071189871355892,0.0,0.0,0.02809043408179269,96
32.26,0.029101686348306195,0.006583577086476315,0.0007073735400427379,0.0,0.0,0.0280814516141853,96
32.28,0.029092999309340735,0.006580184114059404,0.0007076269323854424,0.0,0.0,0.028072463384438875,96
32.3,0.029084211282190662,0.006576752798552361,0.0007078791309497121,0.0,0.0,0.028063467471651584,96
32.32,0.029075315337665657,0.006573283264221664,0.0007081302229357823,0.0,0.0,0.02805446178704854,96
32.34,0.029066306307593635,0.006569775631706326,0.0007083801503295137,0.0,0.0,0.028045444097368213,96
32.36,0.029057178789015425,0.006566230139769097,0.0007086287549779975,0.0,0.0,0.02803641204344491,96
32.38,0.02904792715442752,0.006562646975408382,0.0007088760579785443,0.0,0.0,0.028027363154727307,96
32.4,0.02903854555887115,0.006559026060871575,0.0007091220727112044,0.0,0.0,0.028018294860821906,96
32.42,0.029029027945170198,0.006555367513915268,0.0007093666555397664,0.0,0.0,0.028009204501380263,96
32.44,0.02901936804871727,0.006551671704903848,0.0007096097896311315,0.0,0.0,0.02800008933574543,96
32.46,0.029009559403171764,0.006547938510472546,0.0007098514127093828,0.0,0.0,0.027990946553738107,96
32.480000000000004,0.028999595348277982,0.006544168014732585,0.0007100915953075483,0.0,0.0,0.027981773288806713,96
32.5,0.028989469040754792,0.0065403603314031205,0.0007103310386934253,0.0,0.0,0.02797256663450932,96
32.52,0.028979173468882055,0.006536515575982649,0.000710569204129488,0.0,0.0,0.02796332366496839,96
32.54,0.02896870147104308,0.00653263386641772,0.0007108056527385323,0.0,0.0,0.027954041459573024,96
32.56,0.028958045758113386,0.006528715361898221,0.0007110403488643449,0.0,0.0,0.02794471713183384,96
32.58,0.028947198939244374,0.006524760287440795,0.0007112732276442395,0.0,0.0,0.02793570848280301,96
32.6,0.02893615355030483,0.006520769028532586,0.0007115043113723994,0.0,0.0,0.027926673024846842,96
32.62,0.0289249020840313,0.006516741432634959,0.0007117335126375052,0.0,0.0,0.027917586840951785,96
32.64,0.028913437020813285,0.0065126775978734935,0.0007119607070899005,0.0,0.0,0.02790844753031539,96
32.660000000000004,0.02890175085900066,0.006508577580326036,0.0007121858465287628,0.0,0.0,0.027899435077682545,96
32.68,0.028889836143664152,0.006504441518444707,0.0007124089029683626,0.0,0.0,0.027890552678173055,96
32.7,0.028877685492850767,0.006500269554390856,0.0007126299263339847,0.0,0.0,0.027881610868496505,96
32.72,0.028865291620537966,0.006496061832380444,0.0007128487970124152,0.0,0.0,0.027872608330833073,96
32.74,0.028853052105864755,0.006491818497577897,0.0007130654460814287,0.0,0.0,0.02786383358351186,96
32.76,0.028841965414981543,0.00648753975819286,0.0007132798419202757,0.0,0.0,0.027855057882106408,96
32.78,0.028830671801797415,0.006483225973325965,0.0007134920239524004,0.0,0.0,0.027846219455723523,96
32.8,0.028819166574706852,0.0064788773972366,0.0007137018960986032,0.0,0.0,0.0278373185233809,96
32.82,0.02880744527404262,0.00647449380825325,0.0007139094728840955,0.0,0.0,0.027828355728858892,96
32.84,0.028795503672204938,0.006470075354053824,0.0007141147113555129,0.0,0.0,0.027819332149218647,96
32.86,0.028783437457230956,0.006465996649538316,0.0007143177775410355,0.0,0.0,0.027810249299852006,96
32.88,0.02877268154333663,0.006462369945212106,0.0007145185012784828,0.0,0.0,0.027801109136458065,96
32.9,0.028761744245113307,0.006458706800277691,0.0007147168440629165,0.0,0.0,0.027791914054366693,96
32.92,0.028750624008762778,0.006455007318986493,0.0007149127942020421,0.0,0.0,0.02778266688563011,96
32.94,0.028742284308145825,0.006451271933397261,0.0007151063268636609,0.0,0.0,0.02777337089428279,96
32.96,0.02873429877210816,0.0064475005674513005,0.0007152974428303032,0.0,0.0,0.027764029770135104,96
32.980000000000004,0.028726237088113143,0.0064436932004094125,0.0007154861791914452,0.0,0.0,0.02775464762141796,96
33.0,0.028718103287384167,0.006439849939683201,0.0007156724704075428,0.0,0.0,0.027745228966542447,96
33.02,0.028709916874336536,0.006435970861049631,0.0007158563531047587,0.0,0.0,0.027735778725179835,96
33.04,0.028701665640198736,0.006432056044008054,0.0007160378280831723,0.0,0.0,0.027726302208807802,96
33.06,0.028693354035583412,0.006428105557296573,0.000716216911059436,0.0,0.0,0.027716805110809838,96
33.08,0.028684986844105708,0.006424119461953486,0.0007163935510823316,0.0,0.0,0.027707293496157134,96
33.1,0.028676569169991596,0.006420097799760345,0.0007165677429135456,0.0,0.0,0.027697773790647858,96
33.12,0.028668107499477475,0.006416040602523893,0.0007167394862075249,0.0,0.0,0.027688252769627,96
33.14,0.02865962075278242,0.006411947889061906,0.0007169087817132048,0.0,0.0,0.02767873754606215,96
33.160000000000004,0.028651100685572164,0.006407819761670791,0.00071707565283788,0.0,0.0,0.027669235557806437,96
33.18,0.0286425535465157,0.006403656127552122,0.0007172401013557551,0.0,0.0,0.027659754553839577,96
33.2,0.02863403281419841,0.0063994569425742,0.0007174021277931448,0.0,0.0,0.027650302579242093,96
33.22,0.028626308836324568,0.0063952221927224785,0.0007175617715567794,0.0,0.0,0.027640887958627066,96
33.24,0.028618576908467377,0.00639180502748944,0.0007177190322772422,0.0,0.0,0.027631519277727376,96
33.26,0.028610844143774655,0.006389863471558478,0.0007178738628048206,0.0,0.0,0.02762220536281775,96
33.28,0.028603117813297756,0.006387878219985359,0.0007180262656189423,0.0,0.0,0.02761295525763737,96
33.3,0.028595405317294292,0.006385849111136469,0.000718176242769547,0.0,0.0,0.027603778197476343,96
33.32,0.028587714153212287,0.006383988354862061,0.000718323795790592,0.0,0.0,0.02759468358009383,96
33.34,0.02858009920015268,0.006383310566793063,0.0007184689256180588,0.0,0.0,0.02758568093315329,96
33.36,0.02857289280424063,0.006382950604606187,0.0007186116325128491,0.0,0.0,0.027576779877890246,96
33.38,0.02856572993369567,0.006382541221911018,0.0007187519267757122,0.0,0.0,0.027567990088770703,96
33.4,0.028558618077935284,0.00638208220116408,0.0007188900942910006,0.0,0.0,0.027559321248957776,97
33.42,0.0285515646038749,0.006381573303705258,0.000719025893456936,0.0,0.0,0.027550783001477175,97
33.44,0.028544576698855913,0.0063810142805169195,0.0007191592646869091,0.0,0.0,0.02754238489606202,97
33.46,0.02853766130917341,0.006380404869559157,0.0007192902055015508,0.0,0.0,0.02753413633176068,97
33.480000000000004,0.028530825074410793,0.006379744804143327,0.0007194187194581625,0.0,0.0,0.027526046495508515,97
33.5,0.028524074257918464,0.006379033870335285,0.0007195448409539793,0.0,0.0,0.027518124296990923,97
33.52,0.028517414673912413,0.006378271705788258,0.0007196715417257327,0.0,0.0,0.02751037830026006,97
33.54,0.02851143774867873,0.006377458182558605,0.000719796987450735,0.0,0.0,0.027502816652705025,97
33.56,0.02850678175620937,0.006377953094983702,0.000719920075015724,0.0,0.0,0.02749544701211281,97
33.58,0.028502296906463335,0.0063787912636069635,0.0007200407955067982,0.0,0.0,0.02748827647269037,97
33.6,0.02849798572317344,0.0063795668402271966,0.0007201591392186049,0.0,0.0,0.027481311491042413,97
33.62,0.02849385509893093,0.0063802796402811016,0.0007202753374969147,0.0,0.0,0.02747455781321299,97
33.64,0.028489900190340606,0.0063809294869007615,0.0007203893110941804,0.0,0.0,0.027468020403998556,97
33.660000000000004,0.028486123823765135,0.006381516192614783,0.0007205008735214086,0.0,0.0,0.027461703379823652,97
33.68,0.028482527867437653,0.006382039569352461,0.0007206100929674163,0.0,0.0,0.027455609946536227,97
33.7,0.028479113173744786,0.006382499441728482,0.0007207193120593073,0.0,0.0,0.0274497423435258,97
33.72,0.02847587952928506,0.006383919440779616,0.0007208261604613093,0.0,0.0,0.027444101795589124,97
33.74,0.028472825614123707,0.006386330585093457,0.0007209306352612024,0.0,0.0,0.027438688473962494,97
33.76,0.028469948971617528,0.006388671541298405,0.0007210326771972264,0.0,0.0,0.027433501467896783,97
33.78,0.0284672459900931,0.006390942102928636,0.000721132366077496,0.0,0.0,0.027428538768065013,97
33.8,0.02846471189751708,0.006393142076909055,0.0007212296568842272,0.0,0.0,0.027423797262952646,98
33.82,0.028462340770090896,0.006395271290774047,0.0007213246668298504,0.0,0.0,0.027419272749178873,98
33.84,0.02846012555542851,0.00639732972732274,0.0007214172782054503,0.0,0.0,0.027414959956427384,98
33.86,0.02845805811063513,0.006399317133780135,0.0007215074174645721,0.0,0.0,0.027410852587328356,98
33.88,0.028456129255200743,0.0064012335103369065,0.0007215950561489837,0.0,0.0,0.02740694337223168,98
33.9,0.028454328838170197,0.006403078629234231,0.0007216801957977747,0.0,0.0,0.027403224138361337,98
33.92,0.028452645818570772,0.0064048526642898505,0.0007217628230888494,0.0,0.0,0.02739968589236054,98
33.94,0.02845106835759494,0.00640655526252749,0.0007218429361109249,0.0,0.0,0.027396668135828584,98
33.96,0.028449583920582344,0.006408186352732475,0.0007219205580054281,0.0,0.0,0.027393929683490248,98
33.980000000000004,0.02844817938645123,0.006409745897794378,0.0007219956505030915,0.0,0.0,0.0273915911292047,98
34.0,0.028446841161923902,0.006411233878507788,0.0007220682326464919,0.0,0.0,0.027389390378122245,98
34.02,0.02844555529769863,0.006412650303113584,0.0007221382924804303,0.0,0.0,0.027387315904942037,98
34.04,0.028444307603652682,0.006413995190061357,0.0007222058893170211,0.0,0.0,0.027385356030453733,98
34.06,0.02844308376022639,0.006415268584889175,0.0007222709829917274,0.0,0.0,0.0273834990366921,98
34.08,0.02844186942332818,0.006416470508351414,0.000722349322095953,0.0,0.0,0.027381733275882694,98
34.1,0.02844065032040301,0.006417601023084931,0.0007224517919944864,0.0,0.0,0.027380047270823177,98
34.12,0.028439412335698955,0.006418660205823042,0.0007225517173411572,0.0,0.0,0.02737842980473387,98
34.14,0.028438141583224764,0.006419648146538287,0.000722648887331308,0.0,0.0,0.027376869999066085,98
34.160000000000004,0.028436824466385267,0.006420564947867248,0.0007227433350364785,0.0,0.0,0.0273753573782475,98
34.18,0.028435447723787224,0.0064214107394275155,0.000722835023170784,0.0,0.0,0.027373881920846766,98
34.2,0.028433998461199726,0.006422185654457037,0.0007229239666686948,0.0,0.0,0.027372434097127488,98
34.22,0.0284324641701115,0.006422889897504644,0.0007230102784652317,0.0,0.0,0.027371004893416956,98
34.24,0.028430832733737598,0.006423523520880412,0.0007230938895006978,0.0,0.0,0.02736958582412088,98
34.26,0.028429092421677016,0.00642408667191729,0.0007231747862737223,0.0,0.0,0.02736816893256078,98
34.28,0.02842723187470751,0.006424579497702018,0.0007232529884695368,0.0,0.0,0.027366746782089665,98
34.300000000000004,0.028425240081416465,0.006425002168033588,0.0007233286180888238,0.0,0.0,0.027365312439149327,98
34.32,0.02842312001674872,0.006425354852334785,0.0007234016682927294,0.0,0.0,0.027363859450068077,98
34.34,0.028420851325572514,0.006425637708590501,0.0007234721538840856,0.0,0.0,0.027362381813461217,98
34.36,0.02841842021794802,0.00642585091091819,0.0007235400376177166,0.0,0.0,0.02736087395008881,98
34.38,0.02841581674255645,0.006425994636781043,0.0007236053285970427,0.0,0.0,0.027359330671950358,98
34.4,0.028413031122108343,0.006426069066549517,0.0007236680668200909,0.0,0.0,0.02735774715225565,98
34.42,0.028412197787459594,0.006426074383117573,0.0007237282783501616,0.0,0.0,0.027356118897712712,98
34.44,0.028411505552199144,0.006426010777937954,0.0007237926065793372,0.0,0.0,0.027354441724324663,98
34.46,0.028410694790000645,0.0064258784390441625,0.0007238585258737106,0.0,0.0,0.02735271173759682,98
34.480000000000004,0.0284097597256875,0.0064256775475491565,0.0007239222283381603,0.0,0.0,0.027350925317738188,98
34.5,0.02840951829252841,0.0064254082933026604,0.0007239838202688426,0.0,0.0,0.02734907911011049,98
34.52,0.028409167226300654,0.006425070979391385,0.0007240432872100545,0.0,0.0,0.027347170020851498,98
34.54,0.02840867456754107,0.006424665727247216,0.000724100617873201,0.0,0.0,0.027345195217292735,98
34.56,0.028408035241410765,0.006424192687274275,0.0007241559319563769,0.0,0.0,0.027343152132520806,98
34.58,0.028407244348016964,0.006423652050817689,0.0007242092468513843,0.0,0.0,0.0273410384732108,98
34.6,0.028406297168080488,0.006423044009427132,0.0007242605482670884,0.0,0.0,0.02733885222969597,98
34.62,0.028405467313766187,0.006422368753799453,0.0007243098624537484,0.0,0.0,0.027336824974090596,98
34.64,0.02840596976263276,0.006421626473286669,0.0007243573094139477,0.0,0.0,0.027334873403953557,98
34.660000000000004,0.028406362049788327,0.0064208173553689084,0.0007244029039029935,0.0,0.0,0.027332844840571684,98
34.68,0.028406664988406417,0.006419941585100485,0.0007244465370648658,0.0,0.0,0.027330738508598965,98
34.7,0.028406853827917772,0.006418999346501705,0.0007244882317522679,0.0,0.0,0.027328553960581713,98
34.72,0.02840693762593645,0.006417990821682454,0.000724528008255887,0.0,0.0,0.02732629107729821,98
34.74,0.028406903296197408,0.0064169161794277495,0.0007245659790745621,0.0,0.0,0.02732398009256587,98
34.76,0.02840674979945761,0.006415775590045819,0.0007246021502079421,0.0,0.0,0.027321920180278667,98
34.78,0.028406476660490773,0.006414569232401879,0.0007246365228475527,0.0,0.0,0.0273197832201953,98
34.800000000000004,0.02840608363629752,0.006413616768004999,0.0007246690473699591,0.0,0.0,0.027317570307845332,98
34.82,0.028405570688571868,0.006413370881041268,0.0007247001926035441,0.0,0.0,0.02731528279317542,98
34.84,0.028404937951131203,0.006413055005603649,0.0007247295834433134,0.0,0.0,0.027312922250191426,98
34.86,0.028404185692797762,0.006412669333682262,0.000724757234427799,0.0,0.0,0.027310490442151253,98
34.88,0.02840331427638726,0.006412213992443337,0.0007247830493218139,0.0,0.0,0.027307989282970003,98
34.9,0.02840232411461952,0.006411689115400341,0.0007248070363794718,0.0,0.0,0.02730542079565815,98
34.92,0.028401215623910927,0.006411094841594327,0.0007248292471366299,0.0,0.0,0.02730278706875811,98
34.94,0.028399989177135983,0.006410431307053358,0.0007248496715736406,0.0,0.0,0.027300090211871457,98
34.96,0.02839864505654516,0.0064096986409000415,0.0007248682952165821,0.0,0.0,0.027297332311468966,98
34.980000000000004,0.02839718340809136,0.006408896966657239,0.0007248851348432195,0.0,0.0,0.027294515388239383,99
35.0,0.028395604198435558,0.0064080264063739335,0.0007249002115241346,0.0,0.0,0.027291641357251147,99
35.02,0.028393907175865218,0.006407087080289431,0.0007249135499563142,0.0,0.0,0.027288711992162453,99
35.04,0.028392091836257707,0.006406079107930077,0.0007249252353124969,0.0,0.0,0.027285728894613087,99
35.06,0.02839015739505186,0.0064050026102485174,0.0007249643563929623,0.0,0.0,0.027282693469760366,99
35.08,0.028388102765955683,0.0064038577170446144,0.0007250041560812268,0.0,0.0,0.027279606908684865,99
35.1,0.02838602547899714,0.00640264465212896,0.0007250423656944126,0.0,0.0,0.027276470178094477,99
35.12,0.028384154866516936,0.006401363449605074,0.0007250788719780118,0.0,0.0,0.027273284017415907,99
35.14,0.028382158375423065,0.006400014242695709,0.0007251137008169578,0.0,0.0,0.027270048942998955,99
35.160000000000004,0.02838003364246722,0.006398597176378303,0.0007251472264462841,0.0,0.0,0.02726676525879931,101
35.18,0.0283777780003252,0.006397112404765455,0.0007251791616989919,0.0,0.0,0.02726343307257715,101
35.2,0.028375392907436365,0.0063955600928925545,0.0007252104993932639,0.0,0.0,0.027260052316377903,101
35.22,0.028372878955876143,0.006393940501792738,0.0007252403099517015,0.0,0.0,0.027256622769873572,101
35.24,0.028370230024898958,0.006392253752275801,0.0007252686165187657,0.0,0.0,0.02725314408505126,102
35.26,0.028367714463237687,0.006390500054394299,0.0007252968272969279,0.0,0.0,0.027249615810748938,102
35.28,0.028365198704624135,0.006388679648208005,0.0007253248288168783,0.0,0.0,0.027246037415655185,102
35.300000000000004,0.028362530223069164,0.006387503545777164,0.0007253824190048639,0.0,0.0,0.02724240830859706,102
35.32,0.028361646733337003,0.006387082908020003,0.000725448687401899,0.0,0.0,0.027238727855220597,102
35.34,0.028360969725878465,0.00638713864277393,0.0007255135601304698,0.0,0.0,0.02723499539049765,102
35.36,0.028360212137933837,0.006387118224070358,0.000725577323969858,0.0,0.0,0.02723121022684374,102
35.38,0.028359372546402622,0.006387022036613692,0.0007256398691929056,0.0,0.0,0.027227371657977624,102
35.4,0.028358449488977276,0.006386850459083111,0.000725701163666364,0.0,0.0,0.027223478958968986,102
35.42,0.02835744146028144,0.00638660389339263,0.0007257614170204086,0.0,0.0,0.02721953138318423,102
35.44,0.02835634690576876,0.006386282773795593,0.0007258616579326606,0.0,0.0,0.02721552815703549,102
35.46,0.028355164214399667,0.0063858875108231215,0.0007259665485444166,0.0,0.0,0.027211468473552367,102
35.480000000000004,0.0283538917111431,0.0063854185186415155,0.0007260703721757565,0.0,0.0,0.02720735148582512,102
35.5,0.02835252765029314,0.006384876234941562,0.0007261729614577312,0.0,0.0,0.027203176301311104,102
35.52,0.028351070210455978,0.006384261105710072,0.0007262743462924979,0.0,0.0,0.02719894197786104,102
35.54,0.028349517491859835,0.006383573586729465,0.0007263745548164119,0.0,0.0,0.02719464752211894,102
35.56,0.028347867516387883,0.006382814136732044,0.0007264736673338366,0.0,0.0,0.02719029189069667,102
35.58,0.02834611823045085,0.006381983223097229,0.0007265716871704374,0.0,0.0,0.027185873994240103,102
35.6,0.028344267510525042,0.0063810813201701675,0.0007266686958992461,0.0,0.0,0.02718139270421352,102
35.62,0.028342313170904982,0.006380108908506975,0.0007267648616843267,0.0,0.0,0.0271768468619515,102
35.64,0.028340252972980165,0.006379066474508258,0.0007268601898952651,0.0,0.0,0.027172235289288686,102
35.660000000000004,0.028338084635160025,0.006377954510446455,0.0007269558368249445,0.0,0.0,0.027167556799891884,102
35.68,0.02833580584245344,0.00637677353010013,0.000727051193919117,0.0,0.0,0.027162810210302278,102
35.7,0.028333414254668877,0.006375524024853892,0.0007271459423106141,0.0,0.0,0.027157994349655202,102
35.72,0.028330907512237657,0.006374206531248647,0.000727240319486366,0.0,0.0,0.027153108067082137,102
35.74,0.028328283238776158,0.006372821546984445,0.0007273341627840776,0.0,0.0,0.027148150235913597,102
35.76,0.028325539039680835,0.0063713695639570226,0.000727427956706427,0.0,0.0,0.027143119753980295,102
35.78,0.02832267249628428,0.006369851098598674,0.0007275208298405771,0.0,0.0,0.027138015539544917,103
35.800000000000004,0.02831968115537321,0.00636826666783805,0.0007276127188448287,0.0,0.0,0.02713283652267056,103
35.82,0.028316562514165856,0.006366616803767906,0.0007277037340280446,0.0,0.0,0.02712758163212864,103
35.84,0.028313314001148764,0.006364902084650283,0.0007277940305845844,0.0,0.0,0.027122249778252814,103
35.86,0.028309932953464532,0.006363123058728746,0.0007278833711996867,0.0,0.0,0.027116839832436894,103
35.88,0.028306416591805408,0.006361281181343089,0.000727971852830385,0.0,0.0,0.027111350604238884,103
35.9,0.028302761993987426,0.006359375977385887,0.0007280600053620706,0.0,0.0,0.027105780817273127,103
35.92,0.028298966068541303,0.006357407979340969,0.0007281476772373083,0.0,0.0,0.027100129085234344,103
35.94,0.02829502552974706,0.006355377723734957,0.0007282347467687237,0.0,0.0,0.027094393889487575,103
35.96,0.02829093687554921,0.006353285745382952,0.0007283210327372268,0.0,0.0,0.027088573559668348,103
35.980000000000004,0.028286696369714263,0.006351132825404713,0.0007284064172489268,0.0,0.0,0.027082666258661355,103
36.0,0.028282300029430756,0.0063489195906423004,0.0007284909415399591,0.0,0.0,0.027076669973164037,103
36.02,0.02827774361931048,0.006346646262275062,0.0007285749714095004,0.0,0.0,0.027070582510799548,103
36.04,0.02827302265244159,0.0063443133875799975,0.0007286585014123821,0.0,0.0,0.027064401504434333,103
36.06,0.028268132398787074,0.006342629428784815,0.000728741539365017,0.0,0.0,0.02705812442399811,103
36.08,0.028263067900841786,0.006342427596837787,0.0007288240350229729,0.0,0.0,0.027051748595722437,103
36.1,0.028257823996084244,0.00634215178544135,0.0007289063229440186,0.0,0.0,0.02704527122833675,103
36.12,0.02825239534541373,0.006341802395529143,0.0007289889957130621,0.0,0.0,0.027038689445413724,103
36.14,0.028246776466474166,0.006341379811795367,0.0007290711347684093,0.0,0.0,0.027032000322766415,103
36.160000000000004,0.028240970885922857,0.006340884463684567,0.0007291524069448955,0.0,0.0,0.02702520092958616,103
36.18,0.028234968751330497,0.006340316852471546,0.0007292328255546576,0.0,0.0,0.027018288371886613,103
36.2,0.028228759522126435,0.006339677429367308,0.0007293127050871182,0.0,0.0,0.02701125983678727,103
36.22,0.028222337526559543,0.006338966698635557,0.0007293918458788891,0.0,0.0,0.02700411263622702,103
36.24,0.028215697141269844,0.0063381851366951245,0.0007294702118537838,0.0,0.0,0.026996844248830924,103
36.26,0.028208832825195006,0.006337333321619122,0.00072954775262757,0.0,0.0,0.026989452358843896,103
36.28,0.028201739149546087,0.006336411845974831,0.0007296246056812194,0.0,0.0,0.026981934891274276,103
36.300000000000004,0.02819511689417614,0.00633542126095195,0.0007297006653130826,0.0,0.0,0.02697429004263609,103
36.32,0.028189361934781984,0.006334362158721997,0.0007297761372420635,0.0,0.0,0.026966516306922175,103
36.34,0.028183422083395093,0.006333235099420415,0.0007298508429584904,0.0,0.0,0.02695861249666742,103
36.36,0.028177294856366133,0.006332040706349181,0.0007299249180698288,0.0,0.0,0.026950577759157032,103
36.38,0.028170978058000277,0.006330779618943261,0.0007299981750570645,0.0,0.0,0.026942411587996175,103
36.4,0.02816446978533748,0.006329452487023964,0.0007300707346183355,0.0,0.0,0.026934113830377596,103
36.42,0.02815776842893562,0.006328059967354022,0.0007301425047981278,0.0,0.0,0.026925684690466415,104
36.44,0.0281508726701161,0.006326602728535004,0.0007302133693996368,0.0,0.0,0.02691712472936799,104
36.46,0.028143781475146186,0.0063250814452446135,0.0007302834638290448,0.0,0.0,0.026908434862159072,104
36.480000000000004,0.028136494086823595,0.006323496831922051,0.0007303527888378432,0.0,0.0,0.026899616352453835,104
36.5,0.028129010013898222,0.006321849579500461,0.0007304212191591109,0.0,0.0,0.026890670804945456,104
36.52,0.02812132901872293,0.006320140329176879,0.0007304893845463447,0.0,0.0,0.026881600156320604,104
36.54,0.028113451103472364,0.006318369766084574,0.0007305662112691826,0.0,0.0,0.026872406664891015,104
36.56,0.028105376495211182,0.006316538778646335,0.000730642224402436,0.0,0.0,0.026863092899228072,104
36.58,0.02809710563003311,0.006314648109215574,0.0007307174519384851,0.0,0.0,0.026853661726025883,104
36.6,0.02808863913643413,0.006312698172244811,0.0007307917942973584,0.0,0.0,0.026844116297359392,104
36.62,0.028079977818026652,0.006310689643210431,0.0007308653284330429,0.0,0.0,0.026834460037446797,104
36.64,0.028071122635649915,0.006308623186952352,0.0007309380120399559,0.0,0.0,0.026824696628972446,104
36.660000000000004,0.028062074688884837,0.006306499464911746,0.0007310097667756753,0.0,0.0,0.02681482999897859,104
36.68,0.02805283519694075,0.006304319132374182,0.000731105677498326,0.0,0.0,0.026804864304291066,104
36.7,0.02804340547884616,0.006302082840710803,0.0007312139667759912,0.0,0.0,0.026794803916407352,104
36.72,0.028033786932848356,0.006299791218519234,0.0007313210469119529,0.0,0.0,0.026784653405745394,104
36.74,0.02802398101490592,0.006297444891983654,0.000731426903543032,0.0,0.0,0.026774417525127638,104
36.76,0.028014212755787905,0.006295044528577369,0.0007315315233173915,0.0,0.0,0.026764101192359606,104
36.78,0.02800592370969263,0.006292590726418471,0.0007316348928166968,0.0,0.0,0.02675370947175476,104
36.800000000000004,0.02799751550821605,0.006290084032378072,0.0007317369985586417,0.0,0.0,0.026743247554459646,104
36.82,0.027988993598667748,0.006287525027089934,0.0007318378269960858,0.0,0.0,0.02673272073744576,104
36.84,0.02798037344154871,0.006284914279409757,0.0007319673403961103,0.0,0.0,0.026722134401058716,105
36.86,0.027971645866101992,0.006282342248969678,0.0007321036105245184,0.0,0.0,0.026711493985051928,105
36.88,0.027962821997956726,0.006279725750139785,0.000732238753717862,0.0,0.0,0.026700804963081665,105
36.9,0.027953903418836083,0.0062770586533435375,0.000732372752083184,0.0,0.0,0.02669007281570431,105
36.92,0.027944888924722303,0.006274341481055806,0.0007325055874946958,0.0,0.0,0.026679303001993063,105
36.94,0.02793578215746512,0.0062715747427479415,0.0007326372415559316,0.0,0.0,0.026668500929980757,105
36.96,0.027926596821089444,0.0062687589894479725,0.0007327677194336902,0.0,0.0,0.026657671926233556,105
36.980000000000004,0.027917327941397348,0.006265894655201152,0.0007328969859764923,0.0,0.0,0.026646821204964997,105
37.0,0.02790797674007346,0.006262982210769124,0.0007330250147802221,0.0,0.0,0.026635953837203775,105
37.02,0.027898546076562204,0.006260022118625692,0.0007331518234865307,0.0,0.0,0.026625309298624084,105
37.04,0.027889038532675957,0.006257014830494986,0.0007332774061620019,0.0,0.0,0.02661488015407614,105
37.06,0.027879456382691892,0.0062539607879488835,0.0007334016943889195,0.0,0.0,0.02660444806240554,105
37.08,0.0278698015662327,0.006250860423320611,0.0007335248092887029,0.0,0.0,0.02659401723822713,105
37.1,0.02786007566469648,0.006247714160921812,0.0007336467127841895,0.0,0.0,0.026583591623198285,105
37.12,0.02785027988193845,0.006244522415040838,0.0007337673353853759,0.0,0.0,0.02657317487017394,105
37.14,0.02784041502979115,0.0062412855937559065,0.0007338867199556668,0.0,0.0,0.026562770332276626,105
37.160000000000004,0.027831385848864108,0.006238004100635227,0.0007340047471774508,0.0,0.0,0.026552381057288882,105
37.18,0.027823242690941326,0.006234678329834451,0.0007341213639408484,0.0,0.0,0.026542009787561695,105
37.2,0.027815409058751114,0.006231308723079023,0.0007342365622571015,0.0,0.0,0.026531658965383783,105
37.22,0.027807741691164505,0.006227895938955399,0.0007343503389471656,0.0,0.0,0.026521472184534798,105
37.24,0.027800068791824267,0.006224440040534207,0.0007344626631230161,0.0,0.0,0.026511624472541438,105
37.26,0.027792391298753976,0.006220941408263963,0.000734573496332987,0.0,0.0,0.026501802429712357,105
37.28,0.027784709900830307,0.0062174004211204385,0.0007346828086560335,0.0,0.0,0.026492007440406418,105
37.300000000000004,0.027777025060405636,0.006213817457759826,0.0007347906026293692,0.0,0.0,0.026482240677548674,105
37.32,0.027769337036160007,0.006210192901026779,0.0007348968407427656,0.0,0.0,0.026472503125794584,105
37.34,0.027761645904929418,0.006206527149891329,0.0007350015451266284,0.0,0.0,0.0264627956036651,106
37.36,0.02775395158134473,0.0062028205557881745,0.0007351046356801137,0.0,0.0,0.02645311878348668,106
37.38,0.027746253834279172,0.006199073493410141,0.0007352060923191004,0.0,0.0,0.02644347320813421,106
37.4,0.02773855229932866,0.006195286337796165,0.0007353058942130502,0.0,0.0,0.026433859303802123,106
37.42,0.027730846486824903,0.006191459465352416,0.0007354040221182356,0.0,0.0,0.026424277388304905,106
37.44,0.027723135785184493,0.006187593252516229,0.0007355004577543335,0.0,0.0,0.026414727674712615,106
37.46,0.02771541945970826,0.006183688076029146,0.0007356195278650381,0.0,0.0,0.026405210270438698,106
37.480000000000004,0.027708100667883963,0.006179744311386455,0.0007357535073686902,0.0,0.0,0.0263957251721971,106
37.5,0.027700857019323642,0.006175762333317338,0.0007358858226737598,0.0,0.0,0.026386272257511115,106
37.52,0.027693604104608416,0.0061717425162005676,0.000736016480384801,0.0,0.0,0.02637685127367201,106
37.54,0.027686340613468075,0.006167685233976487,0.0007361454235610631,0.0,0.0,0.02636746182519569,106
37.56,0.027679065060838913,0.0061636876214273975,0.000736272638771647,0.0,0.0,0.026358103360900633,106
37.58,0.027671775774270727,0.006159677632776813,0.000736398071573881,0.0,0.0,0.02634877516172377,106
37.6,0.027664470883057683,0.006155631196165128,0.000736521769334876,0.0,0.0,0.026339476330303407,106
37.62,0.02765714830995177,0.006151548676604076,0.0007366439934659446,0.0,0.0,0.02633027526752732,106
37.64,0.027649805766090083,0.006147430437982432,0.0007367645085552747,0.0,0.0,0.02632141998777534,106
37.660000000000004,0.02764244074949335,0.006143276844533101,0.0007368832817958126,0.0,0.0,0.026312589826059,106
37.68,0.02763505054719359,0.006139088253759871,0.0007370005086904259,0.0,0.0,0.026303783116282856,106
37.7,0.027627632240749184,0.006134865023291989,0.0007371160866766732,0.0,0.0,0.026295362821892633,106
37.72,0.02762018271462978,0.0061306075069214715,0.0007372301567898973,0.0,0.0,0.026286974625045582,106
37.74,0.027612698666727064,0.006126316059972094,0.0007373693904306153,0.0,0.0,0.0262786034448609,106
37.76,0.027605176620088004,0.006121991029804526,0.0007375155481866131,0.0,0.0,0.026270246956540812,106
37.78,0.027597612934890044,0.00611763275701915,0.0007376599873190332,0.0,0.0,0.02626190269946455,106
37.800000000000004,0.027590003819688243,0.0061145815309000375,0.0007378023736526623,0.0,0.0,0.026253568089629836,106
37.82,0.027582345341062024,0.006111652525673307,0.0007379585232152408,0.0,0.0,0.026245240430566287,106
37.84,0.027574633430962857,0.006108687807037963,0.0007381408334386683,0.0,0.0,0.02623691692202006,106
37.86,0.027566863891301144,0.006105687688327682,0.0007383294290290456,0.0,0.0,0.026228882344498862,106
37.88,0.027559032395587345,0.006102652479413713,0.0007385160683039534,0.0,0.0,0.026220924404742975,106
37.9,0.027551134487737047,0.0060995857268679515,0.0007387006001160308,0.0,0.0,0.026212961254285967,106
37.92,0.02754316557843836,0.006096550305390663,0.0007388830369373719,0.0,0.0,0.02620498971028391,106
37.94,0.02753512093973719,0.0060945721893768895,0.0007390634159124406,0.0,0.0,0.026197006489579372,106
37.96,0.02752699569870404,0.006092972593717895,0.0007392417463086827,0.0,0.0,0.02618900820409373,106
37.980000000000004,0.027518784831186017,0.006091335587627192,0.000739418032148066,0.0,0.0,0.02618099135637386,106
38.0,0.027510483156710244,0.006089661453891111,0.0007395923200292378,0.0,0.0,0.026172952336361303,106
38.02,0.027502085335584212,0.006087950476140677,0.0007397646534293532,0.0,0.0,0.026165214290400782,106
38.04,0.02749358586913766,0.006086202936467185,0.0007399353384708195,0.0,0.0,0.02615756620393341,106
38.06,0.027485210977040386,0.006084419115575534,0.0007401040455330806,0.0,0.0,0.026149883751344576,106
38.08,0.027476933655375024,0.006082599569672246,0.0007402989916993373,0.0,0.0,0.026142181020407763,106
38.1,0.02746853674205618,0.006080744360510969,0.0007404933301414529,0.0,0.0,0.02613480045307701,106
38.12,0.027460014189774517,0.006078853719886356,0.000740685688426651,0.0,0.0,0.02612737264925758,106
38.14,0.02745135985861338,0.0060769279382068804,0.0007408761156474641,0.0,0.0,0.026119893411953938,106
38.160000000000004,0.02744256754216017,0.006074967300216438,0.0007410645648637742,0.0,0.0,0.026112358539858018,106
38.18,0.027433630996598443,0.0060729720931889655,0.00074125106923865,0.0,0.0,0.026104763858957804,106
38.2,0.027424543971829744,0.006070942608237942,0.0007414356617860233,0.0,0.0,0.026097105256299453,106
38.22,0.027415300243587376,0.006068879138450999,0.0007416183793260348,0.0,0.0,0.02608937871487392,106
38.24,0.027405893645484212,0.006066781978893221,0.0007417992800455778,0.0,0.0,0.026081580348578597,106
38.26,0.027396318099983042,0.006064651426549217,0.0007419783847742905,0.0,0.0,0.026073706436250395,106
38.28,0.027386567657241435,0.006062487780205635,0.0007421557088590273,0.0,0.0,0.026065753453865744,106
38.300000000000004,0.02737694992277975,0.006060291340277331,0.0007423317657965278,0.0,0.0,0.026057718104143705,106
38.32,0.027367281894589736,0.006058062408581474,0.0007425061268455484,0.0,0.0,0.02604979943337592,106
38.34,0.027357421558296353,0.006055801288065052,0.0007426787855818518,0.0,0.0,0.026041967670214033,106
38.36,0.02734736365288778,0.0060535082834548915,0.0007428497721348152,0.0,0.0,0.026034044851870265,106
38.38,0.02733743209763088,0.00605118369844211,0.0007430190987671523,0.0,0.0,0.02602602881193846,106
38.4,0.027327444686674404,0.006048827836931047,0.0007431868118096692,0.0,0.0,0.026017917705451296,106
38.42,0.02731759351966682,0.006046441002944465,0.0007433529196743023,0.0,0.0,0.026009710016419937,106
38.44,0.02730761585571855,0.006044023499788906,0.000743517541091172,0.0,0.0,0.02600140456200518,106
38.46,0.02729741966628526,0.0060431919426014846,0.000743680739861357,0.0,0.0,0.02599300049367155,106
38.480000000000004,0.02728742023784696,0.0060435999578260045,0.0007438438353794288,0.0,0.0,0.02598449729571486,106
38.5,0.027277190767086536,0.006043964305645165,0.0007440146263353386,0.0,0.0,0.02597589478157015,107
38.52,0.02726672769005399,0.006044285315429743,0.0007441866726128249,0.0,0.0,0.025967193088305487,107
38.54,0.027256027621246955,0.006044563318314257,0.000744357179384291,0.0,0.0,0.02595839266969007,107
38.56,0.02724508733967064,0.006044798645588134,0.0007445315550180835,0.0,0.0,0.02594949428819838,107
38.58,0.027233903773948766,0.0060449916307868,0.0007447243031442602,0.0,0.0,0.025940499006277394,107
38.6,0.027222473986779155,0.006045298093908941,0.0007449153331056094,0.0,0.0,0.02593140817716606,107
38.62,0.027210795158989512,0.006046557379608118,0.0007451046246691931,0.0,0.0,0.025922223435515104,107
38.64,0.027198864573413313,0.006047767902473467,0.0007452921207822105,0.0,0.0,0.025912946688016192,107
38.660000000000004,0.02718719247377003,0.006048930074281994,0.0007454906738481275,0.0,0.0,0.025903580104210067,107
38.68,0.02717712370061196,0.006050044294042192,0.0007457031822871527,0.0,0.0,0.02589412610760738,107
38.7,0.02716751733406235,0.006051110960670598,0.0007459137424647193,0.0,0.0,0.025884587367222524,107
38.72,0.027158067751341122,0.0060521304697088935,0.0007461223553432834,0.0,0.0,0.025875079740803913,107
38.74,0.02714844661926475,0.006053103212048616,0.0007463290135208282,0.0,0.0,0.02586584761538054,107
38.76,0.02713865487974191,0.006054029572570524,0.0007465337171490078,0.0,0.0,0.025856829235917467,107
38.78,0.027128693605910945,0.0060549099278436914,0.0007467364980389573,0.0,0.0,0.025847738266456803,107
38.800000000000004,0.027118563992625536,0.006055744721279017,0.0007469373712412694,0.0,0.0,0.025838578493962306,107
38.82,0.02710826734725503,0.006056534250968511,0.0007471362855922629,0.0,0.0,0.025829353910905396,107
38.84,0.027097805080737378,0.006057278868017541,0.0007473332412207129,0.0,0.0,0.025820068710295692,107
38.86,0.027087178698807605,0.006057978920733449,0.0007475282324760276,0.0,0.0,0.025810727281052572,107
38.88,0.027076389793310923,0.006058634749918736,0.0007477212955749785,0.0,0.0,0.025801334203629744,107
38.9,0.027065440033496965,0.0060592466888880975,0.0007479124262066284,0.0,0.0,0.02579189424579,107
38.92,0.027054331157179104,0.00605981506245091,0.0007481016253434618,0.0,0.0,0.025782412358414032,107
38.94,0.02704306496163103,0.006060340176696748,0.0007482888759310156,0.0,0.0,0.025772893671213326,108
38.96,0.02703164329408164,0.006060822333233819,0.000748477253656474,0.0,0.0,0.025763343488203815,108
38.980000000000004,0.027020068041659337,0.006061261825108271,0.0007486817726664279,0.0,0.0,0.02575376728278458,108
39.0,0.02700834112062742,0.0060616589331620825,0.0007488843027012389,0.0,0.0,0.025744170692252814,108
39.02,0.026996464464745386,0.006062013927145428,0.0007490848787723779,0.0,0.0,0.025734559511576247,108
39.04,0.026984440012585962,0.006062327066823741,0.0007492834649705971,0.0,0.0,0.025724939686234162,108
39.06,0.026973664875913288,0.006062598600168469,0.0007494800451910917,0.0,0.0,0.025715317303931805,108
39.08,0.02696331825609997,0.00606282876521034,0.0007496746123787643,0.0,0.0,0.025705698584990288,108
39.1,0.02695289865723711,0.006063017793689027,0.000749867164320642,0.0,0.0,0.02569608987121545,108
39.12,0.026942410640507952,0.006063165893887715,0.0007500577091547349,0.0,0.0,0.025686497613058065,108
39.14,0.026931858804779985,0.0060632985261743445,0.0007502462278203633,0.0,0.0,0.025677048074068634,108
39.160000000000004,0.02692124776775095,0.0060652020085910485,0.0007504327037514524,0.0,0.0,0.02566788270118285,108
39.18,0.026910590006888925,0.006067327931387035,0.0007506176874588849,0.0,0.0,0.025658753201059554,108
39.2,0.026900721030992034,0.006069407214188427,0.0007508011289668558,0.0,0.0,0.025649666291062665,108
39.22,0.02689085596034395,0.006071439975126088,0.0007509825199641143,0.0,0.0,0.02564062870248511,108
39.24,0.026880948853374397,0.006073426321473721,0.0007511618568760972,0.0,0.0,0.02563164715518094,108
39.26,0.02687174593037895,0.0060753663498451915,0.0007513401374637209,0.0,0.0,0.025622728330266825,108
39.28,0.0268636064786354,0.006077260146454785,0.0007515166519929637,0.0,0.0,0.025613878841168256,108
39.300000000000004,0.026855698324083264,0.006079107787442832,0.0007516911109559361,0.0,0.0,0.025605105203396483,108
39.32,0.026847814138687965,0.0060809093392681654,0.0007518635350474054,0.0,0.0,0.025596413803554135,108
39.34,0.02683995446212523,0.006082664859455496,0.0007520340478507599,0.0,0.0,0.02558781086817584,108
39.36,0.02683212386407924,0.006084374398416073,0.000752202609357479,0.0,0.0,0.025579302433105005,109
39.38,0.026824326650035913,0.0060860379952859854,0.0007523691497174065,0.0,0.0,0.02557089431417983,109
39.4,0.026816566832305797,0.006087689267004386,0.0007525336545427068,0.0,0.0,0.02556259208004047,109
39.42,0.026808848103882163,0.006090237199468085,0.0007527074902281665,0.0,0.0,0.02555440102786587,109
39.44,0.026801173815882776,0.006093394869011541,0.0007529054705976371,0.0,0.0,0.02554632616279443,109
39.46,0.026793546959215625,0.006096502222456788,0.0007531015413899554,0.0,0.0,0.025538372181674717,109
39.480000000000004,0.026785970150945825,0.006099559188140399,0.0007532957767166854,0.0,0.0,0.025530543461630043,109
39.5,0.026778445625630407,0.006102565763048466,0.0007534886553224373,0.0,0.0,0.0255228440537102,109
39.52,0.02677097523164097,0.0061055219407882486,0.0007536799374162317,0.0,0.0,0.02551527768165765,109
39.54,0.02676356043222848,0.006108427713383724,0.0007538692752022145,0.0,0.0,0.025507847745549653,109
39.56,0.02675621136440307,0.006111283070669832,0.0007540566659006584,0.0,0.0,0.025500846108803002,109
39.58,0.026748922293278275,0.006114088001003603,0.0007542421547346784,0.0,0.0,0.0254941331317783,109
39.6,0.026741690997800275,0.0061168424919131915,0.0007544258410257239,0.0,0.0,0.025487564365775386,109
39.62,0.02673451748380746,0.006119546530675432,0.000754607711493378,0.0,0.0,0.02548114202880688,109
39.64,0.026727737623818547,0.006122200105291172,0.0007547877656518991,0.0,0.0,0.02547486808209664,109
39.660000000000004,0.02672111122974166,0.00612480320352258,0.0007549659478480671,0.0,0.0,0.025468744246312538,109
39.68,0.026714540130965986,0.006127355814751285,0.0007551424014583082,0.0,0.0,0.025462772016510423,109
39.7,0.02670803230002852,0.006129923675173553,0.0007553172678332559,0.0,0.0,0.025456952675140563,109
39.72,0.02670157934152485,0.006133238146666298,0.0007554903748745458,0.0,0.0,0.025451287302747268,109
39.74,0.02669517705591372,0.00613649340909569,0.0007556617592370491,0.0,0.0,0.025445776786303408,109
39.76,0.026688823311967747,0.006139689385537511,0.0007558314347907209,0.0,0.0,0.0254404218254364,109
39.78,0.026682515689925357,0.00614347108280692,0.0007559993771673307,0.0,0.0,0.025435222937088785,109
39.800000000000004,0.026676251480361457,0.0061488696327122675,0.000756165814033172,0.0,0.0,0.02543018045938972,109
39.82,0.026670027682974946,0.006154200835508879,0.0007563305776406763,0.0,0.0,0.025425294555668852,109
39.84,0.02666384100628413,0.00615946451814923,0.0007564939977449346,0.0,0.0,0.025420565219607193,109
39.86,0.026657687869185032,0.0061646605125267465,0.0007566559350890537,0.0,0.0,0.02541599228248306,109
39.88,0.026651564405196525,0.006169788655872106,0.0007568162676715978,0.0,0.0,0.02541157542334058,109
39.9,0.026645466470002325,0.00617484879110675,0.0007569750633604092,0.0,0.0,0.025407314182693597,109
39.92,0.026639389652624905,0.006179840767410713,0.0007571323794084067,0.0,0.0,0.02540320798010405,109
39.94,0.02663332929025956,0.006184764441620201,0.0007572882022533326,0.0,0.0,0.025399256135666466,109
39.96,0.026627280486487142,0.006189642232381549,0.0007574425367416739,0.0,0.0,0.02539545789512111,109
39.980000000000004,0.026621246386382313,0.006194458610502904,0.0007575954576297179,0.0,0.0,0.025391812458038315,109
40.0,0.02661521828263563,0.0061992062620146796,0.0007577470675649835,0.0,0.0,0.0253883190082916,109
40.02,0.026609185920989594,0.006203885055989073,0.0007578973455132726,0.0,0.0,0.025384976745887366,109
40.04,0.026603397853246127,0.006208532755255064,0.0007580463194470077,0.0,0.0,0.025381784919155097,109
40.06,0.026597817777931465,0.006213115213584108,0.0007581939269861066,0.0,0.0,0.025378742856324934,109
40.08,0.026592215677386018,0.006217628261166541,0.0007583402943614733,0.0,0.0,0.025375849995620172,109
40.1,0.02658658912591278,0.006222071799716396,0.0007584853130642394,0.0,0.0,0.025373105913155787,109
40.12,0.026581932062137055,0.006226445736954891,0.0007586290339676214,0.0,0.0,0.025370510348138406,109
40.14,0.026578006822891295,0.006230749984094309,0.0007587720401359051,0.0,0.0,0.025368063225084777,109
40.160000000000004,0.02657409114668883,0.006234984455053617,0.0007589153629398345,0.0,0.0,0.025365764672992612,109
40.18,0.026570180936312467,0.006239149065610256,0.0007590573703224543,0.0,0.0,0.025363615041588426,109
40.2,0.026566272148241903,0.006243243732498713,0.0007591983336419587,0.0,0.0,0.025361614914926188,109
40.22,0.026562360796823562,0.006247268372466153,0.0007593382024368104,0.0,0.0,0.025359765122709817,109
40.24,0.02655844295643992,0.006251222901294833,0.0007594769349443691,0.0,0.0,0.02535806674975435,109
40.26,0.026554514762112326,0.006255107232800275,0.0007596143569979256,0.0,0.0,0.025356521143989674,109
40.28,0.026550572408920423,0.00625892127839141,0.000759750477098176,0.0,0.0,0.025355129923350064,109
40.300000000000004,0.026546612150531734,0.006262664944323397,0.0007598853060081866,0.0,0.0,0.025353894981793253,109
40.32,0.02654363022433035,0.006266338132358186,0.0007600193770033458,0.0,0.0,0.025352818494565058,109
40.34,0.026541388134494942,0.006269940738203237,0.0007601531231489992,0.0,0.0,0.025351902922683366,109
40.36,0.02654133238610642,0.006273472650836893,0.0007602870715786991,0.0,0.0,0.025351151016469457,109
40.38,0.026541544390876682,0.006276933750720367,0.000760422030828467,0.0,0.0,0.025350565817818534,109
40.4,0.02654186844162893,0.006280323908993096,0.0007605556906375057,0.0,0.0,0.025350150660783062,109
40.42,0.026542306658005003,0.0062836429870399176,0.0007606880698864287,0.0,0.0,0.025349909169950197,109
40.44,0.026542861397452357,0.006286890835253021,0.0007608192747575391,0.0,0.0,0.025349845256032993,109
40.46,0.026543535245637115,0.006290067292125461,0.0007609499456145172,0.0,0.0,0.025349963108066434,109
40.480000000000004,0.026544331002750075,0.0062931721833847445,0.000761080698614903,0.0,0.0,0.025350267181604366,109
40.5,0.026545251665132705,0.006296205321174015,0.0007612101461129793,0.0,0.0,0.025350762182349322,109
40.52,0.02654630040171672,0.006299166503289275,0.000761338345988221,0.0,0.0,0.02535145304471327,109
40.54,0.026547480524859307,0.0063020555137063925,0.0007614655224497168,0.0,0.0,0.02535234490489607,109
40.56,0.026548795455268174,0.0063048721192344075,0.0007615914526186098,0.0,0.0,0.025353443068180312,109
40.58,0.026550248680835695,0.006307616069946668,0.0007617161443754957,0.0,0.0,0.02535475297026617,109
40.6,0.02655184370934021,0.006310287102158884,0.000761839894965877,0.0,0.0,0.025356280132608815,109
40.62,0.02655358401511761,0.006312884940925237,0.0007619633718826959,0.0,0.0,0.0253580301118656,109
40.64,0.026555472979955082,0.006315413226994079,0.0007620857207709743,0.0,0.0,0.025360008443709295,109
40.660000000000004,0.026557513828607996,0.006317893922301413,0.000762206901397324,0.0,0.0,0.025362220581412284,109
40.68,0.026559709559485493,0.006320300369922655,0.0007623268222058543,0.0,0.0,0.025364671829751398,109
40.7,0.026562062871189767,0.006322632239102247,0.0007624458470506715,0.0,0.0,0.02536736727492221,109
40.72,0.026564580491248848,0.006324889172861942,0.0007625643881399315,0.0,0.0,0.02537031171127997,109
40.74,0.026567268317171717,0.006327070782008666,0.0007626822400832551,0.0,0.0,0.02537387766577331,109
40.76,0.026570119296161914,0.00632917664376523,0.0007627996548402447,0.0,0.0,0.025377704745147688,109
40.78,0.02657313414111293,0.006331206349158048,0.0007629162533935593,0.0,0.0,0.02538179223570194,109
40.800000000000004,0.026576312867892873,0.006333159478599398,0.0007630325074281762,0.0,0.0,0.025386143003937645,109
40.82,0.026579654717675098,0.006335035591707118,0.0007631478512023129,0.0,0.0,0.025390759246663754,110
40.84,0.026583158082744338,0.006336834352326868,0.0007632623358450738,0.0,0.0,0.025395642421338613,110
40.86,0.026586820437080844,0.006338555292916227,0.0007633764224059132,0.0,0.0,0.025400793181357954,110
40.88,0.026590638273027614,0.0063401978708459055,0.0007634900297971429,0.0,0.0,0.025406211317589685,110
40.9,0.026595288469232016,0.006341761630969594,0.000763603594085524,0.0,0.0,0.025412431224600487,110
40.92,0.026601139527783306,0.006343246119427487,0.0007637171492581064,0.0,0.0,0.025418936660178477,110
40.94,0.026607651806371677,0.0063458103984726155,0.0007638306533497717,0.0,0.0,0.025425702344884962,110
40.96,0.02661444116954533,0.006348783966706424,0.0007639439442093228,0.0,0.0,0.02543272419332515,110
40.980000000000004,0.026621409722974974,0.006351669535674039,0.0007640575721292518,0.0,0.0,0.02543999710171089,110
41.0,0.026628549346621788,0.006354466767103181,0.0007641712052722878,0.0,0.0,0.02544751495142674,110
41.02,0.026635850852671204,0.006357175343081705,0.0007642847946996603,0.0,0.0,0.02545527062586608,110
41.04,0.026643304013050158,0.006359794966294131,0.0007643983747535551,0.0,0.0,0.025463256040808693,110
41.06,0.02665089760038566,0.006362325362027251,0.0007645118673568725,0.0,0.0,0.025471462188300077,110
41.08,0.026658619442029276,0.006364766283268744,0.0007646298058993397,0.0,0.0,0.025480431407539663,110
41.1,0.026666456486413317,0.00636711751813353,0.0007647807381866714,0.0,0.0,0.02548960072806113,110
41.12,0.026674474731495708,0.006369378893909153,0.0007649315110057584,0.0,0.0,0.025498957820819516,110
41.14,0.026683521681161882,0.0063715502313893176,0.0007650824129640122,0.0,0.0,0.02550849066124597,110
41.160000000000004,0.026692869728111593,0.00637363140973647,0.0007652334452717945,0.0,0.0,0.02551818669818497,110
41.18,0.026703616317064034,0.006375622347269416,0.0007653843995473784,0.0,0.0,0.025528032958947657,111
41.2,0.026714503997266232,0.006377523000865565,0.0007655352797213151,0.0,0.0,0.025538016158589732,111
41.22,0.026725461995009418,0.006379357372599956,0.0007656860562193132,0.0,0.0,0.025548122811325385,111
41.24,0.02673647505392029,0.006381102930765067,0.000765837321519437,0.0,0.0,0.025558339342018704,111
41.26,0.026747527879658194,0.00638275826841027,0.0007659885294427236,0.0,0.0,0.02556865219579376,111
41.28,0.02675861630495988,0.006384330179206997,0.0007661398499209923,0.0,0.0,0.02557904794396068,111
41.300000000000004,0.026770027087260798,0.006385835425303467,0.0007662910441538095,0.0,0.0,0.025589513384649553,111
41.32,0.026781554149633315,0.0063872508989691,0.0007664594832871417,0.0,0.0,0.025600035636763087,111
41.34,0.026793060937884257,0.006388576784144575,0.0007666486187759676,0.0,0.0,0.0256106022260858,111
41.36,0.026804533406255843,0.00638981333819408,0.0007668376759454434,0.0,0.0,0.02562120116261435,111
41.38,0.02681595799153809,0.006390960847460287,0.0007670266263985123,0.0,0.0,0.025631821008391526,111
41.4,0.026827321668430475,0.006392019628344659,0.0007672247221702305,0.0,0.0,0.02564245093533289,111
41.42,0.026838611994348633,0.006392990023875491,0.0007674329759435279,0.0,0.0,0.025653080772729736,111
41.44,0.026849817143522827,0.006393876090500747,0.0007676408430699528,0.0,0.0,0.025663701044293958,111
41.46,0.02686092593041021,0.006394698740652245,0.0007678483356357213,0.0,0.0,0.02567430299478279,111
41.480000000000004,0.026871927822608378,0.006395434129619679,0.0007680556062183839,0.0,0.0,0.025684878606403425,111
41.5,0.026882812943613738,0.006396082704453089,0.0007682624906546072,0.0,0.0,0.025695420605351342,111
41.52,0.026893572065915684,0.006396644889311147,0.000768469009519028,0.0,0.0,0.025705922458980852,111
41.54,0.026904196595055156,0.006397136079311885,0.0007686752451321848,0.0,0.0,0.025716378364242117,112
41.56,0.026914678545403668,0.0063975571965129655,0.0007688811909481214,0.0,0.0,0.02572678322814445,112
41.58,0.026925010508535366,0.00639789326783102,0.0007690867462750961,0.0,0.0,0.025737132641121215,112
41.6,0.02693518764064862,0.006398176700807629,0.0007692919443556547,0.0,0.0,0.025747688610158234,112
41.62,0.026945211789574746,0.006398377729002786,0.0007694968031551299,0.0,0.0,0.025758319226109792,112
41.64,0.026955066835207923,0.006398495201525494,0.0007697012755276534,0.0,0.0,0.02576888416155911,112
41.660000000000004,0.026964747249763638,0.006398529732232728,0.0007699054345641939,0.0,0.0,0.02577938137069629,112
41.68,0.026974247850517143,0.006398481744365006,0.0007701092017699156,0.0,0.0,0.025789809288529537,112
41.7,0.02698356374692533,0.0063983516785461065,0.000770312520183629,0.0,0.0,0.02580016678486005,112
41.72,0.026992690288534488,0.006398140013587852,0.0007705154046720338,0.0,0.0,0.025810453119362232,112
41.74,0.027001623014907907,0.006397847251719087,0.0007707179255403894,0.0,0.0,0.025820667899003624,112
41.76,0.027010357608739082,0.006397473894639044,0.000770920075671677,0.0,0.0,0.02583081103896902,112
41.78,0.02701888985320983,0.006397020443119737,0.0007711219172764606,0.0,0.0,0.025841174064687333,112
41.800000000000004,0.027027215594508405,0.006396487396700937,0.0007713234115254349,0.0,0.0,0.025851716708567254,112
41.82,0.027035330710240234,0.0063958752540912486,0.0007715245079181204,0.0,0.0,0.02586218831734057,112
41.84,0.027043231084248377,0.006395184512797642,0.0007717252264642859,0.0,0.0,0.025872589752090145,112
41.86,0.027050925191076092,0.006394415747584134,0.0007719256161330964,0.0,0.0,0.025882922070416467,112
41.88,0.027058396632486378,0.006393586969494356,0.0007721257255998684,0.0,0.0,0.02589318652425038,112
41.9,0.02706564093746548,0.006392702838672425,0.0007723256736019415,0.0,0.0,0.02590338456436827,112
41.92,0.027072653895902795,0.006391742059206938,0.0007725254488599446,0.0,0.0,0.02591380631810049,112
41.94,0.02707943127485425,0.006390705162321478,0.0007727250856592446,0.0,0.0,0.025924248583219713,112
41.96,0.027087394807547925,0.006389598707658948,0.0007729245070006376,0.0,0.0,0.025934629346416303,112
41.980000000000004,0.027095662438676876,0.006388472831278229,0.0007731238997192258,0.0,0.0,0.025944951008910505,112
42.0,0.027105523158018386,0.006387272085304847,0.0007733231504319117,0.0,0.0,0.025955216268328418,112
42.02,0.02711587549092761,0.006385996946036534,0.0007735222651148742,0.0,0.0,0.025965428145930645,112
42.04,0.027126107611931464,0.006384647886030342,0.0007737213950770456,0.0,0.0,0.02597559001362905,112
42.06,0.02713768111596761,0.006383225376801481,0.0007739212818715553,0.0,0.0,0.025985781600278472,112
42.08,0.027149717258426045,0.006381729880566759,0.0007741215426493414,0.0,0.0,0.025996303250043512,112
42.1,0.02716170727153896,0.006380161850693705,0.0007743218614534125,0.0,0.0,0.026006787087519714,112
42.12,0.02717365587906404,0.006378521738020618,0.0007745223478970572,0.0,0.0,0.026017238115442282,112
42.14,0.027185568243924627,0.006376809990667176,0.0007747230513108118,0.0,0.0,0.02602766178276983,113
42.160000000000004,0.027197449973639196,0.006375027038571597,0.0007749249394154433,0.0,0.0,0.02603806399035495,114
42.18,0.02720930712001614,0.006373173358322792,0.0007751632625745307,0.0,0.0,0.026048451090876664,114
42.2,0.027221146172790662,0.00637127415438741,0.0007754030019244131,0.0,0.0,0.026058829882713307,114
42.22,0.02723297404695638,0.00636930827460794,0.0007756434904401793,0.0,0.0,0.026069207597509695,114
42.24,0.027244798063599508,0.006367272895797776,0.0007758849714517363,0.0,0.0,0.026079591881247997,114
42.26,0.027256843699314345,0.006365168476005987,0.0007761274046981967,0.0,0.0,0.02608999076867127,114
42.28,0.027269138757507135,0.006362995245628679,0.0007763713650082908,0.0,0.0,0.026100412650932898,114
42.300000000000004,0.027281453485456977,0.0063607535619504265,0.0007766164114212053,0.0,0.0,0.026110866236363727,114
42.32,0.027293807675026177,0.0063584675938314714,0.0007768624156876127,0.0,0.0,0.02612136050426291,114
42.34,0.02730679076953249,0.006356129106808541,0.0007771098292115626,0.0,0.0,0.02613190465163788,114
42.36,0.02731981909046569,0.006353723063110461,0.0007773583829196766,0.0,0.0,0.026142508032846998,114
42.38,0.027332901692966885,0.0063512498178678375,0.0007776078088281161,0.0,0.0,0.026153180092142448,116
42.4,0.027346047637214474,0.006348709611086971,0.0007778584346149991,0.0,0.0,0.02616393028917502,116
42.42,0.02735926590672491,0.0063461026723610784,0.0007781110149960982,0.0,0.0,0.026174768017611146,116
42.44,0.027372915809911053,0.006343429245531383,0.0007783652930990546,0.0,0.0,0.026185702517128203,116
42.46,0.027386750071483314,0.006340689550033647,0.00077862051224966,0.0,0.0,0.026196742779199745,116
42.480000000000004,0.027400681662873395,0.0063378837932496915,0.0007788775422054608,0.0,0.0,0.026208204343111545,116
42.5,0.027415233104466655,0.006335012165741629,0.0007791362982096531,0.0,0.0,0.026220077131371332,116
42.52,0.02742997778746192,0.006332074841713604,0.0007793965233523235,0.0,0.0,0.02623207896447924,116
42.54,0.02744484031663348,0.006329071979647912,0.0007796583622789029,0.0,0.0,0.026244216809611292,116
42.56,0.027459826369899226,0.006326074227620967,0.0007799210323647942,0.0,0.0,0.026256496850483695,116
42.58,0.027474940715208312,0.006324549708625498,0.0007801845311981553,0.0,0.0,0.02626892437585537,117
42.6,0.027490624562195344,0.006322952456665687,0.0007804491934890274,0.0,0.0,0.026281503670632894,117
42.62,0.027506487500952605,0.00632128243380288,0.0007807145848647367,0.0,0.0,0.02629464046972145,117
42.64,0.027522485875004176,0.0063195395917255755,0.0007809804740609586,0.0,0.0,0.02630816434853453,117
42.660000000000004,0.02753861977736404,0.006317723919977044,0.0007812473766367527,0.0,0.0,0.0263218451476465,117
42.68,0.027554887914681303,0.006315852312409975,0.0007815164537474024,0.0,0.0,0.026335682147510506,117
42.7,0.027571287544990504,0.006313945083175968,0.0007817867209397196,0.0,0.0,0.026349673196759404,117
42.72,0.027587814431756646,0.0063119746150479454,0.0007820573764960594,0.0,0.0,0.026363814667035336,117
42.74,0.02760446281609844,0.006309930932645422,0.0007823296888145033,0.0,0.0,0.02637810142604978,117
42.76,0.027621225408714173,0.006307813967615538,0.0007826020048570765,0.0,0.0,0.02639252683039945,117
42.78,0.02763809340259317,0.006305623658003916,0.0007828742434709312,0.0,0.0,0.026407082739221634,117
42.800000000000004,0.027655056507083223,0.006303359951339071,0.000783146408362353,0.0,0.0,0.026421759549259672,117
42.82,0.02767210300332229,0.006301022808958659,0.0007834192544233944,0.0,0.0,0.026436546251347344,117
42.84,0.027689219820452367,0.006298612205389197,0.0007836921916699111,0.0,0.0,0.02645143050772981,117
42.86,0.027706392631440365,0.006296128145601794,0.0007839650987847245,0.0,0.0,0.02646639874904625,117
42.88,0.027723605966761152,0.0062935707217003645,0.0007842373984587618,0.0,0.0,0.026481436289229,117
42.9,0.027740843343677376,0.006290939891516674,0.0007845096621240891,0.0,0.0,0.02649652745605406,117
42.92,0.02775808740840368,0.0062882357179596055,0.0007847810085453243,0.0,0.0,0.02651165573463034,117
42.94,0.027775320088089507,0.006285458296529702,0.0007850597974651206,0.0,0.0,0.0265268039207621,117
42.96,0.02779252274931292,0.006282607753970632,0.0007853942867659124,0.0,0.0,0.026541954280877227,117
42.980000000000004,0.027809682586200927,0.006279684248762839,0.0007857267732098196,0.0,0.0,0.02655708871509495,117
43.0,0.027826779570810704,0.006276687984506389,0.0007860571926187659,0.0,0.0,0.026572188920014284,117
43.02,0.02784378892272422,0.006273619220848912,0.0007863853733324374,0.0,0.0,0.026587236547940422,117
43.04,0.027860691362512804,0.006270478181344849,0.0007867111267437117,0.0,0.0,0.026602213359517433,117
43.06,0.027877467823233,0.0062672652022900495,0.0007870360198646471,0.0,0.0,0.02661710136708993,117
43.08,0.0278940995804913,0.006263980676773836,0.0007873581239449052,0.0,0.0,0.026631882966550634,117
43.1,0.02791057698909382,0.006260624867541238,0.0007876772503364319,0.0,0.0,0.02664654105592035,117
43.12,0.027926877160879684,0.006257198176396781,0.0007879945017491119,0.0,0.0,0.026661059139422724,117
43.14,0.027942979658658502,0.006253701036657507,0.0007883087438260857,0.0,0.0,0.026675421416333115,117
43.160000000000004,0.02795886814704115,0.006251648297848606,0.0007886211375882202,0.0,0.0,0.02668961285437188,118
43.18,0.02797452706630908,0.0062500255168999284,0.0007889309304702211,0.0,0.0,0.02670361924785648,118
43.2,0.027989941673709984,0.006248318316349955,0.0007892372129777685,0.0,0.0,0.02671742726121042,118
43.22,0.02800509807093425,0.006246527334391778,0.0007895396781123363,0.0,0.0,0.026731024458736995,118
43.24,0.028019983218911467,0.006244653243257249,0.0007898385945243774,0.0,0.0,0.026744856991961916,118
43.26,0.02803460013044742,0.006242696795919465,0.0007901342071339741,0.0,0.0,0.026758513459813116,118
43.28,0.02804949623474102,0.006240658678708042,0.0007904281886650596,0.0,0.0,0.026772708660532003,118
43.300000000000004,0.028064086461251563,0.006238539644534396,0.0007907185052020751,0.0,0.0,0.026786821013840934,118
43.32,0.028078371717507114,0.006236340489030689,0.000791004820062284,0.0,0.0,0.026800672931408562,118
43.34,0.028092332411646673,0.0062340620038408324,0.0007912871556589952,0.0,0.0,0.026814257390919517,118
43.36,0.028105960431310483,0.006231705052975783,0.0007915662130757115,0.0,0.0,0.026827568200019306,118
43.38,0.028119248385615435,0.006229282165731648,0.0007918417746782365,0.0,0.0,0.02684059996336493,118
43.4,0.028132189566474845,0.006226788190986142,0.0007921133663506502,0.0,0.0,0.026853348047322197,118
43.42,0.028144777908340274,0.006224218277754925,0.000792381017538301,0.0,0.0,0.026865808543189314,118
43.44,0.028157007947118774,0.006221573267317987,0.000792645096304848,0.0,0.0,0.026878184085778013,118
43.46,0.02816887477889901,0.0062188540138866585,0.0007929052598760664,0.0,0.0,0.026890449324377372,118
43.480000000000004,0.02818037401900773,0.006216061398092774,0.0007931615053134573,0.0,0.0,0.026902419016403535,118
43.5,0.028191944665322044,0.006213196317204789,0.0007934138980714436,0.0,0.0,0.02691409177667952,118
43.52,0.028204064778621293,0.006210259686417976,0.0007936624943352521,0.0,0.0,0.026925466760926182,118
43.54,0.02821673833985882,0.00620725236376873,0.0007939073142424031,0.0,0.0,0.026936543632026938,118
43.56,0.0282290873966297,0.006204175256365794,0.0007941483721541631,0.0,0.0,0.026947322527860234,118
43.58,0.028241111732918427,0.006201059013432526,0.0007943858204226585,0.0,0.0,0.026957804030810013,118
43.6,0.028252811523320612,0.006197885168491612,0.0007946196210772608,0.0,0.0,0.026967989139014135,118
43.62,0.02826418730515086,0.006194667966416934,0.0007948497926235355,0.0,0.0,0.026977879239368632,118
43.64,0.02827523995226227,0.006191384361715266,0.0007950764862557415,0.0,0.0,0.02698747608227007,118
43.660000000000004,0.028285970650529606,0.006188035197868409,0.0007952997079165775,0.0,0.0,0.026996781758050873,118
43.68,0.028296380874923678,0.006184621285459857,0.0007955195067580095,0.0,0.0,0.027005798675037856,118
43.7,0.028306472368085818,0.006181157681368605,0.0007957359847570061,0.0,0.0,0.027014529539145894,118
43.72,0.028316247120295433,0.006177641206521288,0.0007959491266466808,0.0,0.0,0.02702297733490253,118
43.74,0.028325707350710248,0.0061740624563445265,0.0007961589636069163,0.0,0.0,0.027031145307786254,118
43.76,0.02833485548974845,0.006170422339891046,0.0007963655931720672,0.0,0.0,0.027039036947750856,118
43.78,0.0283436941624715,0.006166740771126014,0.0007965690633889196,0.0,0.0,0.02704665597379757,118
43.800000000000004,0.028352268252334365,0.006163014059862752,0.0007967694146631718,0.0,0.0,0.027054006319449424,118
43.82,0.02836093666945162,0.006159228242899324,0.0007969666915631297,0.0,0.0,0.027061092118973607,118
43.84,0.028369436382403575,0.006155384124491105,0.0007971609515780392,0.0,0.0,0.02706791769419065,118
43.86,0.02837797320844347,0.006151482441563318,0.0007973523090077108,0.0,0.0,0.0270744875417023,118
43.88,0.02838621490571613,0.006147523954470075,0.0007975408433233607,0.0,0.0,0.027080806320363117,118
43.9,0.02839416495504645,0.006143509410947531,0.0007977265567768889,0.0,0.0,0.027086878838814818,118
43.92,0.028401826930115753,0.006139439545828727,0.000797909476183081,0.0,0.0,0.027092710042896973,118
43.94,0.028409204482863642,0.006135315080792661,0.0007980896563101711,0.0,0.0,0.02709830500274336,118
43.96,0.02841630132830218,0.0061311624698847204,0.0007982671509646688,0.0,0.0,0.027103668899371058,119
43.980000000000004,0.028423121228544908,0.0061269612282405525,0.0007984420128248679,0.0,0.0,0.027108807010569225,119
44.0,0.028429667975857335,0.006122707443937443,0.0007986143969259519,0.0,0.0,0.02711372469589848,120
44.02,0.02843634191810426,0.006118401909337039,0.0007987842732645876,0.0,0.0,0.027118427380619717,120
44.04,0.028443437752312447,0.006114045135040831,0.0007989516924962858,0.0,0.0,0.02712292053838596,120
44.06,0.028450298235737418,0.006109637873128341,0.0007991168159282113,0.0,0.0,0.027127209672551868,120
44.08,0.028456927893717395,0.006105180760911481,0.0007992795472951857,0.0,0.0,0.027131300295986514,121
44.1,0.02846333120730489,0.006100674284451454,0.0007994400113199993,0.0,0.0,0.027135197909315192,121
44.12,0.028470113488142233,0.006096119050012569,0.0007996025134089028,0.0,0.0,0.02713890797756857,121
44.14,0.028477157105638147,0.006091524217475721,0.0007997657972199064,0.0,0.0,0.027142435905281394,121
44.160000000000004,0.028484013630295634,0.006087237434616161,0.0007999560109099676,0.0,0.0,0.027145787010160446,121
44.18,0.028490687908866233,0.0060833648789219525,0.0008001442509060156,0.0,0.0,0.027148966495530048,121
44.2,0.028497184637052683,0.006079443471174203,0.0008003305148308182,0.0,0.0,0.027151979421862774,122
44.22,0.028503508330333268,0.006075473765195445,0.0008005148193648682,0.0,0.0,0.02715483067781034,123
44.24,0.0285096632948044,0.0060714562973553056,0.0008006974125831479,0.0,0.0,0.027157524951258758,123
44.26,0.028515653598674185,0.006067391593075778,0.0008008793950166923,0.0,0.0,0.027160376750317846,123
44.28,0.028521483045135965,0.006063280115599996,0.0008010595069251065,0.0,0.0,0.027163569766526816,123
44.300000000000004,0.028527155147429255,0.006059122359051656,0.0008012377618950988,0.0,0.0,0.027166626239845525,123
44.32,0.0285326731069457,0.006054918836945064,0.0008014141400790011,0.0,0.0,0.027169540929868397,123
44.34,0.028538039795251286,0.006050679093265729,0.0008015886326930526,0.0,0.0,0.027172317137609987,123
44.36,0.028543257740866284,0.006046397193531694,0.0008017612282738259,0.0,0.0,0.0271749578309011,123
44.38,0.028548329121564787,0.006042070864174233,0.0008019319128176161,0.0,0.0,0.027177465636924705,123
44.4,0.028553255762825497,0.006037700564539325,0.000802100669108969,0.0,0.0,0.027179842840906188,123
44.42,0.02855803914288742,0.0060332867440739965,0.0008022934542644399,0.0,0.0,0.027182091391412158,123
44.44,0.028562680404643482,0.006028829851634964,0.0008025345715647549,0.0,0.0,0.027184212912492192,123
44.46,0.028567180374356,0.0060243303617449956,0.000802777104573645,0.0,0.0,0.02718620872264874,123
44.480000000000004,0.02857153958691373,0.0060197887380388495,0.0008030174411314897,0.0,0.0,0.02718807986035712,123
44.5,0.028575758317089174,0.006015205395571604,0.0008032555502570629,0.0,0.0,0.027189827115596223,123
44.52,0.02857983661601588,0.006010580753068288,0.0008035060522814794,0.0,0.0,0.027191451066612318,123
44.54,0.02858377435190462,0.006005915250456038,0.0008037818200060824,0.0,0.0,0.027192952120937173,123
44.56,0.028587571253868866,0.00600122648657311,0.0008040551595956481,0.0,0.0,0.02719433055953351,123
44.58,0.02859122695764321,0.005996503582311179,0.000804326044181279,0.0,0.0,0.02719558658285369,123
44.6,0.028594741051955763,0.005991741065617677,0.000804594510048934,0.0,0.0,0.027196720357574776,123
44.62,0.028598113124356034,0.005986939379884041,0.0008048605194936101,0.0,0.0,0.027198057286463496,123
44.64,0.02860134280539504,0.005982098972264284,0.0008051348623471942,0.0,0.0,0.027199521498143284,123
44.660000000000004,0.02860442981019373,0.005977220304535055,0.0008054169580160939,0.0,0.0,0.027200863339381227,123
44.68,0.02860737397660513,0.005972303801837751,0.0008056965680917925,0.0,0.0,0.02720208328463236,123
44.7,0.028610175299360874,0.005967349905996584,0.0008059736264973474,0.0,0.0,0.027203181980549745,123
44.72,0.028612833959779437,0.0059623590629974375,0.0008062482196543161,0.0,0.0,0.027204160276213998,123
44.74,0.028615888259747233,0.005957331719626518,0.0008065202423297442,0.0,0.0,0.027205019248709043,123
44.76,0.028618845583129424,0.005952268337670192,0.0008067896953015088,0.0,0.0,0.02720576022395599,123
44.78,0.02862166130592508,0.005947169367818275,0.0008070565816450322,0.0,0.0,0.027206384792849415,123
44.800000000000004,0.028624480476696884,0.005942035234485487,0.0008073209077707524,0.0,0.0,0.027206894822844233,123
44.82,0.028627950463102434,0.005936866380940724,0.0008075826919970622,0.0,0.0,0.027207292465214392,123
44.84,0.02863128182257744,0.0059316750343719644,0.0008078421108809489,0.0,0.0,0.027207580158251372,123
44.86,0.02863447648502735,0.005926456480994962,0.0008080991015981479,0.0,0.0,0.02720776062668998,123
44.88,0.02863753664167555,0.005921204494287317,0.0008083535907096449,0.0,0.0,0.027207836877648706,123
44.9,0.028640467511510215,0.005915919500262019,0.0008086056088809579,0.0,0.0,0.027207812193353432,123
44.92,0.028643278196504016,0.005910601927948068,0.0008088551718416703,0.0,0.0,0.027207690120883008,123
44.94,0.02864596246337506,0.005905266015049621,0.0008091023031230889,0.0,0.0,0.02720759659557516,123
44.96,0.028648523438836972,0.0058999104128671185,0.0008093488389514362,0.0,0.0,0.027207682966433465,123
44.980000000000004,0.028650964442276397,0.005894523432748403,0.0008095977007104533,0.0,0.0,0.027207683591562056,123
45.0,0.02865328896419362,0.005889105482517739,0.0008098443693196152,0.0,0.0,0.02720760292153015,123
45.02,0.02865550064220278,0.005883656963945651,0.0008100888944369082,0.0,0.0,0.02720744558125833,123
45.04,0.028657603234597716,0.00587817828349465,0.0008103312597345335,0.0,0.0,0.027207216344635243,123
45.06,0.02865960059147033,0.005872669836916087,0.0008105714920617154,0.0,0.0,0.027206920106730238,123
45.08,0.028661496623362395,0.005867132006655756,0.000810809645301117,0.0,0.0,0.02720656185358526,123
45.1,0.028663295267436693,0.00586156519381716,0.0008110457956154428,0.0,0.0,0.027206146629574688,123
45.12,0.02866500045117527,0.0058574272707163436,0.0008112799939765926,0.0,0.0,0.027205881324432402,123
45.14,0.02866661605364727,0.0058538515521384,0.0008115121752451645,0.0,0.0,0.027205757285697414,123
45.160000000000004,0.028668145864441632,0.0058502416079389595,0.0008117423358661869,0.0,0.0,0.027205590784973782,123
45.18,0.028669603062841494,0.005846597748491867,0.0008119704914652709,0.0,0.0,0.027205386729213264,123
45.2,0.02867098387983964,0.005843941822749949,0.0008121967039607869,0.0,0.0,0.027205149885770653,123
45.22,0.028672289352817175,0.005841711126109303,0.0008124209736825943,0.0,0.0,0.027204884837170335,123
45.24,0.028673522892068107,0.005839444040520907,0.000812643266744931,0.0,0.0,0.027204595934805623,123
45.26,0.028674699305861768,0.00583714083172814,0.0008128635856719488,0.0,0.0,0.02720428725213435,123
45.28,0.028675808386444557,0.005834801759626403,0.0008130819418263987,0.0,0.0,0.027203962538049013,123
45.300000000000004,0.028676852009007443,0.005832427078003198,0.0008132983313818784,0.0,0.0,0.027203625171210402,123
45.32,0.028677831586071182,0.005830017034762494,0.0008135127544640909,0.0,0.0,0.027203278116232344,123
45.34,0.028678748024459896,0.005827571872238273,0.0008137252396792649,0.0,0.0,0.02720323139851415,123
45.36,0.028679601686015115,0.005825091827549212,0.0008139357065037595,0.0,0.0,0.027203398195812033,123
45.38,0.028680392353085133,0.0058225771817473565,0.000814144148659603,0.0,0.0,0.02720377433928289,123
45.4,0.028681119199803408,0.005821167767842866,0.0008143505620517252,0.0,0.0,0.027204384245828484,123
45.42,0.028681780770102295,0.005820067387062295,0.0008145549127627006,0.0,0.0,0.027204990586382607,123
45.44,0.028682374963295364,0.00581892951368568,0.0008147571722002887,0.0,0.0,0.027205593148727034,123
45.46,0.028683201693014908,0.005817754348742024,0.0008149572855840908,0.0,0.0,0.027206191134632293,123
45.480000000000004,0.028684100721122964,0.005816542091601261,0.0008151795470766936,0.0,0.0,0.0272067831652314,123
45.5,0.028684921596219527,0.0058155195342267,0.0008154159936825512,0.0,0.0,0.02720736729547562,123
45.52,0.028685659665752924,0.00581482012297971,0.0008156501000053068,0.0,0.0,0.027207941037650826,123
45.54,0.028686309689844855,0.005814082923147033,0.0008158818308850471,0.0,0.0,0.02720850139365986,123
45.56,0.02868686587838764,0.005813308148062378,0.0008161393146117756,0.0,0.0,0.027209044895506646,123
45.58,0.028687321935384806,0.00581249596115568,0.0008164234826137602,0.0,0.0,0.027209567653164703,123
45.6,0.02868767110949565,0.005811646554488263,0.0008167804063520381,0.0,0.0,0.027210065408790125,123
45.62,0.02868790624956613,0.005810760126474497,0.000817137964270871,0.0,0.0,0.027210533596059256,123
45.64,0.02868801986380181,0.005809836880735653,0.0008174925617425127,0.0,0.0,0.027210967403282854,123
45.660000000000004,0.02868800418116878,0.005808877010124666,0.000817844160985365,0.0,0.0,0.02721136183887719,123
45.68,0.02868786244336585,0.00580788070687685,0.0008181927449757614,0.0,0.0,0.027211711797760073,123
45.7,0.02868761258919107,0.005806848179499557,0.00081853827015085,0.0,0.0,0.027212012127284288,123
45.72,0.028687621792166353,0.005805779649321664,0.0008188806820508972,0.0,0.0,0.027212257691415824,123
45.74,0.028689086335929932,0.005804675318077712,0.0008192199799983244,0.0,0.0,0.02721244343200307,124
45.76,0.02869061323400819,0.005803535366786494,0.0008195561137242201,0.0,0.0,0.027212564426152993,124
45.78,0.028692024398767675,0.005802359992363494,0.0008198890953195758,0.0,0.0,0.02721261593892209,124
45.800000000000004,0.02869347580226289,0.0058011493994199375,0.0008202188885775933,0.0,0.0,0.027212593470729574,124
45.82,0.02869518364422945,0.005799903792955877,0.0008205454804416471,0.0,0.0,0.027212492799100013,124
45.84,0.02869675881301193,0.005798623378060368,0.0008208688807429005,0.0,0.0,0.027212310014529627,124
45.86,0.028698196492040223,0.0057973083595782415,0.0008211890710669314,0.0,0.0,0.027212041550440408,124
45.88,0.028699492196159828,0.005796766612686125,0.000821506082030871,0.0,0.0,0.027211684207331287,124
45.9,0.02870064178879671,0.00579690284454842,0.0008218223735793798,0.0,0.0,0.02721123517135457,124
45.92,0.02870164149380443,0.005797001093910934,0.0008221388350132589,0.0,0.0,0.02721069202763527,124
45.94,0.028702487902370448,0.005797061549840028,0.0008224524101681559,0.0,0.0,0.02721005276871422,124
45.96,0.02870317797539524,0.005797297399798797,0.0008227629454515913,0.0,0.0,0.027209455070616975,124
45.980000000000004,0.028703709041770126,0.005798026592944644,0.0008230705136560315,0.0,0.0,0.027209009054908313,124
46.0,0.028704078792973677,0.005799205907786605,0.0008233752186435487,0.0,0.0,0.027208462927798945,124
46.02,0.028704285274383293,0.005800344998237275,0.0008236769598782634,0.0,0.0,0.027207816311069402,124
46.04,0.028704326873663654,0.005801444043155701,0.0008239760692229925,0.0,0.0,0.027207069217644084,124
46.06,0.02870420230654971,0.005802503217343514,0.0008242748568700902,0.0,0.0,0.02720622203938144,124
46.08,0.028703993167936422,0.0058035226918962115,0.0008245708396545303,0.0,0.0,0.02720527553261994,124
46.1,0.028704027399072463,0.005804502633227459,0.0008248640499232024,0.0,0.0,0.027204230801701146,124
46.12,0.02870389274887873,0.005805443200111861,0.000825154526547891,0.0,0.0,0.02720308928064015,124
46.14,0.028703589059681053,0.005806344547446171,0.0008254423240352595,0.0,0.0,0.02720185271306518,124
46.160000000000004,0.028703116399313812,0.00580720682434354,0.0008257275034416492,0.0,0.0,0.027200523130504348,124
46.18,0.0287024750351557,0.005808030175025967,0.000826010072806618,0.0,0.0,0.027199102829061524,124
46.2,0.028701665406443696,0.0058088147358221235,0.0008262900754503896,0.0,0.0,0.027197594344494546,124
46.22,0.02870068809485733,0.005809560825472554,0.0008265926748045904,0.0,0.0,0.027196000425693218,124
46.24,0.028699543793359743,0.005810268623877564,0.0008268927501404368,0.0,0.0,0.027194324006549107,124
46.26,0.0286982332732917,0.005810938009330851,0.0008271902734463175,0.0,0.0,0.02719256817621873,124
46.28,0.028696757349740358,0.005811569092636646,0.0008274852921640952,0.0,0.0,0.027190736147806985,124
46.300000000000004,0.028695116845245113,0.005812161976428669,0.0008277778538195159,0.0,0.0,0.027188831225538383,124
46.32,0.02869331255196252,0.005812716757220353,0.0008280680058714334,0.0,0.0,0.027186856770542476,124
46.34,0.0286913451924871,0.005813233524884954,0.0008283557999373384,0.0,0.0,0.027184816165454498,124
46.36,0.028689215379616013,0.005813712362806866,0.000828641301426129,0.0,0.0,0.027182712778122824,124
46.38,0.02868692357545017,0.005814153348118021,0.0008289245437496284,0.0,0.0,0.027180549924818168,124
46.4,0.028684470050336017,0.005814556553220837,0.0008292055640424788,0.0,0.0,0.02717833083345064,124
46.42,0.028681854842269323,0.005814922042838971,0.0008294844095196199,0.0,0.0,0.02717605860741588,124
46.44,0.028679077717492313,0.005815255564208824,0.0008297611215844674,0.0,0.0,0.027173736190800366,124
46.46,0.028676138133113434,0.005815565516220028,0.0008300357440473008,0.0,0.0,0.027171366335771434,124
46.480000000000004,0.028673035202652398,0.0058158378857666735,0.0008303083358646665,0.0,0.0,0.027168951573048706,124
46.5,0.0286697676654524,0.005816072720916949,0.0008305790188789606,0.0,0.0,0.027166494186389657,124
46.52,0.028666771149563536,0.005816270067090604,0.0008308477521490701,0.0,0.0,0.027163996192014456,124
46.54,0.0286636150380768,0.0058164299698149746,0.0008311145768222949,0.0,0.0,0.02716145932383482,124
46.56,0.02866028748034893,0.00581676738083199,0.0008313795181531149,0.0,0.0,0.02715888502523567,124
46.58,0.02865678552207162,0.0058191088460062814,0.0008316426250121388,0.0,0.0,0.027156274447985504,124
46.6,0.028653105769538886,0.005821404797104954,0.0008319039530532552,0.0,0.0,0.027153921288900863,124
46.62,0.028649244398098354,0.005823655155700807,0.0008321635147550219,0.0,0.0,0.027151662677052872,124
46.64,0.028645481787424633,0.005825859843533922,0.0008324213486380687,0.0,0.0,0.02714936905775287,124
46.660000000000004,0.028643474721728752,0.00582801878159818,0.0008326774932351926,0.0,0.0,0.027147040558765455,124
46.68,0.028641353193344894,0.005830131891804778,0.0008329319963495661,0.0,0.0,0.027144829440159293,124
46.7,0.028639115020314965,0.005832199096844721,0.0008331849031280011,0.0,0.0,0.02714282516990488,124
46.72,0.028636757854470105,0.005834220320424757,0.0008334362456027622,0.0,0.0,0.027140784947866158,124
46.74,0.028634279224580485,0.005836195491843824,0.0008337010971220088,0.0,0.0,0.027138708400389008,125
46.76,0.02863167658045332,0.005838124535710813,0.0008339884052114958,0.0,0.0,0.027136595141149657,125
46.78,0.02862894733657134,0.0058400073785834245,0.000834274182706182,0.0,0.0,0.027134816464507015,125
46.800000000000004,0.028626088913941777,0.0058418439484443285,0.0008345655384242089,0.0,0.0,0.02713320466303876,125
46.82,0.028623098778957266,0.005843634171773814,0.0008348577139646995,0.0,0.0,0.02713155453634978,125
46.84,0.028619974478242598,0.005845377978471305,0.000835148483615565,0.0,0.0,0.027129866086721893,126
46.86,0.028616713668656295,0.005847075296534925,0.0008354386825270125,0.0,0.0,0.027128139507790642,126
46.88,0.028613314141820344,0.005850151301384023,0.0008357293971683348,0.0,0.0,0.027126375212479202,126
46.9,0.028609773842749636,0.005853304714637377,0.000836018806163658,0.0,0.0,0.027124573855192236,126
46.92,0.028606090882335247,0.005856407036189296,0.0008363069504024892,0.0,0.0,0.027122736348031428,126
46.94,0.028602263543593538,0.005859458172249374,0.0008365938822157179,0.0,0.0,0.027121018067311056,126
46.96,0.028598290281725856,0.005862458026058225,0.0008368796310861183,0.0,0.0,0.027119517281402133,126
46.980000000000004,0.028594333786849942,0.005865406497326331,0.0008371642377850696,0.0,0.0,0.027117984296225327,126
47.0,0.02859064514503627,0.005868303481700662,0.0008374477571165029,0.0,0.0,0.027116421100335502,126
47.02,0.0285868060670254,0.005871148871410156,0.0008377302223952074,0.0,0.0,0.027114829932569685,126
47.04,0.0285828155805796,0.00587394259702169,0.0008380116633374038,0.0,0.0,0.027113213264436737,126
47.06,0.02857867280068239,0.005876684756760408,0.0008382921163289657,0.0,0.0,0.027111573777910958,126
47.08,0.028574386534589782,0.005879374980797986,0.0008385716159874502,0.0,0.0,0.027109914339044038,126
47.1,0.028569948156754146,0.005882013129364013,0.0008388501946155604,0.0,0.0,0.027108237967849984,126
47.12,0.02856535506786977,0.0058845990600433495,0.0008391278872811288,0.0,0.0,0.027106547804967015,126
47.14,0.028560606377007938,0.005887132631440403,0.0008394047170926009,0.0,0.0,0.02710484707566286,126
47.160000000000004,0.0285557010870825,0.005889613695306035,0.0008396807052898427,0.0,0.0,0.027103139051824696,126
47.18,0.02855063804880635,0.005892042100719208,0.0008399558713014964,0.0,0.0,0.0271014270126631,126
47.2,0.02854541591388383,0.005894417691665857,0.0008402302723495504,0.0,0.0,0.027099714204955588,126
47.22,0.028540330348222794,0.0058967403036590295,0.0008405039993303871,0.0,0.0,0.02709800380375343,126
47.24,0.0285352396173687,0.00589900977219144,0.0008407769404251133,0.0,0.0,0.027096298874568395,126
47.26,0.02852998956489693,0.005901225930529062,0.0008410490970475503,0.0,0.0,0.02709491335493635,126
47.28,0.028524576853684203,0.005903388622693314,0.0008413204671578426,0.0,0.0,0.027093613959163404,126
47.300000000000004,0.02851899320807788,0.005905497669527438,0.0008415910443923673,0.0,0.0,0.02709232780563994,126
47.32,0.028513510716907168,0.005907552916104332,0.0008418608182839219,0.0,0.0,0.027091057210404015,126
47.34,0.028508789289541602,0.005909554186738335,0.0008421297745913228,0.0,0.0,0.027089804251729757,126
47.36,0.02850391772603506,0.005911501322557566,0.0008423978957374004,0.0,0.0,0.02708857076408233,126
47.38,0.02849900107101508,0.005913394168026797,0.0008426651613497676,0.0,0.0,0.02708735834040982,126
47.4,0.02849429629060446,0.0059155631783427524,0.0008429315488940407,0.0,0.0,0.02708616834307132,126
47.42,0.028489427971705644,0.0059190415654085775,0.0008431970345218713,0.0,0.0,0.0270850019233788,126
47.44,0.02848439100429062,0.0059224597460678955,0.0008434615937787953,0.0,0.0,0.0270838600493893,126
47.46,0.028479654176710566,0.005925817542050837,0.0008437288942524819,0.0,0.0,0.027082743541248958,126
47.480000000000004,0.028477599917587824,0.005929136893467757,0.00084403117113573,0.0,0.0,0.027081653113085864,126
47.5,0.028475897243120267,0.005932396879176377,0.0008443324697407269,0.0,0.0,0.02708058942019426,126
47.52,0.028474138302981396,0.0059355995705936875,0.0008446327778885969,0.0,0.0,0.027079553110070886,126
47.54,0.02847231301061875,0.005938777011883564,0.0008449321954993581,0.0,0.0,0.027078544875760807,126
47.56,0.02847054141593431,0.0059418931639573045,0.0008452306375970746,0.0,0.0,0.027077565509952755,126
47.58,0.02846904711380067,0.005944947906738992,0.0008455280517540501,0.0,0.0,0.027076615958326677,126
47.6,0.028467480192720968,0.005947941135943111,0.0008458244468836448,0.0,0.0,0.027075697370786557,126
47.62,0.028465838997356864,0.005950872750162664,0.0008461198119661642,0.0,0.0,0.02707481114939629,126
47.64,0.028464122055028268,0.005953742658457073,0.0008464141647212345,0.0,0.0,0.027073958992054052,126
47.660000000000004,0.02846372964898783,0.0059565511105986015,0.0008467075156331222,0.0,0.0,0.027073142931172512,126
47.68,0.028463568939887256,0.005959298287942713,0.0008469998631546907,0.0,0.0,0.027072365366861383,126
47.7,0.028463386854088155,0.005961983545462466,0.0008472912757461286,0.0,0.0,0.027071629094319087,126
47.72,0.028463187179160507,0.00596460710737446,0.0008475817614516333,0.0,0.0,0.027070937325322002,126
47.74,0.028462965342949686,0.005967168651284572,0.0008478713868496968,0.0,0.0,0.02707029370384482,126
47.76,0.028462723523776257,0.0059696681007633005,0.0008481601632766499,0.0,0.0,0.027069702315952973,126
47.78,0.028462464281055012,0.005972612733421958,0.0008484481213516978,0.0,0.0,0.02706916769417716,126
47.800000000000004,0.028462190551586383,0.005975823191522714,0.0008487353063971208,0.0,0.0,0.02706869481661473,126
47.82,0.028461905640689764,0.0059794907937209445,0.0008490217642624429,0.0,0.0,0.027068289101008686,126
47.84,0.028461613208405404,0.00598309090873181,0.0008493075492036657,0.0,0.0,0.027067956394037414,126
47.86,0.028461317250958053,0.0059866235082895415,0.0008495927173894527,0.0,0.0,0.02706770295601587,126
47.88,0.028461022077633045,0.005990088559233864,0.0008498773261746592,0.0,0.0,0.02706753544116607,126
47.9,0.02846073228317063,0.005993486020080105,0.0008501614333411869,0.0,0.0,0.027067460873570714,126
47.92,0.028460693756880564,0.005996815839932101,0.0008504451151658915,0.0,0.0,0.027067486618881868,127
47.94,0.02846172478141664,0.006000077957515548,0.0008507284134397754,0.0,0.0,0.027067620351825143,127
47.96,0.02846314751197059,0.0060032723015343336,0.0008510113780582091,0.0,0.0,0.027067870019519887,127
47.980000000000004,0.028464631827714568,0.006006398787109352,0.0008512940604459455,0.0,0.0,0.02706824380063569,127
48.0,0.028466189523179555,0.006009457318874731,0.0008515765083545938,0.0,0.0,0.027068750060422964,127
48.02,0.028467818885663923,0.006012447785118992,0.0008518590254786712,0.0,0.0,0.02706939730169748,127
48.04,0.028469526527962693,0.0060153700677117615,0.0008521415759772915,0.0,0.0,0.02707019411192094,127
48.06,0.028471319017541383,0.0060182240341049445,0.0008524240052177125,0.0,0.0,0.027071149106606372,127
48.08,0.028473202813247007,0.006021009528856999,0.0008527063380345294,0.0,0.0,0.027072270869380858,127
48.1,0.028475186371621306,0.006023726391529535,0.0008529885917273264,0.0,0.0,0.027073567889158535,127
48.120000000000005,0.028477283068350647,0.006026374450052756,0.0008532748914272181,0.0,0.0,0.02707504849500605,127
48.14,0.02847948918397168,0.006029071689377094,0.0008535659563298494,0.0,0.0,0.02707672078941238,127
48.160000000000004,0.0284818100587796,0.006032441899402558,0.0008538570552267215,0.0,0.0,0.027078592580798245,127
48.18,0.02848425057570145,0.006035739744592135,0.0008541481703825213,0.0,0.0,0.027080671316205732,127
48.2,0.02848681508981469,0.0060389650146144705,0.000854439879640234,0.0,0.0,0.027082964015187127,127
48.22,0.02848950735995529,0.006042117493121747,0.0008547317276222237,0.0,0.0,0.027085477205955517,127
48.24,0.028492330483484103,0.00604519696038964,0.0008550234547335036,0.0,0.0,0.027088216864861975,127
48.26,0.02849690449322374,0.006048203195138593,0.0008553150041959786,0.0,0.0,0.02709118836022256,127
48.28,0.0285017167294779,0.0060511669766684355,0.0008556063124787267,0.0,0.0,0.027094396401434462,127
48.300000000000004,0.02850671827118093,0.006055621498171315,0.0008558973057335246,0.0,0.0,0.027097844994199902,127
48.32,0.028511910926498983,0.00605999603032727,0.0008561878998222306,0.0,0.0,0.027101537402527725,127
48.34,0.028517295675555266,0.006064290430906885,0.0008564780260774019,0.0,0.0,0.02710547611802043,127
48.36,0.028522872644820414,0.006068504547285221,0.0008567675709714348,0.0,0.0,0.027109662836789693,127
48.38,0.02852864108925279,0.006072658399757838,0.0008570564350172354,0.0,0.0,0.027114098444191992,127
48.4,0.02853459938225861,0.006076751566704476,0.0008573445157057337,0.0,0.0,0.02711878300744809,127
48.42,0.028540745013444672,0.006080764035933903,0.0008576317073681231,0.0,0.0,0.02712371577611246,127
48.44,0.028547074594072054,0.006084695718384727,0.0008579179026102278,0.0,0.0,0.027128895190295165,127
48.46,0.02855358387008421,0.006088546542871885,0.0008582029935823886,0.0,0.0,0.02713431889650456,127
48.480000000000004,0.028560267742570544,0.006092316457406049,0.0008584868727483667,0.0,0.0,0.027140449682443262,127
48.5,0.028567120295523288,0.006096005430510251,0.000858769441563675,0.0,0.0,0.027146871909196832,127
48.52,0.028574134830741362,0.006099613452048801,0.000859050629827488,0.0,0.0,0.027153526160812992,127
48.54,0.02858130390971216,0.006103140585452308,0.0008593303040210881,0.0,0.0,0.027160407220178734,127
48.56,0.028588619402251523,0.006106586905955594,0.0008596083733467086,0.0,0.0,0.02716750926506214,127
48.58,0.02859607254159559,0.006109966121971876,0.0008598847398108174,0.0,0.0,0.027174825926295446,127
48.6,0.028603653985508425,0.006113280345544253,0.0008601593769959113,0.0,0.0,0.02718235035205431,127
48.620000000000005,0.028611353882803815,0.006116513890096825,0.0008604321469164395,0.0,0.0,0.027190075277648752,127
48.64,0.028619161944479853,0.00611966691103199,0.000860702947619343,0.0,0.0,0.027197993100043855,127
48.660000000000004,0.028627067518449175,0.006122739478367314,0.0008609717056118377,0.0,0.0,0.02720609595611342,127
48.68,0.02863505966662791,0.0061257317527898016,0.000861238353165113,0.0,0.0,0.027214375803409956,127
48.7,0.028643127242945605,0.006128643912796459,0.0008615028283893805,0.0,0.0,0.027222824502031895,127
48.72,0.02865125897067128,0.006131476153329451,0.0008617650752518841,0.0,0.0,0.027231433895999184,128
48.74,0.02865944351733873,0.006134228684312068,0.0008620250570654263,0.0,0.0,0.027240195892432106,128
48.76,0.02866766956550678,0.0061369017299735115,0.0008622827501873995,0.0,0.0,0.027249102536775073,128
48.78,0.028675929769301816,0.006139495524819415,0.000862538080979271,0.0,0.0,0.027258146082328228,128
48.800000000000004,0.028684216325962315,0.006142010318002424,0.0008627910217859133,0.0,0.0,0.027267319052444748,128
48.82,0.028692775822772583,0.006144446368704472,0.0008630416865387623,0.0,0.0,0.02727661429391962,128
48.84,0.028703033145685328,0.006146803929698788,0.0008632898957079783,0.0,0.0,0.027286025020325986,128
48.86,0.02871334724954154,0.006149083268055776,0.000863535625011779,0.0,0.0,0.02729554484433758,128
48.88,0.02872371065806867,0.006151284655108455,0.0008637788522571283,0.0,0.0,0.027305167798394665,128
48.9,0.028734116276149645,0.006153408365555332,0.0008640195564740358,0.0,0.0,0.02731488834341253,128
48.92,0.028744557384172503,0.006155454675580637,0.0008642577196642167,0.0,0.0,0.027324701365581835,128
48.94,0.0287550276206695,0.006157423861186316,0.0008644933530083744,0.0,0.0,0.02733460216165608,128
48.96,0.028765520953977202,0.00615931619981563,0.0008647264191196479,0.0,0.0,0.027344586413452998,128
48.980000000000004,0.02877603164395873,0.006161131966570121,0.0008649568735776615,0.0,0.0,0.027354650152605034,128
49.0,0.028786554195107575,0.006162871434241726,0.0008651846908059656,0.0,0.0,0.027364789716872753,128
49.02,0.02879708330259398,0.006164534872663962,0.0008654098485680446,0.0,0.0,0.027375001699576275,128
49.04,0.028807850173897535,0.006166122563356702,0.0008656323135918828,0.0,0.0,0.027385282893899146,128
49.06,0.028818925413226552,0.006167634760823668,0.0008658520412185587,0.0,0.0,0.027395630233969744,128
49.08,0.028829991066916402,0.006169071726834241,0.0008660689691196977,0.0,0.0,0.02740604073471886,128
49.1,0.02884104197681231,0.0061704337167380096,0.0008662830270555731,0.0,0.0,0.027416511432544283,128
49.120000000000005,0.02885207286542426,0.0061717209838000634,0.000866494166146804,0.0,0.0,0.027427039328774817,128
49.14,0.028863078279727908,0.006172933779878733,0.0008667023049737131,0.0,0.0,0.02743762133781275,128
49.160000000000004,0.028874052541184546,0.0061740723588231605,0.0008669073505650917,0.0,0.0,0.027448254241643225,128
49.18,0.02888498970340332,0.00617513696430751,0.0008671092142417523,0.0,0.0,0.027458934652131294,128
49.2,0.02889664712990544,0.006176127838717315,0.0008673078431225658,0.0,0.0,0.027469658982190736,128
49.22,0.028908915600376502,0.00617707471640311,0.0008675125099933825,0.0,0.0,0.02748042342651289,128
49.24,0.028922624291269974,0.006177950593567327,0.0008677442650951618,0.0,0.0,0.027491223952110743,128
49.26,0.02893635374422376,0.006178753391074659,0.0008679723740005079,0.0,0.0,0.027502056298481632,128
49.28,0.028950099311245182,0.006179483350877818,0.0008681967208268348,0.0,0.0,0.027512915986753893,128
49.300000000000004,0.02896385613956921,0.006180140715759324,0.0008684171899133556,0.0,0.0,0.027523798336782066,128
49.32,0.0289776191949857,0.006180725743250018,0.0008686336651375756,0.0,0.0,0.02753469849082225,128
49.34,0.028991383290144637,0.006181238715343665,0.000868846023559149,0.0,0.0,0.027545611442176106,128
49.36,0.029005143116088844,0.006181679830053705,0.0008690541283187079,0.0,0.0,0.027556532067055457,128
49.38,0.029018893275244227,0.006182049339092828,0.0008692578956948107,0.0,0.0,0.027567455157899042,128
49.4,0.02903262831419208,0.006182347495579076,0.000869457170500721,0.0,0.0,0.02757870469411737,128
49.42,0.02904634275474927,0.006182574559235524,0.0008696519257256352,0.0,0.0,0.02759000655125693,128
49.44,0.0290600311221727,0.006182730796884428,0.0008698419878728345,0.0,0.0,0.027601294833131475,128
49.46,0.029073687969657733,0.006182816454478075,0.000870027174912575,0.0,0.0,0.02761256431477957,128
49.480000000000004,0.0290873078986913,0.006182831801432539,0.0008702073669382458,0.0,0.0,0.027623809825891934,128
49.5,0.02910088557521538,0.006182777109261488,0.0008703825966810529,0.0,0.0,0.02763502626727492,128
49.52,0.029114415741926733,0.0061826526421113175,0.0008705527500443933,0.0,0.0,0.02764620862345148,128
49.54,0.029127893227356337,0.006182458674894883,0.0008707176086276329,0.0,0.0,0.027657351972040948,128
49.56,0.029141312952612436,0.006182195486276232,0.0008708770505353107,0.0,0.0,0.027668451490799672,128
49.58,0.029154669936819304,0.006181863358833795,0.0008710309527567739,0.0,0.0,0.027679502463352296,128
49.6,0.029167959302328454,0.00618146257851878,0.0008711792117361562,0.0,0.0,0.027690500284689678,129
49.620000000000005,0.029181176280720356,0.006180993434774836,0.0008713217274607034,0.0,0.0,0.027701440467450867,129
49.64,0.029194316220459236,0.006180456222020864,0.0008714584116051413,0.0,0.0,0.02771231864985257,129
49.660000000000004,0.029207374596827238,0.006179851238513765,0.000871589194956171,0.0,0.0,0.02772313060589364,129
49.68,0.029220347024468733,0.00617917878872409,0.0008717139664297511,0.0,0.0,0.02773387225816834,129
49.7,0.029233229272548893,0.006178439170869231,0.000871832637707992,0.0,0.0,0.027744539693295604,129
49.72,0.02924601728219976,0.006177632701137065,0.0008719987723566652,0.0,0.0,0.027755129179642003,129
49.74,0.02925870718562326,0.006176759682851358,0.0008721720194091611,0.0,0.0,0.02776563718671219,129
49.76,0.029271295325965795,0.006175820430525269,0.0008723396422856474,0.0,0.0,0.027776060405326628,130
49.78,0.029283778276895076,0.006174841388568359,0.0008725016496904279,0.0,0.0,0.027786720483804293,130
49.800000000000004,0.02929615286070573,0.00617380579861011,0.0008726580449465195,0.0,0.0,0.027797538354402265,130
49.82,0.029308416163762323,0.00617270485819522,0.0008728087032860416,0.0,0.0,0.027808262369696708,130
49.84,0.029320565548150965,0.006171538897123337,0.000872953616654799,0.0,0.0,0.027818890282970327,130
49.86,0.029332598658545313,0.006170308278823314,0.0008730927846249188,0.0,0.0,0.027829662156414137,130
49.88,0.029344513423483314,0.006169013287820331,0.0008732261812456872,0.0,0.0,0.027840556310050835,130
49.9,0.029356308050483917,0.006167654252056971,0.0008733538135128036,0.0,0.0,0.027851348743055098,131
49.92,0.029367981014687475,0.006166231500580294,0.0008734756903874956,0.0,0.0,0.02786203837496904,131
49.94,0.02937953104096738,0.006164745362799159,0.0008735918285673634,0.0,0.0,0.02787262438942908,132
49.96,0.029390957079717336,0.0061631961681726105,0.0008737022812568767,0.0,0.0,0.027883106210608875,132
49.980000000000004,0.029402258276758998,0.0061615842459442115,0.0008738070677873394,0.0,0.0,0.02789348347382882,132
50.0,0.0294134339380294,0.006159909928410466,0.0008739062265676678,0.0,0.0,0.027903755990992415,132
50.02,0.029424800678229012,0.0061581735541330115,0.0008740013619311897,0.0,0.0,0.027913923711692816,132
50.04,0.02943617695661446,0.006156375436961112,0.0008740908279910753,0.0,0.0,0.027923986680978508,132
50.06,0.02944742556986813,0.006154515913036348,0.0008741745754889273,0.0,0.0,0.02793394499487315,132
50.08,0.0294585460394318,0.006152596491524761,0.0008742526970238687,0.0,0.0,0.027943798754806515,132
50.1,0.029469539732299075,0.0061506419999701415,0.000874325287851339,0.0,0.0,0.027953548022131933,132
50.120000000000005,0.029480409355606682,0.006148627059385469,0.0008743924034397741,0.0,0.0,0.027963192773876985,132
50.14,0.02949114886584996,0.0061465520787158286,0.00087445413421361,0.0,0.0,0.027972732860802856,132
50.160000000000004,0.02950231991630347,0.006144417286326355,0.0008745105742048996,0.0,0.0,0.027982239624550338,132
50.18,0.02951337677881477,0.0061422230091973135,0.000874561820226773,0.0,0.0,0.02799198885622456,132
50.2,0.02952429904449871,0.00613996957818592,0.0008746079738002736,0.0,0.0,0.028001631049401746,132
50.22,0.029535084964951344,0.006137657325966244,0.0008746491532365318,0.0,0.0,0.028011165214305914,132
50.24,0.02954573248853589,0.006135286588773769,0.0008746854371374087,0.0,0.0,0.028020590087716728,132
50.26,0.029556239245015044,0.006132857709046299,0.0008747169250197806,0.0,0.0,0.028029904119103336,132
50.28,0.029566602535484297,0.006130371404527364,0.0008747437769097672,0.0,0.0,0.028039105462137053,132
50.300000000000004,0.029576819327377865,0.006127827903227795,0.0008747678766464282,0.0,0.0,0.02804819197135621,132
50.32,0.029586886254230865,0.006125227363033019,0.0008747877803744159,0.0,0.0,0.028057161203667896,132
50.34,0.0295968012693887,0.006124004151481711,0.0008748034780197844,0.0,0.0,0.028066010424324845,132
50.36,0.029606568096800012,0.006123127370522507,0.0008748150528390538,0.0,0.0,0.028074736617009002,132
50.38,0.029616175244432923,0.006122181794035463,0.0008748226069999051,0.0,0.0,0.028083336497677195,132
50.4,0.029625624249074195,0.00612116793458499,0.0008748261924422044,0.0,0.0,0.028091806531869292,132
50.42,0.029634905761077742,0.006120086315632005,0.0008748258678074804,0.0,0.0,0.028100142955230153,132
50.44,0.029644010771989235,0.006118937467385558,0.0008748216948530024,0.0,0.0,0.02810834179704181,132
50.46,0.029652933898531034,0.006118025064229887,0.0008748137520886679,0.0,0.0,0.02811639890658938,132
50.480000000000004,0.029661669553323052,0.006117582102773011,0.0008748021746415363,0.0,0.0,0.02812430998218584,132
50.5,0.02967021197389412,0.0061170682843833145,0.000874787209834658,0.0,0.0,0.028132070602653485,132
50.52,0.02967855525381736,0.006116484221872261,0.0008747688357840576,0.0,0.0,0.028139676261005615,133
50.54,0.02968669337563951,0.006115830538168483,0.000874746852079404,0.0,0.0,0.028147122399996907,134
50.56,0.029694620245187493,0.00611510786289523,0.000874721292612391,0.0,0.0,0.028154404449123652,134
50.58,0.029702329726748564,0.006114316833743871,0.0008746921875028146,0.0,0.0,0.02816151786256871,134
50.6,0.02970981567854515,0.006113458091892205,0.0008746595634838001,0.0,0.0,0.028168458157510224,134
50.620000000000005,0.029717071987871248,0.00611253228422607,0.0008746234442983228,0.0,0.0,0.02817522095215901,134
50.64,0.029724092605233107,0.006111540063614717,0.0008745838622759163,0.0,0.0,0.02818180200286536,134
50.660000000000004,0.029730871576844398,0.0061104820876158325,0.00087454082872494,0.0,0.0,0.02818819723964239,134
50.68,0.029737403074868038,0.006109359017937442,0.0008745043954507525,0.0,0.0,0.02819440279949543,134
50.7,0.029743681424868423,0.006108171519861244,0.0008744989691040996,0.0,0.0,0.02820041505701634,134
50.72,0.029751460787830773,0.006106920261631906,0.0008744905081190361,0.0,0.0,0.02820623065179742,134
50.74,0.02975942619735538,0.006105605913817453,0.0008744788501388474,0.0,0.0,0.028211846512329587,134
50.76,0.029767176362300852,0.006104229148646172,0.0008744692992057131,0.0,0.0,0.028217259876169198,134
50.78,0.029774708455375075,0.006102790639325765,0.0008744617573381728,0.0,0.0,0.028222468306276373,134
50.800000000000004,0.029782019974199943,0.006101291059350531,0.0008744511266165879,0.0,0.0,0.028227469703539426,134
50.82,0.02978910875010146,0.006099731081802214,0.0008744374177537766,0.0,0.0,0.028232262315598517,134
50.84,0.029795972953402194,0.006098471807420456,0.0008744206415984485,0.0,0.0,0.02823684474216375,134
50.86,0.029802611095470957,0.006097486104119485,0.0008744334126208535,0.0,0.0,0.028241215937086044,134
50.88,0.02980902202782833,0.006096438873017426,0.0008744447504861248,0.0,0.0,0.028245375207482562,134
50.9,0.029815204938631833,0.006095330802192113,0.0008744533811775966,0.0,0.0,0.02824932221024346,134
50.92,0.02982137414166475,0.006094171584272843,0.0008744593629839157,0.0,0.0,0.028253056946255052,134
50.94,0.029827595278838635,0.006092969817970574,0.0008744628009716533,0.0,0.0,0.028256579752667633,134
50.96,0.029833587253741512,0.006091709222974082,0.0008744636239169163,0.0,0.0,0.02825989129351776,135
50.980000000000004,0.029839350525256124,0.006090390467762621,0.000874461827300747,0.0,0.0,0.028263003061575368,135
51.0,0.02984488584319847,0.006089014213125516,0.0008744573865201614,0.0,0.0,0.02826651150369524,135
51.02,0.029850194235474605,0.00608758111346939,0.0008744504609843038,0.0,0.0,0.02827002854457715,135
51.04,0.02985527699448303,0.00608609181483789,0.0008744410332382796,0.0,0.0,0.028273338921178174,135
51.06,0.029860135662887165,0.006084546955670816,0.0008744289674907235,0.0,0.0,0.028276444753149717,135
51.08,0.029864772018841274,0.006082947166089637,0.0008744142898240313,0.0,0.0,0.028279550840870585,135
51.1,0.029869188060713744,0.006081293067347897,0.0008744045534454699,0.0,0.0,0.028282696796147887,135
51.120000000000005,0.02987338599131395,0.006079585271451109,0.000874426052151183,0.0,0.0,0.02828564557501752,135
51.14,0.029877368201595436,0.006077824380809357,0.0008744451259539255,0.0,0.0,0.028288400199843015,135
51.160000000000004,0.029881137253777175,0.006076011059638167,0.0008744848967449706,0.0,0.0,0.028290963878737894,135
51.18,0.0298846958637998,0.006074146266889212,0.000874537221138381,0.0,0.0,0.028293339988249077,135
51.2,0.029888046883011363,0.006072230219589143,0.0008745870760621995,0.0,0.0,0.028295532055290843,135
51.22,0.029891193278963665,0.006070263461520954,0.000874634607455004,0.0,0.0,0.02829754373821094,135
51.24,0.029894138115190497,0.0060682464746934445,0.0008746798866235453,0.0,0.0,0.028299378806860908,135
51.26,0.029896884529838727,0.006066205197791121,0.0008747232919946394,0.0,0.0,0.028301041121541894,135
51.28,0.029899435713031164,0.006064121994394852,0.0008747666974114471,0.0,0.0,0.028302534610705882,135
51.300000000000004,0.029901794882857408,0.006061990074317933,0.0008748077118910704,0.0,0.0,0.028303863247309005,135
51.32,0.02990396525991783,0.006059809944128475,0.0008748469359695184,0.0,0.0,0.02830503102374312,135
51.34,0.029905950040386663,0.006057582099476819,0.0008748839662917284,0.0,0.0,0.028306041925312407,135
51.36,0.029907752367613814,0.006055307040626399,0.0008749187219510731,0.0,0.0,0.028306899902275764,135
51.38,0.029909375302351698,0.006052985235133219,0.0008749512717585744,0.0,0.0,0.028307608840542085,135
51.4,0.02991082179177355,0.006050617138491662,0.0008749815491922375,0.0,0.0,0.028308172531186462,135
51.42,0.02991209463754033,0.006048203265337505,0.0008750101080692622,0.0,0.0,0.028308594639045413,135
51.44,0.029913196463274255,0.006045744038573467,0.0008750368528097834,0.0,0.0,0.028308878670750607,135
51.46,0.02991412968190231,0.006043239863509411,0.0008750618164893086,0.0,0.0,0.02830902794266595,135
51.480000000000004,0.029914896463438825,0.0060421029908268396,0.0008750846392885703,0.0,0.0,0.02830904554929853,135
51.5,0.029915498703875467,0.006041530665292724,0.0008751053893212408,0.0,0.0,0.028308934332853333,136
51.52,0.02991593799593153,0.006040908485601454,0.0008751241352964344,0.0,0.0,0.028308696854686243,136
51.54,0.029916215602479077,0.00604023684429382,0.0008751410681768608,0.0,0.0,0.028308335369471263,136
51.56,0.029916332433486795,0.0060395161355810915,0.0008751559764264108,0.0,0.0,0.028307851802927685,136
51.58,0.029916289027317525,0.006038746680195042,0.0008751696089580989,0.0,0.0,0.028307247733943355,136
51.6,0.029916085537157508,0.006037928838846635,0.0008751855114736678,0.0,0.0,0.028306524381873657,136
51.620000000000005,0.029915721723251843,0.006037062974022863,0.0008752003017884801,0.0,0.0,0.028305682599692242,136
51.64,0.029915196951467,0.006036149441628486,0.0008752133242149709,0.0,0.0,0.02830472287351532,136
51.660000000000004,0.02991451019850485,0.006035188592801013,0.0008752246073624374,0.0,0.0,0.02830364532882547,136
51.68,0.029913660063861886,0.006034180784448949,0.0008752341852240777,0.0,0.0,0.028302449743489645,136
51.7,0.029912644788375416,0.006033126371470248,0.0008752421333528992,0.0,0.0,0.028301135567414298,136
51.72,0.029911626969758534,0.0060320257107536555,0.0008752486848424825,0.0,0.0,0.02829970194842448,136
51.74,0.029911197764097223,0.006030905694485056,0.0008752539320131232,0.0,0.0,0.028298147763710063,136
51.76,0.029911121820610898,0.006029744174760157,0.0008752577102075646,0.0,0.0,0.02829647165597012,136
51.78,0.029910898090601084,0.0060285375483875,0.0008752601219305708,0.0,0.0,0.02829467207321839,137
51.800000000000004,0.02991049421210729,0.0060272862074364835,0.0008752611495824776,0.0,0.0,0.02829274731110242,137
51.82,0.029909906953891608,0.006025990512852152,0.0008752610349890889,0.0,0.0,0.028290695556539746,137
51.84,0.029909132979794674,0.006024650830953903,0.0008752599358542611,0.0,0.0,0.028288514931489487,137
51.86,0.029908168889976303,0.006023267543436305,0.0008752575889847521,0.0,0.0,0.028286203535749527,137
51.88,0.02990701126012899,0.006021841036454961,0.0008752544028707631,0.0,0.0,0.028283759487790824,137
51.9,0.029905656677830766,0.006020371704454133,0.0008752508355690976,0.0,0.0,0.02828118096279851,137
51.92,0.029904101775384315,0.006018859955583132,0.0008752463660758412,0.0,0.0,0.02827846622726963,137
51.94,0.02990234325867865,0.006017306171612929,0.0008752419077903349,0.0,0.0,0.02827561366970729,137
51.96,0.029900377931795678,0.006015710755372683,0.0008752367950155169,0.0,0.0,0.028272621827137585,137
51.980000000000004,0.029898202717256038,0.006014074143071604,0.0008752388890300224,0.0,0.0,0.028269489407347588,137
52.0,0.029895814671949787,0.006012396777629348,0.0008752441959580681,0.0,0.0,0.028266215306894663,137
52.02,0.029893210998922434,0.006010679016370322,0.0008752499343849973,0.0,0.0,0.028262798625062185,137
52.04,0.029890389055284107,0.00600892129541015,0.0008752559029047071,0.0,0.0,0.028259526555707966,137
52.06,0.02988734635657889,0.0060071239974916835,0.000875261598565555,0.0,0.0,0.02825620020364592,137
52.08,0.029884080577994996,0.00600528753870062,0.0008752666617543962,0.0,0.0,0.02825272963177788,137
52.1,0.02988058955281781,0.006003412335695915,0.0008752707838590407,0.0,0.0,0.028249114821012663,137
52.120000000000005,0.029876871268529528,0.006001498805209551,0.0008752741844146467,0.0,0.0,0.02824535597495715,137
52.14,0.029872923860947125,0.005999547363553388,0.000875276837540726,0.0,0.0,0.028241518022089403,137
52.160000000000004,0.029868745606766292,0.005997558426137329,0.0008753060634556802,0.0,0.0,0.028237888406746542,137
52.18,0.029864334914848294,0.005995532407002039,0.0008753447558537692,0.0,0.0,0.02823411602546467,137
52.2,0.029859690316551054,0.005993469718368739,0.0008753828750879127,0.0,0.0,0.028230201929944885,137
52.22,0.02985481548654746,0.005991370770207813,0.0008754220138419991,0.0,0.0,0.02822629584236965,137
52.24,0.0298497106493166,0.005989235969827379,0.0008754616686545919,0.0,0.0,0.02822249071404055,137
52.26,0.029844368194173427,0.00598706640425546,0.0008755017048255409,0.0,0.0,0.028218547822011393,137
52.28,0.029838787035430196,0.005984862686564368,0.0008755411089457308,0.0,0.0,0.02821446896015801,137
52.300000000000004,0.029832966155183046,0.005982624326867396,0.0008755806409948072,0.0,0.0,0.028210256089769736,137
52.32,0.029826906808361836,0.005980351718208742,0.0008756194730792305,0.0,0.0,0.028205911332753797,137
52.34,0.029820980684645212,0.0059780452482392854,0.0008756574484073541,0.0,0.0,0.028201436965222485,137
52.36,0.029815808966454835,0.005975705300693428,0.0008756946486459081,0.0,0.0,0.02819683541152566,137
52.38,0.02981043308215454,0.005973332254328435,0.0008757325993307494,0.0,0.0,0.028192109238774566,137
52.4,0.029804853499239087,0.005970926482665367,0.0008757705850154718,0.0,0.0,0.028187261151887882,137
52.42,0.029799070743398784,0.005968488353744804,0.0008758089174880747,0.0,0.0,0.028182293989179423,137
52.44,0.0297930853914112,0.005966018229896064,0.0008758474439617506,0.0,0.0,0.028177210718496614,137
52.46,0.029786898064425794,0.005963516584213017,0.0008758849883494353,0.0,0.0,0.02817201443391135,137
52.480000000000004,0.029780509421629308,0.005960983682430682,0.000875921604773436,0.0,0.0,0.028166708352958765,137
52.5,0.029773920154273627,0.005958419836735939,0.0008759585644780581,0.0,0.0,0.02816129581441396,137
52.52,0.029767130980044854,0.005955825384212504,0.0008759957132776718,0.0,0.0,0.028155780276593684,137
52.54,0.02976014263774812,0.005953200655539059,0.0008760322181625377,0.0,0.0,0.02815016531616599,137
52.56,0.029752955882281138,0.005950545974513022,0.0008760685810407297,0.0,0.0,0.028144454627449633,137
52.58,0.029745571479866888,0.005947861658758355,0.0008761056433216257,0.0,0.0,0.02813865202218224,137
52.6,0.029737990203514423,0.005945148017798155,0.0008761419626433141,0.0,0.0,0.028132761429734723,137
52.620000000000005,0.029730212828675325,0.00594240535451828,0.0008761791537753425,0.0,0.0,0.028127174660166735,137
52.64,0.02972224012906237,0.005941029056592863,0.0008762160989704533,0.0,0.0,0.028121662516573307,137
52.660000000000004,0.02971407287259497,0.005939694713486884,0.000876258540852391,0.0,0.0,0.02811607411466906,137
52.68,0.029706044486429398,0.005938328901630844,0.0008763448101137149,0.0,0.0,0.02811041386457823,137
52.7,0.02969794538185372,0.005936931854821846,0.000876430906060704,0.0,0.0,0.028104686300944617,137
52.72,0.029689655672077972,0.005935503817745069,0.0008765161320289384,0.0,0.0,0.028098896085264734,137
52.74,0.029681181695515004,0.00593431699640075,0.0008766005091466131,0.0,0.0,0.028093048008461245,137
52.76,0.029672516216469727,0.005934298072033613,0.0008766837694007312,0.0,0.0,0.028087146993656355,137
52.78,0.029663659885727257,0.005935031224047791,0.0008767666889506464,0.0,0.0,0.028081198099100174,137
52.800000000000004,0.029654613320184185,0.005936670707739203,0.0008768499222475907,0.0,0.0,0.028075543126874495,137
52.82,0.029645452639278334,0.005938279713321587,0.0008769339663637959,0.0,0.0,0.028069928025095454,137
52.84,0.02963775424641562,0.005939861290822371,0.0008770181494663664,0.0,0.0,0.02806428048130404,137
52.86,0.02962992498386214,0.005941404841444689,0.000877101831451734,0.0,0.0,0.028058606127166555,137
52.88,0.029621967488692388,0.0059429104513795935,0.0008771861680126836,0.0,0.0,0.028052910744490834,137
52.9,0.029613982062946503,0.005944378220534197,0.0008772710250415491,0.0,0.0,0.02804720026779448,137
52.92,0.0296065082504103,0.005945808245727945,0.0008773550075234858,0.0,0.0,0.028041480786521127,136
52.94,0.029599102449861886,0.005947200610832471,0.0008774381086089478,0.0,0.0,0.028036039702734508,136
52.96,0.029591578058188964,0.0059485553911854125,0.0008775210079582482,0.0,0.0,0.028030783812489586,137
52.980000000000004,0.02958393784712315,0.0059498726514138605,0.0008776041677905543,0.0,0.0,0.02802553753197629,137
53.0,0.029576184599140264,0.005951152445167098,0.0008776888091341057,0.0,0.0,0.0280203075818471,137
53.02,0.029568321099556497,0.005952394814845502,0.0008777728221679986,0.0,0.0,0.028015100839207337,137
53.04,0.02956035012722105,0.005953599791326464,0.0008778564887728743,0.0,0.0,0.028009924334962067,137
53.06,0.029552274443636867,0.005954767393688573,0.0008779393283378784,0.0,0.0,0.02800478524977663,137
53.08,0.029544096780337734,0.005955897628935389,0.0008780214513944142,0.0,0.0,0.027999690908458715,137
53.1,0.029535819824350468,0.005956990491720515,0.000878102476871595,0.0,0.0,0.027994648772564353,137
53.120000000000005,0.029527446201576196,0.0059580459640758855,0.000878184182776229,0.0,0.0,0.0279896664310281,137
53.14,0.02951898890288302,0.005959064082834175,0.000878266091796725,0.0,0.0,0.02798475158862136,137
53.160000000000004,0.029512513301330555,0.005960044738887982,0.0008783480443167791,0.0,0.0,0.0279799120520519,137
53.18,0.02950602290844133,0.005960987872356901,0.0008784291653311062,0.0,0.0,0.027975155713534493,137
53.2,0.029499522762311672,0.005961893412219857,0.0008785103341770933,0.0,0.0,0.027970490531688003,136
53.22,0.029493017838302642,0.005962761274018393,0.000878590846447048,0.0,0.0,0.027965924509648507,136
53.24,0.02948651302026631,0.005963591359297667,0.0008786707011666438,0.0,0.0,0.02796146567033288,136
53.26,0.029480025262956816,0.005964383554991069,0.0008787501555074553,0.0,0.0,0.02795712202884138,136
53.28,0.029475602896646223,0.005965137734166369,0.000878829536847984,0.0,0.0,0.027952901562052095,136
53.300000000000004,0.02947178283917431,0.005965853753470903,0.0008789090179462422,0.0,0.0,0.027949252796707957,136
53.32,0.02946821143019707,0.005966531456492138,0.0008789882385934701,0.0,0.0,0.027945745901963328,136
53.34,0.029464750340881807,0.005967203738792318,0.0008790674206981504,0.0,0.0,0.027942384975313213,136
53.36,0.02946140631995705,0.005969302188768259,0.0008791465773236278,0.0,0.0,0.02793917748864109,136
53.38,0.029458190457639942,0.005971357938189106,0.0008792264886962731,0.0,0.0,0.02793613068866094,136
53.4,0.0294551263065114,0.0059733707620102175,0.0008793063655259004,0.0,0.0,0.027933251555039902,136
53.42,0.029452739808909202,0.005975340421921879,0.0008793860602019485,0.0,0.0,0.027930546758187694,136
53.44,0.02945049384439973,0.005977266664904346,0.0008794654293256637,0.0,0.0,0.027928022617296547,136
53.46,0.02944839354386187,0.005979149226484207,0.0008795451712922137,0.0,0.0,0.027925685059223042,136
53.480000000000004,0.029446443590115938,0.005981978045167249,0.0008796242758606093,0.0,0.0,0.027923539578785475,136
53.5,0.029444648179670484,0.0059859502268444905,0.0008797026380193074,0.0,0.0,0.02792159120100908,136
53.52,0.029443010986862597,0.005989868291553099,0.0008797815594335751,0.0,0.0,0.02791984444578818,136
53.54,0.029441535130779364,0.005993731745041865,0.0008798720116572863,0.0,0.0,0.02791830329535381,136
53.56,0.029440223145257086,0.005997540078862307,0.000879979669471236,0.0,0.0,0.027916971164844394,136
53.58,0.029439076952159717,0.006001292771934753,0.0008800879985417503,0.0,0.0,0.02791585087618145,136
53.6,0.02943825596898797,0.006004989291277403,0.0008801954397938851,0.0,0.0,0.027914944635359845,136
53.620000000000005,0.02943790039664565,0.006008629096062909,0.0008803017473856509,0.0,0.0,0.027914254013179263,136
53.64,0.029437711891687653,0.0060122116514441225,0.0008804072655686584,0.0,0.0,0.027913779929374046,136
53.660000000000004,0.029437689728935047,0.0060157363748882305,0.0008805117063215741,0.0,0.0,0.027913522640046467,136
53.68,0.02943783248801566,0.006019202703618516,0.0008806155423437534,0.0,0.0,0.027913481728273893,136
53.7,0.029438138046219812,0.006022610074611611,0.0008807187183401921,0.0,0.0,0.027913656097743066,136
53.72,0.0294386035741989,0.0060259578971153475,0.000880820847825559,0.0,0.0,0.027914043969264144,136
53.74,0.029439225534369635,0.00602924559413306,0.000880922984013199,0.0,0.0,0.027914642880030476,136
53.76,0.029439999681914308,0.0060324726120184365,0.0008810259164232959,0.0,0.0,0.02791544968551762,136
53.78,0.029440921068307035,0.006035638393956237,0.0008811280921257604,0.0,0.0,0.027916460563955286,136
53.800000000000004,0.029441984047348227,0.006038742333865713,0.000881229688358695,0.0,0.0,0.02791767102335832,136
53.82,0.02944318228375293,0.006041783871898944,0.0008813307695692042,0.0,0.0,0.027919075911166262,135
53.84,0.029445005979080813,0.006044762458652517,0.000881431069390761,0.0,0.0,0.027920669426614385,135
53.86,0.02944712307420962,0.006047677613518173,0.0008815302585907582,0.0,0.0,0.02792244513603546,135
53.88,0.029449363601005352,0.0060505289727689334,0.0008816551006573472,0.0,0.0,0.02792439599136776,135
53.9,0.02945171884395175,0.006053315898336334,0.0008818048981379163,0.0,0.0,0.027927058826267954,135
53.92,0.029454613216428123,0.006056037836430408,0.0008819558765110841,0.0,0.0,0.02792990042747904,135
53.94,0.02945767431539111,0.006058694321528662,0.0008821059030833258,0.0,0.0,0.027932891758200778,135
53.96,0.029461150807721666,0.006061284920273207,0.0008822545856082022,0.0,0.0,0.027936023575241144,135
53.980000000000004,0.02946504847730124,0.006063809225817284,0.0008824021861399543,0.0,0.0,0.027939286174662903,135
54.0,0.029469019752022648,0.006066266899640783,0.0008825492170560214,0.0,0.0,0.02794266943705753,135
54.02,0.029473053123462777,0.006068657566041686,0.0008826960586019555,0.0,0.0,0.027946162878136494,135
54.04,0.02947713674457224,0.006070980912466866,0.0008828421073969342,0.0,0.0,0.027949755704532692,135
54.06,0.029481258489068022,0.006073236668034997,0.0008829872705538248,0.0,0.0,0.027953436874503936,135
54.08,0.029485406015156704,0.0060754249439901155,0.0008831331068884535,0.0,0.0,0.027957195163019713,135
54.1,0.029489971799956934,0.006077816934570471,0.0008832777298745594,0.0,0.0,0.027961019230504185,134
54.120000000000005,0.029494629694528506,0.006080895036272406,0.0008834205809531138,0.0,0.0,0.02796506981476481,133
54.14,0.02949927507725243,0.006083897054638077,0.000883562394363868,0.0,0.0,0.02796938126923618,132
54.160000000000004,0.029503895439243158,0.006086822851696284,0.000883703706012332,0.0,0.0,0.0279737242327668,132
54.18,0.02950847840826132,0.006089672452004108,0.0008838439272062477,0.0,0.0,0.027978087639523513,132
54.2,0.029513011817727332,0.006092892591666849,0.0008839825877047765,0.0,0.0,0.027982460670300864,132
54.22,0.0295174837723377,0.006097120170670311,0.000884120266710493,0.0,0.0,0.02798683281983576,132
54.24,0.02952188270913487,0.006101296246672928,0.000884258391517237,0.0,0.0,0.027991193959640576,132
54.26,0.029526197453027047,0.006105397358484469,0.000884395135880373,0.0,0.0,0.027995534395353825,132
54.28,0.02953041726594075,0.0061094185774452515,0.000884530136324977,0.0,0.0,0.027999844917793733,132
54.300000000000004,0.029534531889002055,0.006113360148015301,0.0008846633806314023,0.0,0.0,0.028004116847113736,132
54.32,0.02953853157737085,0.006117222348972092,0.0008847946829294662,0.0,0.0,0.02800834206968791,132
54.34,0.029542407127581587,0.0061210174395997016,0.000884924292662743,0.0,0.0,0.028012513067583702,132
54.36,0.02954614989745956,0.006124759797631519,0.0008850523698191996,0.0,0.0,0.028016622940695214,132
54.38,0.02954975181887735,0.006128423782188686,0.0008851785695194401,0.0,0.0,0.0280206654218065,132
54.4,0.029553205403778492,0.006132009786700411,0.0008853029450866028,0.0,0.0,0.028024634885016764,131
54.42,0.02955650374402433,0.006135518235695304,0.0008854253185807805,0.0,0.0,0.02802852634808898,131
54.44,0.029560227326966435,0.006138949618855901,0.0008855460691568148,0.0,0.0,0.02803233546937515,131
54.46,0.029563782753769783,0.006142304526993504,0.0008856656625001972,0.0,0.0,0.02803605854002716,131
54.480000000000004,0.029567164778225654,0.006145583290512768,0.0008857843437736587,0.0,0.0,0.02803969247222519,131
54.5,0.02957037316783905,0.006148791896702827,0.000885902614537669,0.0,0.0,0.028043234784149773,131
54.52,0.029573405471209308,0.006151927797641922,0.0008860196392790781,0.0,0.0,0.028046683582394986,131
54.54,0.029576251861914277,0.006154989157187023,0.0008861349453311815,0.0,0.0,0.028050037542473226,131
54.56,0.02957890911222498,0.006157976390986353,0.0008862481756565551,0.0,0.0,0.028053295888003628,131
54.58,0.029581374432850745,0.006160890018510742,0.0008863593469492205,0.0,0.0,0.02805645836910887,131
54.6,0.02958364544732777,0.006163730626303182,0.0008864684206685976,0.0,0.0,0.02805952524047594,131
54.620000000000005,0.02958572016629553,0.006166498714340396,0.0008865754538370089,0.0,0.0,0.028062497239465932,131
54.64,0.029587596961972086,0.006169194822843716,0.000886680587245062,0.0,0.0,0.028065375564590146,131
54.660000000000004,0.029589274543077086,0.006171819500017798,0.0008867839225027413,0.0,0.0,0.02806816185460681,131
54.68,0.029590751930392567,0.006174373293037884,0.0008868853230160949,0.0,0.0,0.028070858168434153,131
54.7,0.029592028433100822,0.006176856752123826,0.0008869852775820887,0.0,0.0,0.02807346696602351,131
54.72,0.029593103625992434,0.00617927041825698,0.0008870835101684574,0.0,0.0,0.028075991090290194,131
54.74,0.029593977327598674,0.006181614843891005,0.0008871797835887374,0.0,0.0,0.028078433750159535,131
54.76,0.029594649579269213,0.006183890667385145,0.0008872742006172338,0.0,0.0,0.028080798504751446,131
54.78,0.02959545200986539,0.006186098625486423,0.000887375168407862,0.0,0.0,0.028083089248697176,131
54.800000000000004,0.029597348059792476,0.0061882389612197344,0.0008874971368465563,0.0,0.0,0.02808531019855761,131
54.82,0.029599439992482077,0.00619031216203206,0.000887617350555658,0.0,0.0,0.02808746588029158,132
54.84,0.029601503481885373,0.006192318740013765,0.0008877523097677562,0.0,0.0,0.028089561117705553,132
54.86,0.029603423839521973,0.00619425919894797,0.0008878966333429463,0.0,0.0,0.028091601021801565,132
54.88,0.02960520831934331,0.006196134053497334,0.0008880544129609075,0.0,0.0,0.02809359098092845,132
54.9,0.02960685796540813,0.006197943803777628,0.000888255733020721,0.0,0.0,0.028095536651631236,132
54.92,0.029608371273543432,0.006199688934047875,0.0008884551369074258,0.0,0.0,0.028097443950085225,132
54.94,0.029609751619993255,0.006201369865290656,0.0008886525769212813,0.0,0.0,0.028099319043994434,132
54.96,0.029611002522648647,0.006202990582774997,0.0008888485241268161,0.0,0.0,0.028101168344827742,132
54.980000000000004,0.029612127629324466,0.006204574655829341,0.0008890426268448932,0.0,0.0,0.02810299850026155,132
55.0,0.02961455974581123,0.00620609581525259,0.0008892347777215406,0.0,0.0,0.028104816386693914,132
55.02,0.02961711422267307,0.006207554475192873,0.000889424999107202,0.0,0.0,0.02810662910169192,131
55.04,0.029619606248876044,0.006208951038994759,0.0008896133060419789,0.0,0.0,0.0281084439562325,132
55.06,0.029622041688279727,0.0062102858931615615,0.0008897997205777528,0.0,0.0,0.028110268466596717,132
55.08,0.02962442654749831,0.006211559411664609,0.0008899843370261113,0.0,0.0,0.028112110345777864,132
55.1,0.02962676696453719,0.0062127719538981226,0.0008901671327150462,0.0,0.0,0.028113977494267094,132
55.120000000000005,0.02962906919656659,0.006213923864304576,0.000890348045395567,0.0,0.0,0.028115877990084685,132
55.14,0.029631339606701307,0.0062150436238911245,0.0008905271023346167,0.0,0.0,0.028117820077931968,132
55.160000000000004,0.02963358464966459,0.00621610827928384,0.0008907043012946809,0.0,0.0,0.028119812157348545,132
55.18,0.02963581085622601,0.006217113197736088,0.0008908804949380469,0.0,0.0,0.028121862769771525,132
55.2,0.029638024816317488,0.006218059566989986,0.0008910549441706569,0.0,0.0,0.028123980584408074,132
55.22,0.02964023316074932,0.006218946917806768,0.0008912275555777131,0.0,0.0,0.02812617438285087,132
55.24,0.029642442541467254,0.006219775330084848,0.000891398350521174,0.0,0.0,0.028128453042385527,132
55.26,0.02964465961031448,0.006220551958745944,0.0008915673393899302,0.0,0.0,0.028130825517961998,133
55.28,0.029646890996285598,0.006221302224431066,0.0008917348903956548,0.0,0.0,0.028133300822826016,133
55.300000000000004,0.029649143281284488,0.006221994152927132,0.0008919006696450979,0.0,0.0,0.028135888007831216,133
55.32,0.02965142297442283,0.006222627926421456,0.0008920646049395769,0.0,0.0,0.028138596139478226,133
55.34,0.029653736484919316,0.006223203700977762,0.0008922267332702418,0.0,0.0,0.028141434276749994,133
55.36,0.02965609696656901,0.006223721863947941,0.0008923870077987272,0.0,0.0,0.02814441144683442,133
55.38,0.029658519150827137,0.006224182361756365,0.0008925506310713963,0.0,0.0,0.02814753661984307,132
55.4,0.02966099360588227,0.006224585242710094,0.0008927424377377079,0.0,0.0,0.02815081868264781,133
55.42,0.029663526046170757,0.006224930601966223,0.0008929323620992241,0.0,0.0,0.028154266411965025,133
55.44,0.029666121933121105,0.0062252185149094036,0.0008931203532269918,0.0,0.0,0.02815788844681922,133
55.46,0.029668786441821055,0.00622544903941817,0.0008933066036049554,0.0,0.0,0.028161693260514122,133
55.480000000000004,0.029671524427056593,0.00622562221903245,0.0008934908442250031,0.0,0.0,0.028165689132231306,133
55.5,0.02967434038882633,0.006225738081776302,0.0008936730359618332,0.0,0.0,0.028169884118364786,133
55.52,0.029677238437424317,0.0062257967801201495,0.0008938531526381042,0.0,0.0,0.028174286023687302,133
55.54,0.0296802222581748,0.006225798465625873,0.0008940311660591265,0.0,0.0,0.028178902372432535,133
55.56,0.029685715735121885,0.006225742833476067,0.0008942070461404863,0.0,0.0,0.028183740379369618,133
55.58,0.029691886791580104,0.006226714699536653,0.0008943807803270561,0.0,0.0,0.028188806920945317,133
55.6,0.029698225976257767,0.006228102114347146,0.0008945525421396741,0.0,0.0,0.028194108506576263,133
55.620000000000005,0.029704737214314006,0.006229426722765865,0.0008947222041216459,0.0,0.0,0.02819965125018951,133
55.64,0.029711423917181304,0.006230688554572387,0.0008948896333575805,0.0,0.0,0.028205440842137042,133
55.660000000000004,0.029718288950713316,0.0062318875356831,0.0008950547897808581,0.0,0.0,0.02821177042836133,133
55.68,0.029725334603948057,0.006233023628219677,0.0008952176528362107,0.0,0.0,0.028218567512834726,133
55.7,0.02973256255875142,0.006234096794753211,0.0008953781598896374,0.0,0.0,0.02822562503759966,133
55.72,0.02973997386065328,0.006235107023633973,0.0008955362727699016,0.0,0.0,0.02823294672535934,133
55.74,0.029747568891231434,0.0062360755124339405,0.0008956919531446444,0.0,0.0,0.028240535747394085,133
55.76,0.029756492099865525,0.006236995051163593,0.0008958451848574571,0.0,0.0,0.02824839470253431,133
55.78,0.0297663512155061,0.00623785526193509,0.0008959959288170646,0.0,0.0,0.02825652559845082,133
55.800000000000004,0.02977645725522366,0.006238652286700329,0.0008961441945182534,0.0,0.0,0.028264929835646567,133
55.82,0.029786810266879325,0.0062393860915652775,0.0008962899198534713,0.0,0.0,0.028273608194532514,133
55.84,0.029797409640947257,0.006240056631379408,0.0008964330287466307,0.0,0.0,0.028282560825957866,133
55.86,0.02980825410407883,0.006240663860872885,0.0008965734860254093,0.0,0.0,0.028291787245542637,133
55.88,0.029819341716874358,0.0062412077495921595,0.0008967112576469015,0.0,0.0,0.028301286332132546,133
55.9,0.02983066987614378,0.0062416883836522085,0.000896846315446047,0.0,0.0,0.028311373002610368,133
55.92,0.02984223532188914,0.0062421063106652165,0.0008969786303942985,0.0,0.0,0.02832182085379406,132
55.94,0.029854034149180725,0.006242460851616848,0.000897108165438252,0.0,0.0,0.028332533942114827,132
55.96,0.02986606182502633,0.006242752031585465,0.0008972349097470176,0.0,0.0,0.02834350867736989,132
55.980000000000004,0.029878313210245443,0.0062429798684288836,0.0008973589046577041,0.0,0.0,0.02835474089447229,132
56.0,0.029890782586255212,0.006243144353804669,0.0008974801232772809,0.0,0.0,0.02836622588053695,132
56.02,0.029903463686554693,0.006243245539646294,0.0008976073317466109,0.0,0.0,0.028377958406661803,132
56.04,0.02991634973255731,0.006243797977540966,0.0008977327921665079,0.0,0.0,0.02838993276407688,132
56.06,0.029929433473275653,0.006244340033757953,0.0008978555661623257,0.0,0.0,0.028402142804188634,132
56.08,0.02994270722821194,0.006244817525237725,0.0008980070327348785,0.0,0.0,0.028414581981896104,132
56.1,0.029956169991786255,0.006245230520904389,0.0008981562326012998,0.0,0.0,0.02842724340140804,132
56.120000000000005,0.029969809391779248,0.006245579119360761,0.0008983025010333711,0.0,0.0,0.028440119863655303,132
56.14,0.02998361369409357,0.006245863361172747,0.0008984497267073574,0.0,0.0,0.02845320391427906,132
56.160000000000004,0.029997573963028216,0.006246083352303197,0.0008986024429408792,0.0,0.0,0.02846648789109254,132
56.18,0.030011681064033457,0.006246239169173739,0.0008987522628272346,0.0,0.0,0.028480365922022986,132
56.2,0.030025925705469952,0.006246330865284619,0.000898899469847168,0.0,0.0,0.028494447761387372,132
56.22,0.03004029847626343,0.006246358529271233,0.000899043846026714,0.0,0.0,0.028508705424402463,132
56.24,0.03005478987843075,0.006246333040496021,0.0008991853444349578,0.0,0.0,0.028523130840562433,132
56.26,0.03006939035359233,0.006246266362675638,0.000899323967767275,0.0,0.0,0.028537715921307712,132
56.28,0.030084090302769876,0.006246135907993178,0.0008994597310393811,0.0,0.0,0.02855245258170055,132
56.300000000000004,0.030098880098992264,0.0062459417371130066,0.0008996159625824747,0.0,0.0,0.028567332755076995,132
56.32,0.030113750092493206,0.006245683946744748,0.0008997816426354985,0.0,0.0,0.028582348400455416,132
56.34,0.030128690608573174,0.00624536296699486,0.0008999449757855928,0.0,0.0,0.028597491502770248,132
56.36,0.03014369193850589,0.006244978770592067,0.000900106013437357,0.0,0.0,0.02861275406630688,132
56.38,0.030158744324186523,0.006244531251927006,0.0009002645958465733,0.0,0.0,0.02862812810203061,132
56.4,0.03017383793752992,0.006244020512445193,0.0009004206435978601,0.0,0.0,0.02864360560981348,132
56.42,0.030188962855918038,0.0062434466555274905,0.0009005746365660114,0.0,0.0,0.028659178556853963,132
56.44,0.030204109035249203,0.006242809796099089,0.0009007262683888864,0.0,0.0,0.0286748388538379,132
56.46,0.03021926628234144,0.0062421100499470555,0.000900875498901858,0.0,0.0,0.028690578330588534,132
56.480000000000004,0.030234424228569253,0.0062413475147845504,0.0009010228179192973,0.0,0.0,0.028706388713080556,132
56.5,0.030249572306655963,0.006240522360548468,0.0009011683066380574,0.0,0.0,0.028722261603735297,131
56.52,0.03026510455451387,0.00623963467289485,0.0009013118949557229,0.0,0.0,0.028738188466857394,131
56.54,0.03028183243500289,0.006238684572689774,0.000901453231279414,0.0,0.0,0.02875416062091527,131
56.56,0.030298568086986406,0.006237672190932445,0.0009015923448744683,0.0,0.0,0.028770169239107822,131
56.58,0.03031530184437289,0.006236597674036692,0.0009017292675532674,0.0,0.0,0.028786205359306656,131
56.6,0.030332023908385783,0.006235461178307577,0.0009018639326462502,0.0,0.0,0.028802259904035416,131
56.620000000000005,0.030348855702223954,0.0062342628707133885,0.0009019969884153881,0.0,0.0,0.028818323710669728,131
56.64,0.030365988781770308,0.006233002929750391,0.0009021280655516278,0.0,0.0,0.028834387571539808,131
56.660000000000004,0.0303830796986371,0.006231681546206097,0.0009022569591033391,0.0,0.0,0.028850442283131224,131
56.68,0.03040011850999644,0.006230309978853913,0.0009023839290487179,0.0,0.0,0.028866478703135478,131
56.7,0.030417095374930345,0.006228879864122093,0.0009025093294619061,0.0,0.0,0.028882487813733978,131
56.72,0.0304340006209287,0.006227388838504789,0.0009026332856030309,0.0,0.0,0.028898460789228628,131
56.74,0.030450824812661204,0.0062258371464373515,0.0009027552555700559,0.0,0.0,0.028914389065974707,131
56.76,0.030467558820937483,0.006224225044222453,0.0009028753592686998,0.0,0.0,0.02893026441253113,131
56.78,0.03048419388984212,0.006222552802907442,0.000902994517269773,0.0,0.0,0.02894607899801574,131
56.800000000000004,0.030500989799918707,0.0062208207172831445,0.0009031118641698939,0.0,0.0,0.028961825456822566,132
56.82,0.03051793294517657,0.00621902909019076,0.0009032273760014763,0.0,0.0,0.028977496948106807,131
56.84,0.030534753012291832,0.0062171782231795845,0.0009033416160935845,0.0,0.0,0.028993087208742836,130
56.86,0.030551443314567602,0.006215268453244793,0.0009034540964980471,0.0,0.0,0.02900859059878884,130
56.88,0.030568288642941855,0.006213300093792357,0.0009035648289205026,0.0,0.0,0.02902400213882079,130
56.9,0.03058518412043393,0.0062112734856639455,0.0009036744856588022,0.0,0.0,0.029039317538810595,130
56.92,0.030601932989487244,0.006209188984659642,0.000903782842430801,0.0,0.0,0.029054533218498657,130
56.94,0.030618531200794375,0.006207046950032098,0.00090388938618531,0.0,0.0,0.02906964631944219,130
56.96,0.03063497539097513,0.006204847742580303,0.0009039941621132846,0.0,0.0,0.029084761421837683,130
56.980000000000004,0.03065126287752386,0.006202591733380028,0.0009040976681980295,0.0,0.0,0.029100103201610692,130
57.0,0.0306673916467779,0.006200279297920877,0.0009042143930859101,0.0,0.0,0.02911533767823281,130
57.02,0.030683360335499215,0.006197914247673024,0.0009043494752320268,0.0,0.0,0.029130464848008884,130
57.04,0.030699168206658342,0.006195522972802855,0.0009044827340567653,0.0,0.0,0.029145485380660682,130
57.06,0.030714815119978645,0.00619307628666253,0.0009046143411221421,0.0,0.0,0.029160400591801056,130
57.08,0.030730301497748122,0.006190574570385299,0.0009047447831770055,0.0,0.0,0.029175212410759047,130
57.1,0.030745628286345462,0.006188018203941,0.0009048744484492493,0.0,0.0,0.0291899233442075,131
57.120000000000005,0.030760796913860744,0.006185407565904934,0.0009050038731686072,0.0,0.0,0.029204536435979138,131
57.14,0.03077580924413031,0.0061827430308305535,0.0009051317565482462,0.0,0.0,0.02921905522339551,131
57.160000000000004,0.030790667527450643,0.006180024969786761,0.0009052579487102011,0.0,0.0,0.029233483690378915,131
57.18,0.03080537434819673,0.0061772537500328385,0.0009053830042777185,0.0,0.0,0.02924782621757785,130
57.2,0.03081993256954559,0.006174429733793221,0.0009055061716390938,0.0,0.0,0.0292620875297116,130
57.22,0.03083434527550198,0.006171553280001552,0.0009056281044576554,0.0,0.0,0.02927627264033598,130
57.24,0.030848615710438163,0.006168624741923609,0.0009057491525854286,0.0,0.0,0.029290386794246608,130
57.26,0.030862747216396414,0.006165644461759986,0.0009058683645714158,0.0,0.0,0.029304435407773024,130
57.28,0.03087674316845902,0.006162612820576497,0.0009059859725070603,0.0,0.0,0.02931842400727225,130
57.300000000000004,0.0308916091623353,0.006159530168839094,0.0009061026837589343,0.0,0.0,0.029332358166203016,131
57.32,0.03090686000447635,0.006156396806168754,0.0009062181002113227,0.0,0.0,0.02934624344124767,131
57.34,0.03092203084006648,0.006153213031626521,0.0009063317666176882,0.0,0.0,0.02936008530804301,132
57.36,0.03093712609051914,0.006149979145059157,0.0009064436565795083,0.0,0.0,0.029373889097176826,132
57.38,0.030952149940507625,0.006146695455640367,0.0009065536644398691,0.0,0.0,0.029387659931197123,132
57.4,0.030967106275684185,0.006143362265277568,0.0009066622206022211,0.0,0.0,0.02940140266345744,132
57.42,0.030981998623052506,0.006139979878056965,0.0009067696454543923,0.0,0.0,0.029415121819677533,132
57.44,0.030996830094897298,0.006136548586996418,0.0009068753716674372,0.0,0.0,0.029428821543125778,133
57.46,0.03101160333716932,0.006133068679540922,0.0009069795578731109,0.0,0.0,0.02944250554432406,133
57.480000000000004,0.03102632048318188,0.006129540443902726,0.0009070821810746304,0.0,0.0,0.02945617705613377,133
57.5,0.03104098311339731,0.006125964166352495,0.0009071829275033814,0.0,0.0,0.029469838795003207,132
57.52,0.03105559222197052,0.006122340131932057,0.0009072820999595716,0.0,0.0,0.029483492929045414,132
57.54,0.03107014819057817,0.006118962823943813,0.0009073804861437045,0.0,0.0,0.029497141053476596,132
57.56,0.03108465076990512,0.006116972757782279,0.0009074772268553463,0.0,0.0,0.02951078417378814,132
57.58,0.031099099068992855,0.006114925128390924,0.0009075720904339224,0.0,0.0,0.029524422696858156,132
57.6,0.031113501282572488,0.006112820348203008,0.0009076651090307652,0.0,0.0,0.029538056430042817,132
57.620000000000005,0.03112784604114948,0.00611065881536399,0.000907756284637578,0.0,0.0,0.029551684588131392,132
57.64,0.031142130057364607,0.006108440933653518,0.0009078457818060334,0.0,0.0,0.02956530580790818,132
57.660000000000004,0.031156356751046544,0.0061061671125813835,0.0009079337592763781,0.0,0.0,0.02957891816994457,132
57.68,0.031170515852439944,0.006103837779818022,0.000908020244842252,0.0,0.0,0.02959251922714482,132
57.7,0.03118483513863665,0.006101453342177066,0.0009081051264919575,0.0,0.0,0.029606106039487736,131
57.72,0.03119934433139828,0.006099014216320857,0.0009082150571072999,0.0,0.0,0.029619675214341338,131
57.74,0.031213769630031096,0.006096520828155813,0.0009083365141538469,0.0,0.0,0.0296332229516706,131
57.76,0.03122810509916337,0.00609397361707077,0.0009084562018109002,0.0,0.0,0.029646745093408963,131
57.78,0.03124234443289859,0.006091373028996368,0.0009085740714094637,0.0,0.0,0.029660237176215916,131
57.800000000000004,0.03125648100740608,0.0060887248511395965,0.0009086901552831411,0.0,0.0,0.029673694486796586,131
57.82,0.031270507935101714,0.006086036784599112,0.0009088047058080025,0.0,0.0,0.02968711211891426,130
57.84,0.03128441811950837,0.006083296544704933,0.0009089176590086268,0.0,0.0,0.02970048503118778,129
57.86,0.03129820430985441,0.006080504570734133,0.0009090291491869329,0.0,0.0,0.02971380810473414,129
57.88,0.03131185915445361,0.006077661303694512,0.0009091389490753498,0.0,0.0,0.029727076199700882,129
57.9,0.03132537525191287,0.006074767186857225,0.0009092478505851943,0.0,0.0,0.029740284209734964,129
57.92,0.03133874519923932,0.006071822665915834,0.0009093565468170097,0.0,0.0,0.029753427113458606,130
57.94,0.03135221831459648,0.00606882818511803,0.0009094689254881066,0.0,0.0,0.02976650002207274,130
57.96,0.031366902009018496,0.006065784189975031,0.0009095796385529211,0.0,0.0,0.02977949822228266,130
57.980000000000004,0.0313814691745025,0.006062691132959852,0.0009096886902287336,0.0,0.0,0.02979241721383845,130
58.0,0.031395914675482,0.006059549453155212,0.0009097963906975976,0.0,0.0,0.02980525274110289,130
58.02,0.03141023362284881,0.006056359591989618,0.0009099030306407501,0.0,0.0,0.029818000818196383,129
58.04,0.0314244213916934,0.006054520075790714,0.0009100080470810722,0.0,0.0,0.029830657747417895,129
58.06,0.03143847363214883,0.006053231458930647,0.0009101114520164888,0.0,0.0,0.029843220130800752,129
58.08,0.031452727684321335,0.006051890003873688,0.0009102132578120681,0.0,0.0,0.029855684874823728,129
58.1,0.031467180306658196,0.006050496113012058,0.0009103135437398037,0.0,0.0,0.029868049188461993,129
58.120000000000005,0.031481498015158094,0.006049056295123625,0.0009104123636920228,0.0,0.0,0.029880310574922,129
58.14,0.031495677809825234,0.006047590691918448,0.000910509688865571,0.0,0.0,0.029892466817557934,128
58.160000000000004,0.03150972272817115,0.006046073798481869,0.0009106056888384307,0.0,0.0,0.029904515960612346,128
58.18,0.031523629896256955,0.006044505994893379,0.0009107001685373176,0.0,0.0,0.02991670779389609,128
58.2,0.03153797415926485,0.0060428876757727,0.0009107931516690147,0.0,0.0,0.029929068549908806,127
58.22,0.03155227123872837,0.0060412192128352716,0.0009108846835639088,0.0,0.0,0.029941316957288293,127
58.24,0.03156643038851903,0.006039500966487453,0.0009109748426210523,0.0,0.0,0.029953451840516912,127
58.26,0.03158044990606738,0.00603773331047296,0.0009110635205702608,0.0,0.0,0.029965628762524694,127
58.28,0.03159432815998637,0.006035916599665781,0.00091115073585569,0.0,0.0,0.029977939982079795,127
58.300000000000004,0.031608068582679366,0.006034051200215272,0.0009112364560169138,0.0,0.0,0.02999013422989407,127
58.32,0.03162166639632786,0.006032145731203116,0.0009113208608282562,0.0,0.0,0.030002210631445654,127
58.34,0.031635118212411203,0.006030216571603781,0.000911404226004603,0.0,0.0,0.030014168322363723,127
58.36,0.03164842242081991,0.0060285445273092295,0.0009114874152515176,0.0,0.0,0.030026006430306396,127
58.38,0.031661577370546964,0.006027754151787673,0.0009115702145034405,0.0,0.0,0.03003772406173551,127
58.4,0.03167458136093941,0.006026908673009363,0.0009116520664574441,0.0,0.0,0.030049320293861693,127
58.42,0.03168743263810433,0.0060260083228385495,0.0009117330226296436,0.0,0.0,0.030060794171775533,127
58.44,0.031700129396220515,0.006025053305192429,0.0009118127224185901,0.0,0.0,0.03007214471051845,126
58.46,0.03171266978325128,0.00602404384640661,0.0009118911960905205,0.0,0.0,0.030083370901591133,126
58.480000000000004,0.031725051910325895,0.006022980210944783,0.0009119683974221946,0.0,0.0,0.030094471723169425,126
58.5,0.031737273863866954,0.006021862568695117,0.0009120441949297195,0.0,0.0,0.030105446153107514,126
58.52,0.031749333719404985,0.006020691134993201,0.0009121187347564861,0.0,0.0,0.030116293183672448,126
58.54,0.031761229555945895,0.00601946614267079,0.000912192091701871,0.0,0.0,0.03012701183687821,126
58.56,0.03177295946974811,0.006018489270137458,0.0009122640038359901,0.0,0.0,0.030137601179278824,126
58.58,0.0317845215864208,0.006018894215838294,0.0009123345320593094,0.0,0.0,0.030148060335134716,126
58.6,0.03179591407037232,0.006019241548025558,0.0009124037506291593,0.0,0.0,0.030158388496984042,126
58.620000000000005,0.031807135130806165,0.006019531464182924,0.0009124715510457295,0.0,0.0,0.03016858493281912,126
58.64,0.03181818302367312,0.006019764165876673,0.0009125379023867394,0.0,0.0,0.03017864898927941,125
58.660000000000004,0.031829056049228456,0.006019939906633155,0.0009126029379457558,0.0,0.0,0.030188580090512666,125
58.68,0.03183975254509926,0.0060200588585442825,0.0009126666114541395,0.0,0.0,0.030198377732612275,125
58.7,0.031850270875027904,0.006020132032483326,0.0009127289464260361,0.0,0.0,0.03020804147379972,125
58.72,0.03186060941370779,0.006020173597663887,0.0009127897653074334,0.0,0.0,0.03021757092077154,125
58.74,0.03187076652835971,0.0060201589209978885,0.000912849051124267,0.0,0.0,0.030226965711862123,125
58.76,0.03188074055789651,0.006020088220876876,0.0009129069007446204,0.0,0.0,0.030236225497873515,125
58.78,0.03189052979068514,0.006019961721235455,0.0009129633217761006,0.0,0.0,0.03024534992158493,125
58.800000000000004,0.03190013244202673,0.00601977964936337,0.0009130183882606511,0.0,0.0,0.03025433859706612,124
58.82,0.031909546632533925,0.0060195422360528866,0.0009130720003784675,0.0,0.0,0.030263191089977853,125
58.84,0.03191877036858244,0.006019249715781721,0.0009131241256633822,0.0,0.0,0.030271906900040606,125
58.86,0.031927801525951184,0.006018908360192114,0.0009131748907251517,0.0,0.0,0.030280577970192294,125
58.88,0.031936637837641224,0.006018520993493948,0.0009132242544430692,0.0,0.0,0.030289503595950642,125
58.9,0.03194527688668439,0.006018079209209944,0.0009132721264294632,0.0,0.0,0.03029828976693825,125
58.92,0.03195371610452463,0.006017583259820324,0.0009133184097096996,0.0,0.0,0.030306935622962546,125
58.94,0.03196195277529388,0.006017033405124335,0.0009133631105000046,0.0,0.0,0.030315440216728967,125
58.96,0.031969984046021735,0.006016429907559107,0.000913406213556304,0.0,0.0,0.030323802526717084,125
58.980000000000004,0.031977812241983775,0.006015773032641694,0.0009134477492448388,0.0,0.0,0.030332021475877578,125
59.0,0.03198543048895194,0.006015063053739039,0.000913487763573929,0.0,0.0,0.030340095955646226,126
59.02,0.031992834153258466,0.006014300249825038,0.0009135263325009268,0.0,0.0,0.03034833549266859,127
59.04,0.03200002004049546,0.006013484905520387,0.0009135634903177787,0.0,0.0,0.03035652425150175,127
59.06,0.032006984942221456,0.006012617333009809,0.0009135991829818915,0.0,0.0,0.030364564912650993,127
59.08,0.032013725668844556,0.006011697814794982,0.0009136409319605339,0.0,0.0,0.03037245656022763,126
59.1,0.03202023908277066,0.006010726657472085,0.0009137115610987405,0.0,0.0,0.03038019841560619,125
59.120000000000005,0.032026522130777106,0.006009704152282017,0.0009137802856095072,0.0,0.0,0.030387789873637026,125
59.14,0.032032571874682385,0.006008630611879554,0.0009138471232290901,0.0,0.0,0.030395230537329926,125
59.160000000000004,0.032038575448298204,0.006007506357899664,0.0009139121449618936,0.0,0.0,0.030402520250230696,125
59.18,0.03204462474361163,0.006006331708272144,0.0009139752667202867,0.0,0.0,0.030409659125880104,125
59.2,0.032050432242829364,0.006005106978805547,0.0009140367566314554,0.0,0.0,0.030416647573921138,125
59.22,0.03205604012983044,0.006003832499230541,0.0009140963817526214,0.0,0.0,0.030423866176373174,125
59.24,0.03206192782317775,0.0060025085957761525,0.0009141541896707192,0.0,0.0,0.030430963605070787,124
59.26,0.03206756691129546,0.006001135590423339,0.0009142103292606305,0.0,0.0,0.030437913413100738,124
59.28,0.03207295585599328,0.005999713815343454,0.0009142646868059811,0.0,0.0,0.03044471738126626,124
59.300000000000004,0.0320780933594552,0.005998243602545074,0.0009143171408169471,0.0,0.0,0.03045137766244388,124
59.32,0.03208297836381639,0.005996725272745639,0.0009143677026725183,0.0,0.0,0.030457943398720367,124
59.34,0.03208761004789906,0.005995159150881259,0.0009144164226420643,0.0,0.0,0.030464797504556308,124
59.36,0.032091987821461714,0.005993545560432042,0.0009144632993585795,0.0,0.0,0.030471516081889756,124
59.38,0.0320961177664788,0.005991884826742608,0.0009145083603308633,0.0,0.0,0.03047810279633329,124
59.4,0.03210082573802585,0.005990177262064008,0.0009145515446359187,0.0,0.0,0.03048456168858286,124
59.42,0.03210652844931144,0.005988423175917752,0.0009145928609558831,0.0,0.0,0.03049143129807153,124
59.44,0.03211204895169438,0.0059866228745118315,0.0009146323522540912,0.0,0.0,0.03049847803722028,124
59.46,0.0321173903749539,0.005984776657362745,0.0009146700103616248,0.0,0.0,0.030505629699079325,124
59.480000000000004,0.03212255612314601,0.005982884817458181,0.0009147058270849101,0.0,0.0,0.030512671872191467,124
59.5,0.03212754986283897,0.005980947640304071,0.0009147398132967406,0.0,0.0,0.030519610386235237,124
59.52,0.03213237551056172,0.005978965403276613,0.0009147719793082922,0.0,0.0,0.03052645140344397,124
59.54,0.03213703721947108,0.005976938374994986,0.0009148023548624182,0.0,0.0,0.03053320140902918,124
59.56,0.0321415393651995,0.005974866817864978,0.0009148309394134907,0.0,0.0,0.03053986720095944,124
59.58,0.032145886530802824,0.00597275120461513,0.0009148577414510284,0.0,0.0,0.030546455879019725,124
59.6,0.032150083490689305,0.005970607710172135,0.0009148827785836537,0.0,0.0,0.03055297483303825,124
59.620000000000005,0.03215413519337411,0.005968441452020221,0.0009149060483290496,0.0,0.0,0.030559431730129982,124
59.64,0.03215804930446655,0.0059662399289439364,0.0009149275583840596,0.0,0.0,0.03056583450077313,124
59.660000000000004,0.03216183716124355,0.005964104109947922,0.0009149473190100982,0.0,0.0,0.030572191323504975,124
59.68,0.03216549551565427,0.005962428613197233,0.0009149654049780731,0.0,0.0,0.030578510607996885,123
59.7,0.032169032228433904,0.005960708321514509,0.0009149818475685114,0.0,0.0,0.030584800976247797,124
59.72,0.0321728649276343,0.005958943397432332,0.0009150148248678273,0.0,0.0,0.030591071241618195,124
59.74,0.03217670812389547,0.00595713411980786,0.0009150777906518923,0.0,0.0,0.03059733038541801,124
59.76,0.03218044317020114,0.005955280562494084,0.0009151390136620555,0.0,0.0,0.030603587530759608,123
59.78,0.03218407557409869,0.005953382789739262,0.0009151984666782719,0.0,0.0,0.03060985191339437,123
59.800000000000004,0.0321876107710021,0.005951440911675356,0.0009152561139257887,0.0,0.0,0.030616132849269673,123
59.82,0.032191054081911155,0.005949455023637355,0.0009153119742675457,0.0,0.0,0.03062243969857495,123
59.84,0.03219485962579298,0.005947425206022355,0.0009153660621136424,0.0,0.0,0.030628909334223672,123
59.86,0.032200135698968076,0.005945351524211528,0.0009154183735877619,0.0,0.0,0.030635705866704145,123
59.88,0.03220540542953859,0.005943234031862498,0.0009154689250905647,0.0,0.0,0.030642555732674083,122
59.9,0.03221067588420714,0.005941072770046647,0.0009155188643069457,0.0,0.0,0.030649468037469388,122
59.92,0.03221609162663009,0.005938867764081656,0.0009155677733127103,0.0,0.0,0.030656451693693198,122
59.94,0.03222184414699892,0.005936619010973057,0.0009156149446309154,0.0,0.0,0.03066351536310048,122
59.96,0.032228872855050654,0.005934871726093283,0.0009156604490831026,0.0,0.0,0.03067066739565326,122
59.980000000000004,0.03223636983970413,0.005933985388646129,0.0009157043034598217,0.0,0.0,0.030677915766395537,122
60.0,0.03224395299642661,0.0059330520034010445,0.0009157464613571491,0.0,0.0,0.03068526801097748,122
60.02,0.032251628917702176,0.005932073061462242,0.0009157870175289447,0.0,0.0,0.030692731160841417,122
60.04,0.032259403619701296,0.005931066115614693,0.000915825912750207,0.0,0.0,0.030700311679256843,122
60.06,0.0322672824803246,0.005930011868003208,0.0009158631101127253,0.0,0.0,0.030708015399548177,122
60.08,0.03227527018090335,0.005928910213692578,0.0009158986289603507,0.0,0.0,0.03071584746698213,122
60.1,0.032283370653102404,0.005927761044326761,0.0009159324681442739,0.0,0.0,0.030723812285860668,121
60.120000000000005,0.03229171592022375,0.005926564245790523,0.0009159646246302628,0.0,0.0,0.030731913473384262,121
60.14,0.032300511727002025,0.005925319697933993,0.0009159951124285593,0.0,0.0,0.030740153821798878,121
60.160000000000004,0.032309426566576246,0.005924027277974693,0.000916023968882094,0.0,0.0,0.03074853527020845,121
60.18,0.03231884031677693,0.005923536062831243,0.0009160514827121258,0.0,0.0,0.030757058887218875,121
60.2,0.03232858871713072,0.005923604859941332,0.0009160773506348008,0.0,0.0,0.030765724865281757,121
60.22,0.032338454336346786,0.005923622036122445,0.000916101561761222,0.0,0.0,0.030774532527233195,122
60.24,0.03234843510788,0.005923587569735377,0.0009161241198726352,0.0,0.0,0.03078348034509247,122
60.26,0.032358528134647714,0.005923501177318338,0.0009161450313346339,0.0,0.0,0.030792565970717875,122
60.28,0.03236872973041925,0.005923362718283095,0.000916164348222698,0.0,0.0,0.03080178627744023,122
60.300000000000004,0.03237903547083654,0.005923181555711604,0.0009161820313718347,0.0,0.0,0.030811137411340443,122
60.32,0.032389440252327456,0.0059229510350239396,0.0009161980844912807,0.0,0.0,0.030820614850434438,122
60.34,0.032399938356852676,0.005922668056700739,0.0009162127582992262,0.0,0.0,0.030830213469708108,122
60.36,0.03241052352020911,0.005922332499161966,0.0009162258303892056,0.0,0.0,0.03083992760972733,122
60.38,0.032421212910884754,0.005921944260209425,0.0009162373012018352,0.0,0.0,0.030849751146450905,122
60.4,0.03243248391481287,0.005921503247601754,0.0009162471818609996,0.0,0.0,0.03085967755990274,122
60.42,0.0324440389750892,0.005921009392243473,0.0009162554850238733,0.0,0.0,0.030869699999512043,122
60.44,0.03245596231979674,0.005920462611973593,0.0009162622866042101,0.0,0.0,0.030879811344194305,122
60.46,0.032467934098317004,0.005919862849776875,0.0009162675721810987,0.0,0.0,0.030890004255602666,122
60.480000000000004,0.03247994611812507,0.005919589113650571,0.0009162713555420405,0.0,0.0,0.03090027122340371,121
60.5,0.03249199003682054,0.005920972613812211,0.0009162737456905506,0.0,0.0,0.030910604601896832,121
60.52,0.03250405738939083,0.005922291740296714,0.0009162746599736426,0.0,0.0,0.030920996637770582,121
60.54,0.032516139606837385,0.005923546337883493,0.0009163238555499784,0.0,0.0,0.030931439489247387,120
60.56,0.03252822802682813,0.005924736164216402,0.0009163722772941379,0.0,0.0,0.03094192523728004,120
60.58,0.032540313897388894,0.005925860996333451,0.0009164191769232209,0.0,0.0,0.03095244588981291,120
60.6,0.03255238837491167,0.005926920659952256,0.0009164645982999865,0.0,0.0,0.030962993380385828,120
60.620000000000005,0.032564442517933924,0.005927914998363376,0.0009165085759662786,0.0,0.0,0.030973559562535082,120
60.64,0.032576467278223796,0.005928843873716437,0.0009165510530834466,0.0,0.0,0.030984136201526728,120
60.660000000000004,0.03258845349069684,0.00592970716572254,0.0009165921770104906,0.0,0.0,0.030994714964948385,120
60.68,0.03260039186360133,0.00593098745065081,0.0009166319219566708,0.0,0.0,0.031005287413596976,120
60.7,0.03261227297025495,0.00593319418262143,0.0009166702618960956,0.0,0.0,0.031015844993945996,120
60.72,0.03262408724341696,0.005935331344522635,0.0009167072386724894,0.0,0.0,0.031026379033277103,120
60.74,0.03263582497315487,0.0059373988942311925,0.0009167428644981924,0.0,0.0,0.031036880738335926,120
60.76,0.03264793822544462,0.005939556904083825,0.0009167771655219572,0.0,0.0,0.03104734119814143,120
60.78,0.03265995529752901,0.005941885131520345,0.0009168102373769361,0.0,0.0,0.031057751391356563,120
60.800000000000004,0.032671865267073566,0.00594414289023334,0.0009168420765218349,0.0,0.0,0.031068102198427466,120
60.82,0.03268365791975159,0.005946330248117652,0.0009168726543786727,0.0,0.0,0.03107838441852363,120
60.84,0.032695668265462614,0.005948447296192428,0.0009169020134526024,0.0,0.0,0.031088588791162844,119
60.86,0.03270790630286345,0.005950494151785539,0.0009169301461458652,0.0,0.0,0.031098706022277964,119
60.88,0.0327200091577471,0.0059524709638198395,0.000916957084377783,0.0,0.0,0.03110872681437183,119
60.9,0.03273196675852857,0.005954377915549075,0.0009169828395798904,0.0,0.0,0.031118730282597828,119
60.92,0.032743769080586176,0.005956215207999282,0.0009170076453994367,0.0,0.0,0.031128950454381854,118
60.94,0.03275540618481936,0.005957983075708221,0.0009170313274283252,0.0,0.0,0.03113904620463861,118
60.96,0.03276686825788821,0.005959681779934154,0.0009170538718143102,0.0,0.0,0.031149008587301092,118
60.980000000000004,0.0327781456533301,0.0059613116098032335,0.0009170755221312284,0.0,0.0,0.031158828846055673,118
61.0,0.0327892289326943,0.005962872881074155,0.0009170962251943428,0.0,0.0,0.031168498456243362,117
61.02,0.03280010890580921,0.00596436593513153,0.0009171162063743562,0.0,0.0,0.0311780091659161,117
61.04,0.032810776669304764,0.0059657911401569605,0.0009171349986291276,0.0,0.0,0.03118735303517373,117
61.06,0.03282122364255888,0.005967148886161424,0.0009171525998769595,0.0,0.0,0.03119652247295298,117
61.08,0.03283144160031875,0.005968439585066127,0.0009171718309582303,0.0,0.0,0.031205510270522503,117
61.1,0.03284142270136537,0.005969663667570669,0.0009171959880290021,0.0,0.0,0.03121430963105432,117
61.120000000000005,0.03285115951273035,0.0059708215866897925,0.0009172190820377201,0.0,0.0,0.03122291419478309,117
61.14,0.03286064502913387,0.005971913922224289,0.0009172694491878606,0.0,0.0,0.031231318059423755,117
61.160000000000004,0.03286987268747487,0.005972941144169008,0.000917322871820222,0.0,0.0,0.031239803556063664,117
61.18,0.03287883637636475,0.005973903667942068,0.000917375420800811,0.0,0.0,0.03124827969206696,117
61.2,0.03288753044084114,0.00597480201299375,0.0009174267458293197,0.0,0.0,0.03125653953983352,117
61.22,0.032895949682522393,0.005975636710189055,0.0009174768440053562,0.0,0.0,0.03126457913557471,117
61.24,0.032904089355565255,0.005976408302394337,0.0009175257432811365,0.0,0.0,0.031272395003361646,117
61.26,0.03291194515886001,0.005977334764410289,0.0009175735486319895,0.0,0.0,0.031279984148554846,117
61.28,0.032919513224945456,0.005978402418844972,0.0009176353558407649,0.0,0.0,0.031287344048000224,116
61.300000000000004,0.03292679010614807,0.005979407532278511,0.0009177157672425975,0.0,0.0,0.031294472637497475,116
61.32,0.03293377275845065,0.005980350684919233,0.0009177951008514737,0.0,0.0,0.03130136829704829,116
61.34,0.03294045852357916,0.005981232476564701,0.0009178732567663392,0.0,0.0,0.031308439593455493,116
61.36,0.032946845109766726,0.0059820534873671885,0.0009179919386563462,0.0,0.0,0.031315312714843294,116
61.38,0.03295293057161383,0.005982814301564553,0.0009181133078726487,0.0,0.0,0.03132195012247858,116
61.4,0.032958713289418115,0.005983515513236914,0.0009182334910825734,0.0,0.0,0.03132835179644572,116
61.42,0.032964191948299394,0.00598415771714725,0.0009183523740466373,0.0,0.0,0.03133451806988216,116
61.44,0.032969365517396466,0.00598474150841156,0.0009184702890705648,0.0,0.0,0.03134044960991879,117
61.46,0.03297423322936488,0.005985267503313795,0.0009185876019516091,0.0,0.0,0.03134614739899204,117
61.480000000000004,0.03297879456036139,0.005985736375744202,0.000918703927254165,0.0,0.0,0.031351612716716826,117
61.5,0.032983049210659886,0.005986148616835817,0.0009188188536760678,0.0,0.0,0.03135721107101251,117
61.52,0.032986997086007996,0.0059865048324312655,0.0009189326839977042,0.0,0.0,0.0313626886393446,117
61.54,0.03299063827980163,0.005986805591736548,0.0009190451795175761,0.0,0.0,0.031367938500764456,118
61.56,0.03299397305612838,0.005987051476569652,0.0009191566171867803,0.0,0.0,0.03137296295934275,119
61.58,0.03299700183370734,0.005987316679213303,0.0009192673819497308,0.0,0.0,0.031377764538168776,119
61.6,0.032999725170734406,0.005989000142191825,0.0009193770483882239,0.0,0.0,0.03138234596662169,118
61.620000000000005,0.0330021437506267,0.005991012051046319,0.0009194855963184702,0.0,0.0,0.031386710168648906,118
61.64,0.03300425836864754,0.0059929660879579055,0.0009195934817520198,0.0,0.0,0.0313908602520388,117
61.660000000000004,0.033006457243777515,0.0059948627986957615,0.0009197001011152204,0.0,0.0,0.0313947994986658,117
61.68,0.0330086647094243,0.0059967027246760314,0.0009198053662090859,0.0,0.0,0.031398531355678785,117
61.7,0.03301058488746576,0.005998486407379729,0.0009199095739255382,0.0,0.0,0.031402059427598855,117
61.72,0.033012219255576326,0.006000214365496092,0.0009200126279154954,0.0,0.0,0.03140538746928902,117
61.74,0.03301356935970424,0.006001887119797862,0.0009201151223256627,0.0,0.0,0.03140851937975619,116
61.76,0.03301463680562592,0.0060035051837798534,0.0009202170508752299,0.0,0.0,0.031411459196744485,116
61.78,0.033015423251108504,0.0060050695785547874,0.0009203285819258794,0.0,0.0,0.03141455332157571,116
61.800000000000004,0.033015930398632036,0.006006583596783339,0.0009204620747631912,0.0,0.0,0.03141754768656987,116
61.82,0.03301615998862402,0.006008044356086341,0.0009205946527573596,0.0,0.0,0.03142036227257517,116
61.84,0.03301639316964382,0.006009452672879758,0.0009207267045645796,0.0,0.0,0.0314230016344144,116
61.86,0.033016538759512506,0.0060108089016947435,0.0009208965377686559,0.0,0.0,0.03142547044901611,116
61.88,0.03301641155744582,0.006012113303328955,0.0009210671412791638,0.0,0.0,0.03142777351390382,116
61.9,0.03301601339694612,0.006013366336308534,0.0009212721254839424,0.0,0.0,0.03142991574619937,116
61.92,0.03301534612168665,0.006014568450664032,0.0009214972911873601,0.0,0.0,0.03143190218210354,116
61.940000000000005,0.03301441158084899,0.006015720088655956,0.0009217211736822012,0.0,0.0,0.03143373797681801,116
61.96,0.033013211624654155,0.006016821683145343,0.0009219442673855032,0.0,0.0,0.031435428404872186,116
61.980000000000004,0.03301174810004286,0.0060178736569463185,0.0009221664220620599,0.0,0.0,0.031436978860818504,116
62.0,0.03301002284646047,0.006018876425488235,0.0009223872443149139,0.0,0.0,0.031438394860259566,116
62.02,0.03300803818052909,0.006019830393689295,0.0009226076800484834,0.0,0.0,0.03143968204116893,116
62.04,0.03300580538374212,0.006020735956541797,0.0009228276608854187,0.0,0.0,0.031440846165466434,115
62.06,0.033003316339683605,0.006021593500787698,0.0009230470160602487,0.0,0.0,0.03144189312080659,115
62.08,0.033000513147753166,0.006022403403757854,0.0009232482345654349,0.0,0.0,0.03144278623525914,114
62.1,0.0329976442261263,0.006023166015852934,0.0009234477150232611,0.0,0.0,0.0314435723459484,114
62.120000000000005,0.03299591414124438,0.006023881793497401,0.0009236461819869334,0.0,0.0,0.0314442596190648,114
62.14,0.0329939830754404,0.0060245510518803875,0.0009238436399866862,0.0,0.0,0.03144485446647843,113
62.160000000000004,0.03299185433025014,0.006025174605633908,0.000924056150891956,0.0,0.0,0.03144536343629341,113
62.18,0.03298953122793538,0.006025752641806178,0.0009242964111930921,0.0,0.0,0.031445793214881626,113
62.2,0.03298701710830114,0.006026285080441656,0.000924535703457166,0.0,0.0,0.03144615062874684,114
62.22,0.032984315325041626,0.006026772219093666,0.0009247741461372438,0.0,0.0,0.03144644264614512,114
62.24,0.03298178158641953,0.006027214350538184,0.0009250113042903223,0.0,0.0,0.03144667637838254,114
62.26,0.032979263966343514,0.006027624296812373,0.0009252471566686495,0.0,0.0,0.0314468590807048,114
62.28,0.03297681927297068,0.006028010622916538,0.0009254816854539105,0.0,0.0,0.03144699815268847,114
62.300000000000004,0.03297545192491952,0.006028352753757674,0.0009257147871152576,0.0,0.0,0.031447101138038364,114
62.32,0.03297451913589616,0.00602865093296784,0.000925946506213867,0.0,0.0,0.03144717572369104,114
62.34,0.03297346680961684,0.006028905376381503,0.0009261768681211534,0.0,0.0,0.03144722973812192,114
62.36,0.03297229995157517,0.006029116308582038,0.0009264060973253575,0.0,0.0,0.031447271148751184,114
62.38,0.03297102359485132,0.006029294688032434,0.0009266405532316011,0.0,0.0,0.03144730805834483,114
62.4,0.0329699296951281,0.006029449393812137,0.0009268922022860993,0.0,0.0,0.03144734870030982,114
62.42,0.032969156326216824,0.006029561110483152,0.0009271190311644825,0.0,0.0,0.03144734487978761,114
62.440000000000005,0.032968762112895574,0.006029629969428093,0.0009273402024605191,0.0,0.0,0.031447350024699,114
62.46,0.03296829234718773,0.006029656118448492,0.000927560735329163,0.0,0.0,0.03144738426529811,114
62.480000000000004,0.032967751441382746,0.006029639701842185,0.0009277804984756037,0.0,0.0,0.031447456286030594,114
62.5,0.03296714565229093,0.006029580853816088,0.0009279989187637897,0.0,0.0,0.03144757485896821,114
62.52,0.032966489021095426,0.006029479687597418,0.0009282161428335594,0.0,0.0,0.03144774883096212,114
62.54,0.03296577693658346,0.00602933630329243,0.0009284325136077388,0.0,0.0,0.031447987109381015,114
62.56,0.0329650144305948,0.006029150787388772,0.0009286481034131964,0.0,0.0,0.03144870393670684,114
62.58,0.0329642064085117,0.006028923211242525,0.0009288814251760603,0.0,0.0,0.03144950941956141,113
62.6,0.03296335762439881,0.006028653630817253,0.0009291386245721321,0.0,0.0,0.03145040562966813,113
62.620000000000005,0.03296335120616089,0.006028342086434185,0.000929394528638822,0.0,0.0,0.03145140154908777,113
62.64,0.03296402000494982,0.006027988609350153,0.0009296490177252646,0.0,0.0,0.03145250613149056,113
62.660000000000004,0.03296492990929974,0.0060275932042697595,0.0009299066964491571,0.0,0.0,0.03145370047116722,113
62.68,0.032966075070966466,0.006027155866811295,0.00093017037050701,0.0,0.0,0.03145497616452571,113
62.7,0.03296725172281797,0.006026676572356655,0.00093043316617931,0.0,0.0,0.03145638701109033,113
62.72,0.03296846498964217,0.006026155279113085,0.0009306948156129282,0.0,0.0,0.03145794165080299,113
62.74,0.03297013057883713,0.006025591929569659,0.000930955036436455,0.0,0.0,0.031459648596573506,113
62.76,0.032973207828086375,0.006024986539755653,0.0009312138223803455,0.0,0.0,0.0314615162163766,113
62.78,0.03297639626882126,0.006024339242677003,0.0009314711833937692,0.0,0.0,0.03146355271652588,113
62.800000000000004,0.03297970888508869,0.006023649667016066,0.0009317271365038281,0.0,0.0,0.031465766126274615,113
62.82,0.0329831486605578,0.006022917642335918,0.0009319820923952094,0.0,0.0,0.03146816428382641,113
62.84,0.03298756029903008,0.006022143032845,0.0009322359984012665,0.0,0.0,0.031470754823764484,113
62.86,0.03299285217752174,0.006021325686119227,0.0009324900317637037,0.0,0.0,0.03147354516583621,113
62.88,0.03299833255050947,0.0060204654245604354,0.0009327433809129449,0.0,0.0,0.03147654250496096,113
62.9,0.03300400792444348,0.006019741779002305,0.0009329955965373645,0.0,0.0,0.031479753802275454,113
62.92,0.033009884553038896,0.006020329967634677,0.000933246749120393,0.0,0.0,0.031483185776992655,112
62.940000000000005,0.03301596842899672,0.006020869799710771,0.0009335252778532633,0.0,0.0,0.03148684489883365,112
62.96,0.03302226527599991,0.00602164928755526,0.0009338209797516294,0.0,0.0,0.03149073738079742,112
62.980000000000004,0.0330287805407804,0.0060225591643599,0.0009341154371260191,0.0,0.0,0.031494869172061096,112
63.0,0.03303551938510084,0.006023418538792199,0.0009344086930703438,0.0,0.0,0.031499245950848576,112
63.02,0.03304248667755382,0.006024227039869375,0.000934700670444839,0.0,0.0,0.0315038731171627,112
63.04,0.0330496869851461,0.006024984432338937,0.0009349913878464735,0.0,0.0,0.031508755785338426,112
63.06,0.03305705894605451,0.006025690464286678,0.0009352765486455332,0.0,0.0,0.03151383782887665,112
63.08,0.03306464651732269,0.006026344872102518,0.0009355587974708544,0.0,0.0,0.03151916095395911,112
63.1,0.033072478976300536,0.0060269473926785255,0.0009358754695875506,0.0,0.0,0.031524753219388864,112
63.120000000000005,0.033080559597038955,0.006027497737564529,0.0009361980620962086,0.0,0.0,0.03153061852005094,112
63.14,0.033088891308952234,0.006027995640094555,0.0009365195684589957,0.0,0.0,0.03153676042705888,112
63.160000000000004,0.033097476688649013,0.006028819750679931,0.0009368400801674067,0.0,0.0,0.031543182180498765,112
63.18,0.03310631795197857,0.006029668259291072,0.0009371594729091411,0.0,0.0,0.03154988668233395,112
63.2,0.03311541694617999,0.00603046202115171,0.0009374780565486732,0.0,0.0,0.031556876489349454,112
63.22,0.03312477514192612,0.006031200782697248,0.0009377960095502998,0.0,0.0,0.031564153805922694,112
63.24,0.033134393624958194,0.006031884292845851,0.0009381661153486225,0.0,0.0,0.03157172047631442,112
63.26,0.03314427308691882,0.00603370657036317,0.0009385668248288708,0.0,0.0,0.03157957797609018,112
63.28,0.033154413814920514,0.006035641619018601,0.0009389666885598645,0.0,0.0,0.031587727402215646,112
63.300000000000004,0.03316481567934019,0.006037514801046522,0.0009393656458010433,0.0,0.0,0.03159616946132716,112
63.32,0.03317547811931621,0.006039325669465168,0.0009397638423238755,0.0,0.0,0.03160490445566804,112
63.34,0.0331864001254491,0.00604107393671084,0.0009401614571105563,0.0,0.0,0.03161393226620954,112
63.36,0.03319758021927498,0.006042759132240606,0.0009405581939032467,0.0,0.0,0.03162325233254525,112
63.38,0.03320901642919658,0.006044381104150586,0.0009409542036650905,0.0,0.0,0.03163286362926592,112
63.4,0.033220706262721104,0.006045939440019202,0.0009413493875021504,0.0,0.0,0.03164276463868572,112
63.42,0.03323264667506623,0.006047463150303808,0.0009417440130328835,0.0,0.0,0.031652953320004555,112
63.440000000000005,0.033244981913829366,0.006048929999941779,0.000942138529457303,0.0,0.0,0.031663427075242764,112
63.46,0.03325788361150621,0.006050332100251166,0.0009425323354165415,0.0,0.0,0.03167418271257082,112
63.480000000000004,0.03327102244905381,0.006051669158650555,0.0009429253908603818,0.0,0.0,0.03168521640795842,112
63.5,0.0332843928034581,0.006052940880322908,0.0009433178533740932,0.0,0.0,0.03169652366636701,112
63.52,0.03329798830928266,0.00605414690561973,0.0009437095324685687,0.0,0.0,0.03170809928398546,112
63.54,0.03331180182233419,0.006055286947976266,0.0009441003828334983,0.0,0.0,0.031719937313233394,112
63.56,0.033325825387802564,0.006056360693722475,0.0009444904104671477,0.0,0.0,0.031732031032408466,112
63.58,0.033340050214803574,0.0060573725782200796,0.0009448804620443046,0.0,0.0,0.03174437292190919,112
63.6,0.03335446665920052,0.006058318506272527,0.0009452700134149704,0.0,0.0,0.03175721658357106,112
63.620000000000005,0.03336906421641119,0.006059197562964928,0.0009456586266191799,0.0,0.0,0.03177054232614505,112
63.64,0.03338383152562268,0.006060009422493641,0.0009460462576160238,0.0,0.0,0.03178408808210437,112
63.660000000000004,0.03339875638645134,0.006060753853149611,0.0009464331313078885,0.0,0.0,0.031797843098677475,112
63.68,0.033413825788622474,0.00606143065324107,0.0009468188610177261,0.0,0.0,0.03181179586252178,112
63.7,0.03342902595473547,0.006062039726232697,0.0009472033736594238,0.0,0.0,0.03182593414515163,112
63.72,0.03344434239565937,0.006062580880228873,0.0009475866011135435,0.0,0.0,0.03184024506114417,112
63.74,0.03345976289180196,0.006063053854310298,0.0009479684528349606,0.0,0.0,0.03185471513816516,112
63.76,0.033475276345338874,0.0060634585811501366,0.0009483490085887599,0.0,0.0,0.031869330397417045,112
63.78,0.033491401549451516,0.006063800457476807,0.0009487281456705234,0.0,0.0,0.03188407644275453,112
63.800000000000004,0.03350861853238369,0.00606408105763366,0.0009491057917559556,0.0,0.0,0.0318989385564555,112
63.82,0.0335259201386483,0.006064293144836068,0.0009494817695349357,0.0,0.0,0.03191390179948209,112
63.84,0.03354328874422703,0.006064436973028453,0.0009498527539376016,0.0,0.0,0.03192894308790284,112
63.86,0.03356066222383705,0.006064512190359741,0.0009502072668487183,0.0,0.0,0.031944018985015095,112
63.88,0.033578074354774876,0.006064518771517847,0.0009505599062949516,0.0,0.0,0.03195915083172006,112
63.9,0.03359551002984823,0.0060644567211379586,0.0009509105084220499,0.0,0.0,0.031974323820634046,112
63.92,0.03361295440774327,0.006064326150164513,0.0009512589566887048,0.0,0.0,0.03198952341711269,112
63.940000000000005,0.03363039299676924,0.006064127470099246,0.000951605162138442,0.0,0.0,0.03200473544365468,112
63.96,0.033647811730468824,0.006063860863977479,0.0009519491494365577,0.0,0.0,0.03201994615617304,111
63.980000000000004,0.03366519703415074,0.006063526290877523,0.0009522908363459772,0.0,0.0,0.03203514231118963,111
64.0,0.03368253588164147,0.006063123686879035,0.0009526300342989045,0.0,0.0,0.032050311223249965,111
64.02,0.03369981584178849,0.006062653224787828,0.0009529668158754515,0.0,0.0,0.0320654408120904,110
64.04,0.03371702511447204,0.006062115115250046,0.0009533009641660205,0.0,0.0,0.032080519639316206,110
64.06,0.033734152556099704,0.006061509603043808,0.0009536325001760604,0.0,0.0,0.0320955369345652,108
64.08,0.033751181488158,0.0060608405828391125,0.0009539596671379776,0.0,0.0,0.03211047746542787,107
64.1,0.03376802439531269,0.006060105409095747,0.0009542599463303863,0.0,0.0,0.03212526738784427,107
64.12,0.033784756132346175,0.006059303592998546,0.0009545574265156346,0.0,0.0,0.032139967613809245,108
64.14,0.03380136823663999,0.0060584355320412115,0.000954852019375972,0.0,0.0,0.032154570106938035,108
64.16,0.03381785288445035,0.006057501907910904,0.0009551444680663913,0.0,0.0,0.032169067484673707,108
64.18,0.03383420286317843,0.006056503009471768,0.0009554345780030969,0.0,0.0,0.03218345299128179,108
64.2,0.03385041153777146,0.0060554389644488305,0.0009557218467686803,0.0,0.0,0.03219772046499195,108
64.22,0.03386647281235687,0.0060543103886272764,0.0009560060240075219,0.0,0.0,0.03221186430039095,108
64.24,0.03388238108823969,0.006053117495223896,0.0009562870724758797,0.0,0.0,0.03222587940719848,108
64.26,0.033898131219390865,0.006051860384224725,0.0009565649579138117,0.0,0.0,0.03223976116655528,108
64.28,0.03391371846652035,0.006050539575366234,0.0009568396488456455,0.0,0.0,0.032253505385918445,108
64.3,0.03392913845076597,0.006049155293567637,0.000957111119728443,0.0,0.0,0.032267108253595675,108
64.32000000000001,0.03394438710793596,0.006047707924076284,0.0009573793459727213,0.0,0.0,0.03228056629385747,108
64.34,0.03395946064412593,0.006046197910617102,0.0009576442980969501,0.0,0.0,0.032293876323447976,108
64.36,0.03397435549339107,0.006044625624262661,0.0009579060063319594,0.0,0.0,0.03230703541017561,108
64.38,0.03398906827799724,0.00604299150598803,0.0009581644695127571,0.0,0.0,0.03232004083410732,108
64.4,0.034003595771609205,0.0060412959785545815,0.0009584195962857459,0.0,0.0,0.03233289005172433,108
64.42,0.03401793486560357,0.00603953940945522,0.0009586713706105668,0.0,0.0,0.03234558066322726,107
64.44,0.034032031805001355,0.006037722520515924,0.0009589282048902118,0.0,0.0,0.03235804949028404,108
64.46000000000001,0.03404592565307043,0.006035845630464146,0.0009591830837495903,0.0,0.0,0.03237034479372813,108
64.48,0.03405962222845209,0.00603390926104967,0.0009594345426034449,0.0,0.0,0.03238247493843771,108
64.5,0.03407311861691922,0.006031921436667496,0.0009596827469351136,0.0,0.0,0.03239443783319781,108
64.52,0.03408641189666784,0.006029885484588913,0.0009599275632531352,0.0,0.0,0.03240623141056176,108
64.54,0.03409949911972691,0.006027791084319915,0.0009601815243293516,0.0,0.0,0.03241785360940835,108
64.56,0.034112377294634455,0.006025638870427964,0.000960457320318251,0.0,0.0,0.03242931893134404,108
64.58,0.0341250174028967,0.006023439306212365,0.0009607223621217841,0.0,0.0,0.03244104810533448,107
64.6,0.034137410008406754,0.006021199685646687,0.00096097498050036,0.0,0.0,0.032452575620154286,107
64.62,0.034149558378095655,0.006018903645193634,0.0009612245386058449,0.0,0.0,0.03246389580077242,108
64.64,0.03416145355041444,0.006016551003638536,0.0009614711043274434,0.0,0.0,0.03247500052132843,108
64.66,0.03417312344924782,0.006014142290780333,0.0009617142787880502,0.0,0.0,0.03248592008225418,108
64.68,0.03418456450617021,0.006011678033552786,0.0009619541210547631,0.0,0.0,0.03249665206517348,108
64.7,0.03419577301297458,0.006009693839739015,0.0009621906161944497,0.0,0.0,0.03250719395498508,108
64.72,0.034206745113871555,0.00600884763132925,0.0009624237728469696,0.0,0.0,0.03251754313361713,108
64.74,0.034217476800557575,0.006007942378533431,0.0009626536063271495,0.0,0.0,0.032527696876719324,108
64.76,0.03422833697019213,0.00600697864873129,0.0009628801513705916,0.0,0.0,0.03253765235383233,108
64.78,0.03423913399618453,0.006006986546252063,0.0009631034454431064,0.0,0.0,0.03254740663249586,108
64.8,0.03424967689466376,0.006009169304485353,0.0009633235284693551,0.0,0.0,0.03255695668663239,108
64.82000000000001,0.03425996107236912,0.006011639052284672,0.0009635404425280985,0.0,0.0,0.032566602913712994,108
64.84,0.03426998181692925,0.0060140367233841585,0.0009637542315206046,0.0,0.0,0.0325761620209795,108
64.86,0.03427973431616139,0.006016362847175801,0.0009639649408198367,0.0,0.0,0.032585507037341845,108
64.88,0.03428921368103223,0.006018617952669403,0.0009641726174566335,0.0,0.0,0.03259463472745436,108
64.9,0.03429841497166552,0.006020802368864792,0.0009643773180226238,0.0,0.0,0.032603541867452825,108
64.92,0.03430733322563611,0.006022916794261567,0.0009645790856936292,0.0,0.0,0.03261222527576731,108
64.94,0.034315963487688776,0.006024961896538571,0.0009647779625891723,0.0,0.0,0.03262068184547901,109
64.96000000000001,0.03432430083996959,0.0060269380657203084,0.0009649739961139275,0.0,0.0,0.03262890857731286,109
64.98,0.034332340431860044,0.006028845580931294,0.00096516723310017,0.0,0.0,0.032636902612360165,110
65.0,0.034340057318822635,0.006030685112699367,0.0009653480859650698,0.0,0.0,0.03264464521559538,110
65.02,0.0343474077275944,0.006032456961557764,0.0009654979741524247,0.0,0.0,0.032652102767850064,110
65.04,0.03435444648730551,0.006034161685349596,0.000965645329764279,0.0,0.0,0.03265932012178878,110
65.06,0.034361169279249246,0.006035799779598277,0.0009657902029908128,0.0,0.0,0.03266629527503854,110
65.08,0.03436758179243946,0.006037371686442959,0.0009659326346702395,0.0,0.0,0.03267302649899218,110
65.1,0.03437367201356323,0.006038878142743805,0.0009661141239945905,0.0,0.0,0.032679512356024086,110
65.12,0.0343794421856754,0.0060403199594307126,0.0009663549432434646,0.0,0.0,0.03268575171308909,110
65.14,0.034384883883617635,0.006041697178707464,0.0009665930422428205,0.0,0.0,0.03269174375177607,110
65.16,0.034391387830325505,0.0060430102884571025,0.0009668284578399299,0.0,0.0,0.03269748797498928,110
65.18,0.034397759014679626,0.006044259909477461,0.0009670614197844901,0.0,0.0,0.03270298301171668,111
65.2,0.03440378473279816,0.006045446723498583,0.0009673024992663885,0.0,0.0,0.032708164068565006,111
65.22,0.03440951942069086,0.006046571010584558,0.0009675409634438745,0.0,0.0,0.03271309783132501,111
65.24,0.034414962505774756,0.0060476333454133595,0.0009677768429225639,0.0,0.0,0.03271778509717425,111
65.26,0.034420113683402684,0.0060486342830209415,0.000968010166872186,0.0,0.0,0.03272222697781022,111
65.28,0.03442497290807813,0.006049574441727247,0.0009682409631108978,0.0,0.0,0.03272642489247218,110
65.3,0.034429540383493204,0.006050454162568434,0.0009684692581927966,0.0,0.0,0.03273038055987801,110
65.32000000000001,0.034433816551675996,0.0060512739455025385,0.0009686950774966097,0.0,0.0,0.03273409598936699,110
65.34,0.034437802081498235,0.006052034296133385,0.0009689184453139459,0.0,0.0,0.032737573471504064,110
65.36,0.0344414978567582,0.006052735752980571,0.0009691393849357762,0.0,0.0,0.032740815568364424,110
65.38,0.03444485058148579,0.006053378806583823,0.0009693593334436881,0.0,0.0,0.03274375041755353,110
65.4,0.03444789226725634,0.006053989646345808,0.0009695775052535518,0.0,0.0,0.0327464233327506,110
65.42,0.03445064811294952,0.006054987732718103,0.0009698132237756882,0.0,0.0,0.032748870244825985,110
65.44,0.034453119739728796,0.00605604964287695,0.0009700733155237902,0.0,0.0,0.0327510947032519,110
65.46000000000001,0.03445530892267618,0.0060570519585560695,0.0009703310462664162,0.0,0.0,0.032753100480755096,110
65.48,0.03445721757882542,0.006057995182540997,0.0009705863624226578,0.0,0.0,0.03275489156427701,110
65.5,0.03445884775530863,0.006058879812178667,0.0009708392817703231,0.0,0.0,0.03275647214618259,110
65.52,0.034460201617580344,0.006059706290687792,0.0009710898216394457,0.0,0.0,0.03275784661568498,110
65.54,0.034461281437662014,0.006060475063392509,0.0009713380057753574,0.0,0.0,0.03275901955043223,110
65.56,0.034462089582330276,0.006061186590864109,0.0009715838785289483,0.0,0.0,0.03275999570818134,110
65.58,0.03446316083580266,0.006061841305083364,0.0009718276015501509,0.0,0.0,0.03276078001846736,110
65.6,0.03446396605755515,0.006062460687292387,0.0009720690328242668,0.0,0.0,0.03276137757415833,110
65.62,0.034464476348211884,0.006063042959854466,0.0009722922479710282,0.0,0.0,0.032761769305795156,110
65.64,0.03446466521442348,0.006063569583584917,0.0009724819087066428,0.0,0.0,0.032761937052918584,110
65.66,0.03446459454666276,0.006064040875299027,0.0009726694652212477,0.0,0.0,0.03276193425096216,110
65.68,0.03446426701585043,0.006064457212037507,0.0009728549767149763,0.0,0.0,0.03276176655494321,111
65.7,0.03446395026693583,0.006064819097805867,0.0009730384768348728,0.0,0.0,0.0327614397345099,111
65.72,0.03446368535920045,0.006065126754441216,0.0009732203517891471,0.0,0.0,0.03276095966182336,111
65.74,0.03446384034859547,0.0060653805455534796,0.0009734002730632018,0.0,0.0,0.03276033229826997,111
65.76,0.03446500179307165,0.006065580799069004,0.0009735781789836379,0.0,0.0,0.03275956367985173,111
65.78,0.03446672186490708,0.006065727776153245,0.0009737540745611205,0.0,0.0,0.03275865990111826,111
65.8,0.034468287047445936,0.006065821774712847,0.0009739279754554775,0.0,0.0,0.03275762709752843,111
65.82000000000001,0.034469702713423214,0.006065863079106221,0.0009740998954016524,0.0,0.0,0.032756471426163024,110
65.84,0.03447097421410308,0.006065862759519852,0.0009742699309414238,0.0,0.0,0.032755199044754275,110
65.86,0.03447210685580687,0.006065822111624059,0.0009744384535620722,0.0,0.0,0.032753831950002595,110
65.88,0.03447310587482105,0.006065729646308929,0.0009746052990823341,0.0,0.0,0.032752911118220124,110
65.9,0.034473976410846235,0.006065585473658215,0.0009747702282804225,0.0,0.0,0.03275189107290251,110
65.92,0.034474723479234706,0.006065389844993373,0.0009749332511535669,0.0,0.0,0.03275077773165631,110
65.94,0.034475351942355445,0.006065142939517327,0.0009750943930589008,0.0,0.0,0.03274957688591767,109
65.96000000000001,0.034475866480520416,0.0060648449535085375,0.0009752536845927455,0.0,0.0,0.032748294172965875,109
65.98,0.03447627156299606,0.006064511372777194,0.0009754111102181029,0.0,0.0,0.0327469350480796,109
66.0,0.03447657141970562,0.006064147438600188,0.0009755666951122744,0.0,0.0,0.03274550475744409,109
66.02,0.034476770014291,0.006063732835585561,0.0009757204424134237,0.0,0.0,0.03274400831248118,109
66.04,0.034476871019241274,0.006063267732883484,0.0009758723645829837,0.0,0.0,0.03274245046631189,109
66.06,0.03447687779379913,0.0060627971970375,0.0009760226985676261,0.0,0.0,0.03274083569306657,109
66.08,0.03447679336532197,0.006062679342469181,0.000976171300170935,0.0,0.0,0.03273916817072207,109
66.1,0.034476620414694195,0.006062509706970458,0.0009763181394392136,0.0,0.0,0.032737451768066174,110
66.12,0.03447636535078365,0.006062288515474562,0.0009764632104196345,0.0,0.0,0.032735690036264545,110
66.14,0.03447603291779857,0.006062015846067812,0.0009766066450589011,0.0,0.0,0.03273388620533683,110
66.16,0.03447561790985783,0.006061691798794153,0.000976748664993579,0.0,0.0,0.032732043185644856,110
66.18,0.03447512157015574,0.00606131639855061,0.0009768890973380206,0.0,0.0,0.032730163574265524,110
66.2,0.034474544793183695,0.006060889755384466,0.000977027937204417,0.0,0.0,0.03272824966588249,109
66.22,0.03447388813745395,0.006060411950311158,0.0009771652676626756,0.0,0.0,0.03272656403054949,109
66.24,0.03447315184123424,0.006059883081272978,0.0009773009416774014,0.0,0.0,0.03272500341845073,109
66.26,0.034472335840320126,0.006059303201216975,0.0009774349448643538,0.0,0.0,0.03272341321335331,109
66.28,0.03447143978676645,0.006058672387201322,0.0009775672732282483,0.0,0.0,0.03272179467573366,109
66.3,0.03447046306746273,0.006057990714182701,0.0009776981934809857,0.0,0.0,0.032720148858850745,109
66.32000000000001,0.03446940482147417,0.006057258255603467,0.00097782752155862,0.0,0.0,0.0327185596462772,109
66.34,0.03446826590392316,0.006056475261733068,0.0009779552825314732,0.0,0.0,0.03271728552986466,109
66.36,0.03446705178692376,0.006055641706304291,0.0009781040497043535,0.0,0.0,0.03271598572724534,109
66.38,0.03446575227273408,0.006054761550455094,0.0009782682114670262,0.0,0.0,0.032714660634339296,109
66.4,0.03446436562842209,0.006053839324240107,0.000978469673477678,0.0,0.0,0.032713310512373375,109
66.42,0.034462838121096344,0.006052866771816075,0.0009786891303133747,0.0,0.0,0.03271188157275215,109
66.44,0.034461215785064836,0.006051843901401164,0.0009789069070699026,0.0,0.0,0.032710423969328106,109
66.46000000000001,0.034459495483469056,0.006050770765373185,0.000979150188950295,0.0,0.0,0.03270893607390045,109
66.48,0.03445760862966305,0.006049647444890958,0.0009793587526771399,0.0,0.0,0.0327073385660641,109
66.5,0.03445562289543535,0.006048474019866901,0.0009795656032101925,0.0,0.0,0.03270613253033886,109
66.52,0.03445353522850735,0.006047250589630796,0.0009797707781133672,0.0,0.0,0.0327049367846106,109
66.54,0.03445134233111897,0.006045977245024869,0.0009799742584512734,0.0,0.0,0.032703713644538474,109
66.56,0.034449040655595904,0.006044654084178935,0.0009801759870729512,0.0,0.0,0.0327024622648568,109
66.58,0.03444662640354115,0.0060432812369643945,0.0009803759501919814,0.0,0.0,0.03270118165665759,109
66.6,0.03444409552953574,0.006041858798265079,0.000980574138207074,0.0,0.0,0.03269987069563764,109
66.62,0.034441443749983675,0.006040387016295969,0.0009807705404428608,0.0,0.0,0.032698528135608515,109
66.64,0.034438666557439934,0.006038866239820331,0.0009809651330752783,0.0,0.0,0.03269715262759517,109
66.66,0.034436791940003895,0.006037296604059771,0.00098115790163442,0.0,0.0,0.03269574274452626,109
66.68,0.034435683072026095,0.006035678053212072,0.0009813488316943095,0.0,0.0,0.03269429701119295,109
66.7,0.03443450171339119,0.0060340106173982,0.0009815379229058667,0.0,0.0,0.0326929445171805,109
66.72,0.034433245272455344,0.006032294556893684,0.0009817253336900842,0.0,0.0,0.03269201492615405,109
66.74,0.03443191118511782,0.006030530380472825,0.0009819109756284586,0.0,0.0,0.032691044240384104,109
66.76,0.03443049695569639,0.006028717874851688,0.0009820949267907268,0.0,0.0,0.032690031170719135,109
66.78,0.03442900019791911,0.006026857486854341,0.0009822769683040455,0.0,0.0,0.03268897457915332,109
66.8,0.03442741867478522,0.0060249493321392145,0.0009824570848520537,0.0,0.0,0.03268787352050433,109
66.82000000000001,0.03442575033613195,0.006022993487339158,0.0009826353718175055,0.0,0.0,0.03268672728188825,109
66.84,0.03442399335287756,0.00602099018760509,0.0009828119348552781,0.0,0.0,0.03268577576188613,108
66.86,0.03442214614707832,0.0060189396907453395,0.0009829865957214116,0.0,0.0,0.03268495594905098,108
66.88,0.03442020741712419,0.0060168422679405115,0.0009831593266860198,0.0,0.0,0.032684090069923254,108
66.9,0.034418176157583164,0.006014698340640103,0.0009833300952363918,0.0,0.0,0.032683178658724915,108
66.92,0.03441605167338366,0.006012507983816643,0.0009834991870373703,0.0,0.0,0.0326822226164924,108
66.94,0.03441383358817807,0.006010271470580345,0.0009836666137698058,0.0,0.0,0.032681223221952396,107
66.96000000000001,0.03441161421779362,0.006007989079240561,0.0009838320703404188,0.0,0.0,0.03268018213665885,107
66.98,0.03440980117831033,0.0060056739127647835,0.0009839956015232694,0.0,0.0,0.032679101404463645,107
67.0,0.034407894473424974,0.006003336801980315,0.0009841571935287215,0.0,0.0,0.032677983445462286,107
67.02,0.03440590415396125,0.006000964626407552,0.0009843167897365275,0.0,0.0,0.03267683104459709,107
67.04,0.0344038230761239,0.005998547628388596,0.0009844744686190899,0.0,0.0,0.032675647335118796,107
67.06,0.03440165178899559,0.005996086090323694,0.000984630207821171,0.0,0.0,0.032674435777109295,107
67.08,0.034400083518935455,0.005993580299531081,0.0009847839765290973,0.0,0.0,0.0326732001312585,107
67.1,0.03439934536280104,0.00599104999849683,0.0009849357567278036,0.0,0.0,0.032671944428074466,107
67.12,0.03439857447479987,0.005988477224900305,0.0009850855502673691,0.0,0.0,0.03267067293269422,106
67.14,0.03439786491998914,0.005985861309701418,0.000985261896557435,0.0,0.0,0.03266939010545832,106
67.16,0.03439748287378661,0.005983202577821625,0.0009854388314500348,0.0,0.0,0.03266807716675959,105
67.18,0.03439704914350424,0.005980501021937073,0.000985614636086403,0.0,0.0,0.03266673034552605,105
67.2,0.0343965987167007,0.005977756947339977,0.0009857885082875625,0.0,0.0,0.03266538630064029,105
67.22,0.03439614101146098,0.005974970620629558,0.0009859619568341367,0.0,0.0,0.032664049801150015,105
67.24,0.03439567683255716,0.005972142234650453,0.0009861703324118285,0.0,0.0,0.03266272555805265,105
67.26,0.03439520850162173,0.005969272176686555,0.0009863766748223518,0.0,0.0,0.032661418164777724,105
67.28,0.03439473989426835,0.005966360550261423,0.0009865809897842733,0.0,0.0,0.03266013203598463,105
67.3,0.03439427463326195,0.0059634075560332555,0.0009867832907615591,0.0,0.0,0.03265887134550188,105
67.32000000000001,0.03439381602621251,0.0059604134214206106,0.000986983553390277,0.0,0.0,0.0326576399643963,105
67.34,0.03439381397713088,0.00595772866816912,0.0009872407845760137,0.0,0.0,0.03265644140031954,105
67.36,0.03439384236957026,0.005956090565980039,0.0009875157662638536,0.0,0.0,0.032655278739423324,105
67.38,0.03439388422770314,0.0059544087961166305,0.0009877885463102224,0.0,0.0,0.03265415459224902,105
67.4,0.034393941021004994,0.005952683543686011,0.0009880590592291846,0.0,0.0,0.03265307104506623,105
67.42,0.034394013638409694,0.005950915021674239,0.0009883273099720526,0.0,0.0,0.032652029618143716,105
67.44,0.03439410235443781,0.005949103790730511,0.000988593235967261,0.0,0.0,0.03265103123237292,105
67.46000000000001,0.03439420680492664,0.005947249756735475,0.000988856821107317,0.0,0.0,0.032650076185518975,105
67.48,0.03439432597340428,0.0059453529675380186,0.0009891180857144691,0.0,0.0,0.03264916413914304,105
67.5,0.03439445818883823,0.005943413601400711,0.0009893770507809173,0.0,0.0,0.03264829411692843,105
67.52,0.034394569488940166,0.005941431797752325,0.0009896185152382772,0.0,0.0,0.032647440977747064,105
67.54,0.034395104147352036,0.005940826509014301,0.0009898405244755356,0.0,0.0,0.03264659940507141,105
67.56,0.034395701322551736,0.005942200157145318,0.0009900601963255694,0.0,0.0,0.03264579320831422,105
67.58,0.0343962477573265,0.0059435159993127505,0.0009902491407677671,0.0,0.0,0.032644978361798895,105
67.6,0.034396748166663715,0.005944774015376663,0.0009904131262420386,0.0,0.0,0.0326441586069393,104
67.62,0.0343972384957232,0.0059459794968838905,0.000990612691021755,0.0,0.0,0.03264336295769152,104
67.64,0.0343977133458495,0.005947132873925236,0.0009908118498649229,0.0,0.0,0.032642586845785,104
67.66,0.034398167004929626,0.005948228921610315,0.0009910087106917698,0.0,0.0,0.03264182541200313,104
67.68,0.0343985935126263,0.00594926769564447,0.0009912032466124314,0.0,0.0,0.03264107357231572,104
67.7,0.03439898672362561,0.005950248862362333,0.0009913954704585618,0.0,0.0,0.03264032608206861,104
67.72,0.034399340366860195,0.005951172506053601,0.0009915855144571452,0.0,0.0,0.03263957759619225,104
67.74,0.03439964809894104,0.005952038738436338,0.0009917732473070891,0.0,0.0,0.03263882272366436,104
67.76,0.03439990355037551,0.0059528476972264465,0.000991958601297053,0.0,0.0,0.03263805607480613,104
67.78,0.03440010036354467,0.005953599569410056,0.0009921415645353538,0.0,0.0,0.03263744460533454,104
67.8,0.034400232221833395,0.0059542944777834,0.0009923221258621507,0.0,0.0,0.032637076463383596,104
67.82000000000001,0.03440029286973078,0.005954932578620926,0.0009925002828452456,0.0,0.0,0.032636692544428386,104
67.84,0.034400276124126564,0.005955514108787193,0.0009926760251214187,0.0,0.0,0.032636683214594245,104
67.86,0.03440075301296277,0.005956039360178392,0.0009928493406836662,0.0,0.0,0.032636635080655965,104
67.88,0.0344011784479361,0.005956508479104338,0.0009930202352596723,0.0,0.0,0.03263654327449476,104
67.9,0.034401573945885874,0.005956921614015838,0.0009931886949608656,0.0,0.0,0.032636403026035266,104
67.92,0.03440226878020147,0.005957279003376969,0.0009933547134102964,0.0,0.0,0.03263620964989603,105
67.94,0.034402807563726566,0.0059575808974041446,0.0009934986259867624,0.0,0.0,0.03263590402871176,105
67.96000000000001,0.03440320378019077,0.0059578275638845326,0.0009936285629470187,0.0,0.0,0.03263550397225619,105
67.98,0.034403479416590166,0.005958019301503355,0.0009937563190369858,0.0,0.0,0.0326350371525935,105
68.0,0.03440361127790615,0.005958156434134948,0.0009938799316469994,0.0,0.0,0.03263447810304562,105
68.02,0.034403562326990184,0.005958239203034094,0.0009939959328890608,0.0,0.0,0.03263378462479782,105
68.04,0.03440337492417197,0.005958588505337043,0.000994114974720691,0.0,0.0,0.03263301092397066,105
68.06,0.03440304297994015,0.005960015931978681,0.000994273677210082,0.0,0.0,0.032632152473049805,105
68.08,0.03440256034405412,0.005961386330632684,0.0009944299316934338,0.0,0.0,0.03263120473738585,105
68.1,0.03440192081077576,0.005962700004498339,0.0009945837493302958,0.0,0.0,0.03263016318268237,104
68.12,0.0344011181296498,0.005963957272874735,0.0009947375456109816,0.0,0.0,0.03262902328812924,104
68.14,0.03440010801649338,0.005965158480842511,0.0009949060580520862,0.0,0.0,0.032627742376498695,104
68.16,0.03439890524624751,0.0059663040016373434,0.0009950960638885375,0.0,0.0,0.032626337177500596,104
68.18,0.03439752045625278,0.005967394183455796,0.000995283701232174,0.0,0.0,0.03262482032924228,104
68.2,0.03439594741624389,0.005968429392589223,0.0009954689862837118,0.0,0.0,0.03262318758951645,104
68.22,0.0343941799653669,0.005969409997768663,0.0009956519506260917,0.0,0.0,0.032621434857083825,104
68.24,0.034392212040138266,0.005970336386687819,0.0009958325960624725,0.0,0.0,0.03261955820264218,104
68.26,0.034390037701605335,0.005971208983659638,0.0009960109392900395,0.0,0.0,0.032617553899114186,104
68.28,0.03438765116077224,0.005972028178932817,0.0009961869979182027,0.0,0.0,0.032615418450318456,104
68.3,0.03438638798363778,0.00597279437145608,0.0009963607895419342,0.0,0.0,0.03261314861724043,104
68.32000000000001,0.034385216227323274,0.005973507995974595,0.0009965323319627278,0.0,0.0,0.0326107414412965,104
68.34,0.034383867776357144,0.005974169490579288,0.0009967016605783195,0.0,0.0,0.03260819426416843,104
68.36,0.03438233945847033,0.0059747792560004695,0.0009968688288220116,0.0,0.0,0.032605504743965855,104
68.38,0.03438062840798817,0.005975337717432272,0.000997033956292178,0.0,0.0,0.03260267086763899,104
68.4,0.034378732073831526,0.005975845315470337,0.0009971969402613984,0.0,0.0,0.032599690959707606,103
68.42,0.03437664822398814,0.005976302505543976,0.0009973577632724313,0.0,0.0,0.03259656368748724,103
68.44,0.03437433305919258,0.005976709712964855,0.0009975042599766738,0.0,0.0,0.03259325684824179,103
68.46000000000001,0.03437180974305079,0.005977067415800171,0.0009976436861558764,0.0,0.0,0.032589788231065446,103
68.48,0.034369094155427986,0.005977376036705669,0.0009977810451050632,0.0,0.0,0.03258617031591147,103
68.5,0.03436618532539208,0.005977636006636294,0.000997916353902364,0.0,0.0,0.03258261195626694,103
68.52,0.03436308258147939,0.005977847761706969,0.000998049630123747,0.0,0.0,0.032579169049480904,103
68.54,0.03435978554191096,0.005978093567865788,0.0009981809317663407,0.0,0.0,0.03257557725181206,103
68.56,0.0343562941036537,0.005979592073665892,0.0009983102557645912,0.0,0.0,0.03257183755144806,103
68.58,0.03435260843060742,0.00598103905710557,0.0009984376780453298,0.0,0.0,0.032567951234399,103
68.60000000000001,0.03434872894115783,0.005982434879436506,0.0009985631688261042,0.0,0.0,0.032563919873106466,103
68.62,0.03434465629529157,0.00598377990191851,0.0009986867102388778,0.0,0.0,0.03255974531465789,103
68.64,0.03434039138142636,0.0059850744897694385,0.0009988083191901616,0.0,0.0,0.032555429668761,103
68.66,0.034335935303066195,0.005986319221994504,0.000998928012595256,0.0,0.0,0.03255097529559154,103
68.68,0.0343312893653524,0.005987514334773124,0.0009990458082277007,0.0,0.0,0.03254638479358702,103
68.7,0.03432645506154273,0.005989135711217276,0.0009991617236059678,0.0,0.0,0.03254166098722206,103
68.72,0.034321434059416886,0.005990896552493446,0.000999275889360696,0.0,0.0,0.03253680691476648,103
68.74,0.03431622818757546,0.00599260421916965,0.000999388256460754,0.0,0.0,0.032531825815996056,103
68.76,0.034310839421570385,0.005994258886915252,0.000999513821408418,0.0,0.0,0.03252672111979752,103
68.78,0.03430526986978051,0.005995877079025545,0.0009996627845584656,0.0,0.0,0.032521496431584945,103
68.8,0.03429952175892435,0.005997448445130141,0.0009998099181185963,0.0,0.0,0.032516155520422786,104
68.82000000000001,0.034293597419083284,0.005998967831519494,0.0009999552410626415,0.0,0.0,0.032510702305732955,104
68.84,0.034287877997037,0.006000435575908797,0.001000098772530701,0.0,0.0,0.032505140843448604,105
68.86,0.03428210351354264,0.006001852047555478,0.0010002405313999658,0.0,0.0,0.03249947531146759,104
68.88,0.03427615958191961,0.006003217628145708,0.001000380536531941,0.0,0.0,0.032493709994252364,104
68.9,0.034270271280440134,0.006004532611300049,0.0010005188243849582,0.0,0.0,0.03248784926642375,104
68.92,0.0342644677992955,0.006006744729187464,0.0010006554039432083,0.0,0.0,0.03248189757520127,104
68.94,0.03425848924326858,0.006009449652816112,0.001000791110245447,0.0,0.0,0.032475844220617,104
68.96000000000001,0.034252306098380265,0.0060121005891026185,0.0010009526671662064,0.0,0.0,0.032469655523041964,104
68.98,0.034245965815385346,0.0060146977971888916,0.0010011163036463837,0.0,0.0,0.03246338958053562,104
69.0,0.03423947082723948,0.00601724151846002,0.0010012782215667235,0.0,0.0,0.03245705092737775,104
69.02,0.034232823461907584,0.006019731983950831,0.0010014384376818486,0.0,0.0,0.03245064406169061,104
69.04,0.03422602591343598,0.0060221695338364654,0.001001596990241501,0.0,0.0,0.03244417341930408,104
69.06,0.03421908021164273,0.006024554285403978,0.001001753912130264,0.0,0.0,0.03243764334637227,104
69.08,0.03421198819066866,0.006026886433012576,0.0010019091816881708,0.0,0.0,0.03243105807099063,104
69.10000000000001,0.03420475145672945,0.0060291661487944315,0.0010021332502030376,0.0,0.0,0.03242442167416016,103
69.12,0.03419737135550932,0.006031393780471651,0.0010023627884720233,0.0,0.0,0.03241773806054619,103
69.14,0.034189848939739476,0.006033569373925866,0.001002590463303354,0.0,0.0,0.03241101092958176,103
69.16,0.03418218493760014,0.006035693075970231,0.0010028162914493645,0.0,0.0,0.0324042437475616,103
69.18,0.0341743797226688,0.006037765028035002,0.0010030402893023479,0.0,0.0,0.03239743972145652,103
69.2,0.0341664332862001,0.006039785380442488,0.0010032624729015614,0.0,0.0,0.0323906017752414,103
69.22,0.034158345212557575,0.006041754279281776,0.0010034828579501564,0.0,0.0,0.03238373252956432,103
69.24,0.0341501146586152,0.006043671869654362,0.001003701459842954,0.0,0.0,0.03237683428558296,103
69.26,0.03414174033790396,0.006045538291511712,0.0010039182937056229,0.0,0.0,0.032369909013751065,103
69.28,0.03413322051018894,0.006047353668067952,0.0010041430909300342,0.0,0.0,0.03236295834824859,103
69.3,0.034124552977027704,0.006049118139230316,0.0010043947980456953,0.0,0.0,0.032355983587614115,103
69.32000000000001,0.034115735083683235,0.006050831821565837,0.001004644779049175,0.0,0.0,0.032348985701960445,103
69.34,0.03410676372755239,0.006052494865050903,0.0010048930468780847,0.0,0.0,0.032341965346942184,103
69.36,0.034097635373035604,0.006054107407482651,0.0010051396185617812,0.0,0.0,0.03233511015231988,104
69.38,0.034089144389960295,0.006055669533919483,0.0010053844900165649,0.0,0.0,0.0323284762061525,104
69.4,0.03408122758065692,0.006057181367056361,0.0010056276744285788,0.0,0.0,0.03232181952958916,104
69.42,0.03407318772771766,0.006058643033275298,0.0010058695383984722,0.0,0.0,0.032315139784808586,104
69.44,0.03406501342544072,0.006060054815562042,0.0010061090483102814,0.0,0.0,0.032308428020024565,104
69.46000000000001,0.034056654998920834,0.006061416762521482,0.001006341041623956,0.0,0.0,0.032301634970231204,103
69.48,0.034048162780241156,0.00606272894788459,0.0010065714638300748,0.0,0.0,0.03229481713107582,103
69.5,0.034039532855711534,0.0060639915676020265,0.0010068002762318653,0.0,0.0,0.03228797382537804,103
69.52,0.03403076122450759,0.006065204726040656,0.0010070275016143186,0.0,0.0,0.03228110440874935,103
69.54,0.03402184383920518,0.006066368533813915,0.0010072532607181004,0.0,0.0,0.03227420831540826,103
69.56,0.03401277664377127,0.006067483286954814,0.0010074774245137682,0.0,0.0,0.032267285101676986,103
69.58,0.03400503200476432,0.006068549278266844,0.0010077000158860564,0.0,0.0,0.03226033448642655,103
69.60000000000001,0.033997396949914514,0.0060695664294227415,0.0010079210563812703,0.0,0.0,0.032253356387912484,103
69.62,0.033990012095320446,0.006070534823704494,0.001008140567027784,0.0,0.0,0.032246350956619894,103
69.64,0.033982510436408264,0.0060714545889397125,0.0010083585867848481,0.0,0.0,0.03223931860390482,103
69.66,0.033974870882179146,0.006072325865016593,0.0010085687068359217,0.0,0.0,0.03223223829215155,103
69.68,0.03396705269848345,0.006073148802845699,0.00100877272813918,0.0,0.0,0.03222506675426248,103
69.7,0.03395911258005623,0.006073923569495047,0.0010089825247348693,0.0,0.0,0.03221832033994698,103
69.72,0.03395104923343992,0.00607465027069714,0.0010091910176673073,0.0,0.0,0.032211610803868265,103
69.74,0.03394286159706979,0.006075329042617009,0.001009398240203971,0.0,0.0,0.032204880554749064,103
69.76,0.03393455830778538,0.006075960220550571,0.0010096042296919888,0.0,0.0,0.032198131939989896,103
69.78,0.03392756543745193,0.006076543820838299,0.001009809021877642,0.0,0.0,0.03219136765849576,103
69.8,0.033920728866555935,0.006077079949427772,0.0010100335683054047,0.0,0.0,0.03218457518410866,103
69.82000000000001,0.033913786313613796,0.006077568657370702,0.0010102613064614588,0.0,0.0,0.03217773540892932,103
69.84,0.03390677815180817,0.006078010048207377,0.0010104879738938477,0.0,0.0,0.03217089017709132,103
69.86,0.03389970692999572,0.006078404217586938,0.0010107136085621732,0.0,0.0,0.032164043575740556,103
69.88,0.03389257548020939,0.006078751256327646,0.0010109382483501365,0.0,0.0,0.032157200025026186,103
69.9,0.03388538690666929,0.006079051245787407,0.0010111619408488175,0.0,0.0,0.03215036426923102,103
69.92,0.03387814457320983,0.0060793042575497044,0.001011384728892142,0.0,0.0,0.032143541366422716,103
69.94,0.033870852089124236,0.006079510351817263,0.0010116066489324234,0.0,0.0,0.0321367366766325,103
69.96000000000001,0.033863513293382184,0.006079669577744036,0.0010118277448571988,0.0,0.0,0.03212995584852244,103
69.98,0.033856132237135954,0.006079781972702924,0.0010120480612708185,0.0,0.0,0.032123204804462256,102
70.0,0.03384871316439471,0.0060798557405781365,0.0010122676454548145,0.0,0.0,0.03211648972390033,102
70.02,0.033841260490718304,0.006079902240001037,0.001012486542462629,0.0,0.0,0.03210981702488585,101
70.04,0.03383378231925351,0.006079901907583768,0.001012704797046986,0.0,0.0,0.032103193343577016,101
70.06,0.03382628697280673,0.006079866108127465,0.001012922455514194,0.0,0.0,0.032096625511557814,101
70.08,0.033818772118539966,0.006079789509117654,0.001013139564282327,0.0,0.0,0.03209012053078274,101
70.10000000000001,0.033811353070371294,0.006079666005862288,0.0010133561696927247,0.0,0.0,0.03208368554597644,101
70.12,0.033805330286087155,0.006079495513533505,0.0010135723177753472,0.0,0.0,0.03207732781433457,101
70.14,0.03379934877860147,0.00607927796970669,0.0010137880540143456,0.0,0.0,0.03207105467240288,101
70.16,0.033793414950482645,0.006079013295742176,0.0010140034230852238,0.0,0.0,0.03206487350005714,101
70.18,0.0337874735630302,0.006078701429429936,0.0010141843807137901,0.0,0.0,0.032058856644530946,101
70.2,0.03378155954420058,0.006078670120156745,0.0010143469546097595,0.0,0.0,0.03205330797543449,101
70.22,0.03377571216243248,0.006079769778001178,0.0010145094562044562,0.0,0.0,0.03204787286636761,101
70.24,0.033769937452611254,0.006080817351697245,0.0010146719228246788,0.0,0.0,0.03204255845345909,101
70.26,0.033764241236485124,0.006081812626652501,0.0010148343754338626,0.0,0.0,0.03203737169442811,101
70.28,0.033758629069873605,0.006082755467182621,0.0010149968457409647,0.0,0.0,0.032032319317464725,101
70.3,0.03375382861705328,0.00608364572853543,0.0010151594202152244,0.0,0.0,0.03202740776880485,101
70.32000000000001,0.03374926540703035,0.0060844832679607325,0.001015322079427977,0.0,0.0,0.03202278487241642,101
70.34,0.0337448275850733,0.006085267989669494,0.0010154849100316387,0.0,0.0,0.03201867441973381,101
70.36,0.03374055214266481,0.006085999832753519,0.0010156478606953622,0.0,0.0,0.03201472141698335,101
70.38,0.03373684368335877,0.0060866784931233745,0.0010158109383026275,0.0,0.0,0.032010930654402886,101
70.4,0.03373326591813213,0.006087303764609112,0.0010159741482054262,0.0,0.0,0.03200730638166888,101
70.42,0.03372982167954377,0.006087875488366897,0.00101613750161173,0.0,0.0,0.03200385226227364,101
70.44,0.03372651314384449,0.006088393480877652,0.001016300964793248,0.0,0.0,0.032000571331824414,101
70.46000000000001,0.03372334179298966,0.006088879462006997,0.0010164646701391008,0.0,0.0,0.03199746596105721,101
70.48,0.033720308382172284,0.006089325557572796,0.0010166285719417987,0.0,0.0,0.03199453782432253,101
70.5,0.03371741291359551,0.0060897173757111685,0.0010167925090911396,0.0,0.0,0.03199178787425774,101
70.52,0.03371465461714754,0.006090054765190064,0.001016956463277237,0.0,0.0,0.0319892163233073,101
70.54,0.03371203193857732,0.006090337582297026,0.0010171203607336364,0.0,0.0,0.031986822632690995,101
70.56,0.0337095425356919,0.006090565709201511,0.001017284132055585,0.0,0.0,0.03198460550934664,101
70.58,0.03370718328300247,0.006090739033968556,0.00101744770864861,0.0,0.0,0.031982562911283235,101
70.60000000000001,0.03370495028512986,0.0060908574321132695,0.0010176112059382696,0.0,0.0,0.03198069206166797,101
70.62,0.03370283889913553,0.006090920855494361,0.0010177749522123827,0.0,0.0,0.031978989471828576,101
70.64,0.033700821503795796,0.0060909293133115175,0.0010179386011942492,0.0,0.0,0.03197742875328009,102
70.66,0.03369888547508926,0.006090882593742916,0.0010181021305056706,0.0,0.0,0.031975998521359766,102
70.68,0.03369705300948724,0.0060907806381801655,0.0010182649693221996,0.0,0.0,0.03197472218256577,102
70.7,0.03369531687071644,0.006090623406301793,0.0010184270159831967,0.0,0.0,0.0319735938049444,102
70.72,0.03369366931213574,0.006090410872766795,0.0010185881612830145,0.0,0.0,0.03197260698577618,102
70.74,0.03369210214414377,0.006090143028625935,0.0010187487342197977,0.0,0.0,0.031971754920005736,102
70.76,0.03369060680532083,0.0060898199828507025,0.0010189081380024266,0.0,0.0,0.031971030472530734,102
70.78,0.03368935506101942,0.006089457990883993,0.0010190662475494507,0.0,0.0,0.03197042625267404,102
70.8,0.03368852022425547,0.006089048577701478,0.0010192235947551055,0.0,0.0,0.03196990704866394,102
70.82000000000001,0.03368770261468529,0.0060885839813123645,0.0010193800684570068,0.0,0.0,0.031969465175449775,102
70.84,0.03368691963443034,0.006088064215201441,0.001019534907859153,0.0,0.0,0.03196912063664208,102
70.86,0.0336861619381716,0.006087850879092538,0.0010196883378999107,0.0,0.0,0.03196886574439835,102
70.88,0.03368542021577509,0.006087613892117596,0.00101983992043048,0.0,0.0,0.03196869289792154,102
70.9,0.03368468524151246,0.006087321147219568,0.001019989527577468,0.0,0.0,0.03196859463494227,102
70.92,0.033683947914875965,0.006086972762028576,0.0010201371140127623,0.0,0.0,0.03196856367496101,102
70.94,0.03368319929258802,0.0060865688662612456,0.0010202826662709355,0.0,0.0,0.03196859295384702,102
70.96000000000001,0.03368243061179679,0.006086109601235463,0.001020426164313374,0.0,0.0,0.03196867564978085,102
70.98,0.033681633304824855,0.0060855951193983,0.0010205672663089486,0.0,0.0,0.03196880520090264,101
71.0,0.03368079900618201,0.006085025584306331,0.0010207058378405472,0.0,0.0,0.031968975315371365,101
71.02,0.03368128966689571,0.006084401170293847,0.001020842019034947,0.0,0.0,0.031969179974830245,101
71.04,0.03368190717271616,0.006083722089165111,0.0010209758154957665,0.0,0.0,0.031969413432499615,101
71.06,0.03368251554196857,0.006082988508314124,0.0010211069542245895,0.0,0.0,0.03196967020726958,101
71.08,0.03368309911950659,0.006082200627037892,0.001021234122330924,0.0,0.0,0.031969940958766395,101
71.10000000000001,0.03368360799905848,0.0060827578438194165,0.0010213455465721433,0.0,0.0,0.03197018758248036,101
71.12,0.03368408631145632,0.006083565506964784,0.0010214539928899019,0.0,0.0,0.03197044254079052,101
71.14,0.03368492639301185,0.006084314792663802,0.0010215597475844646,0.0,0.0,0.03197070132651578,101
71.16,0.03368574223527207,0.006085005925697275,0.00102166271048097,0.0,0.0,0.03197095965728332,101
71.18,0.03368651752635208,0.006085639148756484,0.001021762503442337,0.0,0.0,0.03197121347314077,101
71.2,0.033687247688961135,0.006086214682242434,0.0010218590655893516,0.0,0.0,0.03197145893774969,101
71.22,0.03368792835611692,0.006086732734426476,0.0010219523468350093,0.0,0.0,0.0319716924433161,101
71.24,0.03368855743011888,0.006087193549778675,0.0010220423030166746,0.0,0.0,0.031971910619132286,101
71.26,0.03368913749843767,0.006087597379963132,0.0010221288657381042,0.0,0.0,0.03197211034334955,101
71.28,0.03368962822982283,0.0060879444838596985,0.0010222060352547404,0.0,0.0,0.03197225599547365,101
71.3,0.033690024957034034,0.006088235130814227,0.001022274301915643,0.0,0.0,0.03197234787906994,101
71.32000000000001,0.03369035397819418,0.006088469596537376,0.0010223390647386848,0.0,0.0,0.03197241362652934,101
71.34,0.03369083664801651,0.006088648160070297,0.0010224002877023113,0.0,0.0,0.03197245127003707,101
71.36,0.03369159448067384,0.006088771106220617,0.001022457938820664,0.0,0.0,0.031972642552400725,101
71.38,0.033692276196429304,0.006088838731694073,0.0010225119938441997,0.0,0.0,0.03197305362057145,100
71.4,0.03369308595471875,0.006088851860562562,0.0010225624441009065,0.0,0.0,0.03197343208186688,100
71.42,0.0336941803833558,0.0060888105666828,0.0010226092506495103,0.0,0.0,0.031973777370025706,100
71.44,0.033695193247298735,0.006088714919651085,0.001022652397186158,0.0,0.0,0.03197408929099142,99
71.46000000000001,0.03369612367318448,0.006088573138158808,0.0010226918709377512,0.0,0.0,0.03197436802393096,99
71.48,0.03369697112607311,0.006088398187594202,0.001022727664366371,0.0,0.0,0.031974614117703845,99
71.5,0.03369773540001415,0.006088169732135946,0.0010227597772868174,0.0,0.0,0.03197482848257762,99
71.52,0.033698416603719236,0.006087888064674721,0.001022788208706204,0.0,0.0,0.03197501237708776,98
71.54,0.033699015909480164,0.006087553582743538,0.0010228185681107427,0.0,0.0,0.03197516739002669,98
71.56,0.03369953694503416,0.006087166472269484,0.0010228653594191763,0.0,0.0,0.0319752954176213,98
71.58,0.0337001591414217,0.006086727026279365,0.0010229086792203901,0.0,0.0,0.03197539863601959,98
71.60000000000001,0.03370092942912043,0.0060862355749839265,0.0010229485351015343,0.0,0.0,0.031975479469261395,98
71.62,0.03370162624442673,0.006085692399498295,0.0010229849975350127,0.0,0.0,0.031975540552956726,98
71.64,0.03370225109609355,0.006085097791591804,0.0010230179962630159,0.0,0.0,0.031975584693943966,97
71.66,0.03370280557842049,0.006085160169142256,0.0010230475339020534,0.0,0.0,0.03197561482625184,97
71.68,0.03370352823019073,0.006086418271080846,0.001023073619528689,0.0,0.0,0.031975633963746385,97
71.7,0.03370436011118781,0.00608762000803821,0.0010230962478799679,0.0,0.0,0.03197564514991078,97
71.72,0.03370513163433984,0.006088765518994232,0.0010231154290817294,0.0,0.0,0.03197565140528078,97
71.74,0.033705844301578095,0.006089855031175978,0.0010231311923438711,0.0,0.0,0.031975655673143394,98
71.76,0.03370646023356928,0.0060908887720822905,0.0010231513708585166,0.0,0.0,0.03197561458500597,98
71.78,0.03370700580102181,0.0060918669728606,0.0010231708683454404,0.0,0.0,0.03197605673226857,98
71.8,0.03370749572696312,0.006092789842869878,0.0010231868587881527,0.0,0.0,0.031976529807201025,98
71.82000000000001,0.033707907067190034,0.006093657587487833,0.0010231979135377626,0.0,0.0,0.031976983727106584,98
71.84,0.03370820400849534,0.006094470458294943,0.00102320180310489,0.0,0.0,0.031977379515443244,98
71.86,0.0337084454400705,0.006095228727410699,0.0010232119076226094,0.0,0.0,0.03197778589604724,98
71.88,0.03370863043528566,0.006095932553532887,0.0010232398798343078,0.0,0.0,0.031978203776962005,98
71.9,0.033708757529311996,0.006096582037739881,0.0010232642313117502,0.0,0.0,0.03197863359466525,98
71.92,0.03370882468722769,0.0060971774345928475,0.0010232849198479046,0.0,0.0,0.0319790752852522,98
71.94,0.03370882928002843,0.006097718853599854,0.001023301932219317,0.0,0.0,0.03197952826368349,99
71.96000000000001,0.03370876806936115,0.00609820646444328,0.00102331526312171,0.0,0.0,0.031979991411919845,99
71.98,0.03370863720160807,0.006098640449749452,0.001023324902989972,0.0,0.0,0.03198046307657373,99
72.0,0.033708432211714795,0.0061003440730718434,0.0010233308399262711,0.0,0.0,0.03198094107647467,99
72.02,0.03370814803689026,0.006102263394175139,0.001023333079173437,0.0,0.0,0.03198142272027839,100
72.04,0.03370778664479156,0.00610412165356665,0.001023331614117953,0.0,0.0,0.03198190483396001,100
72.06,0.03370733810765531,0.006105919113330673,0.0010233470440669348,0.0,0.0,0.031982383797733854,100
72.08,0.033706791956689304,0.006107656036247303,0.0010233877240533036,0.0,0.0,0.031982907709587,100
72.10000000000001,0.03370614106103455,0.006109332686403762,0.0010234245246183967,0.0,0.0,0.03198387772903153,99
72.12,0.03370537789281252,0.006110949345954419,0.0010234574734247757,0.0,0.0,0.031984831065999544,99
72.14,0.03370449458676287,0.006112506291172494,0.0010234866465541359,0.0,0.0,0.031985762847093396,99
72.16,0.0337034830031076,0.006114003768628579,0.0010235120135468358,0.0,0.0,0.03198666804413115,99
72.18,0.03370233479203085,0.006115442063937296,0.0010235335223388454,0.0,0.0,0.03198759669128922,99
72.2,0.03370104145817988,0.0061168214677560714,0.001023551185977831,0.0,0.0,0.03198889001094817,99
72.22,0.03369959442367373,0.006118142280636299,0.0010235650362278822,0.0,0.0,0.03199014074137529,98
72.24,0.03369798508824622,0.006119423533939472,0.0010235750874115705,0.0,0.0,0.031991343925712935,98
72.26,0.03369620488533691,0.006120648376998182,0.0010235813442259533,0.0,0.0,0.0319924947893328,97
72.28,0.03369452617083977,0.006121815654038841,0.0010235838262044532,0.0,0.0,0.03199358879710585,97
72.3,0.033694278790759355,0.006122925444731377,0.001023580956995038,0.0,0.0,0.03199460206840391,97
72.32000000000001,0.03369385309799527,0.006123978002118753,0.0010235704430507067,0.0,0.0,0.031995502251035195,97
72.34,0.03369380263930435,0.00612497364764247,0.0010235562086766301,0.0,0.0,0.031996333946505987,97
72.36,0.03369462003384163,0.006125912654724085,0.0010235383087470098,0.0,0.0,0.03199709403202928,97
72.38,0.033695338525861755,0.006126795323722214,0.0010235167942493463,0.0,0.0,0.03199777981976529,97
72.4,0.03369595530100111,0.006127621953245196,0.001023491934985895,0.0,0.0,0.03199838907713304,97
72.42,0.03369685036389738,0.006128392836707974,0.0010234638007654137,0.0,0.0,0.031998920041443626,97
72.44,0.033697747952143864,0.006129108269318133,0.0010234320698566625,0.0,0.0,0.03199937142931826,97
72.46000000000001,0.033698540435066794,0.006129768543890728,0.0010233969461481485,0.0,0.0,0.031999742441403835,98
72.48,0.033699223925296604,0.006130373977226518,0.0010233582846769268,0.0,0.0,0.032000032762915284,98
72.5,0.03369979792689604,0.006130924854817857,0.0010233160933150686,0.0,0.0,0.03200024256052817,98
72.52,0.03370026240144529,0.00613142143001844,0.001023272890684316,0.0,0.0,0.03200037247611682,98
72.54,0.033700617758561126,0.0061318639782379095,0.0010232265842999042,0.0,0.0,0.03200042361779145,98
72.56,0.0337008661374443,0.006132725254300067,0.001023176823486819,0.0,0.0,0.03200039754863269,98
72.58,0.03370101655518405,0.006133866572848539,0.0010231236260384276,0.0,0.0,0.03200029627346045,98
72.60000000000001,0.03370105474336696,0.006134948150920035,0.0010230671133413037,0.0,0.0,0.03200011533999365,98
72.62,0.033700941522003564,0.006135970242970611,0.001023007694049963,0.0,0.0,0.03199981676472772,98
72.64,0.03370072749717549,0.00613693313574423,0.0010229448851716175,0.0,0.0,0.03199945146096143,98
72.66,0.03370041545787545,0.006137837107339253,0.0010228787187871473,0.0,0.0,0.03199902303728528,98
72.68,0.03370000852382693,0.0061386824259780275,0.0010228092950118476,0.0,0.0,0.0319985354555744,98
72.7,0.033699510123140965,0.006139469350262777,0.001022736609651102,0.0,0.0,0.03199799300938986,98
72.72,0.03369892500458775,0.0061401981284052685,0.00102266061469422,0.0,0.0,0.031997400301002225,98
72.74,0.03369826601357547,0.00614086899754316,0.0010225813277005278,0.0,0.0,0.0319967622169173,98
72.76,0.03369752750595061,0.006141482183237611,0.0010224988320433985,0.0,0.0,0.03199608390175644,98
72.78,0.03369671389002684,0.006142037904344066,0.0010224130809236508,0.0,0.0,0.03199537073032569,98
72.8,0.03369582974680844,0.006142536360900954,0.001022324113330404,0.0,0.0,0.03199462827770316,98
72.82000000000001,0.03369488418081383,0.006142977743873699,0.0010222320762684847,0.0,0.0,0.031993862287181936,98
72.84,0.033693877717195606,0.006143362263865685,0.001022136968577078,0.0,0.0,0.03199307863592945,98
72.86,0.03369281517289385,0.006143690065184921,0.0010220388132431064,0.0,0.0,0.03199228329826357,98
72.88,0.033691701465580794,0.0061439612741783205,0.00102193752972469,0.0,0.0,0.031991482306503415,98
72.9,0.03369054149638918,0.006144176046356463,0.0010218333893150327,0.0,0.0,0.03199068170942693,98
72.92,0.03368934010485685,0.00614433449866699,0.0010217262461149274,0.0,0.0,0.031989887528459965,98
72.94,0.0336881059501917,0.0061444367327207535,0.001021616192332293,0.0,0.0,0.031989105711829835,98
72.96000000000001,0.033686840204286264,0.0061445122087812575,0.0010215031253829386,0.0,0.0,0.031988342087037006,98
72.98,0.033685932488652426,0.006144536438917587,0.0010214200283108583,0.0,0.0,0.031987602312128584,98
73.0,0.03368519363407785,0.006144504644269358,0.0010213387497988184,0.0,0.0,0.03198689182639008,98
73.02,0.033684434153459133,0.006144416903326176,0.0010212547307161647,0.0,0.0,0.03198621580119898,98
73.04,0.03368365748536655,0.0061442732798572385,0.0010211680098560297,0.0,0.0,0.031985579091898995,98
73.06,0.033682866661405256,0.00614407381924858,0.0010210786105140025,0.0,0.0,0.031984986191645186,98
73.08,0.033682064261238875,0.0061438185703955525,0.0010209865305447277,0.0,0.0,0.031984441188231474,98
73.10000000000001,0.03368125237154246,0.00614350757970467,0.001020891809917493,0.0,0.0,0.03198394772493337,98
73.12,0.033680432549890796,0.006143140892054997,0.0010207947392181307,0.0,0.0,0.031983508966376674,98
73.14,0.03367981254972328,0.00614271853763227,0.0010206959519080481,0.0,0.0,0.03198312757037296,98
73.16,0.033679638616251985,0.006142262701729753,0.001020595264203563,0.0,0.0,0.031982805666549464,98
73.18,0.03367993783521275,0.006141759021951322,0.0010204902899895371,0.0,0.0,0.03198249010408265,98
73.2,0.033680371449623873,0.006141199709616674,0.001020380760015332,0.0,0.0,0.03198217264170074,98
73.22,0.033680806015371496,0.006140584811282007,0.0010202689446923712,0.0,0.0,0.03198191786646432,98
73.24,0.033681239702314354,0.00613991438041463,0.0010201549225227497,0.0,0.0,0.03198212194054472,99
73.26,0.03368181345037781,0.006139188492176659,0.0010200387746489977,0.0,0.0,0.03198247963078732,99
73.28,0.0336827524143961,0.0061384072127199695,0.0010199206382256734,0.0,0.0,0.031982897797082216,99
73.3,0.0336836809307077,0.006137570621072575,0.0010198005335909845,0.0,0.0,0.031983374932673996,99
73.32000000000001,0.0336845466816792,0.006136678813125648,0.0010196785705741218,0.0,0.0,0.03198420062926067,98
73.34,0.03368537628555596,0.006135732005145842,0.0010195817555478752,0.0,0.0,0.03198515454975577,98
73.36,0.03368618229464419,0.006134749650614644,0.0010194877144592076,0.0,0.0,0.03198616018988042,99
73.38,0.033686959551152994,0.006133722942228277,0.0010194050669792443,0.0,0.0,0.031987214679492657,99
73.4,0.03368770261181721,0.006132645834001261,0.0010193206765986354,0.0,0.0,0.031988314949447545,99
73.42,0.033688405806453915,0.00613154087574505,0.0010192345900677648,0.0,0.0,0.03198945779404337,99
73.44,0.03368906329782282,0.006130381449737177,0.0010191472976633163,0.0,0.0,0.031990639934923515,99
73.46000000000001,0.03368962668114433,0.006129167757319533,0.0010190597289579531,0.0,0.0,0.03199199734365694,99
73.48,0.033690123369321034,0.006127900019654357,0.0010189710450410683,0.0,0.0,0.03199362264592985,99
73.5,0.0336905564537626,0.006126578470948674,0.0010188810451446856,0.0,0.0,0.03199527705445991,99
73.52,0.033690920018538316,0.00612520336091536,0.0010187897155269374,0.0,0.0,0.031996957633172264,99
73.54,0.033691208264592196,0.006123774954418521,0.0010186970663546861,0.0,0.0,0.03199866167955004,99
73.56,0.03369317403646268,0.006122293528490379,0.0010186031346949656,0.0,0.0,0.03200038677675311,99
73.58,0.033695159393219716,0.006120759375066203,0.0010185079972605728,0.0,0.0,0.03200213084090867,99
73.60000000000001,0.033697117574345556,0.006119172799057136,0.0010184116838090936,0.0,0.0,0.03200389216305424,99
73.62,0.03369904609283181,0.006117534117255797,0.0010183141660093807,0.0,0.0,0.03200566944536173,99
73.64,0.033700942863731605,0.006115843658486216,0.0010182154658105154,0.0,0.0,0.03200746183142246,99
73.66,0.03370280622679076,0.006114102571676421,0.0010181329280461407,0.0,0.0,0.03200926893051857,99
73.68,0.033704633714646555,0.006112310624237921,0.0010180769638922795,0.0,0.0,0.032011083514796534,99
73.7,0.033706354100338926,0.006110467948695962,0.001018018782857213,0.0,0.0,0.03201283693308638,99
73.72,0.03370799516895363,0.006108574907248889,0.0010179572154276624,0.0,0.0,0.03201456260715479,99
73.74,0.03370959717060755,0.006106631863841146,0.0010178933720417758,0.0,0.0,0.0320163033917873,99
73.76,0.033711068249345846,0.006104639191669322,0.0010177841682190993,0.0,0.0,0.03201798390068217,99
73.78,0.033712452984478426,0.006102612720699789,0.0010176611150677362,0.0,0.0,0.03201964813252303,99
73.8,0.033713797493061366,0.006100552168000364,0.0010175353636836025,0.0,0.0,0.0320213324170526,99
73.82000000000001,0.03371511172022683,0.006098443072387643,0.001017409044029257,0.0,0.0,0.03202304630850325,99
73.84,0.033716397939125446,0.006096285818876552,0.00101728241658216,0.0,0.0,0.03202479380493073,99
73.86,0.0337176587894345,0.006094080777122842,0.0010171554530483528,0.0,0.0,0.03202657933282061,99
73.88,0.033718897250538005,0.006091828317009251,0.0010170302059614833,0.0,0.0,0.03202840772291814,99
73.9,0.033720116612080166,0.006089528808779348,0.0010169044919703188,0.0,0.0,0.032030284183556496,99
73.92,0.0337213204420728,0.006087182619781993,0.0010167780674650575,0.0,0.0,0.032032214271669274,99
73.94,0.03372251255269965,0.0060847901222103725,0.0010166842505469145,0.0,0.0,0.03203457416311601,99
73.96000000000001,0.033723696963930155,0.0060823516620523745,0.001016595593620291,0.0,0.0,0.03203717566109045,99
73.98,0.03372487786503215,0.006079879980992744,0.0010165063997579337,0.0,0.0,0.0320399250700072,99
74.0,0.033726030108777526,0.006077372545151804,0.001016416879140962,0.0,0.0,0.032043069439862994,99
74.02,0.033727150438492,0.006074820052755177,0.0010163255906956656,0.0,0.0,0.03204626126072871,99
74.04,0.033728280495927764,0.006072222869851441,0.0010162335890294251,0.0,0.0,0.03204954457760084,99
74.06,0.033729424723223225,0.006069581309111172,0.0010161411465355857,0.0,0.0,0.032052926406814675,98
74.08,0.0337305875105043,0.006066895653677545,0.0010160481594514179,0.0,0.0,0.03205641381151538,98
74.10000000000001,0.033731773146527734,0.006064166209210423,0.0010159543468199873,0.0,0.0,0.03206001385666684,98
74.12,0.03373298576798598,0.0060613932713188354,0.0010158598329802339,0.0,0.0,0.03206373356291787,98
74.14,0.03373422930771838,0.0060585771271845345,0.0010157642626680966,0.0,0.0,0.032067579859575805,97
74.16,0.033735507442133904,0.006055718054862198,0.0010156676563022173,0.0,0.0,0.03207155953699712,97
74.18,0.03373681319090848,0.006052816323260371,0.0010156012951638444,0.0,0.0,0.03207566690409606,97
74.2,0.033738110573260725,0.006051019466033828,0.0010155459942643996,0.0,0.0,0.03207986201419911,97
74.22,0.03373975982482697,0.006049439067084166,0.0010154884341369772,0.0,0.0,0.0320841500365883,97
74.24,0.03374261846500936,0.006047812655802337,0.0010154298028670378,0.0,0.0,0.03208899096196967,97
74.26,0.03374698235456556,0.006046199531098486,0.001015370436902744,0.0,0.0,0.0320940436511,97
74.28,0.03375172170282018,0.006044906264403901,0.0010153101869217322,0.0,0.0,0.03209926455051579,97
74.3,0.03375661598376007,0.006043566502112865,0.0010152497833550223,0.0,0.0,0.03210465819386788,97
74.32000000000001,0.033761668827643504,0.0060421804087129214,0.0010151888768586614,0.0,0.0,0.03211022863338524,97
74.34,0.033767253837145,0.006040748141402677,0.0010151275388659462,0.0,0.0,0.03211597941156958,97
74.36,0.03377355542236628,0.006039269848912417,0.0010150662115674311,0.0,0.0,0.032121913538487694,97
74.38,0.033780106028838706,0.006037745673926477,0.0010150042229511937,0.0,0.0,0.03212803347525607,97
74.4,0.03378682297139265,0.006036175753018555,0.0010149414165635858,0.0,0.0,0.03213434112418185,97
74.42,0.03379370712530591,0.006034560218447728,0.0010148775680205305,0.0,0.0,0.03214083782585545,97
74.44,0.03380075879842184,0.006032899358541453,0.001014812690492017,0.0,0.0,0.03214752436328942,97
74.46000000000001,0.03380797774180272,0.0060311935541525336,0.0010147472630597178,0.0,0.0,0.032154400972974354,97
74.48,0.03381536316692127,0.0060294519268081215,0.0010146814540881715,0.0,0.0,0.03216146736249092,98
74.5,0.03382291376880786,0.006027684863014752,0.0010146145136235585,0.0,0.0,0.03216872273409278,98
74.52,0.0338306951393614,0.006025872753502155,0.0010145469904075824,0.0,0.0,0.03217612474206853,98
74.54,0.03383898691512872,0.006024015713099913,0.0010144790697216898,0.0,0.0,0.032183701598049744,98
74.56,0.033847436544633375,0.006022113849034923,0.0010144144025576386,0.0,0.0,0.03219146233577962,98
74.58,0.03385604202135144,0.006020167270591486,0.0010143490688610624,0.0,0.0,0.03219940446107905,98
74.60000000000001,0.033864808343537584,0.006018176106231965,0.0010142827632017514,0.0,0.0,0.032207525149973715,98
74.62,0.033873722438859534,0.006016140443596933,0.0010142160188462651,0.0,0.0,0.03221582128796857,98
74.64,0.03388278034372002,0.006014060376006657,0.001014148099649697,0.0,0.0,0.0322242895084227,98
74.66,0.033891977864385386,0.0060139052005932425,0.0010140794827746891,0.0,0.0,0.0322329262292875,97
74.68,0.03390131061109294,0.006015075974363583,0.0010140099197253024,0.0,0.0,0.03224172768764068,98
74.7,0.033910774029563794,0.006016194457481296,0.0010139401095903638,0.0,0.0,0.03225068997161519,98
74.72,0.0339203634296712,0.006017252879820268,0.001013869624117706,0.0,0.0,0.03225980904947375,98
74.74,0.033930074011133994,0.006018251293553011,0.001013822677042974,0.0,0.0,0.032269080795699616,98
74.76,0.033939900886187216,0.006019189759361362,0.0010137897901426243,0.0,0.0,0.0322785010140577,98
74.78,0.03394983909922384,0.00602006834512789,0.0010137558826972838,0.0,0.0,0.03228806545762229,98
74.8,0.03395986214834367,0.006020887125642299,0.001013721417756462,0.0,0.0,0.03229774861698859,98
74.82000000000001,0.03396994445308654,0.006021646183275675,0.0010136885939812253,0.0,0.0,0.03230771597793966,98
74.84,0.03398012302800045,0.006022345606999179,0.0010136551838355347,0.0,0.0,0.032318133444978775,98
74.86,0.033990392781031525,0.006022985486419391,0.0010136211880661585,0.0,0.0,0.03232867745828852,97
74.88,0.03400073625818428,0.006024467802568318,0.0010135863298048019,0.0,0.0,0.03233932968094006,97
74.9,0.03401105154395322,0.006026414158646822,0.0010135485334543442,0.0,0.0,0.032350186507815945,97
74.92,0.034021404228483536,0.006028297939891008,0.0010135096787213533,0.0,0.0,0.03236134281757322,97
74.94,0.034031827669177436,0.006030119435676817,0.0010134709075279567,0.0,0.0,0.03237260797397631,97
74.96000000000001,0.03404231664905263,0.006031878534201141,0.0010134317479444965,0.0,0.0,0.032383977642349564,97
74.98,0.03405286589198089,0.006033575302909667,0.001013392215056563,0.0,0.0,0.03239544745063113,97
75.0,0.034063470041062305,0.006035209833535265,0.0010133521397372746,0.0,0.0,0.03240701296838016,97
75.02,0.0340741236329087,0.006036782202699785,0.0010133118310020693,0.0,0.0,0.03241866968173582,97
75.04,0.03408482106835874,0.006038292494001395,0.0010132714534615938,0.0,0.0,0.03243041296485432,97
75.06,0.034095826520482035,0.006039740792688756,0.0010132307859024375,0.0,0.0,0.03244223804860124,97
75.08,0.034107066011040334,0.006041127185148558,0.0010131904631196914,0.0,0.0,0.032454139987530835,97
75.10000000000001,0.03411833076855737,0.006042451760241889,0.0010131503190471498,0.0,0.0,0.03246611362642547,97
75.12,0.03412961632161229,0.006043714607848004,0.001013110090659953,0.0,0.0,0.032478153567873924,97
75.14,0.03414091636642145,0.006044915821280424,0.0010130763438668871,0.0,0.0,0.03249025414252029,96
75.16,0.03415222134024838,0.00604605549865197,0.001013073860252974,0.0,0.0,0.03250240938369384,96
75.18,0.034163523795614194,0.006047133745869241,0.0010130708863441038,0.0,0.0,0.03251461300812124,96
75.2,0.03417481882490348,0.006048150668666435,0.0010130673751520905,0.0,0.0,0.03252685840431486,96
75.22,0.03418668757355708,0.006049106392879749,0.0010130633047777298,0.0,0.0,0.03253913863002146,96
75.24,0.03419904733332392,0.006050001034899698,0.0010130590773477124,0.0,0.0,0.03255144641980971,96
75.26,0.03421179619266688,0.006050834729866212,0.0010130543840075508,0.0,0.0,0.03256377420348532,96
75.28,0.03422476823044564,0.006051607624227145,0.0010130489157883864,0.0,0.0,0.03257611413557195,96
75.3,0.034237964210734724,0.006052319876759498,0.0010130426479476658,0.0,0.0,0.03258845813561097,96
75.32000000000001,0.034251119810927114,0.006052971659652266,0.0010130355661133812,0.0,0.0,0.03260079793854744,96
75.34,0.03426422592742255,0.006053563159482734,0.00101302765680911,0.0,0.0,0.03261312515401597,96
75.36,0.034277273381307025,0.006054094578549263,0.0010130188847259152,0.0,0.0,0.03262543133294942,96
75.38,0.03429025298972718,0.006055171300227214,0.0010130092344030348,0.0,0.0,0.03263770803963266,96
75.4,0.03430353910085608,0.006057022563105893,0.001012998726379851,0.0,0.0,0.03264994692712872,96
75.42,0.03431671282664124,0.006058810891372053,0.001012986897166602,0.0,0.0,0.0326620831060068,95
75.44,0.03432978205309763,0.006060536536430277,0.0010129740553767004,0.0,0.0,0.032674150145067755,95
75.46000000000001,0.034342753658671656,0.006062199769194462,0.0010129602607744745,0.0,0.0,0.032686155694909555,95
75.48,0.0343556196430471,0.006063800878725942,0.0010129454978650544,0.0,0.0,0.03269809251142781,95
75.5,0.03436837243060376,0.006065340170778179,0.0010129297484759866,0.0,0.0,0.032709953794943944,95
75.52,0.03438100492456984,0.006066817967300622,0.0010129130563780678,0.0,0.0,0.032721733245086065,95
75.54,0.03439351157500287,0.006068234605815776,0.0010128953788399906,0.0,0.0,0.0327334251076035,96
75.56,0.03440628783945488,0.006069590518881086,0.0010128766779285278,0.0,0.0,0.032745024212629634,96
75.58,0.03441887739394923,0.006070885995812515,0.0010128590310941924,0.0,0.0,0.03275647035574422,96
75.60000000000001,0.034431324998461105,0.006072121421088901,0.0010128405241659978,0.0,0.0,0.032767811008019676,96
75.62,0.03444363067530425,0.00607329718652092,0.0010128210196147505,0.0,0.0,0.032779047176331184,96
75.64,0.034455790953752,0.006074413695034697,0.0010128004993469341,0.0,0.0,0.03279017623883509,96
75.66,0.034467776309761645,0.0060754713675804425,0.0010127787717095903,0.0,0.0,0.03280116970546406,96
75.68,0.03447957545341022,0.006076470616007982,0.0010127557893863702,0.0,0.0,0.03281201723878456,96
75.7,0.0344912224335658,0.006077411868904157,0.0010127317815136264,0.0,0.0,0.03282275359585473,96
75.72,0.034502716196679634,0.006078295576711632,0.0010127068125715202,0.0,0.0,0.03283337867277054,96
75.74,0.03451405624027523,0.006079122171015471,0.001012680850673165,0.0,0.0,0.032843892944001106,96
75.76,0.03452524258259545,0.006079892103411437,0.0010126538874011975,0.0,0.0,0.032854297432932875,97
75.78,0.0345362757286887,0.006080605814212303,0.0010126259389813702,0.0,0.0,0.03286459367888392,97
75.8,0.03454716049663899,0.006081263756289904,0.00101259824019808,0.0,0.0,0.03287478370107529,97
75.82000000000001,0.03455789517094454,0.006081866384423141,0.001012569614945946,0.0,0.0,0.03288486995998612,97
75.84,0.034568456456197515,0.006082414154454407,0.0010125398914865049,0.0,0.0,0.03289483100200273,97
75.86,0.03457884406129788,0.006082907521370209,0.0010125090522457869,0.0,0.0,0.03290466769072191,97
75.88,0.034589087062098074,0.0060833469396621796,0.0010125047722291923,0.0,0.0,0.03291441035423009,97
75.9,0.03459918802656406,0.006083742759580454,0.0010125093135613728,0.0,0.0,0.03292406279092673,97
75.92,0.034609524640696075,0.006084096448699722,0.0010125129379004417,0.0,0.0,0.03293362901969044,97
75.94,0.03461992430847824,0.0060843975583473224,0.0010125156850172064,0.0,0.0,0.03294311323216739,97
75.96000000000001,0.03463018976150714,0.006084646533998513,0.0010125177472865893,0.0,0.0,0.03295308137458869,97
75.98,0.03464033820677066,0.006084843819970439,0.001012518943443865,0.0,0.0,0.03296299311786041,98
76.0,0.03465082029998682,0.00608498985692807,0.001012519287976041,0.0,0.0,0.032972835233795864,98
76.02,0.03466114677248787,0.006085085081605505,0.0010125190777454717,0.0,0.0,0.032982582387987736,98
76.04,0.03467130452566664,0.0060851299255699496,0.0010125184757610686,0.0,0.0,0.03299222297505742,98
76.06,0.03468132463162304,0.006085124815131578,0.0010125171870513697,0.0,0.0,0.03300178958797703,98
76.08,0.034691095164850756,0.0060850701731087545,0.0010125161492134968,0.0,0.0,0.033011171057592194,99
76.10000000000001,0.0347007502248963,0.006084966417843413,0.0010125144466994111,0.0,0.0,0.033020504102726944,99
76.12,0.03471029172416683,0.00608481395884008,0.001012511981910128,0.0,0.0,0.03302979235232447,99
76.14,0.0347197212497184,0.006084613214941073,0.001012508753642074,0.0,0.0,0.03303903916483923,99
76.16,0.034729040030784114,0.006084364572195326,0.0010125047689578954,0.0,0.0,0.03304824759792502,99
76.18,0.034738248910935965,0.006084068431861959,0.0010125001251548116,0.0,0.0,0.03305742038286557,99
76.2,0.034747348325337005,0.006084027625204328,0.0010124948403518396,0.0,0.0,0.0330665599042096,99
76.22,0.03475633828344769,0.006085109588048353,0.001012488889422824,0.0,0.0,0.033075668184979944,99
76.24,0.034765218357433056,0.006086141152645783,0.0010124822532759207,0.0,0.0,0.03308474687770928,99
76.26,0.034773987676378605,0.006087122674889672,0.0010124749101413884,0.0,0.0,0.03309379726141581,99
76.28,0.03478264492626741,0.006088054504133665,0.001012466868573276,0.0,0.0,0.03310322699339492,99
76.3,0.03479118835550637,0.006088936983760078,0.001012458175389798,0.0,0.0,0.033112655924802614,99
76.32000000000001,0.03479961578562264,0.00608977045651591,0.0010124488300114441,0.0,0.0,0.03312205761780883,99
76.34,0.03480790687983231,0.006090555264271088,0.0010124384627707608,0.0,0.0,0.033131414304621055,99
76.36,0.034816029451896796,0.006091291713291267,0.001012426534739702,0.0,0.0,0.03314069652381464,99
76.38,0.03482402716025678,0.006091980117261244,0.001012413933960638,0.0,0.0,0.03314995028169106,99
76.4,0.03483189630750765,0.006092620788646717,0.0010124006538542142,0.0,0.0,0.03315917460935794,98
76.42,0.034839632877057776,0.006093214033590531,0.0010123867250971493,0.0,0.0,0.03316836831595923,97
76.44,0.03484723255947208,0.006093760152094948,0.0010123721680368007,0.0,0.0,0.03317753001924027,97
76.46000000000001,0.03485469077824869,0.0060942594381996704,0.0010123569870841792,0.0,0.0,0.033186658175745655,97
76.48,0.034862002714177734,0.0060947121784226295,0.001012341228849699,0.0,0.0,0.03319575110980711,97
76.5,0.034869166909706394,0.006095118653466415,0.001012324832174415,0.0,0.0,0.03320480704058968,97
76.52,0.03487618227977367,0.006095479137547264,0.0010123085927351543,0.0,0.0,0.03321382410660742,97
76.54,0.034883035735216776,0.006095793898342249,0.0010122918735989545,0.0,0.0,0.033222800387289586,98
76.56,0.03488972167897187,0.00609606319693287,0.0010122745784571282,0.0,0.0,0.03323173392136476,98
76.58,0.03489623435138568,0.006096287290115914,0.001012256726784496,0.0,0.0,0.03324062272202542,99
76.60000000000001,0.034902567836265636,0.0060964664261842225,0.001012238221131521,0.0,0.0,0.033249464789029334,99
76.62,0.0349089977869934,0.006096600844759154,0.0010122195358420606,0.0,0.0,0.03325825811807639,99
76.64,0.03491642142939727,0.006096718941824952,0.0010122007741593102,0.0,0.0,0.033267000707961084,99
76.66,0.03492369162614484,0.006096795965412452,0.0010121815567763954,0.0,0.0,0.03327569056613381,99
76.68,0.034930803344938824,0.006096828883335762,0.0010121650072123392,0.0,0.0,0.03328432571339986,99
76.7,0.03493775145596817,0.006096817909099519,0.0010121506620134144,0.0,0.0,0.033292904188538405,99
76.72,0.034944530732136984,0.006096763249765323,0.001012135513516407,0.0,0.0,0.03330142405363279,99
76.74,0.034951135850538564,0.006096665103317886,0.0010121205310907016,0.0,0.0,0.03330988340086368,99
76.76,0.03495756139584046,0.0060965236609075695,0.0010121047947560917,0.0,0.0,0.033318280361434346,99
76.78,0.0349638018661242,0.006096339107111251,0.0010120882911952584,0.0,0.0,0.03332661311717305,99
76.8,0.03496985168156941,0.006096111622522631,0.0010120720480546429,0.0,0.0,0.03333487991520204,99
76.82000000000001,0.034976905600688876,0.006095841373005443,0.001012062849838549,0.0,0.0,0.03334307908588367,99
76.84,0.03498565768377169,0.006095528518336472,0.001012085419344567,0.0,0.0,0.033351209064063234,99
76.86,0.0349943007845371,0.006095173211830833,0.0010121071709394856,0.0,0.0,0.03335955090010475,99
76.88,0.03500283268544151,0.00609477559882223,0.0010121281427546982,0.0,0.0,0.03336813457037505,99
76.9,0.03501125132697696,0.006094335821943673,0.0010121482524374796,0.0,0.0,0.03337664454207951,99
76.92,0.03501955483768758,0.006093854015100778,0.00101216771830663,0.0,0.0,0.03338507993872822,99
76.94,0.03502774156508832,0.006093330287247633,0.0010121871442334636,0.0,0.0,0.03339344013228159,99
76.96000000000001,0.0350358101067347,0.006092764749402186,0.0010122056802586274,0.0,0.0,0.03340172477539271,99
76.98,0.03504375934068591,0.006092162166136016,0.0010122234855905574,0.0,0.0,0.03340993383310015,99
77.0,0.03505158845463412,0.006092449533805949,0.0010122404763025302,0.0,0.0,0.033418067613247004,99
77.02,0.03505929697303237,0.006092688195919642,0.0010122578992939689,0.0,0.0,0.03342612679496146,99
77.04,0.03506688478163379,0.006092878194052326,0.001012274278247891,0.0,0.0,0.033434112454614806,99
77.06,0.03507435214894963,0.006093019567307885,0.0010122897129433322,0.0,0.0,0.03344202608876786,99
77.08,0.03508169974423304,0.0060931123499395,0.0010123045123544585,0.0,0.0,0.03344986963371633,99
77.10000000000001,0.03508892865169283,0.0060931565708134405,0.0010123185893912295,0.0,0.0,0.03345764548134304,99
77.12,0.03509604038073074,0.006093152255937602,0.0010123314816181126,0.0,0.0,0.03346535649107461,99
77.14,0.0351030422864986,0.006093099418981668,0.001012343445099997,0.0,0.0,0.033473005997816455,99
77.16,0.03510993497596133,0.006092998067789737,0.001012355138137354,0.0,0.0,0.033480596350411417,99
77.18,0.035116660331749164,0.006092848203062862,0.0010123656842398216,0.0,0.0,0.033488075917657574,99
77.2,0.03512327894993276,0.006092649816429195,0.0010123752395431178,0.0,0.0,0.03349550689432313,99
77.22,0.03512984330318438,0.0060924028916170105,0.0010123840287643974,0.0,0.0,0.03350289451472268,99
77.24,0.03513688176116233,0.006092107402681775,0.0010123922807315517,0.0,0.0,0.033510244466903163,98
77.26,0.035143824724426065,0.006091763311249719,0.001012399511533012,0.0,0.0,0.033517562876056436,98
77.28,0.03515067790617077,0.006091370569844216,0.0010124058282198394,0.0,0.0,0.0335248562838503,98
77.3,0.03515745550792719,0.006090929120437854,0.0010124112234031362,0.0,0.0,0.033532131623642845,98
77.32000000000001,0.03516415297907114,0.006090438891946939,0.0010124156866017605,0.0,0.0,0.03353939619152482,98
77.34,0.03517102312532402,0.006089899802738571,0.0010124193134705838,0.0,0.0,0.03354665761312066,98
77.36,0.03517952985038984,0.006089311758924653,0.0010124220302119517,0.0,0.0,0.03355392380607356,98
77.38,0.03518801794786699,0.0060886746541144775,0.0010124241208273482,0.0,0.0,0.0335612029381478,98
77.4,0.03519649512361228,0.0060879883697313895,0.0010124253883179216,0.0,0.0,0.033568503380905425,98
77.42,0.03520497145991059,0.006087252775592488,0.0010124258814869051,0.0,0.0,0.03357583365895836,98
77.44,0.03521346102365049,0.0060864677299917996,0.0010124255603524714,0.0,0.0,0.033583202394862975,98
77.46000000000001,0.03522196341932818,0.006087016978768487,0.001012464241584607,0.0,0.0,0.033590618249812666,98
77.48,0.03523048654055234,0.0060876232857208475,0.0010125061753219213,0.0,0.0,0.03359808986039828,98
77.5,0.035239038167611564,0.006088175312128626,0.001012547612864086,0.0,0.0,0.033605625771842534,99
77.52,0.03524762589660635,0.00608867288910876,0.00101258831165961,0.0,0.0,0.033613234368272564,99
77.54,0.035256257066301644,0.006089115821647244,0.0010126282540148372,0.0,0.0,0.033620923800768705,99
77.56,0.03526493868362707,0.006089503917628879,0.0010126675403492255,0.0,0.0,0.033628701914112324,100
77.58,0.0352736773489392,0.006089836978642995,0.0010127064451546314,0.0,0.0,0.0336365761733414,99
77.60000000000001,0.0352824791823392,0.006090114801484048,0.0010127462362545634,0.0,0.0,0.03364455359139999,99
77.62,0.035291349752496946,0.0060903371797832945,0.0010127860106152425,0.0,0.0,0.033652640659324114,99
77.64,0.03530029400955748,0.006090503905754148,0.0010128250934837051,0.0,0.0,0.03366084328052992,99
77.66,0.035309316223781195,0.006092296207216782,0.001012863478195036,0.0,0.0,0.033669166710845334,99
77.68,0.03531841993158855,0.006094040505565661,0.0010129016273297778,0.0,0.0,0.03367761550594423,99
77.7,0.03532760789062625,0.006095735056364823,0.0010129396507203325,0.0,0.0,0.03368619347778955,99
77.72,0.03533688204534418,0.006097383263844135,0.0010129774141031415,0.0,0.0,0.03369490366156349,99
77.74,0.03534624350436368,0.006098970136604752,0.0010130143595148632,0.0,0.0,0.03370374829435643,99
77.76,0.035355692530632005,0.006100495481809614,0.0010130506390568477,0.0,0.0,0.033712728806601845,98
77.78,0.03536540758154549,0.0061019590898377055,0.0010131045311367489,0.0,0.0,0.03372184582689357,97
77.8,0.035375450837229164,0.006103360786855504,0.001013176194260545,0.0,0.0,0.03373109920041353,97
77.82000000000001,0.03538558299178327,0.0061047004149184314,0.0010132472221590677,0.0,0.0,0.03374048802075411,97
77.84,0.03539569758844136,0.006105977851830193,0.0010133177438379508,0.0,0.0,0.033749907758175796,97
77.86,0.03540580290700803,0.006107192954089013,0.0010134121792973098,0.0,0.0,0.03375938355703832,97
77.88,0.03541598662381741,0.006108345585300067,0.0010135575472200236,0.0,0.0,0.033768988154402046,97
77.9,0.0354262440038953,0.006109435654828263,0.0010137017245479723,0.0,0.0,0.03377871819118299,97
77.92,0.03543656983638514,0.006110463095154816,0.0010138451891136626,0.0,0.0,0.033788569878076886,97
77.94,0.035446958517254615,0.006111427856467684,0.0010139875065979082,0.0,0.0,0.03379853907930455,96
77.96000000000001,0.03545740452285451,0.006112329909162743,0.0010141286726055726,0.0,0.0,0.033808621397365186,96
77.98,0.035467911545931714,0.006113169242818085,0.0010142684556482425,0.0,0.0,0.03381881225628091,96
78.0,0.03547846312689824,0.006113945870228828,0.0010144069948508296,0.0,0.0,0.033829106980910406,96
78.02,0.035489052898042404,0.006114659816490317,0.0010145444390890113,0.0,0.0,0.03383950087009043,96
78.04,0.03549967874158806,0.006115311122099641,0.0010146806803310964,0.0,0.0,0.033849989261625246,96
78.06,0.03551037956272326,0.006115899847289022,0.0010148160252273488,0.0,0.0,0.03386056758746496,96
78.08,0.03552161931390646,0.006116426068618337,0.0010149527267913298,0.0,0.0,0.03387115569234058,97
78.10000000000001,0.0355328682199945,0.00611689259085589,0.0010150879180868544,0.0,0.0,0.033881821995693166,97
78.12,0.035544123320580386,0.006117312724407363,0.0010152216725132386,0.0,0.0,0.033892565494431155,97
78.14,0.0355553787288763,0.0061176705988078605,0.0010153539565546828,0.0,0.0,0.033903382316155466,97
78.16,0.03556660786294485,0.006117966342846551,0.0010154889362282136,0.0,0.0,0.033914244074967216,97
78.18,0.03557778444235795,0.0061182001011485035,0.0010156307319090863,0.0,0.0,0.03392543703538126,97
78.2,0.035588944388233,0.006118372033251472,0.0010157708165899055,0.0,0.0,0.03393681983730749,97
78.22,0.03560008215759174,0.006118482297504766,0.0010159092352593456,0.0,0.0,0.03394826169255756,97
78.24,0.035612639448093716,0.006118531060619432,0.0010160459258597727,0.0,0.0,0.03395975942249157,97
78.26,0.03562522128383469,0.006118518497056032,0.001016181084804272,0.0,0.0,0.03397130986614374,97
78.28,0.035637809670996695,0.006118444788511317,0.0010163358942151671,0.0,0.0,0.033983243987909265,97
78.3,0.03565040025876763,0.006118310128205887,0.001016513167390177,0.0,0.0,0.03399535286469299,97
78.32000000000001,0.03566298852172675,0.0061181147239702,0.0010166889761427352,0.0,0.0,0.03400750403346973,97
78.34,0.03567556970541566,0.006117858759714381,0.0010168627775337454,0.0,0.0,0.03401970973281147,97
78.36,0.03568813877603499,0.006117542447065495,0.0010170558236439512,0.0,0.0,0.034032446141424665,96
78.38,0.03570069037604449,0.006117165997232844,0.0010172554001192243,0.0,0.0,0.03404521259718523,96
78.4,0.035713196524029794,0.006116729628045391,0.0010174906300865383,0.0,0.0,0.03405798221405822,96
78.42,0.03572561566568453,0.006116233562386437,0.001017724864860019,0.0,0.0,0.03407071449482932,96
78.44,0.03573799909201865,0.006115678025636896,0.0010179567194416323,0.0,0.0,0.0340834623518008,96
78.46000000000001,0.035750339872812224,0.0061150632596252506,0.0010181861382396987,0.0,0.0,0.03409662538472708,96
78.48,0.03576263066454935,0.006114389504739003,0.0010184132500234602,0.0,0.0,0.03410987222595914,96
78.5,0.035774863723147664,0.006113657012254001,0.001018637948209235,0.0,0.0,0.03412311618906644,96
78.52,0.03578703092662301,0.006112866040033026,0.00101886022850762,0.0,0.0,0.034136350620768446,96
78.54,0.035799123806903387,0.006112016852551654,0.0010190799615950315,0.0,0.0,0.034149568569460734,96
78.56,0.03581106530126458,0.006111109720874126,0.001019270852077499,0.0,0.0,0.0341627043192485,96
78.58,0.035822874771047244,0.006110144996519962,0.0010194437991060202,0.0,0.0,0.03417577478722351,96
78.60000000000001,0.03583458298100982,0.006109123006531269,0.0010196139848228179,0.0,0.0,0.03418880668907675,96
78.62,0.03584618053918948,0.0061086025689609975,0.0010197816330569432,0.0,0.0,0.03420179236223444,95
78.64,0.03585765796116929,0.00610939099385579,0.001019946502611395,0.0,0.0,0.03421472411077999,95
78.66,0.03586903190643799,0.006110117090206378,0.0010201085773965466,0.0,0.0,0.03422759426758906,94
78.68,0.035880641395091825,0.006110781109026676,0.0010202677874848573,0.0,0.0,0.03424039525614859,94
78.7,0.03589210755082482,0.0061113833060378875,0.0010204239972308345,0.0,0.0,0.03425311965077553,94
78.72,0.03590342119269548,0.006111923941094968,0.0010205775480765836,0.0,0.0,0.03426576023408584,94
78.74,0.03591457333101779,0.006112403277565755,0.0010207285418679817,0.0,0.0,0.03427831005071451,94
78.76,0.035925562873900724,0.006112821616376278,0.0010208765608791216,0.0,0.0,0.034290762456445335,94
78.78,0.03593637649266084,0.006113179229595752,0.0010210215661430547,0.0,0.0,0.03430311116206741,94
78.8,0.03594700327370483,0.0061134763578842176,0.001021163471321764,0.0,0.0,0.03431535027142959,94
78.82000000000001,0.03595743539668673,0.006113713262133779,0.0010213021377202306,0.0,0.0,0.03432747431330909,94
78.84,0.03596759438704964,0.006113890215342262,0.001021435622752067,0.0,0.0,0.03433940809949124,94
78.86,0.035977471932490616,0.006114007486816211,0.0010215756520100662,0.0,0.0,0.03435114533837627,94
78.88,0.035987133737109454,0.0061140653255255945,0.0010217345992935456,0.0,0.0,0.034362754006044126,94
78.9,0.03599657349559313,0.006114063997914258,0.0010218902483054748,0.0,0.0,0.03437423051975577,94
78.92,0.0360058597231844,0.00611400376766577,0.00102204276233457,0.0,0.0,0.03438557178358169,94
78.94,0.036015253958649025,0.006113884895088351,0.001022191816125653,0.0,0.0,0.03439677518179928,94
78.96000000000001,0.036024870190011195,0.006113707636857891,0.0010223373854200434,0.0,0.0,0.03440783856653084,94
78.98,0.03603563614645806,0.006113472244873875,0.0010224799523433122,0.0,0.0,0.034418743620386466,94
79.0,0.03604617699393103,0.006113178966987199,0.0010226203548374187,0.0,0.0,0.03442945846941502,94
79.02,0.036056536472781675,0.0061128280482392475,0.0010227571634555347,0.0,0.0,0.0344400295040507,95
79.04,0.03606671305640319,0.006112419724540881,0.0010228965128545812,0.0,0.0,0.034450456223928984,95
79.06,0.03607670552160311,0.006111954225859551,0.001023061346938046,0.0,0.0,0.0344607384639929,95
79.08,0.036086512910648856,0.006111431776021169,0.0010232224973325999,0.0,0.0,0.03447087635785043,94
79.10000000000001,0.03609613449150305,0.006110856909020527,0.0010233799573363457,0.0,0.0,0.034480870299383085,95
79.12,0.036105574455273834,0.006110243895847489,0.0010235337451012128,0.0,0.0,0.03449072090342408,95
79.14,0.03611483148058261,0.006109581323933513,0.001023683889305238,0.0,0.0,0.03450042896637346,95
79.16,0.036123862485681585,0.006108877247889347,0.0010238290441338723,0.0,0.0,0.03450995533683946,94
79.18,0.036132663069221846,0.006108117166832866,0.0010239691600291475,0.0,0.0,0.03451929802127145,94
79.2,0.03614127872796364,0.0061073012735272485,0.0010241060839745301,0.0,0.0,0.03452850135941419,95
79.22,0.03614971608025728,0.0061064297405381066,0.0010242398414916892,0.0,0.0,0.034537566510507406,95
79.24,0.03615800486724678,0.0061066757213706045,0.001024364952637699,0.0,0.0,0.03454646979793685,95
79.26,0.036166458572197406,0.006107235775609676,0.0010244685324577322,0.0,0.0,0.03455515004695879,95
79.28,0.03617472337135093,0.006107733506139919,0.0010245686976715978,0.0,0.0,0.03456369575203454,95
79.3,0.03618279881698146,0.006108169142283545,0.0010246654657052403,0.0,0.0,0.034572108027059636,95
79.32000000000001,0.03619068437027452,0.0061085429279902894,0.0010247588550786608,0.0,0.0,0.03458038794939969,95
79.34,0.03619837940031476,0.006108855090979253,0.0010248488886564835,0.0,0.0,0.03458853656122946,95
79.36,0.03620621392441203,0.006109105843226338,0.0010249355958315144,0.0,0.0,0.03459655487612141,95
79.38,0.036214044526732,0.006109295372320489,0.0010250190176567936,0.0,0.0,0.03460444389023924,95
79.4,0.036221681513665324,0.0061094238877814535,0.0010251005290171536,0.0,0.0,0.03461220459728338,95
79.42,0.036229123968037236,0.0061097006150726395,0.001025179018885644,0.0,0.0,0.0346198380061681,95
79.44,0.036236370936819945,0.006109988980884272,0.0010252542894274312,0.0,0.0,0.034627345160291485,95
79.46000000000001,0.03624342144775059,0.006110216331719498,0.0010253263700241606,0.0,0.0,0.034634727157200396,95
79.48,0.03625027452501888,0.0061103828656332146,0.0010253952955352628,0.0,0.0,0.03464198516745415,95
79.5,0.0362570525498693,0.006110488778230506,0.0010254610733930643,0.0,0.0,0.03464912045155102,95
79.52,0.03626408521881547,0.0061105342627461425,0.0010255237297739964,0.0,0.0,0.034656134373898195,95
79.54,0.03627229037346005,0.006110519510100084,0.0010255832911264407,0.0,0.0,0.03466302841296874,95
79.56,0.036280416104146285,0.006110444708939983,0.0010256398120427807,0.0,0.0,0.03466980416698913,95
79.58,0.0362883849718654,0.006110310045683056,0.0010256933395380236,0.0,0.0,0.03467646335472798,95
79.60000000000001,0.03629663659297866,0.006110115705131746,0.0010257438660816209,0.0,0.0,0.03468300781119951,95
79.62,0.03630483574100511,0.0061098805420612716,0.0010257914036631145,0.0,0.0,0.03468943947834407,95
79.64,0.03631287981187168,0.006109801256903664,0.0010258359779634926,0.0,0.0,0.03469576039099291,95
79.66,0.03632076975381397,0.006109762098370778,0.0010259111679108736,0.0,0.0,0.03470197265865882,95
79.68,0.036328506531591837,0.006109663087805403,0.0010259995119126606,0.0,0.0,0.03470807844390748,95
79.7,0.03633606690590611,0.006109504403710432,0.0010260833264056333,0.0,0.0,0.0347140554286405,96
79.72,0.03634341113524983,0.006109286246970334,0.0010261597302499354,0.0,0.0,0.03471986461484802,96
79.74,0.036350608971257456,0.006109008732212899,0.001026233422894359,0.0,0.0,0.03472557407057842,97
79.76,0.03635766502900359,0.0061086720338740024,0.001026304358161093,0.0,0.0,0.034731185921327686,97
79.78,0.03636457234402944,0.006108276329941021,0.001026372588639198,0.0,0.0,0.03473670222361042,97
79.8,0.036371331437063836,0.0061078217996743565,0.0010264380711734842,0.0,0.0,0.034742124946345515,97
79.82000000000001,0.03637794267964592,0.0061073086269503455,0.0010265061357421057,0.0,0.0,0.034747455956940135,97
79.84,0.03638440628395431,0.0061067369945479715,0.0010266002386516541,0.0,0.0,0.03475269701300421,97
79.86,0.036390722298879304,0.006106107088312002,0.0010266917391181431,0.0,0.0,0.03475784976039443,98
79.88,0.03639689061275344,0.006105419099802879,0.001026780643368689,0.0,0.0,0.034762915738009034,98
79.9,0.036402910962844086,0.006104673227561833,0.0010268669542643403,0.0,0.0,0.034767896389443234,98
79.92,0.03640878295138645,0.006103869682834413,0.00102695068001129,0.0,0.0,0.03477279308129083,98
79.94,0.03641450606761679,0.0061031497995316965,0.0010270318285878328,0.0,0.0,0.034777607127558834,98
79.96000000000001,0.036420079714972714,0.006102530360759078,0.0010271104329266298,0.0,0.0,0.034782339819369706,98
79.98,0.03642550324238022,0.0061018531084183905,0.0010271869962180308,0.0,0.0,0.034786992458878674,97
80.0,0.036430775978360065,0.00610111826988302,0.0010273020430603976,0.0,0.0,0.034791566396146736,97
80.02,0.0364358972665693,0.006100326084264736,0.001027420846330788,0.0,0.0,0.034796063067592975,97
80.04,0.03644086650134906,0.006099476803109324,0.001027537013843399,0.0,0.0,0.03480048403460562,97
80.06,0.03644568316187748,0.006098570675873511,0.0010276505488736216,0.0,0.0,0.034804831020918255,97
80.08,0.03645034684361617,0.006097607965072274,0.0010277614673485308,0.0,0.0,0.03480910594744747,97
80.10000000000001,0.03645485728587876,0.00609658893926609,0.0010278698040637126,0.0,0.0,0.03481331096342816,97
80.12,0.03645921439452722,0.0060955138729796386,0.0010279755813313509,0.0,0.0,0.034817448472859246,97
80.14,0.036463356706528414,0.006094442987155697,0.001028079307213008,0.0,0.0,0.03482145947220592,97
80.16,0.03646734569526769,0.0060946741730998795,0.0010281805123589247,0.0,0.0,0.03482540825031095,97
80.18,0.03647118225073042,0.006094846368412971,0.0010282791928603577,0.0,0.0,0.03482929848523051,97
80.2,0.03647487296775564,0.00609495983424893,0.0010283753762310177,0.0,0.0,0.03483313374733628,97
80.22,0.03647841759781427,0.006095014834806099,0.0010284693209532576,0.0,0.0,0.03483691790302192,97
80.24,0.036481812430158106,0.006095011636558374,0.0010285609585227017,0.0,0.0,0.034840655103273964,97
80.26,0.036485058645707454,0.006094953318195419,0.0010286503443251546,0.0,0.0,0.03484434976593049,97
80.28,0.03648815754292273,0.006094838277788214,0.0010287373760868752,0.0,0.0,0.03484800655198403,97
80.3,0.03649111050290996,0.006094665883865811,0.001028823382577118,0.0,0.0,0.03485163033638368,97
80.32000000000001,0.036493918949325035,0.0060944363662582554,0.0010289087096286872,0.0,0.0,0.034855226173879934,97
80.34,0.03649658430370236,0.00609415016675562,0.0010290208599508673,0.0,0.0,0.034858799260540585,97
80.36,0.03649910793691732,0.006093807370017003,0.001029130927887993,0.0,0.0,0.03486235489164918,97
80.38,0.03650149111757824,0.006093408239317785,0.0010292385388390444,0.0,0.0,0.03486589841678144,97
80.4,0.03650373495822843,0.0060929530597593155,0.0010293436685377174,0.0,0.0,0.034869435192938246,97
80.42,0.03650686321319308,0.0060924428585184395,0.0010294464025638942,0.0,0.0,0.03487331107053865,97
80.44,0.03651049295719095,0.006091877661325804,0.001029546611192215,0.0,0.0,0.03487728812117024,97
80.46000000000001,0.03651520648242937,0.0060912571722057185,0.001029644228364933,0.0,0.0,0.03488127362888051,97
80.48,0.03652138749236754,0.006090581644146221,0.0010297392328297357,0.0,0.0,0.03488527250926232,96
80.5,0.03652757109775342,0.0060898513724620745,0.0010298316033600934,0.0,0.0,0.034889289458098355,96
80.52,0.03653376127969305,0.006089066552586593,0.0010299214903942506,0.0,0.0,0.034893328915028846,96
80.54,0.03653996171859032,0.0060882274118140645,0.0010300088409678865,0.0,0.0,0.03489739503286129,96
80.56,0.036546175769686884,0.006087334184951877,0.0010300937055331136,0.0,0.0,0.03490149165348686,96
80.58,0.036552406446025046,0.006086387103838065,0.0010301758101324435,0.0,0.0,0.03490562229121477,96
80.60000000000001,0.03655865640944802,0.006085386397513024,0.0010302557541847187,0.0,0.0,0.034910088942721254,96
80.62,0.03656492797001936,0.0060843322923879225,0.0010303341756635982,0.0,0.0,0.03491471258918766,97
80.64,0.03657118961507736,0.006083225017912447,0.001030411097277785,0.0,0.0,0.034919344481866475,97
80.66,0.03657744001226012,0.006082064794455679,0.0010304863648146693,0.0,0.0,0.03492398383423369,97
80.68,0.036583661094162494,0.006080851837913261,0.0010305584850192019,0.0,0.0,0.03492861349764745,97
80.7,0.03658988884232261,0.00607958635879161,0.0010306274399763296,0.0,0.0,0.03493326994465906,97
80.72,0.03659614517430335,0.006078268569351351,0.0010306935714799264,0.0,0.0,0.03493797564225005,97
80.74,0.03660243073099794,0.006076898681878784,0.001030756510291914,0.0,0.0,0.034942731859251036,97
80.76,0.03660874601099905,0.006075476906063503,0.0010308161963154148,0.0,0.0,0.03494753974049677,97
80.78,0.03661509142103368,0.006074003448741004,0.001030872544101317,0.0,0.0,0.03495240035782801,97
80.8,0.036621467327893446,0.006072478864961371,0.0010309289605345813,0.0,0.0,0.034957620547629416,97
80.82000000000001,0.03662787411051677,0.006070904116384161,0.0010309840313324572,0.0,0.0,0.034963054385572276,97
80.84,0.036634312210915086,0.006069278305509579,0.0010310379215507542,0.0,0.0,0.034968543810892365,97
80.86,0.036640782182705015,0.006067601624026814,0.0010310889194920009,0.0,0.0,0.034974090126151734,97
80.88,0.036647284736095714,0.0060658742585186125,0.0010311369569047954,0.0,0.0,0.034979694812838254,97
80.9,0.03665382077828528,0.006064096389871949,0.001031182607333526,0.0,0.0,0.034985359572621985,97
80.92,0.03666039144833214,0.006062268192668366,0.0010312253791041515,0.0,0.0,0.03499108636315162,97
80.94,0.03666699814568263,0.006060389834566622,0.0010312684891745044,0.0,0.0,0.03499687742757554,97
80.96000000000001,0.03667364255165222,0.006058461475690664,0.0010313088263666273,0.0,0.0,0.035002735317087426,97
80.98,0.03668032664327262,0.006056483273300962,0.0010313459470712028,0.0,0.0,0.03500866290591149,97
81.0,0.03668705803953056,0.006054455366786317,0.0010313794823241635,0.0,0.0,0.03501466339825471,97
81.02,0.036693840108820236,0.006052377888911944,0.0010314095559199735,0.0,0.0,0.03502074032686725,97
81.04,0.0367006696528245,0.006050250964106762,0.0010314366922706385,0.0,0.0,0.035026897542964924,97
81.06,0.036707549803420725,0.0060480747072654654,0.0010314607458078316,0.0,0.0,0.03503338035889872,97
81.08,0.03671448393032359,0.006045849222981532,0.001031481823741037,0.0,0.0,0.035040158619980104,97
81.10000000000001,0.036721475603221185,0.006043574603551128,0.0010314998073305388,0.0,0.0,0.03504703004539977,97
81.12,0.0367285285454748,0.006041250931687113,0.0010315143173706947,0.0,0.0,0.03505399948315659,97
81.14,0.03673562089281791,0.006038878345935178,0.001031525310102774,0.0,0.0,0.035061046552558754,97
81.16,0.03674274363588426,0.006036456892594879,0.001031532457252709,0.0,0.0,0.03506816360738402,97
81.18,0.03674993921833577,0.006033986571053248,0.0010315381930211976,0.0,0.0,0.03507539385539904,98
81.2,0.036757211366018755,0.006031467420258751,0.0010315443133389257,0.0,0.0,0.035082742314216625,98
81.22,0.03676456362261605,0.006028899471952674,0.001031550181691929,0.0,0.0,0.03509021386631782,98
81.24,0.036771999268843766,0.006026282755276981,0.0010315544358763767,0.0,0.0,0.03509781318057645,98
81.26,0.03677952124047256,0.006023617282830252,0.0010315569852501212,0.0,0.0,0.03510554463272757,98
81.28,0.0367871320469827,0.0060209030591418045,0.0010315574662293466,0.0,0.0,0.03511341222659289,98
81.3,0.03679483369278074,0.006018140085803037,0.0010315556446278851,0.0,0.0,0.03512141951799337,98
81.32000000000001,0.03680291156114207,0.006015328360015193,0.0010315510738356571,0.0,0.0,0.0351295695433346,98
81.34,0.036812259021039496,0.006012467875487285,0.0010315445115221934,0.0,0.0,0.03513786475482791,98
81.36,0.03682174545824535,0.006009558980022997,0.001031535234516996,0.0,0.0,0.03514630696419971,98
81.38,0.036831371842152044,0.006006601360672401,0.0010315247205456848,0.0,0.0,0.035154897296535016,98
81.4,0.03684113841968733,0.006003594960180778,0.0010315132632154904,0.0,0.0,0.03516363615560273,98
81.42,0.03685104469273164,0.006000539803046099,0.0010314993740244234,0.0,0.0,0.03517252320162337,98
81.44,0.036861089408477564,0.005997765669865716,0.0010314837529954376,0.0,0.0,0.035181557341989494,98
81.46000000000001,0.03687127056275042,0.005994961472772984,0.0010315134518191417,0.0,0.0,0.035190736734950344,98
81.48,0.036881585415800576,0.005992122389966424,0.001031550707578708,0.0,0.0,0.035200058805763705,98
81.5,0.03689203051958603,0.005989233319166566,0.0010315866057704318,0.0,0.0,0.03520952027432576,98
81.52,0.036902601755124505,0.005986294294202551,0.0010316218830930114,0.0,0.0,0.03521911719285043,98
81.54,0.036913393692253715,0.005983305358861135,0.001031658459447526,0.0,0.0,0.035228844991808825,98
81.56,0.03692467440567301,0.005980266567495554,0.0010316945365695912,0.0,0.0,0.035238698532081364,98
81.58,0.036936064717386724,0.0059771779859984055,0.0010317319523807285,0.0,0.0,0.03524867216113191,98
81.60000000000001,0.036947558332869376,0.005974051949680134,0.0010317691370363142,0.0,0.0,0.03525875977098997,98
81.62,0.03695914855541484,0.005970891366115534,0.00103180494902655,0.0,0.0,0.035268954855918605,98
81.64,0.03697082834143844,0.0059677376021487925,0.0010318425990095159,0.0,0.0,0.03527925056783952,98
81.66,0.03698259035191672,0.00596479925317586,0.0010319146636509683,0.0,0.0,0.035289639767864936,98
81.68,0.03699442699864805,0.005961810588035441,0.0010320033203540593,0.0,0.0,0.03530011507262569,98
81.7,0.037006498124490396,0.005958771763574373,0.001032089510300845,0.0,0.0,0.03531066889446305,98
81.72,0.037018933565310164,0.005955682995083902,0.0010321739618596277,0.0,0.0,0.03532129347494624,98
81.74,0.03703141911101964,0.0059525443881563965,0.0010322573885309739,0.0,0.0,0.03533198091156503,98
81.76,0.037043946511353266,0.005949356124306927,0.001032338992874491,0.0,0.0,0.03534272317781229,98
81.78,0.037056507401096096,0.005947254907998103,0.0010324207637276948,0.0,0.0,0.035353512137194225,98
81.8,0.03706909330872705,0.0059457773176536735,0.00103250079671512,0.0,0.0,0.03536433955197972,98
81.82000000000001,0.03708169566078348,0.005944238432330249,0.0010325827945514767,0.0,0.0,0.035375197087709406,98
81.84,0.037094305783102716,0.00594263894566581,0.001032663507021522,0.0,0.0,0.035386076314627514,98
81.86,0.03710691490016622,0.0059418172995393415,0.0010327423633180635,0.0,0.0,0.03539696870726713,98
81.88,0.03711951413376853,0.005941113849752115,0.0010328203328985929,0.0,0.0,0.03540786564341495,98
81.9,0.03713230850260816,0.0059403439993776395,0.0010328975090548383,0.0,0.0,0.035418758403603964,99
81.92,0.03714536562027217,0.005939507856690188,0.0010329768021461376,0.0,0.0,0.03542963817213872,99
81.94,0.037158384915610916,0.005938606652943451,0.0010330711500626012,0.0,0.0,0.03544049604045822,99
81.96000000000001,0.03717135710999333,0.005938116400969142,0.001033164297296282,0.0,0.0,0.035451323013396374,99
81.98,0.03718427283941301,0.005938516655527945,0.0010332552478115966,0.0,0.0,0.03546211001862843,99
82.0,0.03719712266654362,0.005938848359688245,0.0010333442726890227,0.0,0.0,0.03547284791930997,99
82.02,0.03720989709569706,0.005939111770428915,0.0010334329896061212,0.0,0.0,0.035483614625047365,100
82.04,0.03722258659018746,0.005939308458878822,0.0010335208647251231,0.0,0.0,0.035494637445976855,100
82.06,0.037235181591408824,0.005939437718629107,0.0010336097705237496,0.0,0.0,0.03550558309962947,100
82.08,0.03724767253879961,0.005939499542489493,0.0010336979956577638,0.0,0.0,0.03551644237778503,100
82.10000000000001,0.03726005313259097,0.005939494233595581,0.0010337848223226746,0.0,0.0,0.03552720610217864,100
82.12,0.037272318360512924,0.005939422106222724,0.001033869887795959,0.0,0.0,0.0355378651441267,100
82.14,0.03728445110176736,0.005939284316160313,0.0010339530119818916,0.0,0.0,0.035548410442449704,100
82.16,0.03729644197550408,0.005939688308388028,0.0010340352713645857,0.0,0.0,0.03555883301903656,100
82.18,0.03730828168268255,0.005940859322768138,0.001034115834040551,0.0,0.0,0.03556912399159784,100
82.2,0.037319961015339194,0.005941961628464059,0.0010341948921616174,0.0,0.0,0.03557927458339269,99
82.22,0.03733180984471277,0.005942995819640702,0.0010342748036664602,0.0,0.0,0.03558927612997078,99
82.24,0.037343616548511295,0.005943962436081096,0.001034352702527138,0.0,0.0,0.03559912008322174,99
82.26,0.037355235208808485,0.005944861397047371,0.0010344290081596508,0.0,0.0,0.03560879801325606,99
82.28,0.03736673780963293,0.005945693083050121,0.0010345057353588238,0.0,0.0,0.03561830160882784,99
82.3,0.037378348477543774,0.005946457887451967,0.0010345819723640343,0.0,0.0,0.035627622677142715,99
82.32000000000001,0.03738975041765602,0.00594715620862193,0.001034657202548003,0.0,0.0,0.0356367531439581,99
82.34,0.03740093523671656,0.005947790745779207,0.001034732150698955,0.0,0.0,0.035645685054874136,99
82.36,0.03741189464991162,0.005948367672908934,0.0010348054406655576,0.0,0.0,0.035654410578634686,99
82.38,0.03742262048655715,0.005948879475296023,0.0010348780423607895,0.0,0.0,0.03566292201310996,99
82.4,0.03743310469893955,0.005949326771720688,0.0010349494096572067,0.0,0.0,0.03567121179443506,99
82.42,0.037443339374542195,0.005949709721844795,0.0010350207343202068,0.0,0.0,0.0356792725095423,99
82.44,0.037453316751641964,0.005950028967298154,0.0010350922459662257,0.0,0.0,0.0356870969120728,99
82.46000000000001,0.03746302923801237,0.005950285299082585,0.0010351651636271496,0.0,0.0,0.035694677941405725,99
82.48,0.03747246943224616,0.005950478706537662,0.0010352379687821858,0.0,0.0,0.03570200874431826,99
82.5,0.03748163014702771,0.005950609682575093,0.0010353098718890203,0.0,0.0,0.035709082698607626,99
82.52,0.03749044885310297,0.00595067876949774,0.0010353814065798576,0.0,0.0,0.035715837891005214,99
82.54,0.03749896285959884,0.005950686527590824,0.0010354526660265207,0.0,0.0,0.035722312207627664,99
82.56,0.037507177410442495,0.005950633391383481,0.0010355230743189943,0.0,0.0,0.03572851150420167,99
82.58,0.03751508641735519,0.005950519902167072,0.0010355921662903794,0.0,0.0,0.035734430328989174,99
82.60000000000001,0.037522684122525796,0.0059503465935810546,0.0010356594913834912,0.0,0.0,0.0357403949724205,99
82.62,0.03752996511631051,0.005950114006202503,0.001035727531176168,0.0,0.0,0.03574625187598191,99
82.64,0.037536924351681766,0.005949822692207893,0.0010357949142756654,0.0,0.0,0.035751813656873695,99
82.66,0.03754355715512403,0.005949473233380817,0.0010358628877543245,0.0,0.0,0.03575707635578389,99
82.68,0.03754985923383129,0.005950201717024369,0.001035930595561923,0.0,0.0,0.035762036414641,98
82.7,0.03755582667920524,0.0059511620952221395,0.0010359966581666234,0.0,0.0,0.035766690680616955,98
82.72,0.03756145596677887,0.005952062543568066,0.0010360609148791049,0.0,0.0,0.03577103640657469,99
82.74,0.037566743952792366,0.0059529036285873,0.001036123316052598,0.0,0.0,0.0357750712481888,99
82.76,0.03757168786772463,0.005953685917252295,0.0010361846106496197,0.0,0.0,0.03577879325804419,100
82.78,0.03757628530713673,0.005954410275224234,0.0010362451180393742,0.0,0.0,0.035782200877070534,100
82.8,0.03758053422021202,0.005955076999458896,0.001036304306659729,0.0,0.0,0.035785292923699315,100
82.82000000000001,0.03758443289638815,0.005955686974940398,0.0010363616993606048,0.0,0.0,0.03578806858114014,100
82.84,0.037587979950468885,0.005956240680855116,0.001036419298684587,0.0,0.0,0.03579052738316613,100
82.86,0.03759117430658485,0.005956738470425624,0.0010364760980817321,0.0,0.0,0.03579266919877928,100
82.88,0.037594015181343574,0.005957181491736302,0.0010365312979390413,0.0,0.0,0.03579449421609782,101
82.9,0.03759650206647547,0.005957582559544479,0.0010365852793811495,0.0,0.0,0.03579600292577448,101
82.92,0.03759863471124525,0.005957938283337144,0.00103663892559833,0.0,0.0,0.03579719610421617,101
82.94,0.0376004131048595,0.0059582404238468665,0.0010366919577424081,0.0,0.0,0.03579807479683862,101
82.96000000000001,0.037601815871769806,0.005958489527651196,0.0010367378618233703,0.0,0.0,0.03579862421868874,101
82.98,0.037602820458766645,0.005958686069925786,0.001036770997843233,0.0,0.0,0.0357988287796222,101
83.0,0.03760347199528081,0.005958830838436747,0.0010368024691048967,0.0,0.0,0.035798723398869116,101
83.02,0.037603771716806296,0.005958924394620839,0.001036832686874605,0.0,0.0,0.03579854967334034,101
83.04,0.03760372523501427,0.005958967134626273,0.0010368615763371501,0.0,0.0,0.0357983347694155,101
83.06,0.0376033285306647,0.005958979892116386,0.0010368889908008308,0.0,0.0,0.035797815925450546,101
83.08,0.0376027702054641,0.005958947895910918,0.0010369145715857701,0.0,0.0,0.03579699563744582,101
83.10000000000001,0.037602160385645775,0.005958867265155428,0.0010369383118406762,0.0,0.0,0.035795876554509456,101
83.12,0.03760116549030977,0.005958739245493116,0.0010369691757379643,0.0,0.0,0.035794406581410365,101
83.14,0.03759980674660679,0.005958573701876701,0.001037002932433875,0.0,0.0,0.035792621609749053,101
83.16,0.037598104359111977,0.005958369734218693,0.0010370361023392036,0.0,0.0,0.03579054668941505,101
83.18,0.03759605999830647,0.005958118589817652,0.0010370676139570716,0.0,0.0,0.035788184977459794,101
83.2,0.03759367539491729,0.005957820798527791,0.001037097717075598,0.0,0.0,0.035785539735724875,102
83.22,0.037590952330815816,0.005957476864604901,0.0010371267791032947,0.0,0.0,0.03578261432337058,102
83.24,0.03758789263050497,0.005957087279369118,0.0010371540922715044,0.0,0.0,0.035779412190071525,103
83.26,0.03758449815315976,0.005956652548794114,0.0010371795915129537,0.0,0.0,0.035775936869847806,103
83.28,0.03758077078518583,0.005956173155916732,0.0010372032129112002,0.0,0.0,0.03577219197550047,103
83.3,0.037576712433260696,0.00595564974065871,0.0010372278122245553,0.0,0.0,0.0357681811936202,103
83.32000000000001,0.037572325017822567,0.0059550826676006575,0.0010372510600944042,0.0,0.0,0.03576390828013889,103
83.34,0.037567610466972684,0.005954472789966054,0.0010372727678907472,0.0,0.0,0.03575948782752434,103
83.36,0.0375625707107587,0.005953820650837605,0.001037292655625752,0.0,0.0,0.035755132507124435,103
83.38,0.03755720612629102,0.00595312619253253,0.0010373111991079159,0.0,0.0,0.03575052482220382,103
83.4,0.03755143100251671,0.0059523898628503265,0.0010373293530761298,0.0,0.0,0.0357455807999805,103
83.42,0.037545336460924346,0.005951612078624463,0.0010373465834991732,0.0,0.0,0.03574039405642093,103
83.44,0.03753892438893922,0.005950793272645737,0.0010373633064275367,0.0,0.0,0.035734968695413594,103
83.46000000000001,0.03753219665199828,0.005949933931629597,0.0010373784312912066,0.0,0.0,0.03572930887201951,103
83.48,0.037525155089501175,0.00594903441457337,0.0010373917689022489,0.0,0.0,0.035723464767981467,103
83.5,0.03751780151095002,0.005949116344266902,0.0010374035340725322,0.0,0.0,0.03571785826045394,103
83.52,0.03751013769225578,0.005949587464331906,0.0010374144586723648,0.0,0.0,0.03571202958472284,103
83.54,0.037502165372190276,0.00595001577120779,0.00103747086280148,0.0,0.0,0.035706444102642475,103
83.56,0.037493886248964846,0.0059504015327486465,0.0010375304360862795,0.0,0.0,0.03570071292868619,103
83.58,0.037485301976916914,0.005950745264484287,0.0010375881360394287,0.0,0.0,0.03569477219342928,103
83.60000000000001,0.03747641416328714,0.005951047203806686,0.0010376439471539438,0.0,0.0,0.035688626399235104,103
83.62,0.03746721013672028,0.005951327676627413,0.0010376978873243479,0.0,0.0,0.03568226579565612,102
83.64,0.0374576097048555,0.005951576694059589,0.0010377501834254572,0.0,0.0,0.035675612986499274,102
83.66,0.03744765486523408,0.005951784859987799,0.0010378002668409252,0.0,0.0,0.03566871003594973,102
83.68,0.03743740751524513,0.005951997413292494,0.001037848657499414,0.0,0.0,0.03566162076713495,103
83.7,0.03742686409065954,0.005952548266157856,0.0010378951657255705,0.0,0.0,0.03565434995592558,103
83.72,0.03741602585164229,0.005953057204748066,0.0010379397122656738,0.0,0.0,0.035646902438886664,103
83.74,0.03740499383461316,0.005953524481347341,0.0010379834837020976,0.0,0.0,0.03563925285653974,103
83.76,0.037394085373393705,0.005953950844020304,0.0010380266234008,0.0,0.0,0.035631400522997944,103
83.78,0.037382884701800234,0.005954336278374658,0.0010380678669720254,0.0,0.0,0.03562338642842429,103
83.8,0.03737139278851333,0.00595468097741209,0.0010381071494364534,0.0,0.0,0.03561521568010679,103
83.82000000000001,0.03735961052159245,0.005954985503370457,0.0010381453004873029,0.0,0.0,0.03560689346111134,103
83.84,0.03734823815603723,0.00595524990089426,0.0010381822203977655,0.0,0.0,0.035598425033987,102
83.86,0.03733730282826875,0.005955474411420546,0.0010382178218498314,0.0,0.0,0.03558981574469485,102
83.88,0.03732671387082633,0.005955659300261217,0.0010382529597542435,0.0,0.0,0.03558107102675641,102
83.9,0.037316839585900645,0.0059558073866882956,0.001038286188931238,0.0,0.0,0.03557219640561745,102
83.92,0.03730677489744412,0.005955945351937211,0.0010383174875144043,0.0,0.0,0.03556319750322126,102
83.94,0.03729652357672109,0.005956044392234755,0.0010383476976474286,0.0,0.0,0.035554080042784285,102
83.96000000000001,0.037286089435630144,0.00595610487302726,0.001038376349675159,0.0,0.0,0.03554484985376461,102
83.98,0.0372754763291009,0.0059561279009689525,0.0010384032586467293,0.0,0.0,0.03553551287701173,102
84.0,0.03726468815753942,0.005956112938791942,0.001038428332101261,0.0,0.0,0.035526075170083105,102
84.02,0.03725402453014555,0.005956060024857746,0.0010384514598622743,0.0,0.0,0.03551654291270909,102
84.04,0.03724426031752166,0.005955969490944997,0.0010384726031479096,0.0,0.0,0.03550686637435513,102
84.06,0.037234342956229884,0.005955841498513777,0.001038491830836014,0.0,0.0,0.03549707524285191,102
84.08,0.03722431088861102,0.005955676169748823,0.001038510326379098,0.0,0.0,0.03548720900469217,102
84.10000000000001,0.03721416976791778,0.0059554736415660765,0.0010385269429167585,0.0,0.0,0.03547727438492354,102
84.12,0.037203925368540454,0.005955233797248973,0.0010385417830214001,0.0,0.0,0.03546727825934948,102
84.14,0.037193583590552554,0.005954956873817223,0.001038573895747981,0.0,0.0,0.03545757219428489,101
84.16,0.0371831504640593,0.005954642885152617,0.0010386210568936799,0.0,0.0,0.035447965855971285,100
84.18,0.037172632153267174,0.005954291924732016,0.001038666157078353,0.0,0.0,0.035438319056454844,100
84.2,0.03716203496018192,0.005953904090898713,0.0010387092099459925,0.0,0.0,0.035428639329377315,100
84.22,0.03715136532782569,0.005953479460762625,0.0010387502009263686,0.0,0.0,0.03541893438531183,100
84.24,0.037140629842849035,0.005953018103501298,0.001038789387059371,0.0,0.0,0.03540921211581482,100
84.26,0.03712983523739526,0.005952520249249094,0.0010388268410181274,0.0,0.0,0.03539948059679991,100
84.28,0.03711898839005416,0.0059519877350754395,0.0010388624522366433,0.0,0.0,0.03538974809107485,99
84.3,0.0371080963257229,0.005951423612549499,0.0010388960706366728,0.0,0.0,0.03538002304986294,99
84.32000000000001,0.03709716621416727,0.00595082299143196,0.0010389277724873567,0.0,0.0,0.035370314113105955,99
84.34,0.0370862053670549,0.00595018595150269,0.0010389574092753626,0.0,0.0,0.035360630108324444,99
84.36,0.03707536538901778,0.005949512343358575,0.0010389850606538063,0.0,0.0,0.035350980047786126,99
84.38,0.03706485159489788,0.005950024929665842,0.0010390108569490407,0.0,0.0,0.035341373123709295,99
84.4,0.037054329132545784,0.005950949539370152,0.0010390346061659908,0.0,0.0,0.035331818701206046,99
84.42,0.03704380581199412,0.005951832856090802,0.0010390562975115545,0.0,0.0,0.035322326308648046,99
84.44,0.03703328953774051,0.005952674881608911,0.0010390759178361359,0.0,0.0,0.035312905625120565,98
84.46000000000001,0.03702272110621933,0.005953475378318105,0.0010390935593903375,0.0,0.0,0.03530349920188609,98
84.48,0.03701217118226354,0.005954234228224883,0.0010391091726632607,0.0,0.0,0.03529417967250441,98
84.5,0.03700165245257225,0.005954951235365799,0.0010391226928639335,0.0,0.0,0.03528496168754979,98
84.52,0.03699137575212796,0.0059556440901364594,0.0010391438337640849,0.0,0.0,0.03527585533304658,98
84.54,0.03698234414444793,0.005956584026299791,0.0010391943395485093,0.0,0.0,0.03526687072718546,97
84.56,0.03697340984654222,0.005957480697286948,0.00103924263047334,0.0,0.0,0.03525801798319112,97
84.58,0.03696510888596936,0.005958334106503713,0.0010392887072227992,0.0,0.0,0.03524930716714046,97
84.60000000000001,0.03695700550086207,0.005959143787577524,0.0010393326815326394,0.0,0.0,0.035240748250628326,97
84.62,0.03694902591072353,0.005959910146269925,0.0010393746077312588,0.0,0.0,0.03523235105829015,97
84.64,0.03694112324139834,0.0059606323314594575,0.0010394151916405315,0.0,0.0,0.03522406947368789,97
84.66,0.03693328715196109,0.005961310363641442,0.001039454098538038,0.0,0.0,0.03521617676281877,97
84.68,0.036925570723394543,0.005961943467877153,0.0010394908200320517,0.0,0.0,0.03520863376652339,97
84.7,0.03691801112110995,0.005962531368065111,0.0010395478660675452,0.0,0.0,0.035201288802047634,96
84.72,0.03691061548233305,0.005963073791426222,0.001039635656411225,0.0,0.0,0.03519415000803052,96
84.74,0.036903390365417656,0.0059648839176494805,0.0010397215277970653,0.0,0.0,0.03518722497313083,96
84.76,0.03689634167393776,0.005966804759428842,0.0010398052960225947,0.0,0.0,0.03518052066159399,96
84.78,0.03688947458183973,0.005968675014982853,0.0010398869506557786,0.0,0.0,0.03517404333996313,96
84.8,0.03688279508007023,0.005970494407340686,0.0010399665378927605,0.0,0.0,0.03516779850649601,96
84.82000000000001,0.036876315262244636,0.00597226245030128,0.0010400442536499573,0.0,0.0,0.035161790824923635,96
84.84,0.03687002756504886,0.005973978807079206,0.0010401207156898711,0.0,0.0,0.0351560305028151,96
84.86,0.03686393357317453,0.005975643142759647,0.0010402145918627511,0.0,0.0,0.03515104293564776,96
84.88,0.03685803383941605,0.005977255303211721,0.00104031810773206,0.0,0.0,0.035146300374344054,96
84.9,0.03685232784943398,0.00597881483012566,0.0010404216670346163,0.0,0.0,0.03514180362574541,96
84.92,0.03684681399784811,0.005980321358210296,0.0010405288834364175,0.0,0.0,0.03513755245050219,96
84.94,0.03684149281183239,0.0059817746333446185,0.0010406340755042256,0.0,0.0,0.03513354555327611,96
84.96000000000001,0.0368363701301986,0.005983174358461084,0.001040737289415573,0.0,0.0,0.03512978058546475,96
84.98,0.03683143434138582,0.005984520194374506,0.0010408388638952655,0.0,0.0,0.03512625416053256,96
85.0,0.0368266284006766,0.005985812053345994,0.0010409249589334898,0.0,0.0,0.035122923075633763,96
85.02,0.0368219155659135,0.005987049728064898,0.0010409855397341312,0.0,0.0,0.03511975632269422,96
85.04,0.036817362797153835,0.0059882326648665034,0.0010410622098315015,0.0,0.0,0.03511700463809125,96
85.06,0.03681296121110911,0.005989360650395075,0.0010411532106706243,0.0,0.0,0.03511472681028198,96
85.08,0.036809227670607444,0.0059904334916737,0.001041242705775863,0.0,0.0,0.035112656017489335,96
85.10000000000001,0.03680570901006282,0.005991451247178173,0.0010413306790563572,0.0,0.0,0.03511078361149392,96
85.12,0.0368023092689317,0.005992414077198455,0.0010414171449582043,0.0,0.0,0.03510910031390142,96
85.14,0.036799016631371105,0.005993321462374746,0.0010415325257559322,0.0,0.0,0.035107596303849374,96
85.16,0.03679639197912623,0.005994173133786192,0.001041652356956151,0.0,0.0,0.03510626130882833,96
85.18,0.03679388612226329,0.005994969005740588,0.0010417710310286182,0.0,0.0,0.035105084697077675,96
85.2,0.03679144834677602,0.005995709013419197,0.0010418883753500869,0.0,0.0,0.03510405557001342,96
85.22,0.036789065291801044,0.005996393179820737,0.0010420224919391737,0.0,0.0,0.03510319899897119,96
85.24,0.03678673116223779,0.005997021588923646,0.0010421697460871095,0.0,0.0,0.03510294463573314,96
85.26,0.036784962790828546,0.005997594200185366,0.001042315715348656,0.0,0.0,0.03510280386880736,96
85.28,0.036783207617381894,0.005998110932175633,0.0010424602341410512,0.0,0.0,0.03510276560546908,96
85.3,0.036781452073543365,0.0059985719139472185,0.0010426036661317513,0.0,0.0,0.035102818897700394,95
85.32000000000001,0.03677968270741466,0.005998977198415232,0.0010427457935117234,0.0,0.0,0.035102953005447905,95
85.34,0.0367778862345805,0.0059993289898069005,0.0010428864770243977,0.0,0.0,0.035103157451308334,95
85.36,0.0367760495797934,0.0059996290256118774,0.0010430260761199,0.0,0.0,0.035103422066125385,95
85.38,0.0367741599090584,0.005999873405886955,0.0010431643328043226,0.0,0.0,0.03510373702524807,95
85.4,0.03677329716356435,0.006000062228788172,0.0010433012344587943,0.0,0.0,0.03510409287547881,95
85.42,0.03677268657072926,0.006000195603130089,0.00104343672102675,0.0,0.0,0.03510448055301905,95
85.44,0.03677202897325182,0.006000273964350484,0.0010435708288164544,0.0,0.0,0.035104891392987725,95
85.46000000000001,0.0367713140902658,0.00600029750415467,0.0010437035234483417,0.0,0.0,0.03510531713133609,95
85.48,0.036770531969808555,0.006000265982093792,0.001043834854030908,0.0,0.0,0.03510574990019452,95
85.5,0.03676959713636684,0.006000179508730147,0.0010439654361739353,0.0,0.0,0.03510610022835092,94
85.52,0.03676856163377125,0.006000038187207766,0.0010440947443100448,0.0,0.0,0.035106422576034205,94
85.54,0.036767356414188636,0.005999842174082494,0.0010442254475746845,0.0,0.0,0.0351066473228298,94
85.56,0.036766010667486256,0.005999591714312466,0.0010443561112704477,0.0,0.0,0.03510681050091947,94
85.58,0.03676455275866622,0.005999287097549747,0.0010444852732316363,0.0,0.0,0.035106947277045025,94
85.60000000000001,0.03676297433580725,0.006000599979310729,0.0010446129851386578,0.0,0.0,0.03510705185731123,94
85.62,0.03676126724427968,0.006002082275333818,0.0010447392941100545,0.0,0.0,0.035107118737551686,94
85.64,0.03675942351206401,0.006003504834514131,0.0010448641182832143,0.0,0.0,0.035107142692875876,94
85.66,0.03675743533894233,0.006004867778225696,0.0010449874219517284,0.0,0.0,0.035107118771233375,94
85.68,0.03675548952148901,0.006006171231663801,0.0010451091984603153,0.0,0.0,0.03510704229137235,94
85.7,0.03675448061332926,0.0060074153270294976,0.0010452294484400446,0.0,0.0,0.03510690884529841,94
85.72,0.03675431763525609,0.006008600201365799,0.0010453482035540688,0.0,0.0,0.03510671430507916,94
85.74,0.03675397629516038,0.006009725996365926,0.0010454651903876414,0.0,0.0,0.03510639199734951,94
85.76,0.03675351216042034,0.006010792849805011,0.001045580619953875,0.0,0.0,0.035105998114555684,94
85.78,0.03675292394742307,0.006011801016976388,0.0010456944855993914,0.0,0.0,0.0351055326148714,94
85.8,0.03675220663272597,0.006012750628521825,0.001045806783034616,0.0,0.0,0.03510499178376359,94
85.82000000000001,0.03675126954073682,0.006013641788316853,0.001045917823425405,0.0,0.0,0.035104285895847416,94
85.84,0.03675019690580565,0.006014474604972316,0.0010460273172300093,0.0,0.0,0.03510350098706354,94
85.86,0.03674898555403322,0.0060152492388606425,0.0010461352833507638,0.0,0.0,0.03510263532211044,94
85.88,0.03674763267970397,0.0060159802941509325,0.0010462416543779017,0.0,0.0,0.03510168757937569,94
85.9,0.03674613585764954,0.006016671000296216,0.0010463464235802573,0.0,0.0,0.035100656865200926,94
85.92,0.03674449305260301,0.006017303911494755,0.0010464496843934988,0.0,0.0,0.03509954272521131,94
85.94,0.03674270262510279,0.0060178791806494636,0.0010465514010450207,0.0,0.0,0.035098345152273246,94
85.96000000000001,0.03674076333362414,0.006018396975248048,0.0010466515282170556,0.0,0.0,0.03509706459076257,94
85.98,0.03673867433272126,0.006018857462338865,0.0010467500429024825,0.0,0.0,0.03509570193693187,94
86.0,0.03673715141547901,0.006019260818948022,0.0010468469490539293,0.0,0.0,0.035094258535255524,94
86.02,0.03673582859629565,0.006019607311380961,0.0010469422800294314,0.0,0.0,0.03509273617070369,93
86.04,0.03673438431269139,0.0060198970196251155,0.0010470359878867485,0.0,0.0,0.035091137056949384,93
86.06,0.03673282005484784,0.006020130030805425,0.001047128071080054,0.0,0.0,0.035089463820549435,93
86.08,0.03673113766982897,0.006020306488714319,0.001047218505666782,0.0,0.0,0.03508771948116072,93
86.10000000000001,0.03672933933646766,0.006020426526677177,0.0010473072887529486,0.0,0.0,0.03508590742786474,93
86.12,0.036727427536374764,0.006020490313999055,0.0010473944187515875,0.0,0.0,0.03508403139167644,93
86.14,0.036725405021144485,0.006020497947162349,0.0010474799485875102,0.0,0.0,0.03508209541431577,93
86.16,0.03672359109267552,0.0060204495211855676,0.0010475640122762397,0.0,0.0,0.03508010381332357,93
86.18,0.03672185158839716,0.0060203451394658936,0.0010476467067436954,0.0,0.0,0.03507806114361496,93
86.2,0.036720010185985946,0.006020194197963356,0.0010477277728499052,0.0,0.0,0.03507597215558326,94
86.22,0.03671807031631689,0.0060200340362812615,0.0010478072291123478,0.0,0.0,0.03507384174990322,94
86.24,0.03671603546255439,0.006019824742246835,0.0010478854114311876,0.0,0.0,0.03507167492923188,94
86.26,0.036713909106962456,0.006019559748188918,0.001047961913564,0.0,0.0,0.03506947674707427,95
86.28,0.03671169467513301,0.006019239114720827,0.0010480371324000867,0.0,0.0,0.03506725225416593,95
86.3,0.0367093954780815,0.00601886289092031,0.0010481117759326686,0.0,0.0,0.035065006442826965,95
86.32000000000001,0.036707014652774594,0.006019261712029787,0.001048189532131096,0.0,0.0,0.035062744189858185,95
86.34,0.03670455510177995,0.006020192701424372,0.0010482656716380681,0.0,0.0,0.03506047019867494,95
86.36,0.036702019432857266,0.0060210645407222235,0.0010483401991669685,0.0,0.0,0.035058188941504045,95
86.38,0.03669940989943566,0.006021877236379542,0.0010484130228602226,0.0,0.0,0.03505590460259504,95
86.4,0.03669672834303641,0.006023720274850804,0.0010484841063283722,0.0,0.0,0.03505362102351109,96
86.42,0.036693976138792446,0.006025931113825239,0.0010485537175306118,0.0,0.0,0.03505134165165782,96
86.44,0.03669115414527988,0.006028076017707907,0.0010486216754157336,0.0,0.0,0.03504906949327185,97
86.46000000000001,0.03668827389921448,0.006030155008746849,0.0010486883733236243,0.0,0.0,0.035046807072115,97
86.48,0.03668532505924791,0.006032168124901609,0.001048753612095825,0.0,0.0,0.035044556395098146,97
86.5,0.03668264272000904,0.006034123020759239,0.0010488171050559159,0.0,0.0,0.03504231892598622,97
86.52,0.036679960759420885,0.00603603520998013,0.0010488789373978233,0.0,0.0,0.035040095568207676,97
86.54,0.03667721076308466,0.006037881541269894,0.0010489395475943406,0.0,0.0,0.035037886657611775,97
86.56,0.03667481422907811,0.006039662029839917,0.0010489983476912128,0.0,0.0,0.03503569196578557,97
86.58,0.036672547888778564,0.006041376759722619,0.0010490553314071113,0.0,0.0,0.03503351071426918,97
86.60000000000001,0.03667020306409037,0.006043025787061111,0.001049110923723949,0.0,0.0,0.03503134159970185,97
86.62,0.036667774596903055,0.0060446093103434205,0.0010491648134797543,0.0,0.0,0.03502918282960543,97
86.64,0.0366652572951399,0.0060461351570645135,0.0010492168452600169,0.0,0.0,0.03502703216818209,97
86.66,0.03666264546053265,0.0060476186156698175,0.0010492670071949812,0.0,0.0,0.03502488699118419,97
86.68,0.03666111949193637,0.006049036506053906,0.0010493449159796463,0.0,0.0,0.035022744348624076,96
86.7,0.0366597309209143,0.0060503889175877006,0.0010494296549313099,0.0,0.0,0.035020601033844634,95
86.72,0.036658695107041006,0.006051675953312666,0.0010495209099639607,0.0,0.0,0.035018453657281894,95
86.74,0.03665777164675521,0.006053125882379111,0.0010496312750102816,0.0,0.0,0.035016298723128156,95
86.76,0.036656765583081036,0.006054738835448049,0.0010497396358190468,0.0,0.0,0.03501413270705509,95
86.78,0.0366566083255543,0.006056284085613313,0.0010498459828153957,0.0,0.0,0.03501195213318185,95
86.8,0.03665707529886655,0.006057761676903575,0.001049950311151491,0.0,0.0,0.03500998754799222,95
86.82000000000001,0.03665749910497734,0.006059171851839522,0.0010500526275106284,0.0,0.0,0.03500831747390663,95
86.84,0.036657871593664806,0.00606051482180569,0.001050152903830073,0.0,0.0,0.0350066228527292,95
86.86,0.036658189434210134,0.006061790892397467,0.0010502511307440255,0.0,0.0,0.03500490110022107,95
86.88,0.03665844963841275,0.006063000234707226,0.0010503473001006777,0.0,0.0,0.03500315000035763,95
86.9,0.03665864960277557,0.006064143246708492,0.001050441407295339,0.0,0.0,0.035001367748607896,95
86.92,0.03665878714237087,0.006065220061321289,0.0010505334558459055,0.0,0.0,0.03499955298694488,95
86.94,0.03665886051628004,0.006066230968665907,0.0010506242652895187,0.0,0.0,0.03499770483048318,96
86.96000000000001,0.03665886844469984,0.006067176255352032,0.0010507134706190246,0.0,0.0,0.03499582288583805,96
86.98,0.03665881011796904,0.006068056393662905,0.0010508005815135922,0.0,0.0,0.034993907261463,96
87.0,0.03665868519789521,0.006068871521604665,0.00105088563777254,0.0,0.0,0.03499195857034759,96
87.02,0.036658493811849796,0.006069621947931393,0.0010509690446447086,0.0,0.0,0.03498997792554709,96
87.04,0.03665823654015827,0.006071249875350585,0.0010510503302576016,0.0,0.0,0.034987966929073445,96
87.06,0.036657914397342416,0.006072947935588122,0.001051144082964735,0.0,0.0,0.034985927654707774,96
87.08,0.03665752880778367,0.006074577397860458,0.001051252536973005,0.0,0.0,0.034983862625306644,96
87.10000000000001,0.03665708157637302,0.006076138356497819,0.001051358821960549,0.0,0.0,0.03498177478517109,96
87.12,0.036656563737031335,0.006077631035042694,0.0010514629073537422,0.0,0.0,0.0349796564285277,96
87.14,0.036655931678449674,0.006079055652293096,0.0010515646950571434,0.0,0.0,0.0349774654946989,96
87.16,0.03665524538199886,0.006080412489269833,0.0010516642968520491,0.0,0.0,0.03497526283729941,96
87.18,0.036654507799973216,0.006081701790167858,0.0010517617633150596,0.0,0.0,0.03497305273061218,96
87.2,0.03665372206225157,0.0060829236469409015,0.0010518570325067128,0.0,0.0,0.03497083967730133,96
87.22,0.03665289691597734,0.006084078255352866,0.0010519500810247634,0.0,0.0,0.03496862836253305,96
87.24,0.036652030618490025,0.0060851658034355655,0.0010520409021513308,0.0,0.0,0.034966695215684976,96
87.26,0.036651126168636666,0.006086186470999357,0.0010521307184484681,0.0,0.0,0.034965023280248586,96
87.28,0.03665018691547605,0.006087140429249934,0.0010522582038762893,0.0,0.0,0.034963367072820925,96
87.3,0.03664921613749578,0.0060880278405115095,0.0010523845503210276,0.0,0.0,0.03496173153390518,96
87.32000000000001,0.036648216993384906,0.006088848938236513,0.001052511875820128,0.0,0.0,0.03496012155028476,96
87.34,0.036647192474119204,0.006089603936943537,0.0010526367601709215,0.0,0.0,0.034958541910015184,96
87.36,0.03664614535678123,0.00609029283088706,0.001052759199968265,0.0,0.0,0.03495699725926175,96
87.38,0.03664507816046326,0.006090915760521311,0.0010528791928790028,0.0,0.0,0.034955492061329106,96
87.4,0.03664399310450547,0.006091472834724448,0.0010529967597961494,0.0,0.0,0.03495403055813398,96
87.42,0.03664400131302281,0.006091964145972275,0.0010531118988481893,0.0,0.0,0.03495261673426197,96
87.44,0.036644464450039486,0.006092389795213076,0.0010532256517960222,0.0,0.0,0.03495117882484907,96
87.46000000000001,0.03664496749181672,0.006092749860008464,0.0010533370123101788,0.0,0.0,0.03494979327611218,96
87.48,0.036645515598415224,0.0060930445075772065,0.0010534459607033748,0.0,0.0,0.034948603117575625,96
87.5,0.036646111080178026,0.00609327378745417,0.0010535525023629675,0.0,0.0,0.03494779218871605,96
87.52,0.0366467558374092,0.006093437722599906,0.0010536566510700527,0.0,0.0,0.03494704342516021,96
87.54,0.03664745133690694,0.006093536382762672,0.0010537583859596207,0.0,0.0,0.03494635865068011,96
87.56,0.03664819858972283,0.006093569974364046,0.0010538577255673983,0.0,0.0,0.034945739243074786,96
87.58,0.03664899813003253,0.0060935388261704184,0.001053954700018274,0.0,0.0,0.034945186113353094,96
87.60000000000001,0.036649849995165386,0.006093442735040704,0.0010540493570696055,0.0,0.0,0.03494469968610042,96
87.62,0.0366507537070375,0.006093281821793328,0.0010541416824813097,0.0,0.0,0.03494459663831684,96
87.64,0.036651708255448764,0.006093055947103924,0.0010542317051440515,0.0,0.0,0.034944682221657905,96
87.66,0.0366527120839187,0.006092765183425861,0.001054319544324062,0.0,0.0,0.03494483227426172,95
87.68,0.03665376307892482,0.0060924096068708045,0.001054405248161027,0.0,0.0,0.03494536746705286,95
87.7,0.036654858563546416,0.0060919892560931796,0.0010544887900359138,0.0,0.0,0.034946392291343796,95
87.72,0.03665599529658832,0.006091504198750852,0.0010545701911469014,0.0,0.0,0.034947676978489675,95
87.74,0.036657169478241707,0.006090954522293985,0.0010546495441860055,0.0,0.0,0.03494901489705085,95
87.76,0.036658376763228875,0.006090340330233141,0.0010547268430785032,0.0,0.0,0.03495040218097433,95
87.78,0.03665961228217069,0.006089661689729158,0.0010548021274017728,0.0,0.0,0.03495183445477799,95
87.8,0.036660870671620764,0.006088918704635778,0.001054875447836136,0.0,0.0,0.0349533068643013,96
87.82000000000001,0.03666214611284402,0.006088111564101387,0.0010549468567466855,0.0,0.0,0.034954814116241434,96
87.84,0.036663432379007266,0.006087240467845413,0.0010550678688367203,0.0,0.0,0.034956350526140746,96
87.86,0.036664722890022115,0.006086305420990045,0.0010551876667264557,0.0,0.0,0.03495791007406539,96
87.88,0.03666601652845549,0.0060853065826339,0.0010553055442108102,0.0,0.0,0.034959486466805335,96
87.9,0.03666730642645048,0.0060842441029188505,0.001055421576247506,0.0,0.0,0.03496107320506545,95
87.92,0.03666857941990024,0.006083118165775376,0.0010555358083598717,0.0,0.0,0.034962663653832236,95
87.94,0.03666982817010726,0.006081928972410401,0.0010556482930139909,0.0,0.0,0.03496425111391169,95
87.96000000000001,0.03667104532233568,0.006080676768202339,0.001055759085426337,0.0,0.0,0.034965828892551495,96
87.98,0.036672223572414404,0.006079361758999491,0.0010558682389218345,0.0,0.0,0.034967390371089244,96
88.0,0.03667335572840531,0.0060779841844232005,0.0010559767023503941,0.0,0.0,0.03496892906769951,95
88.02,0.03667443476562976,0.006076544306481306,0.0010560841396452106,0.0,0.0,0.034970438693533876,95
88.04,0.03667545387364005,0.006075042431046033,0.0010561900876216409,0.0,0.0,0.03497191320084235,95
88.06,0.03667640649406526,0.00607347884130206,0.001056294578299677,0.0,0.0,0.034973346822006986,94
88.08,0.036677286348633556,0.006071853845892031,0.0010563977204002435,0.0,0.0,0.03497473409879229,94
88.10000000000001,0.03667808745705389,0.00607016774113325,0.0010564994629919707,0.0,0.0,0.03497606990149811,94
88.12,0.036678804144813414,0.006068420861986295,0.0010565998455028252,0.0,0.0,0.0349773494380743,94
88.14,0.03667943104129806,0.006066613548198396,0.0010566988853995486,0.0,0.0,0.034978568253607754,94
88.16,0.03667996306896221,0.006064746157221619,0.0010567966039355,0.0,0.0,0.03497972222091153,94
88.18,0.03668039542455366,0.006062819073001141,0.0010568930470199044,0.0,0.0,0.03498080752322564,94
88.2,0.03668072355363411,0.0060608326924820426,0.0010569882387462045,0.0,0.0,0.03498190205005459,94
88.22,0.03668094311982272,0.006058787377501259,0.0010570821791864807,0.0,0.0,0.03498327590760026,94
88.24,0.03668104997032523,0.006056737224241177,0.0010571748764550814,0.0,0.0,0.034984570612621904,94
88.26,0.036681040099392374,0.006054636041648503,0.0010572663526015468,0.0,0.0,0.03498578330683708,94
88.28,0.03668090961137492,0.006052477031021707,0.0010573566051084997,0.0,0.0,0.0349869112864419,94
88.3,0.036680654685006434,0.0060502606067458,0.0010574456429133146,0.0,0.0,0.0349879519682821,93
88.32000000000001,0.036680271540447174,0.006047987193171497,0.0010575334702653126,0.0,0.0,0.034988902858873766,93
88.34,0.036679756410463164,0.006045657213014994,0.0010576200916742715,0.0,0.0,0.034989761527651556,93
88.36,0.03667910551689674,0.00604327110313991,0.0010577055100939182,0.0,0.0,0.03499052558560381,93
88.38,0.036678315053315674,0.006040829315380312,0.0010577955904649623,0.0,0.0,0.0349911926701849,93
88.4,0.03667738117441772,0.006038332302631139,0.001057929570703412,0.0,0.0,0.034991760437083526,93
88.42,0.036676509974027424,0.006035780492231303,0.0010580622914105964,0.0,0.0,0.034992226559088895,93
88.44,0.0366766720434763,0.006033174333602257,0.0010581937436461998,0.0,0.0,0.03499258873195138,93
88.46000000000001,0.03667672216772722,0.006030514286826173,0.001058323928122092,0.0,0.0,0.034992844686799994,93
88.48,0.03667665791077599,0.006027800817093853,0.0010584528689822155,0.0,0.0,0.03499299220837725,93
88.5,0.03667647690876978,0.006025034394541955,0.0010585805459086797,0.0,0.0,0.034993029158097856,93
88.52,0.03667657067455975,0.006022215494057247,0.0010587069405833599,0.0,0.0,0.034992953500748984,92
88.54,0.03667667327519098,0.00601934612379172,0.0010588321877115505,0.0,0.0,0.03499269185184465,92
88.56,0.03667663474068256,0.00601644386582124,0.0010589561857228384,0.0,0.0,0.034992296601364214,92
88.58,0.036676975456819715,0.006013490805922196,0.0010590789071528214,0.0,0.0,0.03499178366216015,92
88.60000000000001,0.036677315574464006,0.006010487172482384,0.0010592003455970683,0.0,0.0,0.034991151706337334,92
88.62,0.036677526384054075,0.006007434918311789,0.0010593204776760297,0.0,0.0,0.0349903996519264,92
88.64,0.036677738069827485,0.0060043359031960826,0.0010594393072177407,0.0,0.0,0.03498952668492618,92
88.66,0.036678196595678676,0.006001187796238269,0.0010595568182830153,0.0,0.0,0.03498853227711602,92
88.68,0.03667852275282121,0.005997991117909338,0.001059673004150837,0.0,0.0,0.03498769506089709,92
88.7,0.03667871634453484,0.005994746389178502,0.0010597878585223402,0.0,0.0,0.03498702793877029,92
88.72,0.03667897924435775,0.005991454074864719,0.0010599013750856715,0.0,0.0,0.034986239024338575,93
88.74,0.036679383262173806,0.005988114696485991,0.0010600135475279302,0.0,0.0,0.03498532901268283,93
88.76,0.03667965529226581,0.005984728750264495,0.001060124385638335,0.0,0.0,0.034984298898991455,93
88.78,0.03667979632075871,0.005981296706379708,0.0010602338964696343,0.0,0.0,0.03498314996650235,93
88.8,0.03667979220338774,0.005977819063418941,0.0010603381472223518,0.0,0.0,0.03498187234860379,93
88.82000000000001,0.03667960808745327,0.005974296306685576,0.0010604280507799087,0.0,0.0,0.034980440874786134,93
88.84,0.036679297407204915,0.005970728901281063,0.0010605168907562397,0.0,0.0,0.03497889593489081,93
88.86,0.03667886207437028,0.0059671173357000945,0.0010606045498631588,0.0,0.0,0.03497723976222157,93
88.88,0.03667855887483566,0.00596346209544105,0.0010606909898583945,0.0,0.0,0.03497547475999131,93
88.9,0.03667835684293635,0.0059608228156261935,0.0010607761216840626,0.0,0.0,0.03497360346928663,93
88.92,0.03667803609932734,0.0059588260844788705,0.0010608707024347256,0.0,0.0,0.03497162853536218,93
88.94,0.036677599011428155,0.00595677556916291,0.0010609847345356966,0.0,0.0,0.03496955267276572,93
88.96000000000001,0.036677008559030264,0.005954671823144375,0.0010611050007786522,0.0,0.0,0.03496733181106365,93
88.98,0.03667627915061681,0.0059525153762094865,0.0010612289582117842,0.0,0.0,0.034964982990508695,93
89.0,0.03667544058492786,0.0059503067143388735,0.0010613514432083046,0.0,0.0,0.034962541539916875,93
89.02,0.03667449512418274,0.005948046399331777,0.0010614725832023113,0.0,0.0,0.03496027155210217,93
89.04,0.03667344491809918,0.005945735144256249,0.0010615921237473538,0.0,0.0,0.03495809628601026,93
89.06,0.0366722919720976,0.00594337320657669,0.0010617101663337129,0.0,0.0,0.034955835508680345,93
89.08,0.03667103811754146,0.00594096109254142,0.0010618266646070915,0.0,0.0,0.0349534914471516,94
89.10000000000001,0.03666968239186584,0.005938530035107805,0.0010619417635108449,0.0,0.0,0.03495106354186341,94
89.12,0.03666815811617754,0.005936131435568963,0.0010620549604992867,0.0,0.0,0.03494848551310912,95
89.14,0.03666653719368489,0.005933890310703093,0.001062166561623689,0.0,0.0,0.03494582969623685,95
89.16,0.03666482051176535,0.0059316003400330525,0.0010622767439055155,0.0,0.0,0.03494309740651683,95
89.18,0.03666300867350542,0.005929261998042391,0.0010623856189271056,0.0,0.0,0.03494028968343031,95
89.2,0.03666145436956951,0.005926875717238501,0.0010624928765235863,0.0,0.0,0.034937407276971755,95
89.22,0.03666006801759506,0.005924441955073149,0.0010626082494727006,0.0,0.0,0.03493445063644038,95
89.24,0.036658585659581876,0.005923010415488694,0.0010627420210152841,0.0,0.0,0.03493141990149471,95
89.26,0.03665700664624026,0.005921876169533053,0.0010628741482911184,0.0,0.0,0.034928314895221246,95
89.28,0.036655329996967696,0.0059206927651495765,0.0010630045424950706,0.0,0.0,0.0349251351189738,95
89.3,0.03665355439600744,0.005919460690818151,0.0010631331841436924,0.0,0.0,0.03492187974877759,95
89.32000000000001,0.03665167819002185,0.005918180237978257,0.0010632601809473206,0.0,0.0,0.03491854763315843,95
89.34,0.03664969938703125,0.00591685182205577,0.0010633858189993673,0.0,0.0,0.034915137292348304,95
89.36,0.03664777195524351,0.005915475803226492,0.0010635097029155012,0.0,0.0,0.03491164691892552,95
89.38,0.036646059486175823,0.0059140525837204135,0.001063632190082553,0.0,0.0,0.03490807438006153,95
89.4,0.036644235775434957,0.0059125825963850095,0.0010637533190418261,0.0,0.0,0.03490441722165292,95
89.42,0.03664226390014392,0.00591106616750015,0.0010638739977443256,0.0,0.0,0.034900637778808134,95
89.44,0.03664014044525945,0.0059107504265815645,0.001063994555475514,0.0,0.0,0.03489673320927364,95
89.46000000000001,0.036637894888756996,0.005910545325759701,0.0010641135225219842,0.0,0.0,0.03489273485758627,95
89.48,0.03663552299142392,0.005910291763691691,0.0010642311059313179,0.0,0.0,0.03488863907734953,95
89.5,0.03663302024267328,0.0059099900988047755,0.0010643471142733852,0.0,0.0,0.03488444196368745,95
89.52,0.036630381883708554,0.005909640690119978,0.0010644612839206392,0.0,0.0,0.034880139376783706,95
89.54,0.03662760293472672,0.005909243897918997,0.001064573599287509,0.0,0.0,0.03487572696947304,95
89.56,0.036624678225994155,0.00590880008437629,0.0010646840250045976,0.0,0.0,0.034871244858566304,95
89.58,0.03662160243242857,0.00590830961414407,0.00106479255228038,0.0,0.0,0.03486718442387925,95
89.60000000000001,0.03661837011112834,0.005907772854878971,0.0010648993290252,0.0,0.0,0.034862999618221244,95
89.62,0.03661497574112244,0.005907190415535453,0.0010650046095959447,0.0,0.0,0.0348586856130317,95
89.64,0.03661141376448535,0.005906591915529378,0.0010651082778469774,0.0,0.0,0.03485423755853998,95
89.66,0.036607678627881,0.005905951858374378,0.0010652100306391841,0.0,0.0,0.03484965062578832,95
89.68,0.03660376482357383,0.005905267071902341,0.001065309822627012,0.0,0.0,0.03484492004813938,95
89.7,0.036599666928972874,0.005904537874601889,0.0010654076437430933,0.0,0.0,0.03484004116133466,96
89.72,0.03659537964385183,0.005903764680928522,0.0010655034846529007,0.0,0.0,0.03483500944124725,96
89.74,0.036590897824504975,0.005902947994989525,0.0010655973557275674,0.0,0.0,0.034829820538589545,96
89.76,0.036586221912041195,0.005902088188652453,0.0010657137575270867,0.0,0.0,0.03482447030998265,96
89.78,0.03658136031991894,0.005901185694893266,0.0010658466168064315,0.0,0.0,0.03481895484495734,96
89.8,0.03657629066224959,0.005900240990405068,0.0010659778839222265,0.0,0.0,0.034813270488623836,96
89.82000000000001,0.036571008179247785,0.005899254309711569,0.0010661072208308668,0.0,0.0,0.0348074138599084,96
89.84,0.03656550888384044,0.005898226051956911,0.0010662346589064326,0.0,0.0,0.03480138186540106,96
89.86,0.036559789064200786,0.005897156670882589,0.0010663601582385116,0.0,0.0,0.03479517170898369,96
89.88,0.036553845288727745,0.0058960466315303795,0.0010664836201945882,0.0,0.0,0.034788780897507914,96
89.9,0.03654767440739572,0.005895202024735615,0.0010666051398555672,0.0,0.0,0.03478220724286743,96
89.92,0.0365412735498678,0.005895449209527813,0.001066724649468907,0.0,0.0,0.03477544886085838,96
89.94,0.03653464012079205,0.005895653570584166,0.0010668421202253845,0.0,0.0,0.034768504167248776,96
89.96000000000001,0.03652777179270759,0.005895815562442022,0.001066958060957746,0.0,0.0,0.034761371871485085,96
89.98,0.03652066649697884,0.005895935573703535,0.0010670724542914394,0.0,0.0,0.0347540509684551,96
90.0,0.036513329105350725,0.005896014071169026,0.0010671848945627564,0.0,0.0,0.034746719588997235,96
90.02,0.036505754819993685,0.005896051386711564,0.0010672953137561454,0.0,0.0,0.03473952116916264,96
90.04,0.03649793885413725,0.005896047907706604,0.0010674037070377705,0.0,0.0,0.03473213214721886,96
90.06,0.036489880057772296,0.005896004048939234,0.001067510172278627,0.0,0.0,0.03472455255067838,96
90.08,0.036481577477535894,0.005895920218189456,0.0010676146370087445,0.0,0.0,0.034716782634997764,96
90.10000000000001,0.03647303034294812,0.005895796828530605,0.0010677174629173962,0.0,0.0,0.034708822870847575,96
90.12,0.03646423805270928,0.005895662363151509,0.0010678184186881756,0.0,0.0,0.03470067393148408,96
90.14,0.03645520016120171,0.005895491012905823,0.0010679175948631612,0.0,0.0,0.03469233668036926,96
90.16,0.03644591636531066,0.005895625368650064,0.0010680150626171019,0.0,0.0,0.034683812159156,96
90.18,0.03643638649165123,0.005895933248669647,0.001068110526715456,0.0,0.0,0.03467510157612798,96
90.2,0.036426835878590476,0.0058961992975245445,0.0010682043563466793,0.0,0.0,0.03466614631124917,96
90.22,0.03641723056621595,0.005896423882306054,0.0010682963091243251,0.0,0.0,0.03465714254212716,96
90.24,0.03640737871562017,0.005896607429703042,0.001068386238877169,0.0,0.0,0.03464826639905519,96
90.26,0.036397280554944594,0.005896750348811233,0.0010684741497801874,0.0,0.0,0.03463920996772663,96
90.28,0.03638693638590057,0.005896853060701848,0.0010685601351362198,0.0,0.0,0.03462997513617341,96
90.3,0.03637634657418864,0.005896915986579523,0.0010686441487905173,0.0,0.0,0.03462056390180213,96
90.32000000000001,0.03636551154045591,0.005896939537989188,0.0010687262638892215,0.0,0.0,0.03461097836398464,96
90.34,0.03635443175177293,0.0058969241425278745,0.0010688068297997036,0.0,0.0,0.03460122071724198,96
90.36,0.03634310771360678,0.00589687030337942,0.00106888563298878,0.0,0.0,0.03459129324500262,96
90.38,0.03633153996226502,0.005896778367658663,0.0010689626253232406,0.0,0.0,0.03458119831391334,96
90.4,0.03631972905778298,0.005896648826368377,0.0010690378026365277,0.0,0.0,0.034570938368679534,96
90.42,0.036308309440046885,0.005896482272906152,0.0010691110364326514,0.0,0.0,0.03456051592741069,96
90.44,0.03629666539881004,0.005896278863739804,0.0010691828775833006,0.0,0.0,0.034549933577446526,97
90.46000000000001,0.03628477907662111,0.005896038815681784,0.0010692531302411616,0.0,0.0,0.03453919397163973,97
90.48,0.036272651065161615,0.005895762497686708,0.0010693217352918632,0.0,0.0,0.0345282998250714,96
90.5,0.0362602819499188,0.005895450283478782,0.0010693884270409405,0.0,0.0,0.03451725391217647,96
90.52,0.03624767230512953,0.005895102524514881,0.001069453250330022,0.0,0.0,0.034506059064257466,96
90.54,0.036234822688970034,0.005894719567132237,0.0010695166643135473,0.0,0.0,0.034494718167365816,96
90.56,0.03622173363896666,0.005894301865258743,0.0010695782986466186,0.0,0.0,0.03448323416053177,96
90.58,0.03620840566760297,0.0058938497046443165,0.0010696380171556533,0.0,0.0,0.03447161003432468,96
90.60000000000001,0.03619483925810063,0.005893363612830831,0.0010696958215041014,0.0,0.0,0.034459848829727475,96
90.62,0.03618103486035177,0.005892843793743932,0.0010697517181377217,0.0,0.0,0.03444795363730991,96
90.64,0.0361669928869822,0.005892290525270754,0.001069805713611242,0.0,0.0,0.034435927596686816,96
90.66,0.03615271370952554,0.00589170406450257,0.0010698578543561065,0.0,0.0,0.034423773896248816,96
90.68,0.03613819765468964,0.005891084729951463,0.0010699081213464351,0.0,0.0,0.034411495773154166,96
90.7,0.03612344500069749,0.0058904327817826665,0.0010699565073035158,0.0,0.0,0.03439909651357171,96
90.72,0.03610845597368563,0.005890324064304705,0.0010700030192422518,0.0,0.0,0.03438657945316571,96
90.74,0.03609323074414447,0.005891036046828378,0.0010700476642944356,0.0,0.0,0.03437394797781478,96
90.76,0.0360777694233851,0.005891712686168706,0.0010700905358509596,0.0,0.0,0.03436120552455777,96
90.78,0.036062072060018505,0.005892354255202441,0.0010701316741860338,0.0,0.0,0.03434835558276041,96
90.8,0.03604613863643385,0.005892960767521191,0.0010701709682496697,0.0,0.0,0.034335401695497425,96
90.82000000000001,0.03602996906526293,0.005893532424055096,0.0010702084572351115,0.0,0.0,0.034322347461145174,97
90.84,0.03601356318581944,0.00589406953464389,0.0010702441366951007,0.0,0.0,0.03430919653518103,96
90.86,0.03599692076050129,0.0058945723167436745,0.001070303347649889,0.0,0.0,0.03429595263218536,96
90.88,0.035980041471146515,0.005895040943220337,0.001070381464711443,0.0,0.0,0.034282619528043075,96
90.9,0.035963238233322266,0.005895475747215658,0.0010704579279863734,0.0,0.0,0.034269201062341596,96
90.92,0.03594733383213591,0.005895876922850399,0.0010705328201169042,0.0,0.0,0.03425570114096184,96
90.94,0.035931237975576645,0.00589624460470169,0.0010706059316177056,0.0,0.0,0.03424212373885958,95
90.96000000000001,0.035914951682052595,0.005896578979087096,0.0010706772382044125,0.0,0.0,0.03422847290303313,95
90.98,0.035898475942623936,0.0058968804539522674,0.0010707467496363623,0.0,0.0,0.034215182634942755,95
91.0,0.035882601026755764,0.005897149295092191,0.0010708145690455334,0.0,0.0,0.03420192774942107,95
91.02,0.03586711430495275,0.005897385388582679,0.0010708867016919717,0.0,0.0,0.03418861148954245,95
91.04,0.035851481791939456,0.005897588891295088,0.0010709930145225486,0.0,0.0,0.03417523822321833,95
91.06,0.035835705710226776,0.005897760088225519,0.001071097730936338,0.0,0.0,0.03416181240786911,95
91.08,0.035819866720087516,0.0058979028274732314,0.0010712007749071077,0.0,0.0,0.034148338594394104,95
91.10000000000001,0.03580423759904896,0.005898042168767379,0.0010713021052308378,0.0,0.0,0.034134821431275345,95
91.12,0.03578847926165707,0.005898149485099679,0.001071401803404814,0.0,0.0,0.03412126566879952,95
91.14,0.03577259419919545,0.00589822490043521,0.001071499775396868,0.0,0.0,0.0341079787433817,95
91.16,0.03575657150298288,0.005899475676227893,0.001071596001222025,0.0,0.0,0.03409481457978523,95
91.18,0.03574138670316246,0.005901143209862777,0.0010716897154956302,0.0,0.0,0.034081571152170934,95
91.2,0.03572709867377665,0.005902774763482545,0.0010717817286123488,0.0,0.0,0.034068308674762834,95
91.22,0.035712961841664885,0.005904370381866247,0.0010718722476171691,0.0,0.0,0.03405503247191524,95
91.24,0.03569907466043201,0.005905930153114322,0.0010719613264528343,0.0,0.0,0.03404174799616988,95
91.26,0.03568511832300153,0.00590745414739195,0.0010720489198313033,0.0,0.0,0.034028460832496096,95
91.28,0.035671097025898366,0.005908942377098231,0.0010721348743666463,0.0,0.0,0.034015176702341755,95
91.3,0.03565701506198121,0.005910394813859731,0.0010722192034266107,0.0,0.0,0.03400190146742119,95
91.32000000000001,0.03564287682217809,0.005911811469357595,0.0010723019550297642,0.0,0.0,0.03398864113315453,95
91.34,0.03562868679669633,0.00591319234428499,0.0010723832191129037,0.0,0.0,0.033975401851661015,95
91.36,0.03561444957559168,0.0059145376605962,0.001072462913359437,0.0,0.0,0.033962189924195196,95
91.38,0.03560016984856706,0.005915847536831472,0.0010725410440787027,0.0,0.0,0.03394901180290075,95
91.4,0.03558585240385559,0.005917121622692681,0.0010726176268718234,0.0,0.0,0.03393587409174108,94
91.42,0.03557170567353052,0.005918359855889389,0.0010727314860252259,0.0,0.0,0.03392270499820443,94
91.44,0.03555771111616776,0.005919562392199643,0.0010728473117302133,0.0,0.0,0.03390956228661821,94
91.46000000000001,0.03554369317456098,0.005920728888811281,0.0010729617135237428,0.0,0.0,0.03389648077549607,94
91.48,0.03552965699611475,0.0059218592988876766,0.0010730746363588819,0.0,0.0,0.033883467663284726,94
91.5,0.035515607801265434,0.005922973186528881,0.0010731860876356714,0.0,0.0,0.033870530286554276,94
91.52,0.03550155087296095,0.005924084378144056,0.001073296099400533,0.0,0.0,0.033857676112190274,94
91.54,0.03548749154380478,0.005925159032498168,0.0010734046841950474,0.0,0.0,0.03384491272738128,94
91.56,0.03547343518062939,0.005926197298207111,0.0010735118540697599,0.0,0.0,0.033832247827174006,94
91.58,0.035459387166272616,0.005927198755090268,0.0010736176230322168,0.0,0.0,0.033819689199376245,94
91.60000000000001,0.03544535287834692,0.005928163207332409,0.0010737219965617096,0.0,0.0,0.033807244706604636,94
91.62,0.035431337664818416,0.005929090474742801,0.0010738250866497224,0.0,0.0,0.033794922265301515,94
91.64,0.0354173468162519,0.005929980385860921,0.001073926883732247,0.0,0.0,0.0337827298215845,94
91.66,0.03540338553463212,0.005930832728708378,0.0010740273625319896,0.0,0.0,0.033770675323846575,94
91.68,0.03539002407205828,0.005931647363061054,0.0010741264910010047,0.0,0.0,0.03375876669209136,94
91.7,0.03537749118024199,0.0059324240859976955,0.0010742243627425646,0.0,0.0,0.03374701178407148,94
91.72,0.03536500034531482,0.00593316266836519,0.0010743218811228353,0.0,0.0,0.03373537569042491,94
91.74,0.035352536030244894,0.005933862736365172,0.0010744194569461793,0.0,0.0,0.033723844685084235,94
91.76,0.03534102671423454,0.005934524102838624,0.0010745157532557148,0.0,0.0,0.033712490378702574,93
91.78,0.03532985883268125,0.005935146784848937,0.0010746107542817997,0.0,0.0,0.03370131998536272,93
91.8,0.03531882714568438,0.0059357300795649685,0.0010747044559871629,0.0,0.0,0.03369034044934888,93
91.82000000000001,0.03530799169774903,0.005936273646900963,0.0010747968371246845,0.0,0.0,0.03367955839956636,93
91.84,0.03529748719774497,0.005936777412248047,0.0010748878613135314,0.0,0.0,0.03366898010431822,93
91.86,0.03528713632727687,0.005937240952509955,0.0010749775204791623,0.0,0.0,0.03365861142734484,93
91.88,0.035276943255232944,0.00593775310587824,0.0010750658324014722,0.0,0.0,0.0336484577860672,93
91.9,0.03526691162597629,0.005938432414092305,0.0010751527854286776,0.0,0.0,0.033638758358980274,93
91.92,0.035257044522805266,0.005939069804086403,0.0010752383387589543,0.0,0.0,0.03362951093429852,93
91.94,0.035247344436155424,0.00594111403204712,0.001075322489531657,0.0,0.0,0.03362049120872774,93
91.96000000000001,0.035237813237231866,0.005943123065234041,0.0010754052162616115,0.0,0.0,0.03361170247049905,93
91.98,0.03522845215761149,0.005945084954385163,0.0010754865256860145,0.0,0.0,0.03360314741622264,93
92.0,0.03521926177518513,0.005946999294406251,0.0010755663701142353,0.0,0.0,0.033594828139258175,93
92.02,0.03521024200663245,0.005948865687825773,0.0010756447313234854,0.0,0.0,0.033586746124724225,93
92.04,0.03520139210645022,0.005950683872465717,0.0010757215909043888,0.0,0.0,0.033578902251162925,93
92.06,0.03519261589507692,0.005952453502681766,0.001075797172926748,0.0,0.0,0.03357120208294995,93
92.08,0.035183933116903404,0.005954174127315588,0.0010758717110376343,0.0,0.0,0.033563666934782375,92
92.10000000000001,0.03517539865013596,0.005955845479781105,0.0010759448032106012,0.0,0.0,0.03355635357436575,92
92.12,0.035167024886087785,0.005957467291237094,0.0010760163150818525,0.0,0.0,0.03354927629656144,92
92.14,0.03515880796701399,0.005959039127198282,0.001076086230418136,0.0,0.0,0.03354243318832868,92
92.16,0.035150743489859,0.005960560754893566,0.001076154533769167,0.0,0.0,0.03353582186446225,92
92.18,0.03514282654223304,0.005962031863195239,0.001076225528761939,0.0,0.0,0.03352943950670848,92
92.2,0.03513507955512066,0.005963452186079717,0.0010763040646061223,0.0,0.0,0.03352320687418362,92
92.22,0.03512788002156637,0.005964821459454864,0.0010764014548788144,0.0,0.0,0.03351718387355538,92
92.24,0.035120875070146336,0.005966139484708564,0.0010764972160562341,0.0,0.0,0.03351137933607594,92
92.26,0.03511416734742544,0.005967406109480254,0.001076591226049545,0.0,0.0,0.03350578916602186,92
92.28,0.03510757809965547,0.005968621028558319,0.0010766835091275966,0.0,0.0,0.03350040907405647,92
92.3,0.035101100303793056,0.005969784069090764,0.0010767740478360458,0.0,0.0,0.033495234630748064,92
92.32000000000001,0.035094726890062766,0.005970895080213887,0.0010768628468268324,0.0,0.0,0.03349026132082096,92
92.34,0.03508845806709004,0.005971953928293612,0.0010769498458246042,0.0,0.0,0.03348548459755956,92
92.36,0.03508249310234195,0.005972960532528554,0.001077035035634586,0.0,0.0,0.033480899936725046,92
92.38,0.03507665215230594,0.005973915155676567,0.0010771184038520483,0.0,0.0,0.033476502889284894,92
92.4,0.03507088824154227,0.005974817529107538,0.0010772008623486833,0.0,0.0,0.0334722891322062,92
92.42,0.035065194002547234,0.005975667566256099,0.0010772824641376048,0.0,0.0,0.033468254516528434,92
92.44,0.03506002056470385,0.005976465140508501,0.0010773622367372094,0.0,0.0,0.033464395111921764,92
92.46000000000001,0.03505506269495634,0.005977210357380096,0.001077440278616051,0.0,0.0,0.03346070724695489,92
92.48,0.035050436391652,0.005977903549781868,0.001077516497631277,0.0,0.0,0.0334571875443478,92
92.5,0.035047179006225386,0.005978544257309589,0.0010775899188208166,0.0,0.0,0.03345377335376197,92
92.52,0.035044616205000226,0.0059793974518155685,0.0010776613015646282,0.0,0.0,0.03345051023517496,92
92.54,0.03504287267512092,0.005981080700157473,0.0010777308186956827,0.0,0.0,0.03344740724582225,92
92.56,0.035041250802727436,0.005982707222904977,0.001077834915689023,0.0,0.0,0.0334448522129893,92
92.58,0.03503974910893269,0.0059842768914203275,0.00107795341218894,0.0,0.0,0.033442587342786545,92
92.60000000000001,0.03503837590265329,0.005987232571447901,0.001078074911084642,0.0,0.0,0.0334404771183779,92
92.62,0.0350371182202979,0.005990562683862281,0.0010781987554128471,0.0,0.0,0.03343852068656321,92
92.64,0.03503597466792358,0.005993829680731956,0.0010783207342999386,0.0,0.0,0.033436717543964434,92
92.66,0.03503494415883707,0.005997033361133597,0.0010784407735430052,0.0,0.0,0.03343506751700056,92
92.68,0.035034010173443944,0.006000174127417058,0.0010785586459402616,0.0,0.0,0.03343355500450395,92
92.7,0.035033093447041544,0.006004580968095675,0.0010786732297472035,0.0,0.0,0.03343210161177649,92
92.72,0.035032288241121035,0.006009012267249395,0.0010787935203007758,0.0,0.0,0.03343080269614703,92
92.74,0.0350315944189238,0.0060133762213648145,0.0010789196263275046,0.0,0.0,0.033429659135199456,92
92.76,0.03503101200278291,0.0060176725914348516,0.00107904370552292,0.0,0.0,0.03342867199411194,92
92.78,0.03503054114265206,0.00602190130105326,0.001079165713961747,0.0,0.0,0.03342784249562614,92
92.8,0.03503018308189594,0.0060260622118752435,0.0010792856323428841,0.0,0.0,0.033427171991519386,92
92.82000000000001,0.03502994826727316,0.006030155064040009,0.00107940343962242,0.0,0.0,0.03342666193619554,92
92.84,0.03502982601276105,0.006034179678175584,0.0010795191129788842,0.0,0.0,0.03342631386282373,92
92.86,0.0350298167017002,0.006038135977012339,0.0010796326278037665,0.0,0.0,0.03342612936225211,92
92.88,0.03502992071857642,0.006042023843101927,0.0010797439577148805,0.0,0.0,0.033426110064719634,92
92.9,0.03503013843147775,0.006045843022880493,0.001079853074589494,0.0,0.0,0.033426257624195085,92
92.92,0.03503047017676676,0.006049593444929749,0.0010799599486137612,0.0,0.0,0.033426573705005895,92
92.94,0.03503091624549492,0.006053274997437557,0.0010800645483449189,0.0,0.0,0.03342705997028563,92
92.96000000000001,0.035031476870998925,0.006056916033443492,0.0010801775307425945,0.0,0.0,0.03342771807168266,92
92.98,0.03503215221707723,0.006060491338274256,0.0010802975302907892,0.0,0.0,0.03342854963973083,92
93.0,0.035032942366151974,0.006063997068366807,0.0010804151214699837,0.0,0.0,0.03342955627429114,91
93.02,0.03503384730686873,0.006067433055766734,0.0010805302590211445,0.0,0.0,0.03343073953452011,91
93.04,0.03503486692066689,0.006070799115764955,0.0010806429559502646,0.0,0.0,0.03343210092790223,91
93.06,0.0350360009669536,0.006074095076439978,0.0010807531260292947,0.0,0.0,0.033433641897983105,91
93.08,0.03503724906662197,0.006077320864883646,0.0010808607346738058,0.0,0.0,0.03343536381054887,91
93.10000000000001,0.03503861068375676,0.006080476455391698,0.0010809657120891838,0.0,0.0,0.03343726793809937,91
93.12,0.0350405477106745,0.0060835615080171825,0.0010810680180107857,0.0,0.0,0.033439355442550674,91
93.14,0.0350426332443492,0.006086575745262066,0.0010811675984276823,0.0,0.0,0.03344162735616764,90
93.16,0.03504482885329319,0.006089519171737246,0.0010812644029841922,0.0,0.0,0.033444084560768556,90
93.18,0.03504713315430317,0.00609239166929426,0.001081358382379061,0.0,0.0,0.033446727765263515,90
93.2,0.035049544488097883,0.0060951928388429995,0.0010814494870242347,0.0,0.0,0.0334495574815901,90
93.22,0.03505261778332497,0.006097922614467961,0.0010815376672471252,0.0,0.0,0.03345257399910802,90
93.24,0.03505681031878457,0.0061005807413767755,0.0010816228735027196,0.0,0.0,0.03345577735751392,90
93.26,0.03506116379290038,0.006103167192089492,0.0010817050767237633,0.0,0.0,0.03345916731835484,91
93.28,0.03506566530823314,0.0061056816535658255,0.0010817843235244003,0.0,0.0,0.033462743335259025,91
93.3,0.03507031312881353,0.006108123912137212,0.0010818616524239958,0.0,0.0,0.033466504523073384,91
93.32000000000001,0.035075105120632374,0.006110493811215314,0.0010819423176636471,0.0,0.0,0.03347044962619888,91
93.34,0.0350800387184565,0.006112791215772027,0.0010820197662131392,0.0,0.0,0.03347457698654397,91
93.36,0.03508511089277741,0.006115015956080145,0.0010820939430066408,0.0,0.0,0.033478884511663434,91
93.38,0.035090318117610195,0.006117167900009018,0.0010821648396706542,0.0,0.0,0.03348336964380365,91
93.4,0.035095656340004014,0.006119246966872196,0.0010822324056073932,0.0,0.0,0.03348802933071969,91
93.42,0.035101120952244616,0.006121252967119389,0.0010822965644259885,0.0,0.0,0.03349285999924905,91
93.44,0.035106706767811226,0.006123185797317968,0.0010823572752384496,0.0,0.0,0.033497857532708675,92
93.46000000000001,0.035112408002180025,0.006125045392902551,0.0010824144993528725,0.0,0.0,0.03350301725321248,92
93.48,0.035118218259542,0.006126831909416985,0.0010824682004150958,0.0,0.0,0.03350833390998179,92
93.5,0.03512413052641804,0.006128544967185068,0.0010825344500864616,0.0,0.0,0.03351380167463674,92
93.52,0.03513013717301487,0.006130184501426633,0.0010826054151502867,0.0,0.0,0.03351941414431717,92
93.54,0.035136229962977335,0.00613175046796279,0.0010826727091457604,0.0,0.0,0.033525164353293474,92
93.56,0.03514239712790639,0.006133242832856717,0.0010827366111103196,0.0,0.0,0.033531041850558885,92
93.58,0.03514853031830028,0.0061355849289092745,0.0010827953624462743,0.0,0.0,0.03353693968827522,92
93.60000000000001,0.03515472168209313,0.006138444063331595,0.0010828503686950927,0.0,0.0,0.03354295139011166,92
93.62,0.03516096083154591,0.006141231982084524,0.0010829016101761722,0.0,0.0,0.033549068034368704,92
93.64,0.03516723695294554,0.006143940118080939,0.0010829490704026663,0.0,0.0,0.03355528032792752,93
93.66,0.03517367012543068,0.006146568572347608,0.0010829927359027687,0.0,0.0,0.033561578668722954,93
93.68,0.03518038787035856,0.0061491175884682845,0.0010830325962055479,0.0,0.0,0.03356795321425949,92
93.7,0.035187189702876966,0.006151587495806674,0.0010830858156811167,0.0,0.0,0.03357439395487156,92
93.72,0.0351943689843704,0.0061539782496905695,0.001083165876811007,0.0,0.0,0.03358089079027041,92
93.74,0.03520167557940266,0.0061562899381668494,0.0010832394804271507,0.0,0.0,0.03358737456363923,92
93.76,0.03520985073452767,0.0061585226789348775,0.0010833066376066207,0.0,0.0,0.03359383538554038,92
93.78,0.0352183789143558,0.006160676674516363,0.0010833698023730337,0.0,0.0,0.03360032240569164,92
93.8,0.03522689514220416,0.006162752136003784,0.0010834289771033709,0.0,0.0,0.0336068259362949,92
93.82000000000001,0.035235389312600424,0.006164749282662852,0.001083484167584759,0.0,0.0,0.03361333657472053,92
93.84,0.035243853137769,0.006166668370222661,0.001083535382791145,0.0,0.0,0.033619845266273436,92
93.86,0.035252287088137074,0.006168520010076159,0.001083582649710674,0.0,0.0,0.03362634335966796,92
93.88,0.03526067088952561,0.0061703255612818335,0.001083626010371575,0.0,0.0,0.033632822654231835,92
93.9,0.03526899601797295,0.0061720538722258465,0.0010836654509848646,0.0,0.0,0.03363927543810124,92
93.92,0.0352772544365058,0.00617370524681165,0.0010837009927362072,0.0,0.0,0.03364569451692268,92
93.94,0.03528543861281872,0.006175280001107034,0.0010837326544639776,0.0,0.0,0.033652073232836935,92
93.96000000000001,0.03529354152721119,0.006176778457426825,0.0010837604314097437,0.0,0.0,0.033658405473771365,92
93.98,0.03530155667104534,0.006178200947461841,0.0010837843428354382,0.0,0.0,0.03366468567330669,92
94.0,0.03530947803620786,0.006179547918533888,0.001083804408986319,0.0,0.0,0.03367090880160487,92
94.02,0.035317221478378916,0.006180819621466624,0.0010838073686828041,0.0,0.0,0.03367699955146273,92
94.04,0.035324816976523205,0.006182016442600929,0.0010837975529040043,0.0,0.0,0.03368297684417238,92
94.06,0.035332303706925375,0.006183138767637961,0.0010837839896439196,0.0,0.0,0.03368888516003141,92
94.08,0.03533967740649736,0.006184186957805078,0.00108376670494305,0.0,0.0,0.0336947213735225,92
94.10000000000001,0.03534693415459196,0.006185175680106084,0.0010837457288270522,0.0,0.0,0.033700482745926755,92
94.12,0.03535407032812341,0.006186112497708584,0.0010837210773244079,0.0,0.0,0.033706166882330024,92
94.14,0.03536108255529793,0.006186976265666571,0.0010836927757085398,0.0,0.0,0.03371177168732262,93
94.16,0.03536796766933105,0.006187767308348223,0.0010836633846449696,0.0,0.0,0.03371729532077298,93
94.18,0.0353746233156044,0.006188485980835092,0.0010836271294520855,0.0,0.0,0.033722625934536565,93
94.2,0.035381118496627936,0.0061895430658899745,0.0010835863999002849,0.0,0.0,0.033727841817497314,93
94.22,0.03538747870843719,0.0061907701075367,0.0010835422756209064,0.0,0.0,0.033732972457919834,93
94.24,0.03539371235726024,0.006191920694246214,0.001083494750098771,0.0,0.0,0.0337383068904602,93
94.26,0.035399805081188035,0.006192995636325726,0.0010834438521556903,0.0,0.0,0.03374372978830038,93
94.28,0.035405754130470674,0.006194002846222195,0.0010833896109574827,0.0,0.0,0.03374906330406566,93
94.3,0.035411556736567776,0.006194934788456955,0.001083332055959283,0.0,0.0,0.03375430641466681,93
94.32000000000001,0.03541721010388542,0.006195791828855688,0.0010832712168484483,0.0,0.0,0.03375945814027405,93
94.34,0.035422711407957545,0.00619657437664018,0.0010832071234859759,0.0,0.0,0.0337645175454723,93
94.36,0.03542940277672759,0.006197282857936591,0.0010831398058474694,0.0,0.0,0.03376948374643473,93
94.38,0.03543615791086232,0.006197917694875678,0.001083069293964824,0.0,0.0,0.033774355923315645,93
94.4,0.03544280454221758,0.0061984794036620515,0.00108299561786998,0.0,0.0,0.03377913333684465,93
94.42,0.035449341707641004,0.006198968447417332,0.0010829188146540738,0.0,0.0,0.033783815347937576,93
94.44,0.03545576855640403,0.006199385106721634,0.0010828389141740963,0.0,0.0,0.0337884014390367,93
94.46000000000001,0.03546204181572799,0.006199730709285099,0.0010827570219776404,0.0,0.0,0.03379284886060976,94
94.48,0.03546817230007207,0.006200011174477153,0.0010826728711450812,0.0,0.0,0.03379716873068241,94
94.5,0.03547419087624454,0.006200220534013602,0.0010825856906612572,0.0,0.0,0.03380139214504135,94
94.52,0.03548009734363859,0.006200359174366935,0.001082495509780078,0.0,0.0,0.03380551927485339,94
94.54,0.03548589170144269,0.006200427549134082,0.001082402361395051,0.0,0.0,0.03380955050136607,94
94.56,0.03549157415521044,0.006200426085835848,0.0010823062799952625,0.0,0.0,0.03381348642276844,94
94.58,0.03549714511825086,0.006200355206610482,0.0010822073720881957,0.0,0.0,0.0338173278558914,94
94.60000000000001,0.03550260520761866,0.006200215363591278,0.0010821055922074605,0.0,0.0,0.03382126783106247,94
94.62,0.03550795523471114,0.0062000070018015715,0.0010820009550737625,0.0,0.0,0.033825354456169625,94
94.64,0.03551319619069144,0.0061997305510029296,0.0010818934884339827,0.0,0.0,0.03382934965599313,94
94.66,0.035518329227156684,0.006199386419597706,0.001081783219840839,0.0,0.0,0.03383325503554466,94
94.68,0.035523355632645276,0.006198975031703896,0.0010816701766784168,0.0,0.0,0.03383707234947341,93
94.7,0.035528276805730966,0.006198496825109926,0.0010815543861901256,0.0,0.0,0.03384080347560265,93
94.72,0.03553309422557579,0.006197952275415938,0.0010814358755081017,0.0,0.0,0.03384445038594693,93
94.74,0.035537809420908756,0.006197341743645596,0.0010813146716831686,0.0,0.0,0.03384801511617713,93
94.76,0.035542423938457406,0.006196665726945585,0.001081190801714591,0.0,0.0,0.03385161064161392,93
94.78,0.03554693931188199,0.006195924557738533,0.0010810642925788505,0.0,0.0,0.03385544588368691,94
94.8,0.03555135703224294,0.006195118651217072,0.0010809351760414745,0.0,0.0,0.033859204528783556,94
94.82000000000001,0.03555567852096936,0.006194248445329783,0.0010808034833145982,0.0,0.0,0.03386288856987709,94
94.84,0.03555990510618715,0.006193314364053348,0.0010806692354296782,0.0,0.0,0.0338664999235012,94
94.86,0.0355640380031122,0.006192316786601661,0.00108055083099945,0.0,0.0,0.033870560673824976,94
94.88,0.0355680782990204,0.006191256170530454,0.0010804479234500163,0.0,0.0,0.03387457138626798,95
94.9,0.03557202694307905,0.006190132861824299,0.0010803424063858297,0.0,0.0,0.03387851399187672,95
94.92,0.03557588474107521,0.00618894726538689,0.0010802595759484962,0.0,0.0,0.03388238995835648,95
94.94,0.03557965235481956,0.0061876997853839225,0.0010801875626149304,0.0,0.0,0.033886200629739106,95
94.96000000000001,0.03558333030575534,0.006186390870829438,0.0010801131166577143,0.0,0.0,0.0338899472307722,96
94.98,0.03558691898207692,0.00618502093820922,0.0010800362757038922,0.0,0.0,0.03389363087485292,96
95.0,0.03559041864847954,0.006183590346611067,0.001079957005411754,0.0,0.0,0.033897252574629444,96
95.02,0.03559382945753292,0.0061820994959279766,0.0010798753334578422,0.0,0.0,0.03390081325426513,96
95.04,0.0355971514616067,0.00618054878173605,0.001079791287818486,0.0,0.0,0.033904313762295274,96
95.06,0.0356003846242819,0.006178938658645615,0.0010797049322276947,0.0,0.0,0.0339077548840128,96
95.08,0.035603483502765744,0.006177269538314512,0.0010796035721767098,0.0,0.0,0.033911103658685104,96
95.10000000000001,0.03560646894802678,0.006175548324966327,0.0010794931559767011,0.0,0.0,0.03391437639748932,96
95.12,0.03560936497005416,0.006173794461820508,0.0010793805494818216,0.0,0.0,0.03391759178377087,96
95.14,0.035612171250329894,0.006171982627512407,0.0010792657686462623,0.0,0.0,0.03392075043373,96
95.16,0.03561488740231794,0.00617011323497625,0.001079148856461332,0.0,0.0,0.03392385292666658,96
95.18,0.035617512965666835,0.006168186694173892,0.0010790298228365294,0.0,0.0,0.03392689980044841,96
95.2,0.035620047397429494,0.006166203420793772,0.0010789086995129252,0.0,0.0,0.033929891544050184,96
95.22,0.035622490060970256,0.006164163834643099,0.001078785518917086,0.0,0.0,0.03393282858783461,96
95.24,0.035624840213441866,0.006162073497984594,0.0010786603378145011,0.0,0.0,0.03393571129245989,96
95.26,0.03562703596876793,0.0061599611020083855,0.0010785437325518314,0.0,0.0,0.033938467579472775,96
95.28,0.03562913004707955,0.006157793555170013,0.0010784264256685832,0.0,0.0,0.03394116134094243,96
95.3,0.0356311286927464,0.006155584725763372,0.0010783071561568781,0.0,0.0,0.03394380141479912,96
95.32000000000001,0.03563303062220036,0.006153343810260883,0.0010781859869583126,0.0,0.0,0.03394638778228518,96
95.34,0.035634834399921524,0.006151048915518004,0.0010780629313810622,0.0,0.0,0.03394892031727307,96
95.36,0.03563653844005354,0.00614870041373738,0.001077938021585903,0.0,0.0,0.033951398789698765,96
95.38,0.035638141013390724,0.006146298741367564,0.0010778112944409585,0.0,0.0,0.033953947927349175,96
95.4,0.03563964026000715,0.006143844353707228,0.0010776827868807324,0.0,0.0,0.03395676801300609,96
95.42,0.035641034207491984,0.006141337746244708,0.0010775525424235172,0.0,0.0,0.033959532271862304,96
95.44,0.035642333028835245,0.006138779428305758,0.001077420593212328,0.0,0.0,0.03396224020098941,96
95.46000000000001,0.035643538835801354,0.006136170394505088,0.001077308493788674,0.0,0.0,0.033964891293394826,96
95.48,0.0356460063364006,0.006133510427165017,0.0010772146698161296,0.0,0.0,0.033967485072319975,96
95.5,0.03564882770791285,0.006130799983390452,0.001077119200387914,0.0,0.0,0.03397002112839107,96
95.52,0.03565157380887536,0.006128039903229712,0.001077022233831373,0.0,0.0,0.03397249915847106,96
95.54,0.03565424405814545,0.006125231010924099,0.0010769237302275076,0.0,0.0,0.03397491900501676,96
95.56,0.03565683805101093,0.006122373058730439,0.001076823671890337,0.0,0.0,0.03397728069476837,96
95.58,0.03565935559597274,0.00611946652439594,0.0010767220857638606,0.0,0.0,0.033979584475681925,96
95.60000000000001,0.03566179674879862,0.0061165118981442645,0.0010766190004004006,0.0,0.0,0.0339818308511462,97
95.62,0.035664161843055146,0.006113509621235821,0.0010765144426538441,0.0,0.0,0.03398402061069147,97
95.64,0.0356665475713115,0.006110460179315364,0.0010764084375807141,0.0,0.0,0.03398615485658002,97
95.66,0.03566896179640415,0.006107364074731369,0.0010763031602618641,0.0,0.0,0.033988193191828865,97
95.68,0.03567127782929738,0.006104221773180775,0.001076197941091263,0.0,0.0,0.0339901508960634,97
95.7,0.03567352477529133,0.006101033889817914,0.0010760914677984937,0.0,0.0,0.033992058521650485,97
95.72,0.0356757046868802,0.006097800792296398,0.0010759836351910482,0.0,0.0,0.033993918594245595,97
95.74000000000001,0.03567781998238101,0.006094522933260862,0.001075874438348631,0.0,0.0,0.033995734014520385,97
95.76,0.035679873444266576,0.006091200825173003,0.0010757638901656616,0.0,0.0,0.03399750805673877,97
95.78,0.035681868213411336,0.0060878349274996,0.0010756520013133122,0.0,0.0,0.03399924436325303,97
95.8,0.03568380777959026,0.006084425752945531,0.0010755387801946305,0.0,0.0,0.034000946935259915,97
95.82000000000001,0.035685695968583335,0.006080973736507951,0.0010754242328990268,0.0,0.0,0.03400262012016827,97
95.84,0.03568753692623441,0.006077492791705092,0.001075308363155422,0.0,0.0,0.03400426859592732,97
95.86,0.03568943312850946,0.006073985587341378,0.0010751911834362457,0.0,0.0,0.03400589735265142,96
95.88,0.03569166540837675,0.006070436796840949,0.001075072692049878,0.0,0.0,0.0340075116718557,96
95.9,0.03569411772938342,0.006066846872544027,0.0010749528747285456,0.0,0.0,0.03400911710359238,96
95.92,0.03569654682030845,0.006063216261896616,0.0010748319281105216,0.0,0.0,0.03401071944175216,96
95.94,0.035698955222982845,0.006059545407751904,0.001074732892288016,0.0,0.0,0.03401232469776989,96
95.96000000000001,0.03570165043333353,0.006055834749529618,0.001074643538420673,0.0,0.0,0.03401393907295148,96
95.98,0.03570449328300916,0.006052084715405325,0.0010745529469689743,0.0,0.0,0.03401556892961911,96
96.0,0.03570734156121662,0.006048545224586288,0.0010744610441051881,0.0,0.0,0.03401722076125493,96
96.02,0.03571023890821191,0.0060463980688032605,0.0010743677595282633,0.0,0.0,0.03401890116180883,96
96.04,0.03571359659538122,0.006044202018495256,0.0010742730537482614,0.0,0.0,0.03402061679432291,96
96.06,0.03571697776976199,0.006041957547654651,0.0010741769535526679,0.0,0.0,0.03402237435901222,96
96.08,0.03572038870582706,0.006039665123645536,0.0010740794005547664,0.0,0.0,0.0340245795910842,95
96.10000000000001,0.035723776148701446,0.006037325224062611,0.0010739806664690074,0.0,0.0,0.03402681864628947,95
96.12,0.03572716137901738,0.006034938307157341,0.0010738806630382482,0.0,0.0,0.034029074934539466,95
96.14,0.03573059499161944,0.006032504773016289,0.0010737790842965127,0.0,0.0,0.03403139933685581,95
96.16,0.03573408291805785,0.00603002506414734,0.0010736758874210649,0.0,0.0,0.03403379824740959,95
96.18,0.03573763092094768,0.006027499616418238,0.0010735710338811736,0.0,0.0,0.03403627790034486,95
96.2,0.035741244560455444,0.006024929019880939,0.0010734644824682293,0.0,0.0,0.034038844336500076,96
96.22,0.035744929160631995,0.006022313505549125,0.0010733562318363868,0.0,0.0,0.03404150336998712,96
96.24000000000001,0.03574868977552319,0.0060196534815052495,0.001073246215987551,0.0,0.0,0.03404426055455957,96
96.26,0.03575253115497306,0.006016949330269101,0.0010731343729438907,0.0,0.0,0.03404712114968537,96
96.28,0.03575649650497803,0.006014201451362637,0.001073020684986467,0.0,0.0,0.03405009008623445,96
96.3,0.0357611100450148,0.006011410212236006,0.0010729055569966017,0.0,0.0,0.0340532541873007,96
96.32000000000001,0.035765772778659964,0.0060085759659614536,0.0010727897472344703,0.0,0.0,0.034056888811610675,96
96.34,0.035770530744353116,0.006005699089959992,0.0010726722840772164,0.0,0.0,0.03406064367296174,96
96.36,0.03577538664231541,0.006002779923083077,0.0010725527807388606,0.0,0.0,0.034064522036497416,96
96.38,0.03578034265393169,0.005999820124675016,0.0010724481520987203,0.0,0.0,0.03406852666021786,96
96.4,0.03578540040508134,0.005996838977938826,0.0010723536833362162,0.0,0.0,0.034072659758639295,96
96.42,0.03579056093001723,0.005994337110711221,0.0010722570479701397,0.0,0.0,0.034076922967010655,95
96.44,0.03579582463640434,0.005992662897609357,0.0010721581696920026,0.0,0.0,0.03408131730669921,95
96.46000000000001,0.035801191272279334,0.005990945060080479,0.0010720570094786834,0.0,0.0,0.0340858431525058,95
96.48,0.035806659895829485,0.005989183872984625,0.0010719535441155495,0.0,0.0,0.034090500202807884,95
96.5,0.03581243438962824,0.005987379625272452,0.001071847386081862,0.0,0.0,0.03409523940862577,94
96.52,0.03581849238722401,0.005985532587261321,0.0010717385622557626,0.0,0.0,0.034100064252489536,94
96.54,0.03582464462622622,0.005983665028241681,0.0010716273913856632,0.0,0.0,0.03410501521367608,94
96.56,0.03583088719626007,0.005981763940892198,0.0010715138661144344,0.0,0.0,0.034110089079184946,94
96.58,0.03583721542492205,0.0059798208150555485,0.0010713979835238762,0.0,0.0,0.034115281889363476,94
96.60000000000001,0.03584362578607798,0.005977835950093813,0.0010712797451997965,0.0,0.0,0.034120588946743476,94
96.62,0.03585011950194249,0.005975809602070881,0.0010711591757234312,0.0,0.0,0.03412600483426849,94
96.64,0.03585668047590197,0.005973742043237804,0.0010710362846725805,0.0,0.0,0.03413152344320465,94
96.66,0.035863301166711076,0.005972164777541388,0.0010709110875117447,0.0,0.0,0.0341371380107252,94
96.68,0.035869973408346016,0.005971397420750591,0.0010707836136005058,0.0,0.0,0.03414284116683941,94
96.7,0.03587668846513938,0.00597058661580028,0.0010706538595243852,0.0,0.0,0.034148624990025585,94
96.72,0.03588343709467052,0.005969732607933493,0.001070521866742349,0.0,0.0,0.034154481070641014,94
96.74000000000001,0.03589020961724005,0.005968835676078941,0.0010703876575724341,0.0,0.0,0.03416040058093925,94
96.76,0.03589699599056906,0.005967896098286674,0.0010702512584254882,0.0,0.0,0.034166374350337196,94
96.78,0.03590378588824096,0.005966914164289274,0.0010701129400613894,0.0,0.0,0.03417239294445157,94
96.8,0.03591056878034814,0.005965890169504747,0.0010699726267877367,0.0,0.0,0.034178446746368336,94
96.82000000000001,0.035917334014814915,0.005964824415137081,0.0010698302657455529,0.0,0.0,0.03418452603861796,94
96.84,0.03592408416295681,0.005963717208186847,0.0010696863057078905,0.0,0.0,0.034190621084396605,94
96.86,0.03593079633677251,0.0059625688613768844,0.0010695436421218826,0.0,0.0,0.03419672220669094,94
96.88,0.0359374590517745,0.005961379699284655,0.0010694023349809177,0.0,0.0,0.0342028198641184,94
96.9,0.035944061945836187,0.005960150044816159,0.0010692592896850994,0.0,0.0,0.03420890472247584,94
96.92,0.035950594905101343,0.005958880221100387,0.0010691145369151405,0.0,0.0,0.034214967721183466,94
96.94,0.03595704812386143,0.00595757056155906,0.00106896809350597,0.0,0.0,0.03422100013400916,94
96.96000000000001,0.035963412158256484,0.005956221411563833,0.0010688200152747787,0.0,0.0,0.034226993623651135,94
96.98,0.035969677973556095,0.00595483395042779,0.0010686704430047185,0.0,0.0,0.034232940289936134,94
97.0,0.0359758369849411,0.005953408139469983,0.001068519297985877,0.0,0.0,0.03423883271155451,94
97.02,0.03598188109184632,0.00595194387739991,0.001068366617224808,0.0,0.0,0.03424466398139387,94
97.04,0.03598780270604638,0.005950441514937121,0.001068219452129993,0.0,0.0,0.03425042773565377,94
97.06,0.03599359477376111,0.005948901404841971,0.0010681099579461387,0.0,0.0,0.0342561181770202,94
97.08,0.0359992507921326,0.005947323901429624,0.0010679989675418603,0.0,0.0,0.03426173009225266,94
97.10000000000001,0.03600476482047854,0.005945709360831019,0.0010678865093877432,0.0,0.0,0.034267258864590706,94
97.12,0.03601013148676096,0.005944058143241874,0.0010677726312016999,0.0,0.0,0.03427270048142083,94
97.14,0.03601532849295899,0.00594318785453184,0.0010676574318930728,0.0,0.0,0.034278034192350475,94
97.16,0.036020316223630944,0.005942855866235236,0.0010675401228965621,0.0,0.0,0.03428322212246181,94
97.18,0.03602514395913718,0.005942484886615829,0.0010674214987479445,0.0,0.0,0.03428831456835903,94
97.2,0.036029808586934595,0.00594207526571867,0.0010673015738375433,0.0,0.0,0.03429330993189821,94
97.22,0.03603430753951851,0.00594162732847189,0.0010671804559771912,0.0,0.0,0.034298207202223166,94
97.24000000000001,0.0360386387814744,0.005941141410312011,0.0010670581381756808,0.0,0.0,0.034303005944336586,94
97.26,0.03604280079464014,0.005940617845083734,0.001066934608000628,0.0,0.0,0.03430770628584595,94
97.28,0.0360467305669099,0.005940056963068286,0.0010668114917244506,0.0,0.0,0.03431224694395174,94
97.3,0.03605083329928039,0.005939459090735853,0.001066687752455874,0.0,0.0,0.034316762368714664,94
97.32000000000001,0.03605489851864981,0.005938824548827552,0.0010665628443627343,0.0,0.0,0.034321541326444126,94
97.34,0.03605879721474338,0.005938153664647907,0.00106643682077325,0.0,0.0,0.034326227132763835,94
97.36,0.03606253408391718,0.005937446749691731,0.0010663097366016678,0.0,0.0,0.03433082248389915,94
97.38,0.03606610211972711,0.005936704126444333,0.0010661815420202822,0.0,0.0,0.03433533053438484,94
97.4,0.036069502902841416,0.005935926109170368,0.0010660553407192748,0.0,0.0,0.034339754876958804,93
97.42,0.0360727383706498,0.005935112986840605,0.0010659593666881228,0.0,0.0,0.034344099521858164,93
97.44,0.036076201193793025,0.005934265061474448,0.0010658697646477753,0.0,0.0,0.03434836887551168,93
97.46000000000001,0.03607967955043095,0.005933382627044163,0.0010657791870305278,0.0,0.0,0.03435256771859637,93
97.48,0.03608299964335251,0.005932465973648964,0.0010656876566039883,0.0,0.0,0.03435670118340342,93
97.5,0.036086164594073745,0.005931515386470252,0.0010655951536543674,0.0,0.0,0.03436077473044084,94
97.52,0.03608917775451943,0.005930531145321552,0.001065501693465532,0.0,0.0,0.03436479412418516,94
97.54,0.036092042678903175,0.00592951352449734,0.001065407293239778,0.0,0.0,0.03436876540788642,94
97.56,0.036094763094422534,0.005928462792632375,0.0010653119709248258,0.0,0.0,0.034372694877325534,94
97.58,0.03609749095136442,0.005927379212571072,0.0010652157453958841,0.0,0.0,0.034376589053425124,94
97.60000000000001,0.036100172148892634,0.005926263041246522,0.001065118636639644,0.0,0.0,0.0343804546536222,93
97.62,0.0361027230642075,0.005925114530928837,0.0010650209717789998,0.0,0.0,0.034384298561924743,93
97.64,0.03610515432702485,0.005923933925303176,0.0010649226284764482,0.0,0.0,0.03438812779759526,93
97.66,0.03610746916102854,0.005922721462674002,0.0010648246593220286,0.0,0.0,0.034392060588980415,93
97.68,0.03610966622996707,0.00592147737552508,0.0010647260506343004,0.0,0.0,0.03439636090155741,93
97.7,0.03611174956262512,0.0059202018899163445,0.001064626679784566,0.0,0.0,0.03440066758192166,93
97.72,0.03611391478418015,0.005918896316097976,0.0010645265847909243,0.0,0.0,0.034404987852124785,93
97.74000000000001,0.03611688694843561,0.005917560133311557,0.0010644259717265193,0.0,0.0,0.03440932889274063,93
97.76,0.03611979564631109,0.005916193169774238,0.0010643251056369242,0.0,0.0,0.034413697804152134,93
97.78,0.03612264055822579,0.005914795622909088,0.001064236790626274,0.0,0.0,0.034418101567216954,93
97.8,0.036125421458858414,0.005913367678265578,0.0010641481301100306,0.0,0.0,0.03442254700364721,93
97.82000000000001,0.036128142022525477,0.005911909522546361,0.0010640590699505493,0.0,0.0,0.03442704073650222,92
97.84,0.036130805583020925,0.005910421335757387,0.0010639697494074485,0.0,0.0,0.03443158915124989,92
97.86,0.03613341509137381,0.005908903291189367,0.0010638802097405963,0.0,0.0,0.03443619835790325,92
97.88,0.03613597307503031,0.005907532419725029,0.0010637902928407976,0.0,0.0,0.034440874154777604,92
97.9,0.03613848159902426,0.005907376575964646,0.0010637001390481312,0.0,0.0,0.03444562199443919,94
97.92,0.036141855519841906,0.005907187592873962,0.0010636107409945292,0.0,0.0,0.034450446952424066,94
97.94,0.03614566548403864,0.005906965605764996,0.0010635219936705749,0.0,0.0,0.03445535369929501,94
97.96000000000001,0.03614947374915497,0.005906710749789857,0.0010634330299793635,0.0,0.0,0.03446034647657238,94
97.98,0.036153281800699016,0.005906423147796588,0.00106334389672729,0.0,0.0,0.034465429077022734,95
98.0,0.03615709058465634,0.005907432757263652,0.0010632546487793469,0.0,0.0,0.03447060482971683,95
98.02,0.03616090049452081,0.005908717772428746,0.0010631674241526469,0.0,0.0,0.034475876590180476,95
98.04,0.03616471136349545,0.005909966023634623,0.0010630808404057512,0.0,0.0,0.034481246735859776,94
98.06,0.036168522461968444,0.005911177584461932,0.0010629945021266105,0.0,0.0,0.034486801029518864,94
98.08,0.036172332500258725,0.005912352520914394,0.0010629376559763478,0.0,0.0,0.034492902011390714,94
98.10000000000001,0.03617613963651788,0.005913490891990897,0.0010628869539973228,0.0,0.0,0.03449910498060181,94
98.12,0.0361811907278378,0.005914592793133966,0.0010628364919986408,0.0,0.0,0.03450541046465474,93
98.14,0.036186299229018046,0.005915658269627729,0.001062786311182512,0.0,0.0,0.034511818570326556,93
98.16,0.036191435262037296,0.00591668732960656,0.001062736424966031,0.0,0.0,0.03451832900976316,93
98.18,0.03619659622712216,0.0059176799971433335,0.0010626870917710626,0.0,0.0,0.03452494113066905,93
98.2,0.03620177913129537,0.0059186363058175715,0.0010626381906941244,0.0,0.0,0.034531653950177446,93
98.22,0.036206980622899954,0.005919556268322269,0.0010625898237563872,0.0,0.0,0.034538466191981074,93
98.24000000000001,0.03621219702884417,0.00592043989844589,0.0010625458099404836,0.0,0.0,0.034545376326311716,93
98.26,0.036218281320074645,0.005921287208073947,0.0010625049993929496,0.0,0.0,0.03455238261237227,93
98.28,0.03622480602661366,0.005922098198122355,0.001062464641981919,0.0,0.0,0.03455948314284447,93
98.3,0.03623137142508439,0.00592395986735957,0.0010624249181942005,0.0,0.0,0.03456667589010931,93
98.32000000000001,0.0362379742161577,0.005925824759252983,0.0010623860049335625,0.0,0.0,0.03457395875382353,93
98.34,0.03624461104322476,0.005927649603874115,0.0010623475506151786,0.0,0.0,0.03458132960948875,93
98.36,0.03625127854022538,0.005929434327623778,0.0010623096248580139,0.0,0.0,0.03458878635762963,93
98.38,0.03625797337959922,0.005931178824686867,0.0010622721574836118,0.0,0.0,0.034596326973162894,93
98.4,0.0362646923198954,0.005932882996147717,0.0010622351475760767,0.0,0.0,0.034603949554493786,93
98.42,0.03627143225252358,0.005934546729409489,0.001062198599866145,0.0,0.0,0.034611652371823974,93
98.44,0.036278293954819074,0.005936169894145679,0.0010621626960229606,0.0,0.0,0.034619433914100724,93
98.46000000000001,0.036285296256814495,0.005937752355416975,0.0010621272324754215,0.0,0.0,0.03462729293398687,93
98.48,0.03629275612909465,0.005939293967360934,0.0010621081053612989,0.0,0.0,0.03463519794918873,93
98.5,0.0363002074052669,0.0059407945687215144,0.0010621117097553798,0.0,0.0,0.03464313836733471,92
98.52,0.03630766929263327,0.0059422539848831574,0.0010621159005639355,0.0,0.0,0.034651154581457067,92
98.54,0.036315140363249974,0.00594367213919138,0.0010621204374875023,0.0,0.0,0.03465924678565061,92
98.56,0.03632261957295628,0.005945048782927368,0.00106212531853388,0.0,0.0,0.03466741560921456,92
98.58,0.03633010627817346,0.005946384401228328,0.001062130784806521,0.0,0.0,0.03467566213559976,92
98.60000000000001,0.036337600246122224,0.00594767831423213,0.0010621368273220403,0.0,0.0,0.034683987914860055,92
98.62,0.03634524008802857,0.005948930030681394,0.0010621430829826244,0.0,0.0,0.03469239496915929,92
98.64,0.03635298918481724,0.005950139307953971,0.0010621495066874382,0.0,0.0,0.034700885790980115,92
98.66,0.036360749637603905,0.0059513058622585645,0.001062156071307456,0.0,0.0,0.0347094633337891,92
98.68,0.03636852284107106,0.005952429418528601,0.0010621627557644538,0.0,0.0,0.03471813099502606,92
98.7,0.03637631054119735,0.005953983295979754,0.0010621695562307363,0.0,0.0,0.03472689259140913,92
98.72,0.03638411480013958,0.005955734978609471,0.001062176405603368,0.0,0.0,0.0347357523266747,92
98.74000000000001,0.03639204581587091,0.005957436924732065,0.0010621832730359764,0.0,0.0,0.03474471475200726,91
98.76,0.03640115459303698,0.0059590888069901825,0.0010621901903431423,0.0,0.0,0.03475378471955465,91
98.78,0.03641032500702666,0.005960690287387797,0.0010621970396548215,0.0,0.0,0.03476296732957094,91
98.8,0.036419561105749884,0.005962241019072342,0.0010622038028858913,0.0,0.0,0.03477226787187819,91
98.82000000000001,0.03642886702538405,0.005963740656304919,0.0010622104939037817,0.0,0.0,0.03478169176248993,91
98.84,0.036438261371849995,0.005965188822912504,0.0010622170728803446,0.0,0.0,0.03479124447638548,91
98.86,0.036448251545568223,0.005966585132574338,0.001062223376904091,0.0,0.0,0.03480093147756245,91
98.88,0.03645832303977118,0.005967929196277437,0.00106223365135205,0.0,0.0,0.0348107581476152,91
98.9,0.03646847963398481,0.005969220619725315,0.0010622436882453893,0.0,0.0,0.034820729714182146,90
98.92,0.036478724836500526,0.005970459004322069,0.0010622531653712527,0.0,0.0,0.034830851180667144,90
98.94,0.036489061814578796,0.005971643933193068,0.0010622620084431592,0.0,0.0,0.034841127258657976,90
98.96000000000001,0.036499493328588,0.005972774991575147,0.0010622701414688912,0.0,0.0,0.03485179107192542,90
98.98,0.036510021671381496,0.005973851751135081,0.0010622775002486584,0.0,0.0,0.03486284270099605,90
99.0,0.03652064861408231,0.005974873787544859,0.0010622839910958012,0.0,0.0,0.0348740601417724,90
99.02,0.03653137535926178,0.005975840672205303,0.0010622895506948449,0.0,0.0,0.034885446362040544,90
99.04,0.03654220250227661,0.005976752405378009,0.0010622940366623694,0.0,0.0,0.03489700378514201,90
99.06,0.036553130001276656,0.005977608637616159,0.0010622975113579723,0.0,0.0,0.034908734263251334,90
99.08,0.03656415715613273,0.005979157638271102,0.001062299797692836,0.0,0.0,0.03492063905976267,90
99.10000000000001,0.036575282596270485,0.00598133867022184,0.0010623007318155224,0.0,0.0,0.03493271884077069,90
99.12,0.03658650440328095,0.005983458436670356,0.0010623392467306633,0.0,0.0,0.03494497367538785,90
99.14,0.036597833320888624,0.005985516523005638,0.0010624175655983485,0.0,0.0,0.034957403044427744,90
99.16,0.03660925256250447,0.005988026665738577,0.0010624944862349097,0.0,0.0,0.03497000585681702,90
99.18,0.036620758119884626,0.005991370816116213,0.001062569521813108,0.0,0.0,0.034982780472979834,90
99.2,0.036632345371734806,0.005994648610848812,0.001062642761851533,0.0,0.0,0.034995724734375046,90
99.22,0.03664400911389954,0.005997859655615195,0.0010627379093378232,0.0,0.0,0.03500883599834724,90
99.24000000000001,0.03665574359391507,0.006001003572844826,0.0010628878774359776,0.0,0.0,0.03502261262818909,90
99.26,0.03666759193104127,0.006004080002337572,0.0010630355461111918,0.0,0.0,0.03503659536902994,90
99.28,0.03668003634827069,0.0060070886025680595,0.0010631807689452514,0.0,0.0,0.03505073409648843,92
99.3,0.03669247228012804,0.006010029051845201,0.001063322192735368,0.0,0.0,0.035064966188950476,92
99.32000000000001,0.03670570990065749,0.006012901004564099,0.0010634598726144723,0.0,0.0,0.03507929799630583,92
99.34,0.03671979077150924,0.006015704160359006,0.001063594874747025,0.0,0.0,0.0350937727754361,92
99.36,0.03673395902791949,0.00601843824944362,0.0010637272014685961,0.0,0.0,0.035108385763740244,92
99.38,0.03674820787409357,0.006021103046028393,0.0010638566949546808,0.0,0.0,0.0351231321005537,92
99.4,0.036762523426090654,0.00602369832952238,0.0010639833154867883,0.0,0.0,0.03513800688081739,92
99.42,0.03677689901962894,0.006026223912191538,0.0010641071127165025,0.0,0.0,0.035153005208386705,92
99.44,0.03679132798228482,0.006028698027878083,0.0010642279740264494,0.0,0.0,0.03516862490367108,92
99.46000000000001,0.03680580368204489,0.006031122579936832,0.001064370266745785,0.0,0.0,0.03518444939826347,92
99.48,0.036820319573566775,0.006033476958056206,0.0010645258456597343,0.0,0.0,0.03520038223503927,92
99.5,0.03683486924135404,0.0060357610633975925,0.001064678392685798,0.0,0.0,0.03521641906443842,92
99.52,0.03684944643899461,0.006037974828873652,0.0010648675046013576,0.0,0.0,0.03523255578477377,92
99.54,0.03686404512358226,0.006040118186991696,0.001065055365775431,0.0,0.0,0.0352487885792949,92
99.56,0.036878659484444215,0.006042191094970929,0.0010652401928432501,0.0,0.0,0.03526511394769973,92
99.58,0.03689328396534023,0.006045058567986937,0.0010654220705714108,0.0,0.0,0.03528152873128237,92
99.60000000000001,0.03690887654993048,0.006048843828021769,0.0010656012675408428,0.0,0.0,0.035298030130987375,92
99.62,0.03692479811563581,0.006052552321264562,0.0010657775592594972,0.0,0.0,0.03531461571776488,93
99.64,0.036940753150210864,0.006056183988997431,0.0010659510017440746,0.0,0.0,0.035331283434782,93
99.66,0.03695673844284701,0.006059738789228125,0.001066121869832694,0.0,0.0,0.03534803159124165,93
99.68,0.03697275108104171,0.00606321666156157,0.001066291501017276,0.0,0.0,0.03536485884777953,93
99.7,0.03698878842583794,0.006066617573948923,0.001066459478492511,0.0,0.0,0.03538176419364709,93
99.72,0.03700484807913484,0.006069941553574839,0.0010666248573761306,0.0,0.0,0.03539874691613071,93
99.74000000000001,0.037020927843756816,0.006073188516435026,0.001066787690398814,0.0,0.0,0.03541580656289572,93
99.76,0.03703702567719239,0.006076358438953761,0.0010669480410475333,0.0,0.0,0.03543294289816479,93
99.78,0.037053139640111525,0.006079451307909469,0.0010671060019530022,0.0,0.0,0.035450155853837,93
99.8,0.037070566734429315,0.00608246712765742,0.0010672617250351573,0.0,0.0,0.03546744547681197,92
99.82000000000001,0.037088259306548084,0.006085405898909095,0.0010674163712091067,0.0,0.0,0.0354848118738994,91
99.84,0.03710601064515262,0.006088267600912915,0.0010675937826155905,0.0,0.0,0.035502559871060844,91
99.86,0.03712382030989754,0.006091052274541907,0.001067787524542876,0.0,0.0,0.035520679318343754,91
99.88,0.03714168774471672,0.006093759899086075,0.0010679792081043215,0.0,0.0,0.035538874654303415,91
99.9,0.03715961294174936,0.00609639045159769,0.001068168929289005,0.0,0.0,0.03555714568411568,90
99.92,0.037177607859106884,0.006098944027787634,0.0010683571307618955,0.0,0.0,0.03557566358223141,90
99.94,0.037195657804833325,0.006101420529898876,0.0010685436890078182,0.0,0.0,0.03559468252740312,90
99.96000000000001,0.037213761297781665,0.006103819961877068,0.0010687285514052792,0.0,0.0,0.03561377421761361,90
99.98,0.037231916536544764,0.006106142331931354,0.0010689117414925196,0.0,0.0,0.03563293743258057,90
100.0,0.03725012137637405,0.006108387640991406,0.001069093334202747,0.0,0.0,0.0356521706213989,90
100.02,0.03726837331239872,0.006110555889784755,0.0010692734091103926,0.0,0.0,0.03567147188622416,90
100.04,0.037286669468829185,0.006112647127362983,0.00106945204120057,0.0,0.0,0.03569083897195965,90
100.06,0.03730500659366105,0.006114661316715971,0.0010696292771803777,0.0,0.0,0.03571026926146616,90
100.08,0.03732338105828378,0.006116598462057214,0.0010698051994964377,0.0,0.0,0.03572975977570301,90
100.10000000000001,0.03734216233130348,0.006118458572005272,0.0010699784756637361,0.0,0.0,0.035749255474162966,90
100.12,0.037361024070567295,0.006120255687034954,0.0010701498529242434,0.0,0.0,0.035768778326040626,90
100.14,0.03737990945360347,0.006121996020923827,0.0010703200421491373,0.0,0.0,0.03578835044327998,90
100.16,0.037398813417910085,0.006123659313677281,0.0010704890776656525,0.0,0.0,0.03580796747742272,89
100.18,0.037417730574868587,0.0061252455816643726,0.001070656974747269,0.0,0.0,0.0358276247718308,89
100.2,0.037436655227264845,0.006126754849782791,0.0010708237360654107,0.0,0.0,0.0358473173800038,89
100.22,0.03745558138885717,0.006128187165159102,0.001070989365360069,0.0,0.0,0.035867040086004026,89
100.24000000000001,0.037474502806046486,0.0061295425321730036,0.0010711538581597766,0.0,0.0,0.03588678742704777,89
100.26,0.03749341298176136,0.0061308209875710045,0.0010713477678406383,0.0,0.0,0.035906553718378115,89
100.28,0.037512305201673736,0.00613202254601791,0.001071553491377553,0.0,0.0,0.035926333080536416,88
100.3,0.037531172562803916,0.0061331472454832425,0.0010717580304364111,0.0,0.0,0.03594611946909212,89
100.32000000000001,0.037550008004458804,0.006134195129626626,0.0010719613864152817,0.0,0.0,0.03596590670677365,88
100.34,0.037568804341281146,0.006135166246592131,0.0010721634980977864,0.0,0.0,0.03598568851777732,88
100.36,0.037587554297987366,0.006136060810743185,0.0010723642867469534,0.0,0.0,0.03600545856382898,88
100.38,0.037606250545153215,0.006136878757395329,0.0010725637086134365,0.0,0.0,0.036025210481354535,88
100.4,0.03762488573519284,0.006137620124337006,0.0010727617158138212,0.0,0.0,0.03604493791890183,88
100.42,0.03764345253749136,0.006138284983213869,0.0010729582275508134,0.0,0.0,0.03606463457376967,89
100.44,0.03766194367151205,0.006138873414625451,0.0010731532050394898,0.0,0.0,0.03608429422666191,89
100.46000000000001,0.03768035786229417,0.006139385508030422,0.0010733465619410484,0.0,0.0,0.03610391077311135,89
100.48,0.03769869057676525,0.0061398214619609575,0.0010735383010401552,0.0,0.0,0.03612347825042253,89
100.5,0.0377169264684444,0.006140182064123888,0.0010737287059894203,0.0,0.0,0.03614299085896844,89
100.52,0.03773506600318816,0.0061404724727180835,0.0010739176622595653,0.0,0.0,0.03616244297684384,89
100.54,0.03775310192364449,0.006140715370312896,0.00107410473564871,0.0,0.0,0.03618182916711775,89
100.56,0.03777102105971879,0.006140882456759282,0.0010742898852441497,0.0,0.0,0.03620114417722912,89
100.58,0.03778881699511007,0.006140973869343525,0.0010744729942751344,0.0,0.0,0.03622038293041245,89
100.60000000000001,0.03780648342564113,0.00614098975358398,0.0010746539792858226,0.0,0.0,0.03623954050940974,90
100.62,0.03782401413387905,0.0061409302872069815,0.00107483276597288,0.0,0.0,0.036258612133095135,90
100.64,0.037841402957575584,0.006140795643950785,0.00107500928626003,0.0,0.0,0.036277593126995605,90
100.66,0.03785909868542165,0.006140585959364016,0.0010751834768751795,0.0,0.0,0.03629647888900939,90
100.68,0.03787681182500167,0.006141019664098727,0.0010753554020382044,0.0,0.0,0.036315264851893264,90
100.7,0.03789436368153903,0.006142134600900366,0.0010755249327998064,0.0,0.0,0.03633394644428981,90
100.72,0.037911747924844225,0.006143169185453483,0.0010756919474702099,0.0,0.0,0.03635251905219042,90
100.74000000000001,0.037928958082547086,0.006144123721201141,0.001075856667440443,0.0,0.0,0.03637097798276703,91
100.76,0.03794598750542848,0.0061449986801882794,0.0010760187149489772,0.0,0.0,0.03638931843245508,91
100.78,0.03796282933859731,0.006145794075717566,0.0010761780841670949,0.0,0.0,0.03640753546102907,91
100.8,0.03797947650002191,0.006146510189059327,0.0010763501763769226,0.0,0.0,0.03642562397318827,91
100.82000000000001,0.03799675038839618,0.0061471473144133855,0.0010765420896680386,0.0,0.0,0.0364435787088713,91
100.84,0.038014270962949646,0.006147705759719913,0.0010767310148536325,0.0,0.0,0.03646139424315976,91
100.86,0.038031625737673096,0.006148185846104778,0.0010769168656303211,0.0,0.0,0.03647906499622987,91
100.88,0.03804879499342435,0.006148587898984191,0.0010770995551648119,0.0,0.0,0.03649658525338971,91
100.9,0.0380657716390507,0.0061489122609564495,0.0010772789965449003,0.0,0.0,0.03651394919481938,91
100.92,0.03808254868219456,0.006149159291028676,0.0010774551033010259,0.0,0.0,0.036531150934236034,91
100.94,0.03809949093899329,0.006149329362926854,0.0010776277899821195,0.0,0.0,0.0365481845653567,91
100.96000000000001,0.03811631409023245,0.006149422865395959,0.001077796972767177,0.0,0.0,0.03656504421474718,91
100.98,0.03813292586202377,0.006149458703232641,0.001077962570092546,0.0,0.0,0.036581724099437156,91
101.0,0.03814931956285444,0.006149608555672503,0.0010781245032746543,0.0,0.0,0.036598218587562965,91
101.02,0.03816548867290068,0.006149682641429687,0.001078282697108718,0.0,0.0,0.036614522260264,91
101.04,0.03818142792113278,0.006149681410628875,0.0010784370988904828,0.0,0.0,0.03663062997311122,91
101.06,0.038197142984502185,0.006149636619170006,0.0010785877026988756,0.0,0.0,0.03664653691547106,91
101.08,0.03821261560421857,0.006149520683467565,0.0010787344458368727,0.0,0.0,0.036662238666393454,91
101.10000000000001,0.03822784051529341,0.006149330826140463,0.001078877236068044,0.0,0.0,0.036677731245843025,91
101.12,0.038242812887774855,0.006149067607804374,0.0010790159915631745,0.0,0.0,0.03669301116034899,91
101.14,0.038257528363901346,0.006148872592726084,0.001079150666387616,0.0,0.0,0.036708075442413994,91
101.16,0.03827198308853814,0.006148691006350165,0.001079281214499058,0.0,0.0,0.036722921683281444,91
101.18,0.03828617373273164,0.006148436919370603,0.0010794076026512524,0.0,0.0,0.03673754805889911,91
101.2,0.03830010367274031,0.006148110883328258,0.0010795298034479504,0.0,0.0,0.03675248676216077,91
101.22,0.03831377852102117,0.006147713454623003,0.0010796477952253144,0.0,0.0,0.03676727712773057,92
101.24000000000001,0.0383272024464314,0.006147245197994401,0.001079761561876431,0.0,0.0,0.036782074097277115,92
101.26,0.03834132962350194,0.006146706683771125,0.0010798711004874418,0.0,0.0,0.036796891376630156,92
101.28,0.03835566027762481,0.006146098486721476,0.0010799764216037713,0.0,0.0,0.03681148748279756,92
101.3,0.038369766365722834,0.006145421184907677,0.001080077677377469,0.0,0.0,0.036825864293736556,92
101.32000000000001,0.03838365005947896,0.006144675358912316,0.0010801795992090388,0.0,0.0,0.03684002428381905,92
101.34,0.03839731410110638,0.006143861590777894,0.0010802776282079019,0.0,0.0,0.03685397050688332,92
101.36,0.03841076178308545,0.006142980460613537,0.0010803719405781057,0.0,0.0,0.036867706576093,92
101.38,0.03842393136534702,0.006142032548753816,0.0010804603053310214,0.0,0.0,0.03688117049433356,92
101.4,0.03843686637947648,0.006141018386562675,0.0010805438775345615,0.0,0.0,0.036894406485420125,92
101.42,0.03844959808485189,0.006139938548103939,0.0010806234422338983,0.0,0.0,0.03690744639491266,92
101.44,0.038462131721480254,0.006138793577605862,0.0010806990518165336,0.0,0.0,0.03692029582098133,92
101.46000000000001,0.03847447294257276,0.0061375840415678826,0.001080770759982733,0.0,0.0,0.0369332598835998,93
101.48,0.03848662778156439,0.006136310500762276,0.0010808385887853876,0.0,0.0,0.036946340917344445,93
101.5,0.03849860261755168,0.0061349735094461,0.0010809025147910422,0.0,0.0,0.036959249743718496,93
101.52,0.03851099796357794,0.006133573657444449,0.0010809625672758604,0.0,0.0,0.03697199345250699,93
101.54,0.038523297859871686,0.006132302839972519,0.0010810187761975266,0.0,0.0,0.03698457941561637,93
101.56,0.038535437672430464,0.006131000414510194,0.001081071171885202,0.0,0.0,0.0369970152480537,93
101.58,0.0385474247869469,0.006129636109001913,0.0010811197847352522,0.0,0.0,0.03700930876737585,93
101.60000000000001,0.03855926673888628,0.00612821044072142,0.0010811646449124797,0.0,0.0,0.03702146795162252,93
101.62,0.038570903617510685,0.006126723912167244,0.001081188019970814,0.0,0.0,0.03703345086323879,93
101.64,0.03858240772340582,0.006125176963979109,0.0010812069935582033,0.0,0.0,0.03704531349230629,94
101.66,0.03859378970047608,0.006123570075874629,0.0010812223438816048,0.0,0.0,0.03705706619918221,94
101.68,0.03860500030554811,0.006121903719033407,0.0010812483998976438,0.0,0.0,0.03706864928260629,94
101.7,0.03861609030967678,0.006120178334138566,0.001081312422239149,0.0,0.0,0.037080122330970744,94
101.72,0.03862708102221199,0.0061183943641382734,0.0010813731852906037,0.0,0.0,0.03709150982758716,94
101.74000000000001,0.03863797973734505,0.006116552244781232,0.0010814303973150662,0.0,0.0,0.037102819589580435,94
101.76,0.03864879352194308,0.006114652400034811,0.0010814840889013376,0.0,0.0,0.03711405921916524,94
101.78,0.03865952916819188,0.006112695242127006,0.0010815342745696588,0.0,0.0,0.03712523605656942,94
101.8,0.038670193147942525,0.006110681175435379,0.001081580946228165,0.0,0.0,0.037136357134684016,94
101.82000000000001,0.038680791569478803,0.00610861059892441,0.0010816241139623734,0.0,0.0,0.03714742913616048,94
101.84,0.038691330137458846,0.0061064839067326675,0.0010816639929894895,0.0,0.0,0.03715845835371163,94
101.86,0.03870181411679125,0.006104301466875345,0.0010817004339951177,0.0,0.0,0.037169450654379786,94
101.88,0.03871224830118166,0.006102063605974136,0.001081733468362102,0.0,0.0,0.03718071832387584,94
101.9,0.038722708210944555,0.006099770670812244,0.0010817629911979863,0.0,0.0,0.0371920940429543,94
101.92,0.0387332826122708,0.0060974229987646985,0.001081789093005976,0.0,0.0,0.037203447050516245,94
101.94,0.03874383030011924,0.006095020918396881,0.0010818125360483764,0.0,0.0,0.03721478125627553,94
101.96000000000001,0.038754971306826355,0.006092564750147371,0.0010818331111837043,0.0,0.0,0.037226100047837773,94
101.98,0.03876612630552192,0.0060900548071481965,0.0010818502096480356,0.0,0.0,0.03723740629081014,94
102.0,0.03877725083962731,0.006087491400366579,0.0010818638216041404,0.0,0.0,0.03724882350371176,94
102.02,0.03878888095827594,0.006084874825026741,0.0010818738960403115,0.0,0.0,0.03726055412124532,94
102.04,0.03880061395379709,0.006082219701173168,0.0010818890508473276,0.0,0.0,0.037272277276445075,94
102.06,0.03881231750601089,0.006079526360919905,0.0010819351549814784,0.0,0.0,0.03728399387497857,94
102.08,0.03882399132286017,0.006076780743950925,0.0010819777262725358,0.0,0.0,0.03729570438935788,95
102.10000000000001,0.03883563468763747,0.006073983146758496,0.001082016744828172,0.0,0.0,0.03730740888923251,95
102.12,0.038847246490279326,0.006071133856456184,0.001082052184192506,0.0,0.0,0.03731910707368896,95
102.14,0.038858788308796056,0.006068233136257032,0.001082085882933668,0.0,0.0,0.037330759993271394,95
102.16,0.03887026308190353,0.00606528175562937,0.0010821177423566523,0.0,0.0,0.037342371614649365,95
102.18,0.03888170098662822,0.006062279881496229,0.0010821464435711921,0.0,0.0,0.03735397418227241,95
102.2,0.0388930996612326,0.0060592273988428974,0.0010821714672898906,0.0,0.0,0.03736556624596128,96
102.22,0.03890445650827793,0.006056124634723521,0.0010821928593587314,0.0,0.0,0.037377146148474774,96
102.24000000000001,0.038915768723093436,0.006052972177738459,0.00108221115301459,0.0,0.0,0.0373887120553175,96
102.26,0.03892703332099538,0.006049769973941768,0.0010822264556898348,0.0,0.0,0.03740026198335705,96
102.28,0.03893824716345249,0.006046518309072113,0.0010822382271961676,0.0,0.0,0.03741179382844941,96
102.3,0.03894940698345424,0.006043217476703449,0.0010822464206155526,0.0,0.0,0.037423305392331276,96
102.32000000000001,0.038960509410334236,0.006039867772638393,0.0010822509369229555,0.0,0.0,0.03743479440903463,96
102.34,0.038971550994236784,0.0060364694984618725,0.001082252119212636,0.0,0.0,0.03744625857101453,96
102.36,0.03898276233234069,0.006033022966600534,0.0010822498788252944,0.0,0.0,0.03745769555506549,96
102.38,0.0389941874601154,0.00602952848750909,0.0010822440328152533,0.0,0.0,0.03746910304795108,96
102.4,0.039005540448176994,0.006025986413296882,0.001082234651494894,0.0,0.0,0.03748047877150281,96
102.42,0.03901681776704447,0.006022397021264348,0.001082221678098523,0.0,0.0,0.03749182050678159,96
102.44,0.039028015922052094,0.006018760636489547,0.001082205152228123,0.0,0.0,0.03750327550645543,96
102.46000000000001,0.03903913147174539,0.006015077589426368,0.0010821862869687634,0.0,0.0,0.03751499231813722,96
102.48,0.039051056528806735,0.006011348215564181,0.0010821648265951556,0.0,0.0,0.03752666859220893,96
102.5,0.03906326363507233,0.0060075728554004415,0.001082140038644552,0.0,0.0,0.03753830254894474,96
102.52,0.03907541656200081,0.006003757824376909,0.0010821119302313914,0.0,0.0,0.03754989255313755,96
102.54,0.03908751350662085,0.005999959298210793,0.0010820804191916313,0.0,0.0,0.037561437119684835,96
102.56,0.03909954328870659,0.005996123011095703,0.0010820484245750261,0.0,0.0,0.03757292538325609,96
102.58,0.03911145227807642,0.005992242037342999,0.0010820162035332609,0.0,0.0,0.03758430399532865,96
102.60000000000001,0.03912330079547674,0.005988316700367337,0.0010819808397623909,0.0,0.0,0.037595633667566984,96
102.62,0.03913508757110045,0.005984358503266584,0.001081942394913615,0.0,0.0,0.03760691347265302,96
102.64,0.03914681143344942,0.005980381292474715,0.001081901092539493,0.0,0.0,0.037618142588418425,96
102.66,0.03915847128733411,0.005976566990758642,0.0010818567431560512,0.0,0.0,0.03762962171525909,96
102.68,0.03917006608903653,0.005972766456218161,0.0010818093292553218,0.0,0.0,0.03764124086611385,96
102.7,0.039181596992112225,0.005968941841559637,0.0010817589437257956,0.0,0.0,0.03765280654130678,96
102.72,0.03919305128071381,0.00596507745788921,0.0010817055297479197,0.0,0.0,0.037664298886827256,96
102.74000000000001,0.0392042599076965,0.005961170196961295,0.0010816500987358491,0.0,0.0,0.0376755584973278,96
102.76,0.03921538770810157,0.0059572203942065685,0.0010815924166430887,0.0,0.0,0.037686750989415166,96
102.78,0.03922644532030218,0.005953234412267301,0.001081541877108866,0.0,0.0,0.03769788740665996,96
102.8,0.039237431436992154,0.00594923072973136,0.001081488540664346,0.0,0.0,0.03770896685776835,96
102.82000000000001,0.03924834462022421,0.0059452147657939386,0.0010814325048998119,0.0,0.0,0.03771998833074193,96
102.84,0.03925918328313821,0.005941158850063182,0.0010813739789997682,0.0,0.0,0.03773095067500383,96
102.86,0.039269945675084135,0.005937062615137948,0.0010813129648990151,0.0,0.0,0.03774185258693022,96
102.88,0.039280629870282906,0.005932926022443479,0.0010812494387526222,0.0,0.0,0.037752692598928834,96
102.9,0.03929123376002275,0.005928749438828348,0.0010811837566204864,0.0,0.0,0.037763469072062336,96
102.92,0.03930175504825926,0.0059245332282165395,0.0010811168916964053,0.0,0.0,0.03777418019208355,96
102.94,0.03931219125036671,0.005920277751407467,0.0010810475366956336,0.0,0.0,0.037784823968629505,96
102.96000000000001,0.039322539694694826,0.005915983394571626,0.001080975689100004,0.0,0.0,0.037795398237227266,96
102.98,0.03933279752650901,0.005911650590453491,0.001080901556171561,0.0,0.0,0.03780590066368922,96
103.0,0.039342961713846276,0.005907279585242757,0.0010808249845992229,0.0,0.0,0.03781632875042849,96
103.02,0.0393531403728298,0.005902870729634222,0.0010807459775007268,0.0,0.0,0.037827301262375684,96
103.04,0.03936352523489968,0.005898424361787992,0.0010806652534810408,0.0,0.0,0.037838123733420576,96
103.06,0.03937375655560129,0.00589394082944599,0.00108058281077959,0.0,0.0,0.037848813014354235,96
103.08,0.03938388015025972,0.0058894216569669875,0.0010804982027578167,0.0,0.0,0.03785941555786588,95
103.10000000000001,0.03939390214356636,0.005886241305742367,0.0010804113610475789,0.0,0.0,0.03786992818096368,95
103.12,0.03940372585835182,0.005883265381289817,0.0010803212162915263,0.0,0.0,0.037880263525321624,95
103.14,0.03941338826777428,0.005880243710400156,0.001080235516630985,0.0,0.0,0.03789046036476106,95
103.16,0.03942292734092446,0.005877176647045604,0.001080148621999543,0.0,0.0,0.03790055730960707,96
103.18,0.039432723485694904,0.00587406458117543,0.0010800599975344103,0.0,0.0,0.03791055077696997,96
103.2,0.03944248463075597,0.005870907898358543,0.001079969888678169,0.0,0.0,0.03792043709999253,96
103.22,0.039452108690843736,0.005867836765202594,0.001079878349386851,0.0,0.0,0.03793047770437136,96
103.24000000000001,0.03946159110907601,0.005864829354763211,0.0010797850720298677,0.0,0.0,0.037940564269135654,96
103.26,0.03947094300639784,0.005861779656880888,0.0010796899725857858,0.0,0.0,0.037950531713522924,96
103.28,0.03948014419041446,0.005858686103010735,0.0010795933361754568,0.0,0.0,0.03796037608669076,95
103.3,0.03948946517066818,0.0058555490585614385,0.0010794951228383339,0.0,0.0,0.03797009337490814,96
103.32000000000001,0.039499022947609486,0.0058523866767638405,0.0010793954534703547,0.0,0.0,0.03797967950483132,96
103.34,0.03950841424578184,0.005849186416346202,0.0010792943388979602,0.0,0.0,0.03798913034647836,96
103.36,0.03951763401034475,0.005845943713059649,0.0010791918506905642,0.0,0.0,0.03799844171581232,96
103.38,0.03952666719948595,0.005842658913283061,0.0010790894933509125,0.0,0.0,0.03800759949314378,96
103.4,0.03953545647566826,0.005839332354934658,0.0010789839744571805,0.0,0.0,0.038016547406441656,96
103.42,0.03954405867819667,0.005835964345756623,0.0010788773550348201,0.0,0.0,0.03802534306752315,96
103.44,0.039552468452312035,0.005832555219793009,0.001078769425358278,0.0,0.0,0.03803398209004743,96
103.46000000000001,0.03956059505938107,0.005829105308822118,0.001078660820471655,0.0,0.0,0.03804237495635672,96
103.48,0.03956892041342833,0.005826179474285263,0.001078551219570244,0.0,0.0,0.03805058278436952,96
103.5,0.039577295784351686,0.005823407247485047,0.001078440579262466,0.0,0.0,0.03805862065166455,96
103.52,0.039585458217381055,0.00582058934539878,0.0010783289734811728,0.0,0.0,0.03806648395893641,96
103.54,0.03959339957360994,0.005817726061921461,0.001078216588952677,0.0,0.0,0.03807416804954428,96
103.56,0.0396011140014474,0.00581481769462575,0.0010781033523797263,0.0,0.0,0.03808166820908309,96
103.58,0.03960859556099433,0.005811864545775566,0.0010780356304977948,0.0,0.0,0.03808897966656532,96
103.60000000000001,0.03961583822632167,0.005808866922280057,0.0010779834898832002,0.0,0.0,0.0380960975978321,96
103.62,0.03962296826268149,0.00580583937282478,0.0010779520375712804,0.0,0.0,0.03810301713177218,97
103.64,0.03963019958423604,0.005802778916816672,0.0010779384602401685,0.0,0.0,0.03810973335983581,97
103.66,0.03963717282264304,0.005800072887570289,0.0010779257480167327,0.0,0.0,0.038116241349193086,97
103.68,0.03964388169226826,0.005798295064119958,0.0010779126444704387,0.0,0.0,0.03812253615971015,97
103.7,0.03965031988140438,0.005796471475994889,0.0010778994595893614,0.0,0.0,0.03812861286471568,97
103.72,0.039656481075039524,0.0057946237909912955,0.0010778853483941705,0.0,0.0,0.038134466575320033,97
103.74000000000001,0.039663323343110894,0.005792810995392877,0.0010778704950225849,0.0,0.0,0.03814020217190011,97
103.76,0.03966999618098197,0.005792279098592565,0.0010778545728275645,0.0,0.0,0.03814619073542762,97
103.78,0.03967640292315525,0.0057916997117194455,0.001077837646554358,0.0,0.0,0.03815194118821739,97
103.8,0.03968253840510602,0.005791073166408087,0.001077820498706578,0.0,0.0,0.038157449090813894,97
103.82000000000001,0.03968859002618474,0.00579039980215619,0.0010778024129116416,0.0,0.0,0.03816271019564689,97
103.84,0.039694725353218455,0.005789679967746284,0.0010777837866946531,0.0,0.0,0.03816772047867134,97
103.86,0.039700574322387557,0.005788914026949076,0.0010777650989208163,0.0,0.0,0.03817247616930083,97
103.88,0.0397061326508202,0.005788102331338081,0.0010777457983512132,0.0,0.0,0.03817714737147316,97
103.9,0.03971139634256596,0.0057872452499740015,0.001077725778607093,0.0,0.0,0.038181923751656174,97
103.92,0.03971637389005785,0.005786343158502599,0.0010777047927046008,0.0,0.0,0.03818643529712288,97
103.94,0.03972092956439221,0.005785396438720295,0.0010776823093887474,0.0,0.0,0.038190556961425676,97
103.96000000000001,0.03972517339004218,0.00578440539932742,0.001077658720738597,0.0,0.0,0.03819440182752136,97
103.98,0.039729110200478486,0.0057833704284687175,0.0010776341059594002,0.0,0.0,0.03819814126097053,97
104.0,0.03973273766570438,0.005782291923750225,0.001077608682550297,0.0,0.0,0.03820200838769643,97
104.02,0.03973605380881511,0.005781182843056257,0.001077582592424461,0.0,0.0,0.03820560123181372,98
104.04,0.039739057004639776,0.005780044829464457,0.0010775557358748804,0.0,0.0,0.038208919128216876,98
104.06,0.03974175390304925,0.0057788647686269935,0.001077527870999511,0.0,0.0,0.03821196178355478,98
104.08,0.03974414414134506,0.0057776438081121135,0.0010774993970716965,0.0,0.0,0.038214729270390435,98
104.10000000000001,0.039746218714727444,0.005776381290176219,0.0010774701508683656,0.0,0.0,0.03821722201933615,98
104.12,0.03974797734081904,0.005775077628450751,0.001077440107391834,0.0,0.0,0.03821944080955005,98
104.14,0.03974942004746673,0.005773733237735113,0.0010774095941383068,0.0,0.0,0.03822138675796174,97
104.16,0.03975054716011994,0.005772348532993962,0.0010773969147946372,0.0,0.0,0.03822306130756705,97
104.18,0.03975135928854896,0.005770923928855708,0.0010774184701678343,0.0,0.0,0.03822446621509899,97
104.2,0.039751857313171456,0.005769459839132765,0.001077439466862446,0.0,0.0,0.03822560353834503,98
104.22,0.03975204237121772,0.005768730499907222,0.0010774594603524818,0.0,0.0,0.0382264756233437,98
104.24000000000001,0.03975191584292759,0.005768573197602556,0.0010774787685475012,0.0,0.0,0.03822708509165515,98
104.26,0.03975147933793556,0.005768628847458851,0.0010774972033694005,0.0,0.0,0.03822743482786511,98
104.28,0.03975073468196735,0.00576952180345821,0.0010775144230851979,0.0,0.0,0.0382275279674475,98
104.3,0.039749683903939556,0.005770370480703754,0.0010775305005967534,0.0,0.0,0.038227367885080125,98
104.32000000000001,0.03974832922352651,0.005771175216454107,0.0010775576903219505,0.0,0.0,0.03822695818348034,98
104.34,0.03974667303923269,0.005771936343594857,0.0010775844503941663,0.0,0.0,0.03822630268280166,98
104.36,0.03974471791698718,0.00577265420202017,0.0010776098710899382,0.0,0.0,0.038225405410611014,98
104.38,0.039742548966334466,0.005773329102171463,0.0010776338343679223,0.0,0.0,0.0382243515591844,98
104.4,0.03974050368044655,0.005773961403243762,0.0010776565301985873,0.0,0.0,0.03822346733865804,98
104.42,0.039738174749788205,0.00577455144048938,0.0010776779411183065,0.0,0.0,0.03822281453645124,98
104.44,0.03973555812042717,0.005775099453256444,0.0010776980611490509,0.0,0.0,0.03822193669235644,98
104.46000000000001,0.03973265704193397,0.0057756057404099795,0.0010777173300503618,0.0,0.0,0.03822083874105187,98
104.48,0.03972947487249532,0.005776070595713059,0.0010777355851695025,0.0,0.0,0.03821952577557189,98
104.5,0.03972601507021353,0.005776495305321169,0.0010777523440094604,0.0,0.0,0.03821800304049442,98
104.52,0.03972228118450392,0.005776885149107096,0.0010777676725590272,0.0,0.0,0.03821627592531505,98
104.54,0.03971827684748703,0.005777265586772001,0.0010777823649589522,0.0,0.0,0.03821434995790896,98
104.56,0.03971400576526498,0.005777605655589804,0.0010777958702290718,0.0,0.0,0.038212230797975165,99
104.58,0.03970947170896282,0.005777905610632738,0.0010778083531004167,0.0,0.0,0.03820992423034813,99
104.60000000000001,0.039704678505408555,0.005778167546141779,0.0010778194668623843,0.0,0.0,0.038207436158056114,98
104.62,0.03969963002731953,0.0057783899808232855,0.0010778291841887539,0.0,0.0,0.038204772594999235,98
104.64,0.039694267259364785,0.0057785730346186495,0.0010778371633804545,0.0,0.0,0.03820187708694181,97
104.66,0.03968864624318119,0.005778716931466168,0.0010778436548601327,0.0,0.0,0.03819880766465255,97
104.68,0.03968272948513396,0.005778821869211145,0.0010778490369023144,0.0,0.0,0.03819552906983651,97
104.7,0.039676501740027,0.005778888045229745,0.0010778581285286895,0.0,0.0,0.0381922238853108,97
104.72,0.0396700386473766,0.005778915645314607,0.0010779041119985393,0.0,0.0,0.03818923513337006,97
104.74000000000001,0.0396633441036846,0.005778904856610785,0.0010779488728276296,0.0,0.0,0.03818610783012454,97
104.76,0.03965642195718711,0.005778855857350294,0.0010779921306300617,0.0,0.0,0.038182848506301645,97
104.78,0.039649275989229495,0.005778768816829707,0.0010780339031265143,0.0,0.0,0.03817946371530665,97
104.8,0.03964190989407113,0.005778643899092061,0.0010780751414889423,0.0,0.0,0.03817596001679791,97
104.82000000000001,0.03963432725709934,0.005778481252849628,0.0010781327443104255,0.0,0.0,0.03817234395884491,97
104.84,0.03962653153147778,0.005778281019868049,0.0010781940432269509,0.0,0.0,0.03816862205870124,97
104.86,0.03961930613961689,0.00577804333406063,0.0010782550836066723,0.0,0.0,0.03816480078227975,97
104.88,0.0396123935401832,0.005777768333690854,0.0010783146034219727,0.0,0.0,0.0381608865224819,97
104.9,0.039605318131137435,0.005779013674944394,0.0010783725610067237,0.0,0.0,0.03815688557660528,97
104.92,0.039598084014367436,0.005780279935002281,0.0010784355660509194,0.0,0.0,0.03815280412313203,97
104.94,0.03959069508522482,0.005781504882775184,0.0010785302527142938,0.0,0.0,0.03814864819828367,98
104.96000000000001,0.03958315500671979,0.005782688578526724,0.0010786418052865768,0.0,0.0,0.03814442367280948,98
104.98,0.039575467184380486,0.005783843276431763,0.0010787516806970345,0.0,0.0,0.03814013622955471,98
105.0,0.03956763474238607,0.005784975505628452,0.0010788601239293508,0.0,0.0,0.03813579134242239,98
105.02,0.039559660501635556,0.0057860674795446486,0.001078967455006928,0.0,0.0,0.038131394257396034,98
105.04,0.03955154696044519,0.0057871385351208225,0.001079073541037276,0.0,0.0,0.038126949976320566,98
105.06,0.03954329627856942,0.0057895497984621945,0.0010791781066764822,0.0,0.0,0.03812246324414271,97
105.08,0.03953491026521181,0.005791916336972312,0.0010792811025836183,0.0,0.0,0.038117938540282,97
105.10000000000001,0.03952654899332922,0.005794238167048553,0.001079382353807343,0.0,0.0,0.0381133203960363,97
105.12,0.03951835042555457,0.005796515338465992,0.00107948209279984,0.0,0.0,0.03810859596019139,97
105.14,0.03951099969559386,0.005798747908135076,0.0010795806378696396,0.0,0.0,0.03810384560113008,97
105.16,0.039504127453165776,0.005800935882269165,0.0010796782986358456,0.0,0.0,0.03809907275106475,97
105.18,0.03949750284082286,0.005803079264664178,0.001079774631144292,0.0,0.0,0.03809428061244602,97
105.2,0.03949078251714367,0.0058051780582901715,0.0010798697958049692,0.0,0.0,0.038089472182167246,97
105.22,0.03948396714676199,0.005807232262439235,0.0010799636782459136,0.0,0.0,0.03808465028099075,97
105.24000000000001,0.03947705718350118,0.005809241875612166,0.0010800563844831652,0.0,0.0,0.038079817587601365,97
105.26,0.039470722476953296,0.00581120689555796,0.0010801476703184124,0.0,0.0,0.038074976676522314,97
105.28,0.03946503628210281,0.005813127321130141,0.0010802373458297068,0.0,0.0,0.038070130058990015,97
105.3,0.03945929328378649,0.0058150031507158305,0.0010803254635468127,0.0,0.0,0.03806528022578721,97
105.32000000000001,0.03945349461096248,0.005816834375410686,0.001080411937692469,0.0,0.0,0.038060429690981175,97
105.34,0.03944764142070117,0.005818620989769116,0.0010804970641625602,0.0,0.0,0.038055581035506686,97
105.36,0.03944173493912079,0.005820367279112694,0.0010805811259632621,0.0,0.0,0.03805073694956922,97
105.38,0.03943577650011266,0.00582210067118712,0.001080663484961845,0.0,0.0,0.03804590027291523,97
105.4,0.039429767581000696,0.005823789266582698,0.0010807441734282243,0.0,0.0,0.038041074032118115,97
105.42,0.03942370983439915,0.00582543306009232,0.001080823094182563,0.0,0.0,0.03803626147414748,97
105.44,0.03941810327957114,0.005827032034458132,0.0010809005229412256,0.0,0.0,0.0380318914282957,97
105.46000000000001,0.039412584625397054,0.0058288030847833995,0.0010809763429009184,0.0,0.0,0.0380277938060182,97
105.48,0.03940702252769451,0.005830583062015236,0.0010810508020788424,0.0,0.0,0.03802371991938583,97
105.5,0.03940141956444324,0.005832317059224852,0.0010811235992663998,0.0,0.0,0.03801967414942222,97
105.52,0.03939597896913078,0.005834005059926411,0.0010811948274220494,0.0,0.0,0.038015661192760244,97
105.54,0.03939079904341277,0.0058356470428549715,0.0010812644014064894,0.0,0.0,0.038011686064545316,96
105.56,0.03938558686669498,0.005837242983096372,0.0010813323549161765,0.0,0.0,0.038007754095796834,96
105.58,0.0393803460416469,0.005838792846531647,0.0010813984853365196,0.0,0.0,0.03800387092528851,95
105.60000000000001,0.039375353446926865,0.005840296594020662,0.0010814627930679022,0.0,0.0,0.038000042486046076,95
105.62,0.03937060184430374,0.005841754179493788,0.0010815260697558087,0.0,0.0,0.03799627498659155,95
105.64,0.03936583294515111,0.005843165549321661,0.0010815879840696675,0.0,0.0,0.03799257488709024,95
105.66,0.03936105112096783,0.0058445306481402625,0.0010816495776089622,0.0,0.0,0.03798894887058481,95
105.68,0.039356260856115724,0.005845849399772691,0.0010817098877771334,0.0,0.0,0.03798540380953531,95
105.7,0.03935146670658969,0.005847121777271691,0.0010817685931173038,0.0,0.0,0.03798194672792611,95
105.72,0.03934667325451057,0.005848347689578894,0.0010818255066731906,0.0,0.0,0.03797858475925556,95
105.74000000000001,0.0393418850587167,0.005849526989153539,0.0010818806835746033,0.0,0.0,0.03797532510079264,95
105.76,0.03933776854545935,0.005850659572921701,0.001081934064288548,0.0,0.0,0.037972174964566195,95
105.78,0.039334037914689826,0.005852632804154596,0.0010819857425950219,0.0,0.0,0.03796914152564531,95
105.8,0.03933117453423564,0.005855065172235986,0.001082035624235187,0.0,0.0,0.037966231868373224,95
105.82000000000001,0.03932836814788192,0.005857446880735952,0.0010820837100234094,0.0,0.0,0.037963452931320384,95
105.84,0.03932562350240318,0.0058597777556541825,0.0010821301265334679,0.0,0.0,0.0379608114518263,95
105.86,0.0393229038777204,0.005862057613246734,0.0010821745715968926,0.0,0.0,0.03795826867131203,95
105.88,0.0393201497768375,0.0058642862844169395,0.001082216487281448,0.0,0.0,0.037956207171803,95
105.9,0.03931746972277409,0.005866463624152122,0.0010822787313713575,0.0,0.0,0.037954318703176906,95
105.92,0.03931483023639386,0.005868589420058782,0.0010823389860069965,0.0,0.0,0.037952558346485143,95
105.94,0.0393121535557716,0.005870663479507598,0.0010823678161591445,0.0,0.0,0.03795085936414451,95
105.96000000000001,0.03930955906238277,0.005872685652177113,0.0010823948764851763,0.0,0.0,0.03794933096280624,95
105.98,0.03930704817831384,0.005874655684267014,0.001082420194912871,0.0,0.0,0.03794797710107262,95
106.0,0.039304621693720274,0.0058765733339854395,0.0010824437135811065,0.0,0.0,0.03794680119775308,95
106.02,0.03930227974620891,0.005878438353651871,0.0010824654289466249,0.0,0.0,0.037945806115527995,95
106.04,0.03930002180724372,0.005880250490440919,0.0010824853684182308,0.0,0.0,0.03794499415184666,95
106.06,0.039298012175119246,0.005882009487163518,0.001082520011240207,0.0,0.0,0.037944367036835604,95
106.08,0.039297373926826,0.005883715087973208,0.0010825683636887626,0.0,0.0,0.03794392593773878,94
106.10000000000001,0.03929686152161981,0.005885367028505744,0.0010826149906654054,0.0,0.0,0.037943671469189755,94
106.12,0.03929647340688599,0.005887110934908321,0.0010826599330046654,0.0,0.0,0.037943603708443505,94
106.14,0.03929620745474434,0.005888876658607923,0.0010827032546449874,0.0,0.0,0.0379437222145857,94
106.16,0.03929605317564619,0.005890587307878551,0.0010827450475989894,0.0,0.0,0.03794401824380448,94
106.18,0.03929594493528971,0.00589224261722984,0.0010827851282686409,0.0,0.0,0.037944427962776944,94
106.2,0.03929594931260803,0.005893842299936649,0.001082823598041923,0.0,0.0,0.03794501983660722,94
106.22,0.03929606208665243,0.0058953860981114025,0.0010828604830613899,0.0,0.0,0.037945791588727275,94
106.24000000000001,0.03929627856854632,0.005898061518136906,0.0010828956202558293,0.0,0.0,0.03794674054690418,94
106.26,0.03929659362299492,0.005900908843034768,0.001082929006447125,0.0,0.0,0.037947863668169324,94
106.28,0.039297001689124866,0.0059036955662787995,0.0010829607195495675,0.0,0.0,0.037949157563199505,94
106.3,0.039297496800801586,0.005906421433507458,0.001082990693447824,0.0,0.0,0.037950618520292294,94
106.32000000000001,0.03929807260675572,0.005909086201863932,0.0010830189161344004,0.0,0.0,0.03795224252926169,94
106.34,0.03929959996605939,0.005911689630457676,0.0010830453781242387,0.0,0.0,0.03795402530572031,94
106.36,0.03930175172333892,0.0059142314917905985,0.0010830701481921888,0.0,0.0,0.037955962316297824,94
106.38,0.03930400743009724,0.005916711568946601,0.0010830931585307279,0.0,0.0,0.03795804880536917,94
106.4,0.03930686165007754,0.005919129682901183,0.0010831144084561897,0.0,0.0,0.03796027982382941,94
106.42,0.03930983487532913,0.005921485632870209,0.0010831759258893646,0.0,0.0,0.03796265026035695,94
106.44,0.039312904266707555,0.00592377922012837,0.0010832501421584545,0.0,0.0,0.037965154875463564,94
106.46000000000001,0.03931606338583005,0.005926010256362015,0.0010833224591720845,0.0,0.0,0.03796778833844474,95
106.48,0.03931930570077431,0.005928178787743407,0.001083392927739342,0.0,0.0,0.03797054526713536,95
106.5,0.039322624627028645,0.005930284505127042,0.001083461489570792,0.0,0.0,0.03797342027015188,95
106.52,0.039326013570385794,0.0059323272212526085,0.001083528158455309,0.0,0.0,0.037976407991081415,95
106.54,0.039329465971021736,0.005934661880473214,0.0010835986624802847,0.0,0.0,0.0379795031538716,95
106.56,0.039333537803482505,0.005938399593597528,0.0010836919074097109,0.0,0.0,0.03798270060849579,94
106.58,0.0393382832886072,0.005942067369358126,0.0010837832029935413,0.0,0.0,0.03798599537582755,94
106.60000000000001,0.03934310800506411,0.005945665800091522,0.0010838731445175513,0.0,0.0,0.03798938269056158,94
106.62,0.03934800707024298,0.005949193882459048,0.0010839610687670607,0.0,0.0,0.037992858040974783,94
106.64,0.03935297588209131,0.005952651430569103,0.0010840469660884575,0.0,0.0,0.03799641720432955,94
106.66,0.039358010149329464,0.0059560382645863766,0.0010841309012719412,0.0,0.0,0.03800005627678442,94
106.68,0.03936310591511206,0.005959354209829615,0.0010842129504871655,0.0,0.0,0.03800377169679007,94
106.7,0.03936825957326151,0.005962599095860033,0.0010842929849610697,0.0,0.0,0.038007560261106806,94
106.72,0.03937346787639821,0.005965772755583201,0.0010843710598274854,0.0,0.0,0.038011419132775774,94
106.74000000000001,0.0393787279355198,0.005968875026275854,0.0010844471784525055,0.0,0.0,0.03801538776700985,94
106.76,0.03938403721083016,0.005971905756897724,0.001084521268743236,0.0,0.0,0.03801997706920602,94
106.78,0.03938939349387955,0.005974864771664317,0.0010845934020818151,0.0,0.0,0.038024629449703785,94
106.8,0.03939479488133828,0.0059777519089106185,0.0010846636419970831,0.0,0.0,0.03802934344797076,94
106.82000000000001,0.039400239740983646,0.005980567007564897,0.001084731835430405,0.0,0.0,0.0380341178821609,94
106.84,0.03940572667072017,0.005983309905191307,0.0010847979569671086,0.0,0.0,0.03803895180838038,94
106.86,0.03941122393021052,0.005985980443304779,0.0010848621787884186,0.0,0.0,0.03804381385426457,94
106.88,0.03941720053838331,0.005988578458720488,0.0010849246988958907,0.0,0.0,0.03804867257175749,94
106.9,0.039423417376310776,0.005991103750757227,0.0010849851566988463,0.0,0.0,0.038053589003184556,94
106.92,0.039429671076872334,0.005993556155806257,0.0010850435260104025,0.0,0.0,0.03805856265108398,94
106.94,0.03943586729269486,0.005995936190210486,0.0010850997869459133,0.0,0.0,0.038063499708191284,93
106.96000000000001,0.039442067631452846,0.005998243289057299,0.0010851539328882815,0.0,0.0,0.03806846227218004,93
106.98,0.039448301616689524,0.00600047692929771,0.0010852059761966462,0.0,0.0,0.03807348037907229,93
107.0,0.03945456779007331,0.006002636947931167,0.0010852559147773143,0.0,0.0,0.03807855310646651,93
107.02,0.03946086445733763,0.006004723219821142,0.0010853273452334526,0.0,0.0,0.03808367930839933,93
107.04,0.03946718965251082,0.006006735559185371,0.0010854084757585243,0.0,0.0,0.03808885758026795,93
107.06,0.03947354110979464,0.006008673822411649,0.0010854878259765513,0.0,0.0,0.03809408623142694,93
107.08,0.03947991624365262,0.0060105378617261365,0.001085565285845016,0.0,0.0,0.038099363266018316,93
107.10000000000001,0.03948668549352061,0.006012327533431733,0.0010856407590757976,0.0,0.0,0.0381046863722748,93
107.12,0.03949360447938488,0.00601404269614145,0.0010857141493176578,0.0,0.0,0.03811005292020495,93
107.14,0.03950053669774702,0.0060156832277620635,0.0010857854517756383,0.0,0.0,0.03811545996724134,93
107.16,0.03950747825108382,0.006017249016709253,0.0010858548255245999,0.0,0.0,0.038120904271126826,93
107.18,0.039514424942767384,0.006018739963202984,0.0010859400599574393,0.0,0.0,0.03812638230904658,93
107.2,0.03952137230037217,0.0060201564667420795,0.0010860433226966399,0.0,0.0,0.03813189030180138,93
107.22,0.0395283156026525,0.006021498236230962,0.0010861444444136344,0.0,0.0,0.03813742424167371,93
107.24000000000001,0.03953524990877402,0.0060227649483026065,0.0010862434731998543,0.0,0.0,0.038142979922572366,93
107.26,0.039542170088398595,0.0060239565838269725,0.0010863403625225735,0.0,0.0,0.03814855297105677,93
107.28,0.03954907085131651,0.006025073097245752,0.0010864354742749051,0.0,0.0,0.038154138876937596,93
107.3,0.03955594677548748,0.006026114468156895,0.0010865285833847787,0.0,0.0,0.03815973302231767,94
107.32000000000001,0.039562792332576785,0.006027080701549444,0.0010866196542563937,0.0,0.0,0.03816533070816275,94
107.34,0.03956960191033692,0.006027971819533555,0.001086708626047503,0.0,0.0,0.038170927177755144,94
107.36,0.03957636983146734,0.006028787861575168,0.00108679567396477,0.0,0.0,0.03817651763666622,95
107.38,0.03958309036886094,0.0060295288846495656,0.0010868810270787236,0.0,0.0,0.03818209726915999,95
107.4,0.039589757757396975,0.006030194963324373,0.0010869642878189704,0.0,0.0,0.038187661251190136,95
107.42,0.039596366202642994,0.006030786238577202,0.0010870454424439383,0.0,0.0,0.038193204760357424,95
107.44,0.03960290988697615,0.006031613093968687,0.0010871245359668129,0.0,0.0,0.03819872298334068,95
107.46000000000001,0.039609382973713886,0.006032431003287969,0.0010872016291322,0.0,0.0,0.038204211121395215,95
107.48,0.03961577960985999,0.0060331718769291295,0.00108727673147548,0.0,0.0,0.03820966439452867,95
107.5,0.03962209392802931,0.006033835858634613,0.0010873499161367355,0.0,0.0,0.03821507804492084,95
107.52,0.03962832004802657,0.0060344231494971175,0.0010874212286652407,0.0,0.0,0.03822044734006724,95
107.54,0.03963445207843775,0.0060349340341613765,0.0010874905191754504,0.0,0.0,0.0382257675760087,95
107.56,0.03964048411846665,0.006035368694720403,0.0010875578030222484,0.0,0.0,0.038231034080883686,95
107.58,0.039646410260131534,0.00603572739380806,0.0010876231636673796,0.0,0.0,0.038236242218922356,95
107.60000000000001,0.03965277245716917,0.006036010395050292,0.0010876868188047402,0.0,0.0,0.038241387394908656,95
107.62,0.0396591824737659,0.006036217986764652,0.001087748661594855,0.0,0.0,0.038246465059078756,95
107.64,0.03966546781386609,0.006036357999916714,0.0010878085598958502,0.0,0.0,0.03825147071240826,95
107.66,0.03967162257020009,0.006036439197534519,0.0010878665358689634,0.0,0.0,0.03825639991226247,96
107.68,0.039677640844288854,0.006036445910547714,0.0010879226203244095,0.0,0.0,0.03826124827843988,96
107.7,0.03968351675060836,0.006036378488170764,0.0010879885478623946,0.0,0.0,0.03826601149971521,96
107.72,0.03968925363494658,0.006036237295732412,0.0010880880774266054,0.0,0.0,0.03827068534107042,96
107.74000000000001,0.03969484521767349,0.0060360227137088475,0.001088185789380257,0.0,0.0,0.03827526565187456,96
107.76,0.03970027704257647,0.006036580709202689,0.001088281714650365,0.0,0.0,0.03827974837532273,96
107.78,0.039705618878999566,0.006037665186413678,0.0010883768542814278,0.0,0.0,0.03828412955945881,96
107.8,0.039711901549524094,0.006038671957558174,0.001088522703806313,0.0,0.0,0.038288405370078535,97
107.82000000000001,0.039718042335990564,0.006039617141741048,0.0010886666710445444,0.0,0.0,0.038292572105741225,97
107.84,0.039724044117086584,0.006040511213265577,0.0010888088930372372,0.0,0.0,0.03829662621500998,96
107.86,0.03972990740932744,0.006041329020979028,0.0010889493367859356,0.0,0.0,0.03830056431590344,96
107.88,0.039735616050818295,0.006042071066982159,0.0010890879524068984,0.0,0.0,0.03830438321738844,96
107.9,0.03974113612657823,0.006042737864856529,0.0010892249883118986,0.0,0.0,0.03830805009912877,96
107.92,0.039746417615835423,0.006043357529995008,0.0010893611474532341,0.0,0.0,0.03831151612137106,96
107.94,0.03975153328544327,0.00604390502156409,0.0010894956810064626,0.0,0.0,0.03831485490892409,96
107.96000000000001,0.03975647982898156,0.006044378695304765,0.001089628469453754,0.0,0.0,0.0383180642758297,96
107.98,0.03976125421164233,0.006044779104037584,0.001089759492520909,0.0,0.0,0.038321142349213036,96
108.0,0.03976585369127781,0.006045106806565649,0.0010898888456332616,0.0,0.0,0.03832408759210812,96
108.02,0.03977027583718093,0.0060453623860263405,0.001090021588274971,0.0,0.0,0.038326898824097795,96
108.04,0.039774518545964234,0.0060455464005365585,0.0010901826556748324,0.0,0.0,0.03832957523913723,96
108.06,0.03977858005399555,0.006045659429346731,0.0010903418952346185,0.0,0.0,0.03833224353660853,96
108.08,0.039782458945959845,0.006045702054142063,0.0010904993300904168,0.0,0.0,0.03833512340050972,96
108.10000000000001,0.03978615415923536,0.006045674862079279,0.001090654993547874,0.0,0.0,0.03833786771607715,96
108.12,0.03978966498389224,0.006045578955230859,0.0010908088644698611,0.0,0.0,0.0383404772793643,96
108.14,0.03979299105823529,0.006045415261191372,0.0010909609468585622,0.0,0.0,0.03834295329293595,96
108.16,0.0397961323599168,0.006045183527609745,0.0010911113541136038,0.0,0.0,0.038345297359511345,96
108.18,0.03979997350939379,0.00604488434884632,0.0010912600122002488,0.0,0.0,0.038347511471397006,96
108.2,0.03980412904674608,0.006044518313710424,0.0010914069318306377,0.0,0.0,0.038349597995904705,96
108.22,0.03980816161597733,0.006044094376940793,0.0010915520803446916,0.0,0.0,0.03835155965701157,96
108.24000000000001,0.039812058997460695,0.006043625505651797,0.0010917219118312923,0.0,0.0,0.038353399513572556,96
108.26,0.039815824232535185,0.006043091483079502,0.0010919115226197564,0.0,0.0,0.038355120934436535,96
108.28,0.039819421624394266,0.006042492890692535,0.0010920892342799124,0.0,0.0,0.03835669872301668,96
108.3,0.03982286157723516,0.006041830282244553,0.0010922568778305097,0.0,0.0,0.03835814182911912,96
108.32000000000001,0.039826180000014186,0.006041104210243051,0.0010924228676001367,0.0,0.0,0.03835947813714792,97
108.34,0.03982938084149929,0.006040315240260941,0.0010925872093978288,0.0,0.0,0.0383607119599904,97
108.36,0.03983246819453729,0.006039463931212841,0.0010927499086583084,0.0,0.0,0.038361847764244436,97
108.38,0.03983545374866228,0.006039139189407834,0.0010929109754027344,0.0,0.0,0.038362890135892225,97
108.4,0.03983834456290843,0.006039008084217532,0.0010930705031505373,0.0,0.0,0.03836384374615984,97
108.42,0.039841134829077064,0.006038811603018517,0.0010932284205474301,0.0,0.0,0.03836471331811224,97
108.44,0.03984381689793754,0.006038550208946258,0.0010933871370650975,0.0,0.0,0.03836548937115772,98
108.46000000000001,0.039846347986255234,0.006038224334872701,0.0010935556451834318,0.0,0.0,0.0383661207289509,98
108.48,0.03984879149569104,0.006037834362944503,0.0010937226704491824,0.0,0.0,0.03836668232450017,98
108.5,0.03985115160927757,0.006037380794761452,0.0010938884105221036,0.0,0.0,0.038367178787485065,98
108.52,0.03985343241272744,0.006036863993776616,0.0010940525270383126,0.0,0.0,0.0383676146618406,98
108.54,0.039855650983787634,0.00603629958273359,0.001094215021592986,0.0,0.0,0.038367994387186105,98
108.56,0.03985780072541984,0.00603568329815716,0.0010943759224876916,0.0,0.0,0.03836832228386968,98
108.58,0.03985989844871207,0.006035004854141678,0.0010945354305146818,0.0,0.0,0.038368602541658504,98
108.60000000000001,0.03986193215377925,0.006034265147248356,0.0010946934081699589,0.0,0.0,0.0383688392119597,98
108.62,0.03986390523059467,0.006033464405123178,0.0010948497976499153,0.0,0.0,0.038369036203303133,98
108.64,0.03986580374255856,0.0060326025835653815,0.001095005206312037,0.0,0.0,0.03836917944757504,98
108.66,0.039867593675445054,0.006031680023436527,0.0010951611827131748,0.0,0.0,0.03836923404213988,98
108.68,0.039869332275945364,0.006030697052169913,0.0010953160895264802,0.0,0.0,0.038369259885573055,98
108.7,0.03987154385011968,0.006029655820812651,0.001095469704558357,0.0,0.0,0.03836926031785547,98
108.72,0.039873842229032945,0.006028554893582611,0.001095621976300204,0.0,0.0,0.03836921637259561,98
108.74000000000001,0.0398760341756619,0.0060273990710420396,0.0010957728586007765,0.0,0.0,0.03836909097346829,98
108.76,0.03987818411327581,0.00602620411708271,0.0010959228608747739,0.0,0.0,0.0383689494815948,98
108.78,0.03988029421477576,0.006024950260252161,0.0010960713498992596,0.0,0.0,0.03836879470584299,99
108.8,0.039882366501058114,0.006023637785353295,0.0010962187866890671,0.0,0.0,0.0383686293197916,99
108.82000000000001,0.039884402834333206,0.006022266981724546,0.0010963650974341382,0.0,0.0,0.03836845585559491,99
108.84,0.03988640490836137,0.006020838140359765,0.0010965103820911567,0.0,0.0,0.03836827669480012,99
108.86,0.03988837423561204,0.0060193515936965624,0.0010966540743387175,0.0,0.0,0.03836809405612491,99
108.88,0.03989031213153315,0.006017807553467254,0.0010967961443890011,0.0,0.0,0.038367909980384224,99
108.9,0.03989222624879473,0.006016206331239127,0.0010969365502157737,0.0,0.0,0.038367726312917266,99
108.92,0.03989412312566074,0.006014548215238238,0.00109707535398142,0.0,0.0,0.038367544684003024,99
108.94,0.03989599129602153,0.006012833415749132,0.0010972127054384002,0.0,0.0,0.03836736648785317,99
108.96000000000001,0.039897831088054954,0.0060110621851175525,0.0010973485590955769,0.0,0.0,0.03836719286083145,99
108.98,0.039899642527144764,0.006009234784000218,0.0010974829067228224,0.0,0.0,0.03836718642525989,99
109.0,0.03990142531360195,0.006007351473150837,0.0010976158526256495,0.0,0.0,0.03836746861371824,99
109.02,0.039903178801455476,0.0060054125147016284,0.0010977787441761766,0.0,0.0,0.03836775643692117,99
109.04,0.0399049019788113,0.006003418165947269,0.0010979478537201366,0.0,0.0,0.03836804978814832,99
109.06,0.039906593450179356,0.006001391024020692,0.001098115183881859,0.0,0.0,0.03836834820415262,99
109.08,0.039908251421067534,0.005999313293756131,0.001098280651751767,0.0,0.0,0.0383686508508874,99
109.10000000000001,0.0399098736850496,0.005997180883167219,0.0010984442812513296,0.0,0.0,0.03836921862434618,100
109.12,0.03991145761344185,0.0059949940629883255,0.0010986059960250345,0.0,0.0,0.03836996795495108,100
109.14,0.039913000147674155,0.005992753108327271,0.0010987657061846776,0.0,0.0,0.038370716137400944,100
109.16,0.03991450151955334,0.005990458299364069,0.0010989236861990608,0.0,0.0,0.038371947377623734,100
109.18,0.03991596654608624,0.00598811726543336,0.0010990797945307404,0.0,0.0,0.03837330888374675,100
109.2,0.039917378566553655,0.005985756828415718,0.0010992339338984124,0.0,0.0,0.038375104615323216,100
109.22,0.039918732784517026,0.005983363439603083,0.0010993859775270003,0.0,0.0,0.03837688577983807,100
109.24000000000001,0.039920023978334676,0.005980928213992714,0.0010995358687703645,0.0,0.0,0.038378648392856554,100
109.26,0.03992117877616629,0.00597844060145746,0.001099683962025946,0.0,0.0,0.03838032042266214,100
109.28,0.03992260549552928,0.005975900917433869,0.0010998298044422022,0.0,0.0,0.03838196096626046,100
109.3,0.03992412016873496,0.005973309492991508,0.0010999734356877276,0.0,0.0,0.03838356889380457,100
109.32000000000001,0.03992561515080287,0.005970666668874581,0.0011001268792671646,0.0,0.0,0.038385138831414096,100
109.34,0.039927155244699086,0.005967972795208772,0.0011003059501918328,0.0,0.0,0.038386665113016305,100
109.36,0.039928594287523454,0.005965228231449551,0.001100482468379663,0.0,0.0,0.03838814180884286,100
109.38,0.039929924574892604,0.005962433348207005,0.001100656363288454,0.0,0.0,0.03838956275669675,100
109.4,0.03993208340465552,0.00595958852437347,0.0011008275904424427,0.0,0.0,0.03839092159558988,100
109.42,0.03993434734568707,0.0059566941448736515,0.0011009961131572719,0.0,0.0,0.038392211801286234,100
109.44,0.03993651303977404,0.005953750606176459,0.001101161973759454,0.0,0.0,0.03839342672324676,100
109.46000000000001,0.039938573135624246,0.005950758371229716,0.001101355507849909,0.0,0.0,0.03839455962246193,100
109.48,0.039940520215341495,0.005947717803480255,0.0011015481138335074,0.0,0.0,0.0383956037096739,100
109.5,0.039942346831971225,0.005944629316441745,0.0011017378061538186,0.0,0.0,0.03839655218352848,100
109.52,0.03994404554654103,0.005941493339551899,0.0011019246055763772,0.0,0.0,0.03839763562209224,100
109.54,0.03994560896424809,0.00593831129827507,0.00110210840387749,0.0,0.0,0.03839881892628762,100
109.56,0.03994702976950387,0.005935083197337912,0.001102289138567213,0.0,0.0,0.038399886013669504,100
109.58,0.039948300759601284,0.005931809625497482,0.001102466821435672,0.0,0.0,0.03840083040193784,100
109.60000000000001,0.039949414876812354,0.005928490348727236,0.0011026414276790566,0.0,0.0,0.03840164577399508,100
109.62,0.03995036523875844,0.005925125835121387,0.0011028131736292041,0.0,0.0,0.038402326009113266,100
109.64,0.039951145166916675,0.0059217165400807575,0.0011029819116963537,0.0,0.0,0.03840286521226968,100
109.66,0.039951748213142194,0.005918262929530503,0.0011031474936205815,0.0,0.0,0.038403257741530576,100
109.68,0.039952168184093494,0.005914765472984372,0.0011033099254106216,0.0,0.0,0.03840349823337107,99
109.7,0.03995239916345627,0.005911224642040337,0.0011034692032306998,0.0,0.0,0.03840358162582688,99
109.72,0.03995244549242842,0.005907640909727578,0.001103625376691933,0.0,0.0,0.038403503179382376,99
109.74000000000001,0.03995230022165117,0.005904015116760022,0.001103778452053848,0.0,0.0,0.03840325849551072,99
109.76,0.03995195020280703,0.005900347558963421,0.0011039285749522391,0.0,0.0,0.03840284353279773,99
109.78,0.03995139080346816,0.005896638524115255,0.0011040755663959474,0.0,0.0,0.03840225462060264,99
109.8,0.03995061774343654,0.005892888484806267,0.0011042195694974137,0.0,0.0,0.03840148847023338,99
109.82000000000001,0.03994962710228554,0.005889097912017415,0.0011043605225151893,0.0,0.0,0.03840054218364183,99
109.84,0.039948415324412165,0.005885267274571554,0.0011044985108422493,0.0,0.0,0.03839941325967419,99
109.86,0.03994762499409958,0.005881397038607774,0.0011046334572961324,0.0,0.0,0.038398099597939474,100
109.88,0.03994700190714933,0.0058774876670787644,0.0011047654570299236,0.0,0.0,0.038396599500385306,100
109.9,0.03994617764930719,0.005873539629847809,0.0011048944687130848,0.0,0.0,0.0383949116706926,100
109.92,0.03994515096721669,0.005869553373840379,0.001105020460890607,0.0,0.0,0.03839303521161751,100
109.94,0.03994381771389506,0.005865529352979688,0.0011051434410851327,0.0,0.0,0.038391026039255934,100
109.96000000000001,0.03994225908382565,0.005861468007425265,0.0011052634156466926,0.0,0.0,0.038389187195873066,100
109.98,0.03994048306018086,0.005857369731519481,0.0011053803749335245,0.0,0.0,0.038387145304027925,100
110.0,0.039938443935389784,0.0058534099061747025,0.0011054940186784323,0.0,0.0,0.03838485545103739,100
110.02,0.039936202045649044,0.005849447371275511,0.0011056047214054324,0.0,0.0,0.038382377837333004,100
110.04,0.03993375833399964,0.005845448761629922,0.0011057124361619195,0.0,0.0,0.03837971380745777,100
110.06,0.03993111407021502,0.005841414492902382,0.001105817136640209,0.0,0.0,0.038376865040468416,100
110.08,0.039928270836319134,0.005837686626404292,0.00110591891115527,0.0,0.0,0.038373833535575705,100
110.10000000000001,0.0399252305110347,0.005835181767799265,0.0011060179383742717,0.0,0.0,0.03837062159671796,100
110.12,0.039921995253178695,0.00583263286338255,0.0011061141894041372,0.0,0.0,0.03836723181608597,100
110.14,0.03991856748399962,0.005830040372224219,0.0011062080061045483,0.0,0.0,0.03836366705659367,100
110.16,0.03991527845234549,0.005827404745609843,0.0011062996461336926,0.0,0.0,0.03835993043326912,100
110.18,0.03991195709406648,0.005824726426764125,0.0011063884563912094,0.0,0.0,0.03835602529352359,100
110.2,0.03990845120953408,0.005822005850614432,0.0011064744638769255,0.0,0.0,0.038351955196243834,100
110.22,0.03990476407105269,0.005819243443595429,0.0011065577892246793,0.0,0.0,0.03834772388964679,100
110.24000000000001,0.039900899107772204,0.005816439623496236,0.0011066392558619284,0.0,0.0,0.03834333528783595,100
110.26,0.039896859880726575,0.005813594799351955,0.0011067178947279607,0.0,0.0,0.03833879344601022,100
110.28,0.03989265189873351,0.005810854552254167,0.0011067938051666378,0.0,0.0,0.038334377442344233,100
110.3,0.039888611927642655,0.005809066180527277,0.0011068671130841869,0.0,0.0,0.038329995884987186,101
110.32000000000001,0.039884571851692266,0.0058072347338698075,0.0011069377562111435,0.0,0.0,0.03832547337871729,100
110.34,0.039880371938196275,0.005805360542602917,0.0011070056974900688,0.0,0.0,0.03832102725597668,100
110.36,0.03987619747858517,0.005803443916198556,0.0011070709371156589,0.0,0.0,0.038316828704595504,100
110.38,0.03987225004680868,0.005801485171478837,0.0011071335914398287,0.0,0.0,0.03831250140902128,100
110.4,0.03986815322067337,0.005799484612038944,0.0011071938248865213,0.0,0.0,0.03830804960776601,100
110.42,0.03986391056523676,0.005797442532142807,0.0011072521687082225,0.0,0.0,0.03830347743900586,100
110.44,0.03985952550185657,0.005795359220849445,0.0011073080558318318,0.0,0.0,0.03829878890827654,100
110.46000000000001,0.039855001276594214,0.005793234959203844,0.0011073612967179287,0.0,0.0,0.038293987857159886,100
110.48,0.039850340930264086,0.005791070020679551,0.0011074121257981827,0.0,0.0,0.038289077933632544,100
110.5,0.03984554727085688,0.005788864671672838,0.0011074724591012648,0.0,0.0,0.03828406256480661,100
110.52,0.03984093995846565,0.005786619172043683,0.0011075566533847176,0.0,0.0,0.03827894493282275,100
110.54,0.03983652205430945,0.0057843337756973276,0.0011076382835736578,0.0,0.0,0.038273727954655695,100
110.56,0.039831976750356796,0.00578200873206002,0.0011077184558875722,0.0,0.0,0.03826841426654851,100
110.58,0.039827305721471154,0.005779644290075173,0.0011077978071280376,0.0,0.0,0.03826300621370857,101
110.60000000000001,0.03982251033309827,0.005777240701801105,0.0011078748429183046,0.0,0.0,0.0382575058457673,101
110.62,0.03981759164238039,0.005774798185548117,0.0011079494859216796,0.0,0.0,0.03825191491833518,101
110.64,0.03981255040546944,0.005772316976586155,0.0011080216559162,0.0,0.0,0.03824623490077742,101
110.66,0.03980738709093412,0.005769797306182126,0.0011080913741638688,0.0,0.0,0.03824046699010523,101
110.68,0.03980210189891403,0.005767239403028436,0.0011081589076739244,0.0,0.0,0.038234612130635476,101
110.7,0.039796694785436695,0.005764643496147365,0.0011082243824238355,0.0,0.0,0.03822867103883423,101
110.72,0.03979116549109534,0.0057620098367752665,0.0011082876554466248,0.0,0.0,0.03822264423254123,101
110.74000000000001,0.039785948804895985,0.005760412342127021,0.0011083486628585269,0.0,0.0,0.03821653206358848,101
110.76,0.03978067716836736,0.005759062589034133,0.0011084073281303975,0.0,0.0,0.038210334752688556,101
110.78,0.039775281043571455,0.005757672767466154,0.0011084638490292246,0.0,0.0,0.03820405242538447,102
110.8,0.03976975964690794,0.005756306321011275,0.0011085185395459352,0.0,0.0,0.0381976851478274,102
110.82000000000001,0.039764112149960396,0.005756195771917032,0.0011085710937635376,0.0,0.0,0.038191232961179135,102
110.84,0.039758337710745544,0.005756042797070551,0.0011086213117278798,0.0,0.0,0.038184695913519154,102
110.86,0.03975243550145434,0.005755847620585685,0.0011086695206822428,0.0,0.0,0.038178074088261904,102
110.88,0.03974640473184827,0.005755628439521268,0.0011087156285795217,0.0,0.0,0.03817136762824773,102
110.9,0.03974024466765404,0.005755376185572182,0.0011087600220701967,0.0,0.0,0.038164576754851715,102
110.92,0.039733954643489715,0.005755083438500072,0.00110880221751521,0.0,0.0,0.03815770178164423,102
110.94,0.039727534070047296,0.005754750290728845,0.0011088423272596897,0.0,0.0,0.03815074312232956,102
110.96000000000001,0.03972098243544135,0.005754375878116061,0.0011088807300174382,0.0,0.0,0.03814370129287374,102
110.98,0.03971429930080793,0.005753960400255454,0.0011089173433078041,0.0,0.0,0.03813657690790723,101
111.0,0.03970748429039671,0.00575350405702771,0.0011089526680271022,0.0,0.0,0.038129370671647726,101
111.02,0.03970051876318678,0.005753007048410482,0.001108986070863656,0.0,0.0,0.03812206518108196,101
111.04,0.03969336459523205,0.00575246957106195,0.0011090171779224009,0.0,0.0,0.038114622819433334,101
111.06,0.03968609591026404,0.0057518918216869904,0.0011090462987506861,0.0,0.0,0.038107101175626365,101
111.08,0.03967869433850289,0.005751273996348582,0.0011090732826367434,0.0,0.0,0.03809950112796873,101
111.10000000000001,0.03967115951269332,0.005750616290262568,0.0011090980688741204,0.0,0.0,0.0380918235345401,101
111.12,0.039663490983371644,0.005749918902099401,0.0011091209211130592,0.0,0.0,0.03808406920336175,101
111.14,0.03965570172490357,0.005749182030222787,0.001109142481857972,0.0,0.0,0.03807623886198207,101
111.16,0.039648357983927435,0.005748405872792224,0.001109162048533381,0.0,0.0,0.03806833312745007,100
111.18,0.03964087754154102,0.00574759062910132,0.001109179989273419,0.0,0.0,0.03806035247766186,100
111.2,0.03963325931314463,0.005746736513683986,0.0011091960935009648,0.0,0.0,0.03805229722505211,100
111.22,0.039625501987584216,0.00574584372982444,0.0011092101089200483,0.0,0.0,0.038044167493558066,100
111.24000000000001,0.039617604006894375,0.005744912455360643,0.0011092220965093639,0.0,0.0,0.03803596319970885,100
111.26,0.039609563550845585,0.005743942951197078,0.001109232250582567,0.0,0.0,0.03802768403858034,100
111.28,0.039601378526887956,0.005742935433748,0.0011092409495841258,0.0,0.0,0.03801932947521206,100
111.3,0.03959304656591053,0.005741890031484061,0.0011092477218902757,0.0,0.0,0.03801131780618994,100
111.32000000000001,0.03958456502403425,0.005740806949970176,0.001109252496931957,0.0,0.0,0.0380032906450007,100
111.34,0.03957593099044345,0.005739693519295828,0.0011092552795341137,0.0,0.0,0.03799518451595708,100
111.36,0.039567141301040394,0.005739376634945479,0.001109256726560161,0.0,0.0,0.03798711343711826,100
111.38,0.03955819710326123,0.005739898029578224,0.0011092563791957992,0.0,0.0,0.03797930224545774,100
111.4,0.03954910517072867,0.005740377291913652,0.001109253999428704,0.0,0.0,0.03797140665385303,100
111.42,0.03953984692300627,0.0057408146185921214,0.0011092496327112413,0.0,0.0,0.03796342477941406,99
111.44,0.03953041841772832,0.0057412215535380265,0.0011092432735284523,0.0,0.0,0.03795535464431137,99
111.46000000000001,0.039520815593932064,0.005741597597566671,0.0011092349648095588,0.0,0.0,0.03794719421098453,99
111.48,0.03951120462681519,0.00574195009297741,0.0011092249047437608,0.0,0.0,0.03793894141857659,99
111.5,0.03950175399484545,0.005742287183392459,0.0011092132016429202,0.0,0.0,0.037930594219619716,99
111.52,0.03949211597827224,0.005742583459885795,0.0011091995384905535,0.0,0.0,0.037922150616060364,99
111.54,0.03948228638021807,0.0057428392004826795,0.0011091840457425886,0.0,0.0,0.03791360869381182,98
111.56,0.039472261048862985,0.005743054627350862,0.00110916738274242,0.0,0.0,0.037904966655146345,98
111.58,0.03946203590428279,0.005743229996051149,0.0011091490764481386,0.0,0.0,0.03789622284838132,98
111.60000000000001,0.03945160696204913,0.005743365565336265,0.001109128854458569,0.0,0.0,0.03788737579446166,98
111.62,0.03944097035333415,0.005743461596843657,0.0011091070391286682,0.0,0.0,0.03787842421018689,98
111.64,0.03943012234139893,0.0057435183547511265,0.0011090838540092692,0.0,0.0,0.03786936702796775,98
111.66,0.039419059334465836,0.005743536105401249,0.0011090765923683244,0.0,0.0,0.03786020341211855,98
111.68,0.03940777789507783,0.0057439485000639065,0.001109092967398397,0.0,0.0,0.03785093277179458,98
111.7,0.039396574303668656,0.005745495206018658,0.0011091077107959425,0.0,0.0,0.03784155477076577,98
111.72,0.03938637689271897,0.005746999488279022,0.0011091207973773992,0.0,0.0,0.03783206933428031,98
111.74000000000001,0.03937612356246277,0.005748461591719749,0.0011091320194434016,0.0,0.0,0.03782247665331329,98
111.76,0.039365687766389684,0.0057498817614739465,0.0011091414123930634,0.0,0.0,0.03781277718652035,98
111.78,0.039355068402785916,0.005751260242628797,0.0011091489833989622,0.0,0.0,0.03780297166022561,98
111.8,0.03934426458063447,0.005752597280497819,0.001109154915494295,0.0,0.0,0.037793061066769676,98
111.82000000000001,0.039333275614449055,0.005753893117042713,0.0011091592045274542,0.0,0.0,0.037783046661530886,98
111.84,0.039322101017975467,0.0057551574740135085,0.001109161668017255,0.0,0.0,0.037772929958912786,98
111.86,0.03931074049702414,0.005756394107843073,0.001109162486103761,0.0,0.0,0.037762712727565866,98
111.88,0.039299193941669315,0.005757590220434074,0.0011091614938670636,0.0,0.0,0.03775239698508436,97
111.9,0.039287461418021516,0.005758746045803724,0.0011091587432901077,0.0,0.0,0.03774198499238942,97
111.92,0.03927554315975026,0.005759861816051901,0.001109154101596037,0.0,0.0,0.03773147924798157,98
111.94,0.03926343955950653,0.005760937765825144,0.001109147571241135,0.0,0.0,0.03772088248221708,97
111.96000000000001,0.03925115116036735,0.005761974112111389,0.0011091391607685069,0.0,0.0,0.03771019765173701,97
111.98,0.039238678647400674,0.005762971072809687,0.0011091289202475893,0.0,0.0,0.03769942793415241,97
112.0,0.03922602283942595,0.005763928862388459,0.0011091168847519048,0.0,0.0,0.0376885767230683,97
112.02,0.03921395650091318,0.005764847690227568,0.0011091030772162913,0.0,0.0,0.03767764762350747,97
112.04,0.0392020515040285,0.005765727760279252,0.0011090875037468339,0.0,0.0,0.037666644447778654,97
112.06,0.03918999898642215,0.005767580891449518,0.0011090701308739852,0.0,0.0,0.03765557121181692,97
112.08,0.03917780123866077,0.0057697609352196,0.0011090509383690677,0.0,0.0,0.03764443213201024,97
112.10000000000001,0.039165460688060684,0.0057718991868816625,0.0011090299418027253,0.0,0.0,0.03763323162251396,97
112.12,0.03915297989401118,0.005773996318139681,0.0011090072607218139,0.0,0.0,0.03762197429304284,96
112.14,0.03914036154364214,0.005776052814130016,0.0011089842621936988,0.0,0.0,0.037610664947121154,96
112.16,0.03912760844780137,0.005778068002348672,0.0011089593916099717,0.0,0.0,0.03759930858076091,96
112.18,0.03911498839542532,0.005780042029098275,0.001108932668311162,0.0,0.0,0.03758791038152987,96
112.2,0.03910333830163857,0.005781975040883832,0.0011089043134718296,0.0,0.0,0.03757647572796192,96
112.22,0.03909201624151091,0.005783867160189468,0.0011088743976277056,0.0,0.0,0.03756501018925455,96
112.24000000000001,0.039080604180614174,0.005785718509020958,0.0011088427732706368,0.0,0.0,0.03755351952518851,95
112.26,0.03906910653702087,0.005787529239338179,0.0011088093608411108,0.0,0.0,0.037542009686197,95
112.28,0.03905752787300829,0.005789299430117631,0.0011087740965174777,0.0,0.0,0.037530486813501705,95
112.3,0.039045872893326325,0.005791029163910075,0.0011087369487863678,0.0,0.0,0.03751895723922386,95
112.32000000000001,0.03903414644325163,0.005792718525594921,0.0011086979065019404,0.0,0.0,0.03750742748636888,95
112.34,0.039022353506311495,0.0057945458118758685,0.001108656968995177,0.0,0.0,0.03749590426857235,95
112.36,0.039010499201550565,0.005797540345233376,0.0011086142073987739,0.0,0.0,0.03748439448948526,95
112.38,0.03899887230244559,0.00580049122596378,0.0011085695746195885,0.0,0.0,0.037472905241665834,95
112.4,0.038987449344613165,0.005803398470678928,0.001108523071360219,0.0,0.0,0.03746144380483561,95
112.42,0.038975980400376885,0.005806262088042111,0.0011084746984252952,0.0,0.0,0.03745001764334814,94
112.44,0.03896447108971548,0.005809082075527079,0.001108425094294493,0.0,0.0,0.03743863440271129,94
112.46000000000001,0.03895291646260761,0.005811858419148003,0.0011083741958799194,0.0,0.0,0.03742729119325246,94
112.48,0.03894117414814556,0.005814591086079169,0.0011083221315093357,0.0,0.0,0.03741584774295403,94
112.5,0.038929406883451624,0.005817279955524407,0.0011082681973590967,0.0,0.0,0.037404469123520655,93
112.52,0.038917622945804746,0.005819924977147412,0.0011082130712818182,0.0,0.0,0.03739316591773419,93
112.54,0.038905828400727024,0.005822526099332129,0.0011081570005461632,0.0,0.0,0.037381946579872066,93
112.56,0.03889402936279166,0.005825083249665818,0.0011080991462261854,0.0,0.0,0.03737081969550437,93
112.58,0.038882633916217435,0.005827596328753969,0.001108039561939446,0.0,0.0,0.037359793967002425,93
112.60000000000001,0.03887134321308906,0.005830065280599719,0.0011079780960305684,0.0,0.0,0.037348878197030484,94
112.62,0.038860065776763264,0.005832490020777966,0.001107914745819581,0.0,0.0,0.03733808127001814,94
112.64,0.03884880771578511,0.005834870365597402,0.001107849697893361,0.0,0.0,0.037327412131672885,94
112.66,0.038837575075693145,0.005837206187558658,0.001107782918626248,0.0,0.0,0.03731687976666424,94
112.68,0.03882637381054363,0.00583949730542033,0.001107714354187441,0.0,0.0,0.03730649317469241,94
112.7,0.03881615375557741,0.005841743587240299,0.0011076439406232336,0.0,0.0,0.03729626134524053,94
112.72,0.038806172433484665,0.005843944826400917,0.0011075718804293105,0.0,0.0,0.03728619323140053,94
112.74000000000001,0.038796272875336296,0.005846318215696753,0.0011074980131031012,0.0,0.0,0.03727629772324729,94
112.76,0.03878646140787526,0.0058486506451097,0.0011074223460056294,0.0,0.0,0.03726658362131355,94
112.78,0.03877676133717068,0.005850936960668408,0.0011073452012833108,0.0,0.0,0.037257059610778256,94
112.8,0.0387671640434143,0.005853176935026742,0.0011072663145727775,0.0,0.0,0.03724773423701486,94
112.82000000000001,0.03875767261519057,0.005855370329390172,0.0011071858004343218,0.0,0.0,0.03723861588315026,94
112.84,0.03874956510217029,0.00585751724139282,0.0011071035515005192,0.0,0.0,0.03722971275024828,94
112.86,0.03874169855389668,0.005859638444460877,0.0011070194649687856,0.0,0.0,0.03722103284065242,94
112.88,0.03873399815669717,0.005861712270750251,0.001106933542694081,0.0,0.0,0.03721258394489998,94
112.9,0.03872646982762485,0.0058637384314291505,0.001106845794534322,0.0,0.0,0.037204373632454095,94
112.92,0.0387191191978808,0.005865716644986859,0.0011067564677934081,0.0,0.0,0.03719640924630023,94
112.94,0.03871268384356607,0.005867646628183097,0.0011066653802362682,0.0,0.0,0.03718869790123178,94
112.96000000000001,0.038707073129560926,0.0058695280631468295,0.0011065726581168402,0.0,0.0,0.03718130597040285,94
112.98,0.03870169740419055,0.005871360632558882,0.0011064783302181527,0.0,0.0,0.03717458867803186,94
113.0,0.03869656253392739,0.005873144022665921,0.0011063823860112143,0.0,0.0,0.0371681439006316,94
113.02,0.03869167415869204,0.00587487791144366,0.00110628483107737,0.0,0.0,0.03716197787599335,94
113.04,0.03868698583822487,0.005876561968937022,0.0011061963590373433,0.0,0.0,0.03715604503069273,94
113.06,0.03868249970400715,0.0058781958343330455,0.0011061278430821682,0.0,0.0,0.03715034814630323,94
113.08,0.038678275824369265,0.0058797791382006045,0.0011060577728900396,0.0,0.0,0.03714494768021079,94
113.10000000000001,0.03867431897147217,0.005881311542684345,0.001105986164742906,0.0,0.0,0.03713984908107669,94
113.12,0.03867063369616143,0.005882792707883858,0.001105913016486455,0.0,0.0,0.03713505759868047,94
113.14,0.03866722431800841,0.005884222292583511,0.0011058387273607292,0.0,0.0,0.0371305782751904,94
113.16,0.0386640949106456,0.005885599954997011,0.001105763042214444,0.0,0.0,0.037126415931780066,94
113.18,0.03866124928251846,0.005886945765830783,0.0011056864721643038,0.0,0.0,0.03712257515070945,94
113.2,0.038658690953481345,0.005888253658776194,0.001105608851926745,0.0,0.0,0.03711906025329216,93
113.22,0.0386564231279516,0.005889508594570068,0.0011055376134646757,0.0,0.0,0.03711587527445649,93
113.24000000000001,0.03865444866558493,0.005890710236775005,0.0011054955167808648,0.0,0.0,0.037113023934855646,93
113.26,0.03865277005063217,0.005891858252510223,0.0011054520071745305,0.0,0.0,0.037110509611679006,93
113.28,0.038651389361271944,0.005894325351879962,0.0011054069665353712,0.0,0.0,0.03710833530945027,93
113.3,0.038650308240277376,0.005896766653215833,0.0011053605434376463,0.0,0.0,0.03710650363216195,93
113.32000000000001,0.03864952786836469,0.005899149402092266,0.001105313116695715,0.0,0.0,0.03710501675808557,93
113.34,0.038649048941487456,0.005901473292379926,0.0011052640709672385,0.0,0.0,0.03710387641851432,93
113.36,0.03864887165318707,0.005903738294929295,0.0011052134999323267,0.0,0.0,0.03710308388154248,93
113.38,0.03864899568289373,0.005905943786313092,0.0011051620497254395,0.0,0.0,0.037102639941772146,93
113.4,0.038649420190804064,0.0059080895067436775,0.0011051094947276765,0.0,0.0,0.03710254491657173,93
113.42,0.038650143819651435,0.005910175141102402,0.001105055647956732,0.0,0.0,0.03710279864920364,93
113.44,0.03865116470334975,0.005912200377599067,0.00110500025270063,0.0,0.0,0.03710340051880587,93
113.46000000000001,0.03865313561500264,0.005914164937690309,0.001104943323158686,0.0,0.0,0.03710434945686516,92
113.48,0.038655847716264236,0.005916068551401085,0.0011048848969158886,0.0,0.0,0.03710564396947717,92
113.5,0.03865888076805539,0.005917910962142576,0.0011048251125368898,0.0,0.0,0.03710728216436342,92
113.52,0.03866223207620608,0.0059196919401647095,0.0011047639435676124,0.0,0.0,0.03710926178132301,92
113.54,0.038665898599369086,0.005922655068631294,0.0011047015429744233,0.0,0.0,0.03711158022455544,92
113.56,0.038669876981823836,0.005926086685350449,0.0011046380726478261,0.0,0.0,0.037114234595107716,92
113.58,0.03867413232890802,0.005929448824726129,0.0011045731425524433,0.0,0.0,0.037117190857100676,92
113.60000000000001,0.03867859762423176,0.005932741129745054,0.0011045063934964617,0.0,0.0,0.0371203832642591,92
113.62,0.03868336331385179,0.005935963503992483,0.0011044384653530065,0.0,0.0,0.03712390157517232,92
113.64,0.038688425049966814,0.005939115296879612,0.0011043799772443936,0.0,0.0,0.037127741940285314,92
113.66,0.038693778272259526,0.005942196168996293,0.0011043574660711058,0.0,0.0,0.03713190030720838,92
113.68,0.03869941820465982,0.0059452057839562145,0.0011043342420013987,0.0,0.0,0.03713637241731014,91
113.7,0.03870533984180164,0.005948143808060558,0.0011043100091494586,0.0,0.0,0.03714115379207209,91
113.72,0.03871161910862725,0.005951009910166775,0.0011042843176583825,0.0,0.0,0.03714623970898163,91
113.74000000000001,0.0387184043519924,0.005953803764151726,0.0011042572792833419,0.0,0.0,0.03715162516723703,91
113.76,0.038725483026222224,0.005956638720704793,0.00110422878575713,0.0,0.0,0.037157304844050915,91
113.78,0.03873282362333833,0.005960132830358765,0.0011041988258464511,0.0,0.0,0.03716327304284683,91
113.8,0.03874041947658366,0.0059635489456541175,0.0011041674916915112,0.0,0.0,0.037169523635122874,91
113.82000000000001,0.038748263415526056,0.005966886664030555,0.0011041352731901446,0.0,0.0,0.037176049998179604,91
113.84,0.03875634770181795,0.005970145590316137,0.0011041017263806762,0.0,0.0,0.0371828449512576,91
113.86,0.038764663966095424,0.005973325335599931,0.0011040667003344334,0.0,0.0,0.03718990069287691,91
113.88,0.038773203148944134,0.00597642552660814,0.0011040301856838817,0.0,0.0,0.03719720874230262,91
113.9,0.038781955448859366,0.005979445796231787,0.0011039921716493987,0.0,0.0,0.03720475988805988,91
113.92,0.03879091027999285,0.0059823857831628885,0.0011039526458838282,0.0,0.0,0.03721254414628763,91
113.94,0.03880005624220481,0.00598524514772397,0.00110391171917651,0.0,0.0,0.03722055073144699,91
113.96000000000001,0.0388093811055429,0.005988023567441528,0.0011038697395795369,0.0,0.0,0.03722876804150324,91
113.98,0.03881887181076081,0.005990744332480747,0.0011038266708437937,0.0,0.0,0.037237183659192596,91
114.0,0.03882851448689869,0.005993387837685385,0.0011037835611942312,0.0,0.0,0.037245784370394115,91
114.02,0.03883829448630296,0.005995949496346155,0.0011037646600545866,0.0,0.0,0.037254556199983614,91
114.04,0.03884819643680075,0.005998429076161024,0.0011037442625770602,0.0,0.0,0.03726348446488363,91
114.06,0.03885827210655161,0.006000834491495915,0.0011037221466072007,0.0,0.0,0.03727255384338007,91
114.08,0.03886868372095362,0.006003176658343294,0.0011036990361498866,0.0,0.0,0.03728174845918088,91
114.10000000000001,0.038879499272507945,0.006005436198608684,0.0011036752712378338,0.0,0.0,0.03729105197817986,91
114.12,0.03889036998841714,0.006007614028685757,0.0011036498099866112,0.0,0.0,0.03730044771547674,91
114.14,0.03890127817073842,0.00600971037458741,0.0011036227952680075,0.0,0.0,0.037309918749910354,91
114.16,0.03891220598185217,0.0060117238710320296,0.0011035941902322092,0.0,0.0,0.037319448043193745,91
114.18,0.03892313556408572,0.006013654506511443,0.0011035638906205616,0.0,0.0,0.03732901856069168,91
114.2,0.03893404915805084,0.006015502306880453,0.0011035318708874397,0.0,0.0,0.03733861339095097,91
114.22,0.03894492921697706,0.006017267328655067,0.0011035006553069399,0.0,0.0,0.03734821586126521,92
114.24000000000001,0.03895575851457819,0.006018949663934922,0.0011035037266441832,0.0,0.0,0.03735780964681168,92
114.26,0.03896652024431292,0.006020549438701653,0.0011035052374342232,0.0,0.0,0.037367378871221775,92
114.28,0.03897719810826821,0.006022066811665163,0.0011035050496601565,0.0,0.0,0.03737690819681416,92
114.3,0.03898777639428819,0.006023501973228601,0.0011035032772662083,0.0,0.0,0.03738638290311506,92
114.32000000000001,0.03899824004037293,0.006024855144273817,0.0011035000275532705,0.0,0.0,0.03739578895269118,92
114.34,0.039008574685763145,0.006026126574796127,0.0011034949447575131,0.0,0.0,0.03740511304371382,92
114.36,0.039018766708495876,0.006027466409475287,0.0011034879808622996,0.0,0.0,0.0374143426490417,92
114.38,0.039028803249552504,0.006029031690204643,0.0011034792278112303,0.0,0.0,0.03742373734437781,92
114.4,0.03903878827901041,0.006030512556549521,0.0011034687636596317,0.0,0.0,0.037433347588192147,92
114.42,0.03904861856510692,0.006031909382876503,0.0011034567318118863,0.0,0.0,0.03744282974688774,92
114.44,0.03905826051651384,0.006033222525674676,0.0011034430325463304,0.0,0.0,0.037452174525374554,92
114.46000000000001,0.039067704328503775,0.006034452408326644,0.0011034275674627284,0.0,0.0,0.03746137341022012,92
114.48,0.03907694090153222,0.006035599484336946,0.001103410242569009,0.0,0.0,0.037470418639292354,92
114.5,0.039085961801018525,0.006036664246717128,0.0011033911571255587,0.0,0.0,0.03747930316350913,92
114.52,0.03909475921048308,0.006037647173536426,0.001103370356933506,0.0,0.0,0.03748802060202825,92
114.54,0.0391033258794107,0.006038548700118439,0.0011033477353645264,0.0,0.0,0.03749677473579303,91
114.56,0.03911165506723231,0.006039369325447898,0.0011033232452407932,0.0,0.0,0.037505710734736714,91
114.58,0.03911974048482078,0.006040109559419781,0.001103297131152542,0.0,0.0,0.0375144632808322,91
114.60000000000001,0.039127576234884644,0.006040769921770095,0.0011032690998382779,0.0,0.0,0.03752302813605604,91
114.62,0.03913515675261352,0.006041350941127683,0.0011032432588999816,0.0,0.0,0.03753140145667316,92
114.64,0.03914312679718946,0.006041853154186055,0.001103240471524128,0.0,0.0,0.03753957973811725,92
114.66,0.039151285350957056,0.006042277104991454,0.0011032360449764382,0.0,0.0,0.03754755976278056,92
114.68,0.03915921779853713,0.006042623344340897,0.0011032297795954818,0.0,0.0,0.03755533855184723,92
114.7,0.03916691273285063,0.006042892429281429,0.0011032219291733426,0.0,0.0,0.037562913322176206,91
114.72,0.039174362214722806,0.006043084922699975,0.001103212328371249,0.0,0.0,0.03757028144907956,92
114.74000000000001,0.039181562700317515,0.00604320140567814,0.001103200985308927,0.0,0.0,0.037577440435653885,92
114.76,0.03918851071182354,0.006043384755500997,0.0011031879734205298,0.0,0.0,0.037584387889109235,92
114.78,0.03919520281942733,0.0060447727994658905,0.0011031731357191044,0.0,0.0,0.03759112150430778,93
114.8,0.03920163563039464,0.006046106586303753,0.00110315649249684,0.0,0.0,0.03759763905448398,93
114.82000000000001,0.03920780578499046,0.006047376851900474,0.0011031382172305365,0.0,0.0,0.037603938388879016,93
114.84,0.03921370995874319,0.0060485688345587,0.0011031183833285793,0.0,0.0,0.037610017436797955,93
114.86,0.03921934487036093,0.006049683158620052,0.0011030967662041358,0.0,0.0,0.0376158742174011,93
114.88,0.03922462553704245,0.006050720451754593,0.0011030736330920527,0.0,0.0,0.03762142487295633,93
114.9,0.039229627175447805,0.0060516813292122665,0.0011030487076769085,0.0,0.0,0.037626746233848186,93
114.92,0.0392343502138822,0.006052566423975073,0.0011030220579617998,0.0,0.0,0.03763184019052384,93
114.94,0.03923879170402924,0.006053376372271763,0.0011029936790935499,0.0,0.0,0.03763670530234228,93
114.96000000000001,0.03924391708852281,0.006054111812581502,0.0011029675592654547,0.0,0.0,0.037641340320817396,93
114.98,0.03924903498291452,0.0060547733858372695,0.0011029707168899938,0.0,0.0,0.037645744213722736,93
115.0,0.03925390341060404,0.006055361742720554,0.0011029719289700078,0.0,0.0,0.03764991618829288,93
115.02,0.039258521458817655,0.006055877520515656,0.0011029783641276411,0.0,0.0,0.037653855712835305,93
115.04,0.039262888484580656,0.0060563214706102955,0.0011030163200249576,0.0,0.0,0.03765778191229322,93
115.06,0.03926700413143468,0.006056696356541825,0.0011030523022068192,0.0,0.0,0.0376617317856766,93
115.08,0.03927079794063066,0.006057000586915027,0.0011030679558938286,0.0,0.0,0.03766539683084537,93
115.10000000000001,0.039274338532337166,0.0060572347907535086,0.001103081154035692,0.0,0.0,0.037668828201017204,93
115.12,0.03927762849500514,0.006057399581730658,0.0011030924312532694,0.0,0.0,0.03767202839378746,93
115.14,0.03928069468616739,0.006057495597011768,0.0011031139045650968,0.0,0.0,0.037674923310051525,93
115.16,0.039283546685885816,0.006057523464413437,0.0011031351189117148,0.0,0.0,0.037677579699228116,93
115.18,0.03928615285999851,0.00605748381305685,0.0011031544375517694,0.0,0.0,0.037680010089649746,93
115.2,0.039288515099994474,0.0060573772677769856,0.0011031718543965915,0.0,0.0,0.03768221684899033,93
115.22,0.03929063561968694,0.006057204459747549,0.001103187349331174,0.0,0.0,0.03768420268035303,94
115.24000000000001,0.03929251694960848,0.006056966004760493,0.00110320095331327,0.0,0.0,0.03768597061699453,94
115.26,0.039294161929916284,0.0060566624965216215,0.0011032128518240255,0.0,0.0,0.03768752401557194,95
115.28,0.039295573702008646,0.006056294535216952,0.0011032229277467933,0.0,0.0,0.03768886654811459,96
115.3,0.03929675569902288,0.006055862713354552,0.001103231280825573,0.0,0.0,0.03769000219289148,96
115.32000000000001,0.039297711635347954,0.006055367615197739,0.0011032377519283993,0.0,0.0,0.037690935224308615,96
115.34,0.03929844549524692,0.006054809816221892,0.0011032424106035084,0.0,0.0,0.03769167020193237,96
115.36,0.03929902408579193,0.006054189882596492,0.001103245214740705,0.0,0.0,0.03769221195869461,96
115.38,0.03929948433846644,0.006053508371205088,0.0011032461763353031,0.0,0.0,0.037692565588296666,96
115.4,0.03929973717602661,0.006052765827905094,0.0011032453056896818,0.0,0.0,0.037692736431790434,96
115.42,0.03929973018168152,0.006051962787859501,0.0011032448866343612,0.0,0.0,0.037692670530767226,97
115.44,0.039299510875360474,0.0060510997716810375,0.0011032432362170818,0.0,0.0,0.03769241765263047,97
115.46000000000001,0.039299099638980865,0.006050177291689313,0.0011032397963722951,0.0,0.0,0.03769199941432061,97
115.48,0.03929851077866998,0.006049195848648415,0.0011032346014713805,0.0,0.0,0.037691421993096934,97
115.5,0.03929775312611748,0.006048155930421974,0.0011032276741905751,0.0,0.0,0.03769069173108958,97
115.52,0.03929682059057424,0.006047058013518332,0.0011032189635254242,0.0,0.0,0.03768981511475952,97
115.54,0.03929571903546474,0.00604590256187896,0.0011032530509968502,0.0,0.0,0.037688798752614175,97
115.56,0.03929445440107138,0.006044690026708805,0.0011032886034064268,0.0,0.0,0.037687649351003265,97
115.58,0.03929303267756009,0.006043420846355491,0.0011033223630139137,0.0,0.0,0.03768637368783192,97
115.60000000000001,0.039291459875749765,0.0060420954462411325,0.0011033543090031954,0.0,0.0,0.037684978584051204,97
115.62,0.0392897419955193,0.006040714238850632,0.0011033844151633755,0.0,0.0,0.03768347087282257,97
115.64,0.039287884991794524,0.006039277623780558,0.0011034127043326493,0.0,0.0,0.03768185736629964,97
115.66,0.039285894738117354,0.006037785987852702,0.001103439167285935,0.0,0.0,0.03768014482003241,96
115.68,0.03928377698787392,0.006036239705296434,0.0011034638026130477,0.0,0.0,0.037678339895071994,96
115.7,0.03928153733334334,0.006034639138003568,0.0011034866129962387,0.0,0.0,0.037676449117940665,96
115.72,0.0392791811628254,0.006032984638309236,0.0011035076003572456,0.0,0.0,0.03767447883872691,96
115.74000000000001,0.03927671361620838,0.00603127654825594,0.0011035267658150046,0.0,0.0,0.03767243518766948,95
115.76,0.03927413953944547,0.006029515281391656,0.001103544109648118,0.0,0.0,0.03767032403070122,95
115.78,0.03927146343851443,0.006027701061002199,0.0011035596312634196,0.0,0.0,0.037668314407347886,95
115.8,0.03926868943353455,0.006025834193866074,0.0011035733291719558,0.0,0.0,0.0376665980515197,94
115.82000000000001,0.0392658006722581,0.006023914977619385,0.0011035852022598775,0.0,0.0,0.03766480860923375,94
115.84,0.03926276862442082,0.006021943693389859,0.001103595250298106,0.0,0.0,0.03766291878673717,94
115.86,0.03925964835187431,0.0060199444344074295,0.0011036034687908996,0.0,0.0,0.03766098468933997,94
115.88,0.039256442003505046,0.0060179152803186,0.0011036098872046864,0.0,0.0,0.037659009689798635,94
115.9,0.0392531511437994,0.006015834848027086,0.001103614486244904,0.0,0.0,0.03765699661523755,94
115.92,0.03924977672537498,0.006013703404449804,0.00110361723775565,0.0,0.0,0.03765494772124865,94
115.94,0.039246679261766206,0.006011527986422645,0.0011036181369977317,0.0,0.0,0.0376528646720398,94
115.96000000000001,0.03924377716083838,0.006009322351184766,0.0011036173946561442,0.0,0.0,0.03765074852728387,94
115.98,0.039240794564179386,0.006007066463054843,0.0011036156046664981,0.0,0.0,0.03764859973619368,94
116.0,0.03923774182552062,0.006004760581693127,0.0011036119502910314,0.0,0.0,0.03764641813920368,94
116.02,0.03923459985876352,0.006002405037879596,0.00110360642153344,0.0,0.0,0.037644202977482964,94
116.04,0.03923136574140123,0.006000000362553394,0.001103599044197424,0.0,0.0,0.03764238122261161,94
116.06,0.03922855345139091,0.005997546862769202,0.001103589853937179,0.0,0.0,0.03764053878966241,94
116.08,0.03922611923010379,0.005995044435883802,0.0011035787728124618,0.0,0.0,0.037638656573786206,94
116.10000000000001,0.03922360775896897,0.0059924933596051735,0.0011035657752777976,0.0,0.0,0.03763673166888342,94
116.12,0.03922101467581463,0.005989893913553729,0.0011035508506185357,0.0,0.0,0.03763476073101696,94
116.14,0.03921835370520067,0.005987246386607228,0.0011035339910493616,0.0,0.0,0.037632801185608175,94
116.16,0.03921560461868883,0.0059845510752222445,0.0011035151891930256,0.0,0.0,0.037631269127082256,94
116.18,0.03921280646483504,0.0059818082839820964,0.0011034944427740182,0.0,0.0,0.037629678242293345,94
116.2,0.03921081517557497,0.005979018326032304,0.0011034717446838952,0.0,0.0,0.03762832528011714,94
116.22,0.039209715103607774,0.005976181541833303,0.0011034471181871391,0.0,0.0,0.03762705284688828,94
116.24000000000001,0.03920882538005675,0.005973298262464118,0.0011034205798951654,0.0,0.0,0.03762570720990459,94
116.26,0.039207845125325186,0.005970368809169042,0.0011033921144663777,0.0,0.0,0.037624283632169526,94
116.28,0.03920676933492744,0.005967393531343042,0.0011033617376979346,0.0,0.0,0.03762277743334841,94
116.3,0.03920559311655535,0.005964372790768103,0.0011033294013919716,0.0,0.0,0.037621184050412836,94
116.32000000000001,0.03920432957579193,0.005961306951567116,0.0011032950765483853,0.0,0.0,0.03761949909445917,94
116.34,0.03920296141210869,0.005958196388986291,0.0011032587410244573,0.0,0.0,0.03761771840291694,94
116.36,0.039201479536142274,0.005955041486689753,0.0011032367533328508,0.0,0.0,0.03761583808653918,94
116.38,0.03919988002312189,0.0059518426358929006,0.0011032291392755066,0.0,0.0,0.03761385457075633,94
116.4,0.03919815929266748,0.005948600238557599,0.0011032195716497307,0.0,0.0,0.03761176463116402,94
116.42,0.03919631413820292,0.00594531469588601,0.0011032080470834212,0.0,0.0,0.03760956542309729,94
116.44,0.03919434175056302,0.005942748816779627,0.0011031945301975855,0.0,0.0,0.037607254505407584,93
116.46000000000001,0.03919223973605235,0.005940514143516618,0.0011031793046904132,0.0,0.0,0.03760482985869923,93
116.48,0.039190006129327715,0.005938234427636903,0.0011031783295624349,0.0,0.0,0.037602289898396375,93
116.5,0.039187639401559726,0.005935910056157429,0.001103194538561278,0.0,0.0,0.037599633483094266,93
116.52,0.039185138464385254,0.005933541420229199,0.0011032087213589193,0.0,0.0,0.037596859918705934,93
116.54,0.03918250267019126,0.005931128908208001,0.001103220828185458,0.0,0.0,0.037593968958943846,92
116.56,0.039179667155682184,0.005928672911051997,0.0011032305264459346,0.0,0.0,0.037590892859696856,92
116.58,0.03917672426902945,0.005926173796119069,0.0011032383059568958,0.0,0.0,0.037587695185146354,92
116.60000000000001,0.03917365430544631,0.0059236319512258676,0.0011032441677366629,0.0,0.0,0.03758438210077924,92
116.62,0.03917045160493312,0.005921047765849179,0.0011032481397448759,0.0,0.0,0.0375813708685606,92
116.64,0.0391671176379076,0.005918421628626336,0.0011032501417976158,0.0,0.0,0.03757827644365871,92
116.66,0.039163654269069544,0.005915753923741671,0.0011032505309783677,0.0,0.0,0.03757507159119614,92
116.68,0.039160063745663935,0.005913045031385335,0.0011032492797339389,0.0,0.0,0.037571759013224036,92
116.7,0.039156348685453875,0.005910295328590575,0.0011032460231234697,0.0,0.0,0.037568341791099163,92
116.72,0.03915251206460038,0.005907505187738116,0.0011032408234156247,0.0,0.0,0.03756482337355843,91
116.74000000000001,0.03914855720559602,0.005904674975989819,0.0011032337083352346,0.0,0.0,0.03756120756484957,91
116.76,0.03914448776535038,0.005901805054747294,0.00110322471295522,0.0,0.0,0.037557498513016,91
116.78,0.039140307723481135,0.0058988960804784284,0.00110321373859264,0.0,0.0,0.0375537006983899,91
116.8,0.039136021370822505,0.005895948798564086,0.0011032009564287178,0.0,0.0,0.037549818922305724,91
116.82000000000001,0.039131633298124475,0.005892962866205364,0.0011031866555251974,0.0,0.0,0.037545858296007706,91
116.84,0.03912722333805556,0.005889938613410027,0.001103170461682007,0.0,0.0,0.037541824229689456,91
116.86,0.03912277986768238,0.005886876359392236,0.0011031525060083366,0.0,0.0,0.037537722421570156,91
116.88,0.03911825119135883,0.0058837767368407935,0.0011031349174579377,0.0,0.0,0.03753355884688144,91
116.9,0.03911364299654218,0.00588064050614033,0.001103116128994977,0.0,0.0,0.03752933974660842,91
116.92,0.039108961213775835,0.005877467210490685,0.0011030960390556136,0.0,0.0,0.037525071615801965,91
116.94,0.0391042120041309,0.005874257139191341,0.0011030749618756777,0.0,0.0,0.03752076119125223,91
116.96000000000001,0.03909940174576872,0.005871010571660724,0.0011030528718136653,0.0,0.0,0.03751641543828866,91
116.98,0.03909499956974186,0.005867765629984371,0.0011030300455084898,0.0,0.0,0.037512041536449346,91
117.0,0.03909065136590263,0.005864488954084167,0.0011030054346844213,0.0,0.0,0.037507646863740765,91
117.02,0.039086261603027465,0.005861863370577321,0.0011029792308271343,0.0,0.0,0.03750323897919214,91
117.04,0.03908183736661348,0.005860070573674138,0.0011029512575293921,0.0,0.0,0.03749882560339306,91
117.06,0.03907738586919115,0.0058582334835937085,0.0011029217520307484,0.0,0.0,0.03749441459669488,91
117.08,0.03907291442558787,0.005856352351979619,0.0011028912695549467,0.0,0.0,0.0374900139347524,91
117.10000000000001,0.039068430425205886,0.005854427451249162,0.0011028593410751888,0.0,0.0,0.037485631681088885,91
117.12,0.039063941301010874,0.005852459042119133,0.001102825889591862,0.0,0.0,0.037481275956381344,91
117.14,0.03905945449495643,0.005850447373553272,0.0011027915957505623,0.0,0.0,0.03747695490419265,91
117.16,0.039054992590202044,0.005848392683904283,0.0011027560436477333,0.0,0.0,0.03747267665291829,91
117.18,0.03905054926475211,0.005846302628826345,0.0011027191843565394,0.0,0.0,0.03746844927377636,91
117.2,0.03904613033602463,0.005844188720449152,0.001102681727914823,0.0,0.0,0.037464280734747196,91
117.22,0.039041742859890566,0.005842032395927926,0.0011026449912850133,0.0,0.0,0.037460178850469705,92
117.24000000000001,0.03903766284459557,0.005839833855131133,0.0011026074906155326,0.0,0.0,0.037456151228221345,92
117.26,0.03903384504783787,0.0058375933156218736,0.0011025698024979295,0.0,0.0,0.0374522052102523,92
117.28,0.0390303798276301,0.005835310959655901,0.001102532668906287,0.0,0.0,0.03744834781290501,92
117.3,0.03902717346294491,0.005832986902751107,0.0011024944799293145,0.0,0.0,0.03744458566312974,92
117.32000000000001,0.03902403983460773,0.005830660689939073,0.0011024553667435184,0.0,0.0,0.037440924933194265,92
117.34,0.03902098399721079,0.005828294361803861,0.00110241521802878,0.0,0.0,0.03743737127457782,92
117.36,0.03901805338374874,0.005825886691100854,0.001102374508159779,0.0,0.0,0.037434243331262475,92
117.38,0.03901621569874801,0.005823437810149024,0.0011023353792721873,0.0,0.0,0.03743136106824073,92
117.4,0.03901455468192387,0.0058209478464178715,0.0011022954270929594,0.0,0.0,0.037428598409865885,92
117.42,0.03901308830134502,0.005818416923709985,0.0011022553808229226,0.0,0.0,0.0374259583018437,93
117.44,0.03901171449261931,0.005815845163415356,0.001102214654888292,0.0,0.0,0.03742344287314417,93
117.46000000000001,0.039010433855822244,0.005813232685823791,0.0011021737734311235,0.0,0.0,0.037421053394040296,93
117.48,0.03900924608564014,0.005810579707912953,0.0011021325814539087,0.0,0.0,0.037418790243468135,93
117.5,0.03900814994882316,0.005807904451269379,0.0011020901632099612,0.0,0.0,0.037416652886967966,93
117.52,0.03900714322285028,0.005805211005487411,0.0011020468789618469,0.0,0.0,0.037414639816287475,93
117.54,0.039006146527492416,0.005802477301999725,0.0011020022521001434,0.0,0.0,0.037412673021126046,93
117.56,0.03900508268704388,0.005799703418795853,0.0011019484454556935,0.0,0.0,0.03741068321108175,93
117.58,0.03900409533657163,0.005796889468106457,0.0011018938819629552,0.0,0.0,0.03740880708066216,93
117.60000000000001,0.039003179848764204,0.00579403560024428,0.001101838680712474,0.0,0.0,0.037407040721953284,93
117.62,0.03900232962302299,0.005791141978079639,0.0011017829220349418,0.0,0.0,0.037405378332069715,93
117.64,0.03900153730837097,0.005788208773598213,0.0011017262206377708,0.0,0.0,0.03740381337643951,93
117.66,0.03900079487151124,0.005786489913425196,0.00110166921681486,0.0,0.0,0.03740233865755162,93
117.68,0.039000093671855536,0.0057848163616716205,0.0011016116120757906,0.0,0.0,0.037400946390694266,93
117.7,0.0389994245417992,0.005783100921721606,0.0011015527315058832,0.0,0.0,0.03739962828496,93
117.72,0.03899877787049022,0.005781343692910518,0.0011014923835229566,0.0,0.0,0.037398375627764435,93
117.74000000000001,0.03899814368938274,0.0057795450452198084,0.001101430723004494,0.0,0.0,0.037397179371169,93
117.76,0.03899751175796811,0.005777705085818496,0.0011013682625742286,0.0,0.0,0.03739603021840047,93
117.78,0.038996871648226294,0.005775824010900584,0.0011013048513036467,0.0,0.0,0.03739491870911124,93
117.8,0.03899645175833757,0.005773902070246479,0.0011012388304856696,0.0,0.0,0.03739371192593379,93
117.82000000000001,0.0389961277880545,0.005772506831541865,0.0011011716113616856,0.0,0.0,0.03739252171222256,93
117.84,0.03899581016326379,0.005771848398234196,0.0011010987034483428,0.0,0.0,0.037391246436026676,93
117.86,0.03899543193725104,0.005771146848026029,0.0011010226056702504,0.0,0.0,0.03738992270266031,93
117.88,0.038994994993208514,0.005770402431030537,0.0011009447419476723,0.0,0.0,0.037388590100189835,93
117.9,0.03899448936540537,0.005769615434633997,0.001100865392458078,0.0,0.0,0.03738723977000484,93
117.92,0.03899390537368893,0.005768786404796012,0.0011007843774814617,0.0,0.0,0.037385863168816764,93
117.94,0.03899323366774346,0.005767915513496833,0.0011007028799616516,0.0,0.0,0.0373844521139226,93
117.96000000000001,0.038992405589236265,0.005767003059379591,0.001100645230721679,0.0,0.0,0.03738294252928049,93
117.98,0.03899138199407451,0.005766049376702938,0.001100588025712697,0.0,0.0,0.03738129824261186,93
118.0,0.03899024523351709,0.005765054778243,0.001100529237209936,0.0,0.0,0.037379597757748254,93
118.02,0.03898898759628264,0.005764019443117174,0.0011004685864616655,0.0,0.0,0.03737783466482467,93
118.04,0.03898760183233088,0.005762943714139019,0.0011004062768869202,0.0,0.0,0.03737600305161898,93
118.06,0.03898608116309323,0.005761827939264494,0.0011003438145282577,0.0,0.0,0.03737442657866905,93
118.08,0.0389844192872235,0.005760672474287107,0.0011002798696991875,0.0,0.0,0.0373729352626991,93
118.10000000000001,0.03898261038229748,0.0057594778751794695,0.001100214137702196,0.0,0.0,0.03737136015722329,93
118.12,0.03898064910290041,0.00575824441068611,0.0011001464687897115,0.0,0.0,0.03736969741405065,93
118.14,0.038978530575543,0.00575697233601088,0.0011000767800974948,0.0,0.0,0.0373679437002335,93
118.16,0.038976250390839025,0.005755662006691953,0.0011000050942537758,0.0,0.0,0.03736609619183137,93
118.18,0.03897380459336344,0.005754313785538413,0.001099931604992925,0.0,0.0,0.03736415256542665,93
118.2,0.03897119875577606,0.005752928035818034,0.001099856437425575,0.0,0.0,0.03736211098779488,93
118.22,0.03896843078111742,0.005751505122044871,0.0010997792802397413,0.0,0.0,0.03735997010410757,93
118.24000000000001,0.038965488034757606,0.005750045404982824,0.0010997001663872105,0.0,0.0,0.03735772902501752,93
118.26,0.038962368243161044,0.005748549278032642,0.0010996190910079508,0.0,0.0,0.037355387312946346,93
118.28,0.03895906951430135,0.005747017079351135,0.0010995360522876065,0.0,0.0,0.037352944967861804,93
118.3,0.038955590321022665,0.005745449454449804,0.0010994510713850333,0.0,0.0,0.03735040241280029,93
118.32000000000001,0.03895192948427153,0.0057438473043549855,0.0010993641635646738,0.0,0.0,0.03734776047935851,93
118.34,0.0389480861563874,0.005743156041646663,0.0010992755686656636,0.0,0.0,0.03734502039334697,93
118.36,0.03894405980461055,0.005742839285671376,0.0010991850793057258,0.0,0.0,0.03734218376076916,93
118.38,0.038939850194938966,0.005742484973829294,0.0010990928976948667,0.0,0.0,0.03733947891832754,93
118.4,0.038935457376440094,0.005742513679645449,0.0010989995055255594,0.0,0.0,0.0373369217965553,93
118.42,0.03893088166610043,0.005742594502060664,0.0010989046477496436,0.0,0.0,0.03733427429716989,93
118.44,0.03892612363427568,0.005742634515309475,0.0010988079133327294,0.0,0.0,0.03733153942128158,93
118.46000000000001,0.03892211295973108,0.005742659076629762,0.0010987099121129277,0.0,0.0,0.037328619124271115,93
118.48,0.03891786685550553,0.005742648192284671,0.001098610728525517,0.0,0.0,0.037325517596124076,91
118.5,0.03891355118579221,0.0057430329815973055,0.0010985098262051077,0.0,0.0,0.0373223398472941,91
118.52,0.038909210994942364,0.005744531672490833,0.0010984071427745446,0.0,0.0,0.03731909009759157,91
118.54,0.038905162932896045,0.00574598712963443,0.0010983026668980127,0.0,0.0,0.037315772850745395,91
118.56,0.038900977238707675,0.005747399507086086,0.0010981963831767528,0.0,0.0,0.03731239288773733,90
118.58,0.03889665713705045,0.005748769004580016,0.0010980883436803514,0.0,0.0,0.03730895526094031,90
118.60000000000001,0.03889220606424016,0.005750095918987864,0.0010979784898701055,0.0,0.0,0.037305465289032815,90
118.62,0.03888762766178358,0.005751380514582468,0.0010978677995129302,0.0,0.0,0.03730192855265404,90
118.64,0.038882925770530714,0.0057526230405527505,0.001097755483382941,0.0,0.0,0.037298350890759446,90
118.66,0.03887810442537947,0.005753823762569173,0.0010976414140733664,0.0,0.0,0.0372947383976301,90
118.68,0.03887316785047601,0.005754983065446254,0.0010975255213571992,0.0,0.0,0.03729109742048414,90
118.7,0.03886813500423251,0.0057561011000894936,0.0010974087939337204,0.0,0.0,0.03728743455763265,90
118.72,0.03886300220718732,0.005757178224870702,0.0010972908423528712,0.0,0.0,0.03728375665711748,90
118.74000000000001,0.038857779607763904,0.005758214546265634,0.0010971711348068847,0.0,0.0,0.037280070815762005,90
118.76,0.038852472094112855,0.00575921034331792,0.0010970496221548087,0.0,0.0,0.03727638437855965,90
118.78,0.03884707346260959,0.005760165830347838,0.0010969263149616828,0.0,0.0,0.03727270493831886,90
118.8,0.03884234784447441,0.005761081192331881,0.0010968012251572194,0.0,0.0,0.037269040335475026,91
118.82000000000001,0.03883778922350967,0.005761956640508932,0.0010966743965254338,0.0,0.0,0.037265398657972966,91
118.84,0.038833108516468,0.00576279244425049,0.0010965415909021897,0.0,0.0,0.03726171569603636,92
118.86,0.038828311674076944,0.00576358911287068,0.0010964027137431967,0.0,0.0,0.03725799938932101,92
118.88,0.038823482954184765,0.005764346686822379,0.0010962622722213073,0.0,0.0,0.037254666374338705,91
118.9,0.038818629361732096,0.005765065602842753,0.001096120184634497,0.0,0.0,0.037251667487044844,91
118.92,0.038813758079458124,0.005765745687617667,0.001095976645240443,0.0,0.0,0.03724873512845531,91
118.94,0.03880887646295778,0.00576638704841884,0.0010958314589066174,0.0,0.0,0.03724587885952604,91
118.96000000000001,0.03880433499957179,0.005766989837849878,0.0010956849300413109,0.0,0.0,0.03724305000523802,91
118.98,0.03880037216349672,0.0057675541805196915,0.0010955368423192647,0.0,0.0,0.03724029596805226,91
119.0,0.03879645101312628,0.005768744298371363,0.0010953870845701594,0.0,0.0,0.037237648209447964,92
119.02,0.03879258039292641,0.005770599001564722,0.0010952357149483648,0.0,0.0,0.03723511721467774,91
119.04,0.03878876931020395,0.005773179165555532,0.0010950827525275843,0.0,0.0,0.037232713682862066,91
119.06,0.03878502692284474,0.00577631375723166,0.0010949281689279279,0.0,0.0,0.03723044851679319,91
119.08,0.03878136252496668,0.005779403440337528,0.0010947719820172746,0.0,0.0,0.03722833281075251,91
119.10000000000001,0.03877778553030315,0.005782449093610166,0.0010946141897925036,0.0,0.0,0.03722637783616134,91
119.12,0.03877430545314434,0.0057859758177409015,0.0010944551337444867,0.0,0.0,0.03722459502489793,91
119.14,0.038770931886686476,0.005789800618441739,0.0010942945116442441,0.0,0.0,0.037222995950135236,91
119.16,0.0387676744786649,0.005793576677391014,0.0010941323364155966,0.0,0.0,0.037221592304580976,91
119.18,0.038764542904184685,0.0057973037981771235,0.0010939686295961858,0.0,0.0,0.03722039587603889,91
119.2,0.038761559585005566,0.005801024599947755,0.0010938033934575838,0.0,0.0,0.03721941852025276,91
119.22,0.03875906898004712,0.005804697904015156,0.001093636731709516,0.0,0.0,0.037218672131047625,91
119.24000000000001,0.03875704663866504,0.005808321833751402,0.0010934687983450164,0.0,0.0,0.03721816860784224,91
119.26,0.03875518876349271,0.005811896276267243,0.0010932993966388121,0.0,0.0,0.037217919820672,91
119.28,0.03875350467039913,0.005815421071670045,0.0010931285255348566,0.0,0.0,0.03721793757293256,91
119.3,0.038752003482445736,0.005818896208395145,0.0010929564545628515,0.0,0.0,0.03721823356212658,91
119.32000000000001,0.038750694085230575,0.005822321435326552,0.0010927830278094346,0.0,0.0,0.03721881933896837,91
119.34,0.03874958508083976,0.005825696645870409,0.0010926081865428156,0.0,0.0,0.037219706265269804,91
119.36,0.0387486182602762,0.00582902164485974,0.0010924280745159911,0.0,0.0,0.03722084240068091,91
119.38,0.038747785598473646,0.005832296051643172,0.0010922417764345556,0.0,0.0,0.03722222350633848,91
119.4,0.03874746498775412,0.005835519606296009,0.0010920541272765748,0.0,0.0,0.03722393855958496,91
119.42,0.03874828425035571,0.0058386920799417645,0.0010918651514460142,0.0,0.0,0.037225997738660636,91
119.44,0.03874937771064226,0.005841813449451754,0.001091674860889864,0.0,0.0,0.037228410822538846,90
119.46000000000001,0.03875150213802975,0.00584489091512841,0.001091483526717724,0.0,0.0,0.03723118715299235,90
119.48,0.03875418353756139,0.005847941796927929,0.001091291351324221,0.0,0.0,0.03723433559941121,90
119.5,0.03875718826009401,0.005850940569000856,0.0010910981733874708,0.0,0.0,0.03723786452690841,90
119.52,0.03876120923113076,0.0058538869513412185,0.0010909037857523526,0.0,0.0,0.037241781768204016,90
119.54,0.0387661407223719,0.0058567806551554314,0.0010907083857271496,0.0,0.0,0.03724609459972535,90
119.56,0.03877154259583068,0.005859621383397852,0.0010905118853729856,0.0,0.0,0.0372508097223031,90
119.58,0.03877737183706421,0.005862425784620801,0.0010903141745007424,0.0,0.0,0.0372559332467833,90
119.60000000000001,0.0387840443104546,0.005865197048250839,0.0010901152828562853,0.0,0.0,0.037261470684811546,90
119.62,0.03879116432931043,0.005867914224761474,0.001089915178819,0.0,0.0,0.0372674269449795,90
119.64,0.03879868428098348,0.005870577224079767,0.0010897141266044354,0.0,0.0,0.037273806334448656,90
119.66,0.0388066074077901,0.005873186458642982,0.0010895118760635718,0.0,0.0,0.037280612566082214,90
119.68,0.03881493635979197,0.0058757406239776985,0.001089308407653185,0.0,0.0,0.03728784877101543,90
119.7,0.03882367321214572,0.005878239528831755,0.0010891184724862147,0.0,0.0,0.03729551751647927,90
119.72,0.038832819487330875,0.005880682687034562,0.0010889541326590138,0.0,0.0,0.03730362082855602,90
119.74000000000001,0.038842376181783315,0.005883069750624678,0.0010887886091471895,0.0,0.0,0.037312160219396984,90
119.76,0.03885234379630227,0.005885400370520361,0.0010886262485884904,0.0,0.0,0.03732113671827189,90
119.78,0.038862722369438704,0.005887674307133581,0.0010884991040037266,0.0,0.0,0.03733055090565982,90
119.8,0.03887351151292695,0.005889891169381522,0.0010883706344398765,0.0,0.0,0.03734040294944376,90
119.82000000000001,0.03888471044809687,0.005892050531660641,0.001088241190227065,0.0,0.0,0.03735069264214717,90
119.84,0.03889631804212095,0.005894152160804075,0.0010881105439472275,0.0,0.0,0.037361419438066416,90
119.86,0.03890833284291592,0.005896195800127339,0.001087978529301286,0.0,0.0,0.037372582489118886,90
119.88,0.03892075311154191,0.005898180873596761,0.0010878451213894027,0.0,0.0,0.03738418067824877,90
119.9,0.03893357685102795,0.0059001070247919835,0.001087710266083164,0.0,0.0,0.037396212649318854,90
119.92,0.03894680183069812,0.005901973897284831,0.0010875739401571968,0.0,0.0,0.03740867683256122,90
119.94,0.03896042560527108,0.005903781135153728,0.0010874362411873206,0.0,0.0,0.03742173839182982,90
119.96000000000001,0.038974445528248365,0.005905528383200669,0.0010872969874856297,0.0,0.0,0.037435530617040504,90
119.98,0.03898885875937502,0.00590721550145296,0.0010871561181050992,0.0,0.0,0.03745039980814812,90
120.0,0.03900366226623947,0.005908842086190237,0.0010870135978408035,0.0,0.0,0.03746583294796585,90
120.02,0.03901885282035398,0.005910407706791666,0.0010868699302469804,0.0,0.0,0.03748168515633634,90
120.04,0.03903442698831419,0.005911912218361195,0.001086724601295205,0.0,0.0,0.03749795381700121,90
120.06,0.03905038111885507,0.005913354988744996,0.0010865775153346949,0.0,0.0,0.03751463612534342,90
120.08,0.03906664961509277,0.005914750755089355,0.0010864255403441531,0.0,0.0,0.037531670426918594,90
120.10000000000001,0.039083192161436756,0.005916096370881886,0.001086266574388045,0.0,0.0,0.03754901911549436,90
120.12,0.03910010253168796,0.005917379290449829,0.0010861057382551148,0.0,0.0,0.03756677204274463,90
120.14,0.03911737602795361,0.0059185991749664485,0.0010859619545524517,0.0,0.0,0.03758492549013278,90
120.16,0.039135007645744596,0.005919755697714898,0.001085833919708433,0.0,0.0,0.03760347546946516,90
120.18,0.039152992059222624,0.0059208485379263365,0.0010857038636940713,0.0,0.0,0.03762241770966058,90
120.2,0.0391713236096492,0.005923246062785798,0.0010855717820418631,0.0,0.0,0.03764174764671862,90
120.22,0.03919088847802619,0.005925594063170408,0.001085460848708488,0.0,0.0,0.03766146041747498,90
120.24000000000001,0.03921089553947532,0.005927873562350163,0.0010853725481341022,0.0,0.0,0.03768155085749422,90
120.26,0.03923125959221728,0.005930084473916821,0.0010852819715539517,0.0,0.0,0.03770201350319278,90
120.28,0.03925197448401138,0.00593222640877524,0.0010851890648121967,0.0,0.0,0.037723185888257287,90
120.3,0.03927303376588866,0.005934298943943712,0.0010850938125773197,0.0,0.0,0.037744952149622646,90
120.32000000000001,0.03929443070502855,0.005936301799886624,0.0010849962609799381,0.0,0.0,0.037767071808898475,89
120.34,0.03931615829983694,0.00593823470464391,0.0010848966750220462,0.0,0.0,0.03778953830076129,89
120.36,0.0393382092962152,0.005940097389380356,0.001084794682471793,0.0,0.0,0.03781234482057026,89
120.38,0.039360576203911084,0.005942355473852055,0.001084690163285177,0.0,0.0,0.037836123869005,89
120.4,0.039383251311809336,0.0059458609205604055,0.0010845831043792616,0.0,0.0,0.0378603826447819,89
120.42,0.03940622670105744,0.005949287823066847,0.0010844734664029099,0.0,0.0,0.03788495760447091,89
120.44,0.03942949955486785,0.005952635956643384,0.0010843612306936502,0.0,0.0,0.03790990382357322,89
120.46000000000001,0.039453075458404874,0.005955904995215369,0.0010842499564288522,0.0,0.0,0.037935884611375724,89
120.48,0.03947694454417903,0.00595913025058986,0.0010841749056000576,0.0,0.0,0.037962156021608316,89
120.5,0.0395010863647677,0.0059622867872805236,0.001084099799625433,0.0,0.0,0.03798870990291866,89
120.52,0.03952548621628941,0.005965363316789733,0.001084022064160539,0.0,0.0,0.03801553791528323,89
120.54,0.03955033719169957,0.005968376393191047,0.0010839417806403299,0.0,0.0,0.03804263151776088,89
120.56,0.03957591854799,0.005971318433872404,0.0010838589078360358,0.0,0.0,0.03806998195293086,89
120.58,0.03960172892191604,0.005974179215249022,0.0010837734664310911,0.0,0.0,0.0380975802291765,89
120.60000000000001,0.03962775846298648,0.0059769584609736005,0.001083687410930861,0.0,0.0,0.0381254171022464,89
120.62,0.03965399703726818,0.005979655971543006,0.001083634253054141,0.0,0.0,0.03815348305771462,89
120.64,0.03968043421215634,0.005982271481360469,0.0010835787607625651,0.0,0.0,0.03818176829605203,89
120.66,0.03970705924537146,0.005984804714318907,0.001083521011228633,0.0,0.0,0.03821026272199872,89
120.68,0.03973386107974002,0.005987255460603992,0.001083461045577569,0.0,0.0,0.03823895593979212,89
120.7,0.03976082834507152,0.005989623530218084,0.001083398962476361,0.0,0.0,0.03826783725555948,89
120.72,0.039787949368104,0.005991908755934241,0.0010833350680090699,0.0,0.0,0.03829689568784319,89
120.74000000000001,0.03981521219108069,0.005994111048293093,0.0010832692094183219,0.0,0.0,0.03832611998681739,89
120.76,0.03984260459906338,0.00599623027935453,0.0010832013923028573,0.0,0.0,0.03835549866229759,90
120.78,0.03987011415562425,0.005998266317709077,0.001083131783142056,0.0,0.0,0.03838502002018097,90
120.8,0.03989772824611089,0.006000219103776155,0.0010830604352245377,0.0,0.0,0.038414672206508814,89
120.82000000000001,0.039925434127284574,0.006002088592585779,0.001082987421127301,0.0,0.0,0.03844444325794821,89
120.84,0.039953218981812144,0.0060038747908442115,0.0010829128460722768,0.0,0.0,0.03847432115717076,89
120.86,0.03998106997586359,0.006005577753116497,0.001082836916801229,0.0,0.0,0.03850429389137833,89
120.88,0.040008974317943286,0.006007197491801051,0.001082759555404331,0.0,0.0,0.03853434951210279,89
120.9,0.04003691931706196,0.006008734092800822,0.0010827071496415331,0.0,0.0,0.03856447619438541,89
120.92,0.040064892438436715,0.006010208060336138,0.0010826625300022004,0.0,0.0,0.03859466229352299,90
120.94,0.04009288135507303,0.006011600254815705,0.0010826168828851393,0.0,0.0,0.038624896397734816,90
120.96000000000001,0.04012087399382303,0.006012909734179682,0.0010825703443063227,0.0,0.0,0.03865516737534491,90
120.98,0.04014885857480698,0.006014136704438993,0.0010825228554898674,0.0,0.0,0.038685464415367604,90
121.0,0.04017682364341062,0.00601528139981558,0.0010824745292650196,0.0,0.0,0.03871577706071018,90
121.02,0.040204638600243155,0.006016344081645366,0.0010824251224526857,0.0,0.0,0.03874597281580426,91
121.04,0.04023236317006335,0.006017325044260969,0.0010823747228985382,0.0,0.0,0.03877611420069176,91
121.06,0.04026016460079869,0.006018224602341724,0.0010823236050776562,0.0,0.0,0.03880624245811527,91
121.08,0.04028828804360461,0.006019043090685945,0.0010822718318946112,0.0,0.0,0.03883634872182143,91
121.10000000000001,0.04031633971912311,0.006019781156776128,0.0010822193963653884,0.0,0.0,0.03886642453010912,91
121.12,0.04034431036355992,0.006020439202354143,0.0010821663820539161,0.0,0.0,0.038896461815884846,91
121.14,0.04037220143199224,0.006021019149185108,0.0010821129767126885,0.0,0.0,0.03892645289195084,91
121.16,0.04039995486012342,0.006021567025077969,0.0010820600896400661,0.0,0.0,0.03895633718401618,91
121.18,0.04042756890844515,0.006022054998063595,0.0010820073404441898,0.0,0.0,0.03898612816997568,91
121.2,0.040455068365671865,0.006022464236458476,0.0010819821740493572,0.0,0.0,0.03901585207240556,91
121.22,0.04048244545104564,0.0060227951856467645,0.0010819671141951038,0.0,0.0,0.0390455025167455,91
121.24000000000001,0.040509692606413794,0.0060230483066008285,0.0010819516115969608,0.0,0.0,0.03907507339825314,91
121.26,0.04053680247101643,0.006023224070725772,0.001081936651636647,0.0,0.0,0.03910455885878356,92
121.28,0.040563646486662205,0.006023322956997538,0.0010818992741170091,0.0,0.0,0.03913384891397455,92
121.3,0.040590285834713274,0.006023345531034117,0.0010818518333124436,0.0,0.0,0.03916299682174081,92
121.32000000000001,0.04061683452637997,0.006023292284537729,0.001081804091947242,0.0,0.0,0.03919204342769896,92
121.34,0.04064410673406783,0.006023163698183564,0.0010817560288083564,0.0,0.0,0.03922098365346177,92
121.36,0.040671234996828384,0.006022960270836903,0.0010817076608526713,0.0,0.0,0.03924981257298201,92
121.38,0.040698213512846214,0.006022682504240496,0.001081659006017242,0.0,0.0,0.039278525399096875,92
121.4,0.0407250365739313,0.0060223613878928614,0.001081610126867184,0.0,0.0,0.03930711747187561,92
121.42,0.040751698554262084,0.006021968062439658,0.001081560924071784,0.0,0.0,0.039335584248722556,92
121.44,0.0407781080108489,0.006021501970290232,0.0010815054890106865,0.0,0.0,0.03936383993588729,92
121.46000000000001,0.04080428187906014,0.006020963593143496,0.0010814453472977525,0.0,0.0,0.03939190145389142,93
121.48,0.04083027846173727,0.006020353318168968,0.0010813849706337226,0.0,0.0,0.0394198249519165,93
121.5,0.04085609238310008,0.0060196716546318035,0.0010813242134808214,0.0,0.0,0.03944760629213368,92
121.52,0.040881718318967725,0.006018919112224431,0.0010812768802359548,0.0,0.0,0.03947524143105982,93
121.54,0.04090715099617417,0.0060180962010657375,0.0010812493614078883,0.0,0.0,0.03950272642074751,93
121.56,0.04093244476437441,0.006017203570509368,0.0010812214392236117,0.0,0.0,0.03953005741213571,93
121.58,0.04095811881573751,0.006016241678114012,0.0010811931056161127,0.0,0.0,0.03955723066061416,93
121.60000000000001,0.040984343511968,0.006015210950210727,0.0010811642771578207,0.0,0.0,0.039584242533787777,93
121.62,0.04101067890589452,0.00601411189963822,0.001081135196496712,0.0,0.0,0.03961181549690548,93
121.64,0.04103757554138437,0.006012945040265592,0.0010811055134293936,0.0,0.0,0.0396392917916247,94
121.66,0.041064304253148526,0.006011710891511794,0.0010810751731136613,0.0,0.0,0.03966659445765362,94
121.68,0.041090839070605636,0.006010410057783864,0.001081083199371881,0.0,0.0,0.039693720431035806,94
121.7,0.041117176576130794,0.006010420350503187,0.0010810929672401533,0.0,0.0,0.03972066682520412,94
121.72,0.041143313529907834,0.006010378055723452,0.0010811018975887818,0.0,0.0,0.039747430946280374,94
121.74000000000001,0.04116924688440816,0.0060102656301444495,0.0010811099490542241,0.0,0.0,0.0397740103079557,94
121.76,0.041194973797904176,0.006010083617570071,0.0010811170646900627,0.0,0.0,0.03980046923941259,94
121.78,0.041220491646546065,0.006009832595871705,0.0010811232587750923,0.0,0.0,0.039827451111401825,94
121.8,0.04124579803462956,0.00600951311961157,0.001081128451655663,0.0,0.0,0.039854240044695045,94
121.82000000000001,0.041270890802807825,0.006009125689417312,0.0010811326184507575,0.0,0.0,0.03988083451428754,93
121.84,0.04129573170107385,0.00600867085078181,0.0010811265263805778,0.0,0.0,0.03990720652737626,93
121.86,0.041320318954296484,0.006008149128739943,0.0010811423443199191,0.0,0.0,0.03993335499002035,93
121.88,0.04134474173223155,0.006007561111508524,0.001081190900307029,0.0,0.0,0.039959305948626914,93
121.9,0.04136898385919834,0.006006907375486385,0.0010812438932762162,0.0,0.0,0.03998502688599933,93
121.92,0.04139296034324494,0.006006188363531588,0.0010813051360815773,0.0,0.0,0.04001049522840879,93
121.94,0.041416716465283006,0.006005404613342064,0.0010813651743819695,0.0,0.0,0.04003576559224352,93
121.96000000000001,0.041440251800437006,0.006004556657985498,0.001081423988331678,0.0,0.0,0.04006083831354056,94
121.98,0.041463566167747615,0.006003676852424087,0.0010814815653119913,0.0,0.0,0.040085713993702976,94
122.0,0.04148665962973349,0.006002735175521792,0.001081537879684352,0.0,0.0,0.040110595418486286,95
122.02,0.04150953249313218,0.00600173077524671,0.0010815929144526778,0.0,0.0,0.04013555976664176,95
122.04,0.04153218531108398,0.006000664180080126,0.001081646656861656,0.0,0.0,0.04016032985335571,95
122.06,0.041555082163940986,0.005999535945847701,0.0010816990959764674,0.0,0.0,0.040184907358057666,95
122.08,0.04157806634858286,0.005998346735671757,0.0010817502225399299,0.0,0.0,0.04020929424061074,95
122.10000000000001,0.04160083246418444,0.005997096846294494,0.0010818000288219697,0.0,0.0,0.0402334927488507,95
122.12,0.04162352513255828,0.005995786772408015,0.00108184854107567,0.0,0.0,0.04025750542726261,96
122.14,0.04164661565235763,0.005994417001119832,0.0010818959950301315,0.0,0.0,0.04028132263694145,96
122.16,0.04166943129035141,0.005992988010212872,0.0010819434174764643,0.0,0.0,0.040304896600268356,96
122.18,0.04169203579682066,0.005991500263844384,0.0010819895340172924,0.0,0.0,0.04032829430786243,96
122.2,0.04171443192793381,0.005989954223356661,0.0010820343658436058,0.0,0.0,0.04035151958345123,96
122.22,0.04173662274721657,0.005988350340617866,0.0010820778644857287,0.0,0.0,0.0403745765897274,96
122.24000000000001,0.041758611628114596,0.005986689059120659,0.001082120027949314,0.0,0.0,0.04039746983204663,96
122.26,0.041780402253307654,0.0059849708096768334,0.0010821608548831326,0.0,0.0,0.040420204158930335,96
122.28,0.04180199861013309,0.005983196013236395,0.0010822004105727368,0.0,0.0,0.040442784758733516,96
122.3,0.04182340498153619,0.005981365079821944,0.0010822387106645215,0.0,0.0,0.04046521715189815,96
122.32000000000001,0.041845530375118935,0.005979478408870431,0.0010822757086966237,0.0,0.0,0.04048750717828591,96
122.34,0.041867532609700456,0.005977536387498554,0.0010823113698078155,0.0,0.0,0.04050966097917051,96
122.36,0.041889555094418565,0.005975539428157644,0.0010823457825486719,0.0,0.0,0.0405316849735639,96
122.38,0.04191143783455777,0.005973487862591562,0.0010823855706629231,0.0,0.0,0.040553585828653864,97
122.4,0.04193318535433929,0.005971382991044166,0.0010824454701847347,0.0,0.0,0.0405753704242397,97
122.42,0.04195470096212877,0.005969224232094104,0.001082502265247962,0.0,0.0,0.04059694368924216,97
122.44,0.041976070448652224,0.005967011827887361,0.0010825683101297373,0.0,0.0,0.04061839134719969,97
122.46000000000001,0.04199732438165225,0.00596474619540716,0.0010826606527191713,0.0,0.0,0.04063974442725012,97
122.48,0.042018469316229476,0.005962427539170655,0.0010827516085879709,0.0,0.0,0.040661268498140085,97
122.5,0.042039511738870425,0.005960056148887436,0.001082841406765271,0.0,0.0,0.04068329445424714,97
122.52,0.04206045800000036,0.0059576323188115015,0.0010829299076700084,0.0,0.0,0.04070547264919426,98
122.54,0.042081314243426725,0.005955156306572823,0.0010830170499551792,0.0,0.0,0.04072758326183589,98
122.56,0.04210208633369549,0.005952628376530247,0.0010831028128333849,0.0,0.0,0.040749632934058116,98
122.58,0.04212277978253482,0.005950048784037277,0.0010831871864707338,0.0,0.0,0.04077162797563542,98
122.60000000000001,0.04214335770282543,0.005947417776193984,0.0010832706264029413,0.0,0.0,0.04079353233192734,98
122.62,0.0421638351363581,0.005944735578192051,0.001083352987685008,0.0,0.0,0.040815361883044965,98
122.64,0.04218424770127348,0.0059420024123933,0.001083433901567399,0.0,0.0,0.04083715310209506,98
122.66,0.04220459879220772,0.005939218506610318,0.0010835133218582774,0.0,0.0,0.040858910272623575,98
122.68,0.042225020088679205,0.0059370573788614985,0.001083591229763056,0.0,0.0,0.0408806370180024,97
122.7,0.04224569344300088,0.00593530401474292,0.0010836676220487172,0.0,0.0,0.040902336253644395,97
122.72,0.04226632095748171,0.005933497603864724,0.001083742474975436,0.0,0.0,0.04092401014854662,97
122.74000000000001,0.042286903252509125,0.0059316382420445055,0.0010838157793356166,0.0,0.0,0.04094566009735046,97
122.76,0.042307440134191396,0.005929726110660731,0.0010838875106200267,0.0,0.0,0.0409672867038726,97
122.78,0.04232793058896614,0.005927761387009311,0.0010839577382014225,0.0,0.0,0.04098888977677586,97
122.8,0.042348372790633505,0.005925744263232841,0.0010840264030783915,0.0,0.0,0.041010468337724544,97
122.82000000000001,0.042368764119803004,0.005923674920588576,0.0010840933883138285,0.0,0.0,0.04103202064201455,97
122.84,0.042389101195377775,0.005921553553659128,0.001084158863963091,0.0,0.0,0.041053544211303486,97
122.86,0.042409379917336294,0.005919380358219964,0.0010842227254238524,0.0,0.0,0.04107503587770121,97
122.88,0.04242959551972848,0.005917274793346876,0.0010842853288701836,0.0,0.0,0.04109649183813937,98
122.9,0.042450573474100646,0.0059154874153838745,0.001084346396543724,0.0,0.0,0.0411179077176328,98
122.92,0.04247160575379607,0.005913659777765736,0.001084405650784308,0.0,0.0,0.041139278639791985,97
122.94,0.042492585097881626,0.0059117773096711256,0.0010844630868553481,0.0,0.0,0.04116059930275978,97
122.96000000000001,0.04251350561921898,0.005909840280670266,0.001084518789746914,0.0,0.0,0.041181864058633555,97
122.98,0.042534361161619696,0.005907848972447753,0.0010845727861223623,0.0,0.0,0.04120306699440428,97
123.0,0.042555153573850646,0.005905803849701226,0.0010846248810773998,0.0,0.0,0.04122420201249598,97
123.02,0.04257588482764183,0.005903705160354527,0.0010847070700734616,0.0,0.0,0.04124526290911954,97
123.04,0.04259653195267322,0.005901553078118674,0.0010847896596105145,0.0,0.0,0.04126624344885278,97
123.06,0.04261708849082441,0.005899347917450117,0.0010848700858203837,0.0,0.0,0.041287137434115107,97
123.08,0.04263754808039451,0.005897090001150436,0.0010849483241403765,0.0,0.0,0.041308019874642554,97
123.10000000000001,0.042657904512419076,0.005894779659904627,0.001085024355169361,0.0,0.0,0.041329168977284156,97
123.12,0.04267859404231412,0.005892436914728562,0.0010850981538252575,0.0,0.0,0.04135021310179542,97
123.14,0.04269925170156684,0.005890050557113802,0.0010851697011967335,0.0,0.0,0.04137114676426366,97
123.16,0.04271978821408406,0.0058876128340532175,0.0010852393986230122,0.0,0.0,0.041391964764358795,97
123.18,0.04274019840018993,0.005885124125271832,0.0010853071758094757,0.0,0.0,0.041412662213165356,96
123.2,0.042760477407393443,0.005882584713505001,0.0010853727204266637,0.0,0.0,0.04143323455480333,96
123.22,0.0427806207263997,0.005879994976570393,0.001085436027424102,0.0,0.0,0.04145367758254852,96
123.24000000000001,0.042800624202406615,0.005877355273469955,0.0010854971206591803,0.0,0.0,0.04147398745023173,96
123.26,0.04282048404247881,0.0058746659669166165,0.0010855559730864315,0.0,0.0,0.04149416067971079,97
123.28,0.04284014974663127,0.0058719274280439595,0.0010856121972772923,0.0,0.0,0.041514495086916445,97
123.3,0.04285988687259067,0.005869140020490437,0.001085665927139335,0.0,0.0,0.04153520233169483,97
123.32000000000001,0.04287999640820879,0.0058663041140388636,0.0010857174076000066,0.0,0.0,0.0415561387647386,97
123.34,0.04289994966704455,0.005863420072364675,0.0010857671459870491,0.0,0.0,0.04157692576270468,97
123.36,0.04291974468805793,0.005860488263797188,0.0010858148316544084,0.0,0.0,0.041597561714167466,97
123.38000000000001,0.04293937986986749,0.005857509054397227,0.0010858603199137035,0.0,0.0,0.041618045374278836,97
123.4,0.042958853966199875,0.005854482810790263,0.0010859036452684912,0.0,0.0,0.04163837586027722,97
123.42,0.04297816608039324,0.005851409943024799,0.0010859448392574113,0.0,0.0,0.04165855264605459,97
123.44,0.04299781026187963,0.005848291018019898,0.0010859839401606492,0.0,0.0,0.041678575555633375,97
123.46000000000001,0.04301756708686689,0.005845126199187397,0.0010860208834957959,0.0,0.0,0.041698444755342935,97
123.48,0.04303716006303421,0.005841915751878357,0.001086055736919206,0.0,0.0,0.041718160744451734,97
123.5,0.043056597409436174,0.005838660016226469,0.0010860885200116575,0.0,0.0,0.04173772434400836,97
123.52,0.0430758892700248,0.005835359326603832,0.0010861333955992237,0.0,0.0,0.04175713668367149,97
123.54,0.04309501961947002,0.005832014011355304,0.0010862021747037403,0.0,0.0,0.04177639918636299,97
123.56,0.04311398973556056,0.005828624392593866,0.001086269224034593,0.0,0.0,0.041795513550655555,97
123.58,0.043132801144073064,0.005825190786058237,0.001086334416303307,0.0,0.0,0.0418144817309035,97
123.60000000000001,0.04315145559663911,0.005821713511092551,0.0010863977740774046,0.0,0.0,0.04183330591523513,97
123.62,0.04316995504670204,0.005818192917587775,0.0010864593617180367,0.0,0.0,0.04185198850164105,97
123.64,0.043188769663266964,0.005814629244556615,0.001086519204980681,0.0,0.0,0.04187088406282479,97
123.66,0.04320754900648669,0.005811022782085595,0.0010865776345134804,0.0,0.0,0.04188990746414491,97
123.68,0.04322618689039412,0.0058073739416729785,0.0010866344943464355,0.0,0.0,0.04190883618477088,97
123.7,0.04324468850567174,0.0058036830990109535,0.0010866898260520107,0.0,0.0,0.04192805229541971,97
123.72,0.04326363797511975,0.0057999507996571425,0.0010867438330376647,0.0,0.0,0.041947139684697834,97
123.74000000000001,0.0432824453045419,0.005796342307145161,0.0010867965789024092,0.0,0.0,0.04196610144501292,97
123.76,0.04330111312316637,0.005792692216769175,0.0010868478636715357,0.0,0.0,0.04198494069803048,97
123.78,0.043319665081725016,0.005789000548085897,0.0010868976955493112,0.0,0.0,0.04200366057450438,97
123.8,0.04333808832910877,0.005785267555592126,0.0010869460918980687,0.0,0.0,0.04202226419716346,97
123.82000000000001,0.043356380041801174,0.005781493490792532,0.0010869934023557725,0.0,0.0,0.04204114524941306,97
123.84,0.04337456640474814,0.0057776786022022885,0.0010870397828994182,0.0,0.0,0.04206031299195051,97
123.86,0.04339262816329156,0.005774205444185507,0.0010870850158387312,0.0,0.0,0.04207937152121691,97
123.88000000000001,0.04341056600817791,0.005771818616028484,0.0010871293526855583,0.0,0.0,0.0420983238277677,97
123.9,0.04342838232297477,0.00576938356113816,0.0010871727419886916,0.0,0.0,0.04211717285859293,97
123.92,0.04344607943727957,0.005766922502214683,0.0010872150651751653,0.0,0.0,0.04213592151784878,97
123.94,0.043463659628352934,0.00576444004701174,0.0010872563737564524,0.0,0.0,0.042154572668783113,97
123.96000000000001,0.04348112512307515,0.005761909970023008,0.0010872967786946719,0.0,0.0,0.04217312913599491,97
123.98,0.043498478099340404,0.0057593325706388416,0.0010873362967383112,0.0,0.0,0.042191593707141345,97
124.0,0.04351572068603665,0.005756708156856214,0.001087374909120459,0.0,0.0,0.04220996913323937,98
124.02,0.04353285496085234,0.0057540370157315324,0.001087412637659538,0.0,0.0,0.042228258126801775,99
124.04,0.04354988294529907,0.0057513194463256955,0.001087449539389174,0.0,0.0,0.042246463357195896,99
124.06,0.04356680659653259,0.005748555746476056,0.001087485786778643,0.0,0.0,0.04226458744280639,99
124.08,0.043583627795782974,0.005745746215209611,0.0010875218094965836,0.0,0.0,0.04228263293981254,99
124.10000000000001,0.04360034833345319,0.005742891152773805,0.001087558194470499,0.0,0.0,0.04230060232763814,99
124.12,0.043616950170571954,0.005740135242930985,0.0010875938627881404,0.0,0.0,0.04231845771598498,99
124.14,0.04363339291923356,0.005737367125637301,0.0010876367310906191,0.0,0.0,0.042336173951729186,99
124.16,0.0436497399810037,0.005734553768478747,0.0010877045000892694,0.0,0.0,0.04235382102564748,100
124.18,0.04366584488789684,0.005731696266292198,0.0010877628041984686,0.0,0.0,0.04237126067184523,100
124.2,0.04368185408837749,0.00572879420791091,0.0010878204140760293,0.0,0.0,0.042388632773521506,100
124.22,0.043697716083878076,0.005725847764755973,0.0010878774589891235,0.0,0.0,0.042405886794334595,100
124.24000000000001,0.043713463668122246,0.0057228572382045,0.0010879339241759685,0.0,0.0,0.04242305614568641,100
124.26,0.04372911989662333,0.00571982294267329,0.0010879897785481543,0.0,0.0,0.04244016456993594,100
124.28,0.04374514109357758,0.005716745202955146,0.0010880450077859016,0.0,0.0,0.04245721296375117,100
124.3,0.04376110360433769,0.005713624347483339,0.0010881006279449502,0.0,0.0,0.04247420197575544,100
124.32000000000001,0.04377697348443933,0.00571046070856262,0.0010881556532648898,0.0,0.0,0.042491132008019954,100
124.34,0.0437927500110039,0.005707254622569307,0.0010882099705406116,0.0,0.0,0.04250800322374765,100
124.36,0.0438084322169587,0.0057040064301128665,0.0010882635772804046,0.0,0.0,0.042525141757124234,100
124.38000000000001,0.04382403487424033,0.005700716479956978,0.0010883164889355168,0.0,0.0,0.04254235498404052,100
124.4,0.043839694343865934,0.005697404608531191,0.0010883686850642915,0.0,0.0,0.0425595081640995,100
124.42,0.043855602375473535,0.005694061929736396,0.0010884201179678279,0.0,0.0,0.04257660069294346,100
124.44,0.043871409715036946,0.005690678577127681,0.0010884707077204745,0.0,0.0,0.04259363185014016,100
124.46000000000001,0.04388711456134819,0.0056872547867654905,0.001088520598986244,0.0,0.0,0.04261060083585673,100
124.48,0.04390271504939856,0.0056837909254729415,0.0010885696198112864,0.0,0.0,0.04262750680920265,100
124.5,0.04391820928849518,0.005680287363942614,0.001088617751710237,0.0,0.0,0.04264434892709608,100
124.52,0.043933624122756365,0.0056780524242752315,0.0010886649550321565,0.0,0.0,0.042661126382517525,101
124.54,0.04394896892254659,0.0056757929564236215,0.0010887111506898807,0.0,0.0,0.042677838441065125,101
124.56,0.043964202286827056,0.005673492026572343,0.0010887563313570932,0.0,0.0,0.04269448447480383,101
124.58,0.04397932257420871,0.00567115001356358,0.0010888004879899234,0.0,0.0,0.04271106399250581,101
124.60000000000001,0.04399432827798087,0.005668767308585633,0.0010888435703783775,0.0,0.0,0.04272757666549897,101
124.62,0.04400916405980368,0.005666344230421824,0.0010888864749631685,0.0,0.0,0.04274396808171681,101
124.64,0.04402384181938262,0.0056638811121777575,0.0010889288393887656,0.0,0.0,0.04276025144622098,101
124.66,0.04403840157656644,0.005661378341461257,0.0010889702144106371,0.0,0.0,0.042776468260170605,101
124.68,0.044052842503702,0.005658836595649366,0.0010890105458353895,0.0,0.0,0.042792618995882596,101
124.7,0.04406716394789591,0.0056579468482059435,0.001089049770078599,0.0,0.0,0.04280870433376916,101
124.72,0.044081422450046134,0.0056575107081508974,0.00108908795850305,0.0,0.0,0.042824725153127186,101
124.74000000000001,0.044095617631162175,0.005657103118899132,0.0010891249272259231,0.0,0.0,0.04284068251695508,101
124.76,0.044109693229695233,0.005656819968395695,0.0010891608001097745,0.0,0.0,0.0428565776511287,101
124.78,0.04412364913640781,0.005656490394018478,0.0010891955170680859,0.0,0.0,0.04287241191839642,101
124.8,0.04413748530819722,0.005656114666601628,0.0010892290113439058,0.0,0.0,0.04288818678777539,101
124.82000000000001,0.04415144562481757,0.005655693048902189,0.0010892730065899326,0.0,0.0,0.04290390380004419,101
124.84,0.04416553548567084,0.005655225803096181,0.0010893398222345935,0.0,0.0,0.04291956453012738,101
124.86,0.04417950482385576,0.005654713188775249,0.001089406106529701,0.0,0.0,0.04293580464122631,101
124.88000000000001,0.0441933534729852,0.00565415553814544,0.0010894710743861514,0.0,0.0,0.042952193427126105,101
124.9,0.04420708112965694,0.0056535530761431885,0.0010895346782442855,0.0,0.0,0.042968724105676495,101
124.92,0.044220687310778405,0.005652906246074677,0.0010895968923474006,0.0,0.0,0.04298550543666731,101
124.94,0.04423417131250727,0.0056522150790800215,0.0010896576388822515,0.0,0.0,0.04300223455254706,101
124.96000000000001,0.04424753217175128,0.005651479805174378,0.0010897168995743953,0.0,0.0,0.04301891238852727,101
124.98,0.044260768631093315,0.00565070066992153,0.001089774727112621,0.0,0.0,0.04303553964332874,101
125.0,0.04427433540153157,0.005649877917425231,0.001089831068051957,0.0,0.0,0.043052116750629046,101
125.02,0.04428810432829157,0.005649011790653594,0.0010898858585969156,0.0,0.0,0.043068643855424645,101
125.04,0.04430178702737366,0.005648102533295987,0.001089939091109275,0.0,0.0,0.04308512079577758,101
125.06,0.04431620250276044,0.005647150387097262,0.0010899907743952407,0.0,0.0,0.043101547090245176,101
125.08,0.04433050783378983,0.005646155592069134,0.0010900447371887038,0.0,0.0,0.043117921931110394,101
125.10000000000001,0.04434470038792836,0.00564511838996606,0.0010901348451624194,0.0,0.0,0.04313424418335197,101
125.12,0.04435877716720234,0.0056440390307560305,0.0010902235858165923,0.0,0.0,0.0431505123891254,102
125.14,0.044372734816157125,0.00564291775229466,0.0010903105875967186,0.0,0.0,0.043166724777375196,102
125.16,0.04438656963437743,0.005641777456158467,0.0010903958484440987,0.0,0.0,0.04318287927807355,102
125.18,0.04440027759296717,0.005641839801669128,0.0010904794280297402,0.0,0.0,0.04319897354048645,102
125.2,0.044413854354325585,0.005641962893592864,0.0010905612741357765,0.0,0.0,0.043215004954805895,102
125.22,0.044427295294528595,0.005642041759714677,0.001090643152538439,0.0,0.0,0.04323097067646032,102
125.24000000000001,0.04444113526585264,0.00564207663011586,0.0010907648233799325,0.0,0.0,0.04324686765242093,102
125.26,0.04445501390305335,0.005642067737518664,0.0010908846645990493,0.0,0.0,0.043262692648858715,102
125.28,0.04446874159598326,0.005643543175613253,0.0010910025928890154,0.0,0.0,0.04327844227956837,102
125.3,0.04448233307845789,0.005645007103010911,0.001091118676575008,0.0,0.0,0.043294113034659264,102
125.32000000000001,0.04449576139433852,0.005646423731888186,0.0010912328492628106,0.0,0.0,0.04330970130910984,102
125.34,0.044509024279442554,0.005647793269673267,0.0010913451027787773,0.0,0.0,0.04332520343088726,102
125.36,0.04452213408217132,0.005649115939703147,0.0010914554922748232,0.0,0.0,0.04334061568843943,102
125.38000000000001,0.04453506306742093,0.005650444370697864,0.00109156412950354,0.0,0.0,0.043355934357467873,102
125.4,0.04454816788839051,0.00565174972783813,0.0010916708216579117,0.0,0.0,0.043371155726979846,102
125.42,0.04456157943852002,0.005653008815137555,0.0010917755879821147,0.0,0.0,0.043386608207722735,102
125.44,0.04457481676424062,0.005654221825015943,0.001091878431815677,0.0,0.0,0.043402087225317805,102
125.46000000000001,0.04458787448024575,0.005655388958285239,0.0010919794222589811,0.0,0.0,0.04341745760294197,101
125.48,0.04460098088778922,0.0056565104820184625,0.001092078528437678,0.0,0.0,0.0434327159324932,101
125.5,0.044614459571133726,0.005657586588674612,0.0010921758490270114,0.0,0.0,0.043447858942804,101
125.52,0.044627741722575096,0.005658617455476621,0.00109227169793591,0.0,0.0,0.04346288352410347,101
125.54,0.04464114783670375,0.005660396407390762,0.0010923648605162515,0.0,0.0,0.04347770550304687,100
125.56,0.0446546217485749,0.005662687736086159,0.001092457955958492,0.0,0.0,0.043492403076961283,101
125.58,0.04466855924055205,0.005664930927092117,0.0010925492911905625,0.0,0.0,0.04350697420592659,101
125.60000000000001,0.044682305155642144,0.00566712615238619,0.0010926388598377183,0.0,0.0,0.043522027798276325,101
125.62,0.04469585587560104,0.005669273580534274,0.0010927268934084631,0.0,0.0,0.04353719312254012,101
125.64,0.044709208040295476,0.005671373376262701,0.0010928132648137816,0.0,0.0,0.04355222394206543,101
125.66,0.04472235857022546,0.005673425700028737,0.001092897939480346,0.0,0.0,0.04356711898348591,101
125.68,0.04473530468818488,0.005675430710689037,0.0010929818796436236,0.0,0.0,0.0435818773343539,100
125.7,0.04474804393974778,0.005677388579822442,0.0010930646194822011,0.0,0.0,0.04359649846588667,100
125.72,0.04476057421226236,0.005679299428437676,0.0010931458487951013,0.0,0.0,0.04361098225433023,100
125.74000000000001,0.04477289375204203,0.0056811633956095125,0.001093225579592593,0.0,0.0,0.04362532900063591,100
125.76,0.04478500117946135,0.005683000665615314,0.001093303705341334,0.0,0.0,0.04363953944816387,100
125.78,0.0447968955016908,0.005684806085584278,0.0010933802308990541,0.0,0.0,0.04365361479815328,100
125.8,0.04480857612283648,0.005686565095542931,0.0010934552040441196,0.0,0.0,0.043667556722732086,100
125.82000000000001,0.04482004285128582,0.005688277701118108,0.0010935287062416206,0.0,0.0,0.04368136737527381,100
125.84,0.044832261608617585,0.005690026811932927,0.0010936010079572326,0.0,0.0,0.043695049397943705,99
125.86,0.04484438683163452,0.005691809171021538,0.0010936727680210046,0.0,0.0,0.04370860592630939,99
125.88000000000001,0.04485633286534564,0.00569354528139427,0.0010937435246355341,0.0,0.0,0.043722040590919505,99
125.9,0.0448681021653932,0.005695235248081851,0.0010938129278725514,0.0,0.0,0.043735357515776944,99
125.92,0.04487969762177626,0.00569809014894487,0.0010938980723505995,0.0,0.0,0.043748561313651964,99
125.94,0.044891122548775655,0.0057010258334224215,0.0010940042752982716,0.0,0.0,0.043761657078191206,99
125.96000000000001,0.04490238067152994,0.005703911812034766,0.0010941093829266192,0.0,0.0,0.04377465037278684,99
125.98,0.04491347610922545,0.005706748118026459,0.0010942130490699138,0.0,0.0,0.04378754721617373,99
126.0,0.044924413354863774,0.005709534930839301,0.0010943154630500519,0.0,0.0,0.04380035406472332,99
126.02,0.04493613324199907,0.005712272062931508,0.0010944167349417617,0.0,0.0,0.04381307779140636,99
126.04,0.04494859666683576,0.005714959499371431,0.0010945174389649594,0.0,0.0,0.0438257256613992,99
126.06,0.04496162444260675,0.005717597213072589,0.0010946169813994611,0.0,0.0,0.04383830530431902,99
126.08,0.04497457498484272,0.005720185203307334,0.0010947152064603252,0.0,0.0,0.04385082468308907,99
126.10000000000001,0.04498745610784728,0.0057227234180248256,0.0010948121087990834,0.0,0.0,0.04386329205946193,99
126.12,0.045000275878441694,0.0057252117552807945,0.001094907706080993,0.0,0.0,0.04387571595626739,99
126.14,0.04501304257486095,0.005727650135300913,0.0010950020157755851,0.0,0.0,0.043888544560593774,99
126.16,0.04502576464266367,0.0057300384666760535,0.001095095137448975,0.0,0.0,0.04390148569815383,99
126.18,0.04503845064792345,0.005732376644283412,0.0010951870149848806,0.0,0.0,0.04391440929204571,98
126.2,0.045051109228064205,0.005734664549809849,0.0010952776944395505,0.0,0.0,0.04392732447108362,98
126.22,0.04506374904081189,0.005736902051480774,0.0010953674478621236,0.0,0.0,0.04394024039424044,98
126.24000000000001,0.045076387077516655,0.0057390890040877095,0.0010954768489928879,0.0,0.0,0.04395316619859881,98
126.26,0.0450890409398543,0.005741225249066225,0.0010956028070791901,0.0,0.0,0.04396611094673871,98
126.28,0.04510170174597678,0.005743310614625131,0.0010957277126706052,0.0,0.0,0.043979083574386436,99
126.3,0.04511437771057084,0.005745344915926713,0.0010958515590356558,0.0,0.0,0.04399209283925295,99
126.32000000000001,0.04512707680977966,0.005747327955316948,0.0010959742382362836,0.0,0.0,0.04400514727206915,99
126.34,0.04513980673505734,0.005749259522603474,0.0010960960822657033,0.0,0.0,0.044018255130874706,99
126.36,0.045152574851304604,0.005751139395378051,0.0010962170727245339,0.0,0.0,0.04403142435962266,99
126.38000000000001,0.04516538816030348,0.0057529673452161156,0.0010963369894222588,0.0,0.0,0.044044662552120716,99
126.4,0.045178253270371,0.005754743124785755,0.0010964558060507004,0.0,0.0,0.04405797692223111,99
126.42,0.045191176372998784,0.005756492150405232,0.001096573579221535,0.0,0.0,0.044071374281098315,99
126.44,0.045204163227036166,0.00575820320801348,0.0010966902670905007,0.0,0.0,0.04408486102196471,99
126.46000000000001,0.04521721915071998,0.005759861270917383,0.0010968304373017335,0.0,0.0,0.04409844311287915,99
126.48,0.04523034902156233,0.005761466052817195,0.0010969880689604362,0.0,0.0,0.04411236796191912,99
126.5,0.045243557283796816,0.005763017256994437,0.0010971448025521749,0.0,0.0,0.04412692118176341,99
126.52,0.045256869356210816,0.005764514577840403,0.001097300589382056,0.0,0.0,0.044141583364313404,99
126.54,0.045270273165481933,0.00576595771669843,0.0010974555873058912,0.0,0.0,0.04415635886237259,99
126.56,0.04528412665834643,0.005767346360141227,0.0010976096392409525,0.0,0.0,0.044171251675034384,99
126.58,0.045298873588737416,0.005768680158166816,0.00109776284369541,0.0,0.0,0.04418626547747403,99
126.60000000000001,0.04531385904893367,0.00576995877924732,0.0010979151596711859,0.0,0.0,0.044201403652772746,99
126.62,0.04532893979105533,0.005771181881710381,0.00109806670271506,0.0,0.0,0.044216669324190744,99
126.64,0.0453441212301914,0.005772349115514036,0.0010982176667875202,0.0,0.0,0.044232065386315696,99
126.66,0.04535942534578831,0.005773460128294771,0.0010983676898451457,0.0,0.0,0.04424759453359891,99
126.68,0.04537483043560714,0.005774514562905429,0.0010985168762928925,0.0,0.0,0.04426325928494392,99
126.7,0.04539033795138769,0.005775512062394281,0.0010986651862507407,0.0,0.0,0.04427906200322187,99
126.72,0.045405949173270246,0.005776452258188378,0.0010988126513217173,0.0,0.0,0.04429500490884078,100
126.74000000000001,0.04542166521536407,0.005777334781470359,0.0010989592574614433,0.0,0.0,0.04431109008677498,100
126.76,0.045437487024426224,0.005778290258999255,0.001099105101996704,0.0,0.0,0.044327319486751435,100
126.78,0.045454082191883155,0.005779226448050249,0.0010992509827959485,0.0,0.0,0.04434369491657641,100
126.8,0.04547097608033606,0.005780103425355185,0.001099395869400675,0.0,0.0,0.04436021802885357,100
126.82000000000001,0.04548800209940753,0.005780920819033164,0.0010995398051187504,0.0,0.0,0.044376890301583045,100
126.84,0.045505161093907225,0.0057816782590535435,0.0010997060712647254,0.0,0.0,0.044393713013331025,100
126.86,0.04552245366615022,0.005782375389082579,0.0010998845007755165,0.0,0.0,0.04441091504447995,100
126.88000000000001,0.045539880142432224,0.005783011836303107,0.0011000623954046781,0.0,0.0,0.04442851851874905,100
126.9,0.04555744053695433,0.005783587235822048,0.0011002393618414128,0.0,0.0,0.04444627416860904,100
126.92,0.04557513451425389,0.005784101231855338,0.0011004152182154028,0.0,0.0,0.04446418214715619,100
126.94,0.04559296135118655,0.005784553476788005,0.0011005902036769373,0.0,0.0,0.04448224223491402,100
126.96000000000001,0.04561091989946642,0.005784943626963237,0.0011007647890581907,0.0,0.0,0.0445004538025947,100
126.98,0.04562900854971017,0.005786448203777024,0.0011009387206949552,0.0,0.0,0.04451881577529719,100
127.0,0.04564722519785824,0.005788071825340044,0.0011011115666718094,0.0,0.0,0.04453732659901733,100
127.02,0.04566556721476422,0.005790003058075858,0.0011012833417447354,0.0,0.0,0.044555984210265964,100
127.04,0.04568414674944461,0.005792037871968725,0.0011014538934043007,0.0,0.0,0.04457478600950944,100
127.06,0.04570288934819546,0.005794000625509018,0.0011016234606176652,0.0,0.0,0.04459372883906387,100
127.08,0.045721747728415515,0.0057958910426222105,0.0011018103141861076,0.0,0.0,0.04461280896599177,100
127.10000000000001,0.04574071696670609,0.005797708863466073,0.001102023983160096,0.0,0.0,0.044632022070464676,100
127.12,0.04575979153251797,0.005800178697555191,0.001102235995149177,0.0,0.0,0.044651363239970064,100
127.14,0.045778965288603354,0.005803547339180526,0.0011024472825283738,0.0,0.0,0.04467082696964846,100
127.16,0.045798231497756886,0.0058068345716181975,0.0011026575150476516,0.0,0.0,0.04469040716894955,100
127.18,0.045817582835915346,0.005810040041826909,0.0011028658672063718,0.0,0.0,0.04471009717469175,100
127.2,0.04583701141157474,0.0058131634479363335,0.0011030722988515228,0.0,0.0,0.044729889770497064,99
127.22,0.045856508791368426,0.00581620451817159,0.0011032767460822887,0.0,0.0,0.044749777212455606,99
127.24000000000001,0.045876066031529966,0.005819162988414055,0.0011034791161485078,0.0,0.0,0.04476975126075343,99
127.26,0.0458959870589443,0.005822088844473999,0.0011036815928395195,0.0,0.0,0.04478980321687642,99
127.28,0.04591644920857761,0.005824931611700624,0.0011038833360828167,0.0,0.0,0.04480992396588766,99
127.3,0.04593694041477471,0.0058276911081800685,0.0011040829437273462,0.0,0.0,0.04483010402317113,99
127.32000000000001,0.045957450109401464,0.005830367179069382,0.001104280496911192,0.0,0.0,0.04485033358494405,99
127.34,0.045977967442024904,0.0058329596983466535,0.0011044758312383689,0.0,0.0,0.044870602581771356,99
127.36,0.04599848133492321,0.005835468566102127,0.0011046685993546003,0.0,0.0,0.04489090073426894,99
127.38000000000001,0.04601926191852703,0.005837918079914849,0.0011048587889779897,0.0,0.0,0.044911217610162764,99
127.4,0.04604038336812678,0.005840285580375278,0.0011050462659245625,0.0,0.0,0.04493154268187709,99
127.42,0.04606141580242354,0.005842569277219141,0.0011052320901102943,0.0,0.0,0.04495181540871542,99
127.44,0.04608232202042661,0.005844769179370299,0.0011054169224781868,0.0,0.0,0.04497199979483206,99
127.46000000000001,0.046103184352876296,0.005846885275970087,0.001105599340390368,0.0,0.0,0.04499216100111817,99
127.48,0.04612398533780892,0.005848917659920873,0.0011057787727518347,0.0,0.0,0.045012288678281304,99
127.5,0.04614470306824117,0.0058508664263132604,0.0011059550009966566,0.0,0.0,0.045032372651795,99
127.52,0.04616531278788978,0.005852731714378653,0.0011061292930738206,0.0,0.0,0.04505238972480211,99
127.54,0.046185680570595466,0.005854513685297651,0.0011063445128162755,0.0,0.0,0.0450722122038263,99
127.56,0.04620593334198118,0.005856212466267677,0.0011065577440201022,0.0,0.0,0.04509196222532549,99
127.58,0.046226060995018275,0.0058578282816674695,0.0011067676718275316,0.0,0.0,0.045111630737417995,99
127.60000000000001,0.04624599951267578,0.005859361383213637,0.0011069739030914636,0.0,0.0,0.045131154470986985,99
127.62,0.046265760509903074,0.005860812022281208,0.0011071761177057012,0.0,0.0,0.045150546291103655,99
127.64,0.046285368277974234,0.005862180488051446,0.0011073756444003888,0.0,0.0,0.045169831847971104,99
127.66,0.04630481417374901,0.005863467357194658,0.001107572807716186,0.0,0.0,0.04518900368355582,99
127.68,0.04632408995338638,0.005864673104775735,0.0011077664423095796,0.0,0.0,0.04520805477523282,99
127.7,0.04634318777512718,0.005865797716216624,0.0011079564063318711,0.0,0.0,0.045226978540099654,99
127.72,0.04636210019678792,0.005866841579000778,0.0011081424193730967,0.0,0.0,0.045245768834049786,100
127.74000000000001,0.046380820168088165,0.005867805098741929,0.0011083244729888652,0.0,0.0,0.04526441994573054,100
127.76,0.046399341018029616,0.005868712245518191,0.0011085025518013521,0.0,0.0,0.04528292658560815,100
127.78,0.046417656437644034,0.0058695408242490105,0.001108676635819547,0.0,0.0,0.045301283870460694,101
127.8,0.046435775122074835,0.0058702903437888735,0.001108847474860834,0.0,0.0,0.04531948730371392,101
127.82000000000001,0.04645368269105499,0.005870961267637379,0.0011090142318783808,0.0,0.0,0.0453375327521177,101
127.84,0.046471367818840516,0.0058715540706715625,0.001109176776398892,0.0,0.0,0.04535541641932816,101
127.86,0.04648938562635478,0.005872069237487999,0.0011093362733819489,0.0,0.0,0.045373134817007,101
127.88000000000001,0.04650744428977333,0.005872507261109045,0.0011094920795995781,0.0,0.0,0.04539068473407356,101
127.9,0.046525289664195606,0.005872868655797989,0.0011096435882187844,0.0,0.0,0.04540806320474569,101
127.92,0.046542917893591274,0.005873154133556594,0.001109790792250258,0.0,0.0,0.04542526747598546,101
127.94,0.04656032526684079,0.005873364172043932,0.001109934306884149,0.0,0.0,0.045442294974926016,101
127.96000000000001,0.046577545871853136,0.005873499102379811,0.0011100739404247594,0.0,0.0,0.04545914327680465,101
127.98,0.046594607834025144,0.0058735594427498814,0.001110209500692736,0.0,0.0,0.04547581007386654,101
128.0,0.04661143925936196,0.005873545901193015,0.0011103407803868589,0.0,0.0,0.04549229314564275,101
128.02,0.04662844221246965,0.005873458834786367,0.0011104676772003624,0.0,0.0,0.0455085903309486,101
128.04,0.04664531664022957,0.005873299049272294,0.0011105910963008663,0.0,0.0,0.04552469950190046,101
128.06,0.04666194942182904,0.005873066895975689,0.0011107106151975962,0.0,0.0,0.04554061854021406,101
128.08,0.04667833700938988,0.005872762758046766,0.001110826026129898,0.0,0.0,0.04555634531602614,101
128.1,0.04669447577729314,0.005872387156681624,0.0011109375865780635,0.0,0.0,0.04557187766947354,101
128.12,0.04671115681769756,0.005871940617762702,0.0011110449740994622,0.0,0.0,0.04558721339526844,101
128.14000000000001,0.04672823257319208,0.005871423657459211,0.0011111480447692568,0.0,0.0,0.045602350230516765,101
128.16,0.04674535116156152,0.005870836794874504,0.0011112468256348203,0.0,0.0,0.045617285846037976,101
128.18,0.046762234528773386,0.005870180697982617,0.001111341622304865,0.0,0.0,0.045632017841444904,102
128.2,0.046778942871638564,0.005869455886771244,0.0011114321253546974,0.0,0.0,0.04564654374423211,102
128.22,0.04679574304011209,0.005868662790816645,0.0011115183549847661,0.0,0.0,0.04566086101308751,102
128.24,0.04681230701462206,0.005867811061526918,0.0011116078908904143,0.0,0.0,0.04567496704558566,102
128.26,0.046828631518187024,0.005866904708619643,0.0011117272280180932,0.0,0.0,0.04568885919033888,102
128.28,0.0468447132220219,0.005865931535677196,0.0011118428706902075,0.0,0.0,0.04570253476357427,102
128.3,0.04686054876566448,0.00586489554888761,0.0011119542557014622,0.0,0.0,0.04571599106997998,102
128.32,0.04687613478104141,0.00586381729322806,0.0011120613620623906,0.0,0.0,0.04572922542752454,102
128.34,0.04689146925339599,0.0058626737301878335,0.00111216461110422,0.0,0.0,0.04574223519581457,103
128.36,0.046906573502235996,0.00586146537777731,0.0011122642598708542,0.0,0.0,0.045755017807423255,103
128.38,0.04692141849194944,0.005860192754855626,0.0011123605537695469,0.0,0.0,0.04576757080151118,103
128.4,0.0469361839443146,0.005858856601826755,0.0011124527975653878,0.0,0.0,0.04577989185897525,102
128.42000000000002,0.046951324425800946,0.005857457248744456,0.001112540920390234,0.0,0.0,0.0457919788383132,102
128.44,0.04696621922477196,0.0058560012051936785,0.001112625415505504,0.0,0.0,0.045803829811378,102
128.46,0.04698086642035689,0.005854506455620216,0.0011127072163643764,0.0,0.0,0.045815443098223954,103
128.48,0.04699526436657415,0.005853463454476115,0.0011127877898614435,0.0,0.0,0.045826817300306875,103
128.5,0.04700941172307509,0.005853243753734997,0.0011128643637135433,0.0,0.0,0.045837951331391624,103
128.52,0.04702330748305951,0.00585295869017267,0.0011129370186721943,0.0,0.0,0.04584884444563148,103
128.54,0.047036950997952506,0.005852742990200491,0.0011130057957562014,0.0,0.0,0.04585949626241005,103
128.56,0.04705034199856088,0.005852496176087022,0.0011130706137320841,0.0,0.0,0.045869906787663214,103
128.58,0.04706349294179718,0.00585218518051882,0.0011131313701473258,0.0,0.0,0.04588007643152591,103
128.6,0.047076398776301605,0.005851810572347079,0.0011131882497723796,0.0,0.0,0.04589000602226189,104
128.62,0.04708905367648243,0.005851372843988255,0.001113274853625473,0.0,0.0,0.04589971155549015,104
128.64000000000001,0.04710145902762021,0.005850872521940189,0.001113367536401932,0.0,0.0,0.04590979248977761,104
128.66,0.04711361664554476,0.005850310132945316,0.0011134564082258159,0.0,0.0,0.045919637501410995,104
128.68,0.047125528776797654,0.005849811905579921,0.0011135441800242743,0.0,0.0,0.04592924916099276,104
128.7,0.04713719809596567,0.005849324435572078,0.0011136288553906094,0.0,0.0,0.045938630475631605,104
128.72,0.04714859237855367,0.005848775734174136,0.0011137002526709907,0.0,0.0,0.04594775881382144,104
128.74,0.047159669859006416,0.005848166300141392,0.0011137647786463153,0.0,0.0,0.0459565855162896,104
128.76,0.04717048302079013,0.005847496597665844,0.0011138308668307583,0.0,0.0,0.04596515533270365,104
128.78,0.047181068269759055,0.005846767113334014,0.0011138931224430573,0.0,0.0,0.045973511143055014,103
128.8,0.047191430299548615,0.00584597832856498,0.0011139517091637958,0.0,0.0,0.04598165801865372,104
128.82,0.047201574169723974,0.005845130716023869,0.0011140068082968007,0.0,0.0,0.045989601406436785,104
128.84,0.04721150528932896,0.005844224740103944,0.0011140584705111617,0.0,0.0,0.04599734711275696,104
128.86,0.04722122939889928,0.005843260856404083,0.001114106304978974,0.0,0.0,0.046004901285647715,104
128.88,0.04723075255091984,0.005842239505473093,0.0011141840100111595,0.0,0.0,0.04601227039554499,104
128.9,0.04724008108866516,0.005841161129858187,0.0011142739243823105,0.0,0.0,0.04601946121440604,104
128.92000000000002,0.047249221623328154,0.005840026144237303,0.0011143602625053055,0.0,0.0,0.04602695762175411,104
128.94,0.047258181009314074,0.005838834956810844,0.001114442656862617,0.0,0.0,0.04603430487543246,104
128.96,0.04726693571188196,0.0058375879665608435,0.0011145218915316745,0.0,0.0,0.04604146350125156,104
128.98,0.047275480016959213,0.005837004108610222,0.0011145980268772663,0.0,0.0,0.04604880771571727,104
129.0,0.04728386499597176,0.005836764527363741,0.0011146705642185667,0.0,0.0,0.0460561877993685,104
129.02,0.04729209818725834,0.005836467098715597,0.001114777940912331,0.0,0.0,0.04606343412028981,104
129.04,0.04730018721618718,0.005836112128483897,0.0011148818188176923,0.0,0.0,0.04607055481577381,104
129.06,0.04730813975648933,0.00583569991571895,0.0011149820453682817,0.0,0.0,0.04607755808512355,104
129.08,0.04731596348897432,0.0058352307464805695,0.0011150786205093922,0.0,0.0,0.04608445214881504,104
129.1,0.04732366605769389,0.005834704893936146,0.0011151714746615157,0.0,0.0,0.046091245205132636,104
129.12,0.047331255023711605,0.005834122618537076,0.0011152606674905226,0.0,0.0,0.04609794538443731,104
129.14000000000001,0.04733873781674511,0.005833484666585486,0.0011153466800981496,0.0,0.0,0.046104560701335943,104
129.16,0.04734612168507033,0.005832791165261116,0.0011154302565101598,0.0,0.0,0.04611109900514302,104
129.18,0.047353413644209,0.0058320419443068545,0.0011155292142380438,0.0,0.0,0.04611756792915773,105
129.2,0.04736062042505936,0.0058312372166113525,0.0011156488108432431,0.0,0.0,0.04612413454610325,105
129.22,0.04736774842226631,0.005830377198430493,0.0011157649241115696,0.0,0.0,0.046131017868998,105
129.24,0.047374803643756354,0.005829462081775362,0.0011158775916618085,0.0,0.0,0.046137852348506446,105
129.26,0.04738179166247376,0.005828492041897916,0.001115986948718051,0.0,0.0,0.046144644247809695,105
129.28,0.04738871757143987,0.005827467267975467,0.0011160930193552287,0.0,0.0,0.046151399370289614,105
129.3,0.04739558594330733,0.005826387910457793,0.001116195801790606,0.0,0.0,0.04615812301989171,105
129.32,0.047402400795587454,0.005825254129719753,0.0011162972508341126,0.0,0.0,0.046164819967207046,105
129.34,0.04740916556268489,0.005824066082451125,0.0011163970433503362,0.0,0.0,0.046171494422410427,105
129.36,0.047415883075774545,0.005822823921296555,0.0011164945743110475,0.0,0.0,0.04617815001609147,105
129.38,0.04742302637965191,0.0058215277959893395,0.0011165905300238096,0.0,0.0,0.046184789788861154,105
129.4,0.047430465923117206,0.00582017785449567,0.0011166835194579452,0.0,0.0,0.04619141619040612,105
129.42000000000002,0.04743783695111937,0.005818774244152141,0.0011167752281189354,0.0,0.0,0.04619798176433651,105
129.44,0.047445164958292,0.005817317104973731,0.0011168660786557967,0.0,0.0,0.04620451224587876,104
129.46,0.04745247543636148,0.005815806582495139,0.0011169560219696283,0.0,0.0,0.0462110333713913,104
129.48,0.04745976842642102,0.00581424283140699,0.0011170439498727194,0.0,0.0,0.04621754541447874,104
129.5,0.047467043515905916,0.005812626313903407,0.0011171297921713902,0.0,0.0,0.04622404819854836,104
129.52,0.04747429989201301,0.005810957134172343,0.00111721302725238,0.0,0.0,0.04623054115033876,104
129.54,0.047481536400917665,0.00580923520510362,0.0011172943247955917,0.0,0.0,0.04623702335924997,105
129.56,0.04748875161116417,0.005807460697263315,0.0011173929625483865,0.0,0.0,0.04624349364085025,105
129.58,0.047495943879469676,0.00580563378747832,0.0011174914082243675,0.0,0.0,0.046249950602798254,105
129.6,0.04750311141712022,0.005803754659240196,0.001117588821989482,0.0,0.0,0.04625639271135844,105
129.62,0.047510252355153056,0.005801823502991014,0.0011176861067377075,0.0,0.0,0.046262818356702894,105
129.64000000000001,0.047517364806611166,0.005799840516294678,0.001117781130538012,0.0,0.0,0.046269225915284644,105
129.66,0.04752444692431599,0.005797805903900284,0.001117875682278169,0.0,0.0,0.04627561380772795,105
129.68,0.04753149695282345,0.005795719877706559,0.0011179685653847251,0.0,0.0,0.04628198055089994,105
129.7,0.047538513273493274,0.005793582656638681,0.0011180609219275908,0.0,0.0,0.0462883248030938,105
129.72,0.04754549444189727,0.005791394467140413,0.0011181535344107836,0.0,0.0,0.046294645401548665,105
129.74,0.04755243921710498,0.00578915554620196,0.001118253827241308,0.0,0.0,0.04630094139184514,105
129.76,0.04755934658269797,0.005786866127254297,0.0011183887253308695,0.0,0.0,0.04630774456300601,105
129.78,0.047566215759668413,0.0057845264548192785,0.0011185218722751923,0.0,0.0,0.04631473358669687,105
129.8,0.047573046211637146,0.005782136778997124,0.0011186531352028286,0.0,0.0,0.04632169506255028,105
129.82,0.0475798376430774,0.005779697386173373,0.0011187830624527996,0.0,0.0,0.04632862900629931,105
129.84,0.047586589991441344,0.005777208581541633,0.0011189120297002981,0.0,0.0,0.046335535671883185,105
129.86,0.04759330341425663,0.005774670554615992,0.0011190398803895408,0.0,0.0,0.04634241553865708,105
129.88,0.04759997827238099,0.005772083574397871,0.0011191668290543922,0.0,0.0,0.046349269294766265,105
129.9,0.047606615110676626,0.005769447913869403,0.0011192927561541552,0.0,0.0,0.046356097817947924,104
129.92000000000002,0.047613214637387165,0.005766763849763927,0.0011194194605325608,0.0,0.0,0.046362902155044954,104
129.94,0.04761979571609015,0.005764031662375589,0.001119545222510025,0.0,0.0,0.046369683501486576,104
129.96,0.0476263413027826,0.0057612516360141764,0.0011196704530944403,0.0,0.0,0.04637644318190999,104
129.98,0.04763285241976227,0.005758424057570558,0.0011197950809470683,0.0,0.0,0.046383182632968645,103
130.0,0.047639330237342736,0.005755549216751205,0.0011199195264271948,0.0,0.0,0.04638990338920006,103
130.02,0.047646213830793704,0.005752627406908487,0.0011200454366452563,0.0,0.0,0.046396524754281444,103
130.04,0.04765303400184986,0.005749658877952007,0.0011201720571712027,0.0,0.0,0.046403090029794515,103
130.06,0.04765976319545121,0.005746643919502799,0.0011202980440895385,0.0,0.0,0.04640958129744887,103
130.08,0.04766646403258491,0.005743582799007521,0.0011204244374052505,0.0,0.0,0.04641606108337707,103
130.1,0.04767313806569351,0.005740475986784,0.0011205520914817932,0.0,0.0,0.04642287082952488,103
130.12,0.04768014783880065,0.005737323636077068,0.0011206816151845469,0.0,0.0,0.04642979926293992,103
130.14000000000001,0.047687378887900755,0.005734126056690855,0.0011208110791619294,0.0,0.0,0.04643672149215024,103
130.16,0.047694704789339515,0.00573088355940837,0.0011209399063765843,0.0,0.0,0.04644363978720955,103
130.18,0.047702597681943334,0.005727596458311661,0.0011210705255499305,0.0,0.0,0.04645055655536681,103
130.2,0.047710471245556066,0.005724337457515899,0.001121201819737305,0.0,0.0,0.046457474354676086,103
130.22,0.047718327760090544,0.005721830103906497,0.0011213336662189413,0.0,0.0,0.04646439590596967,103
130.24,0.047726169667310164,0.005719275250388793,0.0011214652874416075,0.0,0.0,0.04647135572808309,103
130.26,0.04773399957616676,0.005716673152910947,0.0011215971161942877,0.0,0.0,0.046478740305620846,103
130.28,0.04774182026374024,0.005714024052362603,0.001121728782140642,0.0,0.0,0.04648613756464573,103
130.3,0.04774963467114338,0.0057113281947664555,0.0011218603407965647,0.0,0.0,0.046493550934615595,103
130.32,0.0477579153629525,0.005708585821730272,0.0011219914185611579,0.0,0.0,0.046500984010310775,103
130.34,0.047766298618300534,0.005705797177966192,0.0011221222344892407,0.0,0.0,0.04650844053678014,103
130.36,0.047774684464931175,0.00570296250708914,0.0011222526946792568,0.0,0.0,0.04651592438844287,103
130.38,0.04778307634676018,0.005700082051372121,0.001122383951641202,0.0,0.0,0.04652343954244833,103
130.4,0.04779147776628694,0.00569715605152667,0.0011225157371120807,0.0,0.0,0.04653099004656756,103
130.42000000000002,0.04779989224716185,0.00569418474651582,0.0011226472684826292,0.0,0.0,0.04653857998204489,103
130.44,0.04780832329227877,0.005691168373406212,0.001122778278183174,0.0,0.0,0.04654621342197315,103
130.46,0.0478167743380703,0.005688107167265333,0.001122908846911967,0.0,0.0,0.046553894385870064,103
130.48,0.04782524870577229,0.005685001361108829,0.001123038832177095,0.0,0.0,0.046561626791222825,103
130.5,0.04783374955049029,0.005681851185901896,0.0011231684052643858,0.0,0.0,0.04656941440283378,103
130.52,0.047842279808939805,0.0056786568706175215,0.001123297837491175,0.0,0.0,0.04657726078083967,103
130.54,0.04785084214674885,0.005675418642353398,0.0011234270961486099,0.0,0.0,0.046585169228293255,103
130.56,0.0478594389062019,0.0056721367265081145,0.0011235618789466957,0.0,0.0,0.04659314273918709,103
130.58,0.04786807205527576,0.00567001079203611,0.001123724849947033,0.0,0.0,0.046601183947771053,103
130.6,0.04787674313876903,0.005668105770746072,0.0011238869811167349,0.0,0.0,0.046609295079966015,103
130.62,0.047885453232266326,0.005666149883130306,0.001124048045544102,0.0,0.0,0.04661747790761617,103
130.64000000000001,0.047894202899605116,0.005664143403728229,0.001124207785221087,0.0,0.0,0.04662573370624959,104
130.66,0.047902992154439224,0.005662130520726253,0.001124366163121276,0.0,0.0,0.04663424495897635,104
130.68,0.04791182042641566,0.005660072316030548,0.0011245415358476709,0.0,0.0,0.046643103961869874,104
130.7,0.04792068653241019,0.0056581280772598054,0.00112472428310774,0.0,0.0,0.04665203606145525,104
130.72,0.04792958865320031,0.005656181528696907,0.0011249057090761234,0.0,0.0,0.046661040201199565,104
130.74,0.04793852431589324,0.005654184887059492,0.0011250857161115868,0.0,0.0,0.04667011468747235,104
130.76,0.047947490382370166,0.005652138433446124,0.001125264192144832,0.0,0.0,0.0466792571784341,104
130.78,0.04795648304395027,0.005650042453388985,0.001125440704206585,0.0,0.0,0.04668846467916894,105
130.8,0.04796549782241698,0.005647897235341945,0.0011256152967365032,0.0,0.0,0.04669773354320513,105
130.82,0.047974529577476464,0.0056457030712982,0.001125787862291379,0.0,0.0,0.04670705948049529,105
130.84,0.04798357252063173,0.005643460257400599,0.0011259582321628103,0.0,0.0,0.046716437571841664,105
130.86,0.04799262023535192,0.005641169094536165,0.0011261264792486268,0.0,0.0,0.04672586228964683,105
130.88,0.048001545842010475,0.005638829888906105,0.0011262909920577075,0.0,0.0,0.04673519817809775,105
130.9,0.04801043464061374,0.005636442879332284,0.0011264526848801374,0.0,0.0,0.04674452277413358,105
130.92000000000002,0.0480193058409204,0.00563400835833272,0.0011266118809148441,0.0,0.0,0.046753874278753174,105
130.94,0.04802815083111294,0.005631526651443206,0.001126768543990114,0.0,0.0,0.04676324505332803,105
130.96,0.048036982825907175,0.005628998091378299,0.0011269229162289315,0.0,0.0,0.04677262703626954,105
130.98,0.048045837293572834,0.0056264230183561675,0.0011270747591697898,0.0,0.0,0.04678201179194033,105
131.0,0.04805466130572805,0.00562380178083879,0.001127223744657775,0.0,0.0,0.0467913905614999,105
131.02,0.048063421467639186,0.0056211348256341295,0.0011273699209956927,0.0,0.0,0.046800754314723095,105
131.04,0.04807210743788974,0.005618422893864336,0.0011275130480393586,0.0,0.0,0.04681009380185896,105
131.06,0.04808070867934856,0.005615666030065238,0.0011276530386493178,0.0,0.0,0.04681939960467396,105
131.08,0.04808921450768591,0.005612864476666098,0.0011277899228151018,0.0,0.0,0.04682866218593991,105
131.1,0.04809761413770502,0.00561005396678549,0.0011279236770756055,0.0,0.0,0.04683787193677779,105
131.12,0.0481058967270664,0.0056072157472247044,0.0011280544442978727,0.0,0.0,0.046847019221435644,105
131.14000000000001,0.04811405141715716,0.005604333978234031,0.0011281820506648182,0.0,0.0,0.04685609441925426,105
131.16,0.04812206737102147,0.005601409070367632,0.001128306514521552,0.0,0.0,0.04686508796373835,105
131.18,0.04812993380841392,0.005598441441041434,0.0011284277056646474,0.0,0.0,0.04687399037879643,105
131.2,0.04813764003814984,0.0055954315141380625,0.0011285455164377763,0.0,0.0,0.04688279231232539,104
131.22,0.0481451754880041,0.005592559021509347,0.0011286599953440645,0.0,0.0,0.04689148456739289,104
131.24,0.04815252973244711,0.005590770410405039,0.0011287711788127816,0.0,0.0,0.04690005813130847,104
131.26,0.04815989525343884,0.005588937946143522,0.0011288790183789953,0.0,0.0,0.046908504202875054,104
131.28,0.04816734858467932,0.0055870620447874345,0.0011289836892800728,0.0,0.0,0.046916814218080714,104
131.3,0.048175151576377154,0.005585143128092576,0.0011290849999780592,0.0,0.0,0.04692497987443455,104
131.32,0.048182986445376864,0.005583181629864022,0.0011291829403188218,0.0,0.0,0.04693299315407761,105
131.34,0.04819053514770153,0.005581178072060016,0.0011292750753314144,0.0,0.0,0.04694079474830448,105
131.36,0.04819774532180337,0.00557913276630449,0.0011293595183110216,0.0,0.0,0.046948665543118155,105
131.38,0.04820483346424143,0.0055770461002249555,0.0011294407346175768,0.0,0.0,0.04695649105060212,105
131.4,0.04821204872661503,0.005575570639682364,0.0011295186430309112,0.0,0.0,0.046964135198014866,105
131.42000000000002,0.048219111425992424,0.005574710929962874,0.0011295933521824056,0.0,0.0,0.046971591691818346,105
131.44,0.04822590101464504,0.005573808224854093,0.0011296649227325493,0.0,0.0,0.0469788546340788,105
131.46,0.048232692349415456,0.0055728629417424215,0.0011297336302310607,0.0,0.0,0.046985918535165865,105
131.48,0.048239684940498,0.005571875509743738,0.0011297993929847605,0.0,0.0,0.04699277832431973,105
131.5,0.04824642033118299,0.005570846349774943,0.0011298620379470584,0.0,0.0,0.046999429357964806,105
131.52,0.04825289102551375,0.005569775861444441,0.0011299216723482251,0.0,0.0,0.047005867425696145,105
131.54,0.04825907892743401,0.005568668721858049,0.0011299784714142362,0.0,0.0,0.04701208875391418,105
131.56,0.048264979203440445,0.005567546288136293,0.0011300322255339578,0.0,0.0,0.0470180900071374,105
131.58,0.04827058741550409,0.005566544494982934,0.0011300829882551473,0.0,0.0,0.047023868287070926,105
131.6,0.04827589951652271,0.005565914776344053,0.0011301307591186766,0.0,0.0,0.047029421129555146,104
131.62,0.04828091184375563,0.005565241097425027,0.0011301756101555842,0.0,0.0,0.04703474649955551,104
131.64000000000001,0.04828562111042851,0.005564523862979471,0.0011302180664824854,0.0,0.0,0.04703984278438439,104
131.66,0.04829002439571606,0.005563763477382382,0.0011302583794490927,0.0,0.0,0.04704470878536735,104
131.68,0.04829411913332347,0.005562960350398458,0.0011302962382590325,0.0,0.0,0.04704934370817812,104
131.7,0.04829791564025846,0.005562114878911595,0.0011303315038517113,0.0,0.0,0.04705374715207244,103
131.72,0.04830141825124828,0.005561227462970712,0.0011303640207011136,0.0,0.0,0.04705791909824829,103
131.74,0.04830460683542603,0.0055602985013612875,0.0011303937733525779,0.0,0.0,0.04706185989755261,103
131.76,0.04830765170090519,0.005559328390518241,0.0011304210230475115,0.0,0.0,0.04706578581277104,103
131.78,0.048310902034572285,0.0055583175241719724,0.0011304598270947786,0.0,0.0,0.04706976543423133,103
131.8,0.048314320298177296,0.005557266293008347,0.0011305287735532666,0.0,0.0,0.047073516464856274,102
131.82,0.04831747953113076,0.005556175084342507,0.0011305951081268658,0.0,0.0,0.047077040604907264,102
131.84,0.048320364393144216,0.005555044281806216,0.0011306586057395144,0.0,0.0,0.04708033985968647,102
131.86,0.048322952597258745,0.00555426012765573,0.0011307192745412024,0.0,0.0,0.047083416527098895,102
131.88,0.04832524494072766,0.005555048929121353,0.0011307771440599369,0.0,0.0,0.04708627318564639,103
131.9,0.04832724243631141,0.005556650933775771,0.0011308322269226513,0.0,0.0,0.047088912682935,103
131.92000000000002,0.04832917432501887,0.005558207518636989,0.0011308845451603734,0.0,0.0,0.0470913381247616,103
131.94,0.04833131011499037,0.005559718884149774,0.0011309341400296763,0.0,0.0,0.04709355286482974,103
131.96,0.048333176823784844,0.005561185331087274,0.0011309810727741841,0.0,0.0,0.047095560495132804,103
131.98,0.04833477534969253,0.005562612855581824,0.0011310257845014264,0.0,0.0,0.047097364837029844,103
132.0,0.048336108166389204,0.005564017164766378,0.001131067857078013,0.0,0.0,0.047098969933029845,103
132.02,0.048337189271711774,0.005565410970849965,0.0011311072752079052,0.0,0.0,0.04710038003929034,103
132.04,0.048338032023276196,0.005566769538840874,0.0011311469716810793,0.0,0.0,0.047101599618829225,103
132.06,0.048338617631143194,0.005569222033752807,0.0011311842334823475,0.0,0.0,0.04710263333544135,104
132.08,0.04833894918395337,0.0055718210041470545,0.0011312191200996936,0.0,0.0,0.0471034860483056,104
132.1,0.04833902990550871,0.005574373498053484,0.0011312514601386932,0.0,0.0,0.04710467635837829,104
132.12,0.04833893668502951,0.0055768797348283465,0.0011312812509317806,0.0,0.0,0.04710576825528686,104
132.14000000000001,0.0483394367830229,0.005579339929629006,0.0011313089615028274,0.0,0.0,0.04710669410396309,104
132.16,0.048339658375824664,0.005581754287696179,0.0011313347762743069,0.0,0.0,0.047107394167337925,104
132.18,0.048339654564826515,0.005584123153496888,0.0011313579918260444,0.0,0.0,0.047107922674824776,105
132.2,0.04833944703857018,0.005586447077602034,0.0011313787702756934,0.0,0.0,0.04710830256681464,105
132.22,0.04833904058947142,0.005588725691813207,0.0011313971235999028,0.0,0.0,0.047108539972821245,105
132.24,0.04833844014363106,0.0055909591678672856,0.0011314130964741504,0.0,0.0,0.04710864119616329,105
132.26,0.048337650758695616,0.005593147668403043,0.0011314269625941939,0.0,0.0,0.04710861271339579,105
132.28,0.04833667762194743,0.005595291346706251,0.0011314386507806804,0.0,0.0,0.04710846117404509,105
132.3,0.04833552604855709,0.00559739034645178,0.001131448014677718,0.0,0.0,0.04710819340058383,105
132.32,0.04833420147992395,0.005599444808801704,0.0011314550556084354,0.0,0.0,0.047107816388575405,105
132.34,0.04833270948202409,0.005601454927045458,0.0011314597322138972,0.0,0.0,0.04710748799002435,105
132.36,0.04833180312815952,0.005603420737574938,0.0011314620263807751,0.0,0.0,0.0471073835186846,105
132.38,0.048331573840205276,0.005605342342973689,0.0011314620370534983,0.0,0.0,0.04710719118594008,105
132.4,0.04833124243180873,0.005607219834878356,0.0011314596800358074,0.0,0.0,0.04710691868227609,105
132.42000000000002,0.04833081634863081,0.005609143134247043,0.0011314549850899797,0.0,0.0,0.047106573871606175,103
132.44,0.04833030320093921,0.005611094637574719,0.0011314481585132804,0.0,0.0,0.04710616479055507,103
132.46,0.04832971076214952,0.005613001937976601,0.0011314390504882934,0.0,0.0,0.047105699647207504,104
132.48,0.04832905718113514,0.005614866098958628,0.0011314276320000846,0.0,0.0,0.04710518681918947,103
132.5,0.04832884954062443,0.005616719536465481,0.0011314139219246748,0.0,0.0,0.04710463485094239,103
132.52,0.048328649336347757,0.005618528850664149,0.0011313981450987286,0.0,0.0,0.04710405245004543,103
132.54,0.04832840239623013,0.005620294048629518,0.001131380080705689,0.0,0.0,0.047103448482439636,103
132.56,0.04832811726215252,0.005622015177549701,0.0011313597648931035,0.0,0.0,0.04710283196640806,103
132.58,0.048327802611220674,0.005624864887083804,0.0011313372687588327,0.0,0.0,0.04710221206517259,102
132.6,0.048327467246569084,0.005627819402204955,0.0011313125565358718,0.0,0.0,0.04710159807797845,102
132.62,0.048327120086528425,0.005630726208458261,0.0011312857494939707,0.0,0.0,0.047100999429555666,102
132.64000000000001,0.04832677015207064,0.005633585227629132,0.0011312567403085807,0.0,0.0,0.04710042565787192,102
132.66,0.04832642655247842,0.005636396367312552,0.0011312258087556384,0.0,0.0,0.0470998864001248,102
132.68,0.04832609846923059,0.005639159521905633,0.0011311928254736485,0.0,0.0,0.04709939137696579,102
132.7,0.04832579513814583,0.005641874579021443,0.0011311576392589813,0.0,0.0,0.04709895037499915,102
132.72,0.04832552582989026,0.005644541392803654,0.001131120286705173,0.0,0.0,0.047098573227662685,102
132.74,0.0483252245976124,0.005647159812728996,0.001131080795083472,0.0,0.0,0.0470981954364357,102
132.76,0.048324923580956226,0.005649814683606625,0.0011310393256217443,0.0,0.0,0.04709784947148578,102
132.78,0.048324684595837664,0.005652584735813418,0.001130995652719929,0.0,0.0,0.047097597145600974,102
132.8,0.04832451683213892,0.005655304393078369,0.0011309508481888847,0.0,0.0,0.04709744826347125,102
132.82,0.04832442940139683,0.0056579734502753476,0.001130903957160401,0.0,0.0,0.04709741256560373,102
132.84,0.04832443131383311,0.005660591697963834,0.0011308550884621374,0.0,0.0,0.04709749970586046,101
132.86,0.04832493611784815,0.005663158912323357,0.0011308041700426998,0.0,0.0,0.04709771923014223,101
132.88,0.04832569154758001,0.005665674859955075,0.0011307510226576363,0.0,0.0,0.04709808055680706,101
132.9,0.04832656176044972,0.005668139287943545,0.001130747376764258,0.0,0.0,0.047098592959392574,101
132.92000000000002,0.048327555163107945,0.005670551927362756,0.0011307417487020305,0.0,0.0,0.047099265552150965,100
132.94,0.04832867997400667,0.005672912499680656,0.0011307340620565886,0.0,0.0,0.04710010727880782,100
132.96,0.048329944214942945,0.005675220713590868,0.0011307242941156499,0.0,0.0,0.047101126904816125,100
132.98,0.048331378464776246,0.005677476265442856,0.0011307124033890904,0.0,0.0,0.04710233301320186,100
133.0,0.04833300627449633,0.0056796788396998085,0.0011307008671484048,0.0,0.0,0.047103734003893935,100
133.02,0.04833479688801122,0.005681828109420636,0.001130717457613608,0.0,0.0,0.047105338096210446,100
133.04,0.04833675752714571,0.005683923736763071,0.0011307318643450207,0.0,0.0,0.04710715333394857,100
133.06,0.04833889522252059,0.00568596537350586,0.0011307440238907866,0.0,0.0,0.047109187592314014,100
133.08,0.04834161122095104,0.005687952661589184,0.0011307539285796077,0.0,0.0,0.04711144858574221,100
133.1,0.04834485786461194,0.005689885233673977,0.0011307623465102831,0.0,0.0,0.047113943875523645,100
133.12,0.04834832153080116,0.005691762713722296,0.0011307685784576788,0.0,0.0,0.04711668087606212,100
133.14000000000001,0.04835200907672245,0.005693584717602552,0.0011307726280512947,0.0,0.0,0.047119666858573266,100
133.16,0.04835592720640215,0.005695350874691366,0.0011307747373643564,0.0,0.0,0.04712290895107996,100
133.18,0.04836008246538709,0.005697060855485082,0.001130774683468324,0.0,0.0,0.047126414133674265,100
133.2,0.04836448122982169,0.005698714165425834,0.001130772360603086,0.0,0.0,0.047130189228191545,100
133.22,0.048369129689279144,0.005700311432622386,0.0011307678388438945,0.0,0.0,0.047134240881668274,100
133.24,0.048374033822985274,0.005701851559836177,0.001130761094026096,0.0,0.0,0.047138575543219895,100
133.26,0.04837919936936554,0.005703333895955421,0.0011307522266228896,0.0,0.0,0.047143199434263865,100
133.28,0.04838463178914212,0.005704757913080322,0.0011307411673315707,0.0,0.0,0.04714865212028211,100
133.3,0.04839033622250206,0.005706123187543526,0.0011307278733522837,0.0,0.0,0.04715459901693178,100
133.32,0.048396447206565114,0.00570744120081578,0.0011307125723280193,0.0,0.0,0.0471608506595673,100
133.34,0.048403362724634275,0.005708713346984738,0.0011306953627967019,0.0,0.0,0.047167411946125275,100
133.36,0.048410562313182595,0.005709925492544368,0.0011306761369144743,0.0,0.0,0.04717428731563271,99
133.38,0.04841804931615472,0.0057110775285176595,0.0011306575215146585,0.0,0.0,0.047181480692468566,99
133.4,0.048425826489167864,0.005712168739543077,0.0011306374671399553,0.0,0.0,0.04718899543060235,99
133.42000000000002,0.048433895944637484,0.0057131986622157615,0.0011306153775451728,0.0,0.0,0.0471968342593298,99
133.44,0.04844227635426692,0.005714166898715955,0.0011305913007589945,0.0,0.0,0.04720499923201083,99
133.46,0.04845096379863658,0.00571507306037314,0.0011305652060872471,0.0,0.0,0.0472134916792459,99
133.48,0.04845994562233753,0.005715916769809649,0.0011305369203792363,0.0,0.0,0.04722231216780449,99
133.5,0.048469260872993594,0.005716697663159532,0.0011305064361340751,0.0,0.0,0.04723146046644975,99
133.52,0.04847933578989159,0.005717415385311821,0.001130474156972216,0.0,0.0,0.04724093551959151,99
133.54,0.04848969904774118,0.005718069621642231,0.001130440049372066,0.0,0.0,0.04725073542945562,99
133.56,0.048500511863708316,0.005718660028582223,0.0011304039073505227,0.0,0.0,0.04726085744718813,99
133.58,0.04851175789955945,0.005719186303156551,0.0011303657863157776,0.0,0.0,0.047271297973032506,99
133.6,0.04852328642742512,0.005719648172643352,0.001130325905818247,0.0,0.0,0.047282052565435904,99
133.62,0.04853509151493749,0.00572074481251636,0.0011303016530489908,0.0,0.0,0.04729311595867252,99
133.64000000000001,0.04854716641262489,0.005722413411156754,0.0011302928454216688,0.0,0.0,0.04730448208832942,99
133.66,0.04855950358630617,0.00572401302567919,0.001130282081836321,0.0,0.0,0.04731614412379482,99
133.68,0.04857209475544953,0.005725543437126462,0.0011302691961550292,0.0,0.0,0.04732809450673218,99
133.7,0.04858493093636313,0.005727004449178969,0.0011302543927441942,0.0,0.0,0.047340324994418835,99
133.72,0.048598002489038325,0.005728395888637822,0.001130238081310182,0.0,0.0,0.04735282670678214,99
133.74,0.04861131190120916,0.005729951020776838,0.001130219822158709,0.0,0.0,0.047365590175975227,99
133.76,0.04862485354525141,0.005732841867627011,0.0011301994782565903,0.0,0.0,0.0473786053973959,99
133.78,0.04863859843959386,0.00573565397900207,0.0011301769746791246,0.0,0.0,0.047391861881157564,99
133.8,0.048652534824689196,0.005738387156872682,0.0011301522875789166,0.0,0.0,0.047405348703161876,99
133.82,0.04866665053585032,0.0057410412323583284,0.001130125661823048,0.0,0.0,0.04741945716701869,99
133.84,0.04868093305102515,0.005743616066087868,0.0011300972785022513,0.0,0.0,0.04743384626881475,99
133.86,0.048695369536583585,0.005746111548454975,0.0011300670250214964,0.0,0.0,0.04744843026252258,99
133.88,0.048709946890981876,0.00574852760275541,0.0011300348961078629,0.0,0.0,0.04746319697205878,99
133.9,0.04872465178634282,0.00575086417678123,0.0011300007624474185,0.0,0.0,0.047478134018772905,98
133.92000000000002,0.0487395146144815,0.005753121250146472,0.0011299647371189857,0.0,0.0,0.04749323766660352,98
133.94,0.04875450322881881,0.00575529883902663,0.001129926977118252,0.0,0.0,0.04750911955844034,98
133.96,0.0487696385407983,0.0057573970334386035,0.001129887344078734,0.0,0.0,0.047525132979403986,98
133.98,0.04878484779761763,0.005759415846318995,0.0011298464661939614,0.0,0.0,0.04754126513187274,98
134.0,0.04880017262910641,0.005761355395683163,0.0011298038102361182,0.0,0.0,0.047557503208187295,98
134.02,0.04881554526144561,0.00576321585337963,0.0011297590769061138,0.0,0.0,0.04757383442832733,98
134.04,0.04883095072360746,0.005764997301659788,0.0011297124235225132,0.0,0.0,0.047590246078317196,98
134.06,0.04884637524107677,0.005766699947472005,0.0011296641549463052,0.0,0.0,0.04760672554963877,98
134.08,0.04886183503430781,0.005768323999089629,0.001129614077135599,0.0,0.0,0.047623260379789985,98
134.1,0.048877315094658556,0.005769869653768051,0.0011295625964113836,0.0,0.0,0.04763983829396367,97
134.12,0.04889284182329999,0.005771337164432807,0.001129509137228653,0.0,0.0,0.04765644724764987,97
134.14000000000001,0.04890893462233062,0.005772726806645581,0.0011294537938884364,0.0,0.0,0.047673075469795996,97
134.16,0.04892498935970076,0.005774038877455529,0.0011293969475896478,0.0,0.0,0.04768970126693356,97
134.18,0.048940926142826004,0.005775273689908386,0.0011293389489795789,0.0,0.0,0.047706245195586104,97
134.2,0.04895681153907427,0.005776431547439391,0.0011292791837319148,0.0,0.0,0.04772277526125248,97
134.22,0.048972734642867013,0.005777512804230814,0.0011292177880330835,0.0,0.0,0.047739281208798966,97
134.24,0.04898911340560216,0.005778517830911129,0.0011291550035145226,0.0,0.0,0.047755753258863685,97
134.26,0.04900542567530988,0.0057794470132308306,0.0011290905777662748,0.0,0.0,0.047772182140312695,98
134.28,0.04902166210712873,0.005780369892770117,0.0011290248419323196,0.0,0.0,0.047788559118272816,98
134.3,0.0490378138942945,0.005781314609308107,0.001128957841542295,0.0,0.0,0.04780487601712585,98
134.32,0.04905388076578078,0.005782184411435335,0.0011288896093446456,0.0,0.0,0.04782112523796527,98
134.34,0.04906985652036656,0.00578297973199442,0.0011288199595006414,0.0,0.0,0.0478372997701501,98
134.36,0.04908572488964212,0.0057837010124789255,0.0011287702085874373,0.0,0.0,0.04785339319673162,98
134.38,0.049102193624911326,0.005784348701841664,0.0011287270688974823,0.0,0.0,0.04786939969367304,98
134.4,0.0491185698394851,0.005784923255360025,0.0011286823981167733,0.0,0.0,0.04788531402292528,98
134.42000000000002,0.04913484339756277,0.0057854252246822115,0.0011286362686932852,0.0,0.0,0.0479011315195586,98
134.44,0.04915101006864605,0.005785855253466738,0.0011285888326073813,0.0,0.0,0.047916848073279304,98
134.46,0.04916706614880442,0.005786213617605406,0.0011285399797704074,0.0,0.0,0.04793246010478198,98
134.48,0.04918300843229598,0.005786500714466945,0.0011285088568404355,0.0,0.0,0.04794796453749742,98
134.5,0.04919883417925047,0.005786717023671722,0.00112849428794256,0.0,0.0,0.04796335876539821,98
134.52,0.04921454108016553,0.0057868630151594646,0.0011284781318440767,0.0,0.0,0.047978640617613325,97
134.54,0.04923012721804518,0.00578693915937688,0.0011284603003152008,0.0,0.0,0.04799380832068286,97
134.56,0.04924559102907545,0.005786945946572726,0.0011284407785321468,0.0,0.0,0.04800886045934838,97
134.58,0.04926093126278272,0.005786884153109722,0.0011284195698690956,0.0,0.0,0.04802379593682601,97
134.6,0.04927614694265139,0.005786754541825737,0.0011283969693802547,0.0,0.0,0.04803861393554,97
134.62,0.04929123732818812,0.0057865569853499,0.0011283743237439604,0.0,0.0,0.04805331387930472,97
134.64000000000001,0.04930620187940235,0.005786291955601649,0.0011283518497557426,0.0,0.0,0.04806789539792595,97
134.66,0.04932104022462779,0.005785959923471424,0.001128329326066055,0.0,0.0,0.04808235829514707,97
134.68,0.04933575213253127,0.00578556135798652,0.0011283054190976104,0.0,0.0,0.04809670252078677,98
134.7,0.049350349309968664,0.005785096728177051,0.001128279842248802,0.0,0.0,0.04811092814780533,98
134.72,0.049364838523408,0.005784566702645952,0.0011282527842401352,0.0,0.0,0.04812503535489191,98
134.74,0.049379201623568104,0.005783971717936674,0.0011282241442493897,0.0,0.0,0.0481390244149964,97
134.76,0.049393438768975326,0.005783312270860812,0.001128193981006677,0.0,0.0,0.048152895690033615,97
134.78,0.0494075502015707,0.005782588793085857,0.0011281623457920402,0.0,0.0,0.048166649631783034,97
134.8,0.049421798764507814,0.005781801590909546,0.0011281294400034868,0.0,0.0,0.04818028678879553,97
134.82,0.049436487795802314,0.005780951131808552,0.0011280948901338788,0.0,0.0,0.048193807818916835,97
134.84,0.04945107488261125,0.005780037883540023,0.0011280586335648164,0.0,0.0,0.04820721350685507,98
134.86,0.04946553741107916,0.0057790623142190195,0.0011280207508364086,0.0,0.0,0.04822050478606531,99
134.88,0.04947987624791857,0.005778024894330141,0.0011279811980785663,0.0,0.0,0.048233682764109644,99
134.9,0.04949409245451636,0.005776926090933049,0.0011279401433175258,0.0,0.0,0.04824674875057778,99
134.92000000000002,0.04950868498319816,0.00577576637295294,0.001127897938702207,0.0,0.0,0.04825970428662504,99
134.94,0.04952317731588808,0.0057745462096476935,0.0011278543600616898,0.0,0.0,0.04827255117520041,99
134.96,0.049537550944893656,0.005773278097868903,0.0011278095057533635,0.0,0.0,0.04828529151109015,99
134.98,0.04955180800685185,0.005771964163313958,0.0011277876682190477,0.0,0.0,0.04829792770998902,99
135.0,0.049565950978445024,0.005770591444460352,0.0011277729750378402,0.0,0.0,0.04831046253591848,99
135.02,0.049579982701413436,0.005769160137376838,0.0011277564756568663,0.0,0.0,0.04832289912643455,99
135.04,0.04959390640492276,0.005767670683345487,0.0011277381910804005,0.0,0.0,0.04833524101519431,99
135.06,0.04960772572497855,0.005766123546582852,0.0011277180842717747,0.0,0.0,0.04834749215157381,100
135.08,0.049621444720692826,0.005764519188709411,0.001127696260566914,0.0,0.0,0.04835965691714332,100
135.1,0.049635067887306206,0.005763006637316955,0.0011276726334964913,0.0,0.0,0.04837174013890372,99
135.12,0.049648600165947354,0.0057626314049946045,0.0011276472743455717,0.0,0.0,0.04838374709926706,98
135.14000000000001,0.04966204695017147,0.00576219696707455,0.0011276202299689614,0.0,0.0,0.04839568354282353,98
135.16,0.04967541408935706,0.005761702594053779,0.001127591441441285,0.0,0.0,0.04840755567997509,98
135.18,0.04968871187421798,0.005762010819268896,0.0011275608465736299,0.0,0.0,0.04841937018753582,98
135.2,0.0497019611777624,0.005762490923075716,0.0011275284206310077,0.0,0.0,0.04843113420639996,98
135.22,0.04971515143898789,0.005762920372934122,0.001127494184170201,0.0,0.0,0.04844285533636562,98
135.24,0.049728290306936596,0.005763329093093961,0.001127493011383548,0.0,0.0,0.04845454162817546,98
135.26,0.04974138585955706,0.005763676469068832,0.0011274974473010067,0.0,0.0,0.04846620157280025,98
135.28,0.04975444658990631,0.005763962856030061,0.0011275002732984674,0.0,0.0,0.048477844087949036,98
135.3,0.04976748138949927,0.005764188598139229,0.001127501338307119,0.0,0.0,0.04848947850174218,99
135.32,0.04978049952869339,0.005764354027987547,0.0011275007128782194,0.0,0.0,0.0485011145334365,99
135.34,0.049794177915546065,0.005764471102521351,0.0011274983425649096,0.0,0.0,0.04851276227104354,99
135.36,0.04980792000771567,0.0057645401948200675,0.001127494401646074,0.0,0.0,0.0485244321456386,99
135.38,0.04982167598037867,0.005764578866624879,0.0011274887455150812,0.0,0.0,0.048536134902119867,99
135.4,0.04983545445550126,0.005764560107314076,0.0011274813609657031,0.0,0.0,0.04854788156614636,99
135.42000000000002,0.0498492661838352,0.005764482467404343,0.0011274721762543562,0.0,0.0,0.0485596834069635,99
135.44,0.049863122103375984,0.005764346322585638,0.0011274611992735004,0.0,0.0,0.04857155189581786,99
135.46,0.0498770332925841,0.005764151847325018,0.0011274721041992421,0.0,0.0,0.048583877042626726,99
135.48,0.04989101091861273,0.005763899201473533,0.001127499380866034,0.0,0.0,0.048596475043309086,99
135.5,0.049905147633616684,0.005763588594368653,0.0011275245850965142,0.0,0.0,0.048609174120646734,99
135.52,0.049919394101059,0.0057632202230147,0.0011275477638393947,0.0,0.0,0.04862198604083372,99
135.54,0.049933815129646134,0.005762794268033443,0.0011275689632517952,0.0,0.0,0.04863492248912721,99
135.56,0.04994873649340981,0.005762310892469257,0.0011275793153873415,0.0,0.0,0.04864785850130147,99
135.58,0.04996371668173556,0.005761770174271317,0.0011275708005098657,0.0,0.0,0.04866087780598144,98
135.6,0.049978821106662484,0.005761172209818672,0.0011275655694539034,0.0,0.0,0.048674023770397125,98
135.62,0.04999403921639002,0.005760517116125222,0.001127567750326029,0.0,0.0,0.04868728204504897,98
135.64000000000001,0.05000942871608392,0.005760068796378493,0.0011275679115689604,0.0,0.0,0.04870071971305631,98
135.66,0.05002499890853159,0.00575958391961713,0.0011275663255596667,0.0,0.0,0.04871434628631415,98
135.68,0.05004075841421271,0.0057590403389794044,0.0011275631271644962,0.0,0.0,0.04872817059863221,98
135.7,0.05005671507672808,0.005758438129859255,0.0011275581265755218,0.0,0.0,0.048742200711219534,98
135.72,0.05007287586961775,0.0057577773809998215,0.001127551265562239,0.0,0.0,0.048756443819555295,98
135.74,0.05008917491839487,0.005757058173339023,0.001127564945279878,0.0,0.0,0.04877083699749995,98
135.76,0.05010558137936019,0.005756280591648321,0.001127581230251414,0.0,0.0,0.04878577452051405,98
135.78,0.05012220705326715,0.005755444720498727,0.001127595716802221,0.0,0.0,0.048801005588064675,98
135.8,0.050138992357102535,0.005754550624227934,0.0011276106988883647,0.0,0.0,0.04881640328533912,98
135.82,0.050155988416666075,0.005753850198704831,0.001127624238578409,0.0,0.0,0.0488320206912629,98
135.84,0.050173207901828235,0.005753693577429137,0.001127636173886456,0.0,0.0,0.04884787115991823,98
135.86,0.050190649564857436,0.005753494486952973,0.0011276464701918036,0.0,0.0,0.04886395370104381,98
135.88,0.05020831079809879,0.0057532380876234865,0.0011276549508023,0.0,0.0,0.048880306653596765,98
135.9,0.05022618762762506,0.005752919499590504,0.00112766175903726,0.0,0.0,0.04889737867069866,98
135.92000000000002,0.05024427472226187,0.005752538711919439,0.0011276671705880187,0.0,0.0,0.048914670979713554,98
135.94,0.05026256541806848,0.00575209572027057,0.0011276711331712048,0.0,0.0,0.048932177177564026,98
135.96,0.05028105175799947,0.005751590528633145,0.001127673245564502,0.0,0.0,0.04894988957244689,98
135.98,0.05029972454613091,0.00575102315100214,0.0011276923807210315,0.0,0.0,0.048967799238153566,98
136.0,0.05031857341552649,0.005750393613563289,0.0011277390353236862,0.0,0.0,0.04898589608204052,98
136.02,0.050337545848055894,0.005749701963423305,0.0011277844146224114,0.0,0.0,0.0490041279519431,98
136.04,0.050356601762489975,0.005748948228782506,0.0011278291177141575,0.0,0.0,0.04902245511035151,98
136.06,0.050375796643658134,0.005748132422956407,0.001127872482740314,0.0,0.0,0.04904093318712854,98
136.08,0.05039511634594641,0.0057472546556228705,0.0011279141938693585,0.0,0.0,0.04905954833055223,98
136.1,0.050414546048416914,0.005746315009245012,0.0011279542473053032,0.0,0.0,0.04907828601885041,98
136.12,0.05043406582893426,0.005745313602501934,0.0011280238970137627,0.0,0.0,0.04909712681224461,98
136.14000000000001,0.05045348939517898,0.0057442505779997915,0.0011280897415220574,0.0,0.0,0.049115891393653646,98
136.16,0.050472975991549394,0.0057431261233070715,0.001128153632637016,0.0,0.0,0.0491347324897401,98
136.18,0.050492509300823,0.0057419404212306555,0.0011282157952526826,0.0,0.0,0.04915363410536523,98
136.2,0.050512029189938044,0.005740693675171479,0.0011282762248305078,0.0,0.0,0.049172536422944155,98
136.22,0.05053153153871417,0.005739386098453561,0.0011283352377068948,0.0,0.0,0.04919143566044191,98
136.24,0.05055093105596238,0.005738017927862842,0.0011283877161128051,0.0,0.0,0.04921025075409439,98
136.26,0.05057023456807977,0.00573658943797638,0.0011284342960823626,0.0,0.0,0.04922898801344895,98
136.28,0.05058950477044438,0.00573510692926884,0.0011284791966048335,0.0,0.0,0.049247707486446635,98
136.3,0.05060872652712917,0.005733606484672993,0.0011285222334761198,0.0,0.0,0.049266394400107945,98
136.32,0.05062788522765044,0.005732046634874882,0.0011285634506210881,0.0,0.0,0.04928503451452771,98
136.34,0.0506469668589313,0.005730427699680975,0.0011286027264104275,0.0,0.0,0.049303614195076596,98
136.36,0.05066595806803797,0.005729086213185239,0.001128640726152971,0.0,0.0,0.0493221204753758,98
136.38,0.05068484621558224,0.00572790221287888,0.0011286770009773161,0.0,0.0,0.049340541110937976,98
136.4,0.050703619419847745,0.005726655665603658,0.0011287114434764243,0.0,0.0,0.04935886462353175,98
136.42000000000002,0.050722266591847656,0.0057253469924571235,0.0011287438705972475,0.0,0.0,0.04937708033647746,98
136.44,0.05074077746165705,0.005723976630002123,0.0011287743481969417,0.0,0.0,0.04939517840121733,98
136.46,0.050759142596476015,0.005722545914280359,0.001128803466430182,0.0,0.0,0.04941314981561646,98
136.48,0.05077735341097221,0.005721054809124249,0.0011288306307983581,0.0,0.0,0.04943098643454346,98
136.5,0.05079540217051888,0.005719503474499542,0.0011288559436202455,0.0,0.0,0.049448680973347356,98
136.52,0.050813310797038894,0.0057179070820632975,0.001128879183368966,0.0,0.0,0.04946622700489141,98
136.54,0.050831060755883055,0.005716261673452003,0.0011289003771228004,0.0,0.0,0.04948361895082589,98
136.56,0.05084863104238151,0.005714557454234512,0.001128919525253784,0.0,0.0,0.049500852067780425,98
136.58,0.05086626380057373,0.005712794934370871,0.0011289368467389262,0.0,0.0,0.04951792242913821,98
136.6,0.05088407221411671,0.005710974630615689,0.0011289521344924214,0.0,0.0,0.04953482690301786,98
136.62,0.05090168916018209,0.005709097064308342,0.001128965662646119,0.0,0.0,0.04955156312704017,98
136.64000000000001,0.05091911249684478,0.005707162760306852,0.0011289771735031235,0.0,0.0,0.04956812948039837,98
136.66,0.0509363407818474,0.005705172245968342,0.0011289869746446324,0.0,0.0,0.04958452505368493,98
136.68,0.0509533732402994,0.005703126051805141,0.0011289949716385592,0.0,0.0,0.04960074961685783,98
136.70000000000002,0.05097020973082205,0.005701024711466633,0.0011290009264133993,0.0,0.0,0.04961680358565851,98
136.72,0.05098685071037959,0.005698868748258429,0.0011290048941788346,0.0,0.0,0.04963268798672262,98
136.74,0.0510033057197407,0.0056966586915085165,0.0011290073940570303,0.0,0.0,0.04964840442155711,98
136.76,0.05101959191497404,0.005694395067962296,0.0011290078953499914,0.0,0.0,0.049663955029493265,98
136.78,0.05103562442160908,0.005692078399868473,0.001129005775888417,0.0,0.0,0.04967928018884706,98
136.8,0.05105145487648284,0.005689709184503214,0.0011290019185818865,0.0,0.0,0.04969443157586269,98
136.82,0.05106710010130039,0.0056872879358942285,0.0011289962988162996,0.0,0.0,0.049709426480347034,97
136.84,0.05108256335017021,0.0056848151743519575,0.0011289891075305593,0.0,0.0,0.04972426880276484,97
136.86,0.051098139335981986,0.005682291401289072,0.0011289800084413224,0.0,0.0,0.04973896278102462,97
136.88,0.05111378162051685,0.005679717116324161,0.0011289690985442798,0.0,0.0,0.04975351294690735,97
136.9,0.05112925270515046,0.005677092816712804,0.0011289564747980591,0.0,0.0,0.04976792408109323,97
136.92000000000002,0.051144556866451925,0.005674419850588684,0.0011289423392463291,0.0,0.0,0.0497822011666935,97
136.94,0.051159698519302556,0.005671697923371746,0.001128926959273915,0.0,0.0,0.04979634934122469,97
136.96,0.051174682166884276,0.005668927440211132,0.0011289097626709984,0.0,0.0,0.049810373847007795,97
136.98,0.05118951234911859,0.005666108873944398,0.001128890779121162,0.0,0.0,0.04982427998003513,97
137.0,0.051204736858363846,0.005663242691102351,0.0011288699047758996,0.0,0.0,0.049838073037423984,97
137.02,0.051219849399493825,0.005660329351950177,0.0011288471476591179,0.0,0.0,0.04985175826366662,97
137.04,0.05123482095932244,0.0056573693105966185,0.0011288225536619921,0.0,0.0,0.04986565200579393,97
137.06,0.05124965568461512,0.00565436301517107,0.0011287995402422413,0.0,0.0,0.04987959737788236,97
137.08,0.05126433952169625,0.005651310908067666,0.001128805049023382,0.0,0.0,0.0498934321153053,98
137.1,0.051278729545423694,0.005648213428311082,0.0011288003410882758,0.0,0.0,0.049907019836039054,98
137.12,0.051292993887963885,0.005645071026649232,0.0011287939298054287,0.0,0.0,0.04992052318627914,98
137.14000000000001,0.05130713542609631,0.005641884130351588,0.001128786309022914,0.0,0.0,0.04993394594720454,99
137.16,0.05132115659280412,0.005639595119990847,0.0011287769795168617,0.0,0.0,0.0499472914780724,99
137.18,0.051335059333788326,0.005637724804321989,0.0011287658736747045,0.0,0.0,0.04996076207169845,99
137.20000000000002,0.051348845069236065,0.005635803993437483,0.0011287528463036964,0.0,0.0,0.049974415746417616,100
137.22,0.0513625146617959,0.005633833453022872,0.0011287379291642244,0.0,0.0,0.04998799864906321,100
137.24,0.05137606839163166,0.005631813638442497,0.001128721117501281,0.0,0.0,0.050001512083025224,100
137.26,0.05138950593929756,0.005629744698714136,0.0011287024653927342,0.0,0.0,0.05001495677755528,100
137.28,0.05140282637700685,0.005627627072160447,0.0011286828396409564,0.0,0.0,0.05002842137131754,100
137.3,0.05141600740977399,0.005625461205467727,0.0011286626277408358,0.0,0.0,0.050042440712160186,100
137.32,0.051428991567036265,0.005623247532185328,0.0011286421742845599,0.0,0.0,0.050056312211024044,100
137.34,0.05144185235405668,0.005620986451867289,0.001128620164568998,0.0,0.0,0.05007011102173729,100
137.36,0.05145458649787726,0.005618678412223094,0.0011285964023095081,0.0,0.0,0.05008383506438315,100
137.38,0.05146719020378726,0.005616323862242814,0.0011285710020874041,0.0,0.0,0.05009748176850965,100
137.4,0.051479659196167885,0.005613923252606912,0.0011285667249004848,0.0,0.0,0.05011104811506791,100
137.42000000000002,0.05149198876530506,0.005611477036029991,0.0011285604752878304,0.0,0.0,0.050124530684359014,101
137.44,0.051504173819035534,0.005608985669937733,0.0011285526369447215,0.0,0.0,0.050137925708855106,101
137.46,0.05151606435432434,0.005606449625945294,0.0011285364194598291,0.0,0.0,0.050151090177623314,101
137.48,0.05152776572181239,0.00560386936798109,0.0011285167944398698,0.0,0.0,0.050164126531104795,101
137.5,0.05153930590710018,0.005601278835976219,0.0011284954442287935,0.0,0.0,0.05017706287570424,101
137.52,0.051550678857659835,0.005598646350192807,0.0011284721983501405,0.0,0.0,0.05018989463459603,101
137.54,0.0515624126164183,0.005595970950514945,0.0011284470317366863,0.0,0.0,0.05020261717732202,101
137.56,0.05157400572354469,0.005593253107781698,0.0011284198446022142,0.0,0.0,0.050215479330325816,101
137.58,0.05158542964398167,0.005590493295119426,0.0011283907882248347,0.0,0.0,0.05022843692088901,101
137.6,0.05159667871728758,0.005587691987709064,0.0011283597875263592,0.0,0.0,0.05024127112724679,100
137.62,0.05160774740472378,0.005584849662514431,0.0011283266880377624,0.0,0.0,0.05025397763744444,100
137.64000000000001,0.051618630329580195,0.005581966797978526,0.001128291594274433,0.0,0.0,0.05026655233373439,100
137.66,0.051629322312656496,0.005579043874089384,0.00112825442591214,0.0,0.0,0.050278991329093074,100
137.68,0.051639743806526854,0.005576081376432863,0.0011282155777313622,0.0,0.0,0.05029121666129417,100
137.70000000000002,0.05164996025992316,0.005573079749542048,0.0011281751506952078,0.0,0.0,0.050303294903155854,100
137.72,0.05165997178953096,0.005570039664614909,0.001128132765228064,0.0,0.0,0.0503152275543994,100
137.74,0.05166998487104716,0.005567467741652649,0.001128088347000042,0.0,0.0,0.050327011918813676,100
137.76,0.05168004805634612,0.005565635579573937,0.0011280418759175913,0.0,0.0,0.050338645641838875,100
137.78,0.051689908851844775,0.005563763354970846,0.0011279933274317938,0.0,0.0,0.05035012671979106,100
137.8,0.05169956440551118,0.00556185151152197,0.0011279427568251673,0.0,0.0,0.050361453505507046,100
137.82,0.05170901219194548,0.00555990049611176,0.0011278902305323487,0.0,0.0,0.050372624710791264,100
137.84,0.05171825001093359,0.0055579107552053385,0.0011278357863490184,0.0,0.0,0.05038363940605318,100
137.86,0.05172727598352828,0.005555882795744408,0.001127779512795086,0.0,0.0,0.05039449701752027,100
137.88,0.051736088546029076,0.005553817208389829,0.0011277211263983258,0.0,0.0,0.050405197322399856,100
137.9,0.05174489800970174,0.005551714225616214,0.0011276613817756541,0.0,0.0,0.05041574044234511,100
137.92000000000002,0.05175375811351577,0.005550062193997774,0.0011275999066735279,0.0,0.0,0.050426126835556306,100
137.94,0.0517624382150337,0.005549165992444072,0.0011275369232383045,0.0,0.0,0.05043635728782283,100
137.96,0.05177092119750906,0.005548230639493739,0.001127471899130988,0.0,0.0,0.050446432902782105,100
137.98,0.05177920279000298,0.005547256531539179,0.0011274055887006706,0.0,0.0,0.050456355091643146,100
138.0,0.051787283500976486,0.00554624406064376,0.0011273373398687035,0.0,0.0,0.05046612556259284,100
138.02,0.05179516409152466,0.005545193614313276,0.0011272670644092758,0.0,0.0,0.05047574631007487,100
138.04,0.05180284556349285,0.0055441055752799145,0.0011271949235985314,0.0,0.0,0.05048521960410522,100
138.06,0.05181032914771385,0.005542980321297913,0.0011271210235916658,0.0,0.0,0.05049454797976265,100
138.08,0.051817616292479156,0.005541818578298322,0.0011270450413039675,0.0,0.0,0.05050373422696954,100
138.1,0.0518249166562105,0.005540620364946208,0.0011269672027116684,0.0,0.0,0.05051278138065881,100
138.12,0.051832494129264675,0.005539386041401392,0.0011268879828918897,0.0,0.0,0.050521692711403283,100
138.14000000000001,0.051839901271490206,0.005538115963630697,0.001126807396916654,0.0,0.0,0.050530471716567625,100
138.16,0.05184714086004767,0.005536810481747313,0.0011267248163114255,0.0,0.0,0.050539122112029475,100
138.18,0.051854649384154655,0.005535470139973465,0.0011266414286013905,0.0,0.0,0.05054786116460706,100
138.20000000000002,0.051862057757725566,0.005534095104157667,0.0011265564239666208,0.0,0.0,0.05055686486667156,100
138.22,0.051869307306515455,0.005532690457339391,0.0011264706229323599,0.0,0.0,0.05056575155810038,100
138.24,0.05187640150519428,0.005531281584057207,0.001126383436041211,0.0,0.0,0.05057452575823477,100
138.26,0.05188334398592942,0.005529838857908547,0.0011262946809777622,0.0,0.0,0.0505831921729022,100
138.28,0.0518901385328759,0.005528362590992918,0.0011262041873829325,0.0,0.0,0.05059184232668204,100
138.3,0.051897130392898845,0.005526853088583582,0.0011261126012983356,0.0,0.0,0.05060065035502206,100
138.32,0.05190476086736331,0.005525310587324271,0.001126019494813607,0.0,0.0,0.05060934840467415,100
138.34,0.05191257752627087,0.0055242502165945935,0.0011259241799115153,0.0,0.0,0.05061794797261923,100
138.36,0.051920119084814274,0.005524828078060397,0.001125818389574035,0.0,0.0,0.05062629527806309,100
138.38,0.05192756788487339,0.005525974972426356,0.001125710732325514,0.0,0.0,0.05063456670703741,100
138.4,0.0519349294685549,0.005527082405408419,0.0011256014126286374,0.0,0.0,0.05064276817962156,100
138.42000000000002,0.05194220953773577,0.0055281505725410865,0.0011254903598431636,0.0,0.0,0.050650905783322854,100
138.44,0.05194941395395161,0.005529197676263529,0.0011253774351816816,0.0,0.0,0.050658985773146994,100
138.46,0.0519565487387351,0.005530940422158128,0.001125289252239645,0.0,0.0,0.05066701457212532,100
138.48,0.05196362007437092,0.005533252022992805,0.0011252200765465455,0.0,0.0,0.050674998772265625,100
138.5,0.05197063430503208,0.005535521397384556,0.00112514902624568,0.0,0.0,0.05068294513589151,100
138.52,0.051977597938257986,0.0055377487088708564,0.001125076268365177,0.0,0.0,0.0506909104744724,100
138.54,0.0519845176467321,0.005539933981282746,0.00112500189784963,0.0,0.0,0.050699315104480634,101
138.56,0.0519914002703117,0.005542077316413961,0.0011249257318590644,0.0,0.0,0.05070770264674033,101
138.58,0.051998252818258255,0.005544178801633269,0.0011248478461619365,0.0,0.0,0.050716080564797296,101
138.6,0.052005082471611,0.005546238614620938,0.0011247682477615857,0.0,0.0,0.05072445650357402,101
138.62,0.05201189658564023,0.0055482567310133684,0.0011246889804438736,0.0,0.0,0.050732838292075,102
138.64000000000001,0.0520187026923097,0.005550233208699922,0.0011246087226035924,0.0,0.0,0.05074123394611098,102
138.66,0.05202550850267101,0.0055521680964881834,0.0011245272156907027,0.0,0.0,0.05074965167096434,102
138.68,0.05203232190910305,0.005554061432033199,0.0011244439227834674,0.0,0.0,0.05075809986391039,102
138.70000000000002,0.052039700166047566,0.005555913241560641,0.0011243589242374854,0.0,0.0,0.05076658711649999,102
138.72,0.052047963548269564,0.0055577236848312565,0.0011242723099091653,0.0,0.0,0.05077512221650057,102
138.74,0.05205636012249557,0.005559493060960994,0.0011241844329143067,0.0,0.0,0.0507837141493827,102
138.76,0.05206480101296831,0.00556122107758482,0.0011240954231157931,0.0,0.0,0.050792372099230924,102
138.78,0.05207329515032573,0.0055629075564744045,0.0011240060140087283,0.0,0.0,0.05080110544894815,102
138.8,0.052081851653209166,0.005564552462413279,0.0011239165445164256,0.0,0.0,0.05080992377961568,102
138.82,0.05209047982633473,0.005566155747031772,0.001123825356030215,0.0,0.0,0.05081883686886458,102
138.84,0.05209917456815312,0.005567717718633787,0.0011237443996908428,0.0,0.0,0.05082784016839847,102
138.86,0.052107891561607195,0.005569238023212236,0.0011236908258824138,0.0,0.0,0.050836890113158915,102
138.88,0.05211670932211525,0.005570716480810324,0.0011236360504712282,0.0,0.0,0.050846065396930484,102
138.9,0.05212563785408243,0.005572153236013291,0.001123580497064555,0.0,0.0,0.050855376542216994,102
138.92000000000002,0.05213468731815914,0.005573547886369665,0.0011235235684923775,0.0,0.0,0.05086483423994801,102
138.94,0.05214386802028928,0.0055749002989895135,0.0011234657376884619,0.0,0.0,0.05087444933891626,102
138.96,0.05215336937620346,0.005576210326060073,0.0011234069666218505,0.0,0.0,0.0508842328333333,102
138.98,0.05216328421711897,0.005577477804665879,0.0011233467604986876,0.0,0.0,0.05089419584846257,102
139.0,0.052173375005378365,0.005578702556638224,0.0011232855240401818,0.0,0.0,0.05090434962433343,102
139.02,0.05218365280394616,0.00557988438843797,0.0011232229466033945,0.0,0.0,0.05091470549759364,102
139.04,0.05219412874752549,0.0055810507557560035,0.0011231589833060115,0.0,0.0,0.050925274881618396,102
139.06,0.05220481402096522,0.005583312866626027,0.0011230932888403136,0.0,0.0,0.05093606924506015,102
139.08,0.05221571983634981,0.005585695462898618,0.001123026304398812,0.0,0.0,0.05094710008909403,102
139.1,0.052226857409093795,0.005588030676653087,0.0011229578744419693,0.0,0.0,0.05095837892368145,102
139.12,0.05223823793342507,0.0055903182168768936,0.0011228878347214542,0.0,0.0,0.050969917243239016,102
139.14000000000001,0.05224987255769534,0.005592557780488481,0.0011228162589033178,0.0,0.0,0.050981726502151804,102
139.16,0.05226177235999053,0.005594749036674654,0.0011227442807994403,0.0,0.0,0.05099381809060672,101
139.18,0.05227394832452748,0.0055968941068750356,0.0011226718474591183,0.0,0.0,0.0510062033112336,101
139.20000000000002,0.05228641131930747,0.005599018522514143,0.0011225977350052439,0.0,0.0,0.05101895775779754,101
139.22,0.05229917207544899,0.005601123182052021,0.0011225220059356024,0.0,0.0,0.05103244761375261,101
139.24,0.05231224116853927,0.005603419611284126,0.0011224452644213354,0.0,0.0,0.05104626368587647,101
139.26,0.05232562900222685,0.005605664249661799,0.0011223671186682813,0.0,0.0,0.051060416718599615,101
139.28,0.05233934579413034,0.0056078567116005385,0.0011222872625515966,0.0,0.0,0.051074917277883755,101
139.3,0.05235328563061573,0.005609996598622274,0.0011222021839229245,0.0,0.0,0.051089664019468066,101
139.32,0.05236751074791917,0.005612083509887779,0.0011221133868925387,0.0,0.0,0.0511047176552948,101
139.34,0.0523820945942648,0.005614117031933982,0.0011220229380288155,0.0,0.0,0.051120275037247906,101
139.36,0.05239743116445992,0.00561611846796518,0.0011219308179247834,0.0,0.0,0.05113673249773468,100
139.38,0.05241389971772735,0.005618078334344589,0.0011218369148965229,0.0,0.0,0.05115358675921347,100
139.4,0.052430804976452035,0.0056199837411171644,0.0011217417594611661,0.0,0.0,0.05117084712800253,100
139.42000000000002,0.052448113591245335,0.005621834147592601,0.0011216457474181767,0.0,0.0,0.05118852267230868,100
139.44,0.05246568526063568,0.00562362888300057,0.001121552777348478,0.0,0.0,0.05120647860028884,99
139.46,0.052483610991156025,0.005625390415187688,0.001121459893139419,0.0,0.0,0.0512248091894482,98
139.48,0.0525019549399694,0.005627106964118499,0.001121365068288393,0.0,0.0,0.05124358096723628,98
139.5,0.052520724605950336,0.005628766375594216,0.0011212680733480246,0.0,0.0,0.05126280189613721,98
139.52,0.05253992713827641,0.00563036809073007,0.0011211693462047252,0.0,0.0,0.051282479604323805,98
139.54,0.05255956930395119,0.005631911623359167,0.001121068599639413,0.0,0.0,0.05130262135399692,98
139.56,0.05257965745160358,0.005633396487419575,0.001120965799617466,0.0,0.0,0.05132323400600515,98
139.58,0.052600197472339766,0.0056348224496114065,0.0011208611680117418,0.0,0.0,0.051344323981514305,98
139.6,0.05262119475869369,0.005636189115588075,0.0011207595764808245,0.0,0.0,0.05136589722176605,98
139.62,0.05264286319272533,0.005637495677347098,0.0011206618094397938,0.0,0.0,0.05138795914718896,98
139.64000000000001,0.05266534141641315,0.005638742336432087,0.0011205617837331573,0.0,0.0,0.05141051461729286,98
139.66,0.052688288899575025,0.0056399282782714525,0.001120459784410113,0.0,0.0,0.051433567892872324,98
139.68,0.05271170863980643,0.005641053160369317,0.0011203557756715502,0.0,0.0,0.051457122602065426,98
139.70000000000002,0.05273560295114727,0.005642116103620309,0.0011202497083667958,0.0,0.0,0.051481181711753976,98
139.72,0.05275997344156299,0.0056431166791903195,0.0011201413018338887,0.0,0.0,0.051505747505653725,98
139.74,0.052784820998309605,0.005644054468314252,0.0011200307234181784,0.0,0.0,0.05153082157023861,97
139.76,0.05281014578206258,0.005644929069697856,0.0011199184556401585,0.0,0.0,0.05155640478937724,97
139.78,0.05283594723038044,0.005645740099227048,0.0011198045495264706,0.0,0.0,0.0515824973482539,97
139.8,0.05286213177267613,0.005646487191202536,0.0011196746948701002,0.0,0.0,0.051609017072325715,97
139.82,0.05288868168976611,0.005647170027997744,0.0011195265621661342,0.0,0.0,0.05163594887275639,97
139.84,0.052915702920490075,0.005647834647270416,0.0011193765013772841,0.0,0.0,0.05166338705681482,97
139.86,0.05294319223145777,0.00564844106926055,0.0011192244541147233,0.0,0.0,0.051691329240163515,97
139.88,0.052971145820250184,0.005648991268011637,0.00111907021054642,0.0,0.0,0.05171977249557911,97
139.9,0.05299998592314938,0.00564949893714445,0.0011189139246396273,0.0,0.0,0.05174871340655183,97
139.92000000000002,0.05302966012064575,0.005649940881728625,0.0011187555548025797,0.0,0.0,0.051778148125719764,97
139.94,0.05305987133308262,0.005650316872136601,0.0011185950712555908,0.0,0.0,0.05180807243675762,97
139.96,0.053090552662015726,0.005650626707708762,0.0011184325834914135,0.0,0.0,0.05183848181832394,97
139.98,0.05312173137445238,0.005650870228253098,0.001118268084455775,0.0,0.0,0.05186937150870588,97
140.0,0.05315337688976392,0.005651047395071287,0.0011181015311503364,0.0,0.0,0.05190073656987884,97
140.02,0.05318547698526085,0.005651158072629592,0.0011179329909933606,0.0,0.0,0.051932571949810914,97
140.04,0.05321802614827341,0.0056512021018289135,0.0011177625707714267,0.0,0.0,0.05196487254197758,97
140.06,0.053251018858061286,0.0056511795849927635,0.0011175979998170142,0.0,0.0,0.051997633241203524,97
140.08,0.05328444963724701,0.005651457483416476,0.0011174642357744777,0.0,0.0,0.05203084899510814,97
140.1,0.05331831309823109,0.005652606877285312,0.0011173289944655077,0.0,0.0,0.05206451485059359,97
140.12,0.05335260398418701,0.0056536856309715566,0.0011171920361579164,0.0,0.0,0.052098625994975056,97
140.14000000000001,0.053387235368505585,0.005654693790770867,0.0011170524377836118,0.0,0.0,0.05213309976027898,97
140.16,0.053422333474519364,0.005655631431286991,0.0011169102457906466,0.0,0.0,0.0521679418857327,97
140.18,0.053458170667893386,0.0056567303362107775,0.0011167661894289952,0.0,0.0,0.05220321631264383,97
140.20000000000002,0.053494430138153345,0.0056590779100452165,0.0011166202739547853,0.0,0.0,0.05223891908803104,97
140.22,0.05353110806985893,0.00566134571056307,0.0011164725596810778,0.0,0.0,0.052275046520746354,97
140.24,0.0535682009182359,0.00566353378811877,0.0011163231865145185,0.0,0.0,0.0523115951898006,97
140.26,0.053605705412802324,0.005665642228139839,0.0011161721218620217,0.0,0.0,0.05234856194804642,96
140.28,0.05364361855669403,0.0056676711414823475,0.001116019354699069,0.0,0.0,0.05238594392158447,96
140.3,0.05368193762205352,0.0056696206635374015,0.0011158650495240463,0.0,0.0,0.05242373850525289,95
140.32,0.053720660141818796,0.005671490953274185,0.0011157093867150115,0.0,0.0,0.05246194335453363,95
140.34,0.05375978389820847,0.005673282192225185,0.0011155522751713437,0.0,0.0,0.052500556374168415,95
140.36,0.05379950813716306,0.00567499458341959,0.0011153938104646512,0.0,0.0,0.05253957570372684,95
140.38,0.053839939915899436,0.005676628351730829,0.0011152337392699601,0.0,0.0,0.05257899970031615,95
140.4,0.0538807669020875,0.005678183748537958,0.0011150722188576455,0.0,0.0,0.05261882691857125,95
140.42000000000002,0.053921987701706135,0.005679661024388144,0.001114909231088745,0.0,0.0,0.05265905608802059,95
140.44,0.05396360106967705,0.005681060456835401,0.0011147447816108368,0.0,0.0,0.05269968608789121,95
140.46,0.05400560588198526,0.0056823823390677,0.001114578809172748,0.0,0.0,0.0527407159193974,95
140.48,0.054048001105322416,0.005683626990350147,0.0011144114461945414,0.0,0.0,0.052782144675553394,95
140.5,0.05409078576430575,0.005684794725609293,0.0011142430292477067,0.0,0.0,0.052823971508562814,95
140.52,0.054133958906353974,0.00568588587188254,0.0011140734281677798,0.0,0.0,0.052866195594865065,95
140.54,0.05417751956434333,0.0056869007727666345,0.00111390250076084,0.0,0.0,0.05290881609796184,95
140.56,0.05422146671722591,0.0056878403438546535,0.0011137303047089803,0.0,0.0,0.05295183212920531,96
140.58,0.05426579924886303,0.0056887046723437095,0.0011135568409709976,0.0,0.0,0.052995242706800345,96
140.6,0.054310515905409855,0.0056894940632076455,0.0011133822736657522,0.0,0.0,0.05303904671335748,96
140.62,0.054355615251679854,0.005690208682612846,0.001113206476664187,0.0,0.0,0.053083242852424176,96
140.64000000000001,0.05440165464270876,0.0056908489425543584,0.0011130294011664663,0.0,0.0,0.05312782960452189,96
140.66,0.05444823263143342,0.005691415271573504,0.0011128512314715988,0.0,0.0,0.05317280518331461,96
140.68,0.05449518642744796,0.005691907982389264,0.0011126718883300052,0.0,0.0,0.0532181674926314,96
140.70000000000002,0.054542551414846784,0.005692327468384069,0.0011124912828412538,0.0,0.0,0.05326435319786528,96
140.72,0.05459029427298566,0.005692674125564568,0.0011123094103311075,0.0,0.0,0.05331095578897263,96
140.74,0.0546384114459416,0.005692948352034624,0.0011121552408193524,0.0,0.0,0.05335793592643316,96
140.76,0.05468692881945561,0.005693150547555412,0.001112011177488661,0.0,0.0,0.05340528988875024,96
140.78,0.054735790848403854,0.005693281118123948,0.0011118660132745984,0.0,0.0,0.05345299894334894,96
140.8,0.054784932909191536,0.005693340464882788,0.0011117400822548424,0.0,0.0,0.05350099846390663,96
140.82,0.0548344239327104,0.005693329029391663,0.001111632109672313,0.0,0.0,0.053549357799570464,96
140.84,0.05488425799284382,0.0056932471847599,0.0011115231274830863,0.0,0.0,0.05359807121669123,96
140.86,0.054934428645751196,0.005693095302331836,0.001111413063801479,0.0,0.0,0.05364713246913641,96
140.88,0.05498492894296943,0.0056928737674580765,0.00111130231411767,0.0,0.0,0.05369653481157597,96
140.9,0.05503575145362358,0.005692582985991371,0.0011111908565888495,0.0,0.0,0.053746271021880385,96
140.92000000000002,0.05508688829573591,0.005692223595606659,0.0011110784651749321,0.0,0.0,0.05379633343261978,96
140.94,0.0551383311763871,0.005691795821664548,0.001110965356173453,0.0,0.0,0.053846713971418346,97
140.96,0.05519007144024584,0.005691315649851975,0.001110851391895998,0.0,0.0,0.053897404209679284,97
140.98,0.05524210414922021,0.0056907908643400885,0.0011107364188685336,0.0,0.0,0.053948395418966684,97
141.0,0.05529445594658729,0.005690198719274809,0.0011106443058848,0.0,0.0,0.05399967863412018,97
141.02,0.05534707771856142,0.005689539615397202,0.0011105747912438493,0.0,0.0,0.05405124472199827,97
141.04,0.055399959966375596,0.005688813965042333,0.001110504358159436,0.0,0.0,0.054103084454603774,98
141.06,0.055453093164785236,0.005688022183791693,0.0011104330351527551,0.0,0.0,0.05415518858524913,97
141.08,0.05550646783966843,0.00568720555471272,0.0011103610396145953,0.0,0.0,0.05420754792637059,98
141.1,0.05556007464588061,0.005686801332783707,0.0011102883610581433,0.0,0.0,0.054260153427601085,98
141.12,0.0556139044440187,0.005686328192034966,0.0011102151251971319,0.0,0.0,0.05431299625275744,98
141.14000000000001,0.05566794837483471,0.005685786278443242,0.0011101413329265791,0.0,0.0,0.054366067854482336,98
141.16,0.055722197930152706,0.00568564049350801,0.001110066944891479,0.0,0.0,0.054419360045395875,98
141.18,0.05577664501927926,0.005686037332705094,0.0011099917777658128,0.0,0.0,0.05447286506474721,98
141.20000000000002,0.055831282030041604,0.005686363473903251,0.0011099159528441087,0.0,0.0,0.05452657563970133,98
141.22,0.05588642681850319,0.005686619164677128,0.0011098526563712878,0.0,0.0,0.05458048504054206,98
141.24,0.05594178269583732,0.005686804762969603,0.0011098096425465154,0.0,0.0,0.05463458712921145,98
141.26,0.05599731988076166,0.005686920662724019,0.0011097662093373616,0.0,0.0,0.05468887640073097,98
141.28,0.05605303341494597,0.005686967254840673,0.0011097223470083204,0.0,0.0,0.05474334801716138,99
141.3,0.05610891903010015,0.005686954294217594,0.0011096778158919151,0.0,0.0,0.05479799783385207,99
141.32,0.05616497316632074,0.00568689545090485,0.0011096326980824505,0.0,0.0,0.05485282241780968,99
141.34,0.05622119298245448,0.005686768812561721,0.001109586930031294,0.0,0.0,0.05490781905808332,99
141.36,0.05627757635843455,0.0056865743800501856,0.0011095409346117617,0.0,0.0,0.05496298576812204,99
141.38,0.05633412188959873,0.005687093843849722,0.001109494348409299,0.0,0.0,0.055018321280114024,99
141.4,0.05639085636147901,0.005687598156108533,0.0011094471655060238,0.0,0.0,0.05507382503136818,99
141.42000000000002,0.05644776961399892,0.005688031412435502,0.0011094066059708684,0.0,0.0,0.05512949714285222,99
141.44,0.05650484505388984,0.005688393870238905,0.001109390565999508,0.0,0.0,0.05518533839005462,99
141.46,0.05656208390632208,0.005688685766438308,0.0011093757405050387,0.0,0.0,0.055241350166393144,98
141.48,0.05661948796663191,0.005688907338198531,0.0011093602338841098,0.0,0.0,0.055297534439448674,98
141.5,0.05667705954969306,0.005690369726535635,0.001109344225091456,0.0,0.0,0.05535389370035534,99
141.52,0.056734801432824875,0.005691780438226187,0.001109327926381799,0.0,0.0,0.05541043090672708,99
141.54,0.05679271679265796,0.005693116938732233,0.001109311473410735,0.0,0.0,0.055467149419541305,99
141.56,0.056850809136410156,0.005694379423207239,0.0011092943374370692,0.0,0.0,0.055524052934432674,99
141.58,0.056909082228047934,0.005695568076058138,0.0011092763646919602,0.0,0.0,0.055581836748430376,99
141.6,0.05696754000982178,0.005696683078999451,0.0011092578068182266,0.0,0.0,0.05563986556833905,99
141.62,0.057026186519673006,0.005697724581569387,0.001109238846112907,0.0,0.0,0.05569809060884788,99
141.64000000000001,0.05708502580501503,0.0056986927300644065,0.001109219145234447,0.0,0.0,0.05575651612171804,99
141.66,0.05714406183340664,0.005699587714919296,0.0011091985247730814,0.0,0.0,0.055815146282763885,99
141.68,0.057203298400658936,0.0057004096566529465,0.0011091771869118426,0.0,0.0,0.055873985099979775,99
141.70000000000002,0.05726273903696408,0.005701159039122004,0.0011091549961104441,0.0,0.0,0.055933036319691376,100
141.72,0.05732252886560414,0.005701835597962196,0.0011091365109836071,0.0,0.0,0.055992303331392906,100
141.74,0.057382907935647286,0.005702439490977246,0.001109152678884885,0.0,0.0,0.05605178907203648,100
141.76,0.05744349838803008,0.005702970919846986,0.0011091680751656675,0.0,0.0,0.05611149593067582,100
141.78,0.05750430173813958,0.005703429959229846,0.0011091823358014116,0.0,0.0,0.05617142565453439,100
141.8,0.05756531876416386,0.005703816588959911,0.0011091953043219863,0.0,0.0,0.05623157925775677,100
141.82,0.05762654941993503,0.005704130907686912,0.0011092071263304336,0.0,0.0,0.056291956934300245,100
141.84,0.057687992753555406,0.005704373026871257,0.0011092175930331432,0.0,0.0,0.05635255797661569,100
141.86,0.05774964683362106,0.005704543077433195,0.0011092264959948286,0.0,0.0,0.05641338070193237,100
141.88,0.057811476863488066,0.005704641120405396,0.0011092325393822098,0.0,0.0,0.05647439181455004,100
141.9,0.05787336301541717,0.005704667277095117,0.0011092318890000218,0.0,0.0,0.056535897813669585,100
141.92000000000002,0.05793544800517779,0.005704621739394336,0.001109229565448839,0.0,0.0,0.05659776440821842,100
141.94,0.05799772546497971,0.005704551948689716,0.0011092253912830183,0.0,0.0,0.05665983460610292,101
141.96,0.05806018785998025,0.005704412790521055,0.0011092194761110452,0.0,0.0,0.05672210113341777,101
141.98,0.05812282649909366,0.0057042023001177946,0.0011092114912823335,0.0,0.0,0.056784555564857925,101
142.0,0.058185631564609035,0.005703920630282529,0.0011092014818928843,0.0,0.0,0.05684718835349734,101
142.02,0.058248592160878424,0.005703567988865794,0.001109189206127324,0.0,0.0,0.056909988879645386,102
142.04,0.05831169638176999,0.005703144617997416,0.0011091746527189443,0.0,0.0,0.05697294551847526,102
142.06,0.05837493139599566,0.005702650615103457,0.0011091577314809693,0.0,0.0,0.05703604572553276,102
142.08,0.05843828354884708,0.005702086195596246,0.0011091383617609439,0.0,0.0,0.057099276138657944,102
142.1,0.058501738478343,0.005701451593250599,0.0011091166965289114,0.0,0.0,0.05716262269432195,102
142.12,0.05856528124333382,0.005700768466851596,0.0011090928858197666,0.0,0.0,0.057226070755923376,102
142.14000000000001,0.058628896460748745,0.00570004091617526,0.001109110607081141,0.0,0.0,0.05728960525122863,103
142.16,0.05869256844892628,0.005699244034562121,0.0011091268425545422,0.0,0.0,0.057353210815896,102
142.18,0.05875628137384856,0.005698378231438818,0.0011091462475886242,0.0,0.0,0.057416871939903205,102
142.20000000000002,0.058820019395105644,0.0056974440376813635,0.0011091621538148499,0.0,0.0,0.05748057311370359,103
142.22,0.05888376680853996,0.005696441406020756,0.0011091744791340676,0.0,0.0,0.05754429897106126,103
142.24,0.058947508182752066,0.005695370693527527,0.001109183114076824,0.0,0.0,0.057608034425745504,103
142.26,0.05901122848696497,0.005694251624228398,0.001109187965813065,0.0,0.0,0.05767176479958205,103
142.28,0.059074824922878855,0.005693073614214923,0.001109189492819988,0.0,0.0,0.057735387844284,103
142.3,0.05913835025258049,0.005691828651370074,0.001109187203921212,0.0,0.0,0.057798956549465826,103
142.32,0.059201813088858204,0.005690517171425626,0.0011091809274661152,0.0,0.0,0.057862479857767136,103
142.34,0.059265201043799676,0.005689139647400745,0.0011092005899481104,0.0,0.0,0.05792594576547047,103
142.36,0.05932850258062921,0.005687696553628137,0.0011092199277042383,0.0,0.0,0.05798934312834656,103
142.38,0.05939170706020525,0.005686188399463098,0.00110923520730688,0.0,0.0,0.058052661708335764,103
142.4,0.05945475892763963,0.005684615776421749,0.0011092342596098173,0.0,0.0,0.05811585853834457,103
142.42000000000002,0.05951766635287487,0.005682979124789044,0.0011092214404636166,0.0,0.0,0.058178937689306015,104
142.44,0.05958038087942026,0.00568127898505981,0.0011092189339796264,0.0,0.0,0.05824182703059317,104
142.46,0.059642997652605105,0.005679515809649004,0.0011092124315377424,0.0,0.0,0.0583046031052977,104
142.48,0.059705478338032365,0.005677690147587004,0.001109201398779768,0.0,0.0,0.058367263530746165,104
142.5,0.05976781788538747,0.005675802568930142,0.0011091859725618368,0.0,0.0,0.05842980372141853,104
142.52,0.05983001210498314,0.005673853626052156,0.0011091659255046253,0.0,0.0,0.058492561452895074,104
142.54,0.059892057624022,0.005671846499603391,0.00110914121871312,0.0,0.0,0.05855558028961822,104
142.56,0.05995395183710856,0.005669779139926636,0.001109111836879601,0.0,0.0,0.05861876920388272,104
142.58,0.06001569285231306,0.005667652609325373,0.0011090777696868496,0.0,0.0,0.05868213352367357,103
142.6,0.06007727943404439,0.005665479016427473,0.0011090390376897953,0.0,0.0,0.05874594205759341,103
142.62,0.06013872014110373,0.005663501418822911,0.0011089956455033875,0.0,0.0,0.05880961640519273,103
142.64000000000001,0.06020002979990808,0.005661464279807155,0.0011089475670621918,0.0,0.0,0.058873157013621905,103
142.66,0.0602611204977135,0.005659368191030234,0.0011088974255113154,0.0,0.0,0.05893649876458273,103
142.68,0.06032204462426006,0.005657213740956513,0.001108850630291723,0.0,0.0,0.05899969672027417,103
142.70000000000002,0.06038281525474989,0.0056550015408734725,0.001108824046059382,0.0,0.0,0.05906276505427636,103
142.72,0.06044343381669454,0.005652732190131158,0.001108792448482509,0.0,0.0,0.05912570582751978,103
142.74,0.06050390199351581,0.005650406519045687,0.0011087558472472072,0.0,0.0,0.059188521370409364,103
142.76,0.06056422167727217,0.005648025465678296,0.001108714277324149,0.0,0.0,0.05925121423591098,103
142.78,0.060624394925453635,0.005645589294581485,0.001108667800663243,0.0,0.0,0.05931378715672294,103
142.8,0.0606844239220831,0.005643098278680377,0.0011086164173635877,0.0,0.0,0.05937624300677164,103
142.82,0.06074431094324853,0.00564055291658662,0.0011085601824282751,0.0,0.0,0.05943858476715565,103
142.84,0.06080405832708321,0.00563795376284472,0.0011084991572859765,0.0,0.0,0.05950081549655583,103
142.86,0.06086377719697073,0.005635301365590033,0.0011084333550925639,0.0,0.0,0.059562938306031904,103
142.88,0.060924176176946704,0.00563259626624807,0.001108362826785825,0.0,0.0,0.05962495633803916,103
142.9,0.060984469961048046,0.0056298389992769805,0.0011082876252544835,0.0,0.0,0.0596868727494261,104
142.92000000000002,0.06104463816341115,0.00562703029569659,0.0011082078057227053,0.0,0.0,0.05974904445769872,104
142.94,0.06110468336844785,0.005624170506083961,0.0011081234407495347,0.0,0.0,0.059811652119947455,104
142.96,0.06116473732047052,0.005621260400742903,0.0011080346673978446,0.0,0.0,0.059874166007558745,104
142.98,0.06122467832814255,0.005618300198015799,0.0011079414802421927,0.0,0.0,0.059936589236917505,104
143.0,0.061284745219589695,0.005615290386665387,0.0011078466797338202,0.0,0.0,0.05999892490143643,104
143.02,0.06134475206064392,0.005612231456297322,0.0011077805646398907,0.0,0.0,0.0600611760708928,104
143.04,0.06140497012969347,0.005609123888996946,0.0011077101583950198,0.0,0.0,0.06012408467703954,104
143.06,0.061465325050764845,0.00560597859335267,0.0011076355131463653,0.0,0.0,0.06018698439949779,104
143.08,0.06152558768772897,0.005602788156538916,0.0011075566608534403,0.0,0.0,0.06024980674187043,104
143.1,0.06158576057699524,0.005599551867410854,0.0011075046153346804,0.0,0.0,0.06031255470864274,104
143.12,0.061645846230215566,0.00559626896384135,0.0011074542044665196,0.0,0.0,0.0603752312895899,104
143.14000000000001,0.06170584713626357,0.005592939816258971,0.0011073999183179217,0.0,0.0,0.060437839462016245,104
143.16,0.061765765762956955,0.00558956500816401,0.0011073428432215396,0.0,0.0,0.060500382192746935,104
143.18,0.0618256045585006,0.005586144863146764,0.0011072838130173973,0.0,0.0,0.0605628624398493,104
143.20000000000002,0.061885365952703254,0.0055826797280094966,0.0011072214080354,0.0,0.0,0.06062528315413636,105
143.22,0.06194505235808818,0.005579170028291387,0.0011071554160425612,0.0,0.0,0.06068764728057285,107
143.24,0.06200466617107231,0.00557561619417656,0.0011070878790474955,0.0,0.0,0.06074995775975811,107
143.26,0.06206420977342013,0.005572018637872993,0.001107046406901291,0.0,0.0,0.0608122175296921,107
143.28,0.06212368553418672,0.005568377782166186,0.0011070014285832865,0.0,0.0,0.060874429528039,108
143.3,0.06218309581234263,0.005564694030696715,0.0011069530013799952,0.0,0.0,0.06093659669508134,108
143.32,0.0622424429602226,0.005560967793173181,0.0011069012331743507,0.0,0.0,0.060998721977506845,109
143.34,0.06230172932786212,0.005557199478743494,0.0011068461368263405,0.0,0.0,0.06106080833309312,109
143.36,0.06236101185305171,0.005553389495688524,0.0011068288495889376,0.0,0.0,0.061122858736255614,109
143.38,0.06242058405756566,0.005549538251950613,0.0011068105717623672,0.0,0.0,0.06118487618431226,109
143.4,0.06248014498120549,0.005545646155624562,0.0011067893828759809,0.0,0.0,0.06124686370420113,109
143.42000000000002,0.06253967049802538,0.0055417136154022025,0.0011067653635204956,0.0,0.0,0.06130882435927895,109
143.44,0.0625991634177316,0.005537741041795658,0.001106738557059581,0.0,0.0,0.061370761255737774,109
143.46,0.0626586265925341,0.005533728855131206,0.001106709080199019,0.0,0.0,0.06143267754811352,109
143.48,0.06271806292108784,0.005529677462445508,0.0011066771717643063,0.0,0.0,0.061494576443332276,109
143.5,0.06277749417269954,0.005525874362790396,0.0011066428616576997,0.0,0.0,0.06155646120274986,109
143.52,0.0628370978210776,0.005523074968005955,0.001106605885322293,0.0,0.0,0.06161833514168863,109
143.54,0.0628966914719767,0.005520230939446236,0.001106566290143001,0.0,0.0,0.06168020162605953,109
143.56,0.062956278405779,0.005517342719900661,0.001106524276004761,0.0,0.0,0.06174206406576977,108
143.58,0.06301657862430857,0.005514410753220407,0.0011064799601641399,0.0,0.0,0.06180392590475019,108
143.6,0.06307700697352858,0.005511435484196463,0.0011064335759308375,0.0,0.0,0.06186572811503604,108
143.62,0.06313756699200974,0.005508417333147259,0.001106384983550352,0.0,0.0,0.06192752327379906,108
143.64000000000001,0.0631988978301642,0.005505356815267747,0.001106334245415372,0.0,0.0,0.06198932829987426,107
143.66,0.06326050499927455,0.005502257909467914,0.0011062814289056193,0.0,0.0,0.0620511466081425,107
143.68,0.063322125836267,0.0054991517159139035,0.0011062310076311646,0.0,0.0,0.06211298155106403,107
143.70000000000002,0.0633837635556339,0.005496004250739643,0.0011061795549107826,0.0,0.0,0.062174836392653504,107
143.72,0.06344542125685095,0.005492815959927904,0.0011061262062718215,0.0,0.0,0.062236714281497844,107
143.74,0.06350713534126702,0.005489587288508258,0.001106071750252825,0.0,0.0,0.062298618223469944,107
143.76,0.06356887655017994,0.0054863186872025045,0.0011060154210981732,0.0,0.0,0.062360551054803766,107
143.78,0.06363060541097666,0.005483010594781323,0.0011059576786092693,0.0,0.0,0.06242247520087259,106
143.8,0.06369230648861278,0.005479663422951184,0.001105898983609709,0.0,0.0,0.0624843752087771,106
143.82,0.06375403977396787,0.0054762775737204695,0.001105838793021874,0.0,0.0,0.06254631147918639,106
143.84,0.0638158071026843,0.005472853489749973,0.0011057782545427777,0.0,0.0,0.06260828593032075,106
143.86,0.06387761003339083,0.005469391599719634,0.0011057161584566582,0.0,0.0,0.06267030020388184,106
143.88,0.06393944983582898,0.005465892342988472,0.0011056521801802168,0.0,0.0,0.06273235565326649,106
143.9,0.06400145163008202,0.005462356134553677,0.001105594413181068,0.0,0.0,0.06279445333612815,106
143.92000000000002,0.06406428016683556,0.005458783408531665,0.0011055386868418964,0.0,0.0,0.062856594011671,106
143.94,0.06412714614678287,0.005455238047030329,0.001105481641623706,0.0,0.0,0.06291895858914583,106
143.96,0.06419004965800652,0.005451754169983222,0.0011054237958676733,0.0,0.0,0.06298165394504648,107
143.98,0.06425293850002302,0.005448234447414304,0.001105364325155417,0.0,0.0,0.06304434068975105,107
144.0,0.0643157869671637,0.005445225298827585,0.0011053045922104193,0.0,0.0,0.06310773463911003,107
144.02,0.06437867185650058,0.005442898554167868,0.0011052437741398548,0.0,0.0,0.06317177531153967,107
144.04,0.06444189946616077,0.005440533840364959,0.0011051816583179453,0.0,0.0,0.06323585502507661,107
144.06,0.0645057691983263,0.005438131524546245,0.0011051186410833466,0.0,0.0,0.06329997281779655,107
144.08,0.06456967074230618,0.005435691971803144,0.0011050544707779891,0.0,0.0,0.06336412759372188,107
144.1,0.06463360280629135,0.005433215553623654,0.0011049895430343014,0.0,0.0,0.06342859698087029,107
144.12,0.06469756404592684,0.005430702606877164,0.0011049234579998135,0.0,0.0,0.06349371344730506,107
144.14000000000001,0.06476155310863212,0.00542815347978387,0.0011048871370325849,0.0,0.0,0.06355886158189986,107
144.16,0.06482556867832151,0.005426052741187769,0.0011048623907860189,0.0,0.0,0.06362404017793376,107
144.18,0.06488960951942563,0.005424681236617905,0.0011048425321212858,0.0,0.0,0.06368924811136219,107
144.20000000000002,0.06495367451910634,0.005423271380918784,0.0011048217394187478,0.0,0.0,0.0637544843831224,108
144.22,0.06501776272658812,0.005421823487700476,0.0011047997860135072,0.0,0.0,0.06381974815854968,108
144.24,0.0650818733885995,0.005420337819495332,0.0011047766234631342,0.0,0.0,0.06388503880289777,108
144.26,0.06514600598002292,0.005418814658163465,0.001104753218221745,0.0,0.0,0.06395035591206208,108
144.28,0.06521016022899034,0.005417254281564866,0.0011047290867240219,0.0,0.0,0.06401569933774377,108
144.3,0.06527433613582502,0.005415657010758355,0.001104705304014972,0.0,0.0,0.06408106920645527,108
144.32,0.06533853398541384,0.005414023064513438,0.001104681066125739,0.0,0.0,0.06414646593195192,108
144.34,0.06540275435279115,0.00541235269362079,0.0011046562065539368,0.0,0.0,0.06421189022087183,108
144.36,0.06546699810191857,0.005410646149744651,0.0011046304272228458,0.0,0.0,0.06427818444015804,108
144.38,0.06553126637784873,0.005408903678055081,0.001104603645928462,0.0,0.0,0.06434473726101728,108
144.4,0.0655955605926595,0.005407125524774958,0.0011045763379162693,0.0,0.0,0.06441132011166843,108
144.42000000000002,0.06565984108175821,0.005405311916256055,0.0011045482076111363,0.0,0.0,0.06447789372337914,108
144.44,0.0657241123260236,0.0054034819227197035,0.0011045249117801854,0.0,0.0,0.06454446270791381,108
144.46,0.06578845038575284,0.005401650153780452,0.0011045388228812093,0.0,0.0,0.06461106787317626,108
144.48,0.06585289663611664,0.005399783516290288,0.0011045526454204052,0.0,0.0,0.06467771160971862,108
144.5,0.06591738351121819,0.0053978822152213,0.0011045663919812716,0.0,0.0,0.06474439644033339,108
144.52,0.06598191357330545,0.0053959464523964575,0.0011045789056152117,0.0,0.0,0.06481112498598182,108
144.54,0.06604648944799131,0.005394319407259882,0.0011045905081683667,0.0,0.0,0.0648778999323087,108
144.56,0.06611111379260155,0.005393769387271243,0.0011046023070734477,0.0,0.0,0.06494472399797634,108
144.58,0.06617578926753569,0.005394134933461177,0.001104613942692531,0.0,0.0,0.06501159990600873,108
144.6,0.06624051851174638,0.005394824343550087,0.0011046258732757097,0.0,0.0,0.06507853035925197,109
144.62,0.06630530412331849,0.005395471804874477,0.0011046375553229765,0.0,0.0,0.06514551802093178,108
144.64000000000001,0.06637014864596368,0.0053963551826837226,0.0011046505271487396,0.0,0.0,0.0652125655011239,108
144.66,0.06643505456204582,0.005398170530491,0.0011046642574163174,0.0,0.0,0.06527967534975383,108
144.68,0.06650002429252512,0.005399940048283003,0.001104678432213981,0.0,0.0,0.06534685005651278,108
144.70000000000002,0.0665650602039564,0.005401664396109213,0.00110469228439291,0.0,0.0,0.06541409205782668,108
144.72,0.0666301646224177,0.005403343014386163,0.0011047055164364696,0.0,0.0,0.06548140375075423,108
144.74,0.06669533985398257,0.005404975669151649,0.0011047179018556833,0.0,0.0,0.06554878751342759,108
144.76,0.0667605882110999,0.005406562387137316,0.0011047296766650175,0.0,0.0,0.06561624573140086,108
144.78,0.06682586056107605,0.005408103082498585,0.0011047393743937742,0.0,0.0,0.0656837312344058,108
144.8,0.06689114055932142,0.005409597594599746,0.001104743330570237,0.0,0.0,0.06575117042902962,108
144.82,0.06695650654375278,0.005411045879152518,0.0011047462820018706,0.0,0.0,0.06581869198175172,108
144.84,0.06702195959960838,0.00541244783248734,0.0011047486677192395,0.0,0.0,0.06588681709883494,108
144.86,0.06708750268875022,0.005413803530993977,0.0011047503614056296,0.0,0.0,0.06595515643480154,108
144.88,0.06715313900409636,0.005415112595244968,0.001104751240985908,0.0,0.0,0.06602358631006024,108
144.9,0.06721887200564212,0.005416374860113204,0.001104752370455027,0.0,0.0,0.06609211017859273,108
144.92000000000002,0.06728470545272529,0.005417590145568597,0.0011047525796786348,0.0,0.0,0.06616073179255519,109
144.94,0.0673506434314695,0.005418758256455059,0.0011047517058437688,0.0,0.0,0.06622945522965794,109
144.96,0.06741669037651266,0.005419904303910313,0.0011047497589969305,0.0,0.0,0.06629828491483944,109
144.98,0.06748307583004015,0.005421013790095125,0.0011047469130076818,0.0,0.0,0.06636722563553761,109
145.0,0.06755012622693524,0.005422075437474081,0.0011047463939416603,0.0,0.0,0.06643628255006997,109
145.02,0.0676178028402366,0.005423089032473534,0.001104790308056418,0.0,0.0,0.06650532428458358,109
145.04,0.06768559920246696,0.005424054154873356,0.0011048330759495502,0.0,0.0,0.066574511846677,109
145.06,0.06775353033993342,0.005424970544756032,0.001104874766625028,0.0,0.0,0.06664427759288785,109
145.08,0.06782160285359753,0.00542583786482195,0.0011049150448105259,0.0,0.0,0.06671418342726654,109
145.1,0.06789060690709929,0.00542665577068826,0.0011049539928383292,0.0,0.0,0.06678423624057574,109
145.12,0.06796039208988873,0.005427423927173583,0.0011049912707328028,0.0,0.0,0.06685444319894662,109
145.14000000000001,0.06803033802963662,0.005428141985836137,0.0011050289496150343,0.0,0.0,0.06692481170708289,109
145.16,0.06810045235049221,0.005428809584046089,0.0011050872081342822,0.0,0.0,0.06699534936725735,109
145.18,0.06817074283031448,0.005429426345534942,0.0011051439783022342,0.0,0.0,0.0670660639348906,110
145.20000000000002,0.06824121735342269,0.005429991881042378,0.001105199631568548,0.0,0.0,0.06713696327148688,110
145.22,0.06831188386140544,0.005430505789062891,0.0011052536683235873,0.0,0.0,0.06720805529565627,110
145.24,0.06838275030264386,0.005430967656693616,0.0011053288042736284,0.0,0.0,0.06727983496102101,110
145.26,0.0684538245811111,0.005432577795949519,0.0011054213046678574,0.0,0.0,0.06735184649152505,111
145.28,0.06852511450490743,0.0054341797710778204,0.0011055117698940224,0.0,0.0,0.06742407363300248,111
145.3,0.06859662773489092,0.0054357486173024355,0.0011056000553359535,0.0,0.0,0.06749652402514278,111
145.32,0.06866837173367582,0.005437265703375028,0.0011056861483597351,0.0,0.0,0.06756920511078225,111
145.34,0.06874035371520994,0.005438724735202784,0.0011057704289432213,0.0,0.0,0.06764212408585105,111
145.36,0.06881258059511298,0.005440125222324943,0.0011058529021026483,0.0,0.0,0.0677152878500918,111
145.38,0.06888505894196954,0.005441466673632603,0.0011059331724023842,0.0,0.0,0.06778870295873665,111
145.4,0.06895779492981981,0.0054427485866246446,0.0011060109738051601,0.0,0.0,0.06786237557537947,111
145.42000000000002,0.06903079429217755,0.005443970677942508,0.0011060863877294567,0.0,0.0,0.06793631142636458,111
145.44,0.06910443735902408,0.005445132650776924,0.0011061607071130956,0.0,0.0,0.06801067534640752,111
145.46,0.06917864209455371,0.005446233601843679,0.0011062581333426689,0.0,0.0,0.06808605804948396,111
145.48,0.06925312838889001,0.005447296223168204,0.0011063600317842547,0.0,0.0,0.06816171634111422,111
145.5,0.06932839324891484,0.005448299955832047,0.001106459844299952,0.0,0.0,0.06823765379502215,111
145.52,0.0694039404390474,0.005449241236288088,0.0011065576988283762,0.0,0.0,0.06831387336181548,111
145.54,0.06947977224109621,0.005450119604528715,0.0011066540979122392,0.0,0.0,0.06839037734556778,111
145.56,0.0695558326821941,0.005450934626197245,0.0011067477642864056,0.0,0.0,0.0684671095788858,111
145.58,0.06963215371132372,0.005451686004864658,0.0011068389080887454,0.0,0.0,0.06854410216366696,111
145.6,0.06970876226387251,0.005452373214997853,0.0011069275681322242,0.0,0.0,0.06862138217541636,111
145.62,0.06978565792357436,0.005452995840233134,0.0011070138251452158,0.0,0.0,0.06869894923921493,111
145.64000000000001,0.06986283961689341,0.005453553452869422,0.0011070976770149348,0.0,0.0,0.06877680232724694,111
145.66,0.06994030563672189,0.005454045693516034,0.0011071791493427374,0.0,0.0,0.06885493978219619,111
145.68,0.07001805367411357,0.005454472233613996,0.0011072582372968632,0.0,0.0,0.06893335934861368,111
145.70000000000002,0.07009608085744992,0.0054548327540490105,0.0011073351674372016,0.0,0.0,0.06901205821166101,111
145.72,0.07017438379823164,0.005455126959757884,0.001107409901353488,0.0,0.0,0.0690910330424315,111
145.74,0.07025295864252837,0.005455354584765522,0.001107482629691142,0.0,0.0,0.06917028004889227,111
145.76,0.07033180112700932,0.005455515388424095,0.0011075532436027131,0.0,0.0,0.06924979503138107,111
145.78,0.07041090663842053,0.005455609155884805,0.001107621736165836,0.0,0.0,0.0693295734415357,111
145.8,0.07049027027536565,0.0054556356984178595,0.0011076881533629266,0.0,0.0,0.06940961044352457,111
145.82,0.07056988691128081,0.005455594853589093,0.0011077525286607775,0.0,0.0,0.06948990097648028,111
145.84,0.0706497512575612,0.005455880750002604,0.0011078147910312287,0.0,0.0,0.06957043981710456,112
145.86,0.0707298579258885,0.00545613093187928,0.0011078749103758986,0.0,0.0,0.06965122164150266,112
145.88,0.07081020148891372,0.005456310075539241,0.001107940077784676,0.0,0.0,0.06973224108541026,112
145.9,0.07089077653856438,0.005456418140947745,0.0011080046158692936,0.0,0.0,0.06981349280208778,112
145.92000000000002,0.0709715777413577,0.005456455144501483,0.0011080677113093572,0.0,0.0,0.0698949715172688,112
145.94,0.07105259989021454,0.005456421102909757,0.0011081293160346464,0.0,0.0,0.06997667208066047,112
145.96,0.07113383795237253,0.00545632203811584,0.0011081891994352618,0.0,0.0,0.07005869993660936,112
145.98,0.07121528711309466,0.005456181299301708,0.0011082471767291833,0.0,0.0,0.07014157649213819,112
146.0,0.07129694281495777,0.005456347124726382,0.0011083032846577064,0.0,0.0,0.07022465956276668,112
146.02,0.0713788007925815,0.0054564403562544495,0.0011083575250804892,0.0,0.0,0.07030821192759976,112
146.04,0.07146116227213617,0.005456461151431361,0.0011084099641379501,0.0,0.0,0.07039216745011424,112
146.06,0.0715441406903946,0.005456409797914256,0.0011084619222275517,0.0,0.0,0.07047631734654618,112
146.08,0.07162730954764653,0.005456286448022031,0.001108512337094899,0.0,0.0,0.07056132143074677,112
146.1,0.07171066600130348,0.005456091264597807,0.001108560796148918,0.0,0.0,0.07064673243503614,112
146.12,0.07179420760483354,0.005455824485686535,0.0011086072978714527,0.0,0.0,0.07073232792871167,112
146.14000000000001,0.07187793231471638,0.005455486445422418,0.0011086517968202474,0.0,0.0,0.07081810589522793,112
146.16,0.07196225204977369,0.005455077545632704,0.0011087011341835442,0.0,0.0,0.07090406471999702,112
146.18,0.07204684594429094,0.005454597868050926,0.001108782783976277,0.0,0.0,0.07099020318826932,112
146.20000000000002,0.07213161852557991,0.005454047714156644,0.0011088624065327727,0.0,0.0,0.07107652047832437,112
146.22,0.07221656933931928,0.00545441998914522,0.0011089401868560312,0.0,0.0,0.07116301614989633,112
146.24,0.07230169829888114,0.005454984079133748,0.001109015878032042,0.0,0.0,0.07124969012776351,112
146.26,0.0723870056638454,0.005455474605545662,0.0011090897783355743,0.0,0.0,0.07133654268046269,112
146.28,0.07247249201365688,0.00545591530571609,0.0011091617359253946,0.0,0.0,0.07142357439414297,111
146.3,0.07255815821652561,0.005456300352728033,0.0011092316077872496,0.0,0.0,0.07151078614165798,111
146.32,0.07264452019173215,0.005456612648027633,0.001109299553126944,0.0,0.0,0.07159817904710178,111
146.34,0.07273110573813794,0.005457549825562342,0.00110938845454292,0.0,0.0,0.07168575444612267,111
146.36,0.07281787430827237,0.005459135078486088,0.0011094871415870207,0.0,0.0,0.07177351384249221,111
146.38,0.0729048275297214,0.005460639585924699,0.0011095840026447725,0.0,0.0,0.07186145886155583,111
146.4,0.07299196710397973,0.005462063733768398,0.001109679021552696,0.0,0.0,0.07194959120134135,110
146.42000000000002,0.0730795326122346,0.00546340791813921,0.0011097722418060574,0.0,0.0,0.07203791258223864,110
146.44,0.07316797939528567,0.0054646725446546324,0.0011098635902648311,0.0,0.0,0.07212642469628587,110
146.46,0.07325661609538464,0.005465858023150168,0.0011099529779708469,0.0,0.0,0.07221512915719222,110
146.48,0.0733454442072692,0.005466964770386499,0.0011100402061520517,0.0,0.0,0.07230402745229234,110
146.5,0.073434465054998,0.005467993208954785,0.0011101255246506359,0.0,0.0,0.07239312089765497,110
146.52,0.07352367975131344,0.005468943766191622,0.001110209027666264,0.0,0.0,0.07248241059755915,111
146.54,0.0736130891625349,0.005469816880841119,0.0011102905009841046,0.0,0.0,0.07257189740949778,111
146.56,0.07370269388004956,0.005470614921248382,0.0011103698616314686,0.0,0.0,0.07266158191577637,111
146.58,0.07379249419933441,0.0054713367292991205,0.0011104471221223874,0.0,0.0,0.07275146440264055,111
146.6,0.07388249010727188,0.005471982431253088,0.0011105222884571588,0.0,0.0,0.0728415448476948,111
146.62,0.07397268127831574,0.005472552496949455,0.001110595596649332,0.0,0.0,0.07293182291616879,111
146.64000000000001,0.07406306707983197,0.00547304735679797,0.0011106671817017592,0.0,0.0,0.07302229796635493,111
146.66,0.07415364658668187,0.005473467452022537,0.00111073698696641,0.0,0.0,0.07311296906428458,111
146.68,0.07424441860484884,0.005473813233996852,0.0011108048061761065,0.0,0.0,0.07320383500744262,110
146.70000000000002,0.07433538170363624,0.005474085163739468,0.0011108706325574375,0.0,0.0,0.07329489435704731,110
146.72,0.07442653425569963,0.0054742837771198085,0.0011109345140483983,0.0,0.0,0.07338614547815776,110
146.74,0.07451787448392802,0.005474409442606514,0.001110996487915421,0.0,0.0,0.07347758658662307,110
146.76,0.07460940051397015,0.00547458191494294,0.001111056567155246,0.0,0.0,0.07356921580166789,110
146.78,0.07470111043101915,0.005474688408515435,0.0011111148245148248,0.0,0.0,0.07366103120272811,110
146.8,0.07479300233933657,0.005474723136132937,0.001111171259994499,0.0,0.0,0.07375303088901623,110
146.82,0.07488507442291342,0.005474686563564269,0.0011112258672170978,0.0,0.0,0.07384521651967324,111
146.84,0.07497732500564358,0.0054745791586082735,0.0011112786742318644,0.0,0.0,0.07393850150337049,112
146.86,0.07506975260941846,0.005474401392659382,0.0011113298796529224,0.0,0.0,0.07403196411803913,112
146.88,0.0751623560086409,0.00547415376721087,0.0011113794226604381,0.0,0.0,0.07412560313557465,112
146.9,0.07525513427979674,0.005473836809195513,0.0011114272639681615,0.0,0.0,0.07421941763093824,112
146.92000000000002,0.0753480868449056,0.005473450910771543,0.0011114733945241644,0.0,0.0,0.07431340702560242,112
146.94,0.07544121350788688,0.005472996544807245,0.0011115178112851695,0.0,0.0,0.0744075711239023,113
146.96,0.07553451448311652,0.00547271553461258,0.0011115605570181503,0.0,0.0,0.07450191014156714,113
146.98,0.07562865651578105,0.0054728263286629355,0.0011116016801651395,0.0,0.0,0.07459642472595551,113
147.0,0.07572323213980674,0.00547286435389311,0.0011116412576677656,0.0,0.0,0.07469111596776677,113
147.02,0.07581798387522752,0.0054728300863952205,0.001111679386572239,0.0,0.0,0.07478598540423989,113
147.04,0.07591291369644822,0.005472724010031707,0.0011117159291208188,0.0,0.0,0.07488103501407246,113
147.06,0.07600802400574923,0.005472546608007905,0.0011117509510269847,0.0,0.0,0.07497626720448798,113
147.08,0.07610331761319111,0.005472298352747435,0.001111784502119629,0.0,0.0,0.07507168479104658,113
147.1,0.07619879771000453,0.0054728907724540974,0.001111816539457922,0.0,0.0,0.07516729097092789,113
147.12,0.07629493661360028,0.005473506574956841,0.0011118470414005436,0.0,0.0,0.07526308929051337,114
147.14000000000001,0.07639131565073116,0.005474048182450501,0.0011118760211144727,0.0,0.0,0.07535908360816203,114
147.16,0.07648870294369303,0.005474515977866942,0.0011119034896179983,0.0,0.0,0.07545527805310628,114
147.18,0.0765862906372678,0.005474910347472911,0.0011119295015668924,0.0,0.0,0.07555167698139635,113
147.20000000000002,0.07668408326278771,0.005475231663163733,0.0011119563234847831,0.0,0.0,0.07564828492980036,113
147.22,0.07678208548550464,0.005475489295482596,0.0011119817894419967,0.0,0.0,0.07574510656851922,113
147.24,0.07688030205711359,0.0054756935037891166,0.0011120058078835356,0.0,0.0,0.0758421466535132,113
147.26,0.07697873776861429,0.005475825937921195,0.0011120283572192814,0.0,0.0,0.07593940997916006,113
147.28,0.07707739740414267,0.00547588675233235,0.001112049436908677,0.0,0.0,0.07603690133187954,113
147.3,0.07717628569631635,0.0054758764276891855,0.0011120690714983444,0.0,0.0,0.07613462544527207,113
147.32,0.07727540728354994,0.005475795200490225,0.001112087261704272,0.0,0.0,0.07623258695723129,113
147.34,0.07737476666971246,0.005475643435591417,0.001112104518956532,0.0,0.0,0.07633079036940725,113
147.36,0.0774743681864234,0.005475421379375193,0.0011121222106827873,0.0,0.0,0.07642924000932064,114
147.38,0.07757421595821394,0.005475129427942872,0.0011121402037205725,0.0,0.0,0.07652793999535891,114
147.4,0.07767431387072168,0.005474767835980973,0.0011121997640791252,0.0,0.0,0.07662689420482721,114
147.42000000000002,0.07777466554203681,0.005474336898237711,0.0011122805768476684,0.0,0.0,0.0767264990730654,114
147.44,0.07787519868924303,0.005473836920546176,0.0011123604322354772,0.0,0.0,0.07682715041505787,114
147.46,0.07797597809070184,0.005473268172355406,0.0011124388538580332,0.0,0.0,0.07692821222999834,114
147.48,0.0780770203763911,0.005472751243078634,0.0011125384095196148,0.0,0.0,0.07702953875638459,114
147.5,0.07817832787262778,0.0054721909062537075,0.0011126505086677028,0.0,0.0,0.07713113230477729,114
147.52,0.07827990254386268,0.005471562204323819,0.0011127608734558896,0.0,0.0,0.07723299482182285,114
147.54,0.07838174598366368,0.005470945646555522,0.001112869507366797,0.0,0.0,0.07733512788129583,114
147.56,0.07848385940897507,0.005471431418167747,0.0011129762901732306,0.0,0.0,0.07743753267844045,114
147.58,0.07858624365766916,0.005471845001550406,0.001113081204955631,0.0,0.0,0.07754021002762522,114
147.6,0.07868889918942713,0.005472186662526167,0.0011131841334342358,0.0,0.0,0.07764316036334583,114
147.62,0.07879182609001063,0.0054724566794408305,0.0011132849910530944,0.0,0.0,0.07774638374463555,114
147.64000000000001,0.0788950240790078,0.005472655333733192,0.0011134119993363423,0.0,0.0,0.07784987986296404,113
147.66,0.07899849252115465,0.005472782910971725,0.0011135434325504248,0.0,0.0,0.07795364805372333,113
147.68,0.07910223044133642,0.005472839701876701,0.0011136736519922232,0.0,0.0,0.07805768731140318,113
147.70000000000002,0.07920623654336156,0.005472826162348951,0.0011138025077778797,0.0,0.0,0.07816199630854581,114
147.72,0.07931050923256679,0.005472755329960238,0.00111392891074552,0.0,0.0,0.07826657341853657,114
147.74,0.07941504664225382,0.005472649465423475,0.0011140551876200459,0.0,0.0,0.07837141674222889,114
147.76,0.07951984666387629,0.00547247422434809,0.0011142115275655938,0.0,0.0,0.07847652413831989,114
147.78,0.07962542581070921,0.005472229731142337,0.0011143696032786562,0.0,0.0,0.0785818932572902,114
147.8,0.07973168936844514,0.005471916325776386,0.0011145248046324561,0.0,0.0,0.07868752157860057,114
147.82,0.07983820660532791,0.005471534359912224,0.0011146770341913137,0.0,0.0,0.07879340645070924,114
147.84,0.07994497481353058,0.005471084196646166,0.0011148262492240953,0.0,0.0,0.07889954513334467,114
147.86,0.08005199123976309,0.005470566210908579,0.001114972836213369,0.0,0.0,0.07900593484134943,114
147.88,0.08015925312975236,0.005469980789753558,0.001115117792958689,0.0,0.0,0.07911257278931362,115
147.9,0.0802667577726743,0.005469328332535422,0.0011152747967466197,0.0,0.0,0.07921945623614834,114
147.92000000000002,0.08037450254465901,0.005468609250970854,0.0011154529206401957,0.0,0.0,0.07932658252871935,114
147.94,0.0804824849505032,0.005467823969087353,0.001115627934145181,0.0,0.0,0.0794339491436735,113
147.96,0.08059070266278012,0.005466972923060643,0.0011157993195263032,0.0,0.0,0.07954155372664778,113
147.98,0.0806991535576351,0.005466056560945463,0.0011159671631709577,0.0,0.0,0.07964939412814814,114
148.0,0.08080783574669032,0.005465075342305864,0.0011161338363945316,0.0,0.0,0.07975746843552108,114
148.02,0.08091674760464572,0.0054640297377525175,0.0011162974388923502,0.0,0.0,0.0798657750006057,114
148.04,0.08102588779234612,0.005463017644302788,0.0011164571498887682,0.0,0.0,0.07997431246283522,114
148.06,0.08113525527527182,0.005461972631162721,0.0011166129512888512,0.0,0.0,0.08008307976774706,114
148.08,0.0812448493375939,0.0054608644622119035,0.0011167649469270202,0.0,0.0,0.08019207618104267,114
148.1,0.08135466959210194,0.005459693645924466,0.0011169128856811426,0.0,0.0,0.08030130129850578,114
148.12,0.08146471598644964,0.0054584606984491996,0.0011170567456452371,0.0,0.0,0.08041075505222643,114
148.14000000000001,0.08157498880626961,0.005457166142794781,0.0011171967960976578,0.0,0.0,0.0805204377136827,114
148.16,0.08168548867577162,0.005455810507992517,0.0011173326961000842,0.0,0.0,0.08063034989429631,114
148.18,0.08179621655646126,0.005454394328246082,0.0011174872043018703,0.0,0.0,0.08074049254410054,114
148.20000000000002,0.08190717374459501,0.005452918142076905,0.0011176523860926798,0.0,0.0,0.08085086694913804,114
148.22,0.08201836186793071,0.005451382491473152,0.0011178131550916113,0.0,0.0,0.08096147472814945,114
148.24,0.08212978288223836,0.005449787921049318,0.0011179694720844298,0.0,0.0,0.0810723178290191,114
148.26,0.08224143906792099,0.0054481349875501895,0.0011181213995597288,0.0,0.0,0.08118339852532938,114
148.28,0.08235317035770433,0.005446424254018272,0.0011182615106569407,0.0,0.0,0.08129456417992387,114
148.3,0.08246512398376346,0.005444656357066268,0.0011183966817036655,0.0,0.0,0.08140595543862482,114
148.32,0.08257732189307694,0.005442831835743579,0.001118527649934552,0.0,0.0,0.08151810735888292,114
148.34,0.08268976763697049,0.005440951221407885,0.0011186552615203445,0.0,0.0,0.08163087794294781,114
148.36,0.08280290005663758,0.005439015077924425,0.0011187785457415942,0.0,0.0,0.08174390114205593,114
148.38,0.08291680824833528,0.005437023929353238,0.0011188973329065266,0.0,0.0,0.08185722286331598,114
148.4,0.08303097525992365,0.0054349783108679555,0.001119011599706973,0.0,0.0,0.0819713339927527,114
148.42000000000002,0.083145405867595,0.005432879183903077,0.00111912130266823,0.0,0.0,0.08208571044484646,114
148.44,0.08326032694456142,0.005430726813932196,0.0011192265026067805,0.0,0.0,0.08220035729270825,114
148.46,0.08337582489755632,0.005428521568863431,0.0011193358331143064,0.0,0.0,0.0823152798905928,115
148.48,0.08349158219210946,0.005426263969276687,0.0011194409757373362,0.0,0.0,0.08243046417791511,115
148.5,0.08360753258106067,0.00542395451769593,0.0011195412497743416,0.0,0.0,0.08254584342104092,115
148.52,0.08372377398127719,0.0054215936642626455,0.0011196372082112622,0.0,0.0,0.08266151618165012,115
148.54,0.08384031269169184,0.005419182221175561,0.0011197288440914488,0.0,0.0,0.08277748876649688,115
148.56,0.08395715518713907,0.005416757776739728,0.001119816428825481,0.0,0.0,0.08289376765876937,115
148.58,0.08407430808593352,0.005414368145032392,0.0011198997675014922,0.0,0.0,0.08301035948569972,115
148.6,0.08419177811389991,0.005411928970648526,0.0011200094153319634,0.0,0.0,0.08312727098263013,115
148.62,0.08430957206526793,0.005409440622411964,0.0011201241456089805,0.0,0.0,0.0832445089539466,115
148.64000000000001,0.0844276967609977,0.005406903572356063,0.0011202345460951666,0.0,0.0,0.08336208023144437,115
148.66,0.08454615900524728,0.0054043183128659605,0.0011203408261602952,0.0,0.0,0.08347999163083342,115
148.68,0.084664965540829,0.005401685285187865,0.0011204432003906189,0.0,0.0,0.08359824990722882,115
148.70000000000002,0.08478412300462203,0.005399004934960249,0.0011205415653073334,0.0,0.0,0.08371686171059106,115
148.72,0.08490363788400779,0.005396277710231679,0.0011206361227077326,0.0,0.0,0.08383583354218002,115
148.74,0.0850235164754657,0.005393504053742491,0.0011207265778396631,0.0,0.0,0.08395517171315839,116
148.76,0.08514376484650532,0.005390684419922674,0.001120813206696777,0.0,0.0,0.08407488230651854,116
148.78,0.0852643888021106,0.0053878192573893965,0.0011208961421932573,0.0,0.0,0.08419497114350663,116
148.8,0.08538539385682628,0.0053849089671468365,0.0011210016354415207,0.0,0.0,0.08431544375567325,116
148.82,0.08550678521352721,0.0053819539718329345,0.0011211111088406103,0.0,0.0,0.08443630536359004,116
148.84,0.08562856774977189,0.005378954694421524,0.001121216909198207,0.0,0.0,0.08455756086313423,116
148.86,0.08575074601245938,0.005375911562429865,0.0011213187808471004,0.0,0.0,0.08467921482005968,116
148.88,0.08587332422128412,0.005372825005964001,0.0011214169117129455,0.0,0.0,0.0848012714733505,116
148.9,0.08599630628122747,0.005369695424829859,0.001121511265508467,0.0,0.0,0.08492373474759775,116
148.92000000000002,0.08611969580404742,0.005366523252410307,0.0011216019276446406,0.0,0.0,0.08504660827436206,116
148.94,0.08624349613844229,0.005363308903205798,0.00112168888810458,0.0,0.0,0.08516989542220109,117
148.96,0.08636771040828396,0.00536006423906971,0.0011217721970562336,0.0,0.0,0.0852935993347599,117
148.98,0.08649234155805859,0.005356896406732688,0.0011218540753844225,0.0,0.0,0.08541772297606516,117
149.0,0.08661739240442803,0.005353712145054981,0.0011219449661117966,0.0,0.0,0.08554226918193979,117
149.02,0.08674286569264962,0.005350487057259112,0.001122033468095764,0.0,0.0,0.08566724071627835,116
149.04,0.08686876415646862,0.005347221579221271,0.0011221197368382967,0.0,0.0,0.08579264033080103,116
149.06,0.08699509058003796,0.00534391612748378,0.0011222029147201428,0.0,0.0,0.0859184708268428,116
149.08,0.08712184786041752,0.005340571132661557,0.0011222830180528172,0.0,0.0,0.08604473511773245,117
149.1,0.08724903906926315,0.0053371870285043085,0.001122360077477309,0.0,0.0,0.08617143629037415,117
149.12,0.08737666751242167,0.005333764251985807,0.0011224367018251578,0.0,0.0,0.08629857766474792,117
149.14000000000001,0.08750473678629575,0.005330303243324476,0.0011225110835207093,0.0,0.0,0.086426162850195,117
149.16,0.08763325083001999,0.005326804473610582,0.0011225826999434953,0.0,0.0,0.08655430139071711,117
149.18,0.08776229399366775,0.005323268365703764,0.001122651676260487,0.0,0.0,0.0866833208916961,117
149.20000000000002,0.08789264000795012,0.005319695374803722,0.001122718260281945,0.0,0.0,0.08681279653834108,117
149.22,0.08802336730699216,0.005316107537066599,0.0011227889055339336,0.0,0.0,0.08694264963805426,117
149.24,0.08815448274580948,0.0053124887893696805,0.0011228447723907714,0.0,0.0,0.08707290748676388,117
149.26,0.08828606783915241,0.005308834398313909,0.0011228981260701738,0.0,0.0,0.0872038779379209,117
149.28,0.08841812937215765,0.005305144827155492,0.001122949113679329,0.0,0.0,0.08733559448130343,116
149.3,0.08855067468000691,0.005301420549739448,0.001122998044149022,0.0,0.0,0.08746779793094922,116
149.32,0.08868371165412367,0.005297662009392091,0.0011230447564163867,0.0,0.0,0.08760049617864955,116
149.34,0.08881724874316982,0.005293870263718973,0.0011230891255495565,0.0,0.0,0.08773369767224108,116
149.36,0.08895129494921247,0.005290051725286565,0.0011231310252994627,0.0,0.0,0.08786741141181062,116
149.38,0.08908585981944284,0.00528622555394676,0.00112317044894419,0.0,0.0,0.08800164694145565,116
149.4,0.08922095343382515,0.005282366962254145,0.0011232074183336106,0.0,0.0,0.08813641433697766,116
149.42000000000002,0.08935651962311277,0.0052784764305998,0.0011232442160276348,0.0,0.0,0.08827165446532625,117
149.44,0.08949262706810583,0.005274554385647625,0.0011232792915784543,0.0,0.0,0.08840743854863053,117
149.46,0.0896298280293006,0.005270601279178777,0.0011233121583442073,0.0,0.0,0.0885437878206557,117
149.48,0.08976769085880307,0.005266617564632924,0.001123342819436383,0.0,0.0,0.08868071429181043,117
149.5,0.08990613933662363,0.00526260369664036,0.0011233712251244312,0.0,0.0,0.0888182303934938,117
149.52,0.09004518629509368,0.005258560127359375,0.0011233974376737203,0.0,0.0,0.08895634894812945,117
149.54,0.09018484492630913,0.005255883123953334,0.0011234213174623454,0.0,0.0,0.08909508313716137,117
149.56,0.09032512874826408,0.005253242152186881,0.0011234429530927656,0.0,0.0,0.08923444646723148,117
149.58,0.09046605156939105,0.005250638799017356,0.0011234625404925574,0.0,0.0,0.0893744527347623,117
149.6,0.09060762745174258,0.005248036122087119,0.0011234798882771178,0.0,0.0,0.08951511598917922,117
149.62,0.09074987067306842,0.005245398034548107,0.0011234951406662403,0.0,0.0,0.08965645049502734,117
149.64000000000001,0.09089279568807329,0.005242724971494381,0.001123508076241517,0.0,0.0,0.08979847069326694,117
149.66,0.09103641708917382,0.005240017386372255,0.0011235189334301166,0.0,0.0,0.08994119116206618,116
149.68,0.09118074956711507,0.005237275699368276,0.0011235278124181337,0.0,0.0,0.09008462657745238,116
149.70000000000002,0.09132580787185095,0.005234500338165973,0.0011235349376381787,0.0,0.0,0.09022879167422468,116
149.72,0.09147160677413745,0.005231691685379041,0.0011235402194806874,0.0,0.0,0.0903737012075781,116
149.74,0.09161816102832972,0.005228850149838326,0.0011235436890449052,0.0,0.0,0.09051936991592918,116
149.76,0.0917654853369109,0.005225976154228115,0.0011235762699343557,0.0,0.0,0.09066581248547127,116
149.78,0.09191359431730889,0.005223070066253235,0.0011236144285955332,0.0,0.0,0.09081304351701538,116
149.8,0.09206250247157342,0.005220132275541373,0.0011236502663556117,0.0,0.0,0.09096107749568867,116
149.82,0.09221222415948914,0.005217163161756767,0.0011236839165715043,0.0,0.0,0.09110992876406589,116
149.84,0.0923627378004193,0.005214163096352249,0.0011237159673550122,0.0,0.0,0.09125957597702732,116
149.86,0.092514052719113,0.005211132562251374,0.0011237721747101427,0.0,0.0,0.09141002847259934,116
149.88,0.09266614566303658,0.00520807181443132,0.0011238364558693178,0.0,0.0,0.09156126440070758,116
149.9,0.09281905623820434,0.005204981143239966,0.0011238991589448651,0.0,0.0,0.09171332278344688,116
149.92000000000002,0.09297284966431485,0.005202883238543212,0.0011239609329855415,0.0,0.0,0.09186626768589833,116
149.94,0.09312753914014116,0.005200894273169368,0.0011240222560385956,0.0,0.0,0.09202011228811605,116
149.96,0.0932831376709294,0.005198927993217888,0.00112408148556973,0.0,0.0,0.09217486957635976,116
149.98,0.09343965808422025,0.005197312226376049,0.001124138725629447,0.0,0.0,0.09233055235889943,115
