time,mean_abs_reaction_rhs,mean_abs_diffusion_rhs,mean_abs_electrodiffusion_rhs,mean_abs_ecs_rhs,mean_abs_geometry_rhs,mean_abs_total_rhs,number_wavefront_points
0.0,0.014346421592581357,0.0118291469714127,0.0005455750906486736,0.0,0.0,0.016390266405965716,23
0.02,0.014503889106044667,0.011795103788190778,0.000540232673618745,0.0,0.0,0.016448813435349062,23
0.04,0.014659735900529028,0.011761525410861175,0.0005349703136794817,0.0,0.0,0.01650766232581363,23
0.06,0.01481398695777059,0.011728404980821224,0.0005297865580371569,0.0,0.0,0.01656678405348995,23
0.08,0.01496666600593178,0.011695735767063025,0.0005246799770750542,0.0,0.0,0.016626151191277486,23
0.1,0.01511779563078466,0.011663511160423204,0.0005196491643069419,0.0,0.0,0.016685737783536832,23
0.12,0.015267397373669766,0.011631724667782565,0.0005146927362690613,0.0,0.0,0.01674551923491994,23
0.14,0.015415491818109963,0.01160036990714606,0.0005098093323913014,0.0,0.0,0.016805472211361614,23
0.16,0.015562098666646339,0.011569440603208197,0.0005049976148544807,0.0,0.0,0.016865574551574468,23
0.18,0.015707246460874305,0.01153893058322662,0.0005002562684334517,0.0,0.0,0.016925805187658384,23
0.2,0.015851086077925538,0.011508833773300203,0.0004955840002886741,0.0,0.0,0.01698614407364633,23
0.22,0.01599352021370775,0.011479144194963957,0.0004909795397860906,0.0,0.0,0.01704657212099183,23
0.24,0.016134663470951986,0.011449855962138732,0.0004864416382716177,0.0,0.0,0.017107071140150813,23
0.26,0.01627448931080825,0.011420963278234768,0.0004819690688533451,0.0,0.0,0.01716762378752837,23
0.28,0.016412976385574332,0.01139246043307248,0.0004775606261584587,0.0,0.0,0.017228213517173043,23
0.3,0.016550138650451574,0.011364341800911152,0.00047321512608505063,0.0,0.0,0.017288824536680264,23
0.32,0.016685989582307374,0.011336601837937358,0.0004689314055453555,0.0,0.0,0.01734944176684286,23
0.34,0.016820542209178183,0.011309235080087372,0.00046470832220156164,0.0,0.0,0.017410050804648802,23
0.36,0.01695380913705789,0.011282236141051128,0.0004605447541952197,0.0,0.0,0.01747063788927462,23
0.38,0.017085802574260463,0.0112555997101252,0.00045643959987490485,0.0,0.0,0.01753118987077562,23
0.4,0.017216534353597962,0.011229320550577376,0.00045239177751551737,0.0,0.0,0.017591694181200993,23
0.42,0.017346015952597053,0.011203393497822768,0.0004484002250159079,0.0,0.0,0.01765213880790788,23
0.44,0.017474258511938408,0.011177813457747094,0.00044446389962985366,0.0,0.0,0.017712512268864337,23
0.46,0.017601272852289306,0.011152575405099776,0.0004405817776750308,0.0,0.0,0.01777280358976526,23
0.48,0.017727069489672946,0.011127674381948982,0.0004367528542384165,0.0,0.0,0.017833002282799278,23
0.5,0.01785165864950735,0.011103105496191772,0.00043297614288338124,0.0,0.0,0.01789309832693033,23
0.52,0.017975051797044127,0.011078863920113228,0.0004292506753560452,0.0,0.0,0.017953082149565733,23
0.54,0.018097334875913217,0.011054944888989112,0.00042557550129135443,0.0,0.0,0.01801294460950406,23
0.56,0.018218548142973155,0.011031343699727074,0.0004219496879192961,0.0,0.0,0.018072676981065162,23
0.58,0.018338603262363726,0.011008055709541975,0.00041837231977163476,0.0,0.0,0.01813227093931295,23
0.6,0.018457508979766547,0.010985076334661312,0.0004148424983894987,0.0,0.0,0.0181917185462992,23
0.62,0.018575273814664287,0.010962401049057031,0.0004113593420321397,0.0,0.0,0.018251012238255628,23
0.64,0.018691906067572515,0.010940025383200415,0.0004079219853872103,0.0,0.0,0.018310144813679586,23
0.66,0.0188074138265475,0.010917944922836566,0.0004045295792841199,0.0,0.0,0.01836910942225235,23
0.68,0.018921804973019127,0.010896155307776018,0.0004011812904029969,0.0,0.0,0.018427899554552072,23
0.7000000000000001,0.019035087186978543,0.010874652230700492,0.0003978763009957647,0.0,0.0,0.018486509032513518,23
0.72,0.019147267951555535,0.010853431435980452,0.00039461380860269585,0.0,0.0,0.018544932000603354,23
0.74,0.019258354557007466,0.01083248871850109,0.00039139302577300935,0.0,0.0,0.01860316291767405,23
0.76,0.01936835410414546,0.01081181992249551,0.0003882131797882035,0.0,0.0,0.018661196549474734,23
0.78,0.019477273507215967,0.010791420940382148,0.0003850735123880956,0.0,0.0,0.018719027961795306,23
0.8,0.019585119496249186,0.010771287711604178,0.0003819732794996422,0.0,0.0,0.018776652514221826,23
0.8200000000000001,0.019691898618888738,0.010751416221468735,0.0003789117509686866,0.0,0.0,0.018834065854491044,23
0.84,0.01979761724170728,0.010731802499983567,0.00037588821029469117,0.0,0.0,0.018891263913428675,23
0.86,0.019902281551015935,0.010712442620688977,0.000372901954368472,0.0,0.0,0.018948242900465803,23
0.88,0.020005897553167243,0.010693332699482617,0.00036995229321507917,0.0,0.0,0.019004999299725208,23
0.9,0.020108522982710354,0.010674468893434812,0.0003670385497326604,0.0,0.0,0.019061529866675406,23
0.92,0.02021028016414574,0.010655847399591986,0.00036416005944331733,0.0,0.0,0.01911783162535131,23
0.9400000000000001,0.020311097405710705,0.010637464453765674,0.0003613161702431541,0.0,0.0,0.019173901866192777,23
0.96,0.020410932421661455,0.010619316329304485,0.00035850624215532414,0.0,0.0,0.019236377428588212,23
0.98,0.020509757920507778,0.010601399335846336,0.0003557296470866923,0.0,0.0,0.01930511137870814,23
1.0,0.020607578652155758,0.01058370981804804,0.00035298576858764513,0.0,0.0,0.019373405447373957,23
1.02,0.020704399175423063,0.010566244154289348,0.00035027400161510494,0.0,0.0,0.019441261208201912,23
1.04,0.020800223854224243,0.010548998755348264,0.0003475937522986652,0.0,0.0,0.01950868045362582,23
1.06,0.020895056852783426,0.010531970063043506,0.00034494443770966904,0.0,0.0,0.019575665197118043,23
1.08,0.020988962839605257,0.010515154548843508,0.0003423254856339374,0.0,0.0,0.019642217676302667,23
1.1,0.021081924518581326,0.010498548712434814,0.00033973633434718854,0.0,0.0,0.01970834035675102,23
1.12,0.02117390830419729,0.010482149080247503,0.0003371764323934894,0.0,0.0,0.01977403593621887,23
1.1400000000000001,0.021264917459584323,0.010465952203934092,0.000334645238366911,0.0,0.0,0.019839307349906046,23
1.16,0.02135495501599931,0.01044995465879692,0.00033214222069612127,0.0,0.0,0.019904157776333153,23
1.18,0.021444023763911666,0.010434153042160128,0.000329666857431999,0.0,0.0,0.019974728220597517,23
1.2,0.02153212624359615,0.010418543971681564,0.00032721863603825526,0.0,0.0,0.020051810699959236,23
1.22,0.021619264734794513,0.010403124083599996,0.00032479705318506794,0.0,0.0,0.020128278403929837,23
1.24,0.021705441245492403,0.01038789003091297,0.0003224016145457113,0.0,0.0,0.020204139189895096,23
1.26,0.021790657500193496,0.010372838481480507,0.000320031834596231,0.0,0.0,0.0202794011567037,23
1.28,0.021874914927174183,0.010357966116050069,0.00031768723641824786,0.0,0.0,0.02035407265679367,23
1.3,0.02195821464507261,0.010343269626198335,0.0003153673515048998,0.0,0.0,0.02042816230911778,23
1.32,0.022040557449056,0.010328745712185618,0.0003130717195700828,0.0,0.0,0.020501679012986124,23
1.34,0.022121943795941287,0.010314391080719389,0.00031079988836112924,0.0,0.0,0.020574631962010727,23
1.36,0.022202373789419163,0.010300202442843758,0.0003085514134751021,0.0,0.0,0.020647030659031507,23
1.3800000000000001,0.02228184716459125,0.010286176510981793,0.00030632585817900776,0.0,0.0,0.020718884930859497,23
1.4000000000000001,0.022360363272875616,0.010272309996715369,0.0003041227932340879,0.0,0.0,0.020790204943389633,23
1.42,0.022437921066918356,0.010258599608285086,0.000301941796724828,0.0,0.0,0.020861001216059882,23
1.44,0.022514519086537014,0.010245042047780942,0.000299782453893011,0.0,0.0,0.020931284635823704,23
1.46,0.022590155445862764,0.010231634008355412,0.0002976443569774942,0.0,0.0,0.02100106646970682,23
1.48,0.022664827822510985,0.01021837217136627,0.00029552710506037605,0.0,0.0,0.021070358375394102,23
1.5,0.022738533449887865,0.010205253203466448,0.0002934303039205136,0.0,0.0,0.02113917240923002,23
1.52,0.022811269112457316,0.010192273753664816,0.0002913535658954345,0.0,0.0,0.021207521029333536,23
1.54,0.02288303114697733,0.010179430450389493,0.00028929650975282375,0.0,0.0,0.02127541709425378,23
1.56,0.02295381545065699,0.01016671989859566,0.0002873671948816766,0.0,0.0,0.021342873855020216,23
1.58,0.023023617497681215,0.010154138676971007,0.00028573000069701145,0.0,0.0,0.021409904938373258,23
1.6,0.023092432366458717,0.010141683335306104,0.0002841996813275033,0.0,0.0,0.021476524319280054,23
1.62,0.02316025478000915,0.01012935039211279,0.0002829431316226475,0.0,0.0,0.02154274628031821,23
1.6400000000000001,0.02322707916216929,0.010117136332591616,0.0002816870978664144,0.0,0.0,0.021608585355251154,23
1.6600000000000001,0.023292899712488088,0.010105037607069479,0.0002804316547649047,0.0,0.0,0.02167405625392454,23
1.68,0.023357710502751365,0.010093050630049403,0.0002791768721518526,0.0,0.0,0.021739173765543185,23
1.7,0.02342150559795992,0.010081171780036096,0.0002779228152072135,0.0,0.0,0.021803952637510674,23
1.72,0.023484279204186945,0.010069397400320862,0.00027666954468845385,0.0,0.0,0.021868407427404236,23
1.74,0.02354602584498246,0.010057723800926309,0.00027541711717657337,0.0,0.0,0.021932552326421398,23
1.76,0.023606740566769615,0.010046147261921781,0.00027416558533865557,0.0,0.0,0.02199640095385871,23
1.78,0.023666419171913818,0.010034664038321197,0.0002729149982081992,0.0,0.0,0.022059966123944428,23
1.8,0.02372505847580674,0.010023270366761764,0.00027166540148389754,0.0,0.0,0.022123259588686033,23
1.82,0.02378265658143089,0.010011962474130387,0.0002704168378676467,0.0,0.0,0.02218629176327447,23
1.84,0.02383921316159452,0.010000736588251069,0.00026916934735997237,0.0,0.0,0.0222490714438583,23
1.86,0.023894729735640066,0.009989588950667426,0.0002679229675958474,0.0,0.0,0.022311605530888606,23
1.8800000000000001,0.023949209924357704,0.009978515831450175,0.000266677734251033,0.0,0.0,0.022373898774308284,23
1.9000000000000001,0.024002659664628282,0.009967513545832132,0.0002654336813765897,0.0,0.0,0.02243595355906247,23
1.92,0.024055087364587373,0.009956578472330432,0.0002641908417509621,0.0,0.0,0.022497769750142973,23
1.94,0.02410650398137294,0.009945707071869194,0.00026294924721706497,0.0,0.0,0.022559344615099543,23
1.96,0.02415692300712728,0.009934895907281386,0.0002617089289944634,0.0,0.0,0.0226206728383471,23
1.98,0.024211710719126315,0.009924141662464582,0.0002604699179566088,0.0,0.0,0.02268174663570281,23
2.0,0.024276717069515216,0.009913441160408903,0.0002592322448640699,0.0,0.0,0.022742555969893708,23
2.02,0.024341215071412497,0.009902791379320635,0.00025799594054643106,0.0,0.0,0.02280308885921829,23
2.04,0.02440518661182659,0.009892189466136767,0.0002567610360279789,0.0,0.0,0.022863331763340815,23
2.06,0.024468612228694512,0.009881632746861444,0.0002555275625954398,0.0,0.0,0.022923270023580813,23
2.08,0.024531471567221956,0.00987111873334039,0.0002542955518090879,0.0,0.0,0.022982888331059166,23
2.1,0.02459374383590179,0.00986064512630354,0.00025306503546171415,0.0,0.0,0.023042171195171497,23
2.12,0.02465540823682681,0.009850209814723909,0.000251836045492343,0.0,0.0,0.023101103387023866,23
2.14,0.024716444349534548,0.0098398108717386,0.0002506086138633945,0.0,0.0,0.023159670337087896,23
2.16,0.024776832453760365,0.009829446547536633,0.00024938277241091006,0.0,0.0,0.023217858472470602,23
2.18,0.024836553783091176,0.009819115259726828,0.0002481585526775047,0.0,0.0,0.023275655485809243,23
2.2,0.024895590707690637,0.009808815581754421,0.0002469359857370807,0.0,0.0,0.02333305053397686,23
2.22,0.024953926849362474,0.009798546229941267,0.00024571510201922003,0.0,0.0,0.02339003436987597,23
2.24,0.02501154713588578,0.009788306049691184,0.00024449593113965167,0.0,0.0,0.02344659941425766,23
2.2600000000000002,0.02506851583152209,0.00977809400134032,0.0002432785017416955,0.0,0.0,0.023502739776713858,23
2.2800000000000002,0.02512481171018363,0.009767909146054611,0.00024206284135203668,0.0,0.0,0.023558451235888078,23
2.3000000000000003,0.025180356375405142,0.009757750632092546,0.0002408489762527928,0.0,0.0,0.02361373118883693,23
2.32,0.025235139626573436,0.009747617681669684,0.00023963693137079363,0.0,0.0,0.0236685785786513,23
2.34,0.025289152263104724,0.009737509578587232,0.0002384267301840313,0.0,0.0,0.023722993808218247,23
2.36,0.025342385969519408,0.009727425656723227,0.00023721839464461444,0.0,0.0,0.023776978646593255,23
2.38,0.02539483319788897,0.009717365289433087,0.0002360119451171639,0.0,0.0,0.02383053613303989,23
2.4,0.02544648705160897,0.00970732787986609,0.0002348074003312681,0.0,0.0,0.023883670482494773,23
2.42,0.02549734117336143,0.009697312852174749,0.00023360477734657854,0.0,0.0,0.02393638699507158,23
2.44,0.025547389639244543,0.00968731964357373,0.00023240409152901952,0.0,0.0,0.0239886919712683,23
2.46,0.025596626860355024,0.009677347697191986,0.00023120535653676003,0.0,0.0,0.02404059263377565,23
2.48,0.025645047492592492,0.009667396455655152,0.00023000939663128507,0.0,0.0,0.024092097056183284,23
2.5,0.025692646355096365,0.009657465355332929,0.00022891205365375766,0.0,0.0,0.024143214098424497,23
2.52,0.02573941835748599,0.009647553821187482,0.00022781524507495553,0.0,0.0,0.02419395334845214,23
2.54,0.025785358435947685,0.009637661262162653,0.00022671900262283005,0.0,0.0,0.024244325069392437,23
2.56,0.025830461498156324,0.009627787067059053,0.00022562335593781288,0.0,0.0,0.02429434015124036,23
2.58,0.02587472237701662,0.009617930600846902,0.00022452833259877444,0.0,0.0,0.0243440100660253,23
2.6,0.025918135793257906,0.009608091201375565,0.00022343395815186185,0.0,0.0,0.024393346825294288,23
2.62,0.025960696326974977,0.009598268176446531,0.0002223402561418776,0.0,0.0,0.024442362938696328,23
2.64,0.02600239839828145,0.009588460801224353,0.0002212472481461098,0.0,0.0,0.02449107137242543,23
2.66,0.026043236257305924,0.009578668317561392,0.00022015495381056218,0.0,0.0,0.024539485506277884,23
2.68,0.02608320398381148,0.009568889928751092,0.00021906339088863496,0.0,0.0,0.02458761908811871,23
2.7,0.02612229549671827,0.009559124798274995,0.00021797257528233707,0.0,0.0,0.024635486184616473,23
2.72,0.026160593981288862,0.009549372051158439,0.0002168825210862405,0.0,0.0,0.024683101127240526,23
2.74,0.02619805394121136,0.009539630771552817,0.00021579324063431224,0.0,0.0,0.024730478452693837,23
2.7600000000000002,0.026234620416924356,0.009529900002052357,0.00021470474454985924,0.0,0.0,0.02477763283721503,23
2.7800000000000002,0.026270286974748234,0.009520178743364652,0.00021361704179877943,0.0,0.0,0.02482457902451693,23
2.8000000000000003,0.026305047219707778,0.009510465954354895,0.00021253013974620238,0.0,0.0,0.024871331747546823,23
2.82,0.026338894863208395,0.009500760552483717,0.0002114440442166932,0.0,0.0,0.024917905644737396,23
2.84,0.0263722017240762,0.00949106141465589,0.00021035875955788171,0.0,0.0,0.02496431517195656,23
2.86,0.026410448653135497,0.009481367378492445,0.00020927428870745035,0.0,0.0,0.025010574511915913,23
2.88,0.02644800188703196,0.009471677244031106,0.000208190633263124,0.0,0.0,0.025056697483309822,23
2.9,0.02648485527061207,0.009461989775850265,0.0002071077935552555,0.0,0.0,0.02510269745237372,23
2.92,0.026521001619996397,0.009452303705600063,0.00020602576872134914,0.0,0.0,0.02514858724978196,23
2.94,0.026556432713556243,0.009442617734911486,0.00020494455678178578,0.0,0.0,0.025194379095813478,23
2.96,0.026591139309837437,0.009432930538641882,0.0002038641547158842,0.0,0.0,0.025240084536413854,23
2.98,0.026625111195814552,0.009423240768403998,0.00020278455853734565,0.0,0.0,0.02528571439219198,23
3.0,0.026658337267659336,0.009413547056317252,0.0002017057633681454,0.0,0.0,0.025331278721523603,23
3.02,0.0266908056446433,0.009403848018915298,0.0002006277635099736,0.0,0.0,0.025376786797870556,23
3.04,0.026722503814990407,0.009394142261144255,0.00019955055251246652,0.0,0.0,0.025422247100316854,23
3.06,0.026753487221028542,0.009384428380390929,0.00019847412323763927,0.0,0.0,0.025467667315310243,23
3.08,0.0267945571495946,0.009374704970490146,0.00019739846792013387,0.0,0.0,0.025513054346863344,23
3.1,0.026835238973219416,0.00936497062567286,0.0001963235782231177,0.0,0.0,0.025558414332148522,23
3.12,0.026875525237000937,0.009355223944430847,0.0001952494452898824,0.0,0.0,0.02560375265960131,23
3.14,0.026915407131206635,0.009345463533286946,0.00019417605979131044,0.0,0.0,0.025649073987324068,23
3.16,0.02695487447783315,0.009335688010469568,0.00019310341196951362,0.0,0.0,0.025694382260696053,23
3.18,0.026993915715765534,0.009325896009495365,0.0001920314916778994,0.0,0.0,0.02573968072946709,23
3.2,0.027032517886401913,0.009316086182662466,0.0001909602884178696,0.0,0.0,0.025784971966045518,23
3.22,0.027070666622939533,0.00930625720444926,0.00018988979143660858,0.0,0.0,0.02583025788797183,23
3.24,0.02710834614745473,0.009296407774800433,0.00018881998962470354,0.0,0.0,0.025875539788446617,23
3.2600000000000002,0.02714553928035421,0.009286536622264979,0.00018775087155706798,0.0,0.0,0.025920818379155885,23
3.2800000000000002,0.027182227466574328,0.009276642506932544,0.0001866824256259659,0.0,0.0,0.025966093849351876,25
3.3000000000000003,0.02721839082213088,0.00926672422309725,0.0001856146400014442,0.0,0.0,0.026011365944275597,25
3.3200000000000003,0.027254008203310694,0.009256780601565283,0.0001845664533362806,0.0,0.0,0.026056634064581054,25
3.34,0.027289057299154828,0.009246810511515775,0.00018364431692162252,0.0,0.0,0.026101897386646526,25
3.36,0.02732351474610543,0.009236812861825707,0.0001827571347029687,0.0,0.0,0.026147155001728477,25
3.38,0.027357356262020596,0.009226786601779214,0.00018186874223920338,0.0,0.0,0.026192406070071877,25
3.4,0.02739055679540131,0.009216730721099126,0.0001809791518187287,0.0,0.0,0.02623764998453551,25
3.42,0.02742309068480249,0.009206644249262597,0.00018008837540077634,0.0,0.0,0.02628288653720201,25
3.44,0.02745493182307534,0.009196526254091153,0.0001791964245559078,0.0,0.0,0.026328116081879918,25
3.46,0.027486141085506084,0.0091863758396357,0.0001783033104443631,0.0,0.0,0.026373339685407973,25
3.48,0.027516634091670995,0.009176192143406939,0.00017740904379330425,0.0,0.0,0.02641855926116121,25
3.5,0.027546355904152536,0.009165974333028539,0.00017651363487476436,0.0,0.0,0.02646377767901695,25
3.52,0.027575280205813724,0.009155721602413272,0.00017561709348616554,0.0,0.0,0.026508998847141807,25
3.54,0.027603380982484146,0.009145433167579575,0.00017471942893542593,0.0,0.0,0.026554227762150377,25
3.56,0.02763063264564063,0.00913510826223767,0.00017382065003261474,0.0,0.0,0.026599470525348293,25
3.58,0.027657010148043653,0.009124746133280586,0.00017292076509012815,0.0,0.0,0.026644734323819398,25
3.6,0.027682489095315517,0.009114346036316836,0.00017201978193319566,0.0,0.0,0.026690027375998626,25
3.62,0.027707045857021075,0.009103907231378657,0.0001711177079224248,0.0,0.0,0.026735358842090752,25
3.64,0.02773065768104224,0.009093428978933959,0.00017021454998986598,0.0,0.0,0.02678073870026579,25
3.66,0.027761061148834195,0.00908291053632183,0.00016931031468987539,0.0,0.0,0.02682617759004357,25
3.68,0.027798498151236018,0.00907235115472133,0.00016840500826577196,0.0,0.0,0.02687168662472856,25
3.7,0.027839162267474408,0.009061750076751732,0.00016752369666304454,0.0,0.0,0.026917277175236558,25
3.72,0.027879573913996838,0.009051106534789476,0.00016678540548462973,0.0,0.0,0.02696296062822539,25
3.74,0.02791973198763182,0.009040419750072682,0.00016604557341413806,0.0,0.0,0.027008748122129136,25
3.7600000000000002,0.02795963473822896,0.009029688932647908,0.00016530226702985614,0.0,0.0,0.027054650265535357,25
3.7800000000000002,0.027999279549928032,0.009018913282195973,0.00016459764869223933,0.0,0.0,0.02710067684329534,25
3.8000000000000003,0.02804561195243334,0.009008091989753192,0.00016397072933137144,0.0,0.0,0.02714683651679315,25
3.8200000000000003,0.02809385930885181,0.008997224240322232,0.00016342173132066504,0.0,0.0,0.027193136525830688,25
3.84,0.028142181488182174,0.008986309216342216,0.0001628827671388879,0.0,0.0,0.027239582400500194,25
3.86,0.02819057966356513,0.008975346101962042,0.00016233936238764667,0.0,0.0,0.027286177692100424,25
3.88,0.02823905268063196,0.008964334088034693,0.00016179156784173652,0.0,0.0,0.02733292373245246,25
3.9,0.02828759684892308,0.008953272377724938,0.00016123943410511457,0.0,0.0,0.027379819430799323,25
3.92,0.02833620577914455,0.008942160192599849,0.00016068301176560241,0.0,0.0,0.027426861116710718,25
3.94,0.028384870273355397,0.008930996779052671,0.00016012235141950933,0.0,0.0,0.027474042436075506,25
3.96,0.028433578273264527,0.008919781414897123,0.0001595575037485615,0.0,0.0,0.027521354305353938,25
3.98,0.028482314869469866,0.008908513415962528,0.00015898851958965916,0.0,0.0,0.027568784926919283,25
4.0,0.028531062371869476,0.008897192142521061,0.00015841544999574734,0.0,0.0,0.02761631986571997,25
4.0200000000000005,0.028579800438814786,0.008885817005386513,0.00015783834628646154,0.0,0.0,0.027663942184838763,25
4.04,0.028628506260121485,0.008874387471539095,0.00015725726008758342,0.0,0.0,0.02771163263507384,25
4.0600000000000005,0.028677154786968934,0.00886290306915137,0.00015667224335878693,0.0,0.0,0.027759369891584614,25
4.08,0.028725719000189873,0.008851363391914955,0.0001560833484095711,0.0,0.0,0.027807130829115196,25
4.1,0.028774170207516655,0.008839768102594002,0.0001554906279036558,0.0,0.0,0.027854890826369747,25
4.12,0.028822478360026195,0.008828116935758145,0.0001548941348524947,0.0,0.0,0.02790262408978355,25
4.14,0.028870612378232723,0.008816409699672907,0.0001542939225987701,0.0,0.0,0.027950303987130512,25
4.16,0.02891854047889989,0.008804646277348328,0.00015369004479099768,0.0,0.0,0.027997903382017596,25
4.18,0.02896623049455898,0.00879282662676638,0.00015308255535040932,0.0,0.0,0.028045394961215834,25
4.2,0.02901365017880155,0.008780950780608707,0.00015247150843143457,0.0,0.0,0.0280927515478409,25
4.22,0.02906076749156776,0.00876901884613711,0.00015185695837705774,0.0,0.0,0.028139946394528017,25
4.24,0.029107550859817963,0.008757030998050239,0.00015123895967027144,0.0,0.0,0.028186953451889856,25
4.26,0.029153969410112564,0.008744987481620786,0.00015061756688284026,0.0,0.0,0.028233747608658107,25
4.28,0.029199993170720386,0.008732888607613017,0.0001499928346224451,0.0,0.0,0.0282803049009774,25
4.3,0.029245593241920467,0.008720734748730443,0.0001493648174792181,0.0,0.0,0.028326602689335283,26
4.32,0.029290741934143993,0.00870852633569051,0.0001487926828000316,0.0,0.0,0.02837261980256139,26
4.34,0.0293354128745218,0.00869626385300593,0.00014825650276651276,0.0,0.0,0.028418336649211586,26
4.36,0.029379581083211547,0.00868394783455098,0.00014771661462320372,0.0,0.0,0.028463735297422847,26
4.38,0.029423223021595977,0.008671578858987684,0.0001471730706608153,0.0,0.0,0.028508799524998886,26
4.4,0.029466316615010847,0.00865915754512259,0.00014662592298960242,0.0,0.0,0.028553514842007018,26
4.42,0.029508841253091424,0.008646684547258896,0.00014607522349460362,0.0,0.0,0.028597868488547076,26
4.44,0.029550777771103827,0.00863416055060252,0.00014552102379432783,0.0,0.0,0.028641849410576747,26
4.46,0.029592108415760827,0.008621586266773453,0.00014496337520305996,0.0,0.0,0.02868544821675615,26
4.48,0.02963793469423299,0.008608962429466703,0.0001444023286968889,0.0,0.0,0.0287286571192217,26
4.5,0.029684861824864215,0.008596289790300058,0.00014383793488353591,0.0,0.0,0.028771469861028753,26
4.5200000000000005,0.02973138013534726,0.008583569116588158,0.00014327024397596942,0.0,0.0,0.028813881632765694,26
4.54,0.029777485820758835,0.008570801184139968,0.00014269930576978477,0.0,0.0,0.028855888980529053,26
4.5600000000000005,0.029823176323795365,0.008557986774154881,0.00014212516962431874,0.0,0.0,0.02889748970712506,26
4.58,0.0298684502303863,0.008545126673100867,0.00014155350083364064,0.0,0.0,0.028938682768025293,26
4.6000000000000005,0.029913307161272537,0.008532221668280195,0.00014113351542067664,0.0,0.0,0.028979468163286257,28
4.62,0.029957747660475223,0.008519272546836024,0.00014071378510096733,0.0,0.0,0.029019846826359528,28
4.64,0.030001773081344513,0.008506280090456335,0.00014029013801101885,0.0,0.0,0.029059820510483867,28
4.66,0.030045385470700566,0.008493245073005872,0.0001398626137842929,0.0,0.0,0.029099391673173488,28
4.68,0.030088587451466444,0.008480168262366522,0.00013943125187653433,0.0,0.0,0.029138563359204353,28
4.7,0.030131382104150832,0.008467050417396076,0.00013899609156261633,0.0,0.0,0.029177339082458786,28
4.72,0.03017377284756538,0.008453892286875079,0.00013855717193673537,0.0,0.0,0.029215722707015567,28
4.74,0.030215763319260944,0.008440694608761378,0.00013811453191592407,0.0,0.0,0.029253718327972453,28
4.76,0.03025735927895739,0.008427458109750438,0.00013766821024667573,0.0,0.0,0.029291330152649217,28
4.78,0.0302986179519145,0.00841418350513833,0.00013721824551457106,0.0,0.0,0.02932856238303016,28
4.8,0.030339487825670763,0.008400871498981555,0.000136764676156642,0.0,0.0,0.029365419100573845,28
4.82,0.030379972240022254,0.008387522784545435,0.0001363075404762565,0.0,0.0,0.029401904154782724,28
4.84,0.030420074182332203,0.008374138045028831,0.00013584687666022178,0.0,0.0,0.029438021057214037,28
4.86,0.03045979618838474,0.008360717954548987,0.00013538272279772768,0.0,0.0,0.029473772882855877,28
4.88,0.030499140252683247,0.008347263179365343,0.00013491511690073922,0.0,0.0,0.029509162180978765,28
4.9,0.030538107750398703,0.008333774379315869,0.00013444409692535387,0.0,0.0,0.029544190897669843,28
4.92,0.03057669937314462,0.008320252209434102,0.00013396970079359438,0.0,0.0,0.029578860312228315,28
4.94,0.03061495118963009,0.008306697321709697,0.0001334919664151371,0.0,0.0,0.029613170989431094,28
4.96,0.030652845583907875,0.008293110366950573,0.0001330109317083108,0.0,0.0,0.0296471227493541,28
4.98,0.030690362071692363,0.008279491996700748,0.00013252663461984493,0.0,0.0,0.029680714655955925,28
5.0,0.03072749830821661,0.008265842865165424,0.0001320391131428011,0.0,0.0,0.029713945025021473,28
5.0200000000000005,0.03076425120731367,0.008252163631093762,0.00013172434764382828,0.0,0.0,0.02974681145135417,28
5.04,0.030800616986133674,0.008238454959570726,0.0001316125744149721,0.0,0.0,0.029779310854342742,28
5.0600000000000005,0.030836591226574544,0.008224717523672069,0.00013149669937455769,0.0,0.0,0.029811439540280843,28
5.08,0.03087216895111398,0.008210952005941201,0.00013137673320700027,0.0,0.0,0.029843193279126646,28
5.1000000000000005,0.030907344710175373,0.008197159099653155,0.00013128587233126473,0.0,0.0,0.029874567392835276,28
5.12,0.030942133779926762,0.008183339509838504,0.0001313216647096328,0.0,0.0,0.02990555685199806,28
5.14,0.03097654628764466,0.008169493954048845,0.0001313529931165225,0.0,0.0,0.029936156377329808,28
5.16,0.0310105390631324,0.00815562316285443,0.0001313798626474111,0.0,0.0,0.029966360542548524,28
5.18,0.031044105757009197,0.008141727880073621,0.00013140227973729455,0.0,0.0,0.029996163875390496,28
5.2,0.03107724004069456,0.008127808862741972,0.00013142025208769345,0.0,0.0,0.030025560953861833,28
5.22,0.031109935694275066,0.008113866880836292,0.00013143378876400084,0.0,0.0,0.03005454649530956,28
5.24,0.031142186685283377,0.008099902716774849,0.00013144289960099058,0.0,0.0,0.03008311543644807,30
5.26,0.031173987237106425,0.008085917164719486,0.00013144759582107946,0.0,0.0,0.03011126300305992,31
5.28,0.031205331886303513,0.008071911029708353,0.00013144788925756085,0.0,0.0,0.030138984768654207,32
5.3,0.03123621552862913,0.008057885126649471,0.00013144379271299588,0.0,0.0,0.030166276701880296,32
5.32,0.03126663345400094,0.008043840279205523,0.000131435319825248,0.0,0.0,0.030193135202940723,32
5.34,0.03129658137099772,0.008029777318599147,0.0001314224849461478,0.0,0.0,0.030219557129591942,32
5.36,0.03132605542174656,0.008015697082366442,0.00013140530306869665,0.0,0.0,0.030245539813596317,32
5.38,0.03135505218822055,0.008001600413083574,0.00013138378975790748,0.0,0.0,0.030271081068651184,32
5.4,0.031383568691070875,0.007987488157088664,0.00013135796108557977,0.0,0.0,0.03029617919092399,32
5.42,0.03141160238214215,0.007973361163217922,0.00013132783356926858,0.0,0.0,0.03032083295334749,32
5.44,0.031439151131797384,0.007959222012852318,0.0001312934241155112,0.0,0.0,0.03034504159480718,34
5.46,0.03146621321210914,0.007952260590716903,0.00013125474996733064,0.0,0.0,0.030368804805283495,34
5.48,0.03149278727689375,0.007945252498006991,0.00013121182873624537,0.0,0.0,0.030392122707932075,34
5.5,0.031518872339444684,0.007938192414887534,0.00013116467842150413,0.0,0.0,0.030414995838964842,34
5.5200000000000005,0.03154446774872192,0.007931081202429005,0.00013111331670359245,0.0,0.0,0.030437425126095777,34
5.54,0.03156957316462898,0.007923919718193324,0.00013111745565419646,0.0,0.0,0.030459411866190608,34
5.5600000000000005,0.03159422243321314,0.00791670881524326,0.00013120654348282786,0.0,0.0,0.030480957702660773,34
5.58,0.031618405261835326,0.007909449341213159,0.00013129445838208222,0.0,0.0,0.03050206460303175,34
5.6000000000000005,0.03164209904858991,0.007902142137440189,0.00013137746755346633,0.0,0.0,0.03052273483703634,34
5.62,0.031665304447543036,0.007894788038154238,0.0001314555934560928,0.0,0.0,0.030542970955496046,34
5.64,0.0316880223016075,0.007887387869724075,0.00013152885868442901,0.0,0.0,0.03056277577018858,34
5.66,0.03171025362029108,0.007879942449956757,0.000131597285849337,0.0,0.0,0.030582152334843352,34
5.68,0.03173199955848582,0.007872452587447006,0.00013166089756183076,0.0,0.0,0.030601103927357015,34
5.7,0.03175326139634103,0.007864919080973065,0.00013176714245941173,0.0,0.0,0.03061963403328264,34
5.72,0.031774085916390075,0.007857342718935295,0.00013195553093280464,0.0,0.0,0.03063774633061737,34
5.74,0.031794434620279706,0.007849724278833932,0.00013213929537949588,0.0,0.0,0.030655444675886347,34
5.76,0.0318143039679802,0.007842064526782218,0.00013231843100592266,0.0,0.0,0.030672733091505512,34
5.78,0.03183369556288596,0.007834364217051346,0.00013249293354057544,0.0,0.0,0.03068961575438946,34
5.8,0.031852611048973425,0.007826624091643686,0.0001326627992282767,0.0,0.0,0.03070609698576331,34
5.82,0.03187105209676393,0.007818844879890919,0.00013282802482295273,0.0,0.0,0.030722181242129352,34
5.84,0.03188902039011572,0.007811027298073698,0.00013298860757911255,0.0,0.0,0.030737873107337985,34
5.86,0.03190651761377543,0.007803172049059854,0.00013314454524223935,0.0,0.0,0.03075317728570656,34
5.88,0.03192354544162319,0.0077952798219580646,0.0001332958360381959,0.0,0.0,0.0307680985961333,34
5.9,0.03194010552554466,0.007787351291784167,0.00013344247866186904,0.0,0.0,0.030782641967152486,34
5.92,0.03195619948486471,0.007779387119137452,0.00013358447226511364,0.0,0.0,0.030796812432878035,34
5.94,0.03197182889628102,0.007771387949884369,0.00013372181644417955,0.0,0.0,0.03081061512978535,34
5.96,0.031986995284238706,0.0077633544148472,0.00013385451122665406,0.0,0.0,0.03082405529428324,34
5.98,0.03200174167951126,0.00775528712949546,0.00013398255705804218,0.0,0.0,0.030837138261031044,34
6.0,0.032016095457011916,0.0077471866936378465,0.00013410595478806825,0.0,0.0,0.0308498694619552,34
6.0200000000000005,0.03202999101273313,0.007739053691112659,0.0001342247056567477,0.0,0.0,0.030862254425926296,34
6.04,0.032043429571603874,0.007730888689474804,0.00013433881128029957,0.0,0.0,0.030874298779052636,34
6.0600000000000005,0.03205641226299927,0.00772269223967758,0.0001344482736369526,0.0,0.0,0.03088600824555499,34
6.08,0.032068940112761984,0.007714464875747495,0.00013455309505267912,0.0,0.0,0.030897388649179923,34
6.1000000000000005,0.03208101403537967,0.007706207114450616,0.0001346532781869514,0.0,0.0,0.03090844591511579,34
6.12,0.032092634826295936,0.007697919454948929,0.0001347488260184771,0.0,0.0,0.03091918607236682,34
6.140000000000001,0.0321038031543484,0.007689602378445463,0.00013483974183103138,0.0,0.0,0.030929615256547287,34
6.16,0.032114519554324684,0.007681256347816972,0.00013492602926346223,0.0,0.0,0.030939739713043507,34
6.18,0.032124784419648916,0.007672881807233191,0.00013500769232459504,0.0,0.0,0.03094956580049924,34
6.2,0.03213459799520814,0.00766447918176187,0.00013508473491295864,0.0,0.0,0.03095909999456034,34
6.22,0.03214396037035206,0.007656048876959005,0.00013515716139358562,0.0,0.0,0.030968348891818733,34
6.24,0.032152871472104036,0.007647591278443921,0.00013522497636810204,0.0,0.0,0.030977319213877107,34
6.26,0.032161331058640004,0.007639106751459228,0.00013528818477975555,0.0,0.0,0.030986017811447133,34
6.28,0.03216933871311093,0.007630595640415935,0.0001353467916594021,0.0,0.0,0.03099445166838023,36
6.3,0.03217689383790068,0.007622058268424537,0.00013540080226465744,0.0,0.0,0.031002627905510047,36
6.32,0.032183995649436845,0.007613494940242717,0.00013545022198584324,0.0,0.0,0.03101055378416747,36
6.34,0.03219064317369597,0.007604905932978602,0.00013549505632784957,0.0,0.0,0.03101823670920414,36
6.36,0.03219683524257544,0.007596291501479535,0.00013553531105741214,0.0,0.0,0.03102568423133556,36
6.38,0.03220257049133349,0.007587651878740545,0.00013557099209860114,0.0,0.0,0.031032904048580823,36
6.4,0.03220788627504741,0.007578987273967144,0.00013560210552453846,0.0,0.0,0.031039904006545292,36
6.42,0.032212756563601064,0.007570297872072546,0.00013562865755022244,0.0,0.0,0.0310466920972549,36
6.44,0.0322171650763297,0.007561583833185864,0.00013565065452668696,0.0,0.0,0.03105327645620652,36
6.46,0.03222110966685903,0.0075528452921790916,0.00013566810293664974,0.0,0.0,0.031059665357260437,36
6.48,0.03222463302517847,0.007544082358222439,0.00013568100939191502,0.0,0.0,0.03106586720495533,36
6.5,0.032227695575616847,0.007535295114379189,0.0001356893806326941,0.0,0.0,0.031071890523781343,36
6.5200000000000005,0.03223028702058606,0.007526483617253204,0.00013569322352918192,0.0,0.0,0.03107774394390652,36
6.54,0.03223240455611324,0.007517647896704303,0.00013569254508564234,0.0,0.0,0.031083436182821417,36
6.5600000000000005,0.03223766360634147,0.007508787955648929,0.00013568735244728428,0.0,0.0,0.031088976022332244,36
6.58,0.032246614509879756,0.007499903769965757,0.0001356776529102558,0.0,0.0,0.03109437228033513,36
6.6000000000000005,0.03225543301060047,0.007490995288528299,0.000135663453935127,0.0,0.0,0.031099633776805424,36
6.62,0.03226408628567302,0.007482062433388716,0.00013564476316409372,0.0,0.0,0.031104769293483804,36
6.640000000000001,0.03227258166001441,0.007473105100139147,0.00013562158844229776,0.0,0.0,0.031109787526812597,36
6.66,0.032280926277696166,0.0074641231584784105,0.0001355939378434854,0.0,0.0,0.031114697033799748,36
6.68,0.03228912703878605,0.007455116453013225,0.0001355618197002868,0.0,0.0,0.031119506170663235,36
6.7,0.03229719052895076,0.007446084804323299,0.0001355252426392474,0.0,0.0,0.031124223024341223,36
6.72,0.03230512294220211,0.007437028010318928,0.0001354854240943375,0.0,0.0,0.031128855337256865,36
6.74,0.03231292999752735,0.007431704759002727,0.00013549038212418648,0.0,0.0,0.031133410426086146,36
6.76,0.03232061685057668,0.007428046867812387,0.000135535730675101,0.0,0.0,0.03113789509570879,36
6.78,0.03232820863871401,0.007424335304732639,0.0001356375288856426,0.0,0.0,0.031142315549985904,36
6.8,0.03233571852432493,0.00742056939322849,0.00013574182555416083,0.0,0.0,0.031146677301509804,36
6.82,0.03234311966014804,0.007416748447753869,0.0001358427167985958,0.0,0.0,0.0311509850829561,36
6.84,0.03235041403409683,0.007412871779125139,0.00013594023288934968,0.0,0.0,0.03115524276310603,36
6.86,0.03235760262924646,0.007408938700414439,0.00013603440320898212,0.0,0.0,0.03115945327095148,36
6.88,0.032364685356419724,0.007404948533301656,0.00013612525608546605,0.0,0.0,0.031163618531477717,36
6.9,0.03237166100185497,0.0074009006148001025,0.00013621281862564568,0.0,0.0,0.031167739416715235,36
6.92,0.03237852719328195,0.007396794304247248,0.00013629711655225015,0.0,0.0,0.03117181571539578,36
6.94,0.032385280387223395,0.007392628990430723,0.00013637817404814988,0.0,0.0,0.031175846124039713,36
6.96,0.032391915879569695,0.0073884040987019055,0.0001364560136115947,0.0,0.0,0.031179828261531265,36
6.98,0.03239842935592198,0.007384119097917297,0.00013653065592609978,0.0,0.0,0.031183758708245423,36
7.0,0.032404863406005235,0.007379773507042698,0.00013660211974839934,0.0,0.0,0.031187633069642853,36
7.0200000000000005,0.032411191865885376,0.0073753669017506945,0.00013667042181736628,0.0,0.0,0.031191446063016954,36
7.04,0.032417393337244575,0.007370898922736799,0.0001367355767862755,0.0,0.0,0.031195191624900368,36
7.0600000000000005,0.03242343873331663,0.007366369268889473,0.00013679759717990475,0.0,0.0,0.031198863035577697,36
7.08,0.032429317898822724,0.007361777715663189,0.00013685649337717606,0.0,0.0,0.03120245305634748,36
7.1000000000000005,0.032435020186942644,0.007357124110482465,0.00013691227361918327,0.0,0.0,0.0312059540746618,36
7.12,0.03244053460126891,0.007352408371038418,0.00013696494404156101,0.0,0.0,0.03120935825210486,36
7.140000000000001,0.03244584993544274,0.007347630493845539,0.00013701450872937373,0.0,0.0,0.031212657670339955,36
7.16,0.03245095490605716,0.007342790550763746,0.00013706096979213008,0.0,0.0,0.03121584447061552,36
7.18,0.03245583827510758,0.007337888687877038,0.00013710432745599378,0.0,0.0,0.031218910983115435,36
7.2,0.03246048895912043,0.007332925123523062,0.00013714458017002315,0.0,0.0,0.031221849843286107,36
7.22,0.032464896122998146,0.007327900145572935,0.00013718172472304777,0.0,0.0,0.03122465409318036,36
7.24,0.03246904925751514,0.007322814108072828,0.00013721575636796822,0.0,0.0,0.03122731726674993,36
7.26,0.03247293824022033,0.007317667427364606,0.00013724666895032934,0.0,0.0,0.0312298334588375,36
7.28,0.032476553380197414,0.007312460577802992,0.0001372744550383123,0.0,0.0,0.031232197378309356,36
7.3,0.03247988544768461,0.007307194087182317,0.0001372991060516859,0.0,0.0,0.03123440438631574,36
7.32,0.032482925689951855,0.007302740699398866,0.00013732061238760858,0.0,0.0,0.03123645052105513,36
7.34,0.03248566583508394,0.007299627469275907,0.00013733896354158436,0.0,0.0,0.031238332510661236,36
7.36,0.03248809808544089,0.007296447603147441,0.00013735414822228946,0.0,0.0,0.031240047775944867,36
7.38,0.0324902151025845,0.007293201776797067,0.00013736615457573455,0.0,0.0,0.03124159442472821,36
7.4,0.03249200998539243,0.007289890698321979,0.0001373749701025207,0.0,0.0,0.03124297123942808,36
7.42,0.032493476242969416,0.007286515101808626,0.00013738058160322708,0.0,0.0,0.031244177659416037,36
7.44,0.03249460776380482,0.007283075742500717,0.00013738297563886627,0.0,0.0,0.0312452137595035,36
7.46,0.032495398782460015,0.007279573392681647,0.00013738213844392824,0.0,0.0,0.03124608022571169,36
7.48,0.032495843844894776,0.007276008837787293,0.00013737805599497348,0.0,0.0,0.031246778329285227,36
7.5,0.0324959377733803,0.007272382872757444,0.00013737071428735942,0.0,0.0,0.031247309899715945,36
7.5200000000000005,0.03249567563179652,0.0072686962986284525,0.0001373600988768951,0.0,0.0,0.031247677297358726,36
7.54,0.03249505269197986,0.007264949919365335,0.00013734619518027358,0.0,0.0,0.031247883386049287,36
7.5600000000000005,0.03249406440168517,0.007261144538928194,0.00013732898869276143,0.0,0.0,0.03124793150598623,36
7.58,0.03249270635463302,0.007257280958565572,0.00013730846516799922,0.0,0.0,0.031247825446996547,36
7.6000000000000005,0.03249097426305352,0.007253359974325833,0.0001372846098524504,0.0,0.0,0.031247569422187406,36
7.62,0.03248886393308849,0.007249382374776978,0.00013725740829646302,0.0,0.0,0.031247168041876657,36
7.640000000000001,0.032486371243390336,0.007245348938925067,0.00013725699156138916,0.0,0.0,0.031246626287604776,36
7.66,0.03248349212723753,0.007241260434321858,0.00013728998169709907,0.0,0.0,0.031245949485943007,36
7.68,0.032485221399050225,0.007237117615352949,0.00013733856801617796,0.0,0.0,0.031245143281745363,36
7.7,0.032488045009864935,0.00723292122169885,0.0001374303573220056,0.0,0.0,0.031244213610425918,36
7.72,0.032490721765173,0.007228671976962707,0.00013751838564220108,0.0,0.0,0.03124316666879039,36
7.74,0.03249325729904524,0.007224370587460006,0.00013760264006727047,0.0,0.0,0.031242008883911137,36
7.76,0.032495667236283214,0.0072200177411672,0.00013770326292998305,0.0,0.0,0.031240746879499688,36
7.78,0.03249798849710763,0.007215614106828057,0.00013781800749256833,0.0,0.0,0.03123938743921837,36
7.8,0.03250018661643559,0.007211160333218284,0.00013795716034601776,0.0,0.0,0.031237937466373558,36
7.82,0.03250226770523111,0.007206657048570843,0.0001381042793770662,0.0,0.0,0.031236403939458347,36
7.84,0.0325042378803835,0.007202104860166043,0.00013824864730172925,0.0,0.0,0.031234793863064957,36
7.86,0.03250610320999444,0.0071975043540920625,0.00013839027518458091,0.0,0.0,0.031233114213775746,36
7.88,0.03250786965334252,0.007192856095182845,0.0001385291745138214,0.0,0.0,0.03123137188076489,36
7.9,0.032509542995427895,0.007188160627141273,0.0001386653571409639,0.0,0.0,0.031229573601015966,36
7.92,0.032511128776224536,0.007184896453797804,0.00013879883521144746,0.0,0.0,0.03122772588928571,36
7.94,0.03251263221502862,0.007185424434426588,0.0001389296212581003,0.0,0.0,0.031225834963205183,36
7.96,0.0325140581306248,0.007185876239418547,0.00013905772762801106,0.0,0.0,0.031223906664243416,36
7.98,0.032515410858345875,0.007186251523579672,0.0001391831668100018,0.0,0.0,0.031221946375611695,36
8.0,0.03251669416549512,0.007186549924318417,0.00013930595124575016,0.0,0.0,0.03121995893858125,36
8.02,0.03251791116700546,0.00718677106590596,0.00013942609318676053,0.0,0.0,0.031217948569091575,36
8.040000000000001,0.03251906424358713,0.007186914564305113,0.00013954360457320387,0.0,0.0,0.031215918776904217,36
8.06,0.03252015496494886,0.007186980032540899,0.00013965849690713994,0.0,0.0,0.031213872289890088,36
8.08,0.0325211840209217,0.007186967086566538,0.00013977078112179065,0.0,0.0,0.031211810986282732,36
8.1,0.03252215116342115,0.007186875351557903,0.0001398804674489959,0.0,0.0,0.031209735837835696,36
8.120000000000001,0.032523055162136605,0.007186704468548185,0.00013998756528722653,0.0,0.0,0.031207646866775945,36
8.14,0.03252389377659037,0.0071864541012941685,0.0001400920830728362,0.0,0.0,0.031205543119197925,36
8.16,0.032524663746762494,0.007186123943246972,0.0001401940281573129,0.0,0.0,0.031203422657096715,36
8.18,0.03252536080383616,0.007185713724485596,0.00014029340669342155,0.0,0.0,0.031201282570596917,36
8.2,0.032525979701807164,0.007185223218461888,0.00014039022353300748,0.0,0.0,0.031199119011122593,36
8.22,0.03252651426977764,0.007184652248402273,0.0001404844821389954,0.0,0.0,0.031196927245329745,36
8.24,0.0325269574837805,0.007184000693215262,0.00014057618451381607,0.0,0.0,0.031194701728649483,36
8.26,0.03252730155603962,0.007183268492764677,0.000140665331146002,0.0,0.0,0.03119243619634766,36
8.28,0.0325275380387433,0.007183679021439503,0.0001407519209760674,0.0,0.0,0.031190123769180518,38
8.3,0.03252765793875587,0.007186458585826957,0.0001408359513823247,0.0,0.0,0.031187757070071986,38
8.32,0.03252765183928318,0.007189147042087974,0.0001409174181864019,0.0,0.0,0.031185328347830457,38
8.34,0.03252751002435032,0.007191744528609119,0.0001409975309214003,0.0,0.0,0.03118282960376515,38
8.36,0.03252722260206036,0.007194251258906552,0.00014110366524840046,0.0,0.0,0.031180252717173187,38
8.38,0.03252677962293632,0.0071966675216211615,0.0001412073964998111,0.0,0.0,0.031177589566002497,38
8.4,0.032526171190184056,0.00719899367961369,0.00014130871643172778,0.0,0.0,0.03117483213953138,38
8.42,0.0325253875593582,0.007201230168231703,0.00014140761559222083,0.0,0.0,0.03117197264055068,38
8.44,0.03252441922563514,0.007203377492838365,0.00014150408341609175,0.0,0.0,0.0311690035752571,38
8.46,0.03252325699761251,0.007205436225705018,0.00014159810832611245,0.0,0.0,0.03116591782978159,38
8.48,0.032521892057225575,0.007207407002376381,0.00014168967801470972,0.0,0.0,0.031162708732948827,38
8.5,0.032520316005956215,0.007209290517618688,0.0001417787791835318,0.0,0.0,0.03115937010544912,38
8.52,0.03251852089798637,0.007211087521058268,0.00014186539769832135,0.0,0.0,0.03115589629608067,38
8.540000000000001,0.03251649926130365,0.007212798812611679,0.00014194951899543785,0.0,0.0,0.031152282206076534,38
8.56,0.03251424410801339,0.007214425237799561,0.00014203112802556547,0.0,0.0,0.031148523302777002,38
8.58,0.03251174893524583,0.007215967683025767,0.00014211020935111853,0.0,0.0,0.03114461562404311,38
8.6,0.032509043671332186,0.00721742707089164,0.00014218674723840801,0.0,0.0,0.031140555774851843,38
8.620000000000001,0.03250615350502347,0.00721880435560382,0.00014226072574394978,0.0,0.0,0.031136340917495127,38
8.64,0.03250300713998983,0.0072201005185224066,0.000142332128794567,0.0,0.0,0.03113196875671953,38
8.66,0.03249959988482425,0.007221316563885693,0.00014240094026112226,0.0,0.0,0.031127437521033727,38
8.68,0.03249592744496413,0.007222453514738159,0.00014246714402583462,0.0,0.0,0.031122745941274343,38
8.700000000000001,0.03249198589493856,0.007223512409079832,0.00014253072413524139,0.0,0.0,0.031117893227374932,38
8.72,0.032487771649426817,0.007224494296247839,0.00014259166486090393,0.0,0.0,0.031112879044135257,38
8.74,0.03248328143378845,0.00722540023353493,0.00014264995018416094,0.0,0.0,0.0311077034866548,38
8.76,0.03247851225459127,0.007226231283044724,0.0001427055645840949,0.0,0.0,0.031102367055959177,38
8.78,0.0324734613705557,0.007227361140521364,0.0001427687995346406,0.0,0.0,0.0310968706352389,38
8.8,0.03246812626422971,0.007231144723888902,0.00014285770148088692,0.0,0.0,0.031091215467013256,38
8.82,0.032462504614630204,0.007235169592106486,0.0001429544871541677,0.0,0.0,0.03108540313145167,38
8.84,0.0324565942710127,0.007239112720075253,0.00014304885588762252,0.0,0.0,0.03107943552600804,38
8.86,0.03245039322787379,0.007242975137315365,0.00014314079624252766,0.0,0.0,0.031073314846462502,38
8.88,0.03244389960125037,0.007246757864066761,0.00014323029723047883,0.0,0.0,0.03106704356942056,38
8.9,0.03243711160633832,0.007250461909552738,0.0001433173483320083,0.0,0.0,0.031060624436273356,38
8.92,0.03243002753643279,0.007254088270397528,0.00014340193951270513,0.0,0.0,0.031054060438596487,38
8.94,0.032422645743171004,0.007260152324795558,0.00014348406123711465,0.0,0.0,0.031047354804936835,38
8.96,0.03241496461804736,0.007266976412778413,0.00014356370448066175,0.0,0.0,0.031040510988917795,38
8.98,0.03240698257516521,0.007273714511137618,0.00014364086081900424,0.0,0.0,0.03103353265857877,38
9.0,0.0323986980351873,0.007280367536698732,0.00014372374985062786,0.0,0.0,0.031026423686851906,38
9.02,0.03239010941044794,0.007286936387767449,0.0001438513666722919,0.0,0.0,0.031019188143067842,38
9.040000000000001,0.0323812150911974,0.007293421943211387,0.0001439763733416423,0.0,0.0,0.031011830285376372,38
9.06,0.03237201343295605,0.0072998250616212665,0.00014409876354824056,0.0,0.0,0.031004354553958776,38
9.08,0.03236250274496416,0.007306146580543992,0.0001442394909167166,0.0,0.0,0.030996765564900133,38
9.1,0.032354060749333814,0.007312387315780814,0.00014441098795026522,0.0,0.0,0.030989068104586716,38
9.120000000000001,0.03234673038657825,0.007318548060744738,0.00014457975254231933,0.0,0.0,0.0309812671244811,38
9.14,0.032339185641077295,0.00732462958587206,0.00014474578068382477,0.0,0.0,0.030973367736124264,38
9.16,0.032331428381480606,0.007330632638083891,0.00014490906893330728,0.0,0.0,0.0309653752062033,38
9.18,0.03232346050657724,0.007336557940294241,0.00014506961441642624,0.0,0.0,0.030957294951512792,38
9.200000000000001,0.032315283934749875,0.007342406190962201,0.0001452274148246822,0.0,0.0,0.030949132533634707,38
9.22,0.0323069005927069,0.007348178063686571,0.0001453824684132881,0.0,0.0,0.030940893653146045,38
9.24,0.032298312403287316,0.007353874206842135,0.0001455347740683976,0.0,0.0,0.03093258414315853,38
9.26,0.03228952127212926,0.007359495243257696,0.00014568433135472473,0.0,0.0,0.030924209961989312,38
9.28,0.032280529072985495,0.007365041769936835,0.0001458311399370691,0.0,0.0,0.030915777184754255,38
9.3,0.03227133763147093,0.007370514357823193,0.00014597520028517352,0.0,0.0,0.030907291993675656,38
9.32,0.03226194870703552,0.007375913551612988,0.00014611651340688833,0.0,0.0,0.030898760666903793,38
9.34,0.032252363972963605,0.007381239869618229,0.00014628476706260253,0.0,0.0,0.030890189565657835,38
9.36,0.032242584994227975,0.00738649380368485,0.0001464894784472683,0.0,0.0,0.030881585119517,38
9.38,0.03223261320305668,0.007391675819170695,0.00014671298390208848,0.0,0.0,0.03087295380972024,38
9.4,0.03222244987211964,0.007396786354988802,0.00014693383309609753,0.0,0.0,0.030864302150379195,38
9.42,0.03221209608530341,0.007401825823721775,0.00014717597150251752,0.0,0.0,0.030855636667566643,38
9.44,0.03220155270611963,0.007406794611813351,0.00014742021120123943,0.0,0.0,0.030846963876315754,38
9.46,0.03219082034389569,0.007411693079842954,0.00014766197571496823,0.0,0.0,0.030838290255663814,38
9.48,0.032179899317999784,0.0074165215628888845,0.00014790127101717488,0.0,0.0,0.030829622221970707,39
9.5,0.03216878962049349,0.007421280370984788,0.00014813810354150168,0.0,0.0,0.03082096610087727,40
9.52,0.032157490877738865,0.007425969789672999,0.0001483898876331635,0.0,0.0,0.030812328098393228,40
9.540000000000001,0.03214600231163794,0.007430590080656674,0.00014867292624748038,0.0,0.0,0.03080371427174546,40
9.56,0.03213432270133014,0.007435141482550536,0.00014895344349574478,0.0,0.0,0.03079513050075338,40
9.58,0.032122450346306945,0.0074396242117274695,0.00014925608947394551,0.0,0.0,0.0307865824606178,40
9.6,0.0321103830320131,0.007444038463255376,0.00014956046693123795,0.0,0.0,0.030778075597104538,40
9.620000000000001,0.03209811799908238,0.007448384411915334,0.00014990134769324827,0.0,0.0,0.03076961510516351,40
9.64,0.032085651917381115,0.007452662213288774,0.0001502697308041259,0.0,0.0,0.03076120591202867,40
9.66,0.03207298086599908,0.007456872004897948,0.00015064482510895947,0.0,0.0,0.030752852665786944,40
9.68,0.03206259512133857,0.007461013907380773,0.00015102411587597164,0.0,0.0,0.030744559730284136,40
9.700000000000001,0.032054648258009216,0.007465088025678363,0.00015141987428168385,0.0,0.0,0.030736331187034175,40
9.72,0.03204665874349116,0.007469094450211496,0.0001518136009738612,0.0,0.0,0.03072817084454178,40
9.74,0.03203862707682389,0.007473033258021069,0.00015220530808395422,0.0,0.0,0.03072008225512537,40
9.76,0.03203059730438612,0.007476904513847485,0.0001525950079345265,0.0,0.0,0.030712068738978957,40
9.78,0.03202252737168694,0.007480708271125024,0.00015298271302132446,0.0,0.0,0.030704133414833926,40
9.8,0.032014415125601534,0.007484444572869526,0.00015336843599851114,0.0,0.0,0.030696279236232818,40
9.82,0.03200625991858208,0.007488113452441255,0.00015375218966724954,0.0,0.0,0.03068850903209919,40
9.84,0.03199806090413291,0.007491714934169349,0.00015413398696750104,0.0,0.0,0.030680825550037493,40
9.86,0.03198981707592197,0.007495249035301681,0.00015451384097294005,0.0,0.0,0.03067323150061292,40
9.88,0.03198152730577567,0.0074987157662325865,0.0001548917648886324,0.0,0.0,0.03066572960077517,40
9.9,0.03197319037871273,0.00750211512219134,0.0001552677720509756,0.0,0.0,0.03065832261459477,40
9.92,0.03196480502326627,0.007505447094696796,0.00015566466431878964,0.0,0.0,0.030651013389574846,40
9.94,0.031956369935504304,0.007508711667205479,0.0001560611807311919,0.0,0.0,0.03064380488696208,40
9.96,0.03194788379539727,0.007511908814942775,0.00015645596812614677,0.0,0.0,0.030636700204720205,40
9.98,0.031939345274441394,0.007515038504661055,0.00015684904095160626,0.0,0.0,0.030629702592089643,40
10.0,0.03193075303375148,0.0075181006943534,0.00015724041381537845,0.0,0.0,0.03062281545496245,40
10.02,0.03192210571214204,0.007521095332953993,0.0001576301018414302,0.0,0.0,0.030616042351607132,40
10.040000000000001,0.03191340190403018,0.0075240223600575445,0.0001580181196668638,0.0,0.0,0.030609386978592768,40
10.06,0.03190464012729766,0.007526881705690393,0.000158404482298325,0.0,0.0,0.030602853147066476,40
10.08,0.03189581878155133,0.007529673290165199,0.00015878920494746408,0.0,0.0,0.03059644474983923,40
10.1,0.031886936097509005,0.0075323970240493004,0.0001591723029490489,0.0,0.0,0.030590165720024026,40
10.120000000000001,0.03187799007852345,0.00753505280827419,0.00015955379174054047,0.0,0.0,0.03058401998225429,40
10.14,0.03186897843553133,0.007537640534409858,0.0001599336868365005,0.0,0.0,0.030578011397785092,40
10.16,0.031859898516978694,0.007540160085123241,0.0001603120037978644,0.0,0.0,0.030572143705043086,40
10.18,0.031850747235523114,0.007542611334834631,0.00016068875819616924,0.0,0.0,0.03056642045743811,40
10.200000000000001,0.031841520993542295,0.007544994150579797,0.00016106396557313826,0.0,0.0,0.030560844960477958,40
10.22,0.0318322156096604,0.0075473083930785575,0.00016143764139613,0.0,0.0,0.03055542021040614,40
10.24,0.03182282624863953,0.00754955391800334,0.00016180980101020953,0.0,0.0,0.030550148836716376,40
10.26,0.03181334735703985,0.007551730577433325,0.0001621804595877499,0.0,0.0,0.030545033050949303,40
10.28,0.03180377260701769,0.007553838221471944,0.00016254963207669356,0.0,0.0,0.03054007460413863,40
10.3,0.03179409485048777,0.007555876699997795,0.00016291733314867428,0.0,0.0,0.030535274755124225,40
10.32,0.031784306085611204,0.007557845864511979,0.0001632835771483801,0.0,0.0,0.030530634251679404,40
10.34,0.031774397437191515,0.007559745570038651,0.0001636483780455496,0.0,0.0,0.03052615332601071,40
10.36,0.03176435915206631,0.007565189840074936,0.00016401174939101776,0.0,0.0,0.030521831705684586,40
10.38,0.03175418061000136,0.007572684587751075,0.00016437370432014685,0.0,0.0,0.030517668640442558,40
10.4,0.03174385034995782,0.007580089777406992,0.00016473425557371,0.0,0.0,0.030513662944716056,40
10.42,0.03173335611095145,0.007587405155213981,0.00016509341506563456,0.0,0.0,0.030509813054984458,40
10.44,0.03172268488610054,0.007594630481631138,0.00016545119435748144,0.0,0.0,0.03050611710047762,40
10.46,0.03171182298792163,0.0076017655325764984,0.00016580760447538256,0.0,0.0,0.03050257298516518,40
10.48,0.03170075612249966,0.007608810100328459,0.00016617736925057732,0.0,0.0,0.030499178478516097,40
10.5,0.03169045505628932,0.007615763994130582,0.0001665506106724164,0.0,0.0,0.030495931312210775,40
10.52,0.031681414410947406,0.0076226270406490396,0.00016692263481916887,0.0,0.0,0.03049282927983688,40
10.540000000000001,0.0316722093286919,0.0076293990836265755,0.00016729345050585622,0.0,0.0,0.030489870336610818,40
10.56,0.031663067590269454,0.007636079983556049,0.0001676663269669302,0.0,0.0,0.030487052696329738,40
10.58,0.03165591966763153,0.007642669617461688,0.000168057231652116,0.0,0.0,0.030484374923037256,40
10.6,0.03165028971171182,0.00764916789676633,0.0001684471947029608,0.0,0.0,0.030481836015254525,40
10.620000000000001,0.03164536376197263,0.007655574749440493,0.0001688362237619131,0.0,0.0,0.030479435481055774,40
10.64,0.031640385234432196,0.007661890053376311,0.00016922432626032948,0.0,0.0,0.030477173402698315,40
10.66,0.031635348460802834,0.007668113738628961,0.00016963051016827702,0.0,0.0,0.030475050489943065,40
10.68,0.0316322831073822,0.007674245743544963,0.00017004752433990772,0.0,0.0,0.03047306812158086,40
10.700000000000001,0.03162955981754692,0.007680286015267393,0.0001704754807409368,0.0,0.0,0.030471228374996842,40
10.72,0.03162684721214255,0.007686234504922688,0.00017090290505049978,0.0,0.0,0.030469534043861664,40
10.74,0.03162414455695568,0.007692091167819929,0.00017132980485525329,0.0,0.0,0.030467988644216334,40
10.76,0.031621451669024345,0.0076978559608012805,0.0001717561878945668,0.0,0.0,0.030466596409332733,40
10.78,0.031618768893181236,0.007703528839764629,0.0001721839383735868,0.0,0.0,0.03046536227378807,40
10.8,0.031616116020009785,0.007709109758478017,0.000172623842202957,0.0,0.0,0.030464291847201175,40
10.82,0.03161350320081569,0.007714598666569462,0.0001730633740599279,0.0,0.0,0.030463391378059243,40
10.84,0.031610904524041396,0.007719995507907068,0.00017350254480413471,0.0,0.0,0.03046266770802164,40
10.86,0.03160832200525687,0.007725300219144489,0.00017394136561847302,0.0,0.0,0.030462128217045012,40
10.88,0.031605757919058286,0.00773051272845712,0.00017438605392254336,0.0,0.0,0.030461780759640743,40
10.9,0.0316032147175584,0.007735632954492224,0.0001748391084079798,0.0,0.0,0.030461633592566935,40
10.92,0.03160069494041275,0.007740660807083925,0.0001752919801732036,0.0,0.0,0.030461695294270834,40
10.94,0.031598201116805634,0.007745596185177179,0.00017574468376989013,0.0,0.0,0.030461974676467687,40
10.96,0.031595735659928625,0.007750438971924009,0.00017619723401905008,0.0,0.0,0.030462480688339382,40
10.98,0.031593300754657806,0.007755189042319809,0.0001766496459770845,0.0,0.0,0.030463222313997465,40
11.0,0.03159182841962344,0.007759846260433128,0.00017710193489386194,0.0,0.0,0.03046420846405595,40
11.02,0.031591776964412434,0.007764410479981392,0.00017757757933704543,0.0,0.0,0.030465447862402493,41
11.040000000000001,0.0315918379976082,0.007768881545201424,0.00017808330946414685,0.0,0.0,0.030466948929539606,41
11.06,0.03159201454030606,0.007773259292008315,0.00017858890195080607,0.0,0.0,0.03046871966416634,41
11.08,0.03159281481055207,0.0077775435494298155,0.00017909437217167182,0.0,0.0,0.030470767524971167,41
11.1,0.0315954921891237,0.007781734141296383,0.00017959973538014085,0.0,0.0,0.030473099314895842,41
11.120000000000001,0.03159836415821804,0.0077858308881596575,0.00018010500662703335,0.0,0.0,0.030475721070362657,41
11.14,0.031601432906989996,0.0077898336094213315,0.000180610200675746,0.0,0.0,0.030478637958138145,41
11.16,0.031604699547149104,0.00779374212579379,0.00018111533191518103,0.0,0.0,0.030481854182575954,41
11.18,0.031608164028339325,0.007797556260981667,0.00018162041427195784,0.0,0.0,0.030485372905947206,41
11.200000000000001,0.03161182506902431,0.007801275844824196,0.0001821254611234219,0.0,0.0,0.030489196184400272,41
11.22,0.03161568010510952,0.007804900715465084,0.00018263048521310028,0.0,0.0,0.030493324921780363,41
11.24,0.031619725258086304,0.007808430721706051,0.00018313549857021318,0.0,0.0,0.03049775884309664,41
11.26,0.03162395532390776,0.007811865725240687,0.00018364051243480146,0.0,0.0,0.03050249648885459,41
11.28,0.0316283637831303,0.007815205602714391,0.00018414553718991503,0.0,0.0,0.030507535230801477,41
11.3,0.03163294283210294,0.00781845024756161,0.0001846505825988737,0.0,0.0,0.03051287130888611,41
11.32,0.03163768343421312,0.007821599571578968,0.00018515565695060855,0.0,0.0,0.03051849988846873,41
11.34,0.031642575389431236,0.007824653506202104,0.00018566076765561907,0.0,0.0,0.030524415136054757,41
11.36,0.03164760741969265,0.00782761200346427,0.0001861659211714692,0.0,0.0,0.03053061031112876,41
11.38,0.03165277447468939,0.007830475036626266,0.00018667112290123944,0.0,0.0,0.030537077871067464,41
11.4,0.03165809454714201,0.00783324260047809,0.00018717637718554918,0.0,0.0,0.03054380958564795,41
11.42,0.031663515619756825,0.007835926374772297,0.00018768168730469618,0.0,0.0,0.030550796657371645,41
11.44,0.03166905548156315,0.007844124231509852,0.00018818705549013552,0.0,0.0,0.030558029843711542,41
11.46,0.031674679724678474,0.007852406789574131,0.0001886924829443721,0.0,0.0,0.030565499577460208,41
11.48,0.031680360069282154,0.00786057319162493,0.0001891979698680068,0.0,0.0,0.03057319608160794,41
11.5,0.031686080689694716,0.007868623250934055,0.00018970351555520763,0.0,0.0,0.030581109475600478,41
11.52,0.03169182551475205,0.007876556795633847,0.000190209118606731,0.0,0.0,0.03058922987037518,41
11.540000000000001,0.03169757829917699,0.007884373667097504,0.0001907147760723985,0.0,0.0,0.030597547450235966,41
11.56,0.03170332268004836,0.007892073718246358,0.00019122048451328177,0.0,0.0,0.030606052540353937,41
11.58,0.031709042217928196,0.00789965681182393,0.00019172623968516478,0.0,0.0,0.030614735659428887,41
11.6,0.03171472042297511,0.00790712281867282,0.00019223203658118383,0.0,0.0,0.03062358755779775,41
11.620000000000001,0.03172034076706515,0.007914471616045575,0.00019273786947313312,0.0,0.0,0.03063259924195359,41
11.64,0.031725886683577134,0.007921703085975314,0.00019326870354123484,0.0,0.0,0.030641761987055354,41
11.66,0.03173134155700435,0.007928817113725783,0.00019382546688904761,0.0,0.0,0.03065106733949377,43
11.68,0.03173668870493771,0.007935813586334538,0.00019438219403301358,0.0,0.0,0.030660507111939878,43
11.700000000000001,0.03174191135519071,0.00794269239125673,0.0001949388766263566,0.0,0.0,0.0306700733735024,43
11.72,0.031746992620920386,0.007949453415111381,0.00019549550577272054,0.0,0.0,0.03067975843767627,43
11.74,0.03175191547651404,0.007956096542526561,0.00019605207205337225,0.0,0.0,0.030689554850647234,43
11.76,0.031756662736806815,0.007962621655075419,0.00019660856555286832,0.0,0.0,0.03069945538227639,43
11.78,0.03176121704184937,0.007969028630291123,0.00019716497588372802,0.0,0.0,0.030709453021700188,43
11.8,0.03176556084901861,0.007975317340746094,0.00019772129221073682,0.0,0.0,0.030719540979007618,43
11.82,0.03176967643376647,0.007981487653179178,0.00019827750327548624,0.0,0.0,0.030729712693905155,43
11.84,0.031773545899776635,0.007987539427654053,0.00019883359742167516,0.0,0.0,0.03073996185169539,43
11.86,0.031777151198779024,0.007993472516732825,0.0001993895626216279,0.0,0.0,0.030750282406310732,43
11.88,0.03178047415979178,0.007999286764650998,0.00019994538650435276,0.0,0.0,0.03076066860959461,43
11.9,0.03178738738980344,0.0080049820064832,0.00020050105638528697,0.0,0.0,0.030771115045535792,43
11.92,0.031796398168599464,0.008010558067293344,0.00020105655929774117,0.0,0.0,0.030781616667766798,43
11.94,0.03180532224837839,0.00801601476126844,0.00020161188202582372,0.0,0.0,0.030792168838344878,43
11.96,0.03181415097242142,0.008021351892976468,0.00020216701113848605,0.0,0.0,0.03080276736566337,43
11.98,0.03182287598136385,0.008026569254426066,0.00020272193302418845,0.0,0.0,0.03081340853927787,43
12.0,0.031831489233366254,0.00803166661762012,0.00020328208981010992,0.0,0.0,0.030824089159488765,43
12.02,0.03183998301671556,0.008036643744568356,0.0002038493987183127,0.0,0.0,0.030834806559672294,43
12.040000000000001,0.0318483499531019,0.008041500382241443,0.00020441650376195193,0.0,0.0,0.030845558619589583,43
12.06,0.03185658299012652,0.008046236261948933,0.00020498339020906756,0.0,0.0,0.030856343768207964,43
12.08,0.03186467538196102,0.008050851098874878,0.00020555004330607672,0.0,0.0,0.03086716097492735,43
12.1,0.0318726206574793,0.008055344591818258,0.00020611644829822502,0.0,0.0,0.030878009728499124,43
12.120000000000001,0.031880647178419035,0.008059716423187863,0.00020669026746717925,0.0,0.0,0.03088889000334701,43
12.14,0.03189039450997728,0.0080639662593025,0.0002072680167382314,0.0,0.0,0.030899802213435842,43
12.16,0.03190004638186692,0.00806809375104618,0.00020784551923527455,0.0,0.0,0.030910747154289542,43
12.18,0.031909599557942765,0.008072098534925179,0.0002084227596942924,0.0,0.0,0.03092172593420944,43
12.200000000000001,0.03191905084802316,0.008075980234568183,0.00020899972287921257,0.0,0.0,0.030932739896204518,43
12.22,0.03192907117065327,0.00807973846270295,0.00020957639356446024,0.0,0.0,0.03094379053259093,43
12.24,0.031940400326778744,0.008083372823632105,0.00021015275651059946,0.0,0.0,0.030954879394641196,43
12.26,0.03195168547665899,0.008086882916217498,0.00021072879643351227,0.0,0.0,0.030966008000053502,43
12.280000000000001,0.031962925248964325,0.008090268337366627,0.00021130449796777424,0.0,0.0,0.03097717774132208,43
12.3,0.03197411793470427,0.008093528685996738,0.00021187984562511154,0.0,0.0,0.030988389798320227,43
12.32,0.03198526140101983,0.008096663567432607,0.00021245482374912517,0.0,0.0,0.03099964505849256,43
12.34,0.03199635301567247,0.008099672598447608,0.00021302941646765387,0.0,0.0,0.031010944047991033,43
12.36,0.032007389585300736,0.008102555417728512,0.00021360360764431297,0.0,0.0,0.031022286876827305,43
12.38,0.03201836731006189,0.008105311673263584,0.00021417738083087375,0.0,0.0,0.03103367320065785,43
12.4,0.032029289232428204,0.008107941050509571,0.00021475071922222173,0.0,0.0,0.03104510220116118,43
12.42,0.03204021959352905,0.00811044325989218,0.00021532360561555782,0.0,0.0,0.031056572586129476,43
12.44,0.03205107625001364,0.008112818049443676,0.00021589602237539308,0.0,0.0,0.03106808260943495,43
12.46,0.03206185290270608,0.008115065210877402,0.0002164679514057577,0.0,0.0,0.0310796301099958,43
12.48,0.03207254270236169,0.0081171845818745,0.00021703937413062322,0.0,0.0,0.0310912125678437,44
12.5,0.03208313831165707,0.008119176049741519,0.0002176102714833492,0.0,0.0,0.031102827174465164,44
12.52,0.03209363197776816,0.008121039554393982,0.0002181806239054186,0.0,0.0,0.03111447091382258,44
12.540000000000001,0.032104015611469396,0.008122775090594154,0.00021875041135445826,0.0,0.0,0.03112614064993037,44
12.56,0.03211428086843365,0.008124382709398375,0.00021931961332101075,0.0,0.0,0.031137833216595353,44
12.58,0.03212441922844585,0.008125862518798007,0.00021988820885325325,0.0,0.0,0.031149545504947303,45
12.6,0.03213442206854028,0.00812721468356604,0.00022045617658845087,0.0,0.0,0.03116127454466539,46
12.620000000000001,0.03214428072660328,0.008128439424347688,0.00022102349478979048,0.0,0.0,0.031173017575315945,46
12.64,0.032153986552688196,0.008129537016056024,0.0002215901413869574,0.0,0.0,0.03118477210489956,46
12.66,0.03216353094610503,0.008130507785651888,0.00022215609401884332,0.0,0.0,0.03119653595349251,46
12.68,0.03217290537722643,0.008131352109400771,0.0002227213300766948,0.0,0.0,0.031208307280716427,47
12.700000000000001,0.03218210139380519,0.008132070409707419,0.00022328582674616582,0.0,0.0,0.03122008459658864,47
12.72,0.032191683693135506,0.008132663151632328,0.0002238495610468158,0.0,0.0,0.031231866756090753,47
12.74,0.03220579394385645,0.008133130839193111,0.00022441250986783483,0.0,0.0,0.03124365293847215,47
12.76,0.03221992290049075,0.008133474011548961,0.00022497464999898784,0.0,0.0,0.031255442612878256,47
12.780000000000001,0.032234059837888414,0.008133693239158812,0.00022553595815601714,0.0,0.0,0.031267235492342685,47
12.8,0.032248189602423864,0.00813378911999401,0.00022609641100003046,0.0,0.0,0.031279031478499,47
12.82,0.03226231191361817,0.008133762275875287,0.0002266559851505641,0.0,0.0,0.03129083059955832,47
12.84,0.032276426539474615,0.00813361334899218,0.00022721465745202554,0.0,0.0,0.031302632944164355,47
12.86,0.032290533228895586,0.00813334299865136,0.0002277724044114939,0.0,0.0,0.03131443859368677,47
12.88,0.032304631644930595,0.008132951898289083,0.0002283292023621157,0.0,0.0,0.03132624755534933,47
12.9,0.03231872130098558,0.008132440732772452,0.0002288850279145092,0.0,0.0,0.031338059698333094,47
12.92,0.03233280150177481,0.00813181019600496,0.00022943985728639705,0.0,0.0,0.03134987469464605,47
12.94,0.032346871290382634,0.008131060988843537,0.00022999366679375265,0.0,0.0,0.031361691966136966,47
12.96,0.0323609674424326,0.008130193817327568,0.0002305464326482707,0.0,0.0,0.03137351063856894,47
12.98,0.03237505061168083,0.008129209391215201,0.0002310981309331775,0.0,0.0,0.03138532950318341,47
13.0,0.03238911870470471,0.008128108422818114,0.0002316487375772505,0.0,0.0,0.03139714698570117,47
13.02,0.03240316933367693,0.008126891626123572,0.0002321982283275818,0.0,0.0,0.031408961122260846,47
13.040000000000001,0.03241719969109922,0.008125559716191054,0.00023274657872156856,0.0,0.0,0.03142076954141202,48
13.06,0.032431206536335196,0.008124113408810614,0.00023329376405846345,0.0,0.0,0.031432569450984535,48
13.08,0.03244519137363703,0.008122553423580668,0.00023383975937074996,0.0,0.0,0.03144435762848097,48
13.1,0.03245917749274544,0.008120880477458809,0.00023438453939546584,0.0,0.0,0.03145613041358733,48
13.120000000000001,0.032473127882692535,0.008119095285920095,0.0002349280785454981,0.0,0.0,0.0314678837014896,48
13.14,0.03248703748527848,0.008117198569080534,0.0002354703508808771,0.0,0.0,0.03147961293591091,49
13.16,0.0325009007675453,0.008115191049604994,0.00023601133008003085,0.0,0.0,0.031491313101127225,49
13.18,0.032514711711680605,0.008113073453709298,0.0002365509894109486,0.0,0.0,0.03150297871266952,49
13.200000000000001,0.03252846380375003,0.008110846512353225,0.00023708930170232377,0.0,0.0,0.03151460380691856,49
13.22,0.03254215002200207,0.00810851096261217,0.00023762623931474088,0.0,0.0,0.031526181930330056,49
13.24,0.032555762825968254,0.008106067549211475,0.00023816177411220538,0.0,0.0,0.03153770612950807,49
13.26,0.03256929414800278,0.00810351702620281,0.00023869587743429485,0.0,0.0,0.031549168943765596,49
13.280000000000001,0.03258273538917896,0.008100860158756678,0.00023922852006951953,0.0,0.0,0.03156056240208466,49
13.3,0.03259607742158091,0.008098097725038889,0.00023976709398309073,0.0,0.0,0.03157187802651079,49
13.32,0.03260931059895649,0.008095230518133305,0.00024030763653974787,0.0,0.0,0.031583106843943755,49
13.34,0.03262242477743038,0.008092259347967567,0.00024084687255398885,0.0,0.0,0.03159423940802096,49
13.36,0.03263540934753068,0.008089185043194556,0.00024138477247500535,0.0,0.0,0.03160526583234455,49
13.38,0.032648253278187045,0.008086008452979875,0.00024192130609275447,0.0,0.0,0.03161617583570853,49
13.4,0.03266094517266855,0.008082730448645216,0.00024245644253430607,0.0,0.0,0.03162695879929334,49
13.42,0.03267347333570337,0.008079351925119587,0.00024299015026677282,0.0,0.0,0.031637603835069104,49
13.44,0.03268582585032516,0.008075873802154566,0.00024352254356703213,0.0,0.0,0.031648099863952776,49
13.46,0.03269799066239175,0.008072297025266581,0.00024406466515295813,0.0,0.0,0.03165843570166492,49
13.48,0.03270998640131546,0.008068622566377377,0.0002446345637232743,0.0,0.0,0.03166860014977812,49
13.5,0.03272177881188808,0.00806485142413381,0.0002452050385397749,0.0,0.0,0.03167858208917102,49
13.52,0.03273334759203949,0.00806098462389847,0.00024577429467426685,0.0,0.0,0.031688370573025204,49
13.540000000000001,0.03274468436214155,0.008057023217413162,0.00024634229597364694,0.0,0.0,0.03169795491661146,49
13.56,0.032755807787950876,0.008052968284808613,0.000246909005753537,0.0,0.0,0.0317073247813858,49
13.58,0.03276667367837842,0.008048820929613617,0.00024747438685684785,0.0,0.0,0.031716470251320864,49
13.6,0.03277727147422509,0.008044582273736429,0.00024803840171607594,0.0,0.0,0.03172538189987823,49
13.620000000000001,0.03278759111847608,0.008040253465118975,0.0002486010124181742,0.0,0.0,0.0317340508465561,49
13.64,0.03279762310020957,0.008035835672184079,0.00024916218077087324,0.0,0.0,0.03174246880245887,49
13.66,0.03280735848739921,0.008031330082036324,0.0002497218683694011,0.0,0.0,0.031750628104810635,49
13.68,0.0328167889489427,0.008026737898544543,0.00025028003666263454,0.0,0.0,0.031758521740749564,49
13.700000000000001,0.03282590676657304,0.008022060340343404,0.0002508645523527324,0.0,0.0,0.03176614336106416,49
13.72,0.032834704837557786,0.00801729863878927,0.0002514614746605179,0.0,0.0,0.03177348728478137,50
13.74,0.03284317666924852,0.008012454035902093,0.00025205710149362517,0.0,0.0,0.03178054849567429,51
13.76,0.03285131636662891,0.00800752778731168,0.0002526513934348635,0.0,0.0,0.03178732263184325,51
13.780000000000001,0.03285911861402812,0.008002521146767172,0.00025324431128466457,0.0,0.0,0.03179380596954286,51
13.8,0.03286657865213498,0.007997435374728166,0.000253835816007622,0.0,0.0,0.03179999540239662,51
13.82,0.03287369225138209,0.007992271735904097,0.00025442586878269776,0.0,0.0,0.03180588841707497,51
13.84,0.03288045568266696,0.007987031496006542,0.0002550144310494231,0.0,0.0,0.0318114830664102,51
13.86,0.03288686568627427,0.007981715920055001,0.00025560630514258223,0.0,0.0,0.031816777940819926,51
13.88,0.03289291943974008,0.007976326270782841,0.00025620505506263145,0.0,0.0,0.031821772138786994,51
13.9,0.03289861452528719,0.007970863807146648,0.00025680232659369527,0.0,0.0,0.03182646523703276,51
13.92,0.03290394889734547,0.007965811876024825,0.0002573980825610911,0.0,0.0,0.031830857260905454,51
13.94,0.03290892085057049,0.00796187323335838,0.00025799228622581065,0.0,0.0,0.03183494865540547,51
13.96,0.03291352898868064,0.007957861177078446,0.00025858490130958964,0.0,0.0,0.031838740257175896,51
13.98,0.03291777219435254,0.007953776914599416,0.0002591758920172353,0.0,0.0,0.03184223326770707,51
14.0,0.03292164960034287,0.00795219566968921,0.00025976522305642957,0.0,0.0,0.0318454292279324,51
14.02,0.03292516056194981,0.007951709869250414,0.00026035285965527073,0.0,0.0,0.03184832999433773,51
14.040000000000001,0.032928378169039575,0.007951135319195092,0.00026093876757775873,0.0,0.0,0.03185093771665487,51
14.06,0.03293123126196191,0.007950473353562307,0.0002615229131374379,0.0,0.0,0.031853254817173965,51
14.08,0.032933717344044836,0.007949725296226262,0.00026210526320939465,0.0,0.0,0.03185528397167679,51
14.1,0.0329358364135225,0.007948892459827977,0.0002626857852408107,0.0,0.0,0.03185702809196829,51
14.120000000000001,0.03293758857453897,0.007947976144811936,0.00026326444726023214,0.0,0.0,0.03185849030997011,51
14.14,0.032938974017851806,0.007946977638559416,0.0002638412178857161,0.0,0.0,0.03185967396332121,51
14.16,0.032939993002738636,0.007945898214610536,0.0002644160663319963,0.0,0.0,0.03186058258242471,51
14.18,0.03294064584003109,0.007944739131967478,0.00026498896241680247,0.0,0.0,0.03186121987887433,51
14.200000000000001,0.032940932876196025,0.007943501634471642,0.0002655598765664552,0.0,0.0,0.03186158973519021,52
14.22,0.032940854478382506,0.00794218695024799,0.00026612877982083835,0.0,0.0,0.03186169619579076,52
14.24,0.03294041102035693,0.007940796291210197,0.0002666956438378274,0.0,0.0,0.031861543459130864,52
14.26,0.032939602869247436,0.007939330852620753,0.000267260440897304,0.0,0.0,0.03186113587093439,52
14.280000000000001,0.032938430373024914,0.007937791812700408,0.00026782314390478277,0.0,0.0,0.0318604779184535,52
14.3,0.03293689384865032,0.007936180332281939,0.00026839136425358117,0.0,0.0,0.03185957422568807,52
14.32,0.032934993570822135,0.007934497554503437,0.0002689611575972063,0.0,0.0,0.03185842954950035,53
14.34,0.03293272976126673,0.007932744604536813,0.0002695307238794349,0.0,0.0,0.03185704877656613,53
14.36,0.03293010257851308,0.007930922589347461,0.0002701078159230146,0.0,0.0,0.031855436921098934,53
14.38,0.032927112108107795,0.007929032597481407,0.00027068290327799456,0.0,0.0,0.03185359912329416,53
14.4,0.03292375835322427,0.007927075698876575,0.00027125596331139157,0.0,0.0,0.031851540648433034,53
14.42,0.03292004122563378,0.007925052944695045,0.0002718269740277667,0.0,0.0,0.03184926688659382,53
14.44,0.0329159605370079,0.0079229653671735,0.00027239591407147203,0.0,0.0,0.0318467833529127,53
14.46,0.032911515990532145,0.007920813979489322,0.00027296276272884695,0.0,0.0,0.031844095688338306,53
14.48,0.03290670717281864,0.007918599775639959,0.0002735274999303762,0.0,0.0,0.031841209660821775,53
14.5,0.03290153354611419,0.007916323730333536,0.0002740901062527925,0.0,0.0,0.031838131166881306,53
14.52,0.03289599444080734,0.007913986798888844,0.00027465413382837714,0.0,0.0,0.03183486623347316,53
14.540000000000001,0.03289012078633408,0.007911589917143032,0.0002752217935130249,0.0,0.0,0.03183142102010262,53
14.56,0.032885832034282934,0.007909134001365633,0.0002757874659373483,0.0,0.0,0.03182780182109223,53
14.58,0.032881563407647016,0.007906619948177679,0.0002763511354251361,0.0,0.0,0.0318240150679251,53
14.6,0.032877010984232846,0.00790404863447496,0.0002769127873412391,0.0,0.0,0.03182006733156324,53
14.620000000000001,0.032872176789245276,0.007901420917354653,0.0002774724067959865,0.0,0.0,0.03181596532463683,53
14.64,0.032867062808521384,0.007898737634044787,0.00027802997995334596,0.0,0.0,0.03181171590337993,53
14.66,0.032861741153712855,0.007895999601836332,0.00027859369635161504,0.0,0.0,0.0318073260691766,55
14.68,0.03285830089426875,0.00789320761801784,0.00027915837804310317,0.0,0.0,0.031802802969563435,55
14.700000000000001,0.03285466671123578,0.007890362459812976,0.0002797211747705502,0.0,0.0,0.03179815389851605,55
14.72,0.03285084359386421,0.0078874648843215,0.0002802820751173229,0.0,0.0,0.031793386295824975,55
14.74,0.03284683658816151,0.00788451562846464,0.0002808410682368928,0.0,0.0,0.031788507745348075,55
14.76,0.032842650789905906,0.00788151540893613,0.0002813981438508385,0.0,0.0,0.0317835259719013,55
14.780000000000001,0.03283829342018672,0.007878464922160634,0.0002819549383941553,0.0,0.0,0.03177844883653253,55
14.8,0.03283380348104796,0.00787536484426161,0.0002825199429292802,0.0,0.0,0.03177328432989603,55
14.82,0.03282915041100474,0.007872215831041205,0.00028308321292170804,0.0,0.0,0.03176804056343539,55
14.84,0.03282433939511215,0.007869018517975218,0.0002836447409393476,0.0,0.0,0.03176272575806255,55
14.86,0.03281937559990268,0.007865773523564455,0.0002842045200560199,0.0,0.0,0.03175734823001739,55
14.88,0.03281426415085113,0.007862481440685886,0.00028476254384028534,0.0,0.0,0.031751916373592606,55
14.9,0.032809010106136065,0.007859142842700508,0.0002853188063417859,0.0,0.0,0.03174643864042138,55
14.92,0.03280361842641363,0.007855758284165158,0.0002858781290073786,0.0,0.0,0.031740923515054094,55
14.94,0.032798093940366965,0.007852328299653865,0.00028643838387086535,0.0,0.0,0.03173537948659736,55
14.96,0.032792441305856984,0.007848853403935981,0.0002869969585270725,0.0,0.0,0.031729815016250745,55
14.98,0.03278666496659781,0.007845334092204836,0.00028755384825414945,0.0,0.0,0.03172423850067374,55
15.0,0.0327807691043902,0.007841770840363532,0.00028811015612075885,0.0,0.0,0.03171865823122478,55
15.02,0.03277475758709584,0.007838164105374662,0.00028868513691743475,0.0,0.0,0.03171308234926297,55
15.040000000000001,0.032768633912702266,0.007834514325680574,0.000289259143920394,0.0,0.0,0.03170751879786841,55
15.06,0.03276240115002036,0.007830821921700483,0.00028983169056898275,0.0,0.0,0.03170197527052815,55
15.08,0.0327560618767693,0.007827087296410134,0.00029040277313361067,0.0,0.0,0.03169645915754523,55
15.1,0.03274961811602267,0.00782331083610837,0.0002909723881294614,0.0,0.0,0.03169097749114462,55
15.120000000000001,0.032743071272206055,0.007819492917348035,0.0002915450809318908,0.0,0.0,0.0316855368904634,55
15.14,0.03273642206803864,0.007815633888693269,0.0002921248048871206,0.0,0.0,0.03168014350780979,55
15.16,0.03272967048398331,0.007811734090930908,0.00029270320536289065,0.0,0.0,0.03167480297774235,55
15.18,0.03272281570189116,0.007807793851655616,0.0002932802795797925,0.0,0.0,0.031669520370635765,55
15.200000000000001,0.03271585605458718,0.007803813486388233,0.00029385602482412187,0.0,0.0,0.03166430015245036,55
15.22,0.03270878898312907,0.007799793299771496,0.0002944304384113053,0.0,0.0,0.03165914615239861,55
15.24,0.03270161100337476,0.007795733586832458,0.00029500351764976903,0.0,0.0,0.03165406154009064,55
15.26,0.03269431768330569,0.007791634634297916,0.000295575259805926,0.0,0.0,0.03164904881353748,55
15.280000000000001,0.032686903632289745,0.0077874967219465005,0.0002961456620709298,0.0,0.0,0.031644109799107076,55
15.3,0.032679362503127765,0.007783320123978365,0.00029671472152989,0.0,0.0,0.031639245664166295,55
15.32,0.032671687007332,0.0077791051103815135,0.00029728243513420466,0.0,0.0,0.03163445694271872,55
15.34,0.0326638689436592,0.007774851948272038,0.00029784879967762905,0.0,0.0,0.03162974357389183,55
15.36,0.032655899239479265,0.0077705609031848335,0.00029841381191808,0.0,0.0,0.03162510495265022,55
15.38,0.03264776800414163,0.007766232240291053,0.000298977468194416,0.0,0.0,0.03162053999165194,55
15.4,0.03263946459311753,0.007761866225519434,0.00029953976467345637,0.0,0.0,0.03161604719273839,55
15.42,0.03263097768137379,0.007757463126559997,0.0003001232211100225,0.0,0.0,0.03161162472617652,55
15.44,0.03262511475261339,0.007753023213731097,0.0003007103097965477,0.0,0.0,0.03160727051548193,55
15.46,0.03261925211286225,0.0077485467606937235,0.00030129604425856366,0.0,0.0,0.03160298232544812,55
15.48,0.03261329493535385,0.007744034045000745,0.00030188041999688675,0.0,0.0,0.03159875785090011,55
15.5,0.03260723502637522,0.007739485348472762,0.00030246508950247734,0.0,0.0,0.03159459480368563,55
15.52,0.032601064043520846,0.007734900957396622,0.0003030585712178652,0.0,0.0,0.03159049099550791,55
15.540000000000001,0.032594773561348975,0.007730281162546994,0.00030365081545101995,0.0,0.0,0.031586444414380334,55
15.56,0.03258835512872465,0.00772562625903556,0.000304241817184674,0.0,0.0,0.031582453292738864,55
15.58,0.03258180031632674,0.007720936545996246,0.00030483157133463616,0.0,0.0,0.03157851616555446,55
15.6,0.03257510075317881,0.007716212326118205,0.00030542007278056964,0.0,0.0,0.03157463191714206,55
15.620000000000001,0.032568248151467395,0.007711453905040978,0.0003060073163975431,0.0,0.0,0.03157079981573488,55
15.64,0.032561234319329,0.007707139039684045,0.00030659329708770255,0.0,0.0,0.03156701953527436,55
15.66,0.032554051161704,0.0077042989295007915,0.0003071780098113413,0.0,0.0,0.0315632911642407,55
15.68,0.03254669066976232,0.007703217729761181,0.00030776144961674356,0.0,0.0,0.03155961520170911,55
15.700000000000001,0.03253914489979971,0.007703068075276418,0.0003083436116681962,0.0,0.0,0.03155599254115787,55
15.72,0.03253218515093308,0.007702873835575463,0.00030892449127168953,0.0,0.0,0.03155242444286247,55
15.74,0.03252713088794817,0.00770263524827215,0.0003095040838978615,0.0,0.0,0.03154891249600439,55
15.76,0.03252198704431036,0.007702352548434677,0.00031008238520180295,0.0,0.0,0.031545458571873956,55
15.780000000000001,0.032516750411093656,0.007702025968518269,0.00031065939103949486,0.0,0.0,0.031542064769772955,55
15.8,0.032511417753005936,0.007704926212261503,0.0003112350974806562,0.0,0.0,0.03153873335740259,55
15.82,0.032505985743938114,0.007710037410354999,0.00031180950081788843,0.0,0.0,0.03153546670765367,55
15.84,0.03250045090249904,0.007715085520253576,0.00031238259757211033,0.0,0.0,0.03153226723377706,55
15.860000000000001,0.032496775966932255,0.007720070604282301,0.0003129543844942819,0.0,0.0,0.03152913732489823,55
15.88,0.032493976411027435,0.007724992720103976,0.00031352485856351296,0.0,0.0,0.031526079283723425,55
15.9,0.03249118514100245,0.007729851919884757,0.0003140940169817106,0.0,0.0,0.031523095268076826,55
15.92,0.03248840243661029,0.007734648249545239,0.00031466185716491597,0.0,0.0,0.03152018723758007,55
15.94,0.03248562828164067,0.007739381748108756,0.00031522837673155846,0.0,0.0,0.03151735690638149,55
15.96,0.03248286232068709,0.007744052447158344,0.0003157935734877904,0.0,0.0,0.03151460570235484,55
15.98,0.03248010382211878,0.007748660370413831,0.00031635744541015973,0.0,0.0,0.031511934732678486,55
16.0,0.03247735164665439,0.007753205533439897,0.0003169199906257493,0.0,0.0,0.031509344755210396,55
16.02,0.03247460422050653,0.007757687943495339,0.0003174812077103915,0.0,0.0,0.03150683615464675,55
16.04,0.03247185951176327,0.007762107599532754,0.00031804109488228494,0.0,0.0,0.03150440892214881,55
16.06,0.03246911500853238,0.007766464492356416,0.00031859965040187524,0.0,0.0,0.03150206263698147,55
16.080000000000002,0.03246636769741785,0.0077707586049441165,0.0003191568727552542,0.0,0.0,0.03149979644874885,55
16.1,0.0324636140411444,0.007774989912936236,0.00031971920327196273,0.0,0.0,0.031497609059057144,55
16.12,0.03246084995455094,0.007779158385292329,0.0003202827255442562,0.0,0.0,0.03149549870183662,55
16.14,0.03245807358611585,0.007783263985111805,0.00032084502279577763,0.0,0.0,0.031493463122105124,55
16.16,0.032455343823846586,0.0077875577135497025,0.0003214060932757778,0.0,0.0,0.03149149955356227,55
16.18,0.032452588114370316,0.007792672432815703,0.00032196593510640703,0.0,0.0,0.03148960469603303,55
16.2,0.032449799913514016,0.007797713010174771,0.00032252454624705207,0.0,0.0,0.031487774694330284,55
16.22,0.032446971998011914,0.007802679197073975,0.00032308192445879323,0.0,0.0,0.03148600512054608,55
16.240000000000002,0.03244409644738988,0.007807570746957574,0.0003236380672697117,0.0,0.0,0.031484290962038475,55
16.26,0.03244118957776228,0.007813148451591251,0.0003241986335976939,0.0,0.0,0.031482626617438454,55
16.28,0.03243822483080647,0.007818839023053862,0.0003247691505007697,0.0,0.0,0.03148100590285095,55
16.3,0.03243518461943896,0.007824440692488877,0.0003253405822126139,0.0,0.0,0.031479422070070026,55
16.32,0.032432058240128916,0.007829953108242466,0.0003259109885414402,0.0,0.0,0.031477867838108964,55
16.34,0.03242883435551581,0.007836811289254746,0.0003264803658489368,0.0,0.0,0.0314763354387064,55
16.36,0.03242550104644236,0.00784478437710703,0.00032704871009481626,0.0,0.0,0.03147481667575055,55
16.38,0.032422045876967565,0.00785264456880384,0.00032761601682856114,0.0,0.0,0.03147330299783775,55
16.4,0.03241845597089604,0.007860391902218725,0.00032819113509707586,0.0,0.0,0.03147178558249261,55
16.42,0.0324147180977515,0.00786802646384252,0.00032878045396463447,0.0,0.0,0.03147025542997459,55
16.44,0.03241081876564081,0.007875548384184108,0.00032936872644285565,0.0,0.0,0.031468703464119674,55
16.46,0.0324067443181348,0.007882957838185486,0.00032996434355729343,0.0,0.0,0.031467120637352526,55
16.48,0.03240248103213656,0.007890255045160019,0.00033055968520770624,0.0,0.0,0.031465498036854396,55
16.5,0.03239801521373724,0.007897440268257847,0.00033115414230967073,0.0,0.0,0.031463826988907075,55
16.52,0.032393333289247324,0.007904513813475563,0.0003317477095575187,0.0,0.0,0.031462099158626265,55
16.54,0.0323884218889245,0.007911476028238593,0.0003323403817872621,0.0,0.0,0.0314603066426335,55
16.56,0.03238326792136684,0.007918327299594675,0.0003329331681691204,0.0,0.0,0.03145844205266681,56
16.580000000000002,0.03237785863705243,0.007925068052064143,0.00033354781410881585,0.0,0.0,0.031456498588643036,56
16.6,0.03237218168005541,0.007931698745198052,0.00033416155702287094,0.0,0.0,0.03145447010023293,56
16.62,0.03236622512750269,0.007938219870897833,0.0003347743911654839,0.0,0.0,0.03145235113654263,56
16.64,0.0323599775168343,0.007944631953560613,0.0003353863107467828,0.0,0.0,0.03145013698398931,56
16.66,0.03235342786134951,0.007951200633331436,0.00033599730997613026,0.0,0.0,0.03144782369287304,56
16.68,0.03234656565486823,0.007958741885598197,0.00033660738310446465,0.0,0.0,0.03144540809348645,57
16.7,0.032339380866583056,0.00796616512053954,0.00033721652446527394,0.0,0.0,0.031442887802840644,57
16.72,0.032331863927337286,0.0079734709764091,0.00033782472851390683,0.0,0.0,0.03144026122323556,57
16.740000000000002,0.03232401278691436,0.007980660101222283,0.00033843198986500245,0.0,0.0,0.03143752753397394,57
16.76,0.03231583810665388,0.007987733149704182,0.0003390383033278681,0.0,0.0,0.03143468667750415,57
16.78,0.03230730524635559,0.007994690780316786,0.0003396436639397409,0.0,0.0,0.03143173934122617,57
16.8,0.032298432224621636,0.00800153365238291,0.000340248066996909,0.0,0.0,0.031428686936086206,57
16.82,0.03228919406499857,0.008008262425164043,0.0003408515080836861,0.0,0.0,0.031425531572954926,57
16.84,0.03227957481701683,0.008014877754284803,0.0003414539830993013,0.0,0.0,0.03142227603764039,57
16.86,0.03226957389589544,0.008021380280937108,0.0003420554882827784,0.0,0.0,0.03141892376523371,57
16.88,0.032259205406012764,0.008027770641418975,0.00034265602023588116,0.0,0.0,0.031415478814331425,57
16.9,0.032248435003968186,0.008034049460268675,0.0003432555759442221,0.0,0.0,0.031411945841537954,57
16.92,0.032237255983622655,0.00804021734811052,0.00034385415279663433,0.0,0.0,0.031408330076514404,57
16.94,0.03222566172108349,0.008046274899620528,0.0003444517486028961,0.0,0.0,0.031404637297715726,57
16.96,0.032215124256721274,0.008052222691608551,0.00034504836160987494,0.0,0.0,0.03140087380884982,57
16.98,0.032205582938284585,0.008058061281213228,0.0003456439905161478,0.0,0.0,0.031397046415991246,57
17.0,0.03219572868196064,0.008063791204206522,0.0003462386344851796,0.0,0.0,0.03139316240519621,57
17.02,0.03218555990242882,0.00806941297340502,0.00034683229315704745,0.0,0.0,0.03138922952039048,57
17.04,0.03217507507618195,0.008074972366043431,0.0003474249666587406,0.0,0.0,0.03138525594123623,57
17.06,0.03216439771729521,0.008085041288519395,0.00034801665561300945,0.0,0.0,0.03138125026063208,57
17.080000000000002,0.03215526019144188,0.008095079371149746,0.0003486073611457351,0.0,0.0,0.03137722146145904,57
17.1,0.03214586399041089,0.008104995406702205,0.00034919708489173517,0.0,0.0,0.031373178892156496,57
17.12,0.0321362097009518,0.008114789564214693,0.0003497858289989642,0.0,0.0,0.03136913224069887,57
17.14,0.03212629786330745,0.008124461979374659,0.00035037359613098644,0.0,0.0,0.03136509150654844,57
17.16,0.032116128928703185,0.008134012753438948,0.0003509603894675934,0.0,0.0,0.031361066970184946,57
17.18,0.03210570321447887,0.008143441952279071,0.0003515462127034586,0.0,0.0,0.03135706915985857,57
17.2,0.032095020856805045,0.008152749605562103,0.0003521310700446962,0.0,0.0,0.03135310881529442,57
17.22,0.03208408176105948,0.008161935706078736,0.00035271496620318187,0.0,0.0,0.031349196848173055,57
17.240000000000002,0.032072885550133864,0.008171000209230596,0.0003532979063885091,0.0,0.0,0.03134534429936106,58
17.26,0.032061431511144205,0.008179943032689386,0.00035387989629746195,0.0,0.0,0.031341562293021506,58
17.28,0.03205250824124773,0.008188764056239979,0.0003544609421009287,0.0,0.0,0.03133786198793544,58
17.3,0.03204621736905162,0.008197463121818531,0.0003550410504281855,0.0,0.0,0.031334254526578266,58
17.32,0.032039884062154016,0.008206040033754993,0.00035562022834855324,0.0,0.0,0.031330750982712076,58
17.34,0.03203351432334606,0.008214494559226689,0.00035619848335045266,0.0,0.0,0.031327362308469636,58
17.36,0.03202711380035878,0.00822282642892641,0.000356775823317939,0.0,0.0,0.031324099282079035,58
17.38,0.03202068772655507,0.008231035337944486,0.0003573522565048727,0.0,0.0,0.03132097245750573,58
17.400000000000002,0.03201424086437375,0.008239120946859958,0.0003579277915069515,0.0,0.0,0.03131799211732535,58
17.42,0.03200777745277318,0.00824708288303169,0.00035850243723181246,0.0,0.0,0.03131516823008487,58
17.44,0.032001301159741855,0.008254920742075985,0.0003590762028675258,0.0,0.0,0.031312510413227496,58
17.46,0.031994815040646656,0.008262634089513944,0.0003596490978497641,0.0,0.0,0.031310027902358324,58
17.48,0.03198832150278352,0.008270222462569667,0.00036022113182799875,0.0,0.0,0.031307729527219566,58
17.5,0.031981822275996705,0.008277685372099546,0.0003607923146309454,0.0,0.0,0.03130562369424511,58
17.52,0.03197531838870534,0.008285022304634166,0.0003613626562315589,0.0,0.0,0.03130371837503485,58
17.54,0.03196881014814682,0.008292232724517292,0.0003619321667117036,0.0,0.0,0.031302021099560456,59
17.56,0.03196229712320649,0.008299316076131264,0.00036250085622661644,0.0,0.0,0.031300538952474054,59
17.580000000000002,0.031955778127881015,0.008306271786204418,0.00036306873496915794,0.0,0.0,0.03129927857056945,59
17.6,0.03194925120329873,0.008313099266203237,0.00036363748394651913,0.0,0.0,0.03129824613932219,59
17.62,0.031942713596299056,0.008319797914819085,0.00036421124203599983,0.0,0.0,0.031297447386514264,59
17.64,0.03193616173288679,0.008326367120565835,0.0003647843211840075,0.0,0.0,0.03129688757126232,59
17.66,0.03192959118539567,0.008332806264509338,0.00036535673145142385,0.0,0.0,0.03129657146728655,59
17.68,0.031922996632889306,0.008339114723151827,0.00036592848219934475,0.0,0.0,0.03129650333994869,60
17.7,0.03191637181513814,0.008345291871493252,0.0003664995829409244,0.0,0.0,0.031296686917394276,60
17.72,0.03190970948136566,0.008351337086568721,0.00036707004271312,0.0,0.0,0.03129712535698366,60
17.740000000000002,0.0319030519422281,0.008357249750136528,0.00036763987039576524,0.0,0.0,0.031297821209008314,60
17.76,0.03189996294267014,0.008363029252967917,0.0003682090745368722,0.0,0.0,0.031298776380397006,60
17.78,0.03189708340760234,0.008368674998625538,0.00036877766331036473,0.0,0.0,0.03129999210164585,60
17.8,0.0318942489377182,0.00837418640739223,0.0003693456444746934,0.0,0.0,0.03130146890049528,60
17.82,0.03189145101238607,0.008379562920373531,0.00036991302533314306,0.0,0.0,0.03130320658591162,60
17.84,0.031888680038279944,0.008384804003638363,0.0003704798126969441,0.0,0.0,0.03130520424567407,60
17.86,0.03188592534895469,0.00838990915231864,0.00037104601296318357,0.0,0.0,0.03130746026034242,60
17.88,0.03188317522259949,0.008394877894577477,0.0003716122738862524,0.0,0.0,0.03130997233562399,60
17.900000000000002,0.03188041691913126,0.008399709795349397,0.0003722094064587503,0.0,0.0,0.031312737554214425,60
17.92,0.031877636736768224,0.008404404459754091,0.00037280593836242046,0.0,0.0,0.03131575244714229,60
17.94,0.03187559696457051,0.00840896153608916,0.00037340187322777187,0.0,0.0,0.03131901308357343,60
17.96,0.031874802025629805,0.008413380718316005,0.0003740226807658232,0.0,0.0,0.03132251517701975,60
17.98,0.03187400713458763,0.008417661747966865,0.0003746498562499568,0.0,0.0,0.031326254205017445,60
18.0,0.03187319817128521,0.008421804415417997,0.0003752764163808021,0.0,0.0,0.03133022553865305,60
18.02,0.0318744159582562,0.008425808560494326,0.00037590236201331343,0.0,0.0,0.03133442457786746,60
18.04,0.03187620752632357,0.008429674072391879,0.00037652769374096196,0.0,0.0,0.03133884688825877,60
18.06,0.03187804511134891,0.008433400888925656,0.0003771524118785113,0.0,0.0,0.03134348833513776,60
18.080000000000002,0.03187991809922352,0.008436988995130585,0.0003777765164277339,0.0,0.0,0.03134834521083376,60
18.1,0.03188227825306401,0.008440438421261088,0.0003784000071199988,0.0,0.0,0.03135341435165038,60
18.12,0.031886234240361404,0.008443749240249479,0.00037902288346126244,0.0,0.0,0.03135869324139643,60
18.14,0.031890262357074206,0.008446921564695122,0.0003796451447783205,0.0,0.0,0.03136418009899861,60
18.16,0.031896116040953465,0.008449955543464302,0.0003802667902651229,0.0,0.0,0.03136987394830143,60
18.18,0.03190288493036772,0.008452851357985434,0.0003809046103695999,0.0,0.0,0.031375774668732384,60
18.2,0.031909808503923734,0.008455609218326169,0.00038155769650653786,0.0,0.0,0.03138188302603223,60
18.22,0.03191688618338205,0.008458229359137879,0.00038221012570763534,0.0,0.0,0.031388200682694344,60
18.240000000000002,0.031924118195052385,0.008460712035550466,0.00038286189629628434,0.0,0.0,0.031394730188131624,60
18.26,0.03193150553606399,0.008463057519095938,0.00038351300666570015,0.0,0.0,0.031401474948883,60
18.28,0.031939049921014574,0.008465266093733794,0.00038416345530319367,0.0,0.0,0.031408439179405646,60
18.3,0.031946753709715406,0.008467338057806006,0.00038481324080774876,0.0,0.0,0.03141562783417963,60
18.32,0.03195461981691143,0.008469273703270858,0.0003854623619002855,0.0,0.0,0.031423046522012735,60
18.34,0.03196265160499263,0.008471073329435908,0.00038611081742614424,0.0,0.0,0.031430701403571175,60
18.36,0.03197085276087406,0.008472737234482604,0.0003867586063493623,0.0,0.0,0.03143859907332361,60
18.38,0.03197922715839869,0.008474265712808338,0.0003874057277385315,0.0,0.0,0.03144674642726219,60
18.400000000000002,0.03198777870783504,0.008475659052856731,0.00038805347896698285,0.0,0.0,0.03145515051798314,60
18.42,0.03199651119430335,0.008476917535390923,0.00038870068305339105,0.0,0.0,0.031463818398970334,60
18.44,0.03200542810726437,0.008478041432234604,0.00038935027139157605,0.0,0.0,0.03147275696022589,60
18.46,0.032014532463544396,0.008479031005499321,0.00039002201163734665,0.0,0.0,0.03148197275773028,60
18.48,0.0320238266267245,0.008479886507310021,0.000390693126844769,0.0,0.0,0.03149147183956828,60
18.5,0.03203331212607215,0.008480608180033752,0.00039136361882206633,0.0,0.0,0.03150125957190562,60
18.52,0.032042989478512224,0.008481196257008616,0.00039204388068732305,0.0,0.0,0.031511340468317404,60
18.54,0.03205285801738762,0.008481650963761982,0.0003927421590759163,0.0,0.0,0.031521718026220585,60
18.56,0.0320629157319096,0.00848197251969794,0.00039343986465804697,0.0,0.0,0.03153239457430746,60
18.580000000000002,0.03207315912122578,0.008482161140224789,0.0003941369988517972,0.0,0.0,0.03154337113490034,60
18.6,0.032083583066901865,0.008482217039283722,0.0003948335626406659,0.0,0.0,0.03155464730500879,60
18.62,0.03209418072731859,0.008482140432230566,0.0003955295563708883,0.0,0.0,0.031566221159567004,60
18.64,0.032104943457019405,0.008481931539013053,0.00039622497966934183,0.0,0.0,0.03157808917985351,60
18.66,0.03211700863027147,0.00848159058757815,0.00039691983136521536,0.0,0.0,0.03159024620946597,60
18.68,0.03213007598764435,0.00848111781743659,0.0003976141094170695,0.0,0.0,0.031602685439457955,60
18.7,0.03214333605584211,0.008482303607270522,0.0003983083123715985,0.0,0.0,0.03161539842339144,60
18.72,0.032156775132985496,0.008484063095019164,0.0003990021118914126,0.0,0.0,0.03162837512215457,60
18.740000000000002,0.03217037783871063,0.008485674028455665,0.0003996952772145942,0.0,0.0,0.03164160397748863,60
18.76,0.0321841272081386,0.008487136434161893,0.0004004002273075728,0.0,0.0,0.031655072012312956,60
18.78,0.032198004810195587,0.008488450382427378,0.0004011227334491482,0.0,0.0,0.031668764955172055,61
18.8,0.03221199324340723,0.008489615991792104,0.000401844650896013,0.0,0.0,0.03168266738547806,61
18.82,0.03222609631128587,0.008490633433112802,0.00040256597094898643,0.0,0.0,0.03169676289573159,61
18.84,0.03224026512937772,0.008491502933064766,0.00040328668386741586,0.0,0.0,0.03171103426655607,61
18.86,0.03225447695234891,0.008492224777006833,0.00040401102024297794,0.0,0.0,0.031725463650211554,61
18.88,0.032268708400735806,0.008492799311155277,0.0004047349742597097,0.0,0.0,0.031740032758225,61
18.900000000000002,0.03228293564747422,0.00849322694403253,0.00040545833910428787,0.0,0.0,0.031754723048897406,61
18.92,0.032297134602093394,0.00849350814717755,0.00040618110473070136,0.0,0.0,0.031769515910688946,61
18.94,0.0323112810892857,0.00849364345512555,0.0004069035132616589,0.0,0.0,0.031784392837822036,61
18.96,0.0323253510190199,0.008494387010220124,0.00040762536462676975,0.0,0.0,0.031799335594851805,61
18.98,0.03234138887832899,0.008495938125068313,0.00040834653505009047,0.0,0.0,0.0318143263674125,61
19.0,0.03235835226096373,0.00849732151789708,0.00040906701185113096,0.0,0.0,0.031829347896820855,61
19.02,0.03237530554364535,0.008498537995592144,0.0004097867818313611,0.0,0.0,0.03184438359670293,61
19.04,0.03239223193626519,0.00849958842736278,0.000410505831323567,0.0,0.0,0.03185941765026643,61
19.06,0.032409115468719635,0.008500473740073719,0.00041122414624046594,0.0,0.0,0.03187443508728618,61
19.080000000000002,0.03242594104613762,0.008501194913376873,0.0004119417121215714,0.0,0.0,0.0318894218402702,61
19.1,0.032442694483008815,0.00850175297613915,0.0004126615622994373,0.0,0.0,0.031904364779653804,61
19.12,0.03245936251638684,0.008502149000209978,0.0004133817214904041,0.0,0.0,0.03191925172821261,61
19.14,0.03247593279866747,0.008502384091006926,0.0004141012026512969,0.0,0.0,0.03193407145520915,61
19.16,0.032492393870751174,0.008502459390139083,0.00041481999397558985,0.0,0.0,0.03194881365109439,62
19.18,0.03250873511670359,0.008502376068059207,0.0004155380834080397,0.0,0.0,0.03196346888388772,63
19.2,0.03252494670132717,0.008502135319930668,0.00041625545866264707,0.0,0.0,0.03197802853865576,63
19.22,0.03254101949237271,0.00850173836186277,0.000416972107235725,0.0,0.0,0.0319924847418246,63
19.240000000000002,0.03255694496943442,0.008501186427559015,0.00041768801641393655,0.0,0.0,0.032006830272372305,63
19.26,0.032572715121903725,0.008500480765412466,0.0004184031732772395,0.0,0.0,0.0320210584622794,64
19.28,0.032588322338689,0.008499622636071959,0.0004191177518169025,0.0,0.0,0.03203516308894439,64
19.3,0.03260375929272396,0.008498613310491938,0.00041983171608546275,0.0,0.0,0.032049138262586575,64
19.32,0.03261901882357922,0.008497454068467468,0.00042054491451030507,0.0,0.0,0.03206297831194759,64
19.34,0.0326340938217097,0.008496146197644485,0.0004212574291773441,0.0,0.0,0.03207667767182025,64
19.36,0.03264897711800414,0.008494690992983465,0.00042197001636048006,0.0,0.0,0.03209023077606512,64
19.38,0.032663661382301874,0.008493089756643025,0.00042268323439391924,0.0,0.0,0.032103631959771894,64
19.400000000000002,0.0326781390343759,0.008491343798238522,0.0004233956635846996,0.0,0.0,0.032116875374055,64
19.42,0.03269240217053731,0.00848945443542027,0.0004241072867154364,0.0,0.0,0.032129954916627367,64
19.44,0.032706442508469165,0.008487422994706773,0.0004248180862753177,0.0,0.0,0.032142864180747646,64
19.46,0.03272025371573502,0.008485250812501535,0.0004255280443933002,0.0,0.0,0.032155596424416275,64
19.48,0.032733885061728404,0.008482939236217287,0.00042623714234307243,0.0,0.0,0.032168144560815994,64
19.5,0.032747288005310196,0.008480489625430193,0.0004269538994663654,0.0,0.0,0.032180501170025425,64
19.52,0.032760431234891405,0.008477903352988536,0.00042769042630367915,0.0,0.0,0.03219265853104025,64
19.54,0.032773304469251884,0.008475181806005318,0.0004284264893073172,0.0,0.0,0.03220460867219268,64
19.56,0.03278589714147441,0.00847232638667274,0.0004291616911058277,0.0,0.0,0.032216343437250355,64
19.580000000000002,0.03279819847260458,0.008469338512847065,0.0004298960110446597,0.0,0.0,0.03222785456385075,64
19.6,0.032810197553858514,0.008466219618365188,0.0004306294283272353,0.0,0.0,0.032239133770550626,64
19.62,0.03282188343351515,0.00846297115306763,0.00043136192117752673,0.0,0.0,0.03225017284863038,64
19.64,0.03283326531837629,0.008459594582516557,0.00043209346739354307,0.0,0.0,0.032260963754911484,64
19.66,0.03284431826236202,0.008456091387410162,0.0004328240445207463,0.0,0.0,0.03227149870216696,64
19.68,0.032855025872584764,0.008452463062706455,0.00043355362972292375,0.0,0.0,0.03228177024419248,64
19.7,0.032865377866186755,0.00844871111647892,0.00043428219981756026,0.0,0.0,0.03229177135319715,64
19.72,0.032875364305173245,0.00844483706853392,0.0004350097313139917,0.0,0.0,0.03230149548781223,64
19.740000000000002,0.03288497564844235,0.008440842448824669,0.0004357362005029244,0.0,0.0,0.03231093665065047,64
19.76,0.03289420279274118,0.008436728795699382,0.00043646158344253834,0.0,0.0,0.03232008943493256,64
19.78,0.03290303710256748,0.008432497654021976,0.0004371858561647271,0.0,0.0,0.03232894906020604,64
19.8,0.0329114704294526,0.008428150573202701,0.0004379089942226189,0.0,0.0,0.03233751139759551,64
19.82,0.03291965421744673,0.008423689105173939,0.0004386309730448938,0.0,0.0,0.03234577298533374,64
19.84,0.03292918597147949,0.008419114802343046,0.0004393517681569814,0.0,0.0,0.03235373103554109,64
19.86,0.03293835740612444,0.008414429215550499,0.00044007135506228377,0.0,0.0,0.03236138343334396,64
19.88,0.03294716467741405,0.00840963389205735,0.00044078970927941496,0.0,0.0,0.032368728729476944,64
19.900000000000002,0.03295562974959317,0.00840473037358191,0.0004415068063775252,0.0,0.0,0.0323757661275031,64
19.92,0.03296372934145349,0.008399720194401591,0.00044222262200959626,0.0,0.0,0.0323824954667315,64
19.94,0.032971456640085106,0.008394604879532143,0.00044293713194361355,0.0,0.0,0.032388917201826385,66
19.96,0.03297880988675636,0.008389385942992971,0.00044365031209159836,0.0,0.0,0.032395032379991084,67
19.98,0.03298578777739462,0.008384064886164676,0.00044436213853650113,0.0,0.0,0.03240084261649661,67
20.0,0.03299238943252804,0.00837864319624206,0.00044507258755699814,0.0,0.0,0.03240635006919643,67
20.02,0.03299861436651,0.008373122344784075,0.000445781635650248,0.0,0.0,0.03241155741255797,67
20.04,0.033004462456432494,0.008367503786360402,0.0004464892595526954,0.0,0.0,0.03241646781161968,67
20.06,0.033009933911038444,0.00836178895729324,0.0004471954362589758,0.0,0.0,0.03242108489618522,68
20.080000000000002,0.03301502923984419,0.008355979274491762,0.0004479001430390471,0.0,0.0,0.03242541273546489,68
20.1,0.03301974922260604,0.008350076134376305,0.000448603357453611,0.0,0.0,0.03242945581329538,69
20.12,0.03302409487919039,0.008344080911888851,0.00044932940063356023,0.0,0.0,0.03243321900399133,69
20.14,0.03302806743984634,0.008337994959586361,0.00045005647202025475,0.0,0.0,0.03243670754881849,69
20.16,0.03303168720167362,0.008331819606813473,0.00045078204143059105,0.0,0.0,0.0324399270330255,69
20.18,0.03303494327961533,0.008325556158951402,0.000451506087381016,0.0,0.0,0.03244288336332142,69
20.2,0.033037831039679805,0.008319205896740196,0.0004522285887372829,0.0,0.0,0.03244558274565377,69
20.22,0.03304035226320162,0.008312770075671886,0.00045294952472122786,0.0,0.0,0.03244803166310691,69
20.240000000000002,0.033042508796255005,0.00830624992545278,0.00045366887508649817,0.0,0.0,0.032450236853724265,70
20.26,0.033044565817684605,0.008299646649533489,0.0004543866198290393,0.0,0.0,0.032452205288039146,70
20.28,0.033049390453504905,0.008292961424706103,0.00045510273904890967,0.0,0.0,0.032453944146100984,70
20.3,0.03305457274984993,0.00828619540076841,0.0004558172134312177,0.0,0.0,0.032455460793780616,70
20.32,0.03305953445370996,0.008279349700255713,0.00045653002402932114,0.0,0.0,0.032456762758157835,70
20.34,0.03306428251451974,0.008272425418241358,0.0004572412024951895,0.0,0.0,0.03245785770181807,70
20.36,0.033068823974090916,0.008265423622207512,0.00045795203044694246,0.0,0.0,0.03245875339591924,70
20.38,0.033073165937956214,0.008258345351988208,0.00045866122409375654,0.0,0.0,0.03245945769194213,70
20.400000000000002,0.03307731554533664,0.008251191619786864,0.0004593687673284912,0.0,0.0,0.03245997849209435,70
20.42,0.033081279937775786,0.0082439634102706,0.00046007464436471896,0.0,0.0,0.03246032371841321,70
20.44,0.03308506622656423,0.008236661680743634,0.00046077883972708356,0.0,0.0,0.0324605012806917,70
20.46,0.03308868145917069,0.008229287361401678,0.0004614813383206986,0.0,0.0,0.03246051904344556,70
20.48,0.033092132584985084,0.00822184135566884,0.0004621821254393024,0.0,0.0,0.03246038479222811,70
20.5,0.03309542642077247,0.008214324540617702,0.0004628811862059835,0.0,0.0,0.03246010619969333,70
20.52,0.033098569616317755,0.008206737767888748,0.00046357949523853317,0.0,0.0,0.03245969079188856,70
20.54,0.033101568620807625,0.008199081867955016,0.00046427666469941656,0.0,0.0,0.03245914591532514,70
20.56,0.03310442965053526,0.008191357637255774,0.0004649721494969427,0.0,0.0,0.03245847870541415,70
20.580000000000002,0.033107158658522276,0.008183565853287333,0.0004656659372937946,0.0,0.0,0.0324576960568636,70
20.6,0.03310976130661942,0.00817570727048985,0.0004663580159695589,0.0,0.0,0.0324568045966002,70
20.62,0.03311224294056792,0.008167782621116037,0.0004670483731121537,0.0,0.0,0.032455810659699706,70
20.64,0.03311460856838299,0.008159792616153782,0.0004677369967206208,0.0,0.0,0.03245472026868901,70
20.66,0.033116862842249815,0.008151737946293622,0.00046842387490822897,0.0,0.0,0.032453539116412314,70
20.68,0.03311901004392111,0.008143619282931695,0.0004691089958847012,0.0,0.0,0.0324522725524524,70
20.7,0.033121054073380424,0.008135437279198776,0.00046979234793909265,0.0,0.0,0.03245092557287316,70
20.72,0.03312299844030365,0.008127192571006726,0.0004704739194235065,0.0,0.0,0.03244950281281788,70
20.740000000000002,0.033124846257633844,0.008118885778104703,0.0004711536987378367,0.0,0.0,0.032448008541280715,70
20.76,0.03312660023640687,0.00811051750513932,0.0004718316743155783,0.0,0.0,0.03244644665719094,71
20.78,0.03312826268083894,0.008102088342715003,0.0004725078346107389,0.0,0.0,0.03244482068582381,71
20.8,0.03312983548264198,0.008093598868453187,0.0004731821680858883,0.0,0.0,0.03244313377450644,72
20.82,0.03313132011356467,0.008085049648051599,0.00047385466320118966,0.0,0.0,0.032441388686619665,72
20.84,0.03313271761529285,0.008076441236347223,0.00047452530840436243,0.0,0.0,0.0324395877930327,72
20.86,0.03313402858605416,0.008067774178388769,0.0004751940921213463,0.0,0.0,0.03243773306031912,72
20.88,0.033135253163575365,0.008059049010525964,0.0004758610027475645,0.0,0.0,0.03243582603540658,72
20.900000000000002,0.03313639100439663,0.008050266261523858,0.0004765260286395491,0.0,0.0,0.032433867826668746,72
20.92,0.03313744125994952,0.008041426453710457,0.00047718915810677923,0.0,0.0,0.03243185908187124,72
20.94,0.033138402550209826,0.008032530104164902,0.0004778503794035894,0.0,0.0,0.0324297999637875,72
20.96,0.03313927293612779,0.008023577725951605,0.0004785096807210681,0.0,0.0,0.032427690124693404,72
20.98,0.033140049892376934,0.008014569829402974,0.00047916705017887897,0.0,0.0,0.03242552868128721,72
21.0,0.03314073028221482,0.008005506923449625,0.0004798240838720406,0.0,0.0,0.03242331419183547,72
21.02,0.033141310336402045,0.007996389516992877,0.00048047934636498185,0.0,0.0,0.03242104463749787,72
21.04,0.033141785638148985,0.00798721812030989,0.000481132715313323,0.0,0.0,0.03241871740980793,72
21.06,0.03314215111594719,0.007977993246477046,0.0004817841797197597,0.0,0.0,0.03241632930617476,72
21.080000000000002,0.0331424010458928,0.007968715412793122,0.0004824337284808046,0.0,0.0,0.0324138765350213,72
21.1,0.03314252906473624,0.00795938514218006,0.0004830813503794552,0.0,0.0,0.03241135473180202,72
21.12,0.033142528194411214,0.007950002964536379,0.00048373056253344277,0.0,0.0,0.032408758986662296,72
21.14,0.03314240111615844,0.007940569418016713,0.00048437940862023997,0.0,0.0,0.03240608388395471,72
21.16,0.033142143449423664,0.007931085050210632,0.00048502638631354154,0.0,0.0,0.03240332355324294,72
21.18,0.0331417328037,0.007921550419194935,0.0004856714841683997,0.0,0.0,0.03240047173085518,72
21.2,0.03314116021295692,0.007911966099713393,0.00048631469061193624,0.0,0.0,0.032397521830531635,72
21.22,0.03314041637851108,0.007902332668137144,0.0004869581497743789,0.0,0.0,0.03239446702128763,72
21.240000000000002,0.03313949174760842,0.007892650718674017,0.0004876346983343878,0.0,0.0,0.032391300310308964,72
21.26,0.033138376594457994,0.007882920858603235,0.0004883093423350767,0.0,0.0,0.03238801462853356,72
21.28,0.033137061101334506,0.007873143708377436,0.0004889820691358969,0.0,0.0,0.03238460291654667,72
21.3,0.03313553543748127,0.00786331990157567,0.0004896528659642066,0.0,0.0,0.0323810582085334,72
21.32,0.03313378983376556,0.007853450084663503,0.0004903217199330254,0.0,0.0,0.032377373712251294,72
21.34,0.03313181465135558,0.007843534916571058,0.0004909886180608293,0.0,0.0,0.03237354288330381,72
21.36,0.033129600443056226,0.007833575068103773,0.0004916535472930271,0.0,0.0,0.03236955949236304,72
21.38,0.03312713800633627,0.007823571221203623,0.0004923164945356081,0.0,0.0,0.03236541768438471,72
21.400000000000002,0.03312441842747502,0.007813524068080623,0.000492977446752928,0.0,0.0,0.03236111202925445,72
21.42,0.03312143311661814,0.007803434310235701,0.0004936363907051951,0.0,0.0,0.032356637563664074,72
21.44,0.03311817383385975,0.00779330265739609,0.0004942933132813702,0.0,0.0,0.032351989824343695,72
21.46,0.03311463270673093,0.007783129826384226,0.0004949482014175305,0.0,0.0,0.03234716487303633,72
21.48,0.03311080223968426,0.007772916539939816,0.0004956010421212466,0.0,0.0,0.03234215931380973,72
21.5,0.033106675316308794,0.007762663525513357,0.0004962643613346183,0.0,0.0,0.03233697030344168,72
21.52,0.03310224519510483,0.0077523715140475095,0.0004969521262849565,0.0,0.0,0.03233159555570652,72
21.54,0.03309750549968862,0.007742514884653789,0.000497640460796479,0.0,0.0,0.032326033340427454,72
21.56,0.033092450204302515,0.007736467427051831,0.0004983267917689809,0.0,0.0,0.032320282478158345,72
21.580000000000002,0.033087073615475936,0.00773093059608271,0.0004990111062422789,0.0,0.0,0.03231434233132238,72
21.6,0.033081370350636026,0.007725341520376435,0.0004996933914486751,0.0,0.0,0.0323082127925795,72
21.62,0.03307533531439834,0.007719700812777528,0.0005003736348332725,0.0,0.0,0.03230189427111629,72
21.64,0.03306896367319997,0.007714009084678606,0.0005010523197723527,0.0,0.0,0.03229538767747124,72
21.66,0.03306225082885741,0.0077082669449505285,0.0005017333020555961,0.0,0.0,0.03228869440741379,72
21.68,0.03305519239156421,0.007702474998918033,0.0005024122853555335,0.0,0.0,0.03228181632531062,72
21.7,0.03304778415277255,0.007696633847381811,0.0005030892582956341,0.0,0.0,0.03227475574732083,72
21.72,0.033040022058345345,0.007690744085686999,0.0005037642100879506,0.0,0.0,0.032267515424679954,72
21.740000000000002,0.033031902182312035,0.007684806302837443,0.0005044371302552274,0.0,0.0,0.032260098527250376,72
21.76,0.033023420701523504,0.007678821080654613,0.0005051080086432616,0.0,0.0,0.03225250862744561,72
21.78,0.033014573871466446,0.007672788992979693,0.0005057768354322736,0.0,0.0,0.03224474968456266,72
21.8,0.03300535800348173,0.007666710604917214,0.000506443601147288,0.0,0.0,0.03223682602949807,72
21.82,0.0329957694436126,0.007660586472118499,0.0005071082966675123,0.0,0.0,0.03222874234975612,72
21.84,0.03298582274847849,0.007654417140103287,0.0005077709132346503,0.0,0.0,0.032220503674609956,72
21.86,0.03297600315007584,0.007648203143618015,0.000508431780265467,0.0,0.0,0.03221211536021489,72
21.88,0.03296730407280262,0.007641945006029562,0.0005090939513634244,0.0,0.0,0.03220358307443098,72
21.900000000000002,0.03295828695975095,0.0076356432387535205,0.0005097565993517564,0.0,0.0,0.032194912781058405,72
21.92,0.0329489508146271,0.007629298340716533,0.0005104172498119983,0.0,0.0,0.03218611072314911,72
21.94,0.03294242071598221,0.00762291079785272,0.0005110758963116005,0.0,0.0,0.032177183405017164,72
21.96,0.03293582989803756,0.007616481082634744,0.0005117325327542074,0.0,0.0,0.03216813757253533,72
21.98,0.03292906895413371,0.007610009653640729,0.0005123871533775623,0.0,0.0,0.032158980191282674,73
22.0,0.03292214297371723,0.007603496955158779,0.000513039752749342,0.0,0.0,0.03214971842208979,73
22.02,0.03291505713751781,0.007596943416831715,0.000513691082970406,0.0,0.0,0.03214035959353198,73
22.04,0.03290781668279611,0.007590349453345139,0.0005143456278092426,0.0,0.0,0.03213091117094011,73
22.06,0.03290042686449736,0.007583715464162732,0.0005149981699620908,0.0,0.0,0.03212138072154338,73
22.080000000000002,0.032892892911990886,0.007577041833313312,0.0005156487037378609,0.0,0.0,0.03211177587543852,73
22.1,0.03288521998118552,0.00757032892923466,0.0005162972237133392,0.0,0.0,0.032102104282189216,73
22.12,0.03287741310196621,0.0075635771046796575,0.0005169437247213226,0.0,0.0,0.03209237356301533,73
22.14,0.03286947712109736,0.0075567866970665636,0.0005175882018364172,0.0,0.0,0.03208259125873111,73
22.16,0.03286141664097481,0.00754995802748057,0.000518230650358489,0.0,0.0,0.032072764773827096,73
22.18,0.032853235954893034,0.00754309140168482,0.0005188710657936791,0.0,0.0,0.0320629013173738,73
22.2,0.032844938979797886,0.007536187110198381,0.000519509443833051,0.0,0.0,0.03205300784172704,73
22.22,0.032836529187816224,0.007529245428515345,0.0005201457803289821,0.0,0.0,0.032043090980333234,73
22.240000000000002,0.032828009538155595,0.00752393714889927,0.0005207800712694471,0.0,0.0,0.032033156986231576,73
22.26,0.03281938241123194,0.007519566040430623,0.0005214123127504771,0.0,0.0,0.03202321167311044,73
22.28,0.032810649547065196,0.007515149155668675,0.0005220425009471483,0.0,0.0,0.03201326036095258,73
22.3,0.03280181199005913,0.007510686604457225,0.0005226706320835495,0.0,0.0,0.03200330782837467,73
22.32,0.032792870042214206,0.00750617848385092,0.0005232967024021954,0.0,0.0,0.0319933582736921,73
22.34,0.03278382322660264,0.007501624878816275,0.0005239207081335196,0.0,0.0,0.031983415286514334,73
22.36,0.032774670262549675,0.007497025862992509,0.0005245426454660107,0.0,0.0,0.031973481831281944,73
22.38,0.03276540905344165,0.007492381499500064,0.0005251625105176244,0.0,0.0,0.03196356024362636,73
22.400000000000002,0.032756059202686996,0.007487691841783263,0.000525780299309045,0.0,0.0,0.03195365223979636,74
22.42,0.03274659756856794,0.007482956934473161,0.0005263960077393781,0.0,0.0,0.031943758938709654,75
22.44,0.03273701668617227,0.0074781768142565186,0.0005270096315646532,0.0,0.0,0.031933880895524715,75
22.46,0.032727311322485145,0.007474390237950731,0.0005276211663795547,0.0,0.0,0.0319240181450545,75
22.48,0.03271747554454437,0.007470750766389223,0.0005282306076025326,0.0,0.0,0.03191417025291985,75
22.5,0.032707502767668,0.0074670631350645155,0.0005288379504644618,0.0,0.0,0.031904336372112686,75
22.52,0.0326973858071207,0.007463327349268822,0.0005294431900007492,0.0,0.0,0.031894515302618116,75
22.54,0.032687116931190204,0.007459543410641694,0.0005300463211393891,0.0,0.0,0.03188470555192462,75
22.56,0.032676687914001856,0.0074557113178464135,0.0005306473384286558,0.0,0.0,0.031874905394586525,75
22.580000000000002,0.0326660900868723,0.007451831067192155,0.0005312462363900955,0.0,0.0,0.03186511292944919,75
22.6,0.032656036359898534,0.007447902653198295,0.0005318430094233491,0.0,0.0,0.031855326133625475,75
22.62,0.032647819515718546,0.007443926069097264,0.0005324376513222741,0.0,0.0,0.03184554291276859,75
22.64,0.03263951359858198,0.007440743644179192,0.0005330301559537314,0.0,0.0,0.03183576114756749,75
22.66,0.032631112910895606,0.007438398384161897,0.0005336205170128396,0.0,0.0,0.03182597873665105,75
22.68,0.03262261166491689,0.00743598570652986,0.0005342087280341839,0.0,0.0,0.03181619363622205,75
22.7,0.03261400401593628,0.007433505528179384,0.0005347947824042175,0.0,0.0,0.03180640389674455,75
22.72,0.03260528409316516,0.007430957771291619,0.0005353786733746887,0.0,0.0,0.0317966076969042,75
22.740000000000002,0.03259646493157842,0.007428342362305431,0.0005359603940768917,0.0,0.0,0.031786803374875654,75
22.76,0.032587525840522595,0.00742565923083473,0.000536539937536603,0.0,0.0,0.03177698945670788,75
22.78,0.032579159094180056,0.007422908308548906,0.0005371172966895707,0.0,0.0,0.031767164681406536,75
22.8,0.03257265114083994,0.007420089528035316,0.0005376932197299973,0.0,0.0,0.031757328022092225,75
22.82,0.03256610614333849,0.00741720282166366,0.0005382670892543476,0.0,0.0,0.03174747870246737,75
22.84,0.032559522669010556,0.007415756918853813,0.0005388387670669751,0.0,0.0,0.03173761620774261,75
22.86,0.032552899525848444,0.007415315831176561,0.0005394082472570941,0.0,0.0,0.03172774028917802,75
22.88,0.03254623575955567,0.007414797627494841,0.0005399755239843665,0.0,0.0,0.03171785096146936,75
22.900000000000002,0.03253953064279378,0.007414202291079881,0.0005405405914871057,0.0,0.0,0.031707948492349716,75
22.92,0.032532804432236884,0.0074135297991305416,0.0005411034440891511,0.0,0.0,0.03169803338398838,75
22.94,0.032526038159205004,0.007412780122163347,0.0005416640762053406,0.0,0.0,0.03168810634600537,75
22.96,0.032519229557283896,0.00741265358830542,0.0005422224823455317,0.0,0.0,0.031678168260205655,75
22.98,0.03251237853397709,0.007413278141776428,0.0005427786571171101,0.0,0.0,0.03166822013742611,75
23.0,0.03250548504733816,0.007413821729359953,0.0005433325952260124,0.0,0.0,0.03165826306718934,75
23.02,0.03249854904895459,0.0074142842747560184,0.0005438842914762336,0.0,0.0,0.03164829816114924,75
23.04,0.03249157042196037,0.007414741192814136,0.000544433740767887,0.0,0.0,0.031638326491583726,75
23.06,0.03248454891557132,0.00741658323965095,0.0005449809380938587,0.0,0.0,0.031628349026431975,75
23.080000000000002,0.0324774840778309,0.007418340253494587,0.0005455258785351897,0.0,0.0,0.03161836656256819,75
23.1,0.032470375188393234,0.007420012123076306,0.0005460685572552825,0.0,0.0,0.03160837965914526,75
23.12,0.03246322119324224,0.007421598736320617,0.0005466089694931151,0.0,0.0,0.03159838857291507,75
23.14,0.03245602064324153,0.007423099982353699,0.0005471485617141823,0.0,0.0,0.03158839319742981,75
23.16,0.03244877163832792,0.007424515753774589,0.0005476880999244953,0.0,0.0,0.03157839300794849,75
23.18,0.03244147177899736,0.0074258459491611415,0.0005482254411345108,0.0,0.0,0.03156838701371007,75
23.2,0.032434118126502355,0.007427090475775921,0.0005487605812167612,0.0,0.0,0.03155837371900581,75
23.22,0.032426707172888876,0.007428249252430974,0.0005492935160109306,0.0,0.0,0.031548351094193086,75
23.240000000000002,0.03241923482167479,0.007429322212465591,0.0005498242413371797,0.0,0.0,0.03153831655746685,75
23.26,0.03241169637962711,0.007430309306787333,0.0005503527530622611,0.0,0.0,0.031528266967860055,75
23.28,0.03240408655976041,0.007431210506924139,0.0005508790470525705,0.0,0.0,0.031518198629608064,75
23.3,0.03239639949536219,0.007432025808034357,0.0005514031191684645,0.0,0.0,0.031508107307694544,75
23.32,0.03238862876457193,0.007432755231821605,0.0005519281595107479,0.0,0.0,0.03149798825411527,75
23.34,0.03238076742480552,0.00743339882930287,0.0005524796029440451,0.0,0.0,0.031487836244159614,75
23.36,0.03237280805611745,0.0074339566833806605,0.0005530288388775732,0.0,0.0,0.03147764562180758,75
23.38,0.032364742812430666,0.007434509746554935,0.0005535853634553731,0.0,0.0,0.0314674103531766,75
23.400000000000002,0.032356563479428654,0.0074364904725980705,0.0005541527393882633,0.0,0.0,0.0314571240868141,75
23.42,0.032348261537787845,0.007438381637154951,0.0005547178787143061,0.0,0.0,0.03144678021951486,75
23.44,0.03233982823033588,0.007440183450427172,0.0005552807771593609,0.0,0.0,0.03143637196624764,75
23.46,0.03233125463163961,0.0074418961636995955,0.0005558437856053984,0.0,0.0,0.03142589243269352,75
23.48,0.03232256492734123,0.007443520069953394,0.0005564088390273393,0.0,0.0,0.0314153346888585,75
23.5,0.03231372836368203,0.007445055504084855,0.0005569717289881208,0.0,0.0,0.03140469184220668,75
23.52,0.032304733008618164,0.007446502842731618,0.0005575324537355153,0.0,0.0,0.031393957108800996,75
23.54,0.03229557743112047,0.007447862503716423,0.0005580910109023484,0.0,0.0,0.03138312388102901,75
23.56,0.032286237080878494,0.0074491349451264776,0.0005586473982283065,0.0,0.0,0.03137218579063726,75
23.580000000000002,0.032276703430218816,0.007450320664053973,0.000559201613613436,0.0,0.0,0.03136113676599282,75
23.6,0.032266968214151516,0.007451420195029443,0.000559753654974054,0.0,0.0,0.031349971082730375,75
23.62,0.03225702346945136,0.007452434108184676,0.0005603035203785182,0.0,0.0,0.03133868340720382,75
23.64,0.032246878577176404,0.007453363009908953,0.000560851208115508,0.0,0.0,0.03132726883243304,75
23.66,0.032236516139861046,0.007454207533459224,0.0005613967157676551,0.0,0.0,0.03131572290650144,75
23.68,0.03222592247756499,0.007454968341625482,0.0005619400415043291,0.0,0.0,0.0313040416535975,76
23.7,0.03221509107255318,0.007455646124599956,0.0005624811832298108,0.0,0.0,0.03129222158809877,76
23.72,0.03220401579128213,0.007456241596375392,0.000563020139169299,0.0,0.0,0.03128025972226083,76
23.740000000000002,0.03219269088079791,0.007456755492145452,0.0005635569076269285,0.0,0.0,0.031268153568187886,76
23.76,0.032181110959940695,0.007457188565708534,0.0005640914960086717,0.0,0.0,0.03125590113483564,76
23.78,0.032169271006130054,0.007457541586903248,0.0005646238956479804,0.0,0.0,0.031243500920827557,76
23.8,0.03215716633849922,0.007457815339099249,0.0005651541023574637,0.0,0.0,0.031230951903860386,76
23.82,0.032144792598119504,0.007458010616762825,0.0005656821145070275,0.0,0.0,0.03121825352744572,76
23.84,0.0321321457259969,0.007458128223112389,0.0005662079305900784,0.0,0.0,0.03120540568567539,76
23.86,0.032119221939466,0.00745816896787519,0.0005667315491311428,0.0,0.0,0.031192408706638707,76
23.88,0.03210601770752518,0.007458133665152986,0.0005672529687674086,0.0,0.0,0.031179263335037368,76
23.900000000000002,0.03209252972558472,0.007458023131401351,0.0005677721883112731,0.0,0.0,0.031165970714468163,76
23.92,0.03207875489002537,0.00745783818352467,0.0005682892065641374,0.0,0.0,0.031152532369766683,76
23.94,0.032064690272893354,0.0074575796370865925,0.0005688040224663211,0.0,0.0,0.03113895018972954,76
23.96,0.03205033309699335,0.007457248304634049,0.0005693166350820958,0.0,0.0,0.0311252264104632,77
23.98,0.03203568071158786,0.007456844994131341,0.000569827043590125,0.0,0.0,0.031111363599548823,77
24.0,0.032020730568858374,0.00745637050749996,0.0005703352472880002,0.0,0.0,0.031097364641152352,77
24.02,0.032005480201248514,0.007455825639258794,0.0005708412455966436,0.0,0.0,0.03108323272216592,77
24.04,0.03198992719977302,0.007455211175259112,0.000571345895972162,0.0,0.0,0.031068971319420238,77
24.060000000000002,0.03197406919335424,0.007454527891508171,0.0005718492383032705,0.0,0.0,0.03105458418797458,77
24.080000000000002,0.03195790382922929,0.007453776553075458,0.0005723503860356953,0.0,0.0,0.031040075350458773,77
24.1,0.03194142875445932,0.007452957913075381,0.0005728493390376239,0.0,0.0,0.031025449087414888,77
24.12,0.0319251871681117,0.007452072711720547,0.0005733460973181995,0.0,0.0,0.03101070992856189,77
24.14,0.03191035164797279,0.0074511216754400535,0.0005738406610311181,0.0,0.0,0.030995862644887018,77
24.16,0.031896582970181976,0.007450105516057432,0.000574333407244413,0.0,0.0,0.03098091224144762,77
24.18,0.031883575967895046,0.007449024930023476,0.0005748264237532139,0.0,0.0,0.030965863950747654,77
24.2,0.0318704171646382,0.007447880597699631,0.0005753172840079808,0.0,0.0,0.030950723226537004,77
24.22,0.031857110528174915,0.007446673182688048,0.0005758059820697671,0.0,0.0,0.030935495737863094,77
24.240000000000002,0.03184366017915784,0.00744540333120519,0.0005762936895323088,0.0,0.0,0.03092018736318466,77
24.26,0.031830070382785354,0.007444071671496307,0.0005767793118023572,0.0,0.0,0.030904804184340044,77
24.28,0.03181634553997184,0.007442678813288888,0.000577262776269776,0.0,0.0,0.03088935248014094,77
24.3,0.03180249017777602,0.007442232842575347,0.0005777440838552683,0.0,0.0,0.03087383871934176,77
24.32,0.03178850893881042,0.0074423752543977045,0.0005782232356184195,0.0,0.0,0.030858269552713584,77
24.34,0.03177440656933068,0.007442452453072758,0.0005787002327589173,0.0,0.0,0.03084265180392742,77
24.36,0.03176018790568605,0.007442465028332754,0.0005791750766174616,0.0,0.0,0.030826992458934357,77
24.38,0.03174585785878754,0.007442413547481022,0.0005796644928275313,0.0,0.0,0.030811298653504862,77
24.400000000000002,0.03173142139623646,0.00744229855510879,0.0005801665309737539,0.0,0.0,0.030795577658576535,77
24.42,0.03171688352174246,0.0074421205728590215,0.0005806663896785187,0.0,0.0,0.03077983686304496,77
24.44,0.03170224925145501,0.007441880099242001,0.000581164071191951,0.0,0.0,0.030764083753627807,77
24.46,0.0316875235868372,0.007441577611467265,0.000581659577906077,0.0,0.0,0.03074832589143655,77
24.48,0.0316727114837271,0.007441213562321218,0.0005821529123526742,0.0,0.0,0.03073257088490631,77
24.5,0.031657817817266974,0.007440788377605167,0.0005826440772004406,0.0,0.0,0.03071682635876895,78
24.52,0.031642847342433604,0.007440302462704026,0.0005831330752513659,0.0,0.0,0.03070109991880687,78
24.54,0.03162780464998258,0.007439756199950709,0.0005836199094362893,0.0,0.0,0.03068539911220339,78
24.560000000000002,0.03161269411772366,0.007439149948899122,0.0005841045828095783,0.0,0.0,0.03066973138340949,78
24.580000000000002,0.03159751985718301,0.007438484046703924,0.0005845886764231739,0.0,0.0,0.030654104025583228,78
24.6,0.031582285655876494,0.00743775880861629,0.0005850706364929161,0.0,0.0,0.030638524127825344,78
24.62,0.03156699491561849,0.0074369745286044266,0.0005855504555789793,0.0,0.0,0.03062299851863288,78
24.64,0.03155165058752526,0.007436131480106415,0.000586028137064922,0.0,0.0,0.030607533706224276,78
24.66,0.031536255104623115,0.007435229916921588,0.0005865036844139508,0.0,0.0,0.030592135816638045,78
24.68,0.0315208103132454,0.007434270074244339,0.0005869771011579079,0.0,0.0,0.03057681053077702,78
24.7,0.031505317404669546,0.007433252169841599,0.0005874483908854436,0.0,0.0,0.030561563021833445,78
24.72,0.03148977684870122,0.0074321764053718155,0.0005879175572295253,0.0,0.0,0.030546397894780166,79
24.740000000000002,0.03147418833112799,0.007431042967839309,0.0005883846038544165,0.0,0.0,0.030531319129823428,79
24.76,0.03145855069711891,0.007429852035452354,0.000588849534442296,0.0,0.0,0.03051633003185893,79
24.78,0.03144286190272001,0.00742860376687438,0.0005893123526797734,0.0,0.0,0.030501433188038562,79
24.8,0.03142711897655828,0.007427298314648466,0.0005897730622445065,0.0,0.0,0.03048663043550799,79
24.82,0.03141185181778508,0.007425935823946641,0.0005902316667921736,0.0,0.0,0.030471922841212886,79
24.84,0.03139822501055312,0.0074245164340560965,0.0005906881699441148,0.0,0.0,0.03045731069537705,79
24.86,0.031384611904247524,0.007423040280261699,0.0005911425752758641,0.0,0.0,0.03044279351982964,79
24.88,0.0313710089833228,0.007421507495696637,0.0005915948863068671,0.0,0.0,0.030428370091836392,79
24.900000000000002,0.03135741194911378,0.0074199182131249155,0.0005920451064915977,0.0,0.0,0.03041403848346657,79
24.92,0.03134381577068117,0.0074182725666195135,0.0005924932392122969,0.0,0.0,0.03039979611587541,79
24.94,0.031330214749109235,0.007416570693101774,0.000592939287773478,0.0,0.0,0.030385639827217724,79
24.96,0.031316602593359444,0.007414812733710903,0.0005933832553983021,0.0,0.0,0.03037156595230467,79
24.98,0.0313029725052633,0.007412998834977085,0.0005938251452268892,0.0,0.0,0.030357570411595355,79
25.0,0.03128931727085173,0.007411129149777609,0.0005942649603165374,0.0,0.0,0.030343648806729184,79
25.02,0.03127562935499379,0.007409203838062084,0.0005947027036437877,0.0,0.0,0.030329796519580284,79
25.04,0.03126190099624807,0.007407223067340025,0.0005951383781082132,0.0,0.0,0.030316008811745978,79
25.060000000000002,0.03124812429893063,0.007405187012931401,0.0005955719865377697,0.0,0.0,0.03030228092148168,79
25.080000000000002,0.031234309337067143,0.007403095857987708,0.0005960035316954769,0.0,0.0,0.030288608155337824,79
25.1,0.031220433791182202,0.0074009497932975045,0.0005964330162872144,0.0,0.0,0.0302749859721067,79
25.12,0.031206486340747484,0.007398749016895917,0.000596860442970388,0.0,0.0,0.030261410057126854,79
25.14,0.031192459330378428,0.00739649373350198,0.0005972858143631844,0.0,0.0,0.030247876385473476,79
25.16,0.03117834530654355,0.007394184153810989,0.0005977091330541695,0.0,0.0,0.030234381273055957,79
25.18,0.031164137049636758,0.007391820493671172,0.0005981304016119924,0.0,0.0,0.030220921415115648,79
25.2,0.031149827593096667,0.007389431243626905,0.0005985496225949642,0.0,0.0,0.03020749391205795,79
25.22,0.031135410229881245,0.0073903110508934415,0.0005989667985603068,0.0,0.0,0.03019409628293363,79
25.240000000000002,0.03112087850693656,0.007391136082793358,0.0005993819320728925,0.0,0.0,0.030180726467213318,79
25.26,0.031106226208569773,0.007391885710259486,0.0005997951336310259,0.0,0.0,0.030167382815769552,79
25.28,0.031091447329860352,0.0073925602320859644,0.0006002075916697616,0.0,0.0,0.03015406407220232,79
25.3,0.031076536041413895,0.007393159960565641,0.0006006180228209047,0.0,0.0,0.030140769345812665,79
25.32,0.03106151548319449,0.007393685219544531,0.0006010264294617555,0.0,0.0,0.03012749807767556,79
25.34,0.031046364576047848,0.007394136342583998,0.0006014328140518984,0.0,0.0,0.030114250001362586,79
25.36,0.031032801276233885,0.0073945136712520445,0.000601837179192344,0.0,0.0,0.030101025099954142,79
25.38,0.03101929557199688,0.0073948175535593665,0.0006022395275263872,0.0,0.0,0.030087823561030663,79
25.400000000000002,0.03100569209592447,0.0073950483425499055,0.0006026398617416177,0.0,0.0,0.030074645731366527,79
25.42,0.030991987330466243,0.0073952063950501225,0.0006030381845711697,0.0,0.0,0.030061492073040326,79
25.44,0.030978177669604295,0.007395292070575837,0.0006034550868154379,0.0,0.0,0.030048363122631958,79
25.46,0.030964259375044295,0.00739530573039049,0.000603878627169198,0.0,0.0,0.030035259455075625,79
25.48,0.030950228538172517,0.007395247736704154,0.0006043001546117068,0.0,0.0,0.030022181653586295,79
25.5,0.030936081048980293,0.007395118451998697,0.0006047196722632806,0.0,0.0,0.03000913028685663,79
25.52,0.03092181257288468,0.007394918238461245,0.0006051371832855444,0.0,0.0,0.02999610589444459,79
25.54,0.030908234006565224,0.007394647457505617,0.0006055526908811984,0.0,0.0,0.029983108980935792,79
25.560000000000002,0.03089561887234665,0.007394306469359998,0.0006059661982939806,0.0,0.0,0.0299701400190891,79
25.580000000000002,0.030882929404506456,0.007393895632698499,0.0006063777088089305,0.0,0.0,0.02995719946177439,79
25.6,0.030870162536660337,0.007393415304294876,0.0006068146982622702,0.0,0.0,0.029944287762111343,79
25.62,0.03085731507894284,0.007392865838678084,0.00060725154384815,0.0,0.0,0.029931405400848675,79
25.64,0.030844383744217288,0.0073922475877719294,0.0006076863985963284,0.0,0.0,0.029918552919698197,79
25.66,0.0308313651785136,0.007391560900504151,0.000608119266161947,0.0,0.0,0.029905730959094476,79
25.68,0.03081825599403043,0.00739080612237424,0.0006085501504850123,0.0,0.0,0.029892940298683408,79
25.7,0.03080505280298508,0.007389983594973398,0.0006089799093368988,0.0,0.0,0.029880181898780545,79
25.72,0.030791752250625526,0.007389093655454481,0.0006094078104644902,0.0,0.0,0.0298674569410581,79
25.740000000000002,0.03077835104584006,0.007388136635954061,0.0006098337420216333,0.0,0.0,0.029854766866826272,79
25.76,0.030764845987985807,0.0073871128629727535,0.0006102577078781756,0.0,0.0,0.029842113411443254,79
25.78,0.030751233988794476,0.007386022656723624,0.0006106797119700821,0.0,0.0,0.02982949863360502,79
25.8,0.03073751208847732,0.0073848663304615265,0.000611099758303595,0.0,0.0,0.02981692493850604,79
25.82,0.030723677465425824,0.007383644189808665,0.0006115178509590718,0.0,0.0,0.02980439509410948,79
25.84,0.0307097274391758,0.007382356532093551,0.0006119339940943126,0.0,0.0,0.029791912240005037,79
25.86,0.030695659466549237,0.007381003645721595,0.0006123481919472219,0.0,0.0,0.029779479888543802,79
25.88,0.030681471131119922,0.007379585809596198,0.0006127604488376175,0.0,0.0,0.029767101918131,79
25.900000000000002,0.030667160126342352,0.007378103292609157,0.0006131707691680487,0.0,0.0,0.02975478255870634,79
25.92,0.030652724232859228,0.007376556353218662,0.0006135791574234232,0.0,0.0,0.0297425263695691,79
25.94,0.030638161290649054,0.0073749452391321385,0.0006139856181693652,0.0,0.0,0.029730338209798705,79
25.96,0.030623469166804425,0.0073732701871097,0.0006143901560491035,0.0,0.0,0.02971822320159642,79
25.98,0.030609112760293374,0.007371531422902154,0.0006147927757788216,0.0,0.0,0.029706186686930276,79
26.0,0.030597380692845164,0.007369729161335157,0.0006151934821413537,0.0,0.0,0.029694234177919384,79
26.02,0.030585655582576556,0.007367863606618304,0.0006155930624419921,0.0,0.0,0.029682371301432177,79
26.04,0.03057394066791552,0.007365934952912436,0.0006159908819730486,0.0,0.0,0.029670603738425876,79
26.060000000000002,0.030562239081471796,0.007363943383975329,0.0006163868052160527,0.0,0.0,0.02965893715859937,79
26.080000000000002,0.030550556868563113,0.007361889074945256,0.0006167825070926616,0.0,0.0,0.029647377150989643,79
26.1,0.030538909890555452,0.007359772192850397,0.0006171766450280698,0.0,0.0,0.02963608174439404,79
26.12,0.03052728432269046,0.007359116880257,0.0006175689604993994,0.0,0.0,0.029625170705723212,79
26.14,0.030516612595668534,0.007358880067773607,0.0006179594592903631,0.0,0.0,0.029614381281066037,79
26.16,0.03050691981600523,0.007358565554577407,0.0006183504389896769,0.0,0.0,0.02960371798749911,80
26.18,0.03049731274031407,0.007358173671707797,0.0006187407558506736,0.0,0.0,0.02959318488028696,80
26.2,0.030487793754177313,0.007357704750955493,0.0006191292979067522,0.0,0.0,0.029582785476293522,81
26.22,0.03047836458986536,0.007357159125804375,0.0006195160699356268,0.0,0.0,0.029572522679877235,81
26.240000000000002,0.030469026254255707,0.007356537132445363,0.0006199010765833397,0.0,0.0,0.02956239871261075,81
26.26,0.03045978089560857,0.00735583911083117,0.0006202843223478066,0.0,0.0,0.029552415048295196,81
26.28,0.03045065807042348,0.007355065405740877,0.0006206662601676428,0.0,0.0,0.02954257235486508,81
26.3,0.030441632493738293,0.007354216367824237,0.0006210469271970496,0.0,0.0,0.02953302945973338,81
26.32,0.030432693499293645,0.007353292354597463,0.0006214261806878314,0.0,0.0,0.02952387863668274,81
26.34,0.030423837630744674,0.007352293731364911,0.0006218043991056118,0.0,0.0,0.029514865030745047,81
26.36,0.030415060444220068,0.007351220875800823,0.0006221808794237481,0.0,0.0,0.029505985704608585,81
26.38,0.030406671096182194,0.007350074168553669,0.0006225556247482722,0.0,0.0,0.02949723678932396,81
26.400000000000002,0.030398505563431426,0.007348854001610406,0.0006229286379351628,0.0,0.0,0.029488613503739197,81
26.42,0.03039039898660024,0.007347560778449355,0.0006233002471578155,0.0,0.0,0.029480110191554353,81
26.44,0.03038234315231146,0.007346194913172043,0.0006236708356159779,0.0,0.0,0.029471720376201552,81
26.46,0.030374329037129926,0.007344756830634992,0.0006240397195674812,0.0,0.0,0.029463436833042787,81
26.48,0.030366346893969984,0.007343246966426597,0.0006244069010862759,0.0,0.0,0.029455251677585198,81
26.5,0.03035838635238202,0.00734166576669183,0.0006247723819679113,0.0,0.0,0.0294471564676238,81
26.52,0.030350436529874923,0.007340013687810594,0.0006251361637321074,0.0,0.0,0.029439142316482002,81
26.54,0.030342486150833476,0.007338291195938658,0.0006254982476279608,0.0,0.0,0.029431200013922344,81
26.560000000000002,0.030334523669182576,0.0073364987664229254,0.0006258586346416682,0.0,0.0,0.029423320150892992,81
26.580000000000002,0.03032653739076947,0.007334636883105337,0.0006262173255066529,0.0,0.0,0.02941549324409506,81
26.6,0.03031851559151195,0.007332706039785954,0.000626574320715831,0.0,0.0,0.029407709856432217,81
26.62,0.030310557894933917,0.00733070673520782,0.0006269296205357522,0.0,0.0,0.02939996070970377,81
26.64,0.03030289678102019,0.007328639471065419,0.0006272832250222559,0.0,0.0,0.0293922367864056,81
26.66,0.030295165285524034,0.007326504756611234,0.0006276351340373208,0.0,0.0,0.02938452941815046,81
26.68,0.030287352545302713,0.007324303105079587,0.0006279853472666895,0.0,0.0,0.02937683035894802,81
26.7,0.030279448086906732,0.007322035032719597,0.0006283338642379437,0.0,0.0,0.02936913184233852,81
26.72,0.030271441864021763,0.007319701057854245,0.0006286806843386691,0.0,0.0,0.02936142662209715,81
26.740000000000002,0.030263324278655197,0.007317301699984064,0.0006290258068344295,0.0,0.0,0.029353707996879773,81
26.76,0.030255685362144326,0.00731483747895198,0.0006293692308862759,0.0,0.0,0.02934596981973482,81
26.78,0.030248796263556775,0.007312308914183882,0.0006297109555675845,0.0,0.0,0.02933820649385448,81
26.8,0.030241808986430866,0.007309716524016739,0.0006300509798800647,0.0,0.0,0.029330412956271815,81
26.82,0.030234729869657365,0.007307060825123555,0.0006303893027688241,0.0,0.0,0.02932258465144123,81
26.84,0.030227545540199918,0.007304342333241424,0.0006307259231364222,0.0,0.0,0.02931471749677614,81
26.86,0.03022024443907671,0.007301561562805711,0.0006310608398558551,0.0,0.0,0.029306807842278508,82
26.88,0.03021282103968962,0.007298719019504623,0.000631394445927296,0.0,0.0,0.029298852426378516,82
26.900000000000002,0.03020527008329508,0.0072958152097019075,0.0006317270186444109,0.0,0.0,0.029290848330041433,82
26.92,0.030197586530214496,0.007292850636793218,0.0006320579036074536,0.0,0.0,0.029282792931077935,82
26.94,0.030189765512855318,0.0072898258012417646,0.0006323870998614003,0.0,0.0,0.029274683860434025,82
26.96,0.0301818022921166,0.007286741200693731,0.0006327146064656888,0.0,0.0,0.029266518962038038,82
26.98,0.030173692218513588,0.0072835973301602925,0.0006330404225015741,0.0,0.0,0.02925829625754232,82
27.0,0.03016543069908737,0.007280394682251263,0.0006333645470787775,0.0,0.0,0.029250013917029426,82
27.02,0.03015701317087268,0.007277133747443924,0.0006336869793414529,0.0,0.0,0.029241670236459412,82
27.04,0.0301484350813826,0.007273815014369718,0.0006340077184735942,0.0,0.0,0.02923326362232046,82
27.060000000000002,0.03013969187625317,0.007270853264199493,0.0006343267637039165,0.0,0.0,0.02922479258362945,82
27.080000000000002,0.03013077899387985,0.007269832096926412,0.0006346441143102744,0.0,0.0,0.029216255731117694,82
27.1,0.030121691866590077,0.007268746383187044,0.0006349597696236694,0.0,0.0,0.029207651783148866,82
27.12,0.030112425927644345,0.007267596565685448,0.0006352737290319091,0.0,0.0,0.029199341404075395,82
27.14,0.030102976623152013,0.007266383087474916,0.0006355859919829482,0.0,0.0,0.0291909884928135,82
27.16,0.03009333942784386,0.007265106391983724,0.0006358965579879554,0.0,0.0,0.02918256500708817,82
27.18,0.030083509863556988,0.007263766922962645,0.0006362054266241382,0.0,0.0,0.029174070261096897,82
27.2,0.030073483519266076,0.007262365124349619,0.0006365126696011811,0.0,0.0,0.029165704324767155,82
27.22,0.03006325607153203,0.007260901440049719,0.0006368189071164934,0.0,0.0,0.029157460296005164,82
27.240000000000002,0.030052827225847317,0.007259376313631386,0.0006371234478012865,0.0,0.0,0.029149382231509313,82
27.26,0.03004220612668795,0.0072577901879422495,0.0006374262914624568,0.0,0.0,0.029141389951557996,82
27.28,0.030033164766253614,0.007256143504650008,0.000637727437982553,0.0,0.0,0.029133325748615945,82
27.3,0.030024002542563186,0.007254436703715592,0.0006380268873215677,0.0,0.0,0.029125190556444976,82
27.32,0.030014680421568803,0.0072526702228070256,0.0006383246395185925,0.0,0.0,0.029116985651890886,82
27.34,0.030005197218504188,0.007250844496663369,0.000638620694693355,0.0,0.0,0.02910871266783871,82
27.36,0.029995552017391493,0.007248959956418621,0.0006389150530476443,0.0,0.0,0.029100373602490015,82
27.38,0.02998574417255527,0.007247017028895496,0.0006392077148666272,0.0,0.0,0.029091970824913573,82
27.400000000000002,0.029975773306280453,0.007245016135879013,0.0006394986805200434,0.0,0.0,0.02908350707691127,82
27.42,0.0299660277855919,0.007242957693379323,0.00063978795046328,0.0,0.0,0.029074985471310506,82
27.44,0.029958522084429434,0.007240842110892867,0.0006400755252383269,0.0,0.0,0.02906672356872192,82
27.46,0.029951037140917597,0.007238669793988137,0.0006403614054746064,0.0,0.0,0.02905848449774041,82
27.48,0.029943469436992384,0.007236441134976204,0.0006406461530879035,0.0,0.0,0.02905056770145448,82
27.5,0.02993582233942225,0.007234156518151072,0.0006409299822308796,0.0,0.0,0.029042628952318354,82
27.52,0.029928099499389453,0.0072318163198110815,0.000641212135673729,0.0,0.0,0.02903465235497815,82
27.54,0.029920304831787356,0.007229420906291598,0.0006414926143858682,0.0,0.0,0.029026643033393907,83
27.560000000000002,0.029912442492027343,0.007226970633369627,0.000641771419422455,0.0,0.0,0.029018606384567498,83
27.580000000000002,0.029904960660252618,0.007224465845712563,0.0006420485519241909,0.0,0.0,0.02901054805416005,83
27.6,0.029897426556089728,0.007221906876375654,0.0006423240131168983,0.0,0.0,0.029002473909889036,83
27.62,0.029889837894598544,0.007219294046352351,0.0006425978043108789,0.0,0.0,0.028994390012810633,83
27.64,0.029882310476371743,0.007216627664181651,0.0006428699269000482,0.0,0.0,0.028986302586601495,83
27.66,0.02987548793768614,0.007213908025616063,0.0006431403823607938,0.0,0.0,0.028978217984969443,83
27.68,0.029868671792470703,0.007211135413353817,0.0006434091722506202,0.0,0.0,0.0289701426573535,83
27.7,0.02986181978385081,0.007208310096838563,0.0006436762982064901,0.0,0.0,0.028962083113109962,83
27.72,0.029854936894860275,0.007205432332129581,0.0006439417619429207,0.0,0.0,0.02895404588442497,84
27.740000000000002,0.029848028047817013,0.007202502361845214,0.0006442055652498133,0.0,0.0,0.028946037488250184,84
27.76,0.02984109806381621,0.007199520415181888,0.0006444677099900246,0.0,0.0,0.028938064387607022,85
27.78,0.029834151621905253,0.007196851496663968,0.000644728198096668,0.0,0.0,0.028930132952662942,85
27.8,0.02982720012110822,0.007195121856944506,0.0006449870316182931,0.0,0.0,0.028922249422032382,85
27.82,0.02982025205030243,0.007193331926411276,0.0006452442129674526,0.0,0.0,0.028914419864797328,85
27.84,0.029813300376008833,0.00719148194999903,0.0006454997438747441,0.0,0.0,0.02890665014377417,85
27.86,0.02980634881161021,0.0071895721587453484,0.0006457536265229035,0.0,0.0,0.028898945880570445,85
27.88,0.029799400736434983,0.007187602770273929,0.0006460058631482698,0.0,0.0,0.02889131242297599,85
27.900000000000002,0.02979245916344602,0.007185573989351622,0.0006462564560369974,0.0,0.0,0.028883754815216933,85
27.92,0.029785672285457195,0.007183486008515456,0.000646505407521178,0.0,0.0,0.028876277771567975,85
27.94,0.02977964820571813,0.007181339008765,0.0006467531694205048,0.0,0.0,0.028868885653769084,85
27.96,0.029773637375081083,0.007179133160314215,0.0006469995714099698,0.0,0.0,0.028861582452631002,85
27.98,0.02976763986020978,0.007176868623396142,0.0006472443370357596,0.0,0.0,0.02885437177414222,85
28.0,0.029761656484682972,0.007174545549112588,0.0006474874686343871,0.0,0.0,0.028847256830307862,85
28.02,0.029755687592525726,0.007172164080320066,0.0006477289685670521,0.0,0.0,0.02884024043486586,85
28.04,0.029749733045179413,0.007169724352542456,0.0006479688392161113,0.0,0.0,0.028833325003932753,85
28.060000000000002,0.02974379222316302,0.007167226494899898,0.0006482070829817163,0.0,0.0,0.028826512561535428,85
28.080000000000002,0.029737864032268222,0.007164670631042907,0.0006484437022786303,0.0,0.0,0.028819804749880995,85
28.1,0.029731946914020004,0.007162056880333318,0.0006486786995332731,0.0,0.0,0.028813202844107006,85
28.12,0.02972603886001654,0.007159385361944542,0.0006489120771809684,0.0,0.0,0.02880670777113592,85
28.14,0.029720137429634128,0.007156656187893039,0.000649143837663447,0.0,0.0,0.02880032013213054,85
28.16,0.02971423977045425,0.007153869467028806,0.0006493739834265613,0.0,0.0,0.028794040227918528,85
28.18,0.02970834264064023,0.007151025307771584,0.0006496025170690163,0.0,0.0,0.02878786808662455,85
28.2,0.02970244243237139,0.00714812381940966,0.0006498294412038466,0.0,0.0,0.02878180349262955,85
28.22,0.029696535195347984,0.007145165111492262,0.0006500547579635687,0.0,0.0,0.028775846015882095,85
28.240000000000002,0.02969061665931234,0.007142149294414879,0.0006502818530106977,0.0,0.0,0.028769995040518914,85
28.26,0.029684682254514292,0.007139076479927582,0.0006505401264203795,0.0,0.0,0.028764249791734843,85
28.28,0.029678729965740225,0.007135946781565604,0.0006507967375912715,0.0,0.0,0.028758609359874888,85
28.3,0.029672778909289522,0.007132760315003837,0.0006510516892782255,0.0,0.0,0.028753072720815714,85
28.32,0.029666804877767607,0.007129517198339549,0.0006513049842454545,0.0,0.0,0.028747638751860136,85
28.34,0.029660794135485252,0.007126217552309692,0.0006515566252653581,0.0,0.0,0.028742455194426586,86
28.36,0.029654740784595696,0.00712286150045115,0.0006518190243192045,0.0,0.0,0.02873759300922898,86
28.38,0.029648654639702596,0.007119449169213589,0.0006521057032684262,0.0,0.0,0.028733116325147967,86
28.400000000000002,0.02964253286947374,0.00711598068803535,0.0006524117039750434,0.0,0.0,0.02872882189195104,86
28.42,0.029636353643682486,0.007112456189393009,0.0006527328455636161,0.0,0.0,0.02872462248341364,86
28.44,0.029630105568976512,0.007108875809179954,0.0006530523647921673,0.0,0.0,0.028720516432067047,86
28.46,0.029623781226581686,0.007105239688522349,0.0006533702628094263,0.0,0.0,0.02871650194608105,86
28.48,0.029617372823070448,0.0071015479663677755,0.0006536865407647617,0.0,0.0,0.028712577093186,86
28.5,0.029610872164074105,0.00709780078764169,0.0006540011998066819,0.0,0.0,0.02870873978518634,86
28.52,0.0296042706297885,0.007093998300465049,0.0006543142410812674,0.0,0.0,0.028704987764639735,86
28.54,0.029597559153828654,0.00709014065620269,0.0006546273063797393,0.0,0.0,0.028701318595238615,86
28.560000000000002,0.029590728206879913,0.007086228012934049,0.0006549393239452701,0.0,0.0,0.028697729657315364,86
28.580000000000002,0.029583767786394956,0.007082260526184527,0.0006552497357891915,0.0,0.0,0.028694218149683936,86
28.6,0.029576667413326003,0.00707823835645931,0.0006555585425857022,0.0,0.0,0.028690781098760058,86
28.62,0.02956941613655734,0.007074161668620527,0.0006558657451271837,0.0,0.0,0.02868741537556377,86
28.64,0.02956200254535416,0.007070030630982172,0.0006561713441042767,0.0,0.0,0.02868411772084394,86
28.66,0.029554414789767697,0.007065845415286753,0.0006564753399016625,0.0,0.0,0.028680884778169467,86
28.68,0.029546640608586784,0.007061606196636348,0.0006567777330869371,0.0,0.0,0.02867771313446113,86
28.7,0.029539969794934003,0.007057313153367931,0.0006570785241998888,0.0,0.0,0.028674599367083026,86
28.72,0.029534299723276255,0.007052966466863933,0.0006573777137528858,0.0,0.0,0.028671540096318976,86
28.740000000000002,0.029528499667701973,0.00704856632129054,0.0006576753022317048,0.0,0.0,0.028668532041824797,86
28.76,0.029522559901680415,0.007044112903258255,0.0006579712900968559,0.0,0.0,0.028665572081491363,86
28.78,0.029516470639974594,0.00703960640140134,0.0006582656777853708,0.0,0.0,0.028662657311075004,86
28.8,0.029510222086864216,0.007035047005875195,0.00065856102185525,0.0,0.0,0.028659785102956838,86
28.82,0.029503804482024634,0.007030434907773027,0.0006588885022939882,0.0,0.0,0.028656953162452935,86
28.84,0.02949720814273941,0.007025770298465443,0.0006592143909164921,0.0,0.0,0.028654159580231868,86
28.86,0.02949057507046119,0.007021053368868747,0.0006595386873108438,0.0,0.0,0.028651402879555525,86
28.88,0.029486043392142693,0.007016284308649501,0.0006598613910641182,0.0,0.0,0.028648682057259817,86
28.900000000000002,0.029481397415845986,0.007011463305374577,0.0006601825017669765,0.0,0.0,0.028645996617591152,86
28.92,0.02947663173826519,0.007006590543617197,0.0006605020190185391,0.0,0.0,0.028643346598220557,86
28.94,0.029471741287995394,0.007001666204030437,0.0006608199424315162,0.0,0.0,0.028640732587945472,86
28.96,0.0294689323868285,0.006996690462400496,0.0006611362716375742,0.0,0.0,0.0286381557357612,86
28.98,0.029467113315378435,0.00699166348869245,0.000661451006292907,0.0,0.0,0.028635617751129553,86
29.0,0.02946524620981214,0.006987939456137035,0.0006617641460839891,0.0,0.0,0.028633120895397986,86
29.02,0.02946333082088721,0.006985652320714337,0.0006620756907334969,0.0,0.0,0.02863066796442403,86
29.04,0.029461367288065518,0.006984390178958131,0.0006623856400063571,0.0,0.0,0.0286282622625469,86
29.060000000000002,0.029459356100361177,0.006984903541193265,0.0006626939937159391,0.0,0.0,0.02862590756812571,86
29.080000000000002,0.029458058592329982,0.006985991963922683,0.0006630007517303123,0.0,0.0,0.02862360809093706,86
29.1,0.02945784648980238,0.006987001341975538,0.0006633059139785973,0.0,0.0,0.02862151738153328,86
29.12,0.02945765341292443,0.006987931259076577,0.0006636094804573323,0.0,0.0,0.028619707444776356,86
29.14,0.02945748317060387,0.006988781277818545,0.0006639114512368259,0.0,0.0,0.028617967037626448,86
29.16,0.02945733971592755,0.006989550939639663,0.0006642118264674591,0.0,0.0,0.028616301521476786,86
29.18,0.02945722706879697,0.0069902397650548655,0.0006645106063858312,0.0,0.0,0.02861471637026829,86
29.2,0.02945714923417075,0.006990847254161286,0.0006648077913207304,0.0,0.0,0.02861321709032577,86
29.22,0.02945711011699637,0.006991372887436018,0.0006651033816987711,0.0,0.0,0.02861180913694011,86
29.240000000000002,0.029457113435052227,0.0069918161268412255,0.0006653973780496538,0.0,0.0,0.028610497828924903,87
29.26,0.02945716263104666,0.006992176417247811,0.0006656897810108937,0.0,0.0,0.02860928826250267,87
29.28,0.02945726078541168,0.006992453188184455,0.0006659805913319045,0.0,0.0,0.028608185225968454,87
29.3,0.02945741053128837,0.00699264585591377,0.0006662698098773146,0.0,0.0,0.028607193116639475,87
29.32,0.029457613973207345,0.006992753826984932,0.0006665574376293779,0.0,0.0,0.02860631586160681,87
29.34,0.029457885105194263,0.00699277650030841,0.000666843475689352,0.0,0.0,0.02860555684376577,87
29.36,0.029458217041063585,0.006992713265164329,0.000667127925277731,0.0,0.0,0.028604918834504865,87
29.38,0.029458605163481876,0.0069925635117921905,0.0006674107877332606,0.0,0.0,0.028604403934291485,87
29.400000000000002,0.029459048772752978,0.006992326632104087,0.0006676920645106216,0.0,0.0,0.028604013522213246,87
29.42,0.02945954633629811,0.0069920020248683675,0.0006679717571767961,0.0,0.0,0.028603748215325315,87
29.44,0.029460095455417928,0.006991589097929967,0.0006682498674060951,0.0,0.0,0.0286036078384361,87
29.46,0.029460692842694567,0.006991087268698002,0.000668526820302075,0.0,0.0,0.028603591404741117,88
29.48,0.029461334310218922,0.006990495974694156,0.0006688023334760329,0.0,0.0,0.028603697107501436,88
29.5,0.029462014768628933,0.006989814675074748,0.0006690762692758715,0.0,0.0,0.02860392232276113,88
29.52,0.02946272823675386,0.006989042854743522,0.0006693486296694109,0.0,0.0,0.028604263622905086,88
29.54,0.029463467861481754,0.006988180028376997,0.0006696194166890732,0.0,0.0,0.028604716800678217,88
29.560000000000002,0.029465151779028493,0.006987225744305424,0.0006699089067288141,0.0,0.0,0.02860527690310306,88
29.580000000000002,0.029468235748590758,0.006986179588475217,0.0006702101644254328,0.0,0.0,0.02860593827455705,88
29.6,0.029472024904624358,0.006985041187146081,0.0006705098920060581,0.0,0.0,0.028606694608086805,88
29.62,0.029475889403292595,0.006983810210517984,0.0006708083023166425,0.0,0.0,0.028607539003859303,88
29.64,0.0294798215451603,0.0069824863755714745,0.0006711350730278441,0.0,0.0,0.02860846403348637,88
29.66,0.029483813169965848,0.006981069448351505,0.0006714610182854352,0.0,0.0,0.028609461808815604,88
29.68,0.029487855727796383,0.006979559245955276,0.0006717854576360399,0.0,0.0,0.028610524053683375,88
29.7,0.029492129441662775,0.006977955638091355,0.0006721083938588597,0.0,0.0,0.02861164217707874,88
29.72,0.029496678170949378,0.0069762585491062136,0.0006724298297087144,0.0,0.0,0.028612807346193283,88
29.740000000000002,0.02950125006636663,0.006974467958991947,0.0006727497679085836,0.0,0.0,0.028614010557927647,88
29.76,0.02950583573665258,0.006972583897244321,0.0006730682111428925,0.0,0.0,0.028615242707599985,88
29.78,0.029510425748900213,0.006970606450914488,0.0006733851620515355,0.0,0.0,0.02861649465384141,88
29.8,0.029515010688201736,0.006968535761038446,0.0006737006232246602,0.0,0.0,0.028617757278951977,88
29.82,0.029519581212338785,0.006966372021749876,0.0006740145971981757,0.0,0.0,0.028619021544308933,88
29.84,0.02952412810143204,0.006964115479077247,0.0006743270864499548,0.0,0.0,0.028620278540737572,88
29.86,0.02952864230275015,0.006961766429463428,0.0006746380933967474,0.0,0.0,0.02862151953404236,88
29.88,0.02953311497111921,0.006959325218046665,0.0006749476203917105,0.0,0.0,0.02862273600613753,88
29.900000000000002,0.02953753750553363,0.006956792236741144,0.0006752556697225758,0.0,0.0,0.02862391969237675,90
29.92,0.029541901582648317,0.0069541679221531765,0.000675567263746694,0.0,0.0,0.028625062615760626,90
29.94,0.029546199187822125,0.006951452753366285,0.0006758928790066972,0.0,0.0,0.028626157118691303,90
29.96,0.029550422644289857,0.006948647249624888,0.000676216996063931,0.0,0.0,0.028627195892851186,90
29.98,0.029554564640882085,0.0069457519679426375,0.0006765396170447295,0.0,0.0,0.028628172007624852,90
30.0,0.02955861825851188,0.006942767500657923,0.00067686074404252,0.0,0.0,0.02862907893728331,90
30.02,0.029562576995421194,0.006939694472955733,0.0006772014966358754,0.0,0.0,0.02862991058692376,90
30.04,0.029566434790969723,0.006936533540372383,0.0006775548860302316,0.0,0.0,0.02863066131694825,90
30.060000000000002,0.029570186047552904,0.0069332853862974254,0.000677906789372401,0.0,0.0,0.028631325965668288,90
30.080000000000002,0.0295738256500982,0.006929950719485428,0.0006782572080774492,0.0,0.0,0.028631899869485798,90
30.1,0.02957734898249165,0.006926530271589282,0.000678606143487082,0.0,0.0,0.028632378880003258,90
30.12,0.02958075194025505,0.0069230247947260435,0.000678953596873516,0.0,0.0,0.028632759377384475,90
30.14,0.02958403093881338,0.006919435060825243,0.0006792995694436348,0.0,0.0,0.02863303827930718,90
30.16,0.02958718291675462,0.006915761856407126,0.000679644062343347,0.0,0.0,0.028633213044910937,90
30.18,0.02959020533358186,0.006912005978535476,0.0006799870766620581,0.0,0.0,0.028633281673242014,90
30.2,0.02959309616157579,0.006908168237864412,0.0006803299256013583,0.0,0.0,0.02863324269581508,90
30.22,0.02959585387151303,0.006904249454199313,0.0006806723832387769,0.0,0.0,0.028633095163039104,90
30.240000000000002,0.02959847741211518,0.006900250454478138,0.0006810133879309392,0.0,0.0,0.028632838624384396,90
30.26,0.02960096618321841,0.006896172070857136,0.000681352940953052,0.0,0.0,0.02863247310228291,90
30.28,0.029603320002767324,0.006892015138909887,0.0006816910435395259,0.0,0.0,0.028631999059867623,90
30.3,0.029605539067830533,0.006887780495947975,0.0006820276968871728,0.0,0.0,0.02863141736275109,90
30.32,0.029607623909921787,0.006883468979470889,0.00068236309753672,0.0,0.0,0.028630729235129257,90
30.34,0.029609575344988676,0.006879081425751747,0.0006826978673654427,0.0,0.0,0.028629936210575503,90
30.36,0.029611394418511124,0.006875403839152127,0.0006830312050056437,0.0,0.0,0.028629040077969556,90
30.38,0.02961308234622645,0.00687237831089189,0.0006833631115444699,0.0,0.0,0.028628042823081,90
30.400000000000002,0.02961464045108532,0.006869275713683667,0.0006836935880395254,0.0,0.0,0.02862694656641472,90
30.42,0.029616070097139204,0.006866096849245412,0.0006840226355190686,0.0,0.0,0.028625753498021773,90
30.44,0.02961737262116145,0.00686284251350996,0.0006843502549816771,0.0,0.0,0.028624836246958017,90
30.46,0.0296185492629233,0.006859513496103628,0.0006846764473953523,0.0,0.0,0.028624167770137373,90
30.48,0.029619601095162863,0.00685611057997745,0.000685001213696101,0.0,0.0,0.02862340810629316,90
30.5,0.029620528954411033,0.00685292082108536,0.000685324554786015,0.0,0.0,0.028622559041577518,90
30.52,0.029621333373942776,0.00685089616326224,0.0006856464715309088,0.0,0.0,0.028621622092577438,90
30.54,0.02962201452022224,0.006848796269450207,0.0006859669647575366,0.0,0.0,0.028620598443959172,90
30.560000000000002,0.02962257213426353,0.006846621878408359,0.0006862860352504913,0.0,0.0,0.028619488891087726,90
30.580000000000002,0.029623005479351476,0.006844373722763595,0.0006866036837488367,0.0,0.0,0.028618293789070024,90
30.6,0.029623313296524827,0.006842052529426596,0.0006869199109425582,0.0,0.0,0.02861701300962856,90
30.62,0.02962349376912132,0.006839659020099998,0.0006872347174689327,0.0,0.0,0.028615645907109744,90
30.64,0.02962354449751691,0.006837193911862509,0.0006875481039089023,0.0,0.0,0.02861419129476399,90
30.66,0.029623462484942988,0.006834657917811136,0.0006878600707835536,0.0,0.0,0.028612647432186496,90
30.68,0.029623244134967412,0.0068320517477425445,0.0006881706185508008,0.0,0.0,0.02861101202450953,91
30.7,0.02962288526086612,0.0068293761088539925,0.000688479747602368,0.0,0.0,0.028609282233578646,91
30.72,0.02962238110671993,0.00682663170644402,0.000688788238101962,0.0,0.0,0.02860745470095269,91
30.740000000000002,0.029621726379675726,0.006823819244593609,0.0006890954987656174,0.0,0.0,0.028605525582172733,91
30.76,0.02962091529241487,0.006820939426809505,0.0006894013539275774,0.0,0.0,0.028603490591348413,91
30.78,0.029619941614525885,0.006817992956613054,0.0006897058037148771,0.0,0.0,0.028601345054764877,91
30.8,0.029618798731187262,0.006814980538059984,0.0006900088481792242,0.0,0.0,0.028599083971922377,91
30.82,0.029617479707350812,0.006811902876179098,0.0006903104872971221,0.0,0.0,0.028596702082205203,91
30.84,0.029615977355499597,0.006808760677320749,0.0006906107209706389,0.0,0.0,0.028594193935260477,92
30.86,0.029614284305021284,0.006805554649408838,0.0006909095490287682,0.0,0.0,0.028591553963134564,92
30.88,0.02961239307130368,0.006802285502093264,0.0006912069712293891,0.0,0.0,0.028588776552280416,92
30.900000000000002,0.029610296122805833,0.006798953946802471,0.0006915029872617569,0.0,0.0,0.02858585611369666,92
30.92,0.029607985944563448,0.006795560696698612,0.0006917975967495004,0.0,0.0,0.028582787149664307,92
30.94,0.029605455096850277,0.006792106466539966,0.0006920909670291425,0.0,0.0,0.028579564315810175,92
30.96,0.029602696267999346,0.006788591972457414,0.0006923830341857049,0.0,0.0,0.028576182477508764,93
30.98,0.029599702320684037,0.006786189227435464,0.0006926737000922115,0.0,0.0,0.028572636759930256,93
31.0,0.02959646633124104,0.006784116991219088,0.0006929629643782795,0.0,0.0,0.028568922591324687,93
31.02,0.029592981621883212,0.006781982393633061,0.000693250826625864,0.0,0.0,0.028565035739398306,93
31.04,0.02958924178587589,0.006779786139376799,0.0006935372863739526,0.0,0.0,0.028560972340863588,93
31.060000000000002,0.02958524070594464,0.0067775289329180905,0.0006938223431233727,0.0,0.0,0.02855672892443886,93
31.080000000000002,0.029580972566329154,0.0067752114779353724,0.0006941059963416343,0.0,0.0,0.028552302427719466,93
31.1,0.029576431859006356,0.006772834476739754,0.0006943882454678249,0.0,0.0,0.028547690208450813,93
31.12,0.029571613384679778,0.006770398629684879,0.0006946690899174736,0.0,0.0,0.02854289005080657,93
31.14,0.029566789482769095,0.006767904634571866,0.0006949485290873902,0.0,0.0,0.028537900167305105,93
31.16,0.029562243383733717,0.006765353186055543,0.0006952267084713009,0.0,0.0,0.02853271919700973,93
31.18,0.029557404736121305,0.006762744975057325,0.0006955036602858523,0.0,0.0,0.02852734620064023,93
31.2,0.029552269503130113,0.006760080688189067,0.0006957792107190002,0.0,0.0,0.028521780653189267,93
31.220000000000002,0.029546833905043545,0.006757361007191359,0.0006960533592440397,0.0,0.0,0.028516022434592714,93
31.240000000000002,0.02954109440167893,0.0067545866083889685,0.0006963261053349303,0.0,0.0,0.028510071818949358,94
31.26,0.029535047673590466,0.006751758162165316,0.0006965974484705946,0.0,0.0,0.02850392946272543,94
31.28,0.02952869060242157,0.00674887633245727,0.0006968673881391262,0.0,0.0,0.028497596392323608,94
31.3,0.029522020250744675,0.006745941776271005,0.0006971359238419049,0.0,0.0,0.0284910739913321,94
31.32,0.029515033841683337,0.006742955143219179,0.000697403055097616,0.0,0.0,0.02848436398771908,94
31.34,0.029507728738562125,0.00673991707507923,0.0006976687814461704,0.0,0.0,0.02847746844117902,94
31.36,0.029500102424794825,0.006736828205372415,0.0006979331024525525,0.0,0.0,0.028470389730791863,94
31.38,0.029492152484187677,0.0067336891589628665,0.0006981963728642781,0.0,0.0,0.028463130543109165,94
31.400000000000002,0.029483876581806897,0.006730500551675801,0.0006984587585843008,0.0,0.0,0.028455693860739553,94
31.42,0.029475272445539557,0.006727262989933877,0.0006987197489685462,0.0,0.0,0.028448082951467515,94
31.44,0.029466337848463732,0.006723977070410691,0.0006989793437405102,0.0,0.0,0.028440373757783105,94
31.46,0.029457070592132293,0.006720643379700327,0.0006992375426646777,0.0,0.0,0.028432810928268548,94
31.48,0.029447468490870682,0.0067172624940018775,0.0006994943455497103,0.0,0.0,0.028425328174801617,94
31.5,0.029437529357194334,0.006713834978818028,0.0006997497522514542,0.0,0.0,0.028417809815453044,94
31.52,0.029427250988449286,0.006710361388666738,0.0007000038153648558,0.0,0.0,0.028410136748117785,94
31.54,0.02941822206945021,0.006706842266805319,0.0007002566774391716,0.0,0.0,0.028402313748934226,94
31.560000000000002,0.02941006415731168,0.0067032781449662925,0.0007005081428572002,0.0,0.0,0.028394345814137863,94
31.580000000000002,0.029401686026429178,0.006699669543104645,0.0007007582118462849,0.0,0.0,0.028386238150933427,94
31.6,0.029393080497538457,0.006696016969156264,0.0007010068846923133,0.0,0.0,0.028377996167854334,94
31.62,0.029384250050334248,0.006692320918807681,0.0007012541617412144,0.0,0.0,0.02836962546436018,94
31.64,0.029375197224094415,0.006688581875277411,0.000701500043400096,0.0,0.0,0.02836113181940238,94
31.66,0.029365924600470356,0.006684800309109571,0.0007017445301379648,0.0,0.0,0.028352521178661664,94
31.68,0.029356434784636804,0.006680976677980752,0.0007019876224859677,0.0,0.0,0.028343799640150515,94
31.7,0.02934807714850246,0.006677111426521469,0.0007022293210371035,0.0,0.0,0.02833500270922037,94
31.720000000000002,0.02934022710998885,0.006673204986153853,0.0007024696264453232,0.0,0.0,0.0283264601764811,94
31.740000000000002,0.029332241541472293,0.0066692577749476595,0.000702708539423966,0.0,0.0,0.028317852295752226,94
31.76,0.029324125831114406,0.006665270197497024,0.0007029460607434427,0.0,0.0,0.02830949476792202,94
31.78,0.029315885380455518,0.006661242644820694,0.0007031821912281005,0.0,0.0,0.02830105772301668,94
31.8,0.02930752557264581,0.0066571754942888785,0.0007034169317522203,0.0,0.0,0.028292547739212855,94
31.82,0.029299051737176156,0.006653069109580005,0.0007036502832350511,0.0,0.0,0.028283971374865425,94
31.84,0.029290469111119495,0.006648923840670997,0.000703882246634841,0.0,0.0,0.028275335131107547,94
31.86,0.029282212361601664,0.0066447400238646235,0.0007041128229418434,0.0,0.0,0.028266645411209268,94
31.88,0.029273867354074928,0.006640517981857569,0.0007043420131702515,0.0,0.0,0.028257908477031246,94
31.900000000000002,0.029265427756692348,0.006636258023852553,0.000704569818349079,0.0,0.0,0.028249130403106525,94
31.92,0.029256897988933297,0.00663196044571757,0.0007047962395120131,0.0,0.0,0.028240317029098173,94
31.94,0.029248282143740884,0.006628668009570635,0.0007050212776863004,0.0,0.0,0.028231473911601423,94
31.96,0.02923968676101061,0.006625908762874099,0.0007052449338808003,0.0,0.0,0.028222606276463252,94
31.98,0.02923135182372063,0.0066231081133887055,0.0007054672090732887,0.0,0.0,0.02821371897297554,95
32.0,0.029222945471290847,0.006620266322105592,0.0007056881041972567,0.0,0.0,0.02820481643141874,96
32.02,0.029214464751031153,0.006617383636997411,0.0007059076201283846,0.0,0.0,0.02819590262548629,96
32.04,0.029205911436154454,0.006614460293487943,0.0007061257576709917,0.0,0.0,0.028186981041072465,96
32.06,0.02919728673140811,0.006611496514964127,0.0007063425175446857,0.0,0.0,0.028178054652753998,96
32.08,0.029188591255630395,0.006608492513325285,0.0007065579003715843,0.0,0.0,0.028169125909027336,96
32.1,0.029179825033644833,0.006605448489563572,0.0007067719066643641,0.0,0.0,0.02816019672698802,96
32.12,0.029170987497727698,0.006602364634369068,0.0007069845368154555,0.0,0.0,0.02815126849668189,96
32.14,0.02916207749837231,0.006599241128752937,0.0007071957910876517,0.0,0.0,0.028142342094845972,96
32.160000000000004,0.029153290969342775,0.006596078148283699,0.0007074056696063526,0.0,0.0,0.02813341790724037,96
32.18,0.029144667376601922,0.006592875852949864,0.0007076141723536392,0.0,0.0,0.028124495858297613,96
32.2,0.029135971939057134,0.00658963439853282,0.0007078212991642697,0.0,0.0,0.028115575446432423,96
32.22,0.02912720234319811,0.006586353933718556,0.0007080270497236425,0.0,0.0,0.028106655783102723,96
32.24,0.029118346262258253,0.006583034600713801,0.0007082314235677266,0.0,0.0,0.02809773563361637,96
32.26,0.029109399652104125,0.006579676535882287,0.0007084344200848354,0.0,0.0,0.02808881345775379,96
32.28,0.029100543384786258,0.006576279870379418,0.0007086360385191174,0.0,0.0,0.02807988744850857,96
32.3,0.029091829145903806,0.006572844730787428,0.0007088362779755716,0.0,0.0,0.028070955567611456,96
32.32,0.029083009702646087,0.006569371239753305,0.0007090351374263406,0.0,0.0,0.02806201557696502,96
32.34,0.02907407975110838,0.00656585951663165,0.000709232615718071,0.0,0.0,0.02805306506561656,96
32.36,0.029065033730031595,0.0065623096781336635,0.0007094293073303756,0.0,0.0,0.02804410147239984,96
32.38,0.02905586583545806,0.00655872183898202,0.0007096417179341454,0.0,0.0,0.028035122104824922,96
32.4,0.029046570032395337,0.006555096112569599,0.0007098726495236764,0.0,0.0,0.028026124155156068,96
32.42,0.029037140064653674,0.006551432611617661,0.0007101021785050215,0.0,0.0,0.028017104714860824,96
32.44,0.02902756946413745,0.006547731448826891,0.0007103303029764275,0.0,0.0,0.028008060788727984,96
32.46,0.029017851560850315,0.006543992737512358,0.000710557020960973,0.0,0.0,0.027998989309931246,96
32.480000000000004,0.029007979494731096,0.006540216592211647,0.0007107823304145627,0.0,0.0,0.02798988715717196,96
32.5,0.028997946230196612,0.00653640312925375,0.0007110062292337427,0.0,0.0,0.02798075117479276,96
32.52,0.02898774457395404,0.006532552467275655,0.0007112287152633316,0.0,0.0,0.027971578196439285,96
32.54,0.028977367196292843,0.006528664727673409,0.0007114497863038607,0.0,0.0,0.027962365072493764,96
32.56,0.02896680665571254,0.006524740034974965,0.0007116694401188337,0.0,0.0,0.027953108701149136,96
32.58,0.028956055426417528,0.006520778517123663,0.0007118876744418298,0.0,0.0,0.027943806062666287,96
32.6,0.028945105927940792,0.006516780305663091,0.0007121044869916656,0.0,0.0,0.027934454256086604,96
32.62,0.028933950555965343,0.006512745535816556,0.0007123198757973744,0.0,0.0,0.027925050537476955,96
32.64,0.028922581713300845,0.0065086743464572595,0.0007125338382018504,0.0,0.0,0.02791559235867242,96
32.660000000000004,0.028910991839952428,0.0065045668799681355,0.000712746371887236,0.0,0.0,0.0279064210267959,96
32.68,0.028899173441271447,0.006500423281993227,0.0007129574745392777,0.0,0.0,0.02789722105364011,96
32.7,0.028887119113295102,0.006496243701085077,0.0007131671438536695,0.0,0.0,0.027887960179077464,96
32.72,0.02887482156455226,0.006492028289137291,0.0007133753775422648,0.0,0.0,0.027878768038559935,96
32.74,0.028862550006883998,0.006487777200885954,0.000713582173514017,0.0,0.0,0.02786973601225478,96
32.76,0.028851552256828585,0.006483490588052203,0.0007137875296102353,0.0,0.0,0.027860763636635713,96
32.78,0.028840347395511213,0.006479168605489215,0.0007139914433737321,0.0,0.0,0.02785196253784694,96
32.8,0.028828930767681202,0.006474811407757396,0.000714193912639695,0.0,0.0,0.027843096631306668,96
32.82,0.028817297959241928,0.006470419148673699,0.0007143949352878147,0.0,0.0,0.027834166518551178,96
32.84,0.02880544479609537,0.00646628523202443,0.0007145945092472906,0.0,0.0,0.027825173238982075,96
32.86,0.028793367339315434,0.0064626869292559366,0.0007147926325015828,0.0,0.0,0.027816118273598783,96
32.88,0.028782272880316158,0.006459052012722514,0.0007149893030928877,0.0,0.0,0.027807003545786302,96
32.9,0.028771395369489267,0.006455380622498188,0.0007151845191263441,0.0,0.0,0.02779783141958445,96
32.92,0.028760347089957006,0.00645167289355719,0.0007153782787739589,0.0,0.0,0.027788604695862966,96
32.94,0.0287501887899987,0.006447928954904926,0.0007155705802782383,0.0,0.0,0.027779326606802903,96
32.96,0.02874221973842025,0.006444148928719613,0.000715761421955528,0.0,0.0,0.027770000809041524,96
32.980000000000004,0.028734172378102153,0.006440332929509023,0.0007159508021990624,0.0,0.0,0.02776063137579505,96
33.0,0.02872605006765463,0.006436481063286187,0.0007161387194816987,0.0,0.0,0.027751222788213396,96
33.02,0.028717856530584,0.006432593426767223,0.0007163251723583526,0.0,0.0,0.027741779926165323,96
33.04,0.028709609990419178,0.006428670106594198,0.0007165101594681102,0.0,0.0,0.02773230805859286,96
33.06,0.02870130378352786,0.006424711178585661,0.0007166936795360274,0.0,0.0,0.027722812833515152,96
33.08,0.02869293968834751,0.006420716707017317,0.0007168757313745682,0.0,0.0,0.027713300267707238,96
33.1,0.028684534020682696,0.0064166867439355135,0.0007170563138847114,0.0,0.0,0.0277037767360235,96
33.12,0.0286760849639575,0.0064126213285061896,0.0007172354260566693,0.0,0.0,0.027694248960288943,96
33.14,0.028667594190223248,0.006408520486402445,0.0007174130669702225,0.0,0.0,0.027684723997631933,96
33.160000000000004,0.0286590676448692,0.006404384229234159,0.0007175893804172122,0.0,0.0,0.02767520922809117,96
33.18,0.028650511535919534,0.006400212554023602,0.0007177644290346542,0.0,0.0,0.02766571234129088,96
33.2,0.028641932317455616,0.006396005442731635,0.0007179380059847135,0.0,0.0,0.027656241321942394,96
33.22,0.028633721317654813,0.006391762861839662,0.000718110110647747,0.0,0.0,0.027646804433901592,96
33.24,0.028625972650908084,0.006388306769800609,0.0007182807424858141,0.0,0.0,0.027637410202485484,96
33.26,0.028618220497041783,0.006386359779364453,0.0007184499010400329,0.0,0.0,0.027628067394733155,96
33.28,0.028610472093093697,0.006384369242538023,0.0007186175859273222,0.0,0.0,0.027618784997283933,96
33.3,0.02860273480955091,0.006382335004324954,0.0007187837968365274,0.0,0.0,0.027609572191538825,96
33.32,0.02859501611959096,0.006380256894297143,0.0007189485339080201,0.0,0.0,0.027600438325781653,96
33.34,0.02858732356481247,0.006378214074521279,0.0007191117966288344,0.0,0.0,0.02759139288394509,96
33.36,0.028579998368127836,0.006377847581972209,0.0007192735848221615,0.0,0.0,0.0275824454507402,96
33.38,0.028572799617810212,0.006377431817678693,0.0007194338984127566,0.0,0.0,0.02757360567290604,96
33.4,0.028565649132095004,0.006376966567455323,0.0007195927373680736,0.0,0.0,0.027564883216390727,96
33.42,0.028558554304459232,0.006376451602521329,0.0007197501016904819,0.0,0.0,0.02755628771934709,97
33.44,0.028551522364474627,0.006375886680150985,0.0007199059914089309,0.0,0.0,0.027547828740908498,97
33.46,0.028544560318389735,0.006375271544468698,0.0007200604929285607,0.0,0.0,0.027539515705807954,97
33.480000000000004,0.02853767488557016,0.006374605927391862,0.0007202137568107877,0.0,0.0,0.027531357845017028,97
33.5,0.028530872431097663,0.006373889549722131,0.0007203655410304819,0.0,0.0,0.027523364132696786,97
33.52,0.028524158894962938,0.006373122122383012,0.0007205158454444634,0.0,0.0,0.02751554321988329,97
33.54,0.02851755844597906,0.006373135378586627,0.0007206646698912016,0.0,0.0,0.027507903365457328,97
33.56,0.028512817468260194,0.006374028507696996,0.0007208120141821982,0.0,0.0,0.02750045236507857,97
33.58,0.028508235995237274,0.006374859460803185,0.0007209578780938007,0.0,0.0,0.027493197478888683,97
33.6,0.028503826225548964,0.006375628063068341,0.0007211022613597116,0.0,0.0,0.027486145358904066,97
33.62,0.028499596581826693,0.006376334135633237,0.000721245320357902,0.0,0.0,0.02747930197712583,97
33.64,0.028495540813085075,0.0063769774974771,0.0007213870368404836,0.0,0.0,0.027472672555490067,97
33.660000000000004,0.028491671983822662,0.006377557967324281,0.0007215272658976573,0.0,0.0,0.027466261498858807,97
33.68,0.028487987423920905,0.0063780753655705855,0.0007216660068779557,0.0,0.0,0.02746007233232511,97
33.7,0.028484483345901326,0.006378529516202177,0.0007218032590715985,0.0,0.0,0.027454107644151408,97
33.72,0.028481159928467822,0.0063795316389753855,0.0007219390217114939,0.0,0.0,0.0274483690356964,97
33.74,0.02847801626890229,0.006381935650576576,0.0007220732939758483,0.0,0.0,0.02744285707969734,97
33.76,0.028475050349280655,0.0063842697364024014,0.0007222060749924042,0.0,0.0,0.027437571288256895,97
33.78,0.028472259013716597,0.006386533698979115,0.0007223373638441665,0.0,0.0,0.027432510091828705,98
33.8,0.028469637957816794,0.006388727352874303,0.0007224671595765041,0.0,0.0,0.0274276708303944,98
33.82,0.02846718173136773,0.00639085052602533,0.0007225954612054119,0.0,0.0,0.027423049757866306,98
33.84,0.02846488375504429,0.006392903060913114,0.000722722267726723,0.0,0.0,0.027418642060524183,98
33.86,0.02846273635163037,0.006394884815571814,0.0007228477346765954,0.0,0.0,0.02741444188999883,98
33.88,0.028460730791878264,0.006396795664428331,0.0007229720927721004,0.0,0.0,0.02741044241095489,98
33.9,0.02845885735470576,0.006398635498968258,0.0007230949595861125,0.0,0.0,0.027406635863199656,98
33.92,0.02845710540096728,0.00640040422822769,0.0007232163341557354,0.0,0.0,0.027403013637483573,98
33.94,0.028455463459548996,0.006402101779112567,0.0007233362155459309,0.0,0.0,0.02739956636377186,98
33.96,0.028453919324073863,0.006403728096549435,0.0007234546028587683,0.0,0.0,0.02739628401030153,98
33.980000000000004,0.028452460158071645,0.006405283143473333,0.0007235714952418736,0.0,0.0,0.02739315599130611,98
34.0,0.028451072606122202,0.006406766900660385,0.0007237109060821464,0.0,0.0,0.027390171280939887,98
34.02,0.028449742908231046,0.006408179366414298,0.0007238625717170354,0.0,0.0,0.027387332896569045,98
34.04,0.028448457014566872,0.006409520556117618,0.0007240126608205843,0.0,0.0,0.027385087219070833,98
34.06,0.02844720069769369,0.006410790501660133,0.0007241611730520201,0.0,0.0,0.02738317796114103,98
34.08,0.028445959659559535,0.006411989250758201,0.0007243081081422186,0.0,0.0,0.027381365124761244,98
34.1,0.028444719630755316,0.006413116866180184,0.0007244534658957286,0.0,0.0,0.02737963721527388,98
34.12,0.028443466459904827,0.0064141734248941845,0.0007245972461918611,0.0,0.0,0.027377982957248075,98
34.14,0.02844218619147918,0.006415159017155167,0.000724739607048672,0.0,0.0,0.027376391377014187,98
34.160000000000004,0.028440865130801782,0.006416073745549057,0.0007248804379170514,0.0,0.0,0.027374851872668055,98
34.18,0.02843948989551454,0.006416917724011513,0.0007250196855985336,0.0,0.0,0.027373354270804652,98
34.2,0.028438047453270544,0.006417691076838862,0.0007251573502110003,0.0,0.0,0.027371888869732554,98
34.22,0.0284365251458958,0.0064183939377078034,0.0007252934319463607,0.0,0.0,0.027370446469393808,98
34.24,0.0284349107006909,0.006419026448719499,0.0007254279310684573,0.0,0.0,0.027369018388638783,98
34.26,0.028433192229922643,0.006419588760405361,0.0007255608479107939,0.0,0.0,0.027367596470880638,98
34.28,0.02843135821986741,0.006420081030475749,0.0007256921828742209,0.0,0.0,0.027366173079460928,98
34.300000000000004,0.0284293975110155,0.0064205034186246915,0.0007258219364246094,0.0,0.0,0.02736474108430024,98
34.32,0.028427315419268066,0.006420856092020941,0.0007259504243158711,0.0,0.0,0.02736329384156912,98
34.34,0.028425086403393196,0.006421139222252803,0.0007260775242649405,0.0,0.0,0.02736182516821652,98
34.36,0.028422699136190756,0.0064213529847293605,0.0007262034012186417,0.0,0.0,0.027360329313210544,98
34.38,0.028420143564540336,0.006421497558151619,0.0007263278637315433,0.0,0.0,0.027358800927299424,98
34.4,0.02841740982237178,0.006421573124049043,0.0007264507512774936,0.0,0.0,0.02735723503298925,98
34.42,0.02841566705014498,0.006421579866374199,0.0007265720644811995,0.0,0.0,0.02735562699625904,98
34.44,0.028415003058936614,0.006421517971146091,0.0007266918040123635,0.0,0.0,0.02735397250130078,98
34.46,0.02841422306630338,0.0064213876261309845,0.000726809970584321,0.0,0.0,0.02735226752930422,98
34.480000000000004,0.028413321201862365,0.006421189020548298,0.0007269265649528331,0.0,0.0,0.027350508341989148,98
34.5,0.02841235887141791,0.006420922344788674,0.0007270415879150001,0.0,0.0,0.027348691470269512,98
34.52,0.028412045654494893,0.006420587790131368,0.000727155040308294,0.0,0.0,0.027346813708099292,98
34.54,0.028411593015376036,0.006420185548448994,0.0007272669230096662,0.0,0.0,0.027344872111235975,98
34.56,0.028410995795562756,0.006419715811889203,0.000727377236934744,0.0,0.0,0.027342864000372225,98
34.58,0.028410249010924402,0.006419178772524849,0.0007274862602861847,0.0,0.0,0.027340786967847287,98
34.6,0.028409347856614635,0.006418574621966895,0.0007275939643494866,0.0,0.0,0.02733879595157274,98
34.62,0.0284082877133815,0.006417903550937248,0.0007277001055486261,0.0,0.0,0.027336946560531657,98
34.64,0.028408640865923537,0.006417165748801905,0.0007278046853495052,0.0,0.0,0.02733502240329897,98
34.660000000000004,0.02840907942437532,0.006416361403068032,0.000727907704842301,0.0,0.0,0.027333022261057386,98
34.68,0.02840940420204479,0.0064154906988518655,0.0007280091652584867,0.0,0.0,0.027330945236724323,98
34.7,0.028409619663187405,0.006414553818327264,0.0007281090679292673,0.0,0.0,0.027328790760490818,98
34.72,0.02840973386647602,0.006413550940167464,0.0007282074142190411,0.0,0.0,0.027326558591604516,98
34.74,0.02840973695890661,0.006412482238994859,0.0007283042055246679,0.0,0.0,0.02732452960469036,98
34.76,0.028409621343731473,0.006411347884855406,0.0007283994432747948,0.0,0.0,0.027322493687404276,98
34.78,0.028409386444143623,0.00641014804273557,0.0007284931289291808,0.0,0.0,0.027320380917909177,98
34.800000000000004,0.028409031924147697,0.006408882872140414,0.0007285852639780953,0.0,0.0,0.027318192294223862,98
34.82,0.02840855766286666,0.006408144285977088,0.0007286758499417462,0.0,0.0,0.027315929078480086,98
34.84,0.02840796372368859,0.0064078349432144565,0.0007287648883697523,0.0,0.0,0.02731359276829394,98
34.86,0.028407250318674148,0.006407456061049427,0.0007288523808406776,0.0,0.0,0.02731118506349985,98
34.88,0.028406417768822963,0.006407007790682418,0.0007289383289616116,0.0,0.0,0.027308707828850413,98
34.9,0.028405466460955934,0.006406490277111289,0.0007290227343678075,0.0,0.0,0.02730616305344407,98
34.92,0.028404396802120365,0.006405903659429915,0.000729105598722374,0.0,0.0,0.027303552807792196,98
34.94,0.028403209172564548,0.006405248071286052,0.0007291869237160152,0.0,0.0,0.02730087919957682,98
34.96,0.02840190387843269,0.006404523641500438,0.0007292667110668071,0.0,0.0,0.02729814432925372,98
34.980000000000004,0.028400481105414262,0.006403730494844386,0.0007293557401630762,0.0,0.0,0.02729535024673875,99
35.0,0.028398940874615867,0.006402868752967929,0.0007295026050370366,0.0,0.0,0.027292498910448222,99
35.02,0.028397283001909638,0.006401938535465436,0.0007296532403817092,0.0,0.0,0.02728959214994929,99
35.04,0.028395507061931113,0.006400939961060284,0.0007298253830177342,0.0,0.0,0.02728663163339449,99
35.06,0.028393612357758485,0.006399873148885368,0.0007300072115573716,0.0,0.0,0.027283618840771538,99
35.08,0.028391597897090268,0.0063987382198318924,0.0007301873821424496,0.0,0.0,0.02728055504378358,99
35.1,0.028389462375465836,0.006397535297935559,0.0007303658967186374,0.0,0.0,0.027277441292900138,99
35.12,0.02838754206377696,0.006396264511767046,0.000730542757250065,0.0,0.0,0.027274278411792006,99
35.14,0.028385587718254165,0.006394925995792939,0.0007307179657181682,0.0,0.0,0.027271066999006104,99
35.160000000000004,0.028383505949300347,0.006393519891673999,0.0007308915241205393,0.0,0.0,0.027267807436372776,99
35.18,0.028381294177326252,0.006392046349470059,0.0007310634344698159,0.0,0.0,0.027264499903297323,101
35.2,0.028378949527698486,0.006390505528724565,0.000731233910586026,0.0,0.0,0.027261144395789402,101
35.22,0.028376468848814413,0.006388897599407002,0.0007314030289664817,0.0,0.0,0.027257740748872092,101
35.24,0.028373848732068038,0.0063872227426973955,0.0007315705083406627,0.0,0.0,0.027254288660878877,102
35.26,0.028371219636736084,0.006385481151603856,0.000731736350766757,0.0,0.0,0.027250787718126005,102
35.28,0.028368753172941883,0.006383673031410784,0.0007319005583124506,0.0,0.0,0.0272472374185296,102
35.300000000000004,0.02836613525346726,0.006382003012105003,0.0007320631330538363,0.0,0.0,0.02724363719291153,102
35.32,0.028364929126450774,0.00638175689154077,0.0007322240770742841,0.0,0.0,0.027239986422996937,102
35.34,0.028364292373398527,0.006381834047407084,0.0007323833924632869,0.0,0.0,0.02723628445541862,102
35.36,0.028363575899748705,0.006381835168649962,0.0007325410813152787,0.0,0.0,0.02723253061139074,102
35.38,0.02836277829011788,0.0063817606291201165,0.0007326971457283992,0.0,0.0,0.027228724192062913,102
35.4,0.028361898089657857,0.0063816108133421005,0.0007328515878032596,0.0,0.0,0.027224864479893873,102
35.42,0.028360933801255074,0.006381386116143705,0.0007330044096416398,0.0,0.0,0.02722095073666572,102
35.44,0.028359883880174522,0.006381086942247696,0.0007331556133452013,0.0,0.0,0.02721698219898038,102
35.46,0.028358746727127914,0.006380713705842703,0.0007333053387951913,0.0,0.0,0.027212958072219826,102
35.480000000000004,0.028357520680805107,0.006380266830147136,0.0007334537829021008,0.0,0.0,0.027208877524010185,102
35.5,0.028356204010878735,0.00637974674703711,0.00073360061799622,0.0,0.0,0.027204739678201584,102
35.52,0.02835479491238141,0.00637915389666198,0.0007337458461630682,0.0,0.0,0.027200543610264537,102
35.54,0.028353291502172973,0.006378488726556424,0.0007338899539430344,0.0,0.0,0.027196288344822094,102
35.56,0.028351691817979554,0.006377751691845415,0.0007340327641984093,0.0,0.0,0.027191972855801296,102
35.58,0.028349993820208173,0.006376943254641583,0.0007341743374525354,0.0,0.0,0.027187596069409535,102
35.6,0.028348195396454855,0.006376063883671971,0.0007343143820894397,0.0,0.0,0.02718315686985566,102
35.62,0.0283462943683399,0.006375114053910018,0.0007344528356129618,0.0,0.0,0.027178654107451575,102
35.64,0.02834428850005383,0.0063740942462088696,0.0007345896999632487,0.0,0.0,0.027174086608479985,102
35.660000000000004,0.028342175507794647,0.0063730049469327464,0.0007347249770674093,0.0,0.0,0.02716945318601132,102
35.68,0.028339953069139317,0.006371846647584498,0.0007348586688393278,0.0,0.0,0.027164752650715017,102
35.7,0.02833761883133188,0.006370619844429188,0.000734990777179629,0.0,0.0,0.027159983820650668,102
35.72,0.02833517041748176,0.006369325038115562,0.0007351213039757677,0.0,0.0,0.02715514552903507,102
35.74,0.028332605429761758,0.006367962733299266,0.0007352504745382453,0.0,0.0,0.027150236629078135,102
35.76,0.028329921448855808,0.006366533438273642,0.0007353783518138065,0.0,0.0,0.02714525599514099,102
35.78,0.02832711602912738,0.006365037665103769,0.0007355046559475877,0.0,0.0,0.02714020251969096,103
35.800000000000004,0.028324186689241648,0.006363475930429381,0.0007356293887731081,0.0,0.0,0.02713507510579035,103
35.82,0.02832113089827159,0.006361848748839302,0.0007357525521123295,0.0,0.0,0.02712987265515363,103
35.84,0.02831794605761705,0.006360156639914615,0.0007358741477761228,0.0,0.0,0.02712459405210634,103
35.86,0.028314629479362547,0.006358400125426961,0.0007359941775647446,0.0,0.0,0.027119238144076498,103
35.88,0.028311178361973156,0.006356579729188351,0.0007361126432682798,0.0,0.0,0.027113803719522614,103
35.9,0.028307589764456534,0.006354695976962753,0.0007362295466670749,0.0,0.0,0.02710828948443176,103
35.92,0.028303860580294746,0.006352749396441939,0.0007363448895321333,0.0,0.0,0.027102694038696667,103
35.94,0.02829998751255534,0.006350740517285326,0.0007364586736254792,0.0,0.0,0.0270970158537869,103
35.96,0.02829596705161912,0.006348669871220492,0.0007365709007004776,0.0,0.0,0.027091253253157154,103
35.980000000000004,0.02829179545689749,0.00634653799219791,0.0007366815725021378,0.0,0.0,0.02708540439677131,103
36.0,0.028287468743774077,0.006344345416590611,0.0007367906907673714,0.0,0.0,0.02707946727098244,103
36.02,0.028282982676769455,0.0063420926834267324,0.0007368982572252458,0.0,0.0,0.027073439684773545,103
36.04,0.028278332769635383,0.006339780334640922,0.0007370042735972201,0.0,0.0,0.02706731927307048,103
36.06,0.028273514292731974,0.006339184699438845,0.0007371087415973749,0.0,0.0,0.027061103507485966,103
36.08,0.02826852228766463,0.0063390026680118575,0.000737211662932647,0.0,0.0,0.027054789714476377,103
36.1,0.02826335158877739,0.0063387465504595696,0.0007373130393030918,0.0,0.0,0.027048375100512022,103
36.12,0.0282579968507473,0.006338416726412809,0.000737412872402139,0.0,0.0,0.02704185678350997,103
36.14,0.028252463331022343,0.006338013596243973,0.0007375111639169044,0.0,0.0,0.027035231829478056,103
36.160000000000004,0.028246737959805143,0.006337537581742785,0.0007376079155285071,0.0,0.0,0.027028497293092476,103
36.18,0.028240811840038276,0.006336989126540863,0.0007377031289124206,0.0,0.0,0.02702165026079222,103
36.2,0.028234679265120414,0.006336368696274704,0.0007377968057388555,0.0,0.0,0.027014687894928207,103
36.22,0.028228334535356746,0.006335676778485051,0.0007379196361131711,0.0,0.0,0.027007607477548077,103
36.24,0.02822177199524802,0.00633491388225858,0.0007380458399125229,0.0,0.0,0.027000406452518055,103
36.26,0.028214986067844155,0.006334080537624924,0.00073817051388732,0.0,0.0,0.026993082464866175,103
36.28,0.028207971285279514,0.006333177294728191,0.0007382936596155302,0.0,0.0,0.026985633396455246,103
36.300000000000004,0.028201758877715387,0.00633220472279675,0.0007384152786548016,0.0,0.0,0.0269780573973376,103
36.32,0.028196090077462436,0.006331163408938416,0.000738535372543762,0.0,0.0,0.026970352912386558,103
36.34,0.028190236932515725,0.006330053956790044,0.0007386539428033368,0.0,0.0,0.026962518703032703,103
36.36,0.02818419692035646,0.006328876985051122,0.0007387709909381042,0.0,0.0,0.02695455386412945,103
36.38,0.02817796780671117,0.0063276331259305004,0.0007388865184376359,0.0,0.0,0.026946457836141694,103
36.4,0.028171547650890784,0.00632632302353393,0.0007390005267778247,0.0,0.0,0.02693823041297762,103
36.42,0.028164934807062454,0.006324947332217959,0.0007391130174221655,0.0,0.0,0.02692987174586984,104
36.44,0.028158127921908513,0.006323506714933156,0.0007392239918229946,0.0,0.0,0.026921382343764882,104
36.46,0.028151125929145822,0.006322001841576798,0.0007393334514226678,0.0,0.0,0.026912763070699744,104
36.480000000000004,0.028143928041371627,0.006320433387372151,0.0007394413976546572,0.0,0.0,0.026904015140636388,104
36.5,0.02813653373967582,0.006318802031288604,0.000739547883525927,0.0,0.0,0.026895140110199205,104
36.52,0.028128942761416427,0.0063171084545141885,0.0007396532286344101,0.0,0.0,0.026886139869717048,104
36.54,0.02812115508650411,0.006315353338989474,0.0007397570672580243,0.0,0.0,0.02687701663292022,104
36.56,0.0281131709224837,0.0063135373660095934,0.0007398594008043804,0.0,0.0,0.026867772925584735,104
36.58,0.0281049906886418,0.0063116612148992985,0.0007399602306763563,0.0,0.0,0.026858411573356382,104
36.6,0.028096614999309454,0.0063097255617643,0.0007400595582726715,0.0,0.0,0.026848935688926878,104
36.62,0.02808804464647269,0.006307731080768793,0.0007401573849883672,0.0,0.0,0.02683934865867698,104
36.64,0.028079280581751992,0.006305678436326074,0.0007402537122151916,0.0,0.0,0.02682965412884863,104
36.660000000000004,0.0280703238977635,0.0063035682875557855,0.0007403485413418695,0.0,0.0,0.026819855991259023,104
36.68,0.028061175808832325,0.006301401286777025,0.0007404418737542755,0.0,0.0,0.026809958368524577,104
36.7,0.02805183763099532,0.0062991780780310876,0.0007405337108354937,0.0,0.0,0.02679996559872888,104
36.72,0.028042310761199594,0.006296899296306426,0.0007406240539657669,0.0,0.0,0.026789882219434114,104
36.74,0.028032596655584146,0.006294565566841409,0.0007407129045223185,0.0,0.0,0.026779712950914462,104
36.76,0.028022967810220265,0.006292177504504627,0.000740800263879056,0.0,0.0,0.02676946267847369,104
36.78,0.028014768338178554,0.006289735713252651,0.0007408861334061451,0.0,0.0,0.026759136433699933,104
36.800000000000004,0.028006460135085266,0.0062872407856655365,0.0007409705144694601,0.0,0.0,0.02674873937451755,104
36.82,0.02799804090771168,0.006284693302560678,0.0007410534650339411,0.0,0.0,0.026738276763903626,104
36.84,0.02798951040171426,0.006282093832685908,0.0007411349670932398,0.0,0.0,0.02672775394716478,104
36.86,0.027980872521090914,0.006279442932493113,0.0007412149902376275,0.0,0.0,0.02671717632770653,105
36.88,0.027972131149847368,0.00627674114599368,0.0007412935358806462,0.0,0.0,0.026706549341277593,105
36.9,0.027963290122520006,0.006273989004697316,0.0007413706150227296,0.0,0.0,0.02669587842873578,105
36.92,0.027954353193242135,0.006271187027635557,0.0007414464559598979,0.0,0.0,0.026685169007462158,105
36.94,0.02794533788999118,0.006268335721471146,0.000741520826201403,0.0,0.0,0.02667442644163486,105
36.96,0.02793624423911969,0.0062654355806938105,0.0007415937271125309,0.0,0.0,0.026663656011679665,105
36.980000000000004,0.027927065203688144,0.0062624870879023995,0.0007416651600391364,0.0,0.0,0.026652862883312062,105
37.0,0.02791780388719837,0.00625949071417218,0.0007417351263059813,0.0,0.0,0.026642052076694445,105
37.02,0.02790846314715921,0.0062565070251067246,0.0007418036272150299,0.0,0.0,0.02663122843632682,105
37.04,0.02789904556338518,0.006253506385168653,0.0007418706640437308,0.0,0.0,0.02662039660236948,105
37.06,0.02788955340837048,0.006250458759337973,0.0007419363410852458,0.0,0.0,0.02660988381237792,105
37.08,0.027879988620517437,0.0062473645810151145,0.0007420009556659334,0.0,0.0,0.026599506845579324,105
37.1,0.027870352780981135,0.006244224275029105,0.0007420641125000519,0.0,0.0,0.0265891335927237,105
37.12,0.027860647094823675,0.006241038258408196,0.0007421258127460258,0.0,0.0,0.026578767645094075,105
37.14,0.027850872377052714,0.006237806941183087,0.0007421860575302957,0.0,0.0,0.026568412294011495,105
37.160000000000004,0.027841029043949556,0.006234530727208402,0.0007422448479465,0.0,0.0,0.026558070525784055,105
37.18,0.027832657814042032,0.006231210014987019,0.0007423021850550168,0.0,0.0,0.02654774502219967,105
37.2,0.02782455952598553,0.00622784519848133,0.0007423919155858991,0.0,0.0,0.026537438166487633,105
37.22,0.02781686224994627,0.006224436667895542,0.0007424845837240527,0.0,0.0,0.026527152054408837,105
37.24,0.027809239075458122,0.0062209848104137514,0.000742575768398403,0.0,0.0,0.026516888509864344,105
37.26,0.02780160988815794,0.00621749001087988,0.0007426654701332096,0.0,0.0,0.026506649104170336,105
37.28,0.027793975344109777,0.006213952652407358,0.0007427536894291115,0.0,0.0,0.026496641139391038,105
37.300000000000004,0.027786335876454595,0.006210373116908863,0.0007428474461708695,0.0,0.0,0.02648690879789333,105
37.32,0.027778691718476557,0.006206751785539149,0.0007429707386062895,0.0,0.0,0.02647720348891033,105
37.34,0.02777104292557023,0.006203089039046993,0.000743092518855941,0.0,0.0,0.026467526000113168,105
37.36,0.02776338939494746,0.006199385258035227,0.0007432127866822825,0.0,0.0,0.026457876977655045,106
37.38,0.027755730882092607,0.006195640823130824,0.0007433315420863738,0.0,0.0,0.026448256942991036,106
37.4,0.027748067013201698,0.006191856115069641,0.0007434487851111852,0.0,0.0,0.026438666305672345,106
37.42,0.027740397293122002,0.006188031514702569,0.000743564515813959,0.0,0.0,0.026429105371630655,106
37.44,0.02773272110860881,0.00618416740293183,0.000743678734273865,0.0,0.0,0.026419574346769295,106
37.46,0.027725037727032754,0.006180264160587248,0.0007437914406002482,0.0,0.0,0.026410073335994922,106
37.480000000000004,0.027717418908932628,0.006176322168253097,0.0007439026349413265,0.0,0.0,0.026400602338118893,106
37.5,0.02771020495102581,0.006172441883573864,0.0007440123174932811,0.0,0.0,0.026391161237324146,106
37.52,0.027702980182366846,0.006168547257099454,0.0007441204885095864,0.0,0.0,0.026381749792111664,106
37.54,0.027695743309307033,0.00616461492001368,0.0007442271483104666,0.0,0.0,0.02637236762278456,106
37.56,0.02768849286722586,0.006160645251349521,0.0007443322972923449,0.0,0.0,0.026363014198608932,106
37.58,0.027681227208174716,0.006156638628559828,0.0007444359359371045,0.0,0.0,0.02635368882578049,106
37.6,0.027673944490350252,0.0061525954272556175,0.0007445380648210268,0.0,0.0,0.026344390637239375,106
37.62,0.027666642670267777,0.0061485160209551575,0.0007446386846232497,0.0,0.0,0.026335118585211148,106
37.64,0.027659319498276134,0.006144400780848017,0.0007447377961335608,0.0,0.0,0.026325871437123283,106
37.660000000000004,0.02765197251777541,0.006140250075577294,0.0007448354002594336,0.0,0.0,0.026316647775267425,106
37.68,0.027644599068195913,0.0061360642710424395,0.0007449314980321069,0.0,0.0,0.026307604264398383,106
37.7,0.027637196291490026,0.006131843730224441,0.0007450260906116759,0.0,0.0,0.026298994358118454,106
37.72,0.027629761141601896,0.006127588813034847,0.000745119179291055,0.0,0.0,0.026290593993901837,106
37.74,0.02762229039614716,0.00612329987640985,0.0007452107654987794,0.0,0.0,0.026282208889067928,106
37.76,0.02761478066935945,0.0061189772735667294,0.0007453008508006322,0.0,0.0,0.026273836814666447,106
37.78,0.02760722842527642,0.006115188700547552,0.0007453894369000839,0.0,0.0,0.02626547541737694,106
37.800000000000004,0.027599629990135377,0.006112295671284756,0.0007454765256376071,0.0,0.0,0.02625712223285713,106
37.82,0.027591981563034607,0.006109366584696878,0.0007455621189889158,0.0,0.0,0.026248774697449344,106
37.84,0.027584279224087585,0.006106401762023394,0.0007456473850289213,0.0,0.0,0.02624043015747335,106
37.86,0.0275765189395242,0.0061034015214703535,0.0007457864936739731,0.0,0.0,0.026232085875560376,106
37.88,0.027568696563476037,0.006100366178300577,0.0007459289645166573,0.0,0.0,0.026223739033765188,106
37.9,0.02756080783647773,0.006097296044962384,0.0007460698801048755,0.0,0.0,0.026215623119515405,106
37.92,0.027552848381020897,0.006094191431257509,0.0007462092427380736,0.0,0.0,0.02620762549381933,106
37.94,0.027544813694769334,0.006091052644547813,0.0007463471688863002,0.0,0.0,0.026199615958456778,106
37.96,0.027536699142277608,0.00608898318906039,0.0007464835592669384,0.0,0.0,0.026191591347165664,106
37.980000000000004,0.02752849994622296,0.006087281686182282,0.0007466184091987805,0.0,0.0,0.026183548391327596,106
38.0,0.027520211179255512,0.006085543341104665,0.0007467517215080905,0.0,0.0,0.026175483713681405,106
38.02,0.027511827757587815,0.006083768437376166,0.0007468834990996336,0.0,0.0,0.026167393823861757,106
38.04,0.02750334443737123,0.006081957257888107,0.0007470137449512414,0.0,0.0,0.026159275116810685,106
38.06,0.02749475581476683,0.006080110085230172,0.0007471424621085872,0.0,0.0,0.02615124356379651,106
38.08,0.02748641148541161,0.006078227202046425,0.0007472696536802027,0.0,0.0,0.02614350333214105,106
38.1,0.02747803751202636,0.0060763088913819915,0.0007473953228327751,0.0,0.0,0.02613579052895768,106
38.12,0.027469540573560332,0.006074355437010673,0.0007475194727867452,0.0,0.0,0.026128344229135615,106
38.14,0.027460914719590054,0.006072367123733862,0.0007476421068122088,0.0,0.0,0.026120848643068375,106
38.160000000000004,0.027452153910031533,0.006070344237641975,0.0007477632282251198,0.0,0.0,0.026113299689262025,106
38.18,0.027443252042164024,0.006068318362647712,0.0007478840014830467,0.0,0.0,0.02610569328575326,106
38.2,0.027434202980428323,0.006066290004375556,0.0007480356205725352,0.0,0.0,0.026098025382710718,106
38.22,0.027425000587984402,0.006064227682024723,0.0007481857052983061,0.0,0.0,0.02609029199690988,106
38.24,0.0274156387589562,0.006062131689349001,0.0007483342594225733,0.0,0.0,0.02608248924701519,106
38.26,0.027406111450295714,0.006060002321911716,0.0007484814252769742,0.0,0.0,0.026074613388607344,106
38.28,0.027396416413994422,0.006057839877012705,0.0007486273063694505,0.0,0.0,0.026066660847967126,106
38.300000000000004,0.027386553988179522,0.006055644653557157,0.0007487716703436933,0.0,0.0,0.026058628253745428,106
38.32,0.027376937037979342,0.0060534169518697625,0.0007489145210263487,0.0,0.0,0.026050512465803845,106
38.34,0.02736713861261962,0.00605115707345898,0.0007490558622592591,0.0,0.0,0.026042310600688807,106
38.36,0.027357145936256395,0.006048865320736791,0.0007491956978984922,0.0,0.0,0.02603434108967571,106
38.38,0.027346953883451902,0.006046541996700078,0.0007493340318135672,0.0,0.0,0.026026336416552057,106
38.4,0.02733696870865701,0.006044187404579903,0.0007494708678868766,0.0,0.0,0.026018238309136507,106
38.42,0.027326901421639835,0.00604180184746504,0.0007496062103709637,0.0,0.0,0.02601004508941006,106
38.44,0.027317001349466734,0.006039385627905859,0.0007497400628649196,0.0,0.0,0.026001755406258653,106
38.46,0.027306882354283083,0.006036939047504336,0.0007498724292388238,0.0,0.0,0.02599336823877497,106
38.480000000000004,0.027296713574134095,0.006037085628463616,0.0007500033134238447,0.0,0.0,0.025984882896669427,107
38.5,0.02728656993663027,0.006037456748860775,0.0007501327193632955,0.0,0.0,0.02597629901818975,107
38.52,0.027276195285301078,0.006037784508807638,0.0007502606510128205,0.0,0.0,0.02596761656595694,107
38.54,0.027265586148931747,0.006038069236571311,0.0007503871123406855,0.0,0.0,0.025958835821116296,107
38.56,0.027254739226721298,0.006038311262617234,0.0007505121073281288,0.0,0.0,0.025949957376185214,107
38.58,0.027243651374179178,0.006038510918777933,0.0007506356399697918,0.0,0.0,0.025940982126945077,107
38.6,0.02723231958817863,0.0060386685374478315,0.0007507577142742183,0.0,0.0,0.025931911263691213,107
38.62,0.02722074099144648,0.0060399147643575846,0.0007508783342644143,0.0,0.0,0.0259227462621137,107
38.64,0.027208912816733554,0.006041133853253386,0.0007509975039784656,0.0,0.0,0.02591348887404327,107
38.660000000000004,0.027196832390872495,0.006042304551846796,0.0007511152274702028,0.0,0.0,0.025904141118254696,107
38.68,0.02718613545018571,0.006043427264104384,0.0007512315088099296,0.0,0.0,0.025894705271484485,107
38.7,0.027176500659698438,0.006044502390433494,0.0007513463520851862,0.0,0.0,0.02588518385978046,107
38.72,0.027167013882962724,0.0060455303270298254,0.0007514597614015665,0.0,0.0,0.025875612010462817,107
38.74,0.0271574757167525,0.006046511465260333,0.0007515717408835604,0.0,0.0,0.02586630870433666,107
38.76,0.02714776804037813,0.006047446191079901,0.0007516822946754606,0.0,0.0,0.025856928411080768,107
38.78,0.02713789189778163,0.0060483348844801435,0.0007517914269422826,0.0,0.0,0.02584767596957283,107
38.800000000000004,0.02712784846112292,0.006049177918968645,0.0007518991418707175,0.0,0.0,0.02583852704632514,107
38.82,0.027117639021423313,0.006049975661076944,0.000752005443670136,0.0,0.0,0.02582931168796821,107
38.84,0.027107264979471,0.006050728469895624,0.000752110336573596,0.0,0.0,0.02582003396327346,107
38.86,0.02709672783691513,0.006051436696635038,0.0007522138248388858,0.0,0.0,0.025810698138118746,107
38.88,0.027086029187463275,0.006052100684210305,0.0007523159127495794,0.0,0.0,0.02580130867078338,107
38.9,0.027075170708081197,0.006052720766849469,0.0007524166046161138,0.0,0.0,0.025791870207414747,107
38.92,0.02706415415008117,0.0060532972715152174,0.0007525159047768692,0.0,0.0,0.02578238757755455,107
38.94,0.027052981329974423,0.006053830512527912,0.0007526138175992566,0.0,0.0,0.025772865789600283,108
38.96,0.027041654119947665,0.006054320795579489,0.0007527105120728565,0.0,0.0,0.025763310026060724,108
38.980000000000004,0.02703017443781659,0.0060547684166692315,0.0007528061448778587,0.0,0.0,0.02575372563845474,108
39.0,0.027018544236297164,0.006055173661476589,0.0007529004057342911,0.0,0.0,0.025744118141688428,108
39.02,0.027006765491427342,0.006055536805100256,0.0007530233483964013,0.0,0.0,0.025734493207734313,108
39.04,0.02699484018996867,0.006055858111820962,0.0007531676339502214,0.0,0.0,0.025724856658429638,108
39.06,0.026982770315610548,0.006056137834889527,0.0007533215989098262,0.0,0.0,0.02571521445719994,108
39.08,0.026970557833806075,0.006056376216342268,0.0007534741465595364,0.0,0.0,0.02570557269951509,108
39.1,0.026960114092744573,0.006056573486846139,0.0007536252814931499,0.0,0.0,0.0256959376018833,108
39.12,0.026949628250998392,0.006056729865576498,0.0007537750081365959,0.0,0.0,0.025686315489199557,108
39.14,0.026939076220728605,0.006056845560130744,0.0007539235802316638,0.0,0.0,0.025676712780277607,108
39.160000000000004,0.02692846254056179,0.006057668978833459,0.0007540708626362862,0.0,0.0,0.02566713597142351,108
39.18,0.02691780400420693,0.006059777408622914,0.0007542169401269466,0.0,0.0,0.025657716675526788,108
39.2,0.02690725801522427,0.006061839321806361,0.0007543619018371904,0.0,0.0,0.025648583360823,108
39.22,0.026897325960360003,0.006063854842335139,0.0007545055647810452,0.0,0.0,0.02563949527536655,108
39.24,0.02688740585440539,0.006065824083412436,0.0007546478559672721,0.0,0.0,0.025630459019458048,108
39.26,0.026877449447727773,0.006067747147680004,0.0007547887802686137,0.0,0.0,0.025621481157602852,108
39.28,0.0268678133298261,0.006069624127467039,0.0007549283426026515,0.0,0.0,0.025612568190263432,108
39.300000000000004,0.026859428245815217,0.006071464805167646,0.0007550665479315466,0.0,0.0,0.025603726524396877,108
39.32,0.02685146268440332,0.006073279465097056,0.0007552034012616154,0.0,0.0,0.025594962443276772,108
39.34,0.02684351711224646,0.006075048220613903,0.0007553389076426923,0.0,0.0,0.025586282076203892,108
39.36,0.026835596022550423,0.006076771126603246,0.0007554730721673006,0.0,0.0,0.025577691368812473,108
39.38,0.026827703652964146,0.006078448229866107,0.000755605899969597,0.0,0.0,0.025569196054752667,109
39.4,0.02681984395772441,0.006080079569928653,0.0007557373962241154,0.0,0.0,0.025560801629572628,109
39.42,0.026812020582737742,0.006081665179152199,0.0007558675661442692,0.0,0.0,0.02555251332762954,109
39.44,0.026804236844367512,0.00608458609167361,0.0007559964149806455,0.0,0.0,0.02554433610280308,109
39.46,0.026796495712596662,0.006087663398381778,0.0007561239480190572,0.0,0.0,0.025536274613687578,109
39.480000000000004,0.026788799799070145,0.006090690679244596,0.0007562501705783673,0.0,0.0,0.025528333213772958,109
39.5,0.02678115135031,0.006093667938238837,0.0007563750880080687,0.0,0.0,0.025520515946913607,109
39.52,0.02677355224614394,0.006096595175517078,0.0007564987058784501,0.0,0.0,0.025512826548132906,109
39.54,0.026766004003107503,0.006099472388192531,0.0007566210294726265,0.0,0.0,0.025505268449530112,109
39.56,0.026758507782301114,0.0061023052884955,0.0007567420641419031,0.0,0.0,0.025497844790778566,109
39.58,0.026751064400920812,0.006105127958923757,0.0007568658977237733,0.0,0.0,0.025490558433441193,109
39.6,0.026743674346465462,0.006107900401304995,0.0007569952304125049,0.0,0.0,0.025483535658504367,109
39.62,0.026736337862656733,0.006110622606757671,0.000757123563593424,0.0,0.0,0.025476973347061827,109
39.64,0.026729193750632464,0.006113294567016345,0.0007572506121469618,0.0,0.0,0.025470554930744096,109
39.660000000000004,0.026722407967821948,0.006115916275017073,0.0007573763814958655,0.0,0.0,0.025464282340955824,109
39.68,0.026715683351160247,0.0061189782923158,0.0007575008770577596,0.0,0.0,0.02545815732173672,109
39.7,0.026709011732522044,0.006122378700529233,0.0007576241042395215,0.0,0.0,0.025452181443977782,109
39.72,0.02670238979594444,0.0061257203349934074,0.0007577461207183713,0.0,0.0,0.025446356116424176,109
39.74,0.026695816104920334,0.00612900309386291,0.0007578672006569119,0.0,0.0,0.025440682593199548,109
39.76,0.026689288973762035,0.006132250156855864,0.0007579870300018967,0.0,0.0,0.025435161977930772,109
39.78,0.02668280646406761,0.006135444881307369,0.0007581056140120863,0.0,0.0,0.0254297952248915,109
39.800000000000004,0.026676366378690405,0.006140719508866524,0.0007582249730599039,0.0,0.0,0.02542458313788162,109
39.82,0.026669966254164883,0.006146110714017279,0.000758351810924057,0.0,0.0,0.025419526367801797,109
39.84,0.026663603352702264,0.006151434716809034,0.0007584773989601679,0.0,0.0,0.02541462541004197,109
39.86,0.026657274654927246,0.0061566913460880165,0.000758601742196222,0.0,0.0,0.02540988060285936,109
39.88,0.02665097685449849,0.006161880434777746,0.0007587248455877002,0.0,0.0,0.025405292127892415,109
39.9,0.026644706355609796,0.00616700182025975,0.0007588467140114498,0.0,0.0,0.025400860013810297,109
39.92,0.026638459274154827,0.006172055344726191,0.0007589673522601729,0.0,0.0,0.02539658414388279,109
39.94,0.02663224087854098,0.006177040855493055,0.0007590867650376808,0.0,0.0,0.02539246426796141,109
39.96,0.026626040829427187,0.006181958205261515,0.0007592049569550134,0.0,0.0,0.025388500019042273,109
39.980000000000004,0.026619850944848804,0.006186807252314895,0.0007593307642648235,0.0,0.0,0.02538469093424566,109
40.0,0.026613666282952964,0.00619158786063936,0.0007594584015070757,0.0,0.0,0.02538103647973521,109
40.02,0.026607481680245994,0.00619629989995786,0.0007595848105791724,0.0,0.0,0.025377536078844777,109
40.04,0.026601291774048044,0.006200943245668894,0.0007597099956900877,0.0,0.0,0.025374189142493314,109
40.06,0.026595425278876303,0.006205517778684363,0.0007598339609523958,0.0,0.0,0.025370995100868227,109
40.08,0.026589685040180545,0.006210023385163496,0.0007599567103847339,0.0,0.0,0.025367953435347364,109
40.1,0.02658392182840341,0.006214459956142843,0.0007600785523894658,0.0,0.0,0.025365063709703654,109
40.12,0.026578821361982082,0.006218827387065076,0.0007601992381530001,0.0,0.0,0.02536232559977815,109
40.14,0.02657475854551309,0.0062231255772118264,0.0007603187209178478,0.0,0.0,0.025359738920996692,109
40.160000000000004,0.026570709673104032,0.006227354429047811,0.0007604370043207624,0.0,0.0,0.025357303653322998,109
40.18,0.026566670541332337,0.006231513847485026,0.0007605540919274033,0.0,0.0,0.025355019963456946,109
40.2,0.026562636974452093,0.00623560373907677,0.0007606699872386533,0.0,0.0,0.025352888224284983,109
40.22,0.0265586048341869,0.006239624011151709,0.0007607846936971197,0.0,0.0,0.025350909031749656,109
40.24,0.02655457002708408,0.006243574570898228,0.0007608982146937272,0.0,0.0,0.025349083219416473,109
40.26,0.026550528509793146,0.0062474553244089475,0.0007610211400333659,0.0,0.0,0.02534741187107484,109
40.28,0.02654647629264032,0.006251266175694656,0.0007611573946442458,0.0,0.0,0.025345896331711096,109
40.300000000000004,0.026542409441837847,0.006255007025676186,0.0007612924310754108,0.0,0.0,0.025344538217148094,109
40.32,0.026539116272665537,0.006258677771161879,0.0007614262525420458,0.0,0.0,0.025343339422553183,109
40.34,0.026536760469222674,0.006262278303817622,0.0007615588622387248,0.0,0.0,0.02534230212990711,109
40.36,0.026535372665640433,0.006265808509135676,0.0007616956468488635,0.0,0.0,0.025341428814385895,109
40.38,0.026535434261325028,0.006269268265408129,0.0007618463443676219,0.0,0.0,0.02534072224947526,109
40.4,0.026535608166575752,0.006272657442710503,0.0007620109426181149,0.0,0.0,0.02534018551050177,109
40.42,0.026535896277217627,0.0062759759019009945,0.0007621742760926998,0.0,0.0,0.025339821976156127,109
40.44,0.02653630074416271,0.006279223493641101,0.0007623363479214325,0.0,0.0,0.02533963532748971,109
40.46,0.026536823967701,0.006282400057443605,0.0007624971612393268,0.0,0.0,0.025339629543807262,109
40.480000000000004,0.02653746858798358,0.006285505420754709,0.0007626647933277927,0.0,0.0,0.025339808894852666,109
40.5,0.02653823747108632,0.006288539398135022,0.0007628496811960547,0.0,0.0,0.025340177928681578,109
40.52,0.02653913369008558,0.006291501790381334,0.0007630334195317395,0.0,0.0,0.025340741454658002,109
40.54,0.026540160500631155,0.006294392383570359,0.0007632159942685988,0.0,0.0,0.025341504521065768,109
40.56,0.026541321310594158,0.0062972109486644,0.0007633972793315883,0.0,0.0,0.02534247238691869,109
40.58,0.026542619643472518,0.006299957240774093,0.0007635772778623528,0.0,0.0,0.025343650487658166,109
40.6,0.026544059095359215,0.006302630998634798,0.0007637559930125454,0.0,0.0,0.02534504439454965,109
40.62,0.026545643285417773,0.00630523194418986,0.0007639334279423677,0.0,0.0,0.02534665976772933,109
40.64,0.02654737579995319,0.006307759782295104,0.0007641095858184636,0.0,0.0,0.025348502302995565,109
40.660000000000004,0.026549260130318966,0.006310214200559842,0.0007642844698112031,0.0,0.0,0.02535057767259327,109
40.68,0.026551299605055916,0.006312594869340173,0.0007644583027302092,0.0,0.0,0.02535289146039311,109
40.7,0.026553506940587963,0.006314901441900813,0.0007646309092472221,0.0,0.0,0.025355449092025445,109
40.72,0.026555878400332203,0.006317133554761797,0.0007648022887938985,0.0,0.0,0.02535825576067655,109
40.74,0.026558413314328205,0.006319290828246078,0.0007649726926735605,0.0,0.0,0.02536131634940848,109
40.76,0.026561113588559497,0.006321372867243418,0.0007651418411145717,0.0,0.0,0.025364635350996614,109
40.78,0.026563980564879547,0.0063233792622046855,0.0007653097371567499,0.0,0.0,0.025368416190673714,109
40.800000000000004,0.026567014935219076,0.006325309590378914,0.0007654763838049353,0.0,0.0,0.02537263351098476,109
40.82,0.026570216656807352,0.006327163417302913,0.0007656417840214737,0.0,0.0,0.025377119146017195,110
40.84,0.026573584869822295,0.0063289402985500474,0.0007658088173253209,0.0,0.0,0.025381875217872104,110
40.86,0.026577117818938407,0.006330639781740709,0.0007659872795324935,0.0,0.0,0.025386903063296953,110
40.88,0.026580812780279885,0.006332261408812123,0.0007661644802811774,0.0,0.0,0.025392203165593402,110
40.9,0.026584665995292134,0.006333804718539481,0.0007663404222483821,0.0,0.0,0.025397926668400805,110
40.92,0.026589889236070186,0.006335491432538944,0.0007665151080271485,0.0,0.0,0.025404318605277244,110
40.94,0.026596032425858125,0.00633853307101514,0.000766711478194759,0.0,0.0,0.025410977783728993,110
40.96,0.026602696110280082,0.006341497077364369,0.0007669096986968882,0.0,0.0,0.025417900756611097,110
40.980000000000004,0.026609547939774048,0.006344393522828336,0.0007671066277249898,0.0,0.0,0.025425083017902347,110
41.0,0.026616580388984165,0.006347202013360807,0.0007673094137977888,0.0,0.0,0.025432518997579364,110
41.02,0.026623784808579926,0.006349934609673303,0.0007675398282442967,0.0,0.0,0.02544020207067636,110
41.04,0.026631151445885543,0.0063525932443277465,0.0007677689197445223,0.0,0.0,0.02544812458095672,110
41.06,0.026638669480149466,0.00635516293603453,0.0007679966900422056,0.0,0.0,0.025456277879284405,110
41.08,0.026646327072178625,0.006357643415188318,0.0007682236332459977,0.0,0.0,0.025464652376410168,110
41.1,0.026654111427668218,0.006360034439586415,0.0007684494197000106,0.0,0.0,0.025473460938663324,110
41.12,0.026662008873170568,0.006362335797289637,0.0007686738943639586,0.0,0.0,0.02548279086388893,110
41.14,0.02667096526108049,0.006364547309176486,0.0007688970584986912,0.0,0.0,0.02549230754013904,110
41.160000000000004,0.026680083585950556,0.006366668831141139,0.00076911891324778,0.0,0.0,0.02550199840257192,110
41.18,0.026690534725147638,0.006368700256027761,0.0007693394596435835,0.0,0.0,0.025511850389853367,110
41.2,0.02670141379682487,0.006370641514638124,0.0007695586986146092,0.0,0.0,0.02552185005701858,110
41.22,0.026712374208435596,0.006372492576970901,0.0007697766309940491,0.0,0.0,0.025531983691479833,111
41.24,0.026723400435203458,0.006374253452662748,0.0007699932575292138,0.0,0.0,0.025542237429959962,111
41.26,0.026734476858595656,0.00637594494841806,0.0007702085788916671,0.0,0.0,0.025552597374217837,111
41.28,0.02674558787724423,0.006377579114908135,0.0007704225956877511,0.0,0.0,0.025563049703585503,111
41.300000000000004,0.026756779644106134,0.006379133928536177,0.0007706353084692593,0.0,0.0,0.025573580782532867,111
41.32,0.026768348126397362,0.006380623490737027,0.0007708467177451281,0.0,0.0,0.025584177261710382,111
41.34,0.026779916000010104,0.006382025287255212,0.0007710568242353556,0.0,0.0,0.025594826171161607,111
41.36,0.026791457765017124,0.006383337500169842,0.0007712656281430894,0.0,0.0,0.025605515004647396,111
41.38,0.02680295934402428,0.006384560396637039,0.0007715078528059677,0.0,0.0,0.025616231794261368,111
41.4,0.026814407189867148,0.006385694273889282,0.0007717518445326368,0.0,0.0,0.025626965174747673,111
41.42,0.026825788336614136,0.006386739456985679,0.0007719944966909907,0.0,0.0,0.025637704437141508,111
41.44,0.02683709043947338,0.006387708343484021,0.0007722358097996613,0.0,0.0,0.025648439571556294,111
41.46,0.02684830180359009,0.006388606837114541,0.0007724757843828348,0.0,0.0,0.025659161299121668,111
41.480000000000004,0.026859411401900225,0.00638941770914396,0.0007727144210290996,0.0,0.0,0.02566986109325194,111
41.5,0.026870408882365155,0.006390141372525651,0.0007729517204388283,0.0,0.0,0.025680531190581477,111
41.52,0.02688128456506311,0.006390778256426783,0.0007731876829717059,0.0,0.0,0.02569116459205131,111
41.54,0.026892029429753855,0.006391354335743066,0.0007734223092121137,0.0,0.0,0.025701755054769983,111
41.56,0.026902635094655465,0.006391845968714231,0.000773655599764788,0.0,0.0,0.02571229707539235,112
41.58,0.026913093787289757,0.00639225213728499,0.0007738875552556086,0.0,0.0,0.0257227858658761,112
41.6,0.026923398308352994,0.0063925733149605935,0.0007741181763862764,0.0,0.0,0.025733217322574966,112
41.62,0.02693354198965814,0.0063928099818801815,0.0007743474639551293,0.0,0.0,0.025743587989716564,112
41.64,0.026943518647271507,0.006392962623340968,0.0007745754184683504,0.0,0.0,0.025753895018388984,112
41.660000000000004,0.02695332253103114,0.0063930317284809765,0.0007748020406364681,0.0,0.0,0.025764136122224546,112
41.68,0.026962959608050726,0.006393017789119845,0.0007750273311900852,0.0,0.0,0.02577446157376731,112
41.7,0.026972414623992733,0.0063929212988643475,0.0007752512908792939,0.0,0.0,0.02578496843828746,112
41.72,0.026981681738193507,0.006392742752367506,0.0007754739712757604,0.0,0.0,0.025795404986258808,112
41.74,0.026990756402189047,0.006392482643793949,0.0007756955267343324,0.0,0.0,0.025805770715888656,112
41.76,0.026999634238251708,0.006392141466920522,0.0007759157533931039,0.0,0.0,0.02581606546047207,112
41.78,0.027008310993237798,0.006391719715016603,0.0007761346520327484,0.0,0.0,0.02582628935030606,112
41.800000000000004,0.02701678249714363,0.0063912178795207724,0.0007763522234517563,0.0,0.0,0.02583644277962396,112
41.82,0.027025044627210427,0.006390636450912547,0.0007765684684664552,0.0,0.0,0.025846768179959893,112
41.84,0.027033093278221006,0.006389975917331622,0.0007767833880683947,0.0,0.0,0.025857319622901522,112
41.86,0.027040924339410386,0.00638923676561477,0.0007769969830684321,0.0,0.0,0.025867802388718577,112
41.88,0.027048533678160784,0.006388419496068519,0.0007772092542222198,0.0,0.0,0.02587821772223306,112
41.9,0.027055920373205776,0.006387524578698071,0.0007774202024195516,0.0,0.0,0.025888567063839518,112
41.92,0.027063086818165223,0.006386552488592784,0.0007776298285694158,0.0,0.0,0.025898852056242476,112
41.94,0.027070019016113434,0.006385505759021671,0.0007778381336003627,0.0,0.0,0.02590907455714392,112
41.96,0.027078152975659284,0.006384406999472025,0.0007780451184608622,0.0,0.0,0.025919236657042984,112
41.980000000000004,0.02708636515108214,0.006383232425116528,0.0007782507841196279,0.0,0.0,0.02592968558684289,112
42.0,0.027096754293666467,0.006381982504492867,0.0007784551315658842,0.0,0.0,0.025940114257886174,112
42.02,0.027107264423104,0.0063806577026015825,0.0007786581618095724,0.0,0.0,0.02595048999451465,112
42.04,0.02711765535624495,0.006379258480687968,0.0007788598758814876,0.0,0.0,0.025960975027900412,112
42.06,0.027128864941318154,0.0063777852951926225,0.0007790602748333443,0.0,0.0,0.02597170032363764,112
42.08,0.02714103846117651,0.006376238597587745,0.0007792593597377577,0.0,0.0,0.02598238306795983,112
42.1,0.0271531656583026,0.006374618833723344,0.0007794571316881556,0.0,0.0,0.025993027675166525,112
42.12,0.02716525109145979,0.006372926443064123,0.0007796535917986015,0.0,0.0,0.026003638983649942,112
42.14,0.0271772997500521,0.006371161857937745,0.0007798487412035653,0.0,0.0,0.02601422226943444,112
42.160000000000004,0.027189317062301818,0.006369325502740117,0.0007800425811170345,0.0,0.0,0.0260247832545951,113
42.18,0.027201308897800914,0.006367417793108327,0.0007802351128774072,0.0,0.0,0.026035328110048675,114
42.2,0.0272132815640435,0.006365439135072668,0.0007804263374550758,0.0,0.0,0.026045863452325152,114
42.22,0.027225241796629194,0.006363389924199795,0.0007806162560624198,0.0,0.0,0.026056396334010933,114
42.24,0.027237196742901277,0.006361288714209922,0.0007808048699300672,0.0,0.0,0.02606693422762855,114
42.26,0.0272491658976387,0.0063591351429186805,0.0007809923234158253,0.0,0.0,0.026077485002766573,114
42.28,0.027261588464198842,0.0063569120462837045,0.0007811787114417592,0.0,0.0,0.026088056896310583,114
42.300000000000004,0.027274028810523,0.006354619769841593,0.0007813638020110147,0.0,0.0,0.026098658475650696,114
42.32,0.02728649543042523,0.006352258644679553,0.0007815475962645357,0.0,0.0,0.02610929859476228,114
42.34,0.02729930725996322,0.0063498289867845795,0.0007817300954611476,0.0,0.0,0.02611998634307746,114
42.36,0.027312454840260663,0.00634733109646991,0.0007819113009338499,0.0,0.0,0.026130730987094914,114
42.38,0.02732565442540232,0.0063447652578909166,0.0007820912140278399,0.0,0.0,0.02614154190471661,115
42.4,0.02733891503237574,0.006342131738662456,0.0007822698360994102,0.0,0.0,0.026152428512362158,116
42.42,0.027352245626081923,0.006339430789589655,0.0007824471685147481,0.0,0.0,0.02616340018499524,116
42.44,0.02736565503219807,0.006336662644524035,0.0007826232126486444,0.0,0.0,0.02617446616930905,116
42.46,0.027379561696841977,0.0063338275203565515,0.0007827979698831006,0.0,0.0,0.026185635490456504,116
42.480000000000004,0.027393598700934815,0.006330937431434268,0.0007829714416058235,0.0,0.0,0.02619691685288454,116
42.5,0.027407816429030753,0.0063280010995036134,0.0007831436292086346,0.0,0.0,0.02620881911384794,116
42.52,0.027422662611689987,0.006324998282921524,0.000783314534226192,0.0,0.0,0.026220959326189546,116
42.54,0.027437624756953636,0.006321929133850845,0.0007834841580023822,0.0,0.0,0.02623323373723897,116
42.56,0.02745270871421865,0.006318793789879518,0.0007836525018415303,0.0,0.0,0.026245648690983447,116
42.58,0.02746791944873876,0.006315970631872514,0.0007838195671340084,0.0,0.0,0.026258209661000967,117
42.6,0.027483281032346565,0.006314308147178586,0.0007839853552649436,0.0,0.0,0.026270921140026184,117
42.62,0.02749923813481649,0.006312572116593464,0.0007841719214094226,0.0,0.0,0.02628435684125872,117
42.64,0.027515329888619867,0.006310787947256159,0.0007843633789431636,0.0,0.0,0.02629797908156775,117
42.660000000000004,0.027531556668354294,0.006308940831790947,0.0007845535193370835,0.0,0.0,0.02631175745997986,117
42.68,0.02754791747661988,0.006307027609846369,0.0007847423438592948,0.0,0.0,0.02632569156453848,117
42.7,0.027564409878403827,0.006305096086956977,0.0007849298537624922,0.0,0.0,0.026339779562885853,117
42.72,0.02758102995149393,0.006303105252659076,0.0007851160502819762,0.0,0.0,0.026354018153391893,117
42.74,0.027597772254856785,0.006301040231558595,0.0007853009346337614,0.0,0.0,0.026368402534293154,117
42.76,0.027614629816567298,0.006298900952556181,0.0007854845080127894,0.0,0.0,0.026382926392430554,117
42.78,0.027631594142436038,0.006296687351552548,0.0007856667715912867,0.0,0.0,0.026397581912734704,117
42.800000000000004,0.027648655245973177,0.0062943993745537405,0.0007858477265172698,0.0,0.0,0.026412359809099648,117
42.82,0.027665801699771116,0.0062920369807893724,0.0007860273739132138,0.0,0.0,0.026427249376729103,117
42.84,0.027683020707798447,0.006289600145798019,0.0007862057148749081,0.0,0.0,0.026442238565449454,117
42.86,0.027700298197512966,0.006287088864432231,0.0007863827504704906,0.0,0.0,0.026457314072899092,117
42.88,0.02771762669462708,0.006284503153735618,0.0007865584817396808,0.0,0.0,0.0264724614559303,117
42.9,0.027734985838480483,0.006281843055645469,0.0007867329099234255,0.0,0.0,0.02648766525804653,117
42.92,0.027752354804913643,0.006279108639477207,0.0007869060358710017,0.0,0.0,0.026502909150241807,117
42.94,0.02776971566425878,0.0062763000041509516,0.0007870778604362403,0.0,0.0,0.02651817608225497,117
42.96,0.027787049893409157,0.006273417280125915,0.0007872483845410558,0.0,0.0,0.02653344844099226,117
42.980000000000004,0.027804338536586586,0.006270483187287965,0.0007874176090776947,0.0,0.0,0.02654870821273957,117
43.0,0.027821562366439147,0.00626751065888911,0.0007875855349089342,0.0,0.0,0.026563937145770114,117
43.02,0.027838702042184287,0.006264488095629029,0.0007877530646069573,0.0,0.0,0.026579116910063462,117
43.04,0.027855738261738202,0.006261398460349394,0.0007879533392549517,0.0,0.0,0.026594229251078027,117
43.06,0.027872651905100795,0.006258235671994205,0.0007881523189710912,0.0,0.0,0.026609256134847607,117
43.08,0.02788942416667585,0.006255000072446871,0.0007883500046995701,0.0,0.0,0.02662417988208308,117
43.1,0.027906036674678416,0.006251692039134371,0.0007885465509906262,0.0,0.0,0.026638983289433014,117
43.12,0.02792247159628482,0.006248311984276222,0.000788741815164101,0.0,0.0,0.026653649736560307,117
43.14,0.027938719551982513,0.0062448603538636915,0.0007889357876288338,0.0,0.0,0.02666816327820444,117
43.160000000000004,0.027954760505361293,0.006241860251435851,0.0007891284691618365,0.0,0.0,0.02668250872088939,117
43.18,0.027970574484935447,0.0062403013486817295,0.0007893198605018197,0.0,0.0,0.02669667168439109,118
43.2,0.027986146561264746,0.006238658886915329,0.0007895099623502682,0.0,0.0,0.026710638648470564,118
43.22,0.028001462642857827,0.006236947838672687,0.0007896987753725603,0.0,0.0,0.02672487576000611,118
43.24,0.02801650949376477,0.0062351759200579325,0.0007898864112425895,0.0,0.0,0.02673894228032846,118
43.26,0.028031274739520086,0.006233320392632911,0.0007900728285229719,0.0,0.0,0.026752927135098904,118
43.28,0.0280461802053468,0.00623139476632943,0.0007902579580201146,0.0,0.0,0.02676689753259739,118
43.300000000000004,0.028060939761682367,0.006229399955678356,0.0007904418002595306,0.0,0.0,0.0267811465852368,118
43.32,0.028075392710790573,0.006227323794498429,0.0007906243557365276,0.0,0.0,0.026795196759754454,118
43.34,0.028089522154914795,0.006225167102876881,0.0007908056249171423,0.0,0.0,0.02680897962015046,118
43.36,0.028103319805234072,0.006222930719070142,0.0007909856082390574,0.0,0.0,0.02682248879963529,118
43.38,0.02811677810217806,0.006220615497084189,0.0007911643061124896,0.0,0.0,0.02683571873768493,118
43.4,0.028129890177315077,0.006218222304365063,0.0007913417189210578,0.0,0.0,0.02684866464517376,118
43.42,0.028142649813462164,0.006215752019605722,0.00079151784702262,0.0,0.0,0.026861322467839552,118
43.44,0.02815505140379968,0.006213219712225213,0.0007916926907501004,0.0,0.0,0.026874026179277224,118
43.46,0.0281670899106498,0.006210626187438847,0.0007918662504122976,0.0,0.0,0.026886500606738886,118
43.480000000000004,0.028178760824466638,0.006207958200834157,0.0007920385262946707,0.0,0.0,0.026898678348147225,118
43.5,0.028190291310403005,0.006205216656626443,0.0007922095186601141,0.0,0.0,0.026910557914838602,118
43.52,0.02820297012189001,0.0062024024611101,0.0007923792277497286,0.0,0.0,0.026922138368512514,118
43.54,0.02821582015215029,0.0061995165211718994,0.0007925476537835678,0.0,0.0,0.026933419287080287,118
43.56,0.028228345447099772,0.006196559742910601,0.0007927148356995237,0.0,0.0,0.02694440073204765,118
43.58,0.02824054571450603,0.0061935330303575075,0.0007928808129176035,0.0,0.0,0.026955083217554663,118
43.6,0.02825242106015609,0.006190437284292487,0.0007930584368288353,0.0,0.0,0.02696546768114134,118
43.62,0.028263971959570814,0.00618727340114976,0.0007932419262479024,0.0,0.0,0.026975555456266277,118
43.64,0.0282751992314285,0.00618404227200777,0.0007934241005210533,0.0,0.0,0.026985348246567523,118
43.660000000000004,0.028286104012653114,0.006180744781657558,0.0007936049597351962,0.0,0.0,0.026994848101823135,118
43.68,0.0282966877351014,0.006177381807744224,0.0007937845039620164,0.0,0.0,0.027004057395547888,118
43.7,0.028306952103758755,0.006173954219976312,0.0007939627332586558,0.0,0.0,0.027012978804138194,118
43.72,0.02831689907634016,0.00617046287939822,0.0007941396476683922,0.0,0.0,0.027021615287463743,118
43.74,0.028326530844176596,0.006166908637721107,0.0007943152472213033,0.0,0.0,0.027029970070788754,118
43.76,0.028335849814256277,0.006163292336708073,0.0007944895319349344,0.0,0.0,0.027038046627894788,118
43.78,0.028344858592279656,0.00615961480760981,0.0007946625018149504,0.0,0.0,0.027045848665266364,118
43.800000000000004,0.0283535599665791,0.006155876870647315,0.0007948341568557873,0.0,0.0,0.02705338010719319,118
43.82,0.028362106254906295,0.006152079334538684,0.000795004497041278,0.0,0.0,0.027060645081633066,118
43.84,0.02837064141444288,0.006148222996067402,0.0007951735223452762,0.0,0.0,0.027067647906672144,118
43.86,0.02837909493668971,0.006144320482186633,0.0007953412327322557,0.0,0.0,0.02707439307741276,118
43.88,0.02838750304746923,0.006140375971661948,0.0007955076281578973,0.0,0.0,0.027080885253112728,118
43.9,0.028395618739149007,0.006136374842795059,0.0007956727085696458,0.0,0.0,0.027087129244391592,118
43.92,0.028403445586290963,0.006132317841431014,0.0007958364739072348,0.0,0.0,0.02709313000031698,118
43.94,0.02841098724352228,0.006128205699885976,0.0007959989241032057,0.0,0.0,0.027098892595176827,118
43.96,0.02841824743009123,0.006124039136736619,0.0007961600590833581,0.0,0.0,0.027104422214744687,119
43.980000000000004,0.028425229913638026,0.006119818856646118,0.000796319878767189,0.0,0.0,0.027109724141842,119
44.0,0.028431938492987977,0.006115545550228012,0.0007964783830682693,0.0,0.0,0.027114803741008494,120
44.02,0.028439048146959574,0.006111219893949574,0.000796635571894585,0.0,0.0,0.02711966644209864,120
44.04,0.028446304906222204,0.006106842550076842,0.0007967914636427359,0.0,0.0,0.027124317722637875,120
44.06,0.02845332557925053,0.006102414166663818,0.0007969461712806397,0.0,0.0,0.027128763088794836,120
44.08,0.02846011469927018,0.006097942357899921,0.0007970995646199614,0.0,0.0,0.027133008054856668,121
44.1,0.028466676754979596,0.006093445690591694,0.0007972516435800987,0.0,0.0,0.027137058121137165,121
44.12,0.028473016165731637,0.0060888997820148566,0.0007974375226466804,0.0,0.0,0.027140918750299236,121
44.14,0.028479847858638836,0.0060850299046557345,0.0007976241742788245,0.0,0.0,0.027144595342141493,121
44.160000000000004,0.028486838049302986,0.006081198006155037,0.0007978094907490086,0.0,0.0,0.02714809320697358,121
44.18,0.02849364459898571,0.006077316290308514,0.0007979934716098741,0.0,0.0,0.027151417537798015,121
44.2,0.02850027218015178,0.006073385314085156,0.0007981761164100966,0.0,0.0,0.027154573381615997,122
44.22,0.028506725282592734,0.00606940562205174,0.0007983574247263306,0.0,0.0,0.027157565610280196,123
44.24,0.028513008184184663,0.0060653777468926305,0.0007985373962548703,0.0,0.0,0.027160398891431483,123
44.26,0.028519124922356455,0.006061302209996712,0.0007987160303407478,0.0,0.0,0.027163077660158595,123
44.28,0.028525079267007036,0.006057179522109444,0.0007988933265119538,0.0,0.0,0.027165977352360822,123
44.300000000000004,0.02853087469568379,0.006053010184046376,0.000799069284289747,0.0,0.0,0.02716876524634444,123
44.32,0.028536514371880935,0.006048794687462536,0.0007992439031879143,0.0,0.0,0.0271714098121776,123
44.34,0.028542001127331764,0.00604453351567018,0.0007994171827120123,0.0,0.0,0.027173914313071125,123
44.36,0.02854733744912947,0.006040227144495456,0.0007995891223585991,0.0,0.0,0.02717661614593807,123
44.38,0.028552525472430677,0.006035876043162613,0.0007997597216144714,0.0,0.0,0.027179248552868455,123
44.4,0.028557566979361418,0.006031480675192714,0.0007999289799559428,0.0,0.0,0.027181748179489148,123
44.42,0.02856246340456201,0.006027041499302521,0.0008000968968481583,0.0,0.0,0.027184116929964357,123
44.44,0.028567215847585287,0.006022558970288214,0.0008002634717444891,0.0,0.0,0.027186356383639563,123
44.46,0.028571825092109534,0.006018033539878258,0.0008004287040860243,0.0,0.0,0.027188467814595222,123
44.480000000000004,0.02857629163166665,0.0060134656576180225,0.0008005925933011525,0.0,0.0,0.02719045221773121,123
44.5,0.028580615701320304,0.006008855773931503,0.0008007551388052804,0.0,0.0,0.02719231034081671,123
44.52,0.02858479731449833,0.006004204333381727,0.0008009163400006776,0.0,0.0,0.027194042721709454,123
44.54,0.028588836303982547,0.0059995117828149985,0.0008010761962764631,0.0,0.0,0.02719564972974749,123
44.56,0.028592732365917407,0.005994778569910088,0.0008012347070087293,0.0,0.0,0.02719713161017439,123
44.58,0.028596485105616735,0.005990005142882646,0.000801391871615245,0.0,0.0,0.027198488530377436,123
44.6,0.028600094083931677,0.005985191950865478,0.0008015476895678417,0.0,0.0,0.027199720626701437,123
44.62,0.02860355886298741,0.005980339442753668,0.0008017021600306769,0.0,0.0,0.02720082805064611,123
44.64,0.028606879050196314,0.00597544806850085,0.0008018552823317119,0.0,0.0,0.02720197792804099,123
44.660000000000004,0.028610054339598564,0.005970518280060988,0.0008020071685278863,0.0,0.0,0.027203417237081782,123
44.68,0.028613084549752307,0.005965550530395681,0.0008021577484732238,0.0,0.0,0.02720473197416693,123
44.7,0.028615969657580058,0.005960545273270522,0.000802306980035634,0.0,0.0,0.027205922766572785,123
44.72,0.02861870982776898,0.005955528867514278,0.0008024548625335669,0.0,0.0,0.0272069904457532,123
44.74,0.028621711815609293,0.005950477691007564,0.0008026013952784729,0.0,0.0,0.02720793607261975,123
44.76,0.02862474601083914,0.005945390315978738,0.0008027465775758231,0.0,0.0,0.027208760958091938,123
44.78,0.02862763628443181,0.00594026719609083,0.000802890408726154,0.0,0.0,0.02720946667897732,123
44.800000000000004,0.028630388752365267,0.005935108783872988,0.0008030328880261062,0.0,0.0,0.027210055089342915,123
44.82,0.028633314869950983,0.005929915530222065,0.0008031740147694671,0.0,0.0,0.027210528327609257,123
44.84,0.028636623486696697,0.0059246878838899505,0.000803313788248207,0.0,0.0,0.027210888819645045,123
44.86,0.02863989527945523,0.00591942629096492,0.0008034522077534807,0.0,0.0,0.02721113927815771,123
44.88,0.028643030214771537,0.005914131194354473,0.0008035892725766233,0.0,0.0,0.02721128269867264,123
44.9,0.028646030722766332,0.00590880303327613,0.000803724982010124,0.0,0.0,0.027211322352375972,123
44.92,0.028648899476217345,0.005903442242761915,0.0008038593353485656,0.0,0.0,0.0272112617760625,123
44.94,0.028651639377015186,0.00589804925318139,0.0008039923320495995,0.0,0.0,0.027211104759393513,123
44.96,0.028654253540053992,0.005892624489787456,0.0008041239714735547,0.0,0.0,0.027210855329623515,123
44.980000000000004,0.02865674527467076,0.005887168372288444,0.000804254252708449,0.0,0.0,0.027210517733911907,123
45.0,0.028659118063704893,0.005881681764952033,0.0008043831750663405,0.0,0.0,0.027210401178085247,123
45.02,0.028661375540215056,0.00587618870322218,0.0008045107378658686,0.0,0.0,0.027210289657899074,123
45.04,0.028663521461857123,0.005870665454816191,0.0008046369404331069,0.0,0.0,0.027210103348032273,123
45.06,0.02866555968291198,0.00586511241368364,0.0008047617821024529,0.0,0.0,0.027209847152141326,123
45.08,0.02866749412393965,0.005859529966578345,0.0008048852622175069,0.0,0.0,0.027209526070611553,123
45.1,0.028669328739041846,0.00585392079591004,0.0008050073801319717,0.0,0.0,0.027209145168959958,123
45.12,0.02867106748073261,0.005848297198029619,0.0008051281352105654,0.0,0.0,0.027208709543900436,123
45.14,0.028672714262448846,0.005844672764038195,0.0008052475268299717,0.0,0.0,0.027208224287105974,123
45.160000000000004,0.02867427291877857,0.005841035954487084,0.0008053655543798018,0.0,0.0,0.027207694446748937,123
45.18,0.02867574716355038,0.0058373652174865,0.0008054822172636099,0.0,0.0,0.027207124986966324,123
45.2,0.028677140546000842,0.005834164169701009,0.0008055975148999269,0.0,0.0,0.02720652074546997,123
45.22,0.028678457398617522,0.005831906543076013,0.0008057114467233296,0.0,0.0,0.027206042839270066,123
45.24,0.028679710633212195,0.005829612539293246,0.0008058240121855564,0.0,0.0,0.027205770977213647,123
45.26,0.028680892263050272,0.0058272824286846525,0.0008059352107566436,0.0,0.0,0.02720547717414892,123
45.28,0.0286820047155475,0.005824916476142829,0.0008060450419260925,0.0,0.0,0.027205165314302938,123
45.300000000000004,0.02868306102825364,0.005822514939237804,0.0008061535052040635,0.0,0.0,0.027204838930211844,123
45.32,0.02868405387512282,0.005820078068142053,0.0008062606001225815,0.0,0.0,0.02720450115937202,123
45.34,0.028684982334480132,0.005817606109498671,0.0008063663262367391,0.0,0.0,0.02720415470337298,123
45.36,0.02868584698013489,0.005815099303706007,0.0008064706831259054,0.0,0.0,0.027203801790472538,123
45.38,0.028686647824761845,0.005812836134146791,0.000806573670394902,0.0,0.0,0.027203444142603818,123
45.4,0.028687384289979367,0.00581175010682999,0.0008066752876751509,0.0,0.0,0.02720332812539256,123
45.42,0.028688055182642322,0.005810626425004065,0.0008067755346257751,0.0,0.0,0.027203666947861024,123
45.44,0.028688658678174765,0.005809465294268887,0.0008068744109346219,0.0,0.0,0.027204278484394745,123
45.46,0.028689192311624978,0.0058082669172761295,0.0008069719163192259,0.0,0.0,0.02720488541586174,123
45.480000000000004,0.028689961379831715,0.005807031494209787,0.0008070680505276645,0.0,0.0,0.02720548665716474,123
45.5,0.028690793256367034,0.005805906114839744,0.0008071628133393174,0.0,0.0,0.027206080560541163,123
45.52,0.02869154348192889,0.005805183868474014,0.0008072847797544546,0.0,0.0,0.027206664935054085,123
45.54,0.028692207108637704,0.005804423867103619,0.0008074075303782502,0.0,0.0,0.027207237074625835,123
45.56,0.028692778629374544,0.00580362630588441,0.0008075288533267153,0.0,0.0,0.027207793794185316,123
45.58,0.028693252017874746,0.005802791379745681,0.0008076487481071805,0.0,0.0,0.027208331473252006,123
45.6,0.028693620775226903,0.0058019192837405285,0.0008077900921602922,0.0,0.0,0.027208846106064666,123
45.62,0.028693878785866014,0.005801010213349777,0.0008079537075278056,0.0,0.0,0.027209333357178348,123
45.64,0.028694029991922283,0.005800064364734467,0.000808118903588676,0.0,0.0,0.02720978862131055,123
45.660000000000004,0.028694054844098035,0.0057990819349330305,0.0008083158897772523,0.0,0.0,0.027210207086126353,123
45.68,0.028693945506098315,0.005798063122000479,0.0008085112949394737,0.0,0.0,0.027210583796611152,123
45.7,0.028693693956077074,0.005797008125088149,0.0008087051189220384,0.0,0.0,0.02721091371969243,123
45.72,0.02869332960457307,0.005795917144463864,0.0008088973616114308,0.0,0.0,0.027211191807834722,123
45.74,0.028694805366143054,0.005794790381473405,0.0008090880229333111,0.0,0.0,0.027211413060435157,124
45.76,0.02869637195095245,0.005793628038445386,0.0008092771028518584,0.0,0.0,0.027211572581990005,124
45.78,0.0286978259761164,0.00579243031854248,0.0008094734131918748,0.0,0.0,0.027211665636166824,124
45.800000000000004,0.02869916176002982,0.005791197425562776,0.0008096957301448359,0.0,0.0,0.027211687695100538,124
45.82,0.028700768962643154,0.005789929563695671,0.0008099164191951103,0.0,0.0,0.02721163448341837,124
45.84,0.028702396202627677,0.0057886269372371514,0.0008101354802612843,0.0,0.0,0.027211502016679715,124
45.86,0.028703888867675012,0.005787289750269622,0.0008103529236731655,0.0,0.0,0.027211286634091506,124
45.88,0.028705242360503227,0.00578591820631159,0.0008105688620120962,0.0,0.0,0.02721098502550773,124
45.9,0.02870645241908628,0.005784513957171523,0.0008107831731976966,0.0,0.0,0.027210594252853382,124
45.92,0.02870751513126845,0.005783995458760445,0.000810995857297694,0.0,0.0,0.027210111766215992,124
45.94,0.028708426944298364,0.005784050990989771,0.0008112069144153113,0.0,0.0,0.02720953541492311,124
45.96,0.028709184669651864,0.0057840689449342,0.0008114163446886045,0.0,0.0,0.02720907294371851,124
45.980000000000004,0.028709785483538232,0.005784049504681887,0.0008116242159776492,0.0,0.0,0.027208690451474074,124
46.0,0.028710226923489405,0.005783992851596307,0.0008118306525247111,0.0,0.0,0.027208209619962204,124
46.02,0.02871050688142454,0.005783899163885518,0.0008120354656122836,0.0,0.0,0.02720762991956082,124
46.04,0.028710623593551286,0.005784793118025107,0.0008122386555083321,0.0,0.0,0.027206951213608603,124
46.06,0.028710575627430568,0.005785851970587012,0.0008124402225122961,0.0,0.0,0.02720617374748833,124
46.08,0.02871036186649011,0.0057868711564607175,0.0008126401669545519,0.0,0.0,0.027205298135252846,124
46.1,0.028710269988190526,0.005787850840707751,0.0008128386295884082,0.0,0.0,0.02720432534403002,124
46.12,0.028710215435500747,0.0057887911832561235,0.0008130355878681396,0.0,0.0,0.02720325667640064,124
46.14,0.02870999279124726,0.005789692338568451,0.0008132309274653862,0.0,0.0,0.027202093750888643,124
46.160000000000004,0.028709602003880227,0.005790554455336751,0.0008134246488253132,0.0,0.0,0.02720083848066616,124
46.18,0.028709043228531437,0.005791377676207367,0.0008136167524210706,0.0,0.0,0.0271994930505315,124
46.2,0.028708316799520354,0.005792162137539501,0.000813807238753298,0.0,0.0,0.02719805989219555,124
46.22,0.028707423201050367,0.005792907969200994,0.0008139961083496078,0.0,0.0,0.027196541657888377,124
46.24,0.02870636303609545,0.00579361529634943,0.0008141833617640698,0.0,0.0,0.027194941192291336,124
46.26,0.02870513699348766,0.00579428423361232,0.000814368999576649,0.0,0.0,0.02719326150281057,124
46.28,0.028703745813233393,0.005794914890459995,0.0008145530223926442,0.0,0.0,0.027191505728224926,124
46.300000000000004,0.028702190250129173,0.005795507369632316,0.0008147354308420804,0.0,0.0,0.027189677105783832,124
46.32,0.028700471035802817,0.005796061767050555,0.0008149319200155518,0.0,0.0,0.027187778936885586,124
46.34,0.028698588839375812,0.005796578171917545,0.0008151565870016493,0.0,0.0,0.02718581455153576,124
46.36,0.02869654422703904,0.0057970566668809976,0.0008153833201698953,0.0,0.0,0.027183787271881105,124
46.38,0.028694337620927126,0.005797497328262395,0.0008156406265738928,0.0,0.0,0.027181700375206796,124
46.4,0.02869196925779665,0.005797900226352912,0.0008158962545880541,0.0,0.0,0.027179557056903253,124
46.42,0.028689439148122033,0.005798265425776811,0.0008161501317596664,0.0,0.0,0.027177360394016453,124
46.44,0.028686747036338583,0.005798592985921258,0.00081640240979576,0.0,0.0,0.02717511331010924,124
46.46,0.028683892363057597,0.0057988829614298906,0.0008166530380670853,0.0,0.0,0.027172818542254597,124
46.480000000000004,0.028680874230154616,0.005799135402755756,0.0008169019200250264,0.0,0.0,0.0271704786110554,124
46.5,0.02867769136967392,0.005799350356767127,0.0008171490563793995,0.0,0.0,0.027168095794624324,124
46.52,0.028674408189179785,0.005799527867397764,0.0008173944478613828,0.0,0.0,0.027165672107450356,124
46.54,0.02867133654985211,0.005799667976331121,0.000817638095222429,0.0,0.0,0.027163209285024754,124
46.56,0.02866809334265805,0.005800856477785066,0.0008179184638900283,0.0,0.0,0.02716070877498349,124
46.58,0.028664675617441886,0.005803179894494313,0.000818201622534948,0.0,0.0,0.027158171735356746,124
46.6,0.02866107998592132,0.005805457820260042,0.0008184829432773228,0.0,0.0,0.027155599040292158,124
46.62,0.02865730262951056,0.005807690175030159,0.000818762426955185,0.0,0.0,0.027152991293358315,124
46.64,0.028653994895038358,0.005809876878173067,0.0008190400744245102,0.0,0.0,0.02715034884824393,124
46.660000000000004,0.02865207860566283,0.005812017848962896,0.0008193158865584871,0.0,0.0,0.02714801528646481,124
46.68,0.028650048060568218,0.005814113006994592,0.000819589864246861,0.0,0.0,0.027145694838546574,124
46.7,0.028647901094456443,0.005816162272516444,0.0008198620083954086,0.0,0.0,0.02714363718789322,124
46.72,0.02864563537459404,0.005818165566670042,0.0008201323199255322,0.0,0.0,0.027141670756647068,124
46.74,0.028643248443743566,0.00582012281163035,0.0008204007997739631,0.0,0.0,0.02713966785946555,125
46.76,0.0286407377641336,0.005822033930641855,0.0008206674488925932,0.0,0.0,0.02713762810678616,125
46.78,0.02863810076105474,0.005823898847949859,0.0008209322682484179,0.0,0.0,0.027136079134812915,125
46.800000000000004,0.028635334864738522,0.00582571748862937,0.0008211952588235795,0.0,0.0,0.027134537190119618,125
46.82,0.028632437549310965,0.005827489778317003,0.0008214564216155139,0.0,0.0,0.02713295673861958,125
46.84,0.0286294063677774,0.005829215642854229,0.0008217157576371843,0.0,0.0,0.02713133777272823,125
46.86,0.028626238982190633,0.005831833068334707,0.0008219877328983136,0.0,0.0,0.027129680474258535,126
46.88,0.028622933188361947,0.0058350228657401935,0.0008222701954958894,0.0,0.0,0.02712798524248501,126
46.9,0.0286194869346692,0.005838161657449339,0.0008225508174675677,0.0,0.0,0.027126252716459676,126
46.92,0.02861589833470476,0.005841249348877137,0.0008228295995478959,0.0,0.0,0.02712448379133034,126
46.94,0.02861216567366196,0.0058442858443497545,0.0008231065424916657,0.0,0.0,0.027122679628568236,126
46.96,0.02860828740849872,0.00584727104320587,0.000823381647074557,0.0,0.0,0.027120841660151968,126
46.980000000000004,0.02860429940086064,0.005850204841077663,0.0008236549140937956,0.0,0.0,0.027118971586856788,126
47.0,0.02860070651741678,0.005853087130250235,0.0008239263562087482,0.0,0.0,0.02711707137088521,126
47.02,0.028596963519818414,0.0058559177984325835,0.0008241961859950343,0.0,0.0,0.027115143223132493,126
47.04,0.028593069436094205,0.005858696728338157,0.000824464182904949,0.0,0.0,0.02711352692690897,126
47.06,0.028589023380960574,0.005861423797342081,0.0008247303478217658,0.0,0.0,0.02711195365306115,126
47.08,0.028584824523917883,0.005864098878421824,0.0008249946816535577,0.0,0.0,0.027110359893278407,126
47.1,0.028580472053344033,0.005866721837109236,0.0008252571853339993,0.0,0.0,0.027108748631571346,126
47.12,0.028575965137091593,0.005869292533016098,0.0008255178598231918,0.0,0.0,0.02710712296993365,126
47.14,0.028571304280778705,0.0058718108207624865,0.0008257767061085101,0.0,0.0,0.027105486092087495,126
47.160000000000004,0.02856649716370276,0.00587427654954162,0.0008260337252055001,0.0,0.0,0.02710384122522851,126
47.18,0.02856153259881054,0.0058766895635023264,0.0008262889181587915,0.0,0.0,0.0271021916005143,126
47.2,0.02855640922963879,0.005879049702280355,0.0008265422860430566,0.0,0.0,0.02710054041313948,126
47.22,0.028551125452536897,0.005881356801679457,0.0008267938299639911,0.0,0.0,0.02709889078293823,126
47.24,0.028545990793533392,0.005883610694499547,0.000827043551059323,0.0,0.0,0.027097245716544913,126
47.26,0.02854083446326175,0.005885811211505101,0.0008272914504998541,0.0,0.0,0.02709560807221922,126
47.28,0.028535510396820892,0.005887958182522552,0.0008275375294904974,0.0,0.0,0.027093980528480638,126
47.300000000000004,0.02853001557677522,0.005890051437650758,0.0008277817892713268,0.0,0.0,0.02709244142501082,126
47.32,0.02852489734591888,0.005892090808564007,0.0008280242311186257,0.0,0.0,0.027091228582045077,126
47.34,0.028520271752473875,0.005894076129882585,0.0008282648563458973,0.0,0.0,0.02709003210606145,126
47.36,0.028515502838358023,0.005896007240582001,0.0008285036663048482,0.0,0.0,0.02708885375792472,126
47.38,0.02851058021174888,0.0058978839854088,0.0008287406623863056,0.0,0.0,0.027087695056097927,126
47.4,0.0285056283632367,0.005899909748177245,0.0008289758729601983,0.0,0.0,0.02708655728823176,126
47.42,0.028500863471250425,0.005903375146766055,0.0008292093591351844,0.0,0.0,0.027085441531379394,126
47.44,0.02849593536892975,0.005906780280191063,0.0008294410371622257,0.0,0.0,0.027084348680442967,126
47.46,0.02849124528537483,0.00591012496078541,0.0008296710154249117,0.0,0.0,0.027083279484122705,126
47.480000000000004,0.02848907808856468,0.005913409011472323,0.0008299106232207911,0.0,0.0,0.027082234587339243,126
47.5,0.028487468046690178,0.005916632266697833,0.0008301724959713381,0.0,0.0,0.027081214578848142,126
47.52,0.028485793176936558,0.00591979909778099,0.0008304325235777212,0.0,0.0,0.0270802200425904,126
47.54,0.028484051524066238,0.005922916688536365,0.0008306907076604226,0.0,0.0,0.027079251611227935,126
47.56,0.02848224114225242,0.005925973012753433,0.000830947049886522,0.0,0.0,0.027078310020303187,126
47.58,0.028480360144386953,0.005928967951417972,0.0008312015519694116,0.0,0.0,0.02707739616152988,126
47.6,0.02847883588587525,0.005931901396612287,0.0008314542156683952,0.0,0.0,0.027076511133862814,126
47.62,0.028477276824721096,0.0059347732508785245,0.0008317050427881368,0.0,0.0,0.027075656291180517,126
47.64,0.028475641673798152,0.005937583426391277,0.0008319540351780229,0.0,0.0,0.02707483328563906,126
47.660000000000004,0.028473929210450152,0.005940331843959957,0.0008322011947314018,0.0,0.0,0.02707404410598664,126
47.68,0.02847352496286744,0.005943018431884163,0.000832446523384757,0.0,0.0,0.02707329111035929,126
47.7,0.028473379905223733,0.005945643124686924,0.0008326900231167894,0.0,0.0,0.02707257705328751,126
47.72,0.028473208903946754,0.005948205861751476,0.0008329316959474354,0.0,0.0,0.027071905106822308,126
47.74,0.028473013733282603,0.005950706585887359,0.0008331715439368337,0.0,0.0,0.02707127887583353,126
47.76,0.028472796547674276,0.005953376076810436,0.0008334095691842305,0.0,0.0,0.027070702407635813,126
47.78,0.028472559883298127,0.005956440723502603,0.0008336457738268361,0.0,0.0,0.02707018019616528,126
47.800000000000004,0.028472306654279373,0.005959773608551869,0.0008338801600386549,0.0,0.0,0.0270697171809612,126
47.82,0.028472040143838244,0.0059633825659966095,0.0008341127300292311,0.0,0.0,0.02706931874121123,126
47.84,0.028471763990597854,0.005966924051126914,0.0008343434860423698,0.0,0.0,0.02706899068509799,126
47.86,0.0284714821702508,0.00597039803891725,0.0008345726235120975,0.0,0.0,0.02706873923465145,126
47.88,0.02847119897273635,0.005973804497050214,0.0008348000657194281,0.0,0.0,0.027068571006266775,126
47.9,0.028470919726331357,0.0059771433847170385,0.0008350257674101638,0.0,0.0,0.027068492987001817,126
47.92,0.028470659097823488,0.005980414651525626,0.0008352496675677624,0.0,0.0,0.027068512506726098,127
47.94,0.02847151245833057,0.005983618236530204,0.0008354717685780822,0.0,0.0,0.02706863720615924,127
47.96,0.028472944802525813,0.005986754067395956,0.0008356920728511383,0.0,0.0,0.027068875000817068,127
47.980000000000004,0.028474433291106317,0.005989822059711583,0.0008359106299574651,0.0,0.0,0.027069234040881077,127
48.0,0.0284759844451949,0.005992822116462021,0.0008361274767807045,0.0,0.0,0.027069722667023906,127
48.02,0.028477604862003278,0.005995754127673141,0.0008363450943754041,0.0,0.0,0.027070349362263185,127
48.04,0.028479301159850857,0.0059986179702394135,0.0008365803458651379,0.0,0.0,0.027071122699977815,127
48.06,0.028481079919409825,0.006001413507944513,0.0008368137759030787,0.0,0.0,0.027072051288304175,127
48.08,0.028482947621493043,0.006004140591683701,0.0008370453870483963,0.0,0.0,0.02707314371123573,127
48.1,0.02848491058181363,0.0060067990598949685,0.0008372751818681515,0.0,0.0,0.02707440846686132,127
48.120000000000005,0.028486974883281783,0.006009388739203928,0.0008375031629339622,0.0,0.0,0.027075853903313987,127
48.14,0.028489146306529486,0.0060119094452847355,0.0008377293328184293,0.0,0.0,0.027077488153126224,127
48.160000000000004,0.028491430259474555,0.0060143609839362145,0.000837953694091322,0.0,0.0,0.02707931906680738,127
48.18,0.028493837821499536,0.006016743152368761,0.000838176249315553,0.0,0.0,0.027081354146573866,127
48.2,0.028496373012385792,0.006019055740693566,0.000838397001042956,0.0,0.0,0.02708360048122958,127
48.22,0.028499034085939363,0.006021367877926115,0.0008386159518099054,0.0,0.0,0.027086064683245824,127
48.24,0.028501824269811883,0.006024390020436496,0.0008388331041328439,0.0,0.0,0.027088752829089322,127
48.26,0.02850609882112631,0.006027338898838454,0.000839048460503789,0.0,0.0,0.027091670403803603,127
48.28,0.028510860943909654,0.006030960065312658,0.0008392620233858988,0.0,0.0,0.02709482225076662,127
48.300000000000004,0.028515810612063524,0.006035357447911694,0.0008394737952092196,0.0,0.0,0.027098212527422852,127
48.32,0.028520949815245195,0.006039674814145345,0.00083968377836674,0.0,0.0,0.027101844667636595,127
48.34,0.028526279733040994,0.006043912009670816,0.0008398919752108892,0.0,0.0,0.027105721351149796,127
48.36,0.02853180070917198,0.006048068888165693,0.0008400983880506394,0.0,0.0,0.02710984448045472,127
48.38,0.028537512233198607,0.0060521453135749265,0.0008403030191493692,0.0,0.0,0.027114215165241547,127
48.4,0.02854341292975654,0.006056141162265524,0.0008405059759084598,0.0,0.0,0.02711883371444375,127
48.42,0.028549500555264715,0.006060056325051582,0.0008407431432945539,0.0,0.0,0.02712369963581224,127
48.44,0.028555772001975507,0.006063890709054709,0.0008409785199418402,0.0,0.0,0.02712881164287848,127
48.46,0.028562223309212945,0.006067644239368242,0.0008412121080435138,0.0,0.0,0.027134167669143443,127
48.480000000000004,0.02856884968163677,0.006071316860497995,0.000841443909738798,0.0,0.0,0.027139764889322716,127
48.5,0.028575645514380202,0.006074908537557196,0.0008416739271185116,0.0,0.0,0.027146122040684905,127
48.52,0.028582604424923375,0.006078419257198846,0.0008419021622321421,0.0,0.0,0.027152715278409425,127
48.54,0.02858971929155912,0.006081849028274698,0.0008421286170963273,0.0,0.0,0.027159536294379404,127
48.56,0.028596982298285643,0.006085197882216087,0.0008423771820221526,0.0,0.0,0.02716657957667002,127
48.58,0.028604384985894175,0.006088465873138021,0.0008426377848513174,0.0,0.0,0.027173839061319496,127
48.6,0.02861191830892055,0.0060916530776737605,0.0008428966114323885,0.0,0.0,0.02718130819245142,127
48.620000000000005,0.028619572697982,0.006094759594552582,0.0008431537469809798,0.0,0.0,0.027188979987849124,127
48.64,0.02862733812684268,0.006097785543938329,0.0008434091355617035,0.0,0.0,0.027196847109344884,127
48.660000000000004,0.028635204183343175,0.006100731066550528,0.0008436975014255666,0.0,0.0,0.02720490193717982,127
48.68,0.028643160143112422,0.0061035963225931624,0.0008439915112419435,0.0,0.0,0.027213136647274323,127
48.7,0.02865119504477162,0.006106381490518779,0.0008442837130896797,0.0,0.0,0.02722154329013903,128
48.72,0.028659297765151553,0.006109086765657125,0.0008445741084190584,0.0,0.0,0.02723011386996626,128
48.74,0.028667457092906704,0.006111712358738346,0.0008448626589668116,0.0,0.0,0.027238840422299505,128
48.76,0.028675661798824553,0.0061142584943407125,0.0008451493674705745,0.0,0.0,0.027247715088588687,128
48.78,0.028683900701117756,0.006116725411405593,0.0008454342367697364,0.0,0.0,0.027256730185921278,128
48.800000000000004,0.028692162724045987,0.0061191133554447845,0.0008457172698106744,0.0,0.0,0.027265878270270348,128
48.82,0.028701512989583296,0.006121439405772997,0.0008459985085025769,0.0,0.0,0.027275152191732065,128
48.84,0.028711773281393033,0.00612370281023736,0.0008462779687252192,0.0,0.0,0.02728454514041421,128
48.86,0.02872209493519539,0.0061258879706984305,0.0008465556034453822,0.0,0.0,0.027294050681897192,128
48.88,0.028732477526706813,0.00612799516156078,0.0008468314160595361,0.0,0.0,0.02730366278148184,128
48.9,0.028742910920576112,0.006130024660351904,0.0008471054100744243,0.0,0.0,0.02731337581676992,128
48.92,0.028753384279414915,0.006131976746471828,0.000847377589103946,0.0,0.0,0.027323184578469918,128
48.94,0.028763891173588154,0.006133851700061131,0.0008476479568651413,0.0,0.0,0.027333084259667483,128
48.96,0.02877442550195014,0.0061356498009973795,0.0008479165171734317,0.0,0.0,0.02734307043414459,128
48.980000000000004,0.028784981457282786,0.006137371328027802,0.0008481832739372915,0.0,0.0,0.027353139024648844,128
49.0,0.02879555348269261,0.0061390165580435495,0.0008484482311525134,0.0,0.0,0.02736328626231509,128
49.02,0.02880613622043185,0.006140585765498772,0.0008487113928962132,0.0,0.0,0.02737350863869871,128
49.04,0.028816724454831036,0.006142079221975259,0.0008489727917568115,0.0,0.0,0.02738380285210255,128
49.06,0.02882783049671804,0.006143497195891174,0.0008492325793857298,0.0,0.0,0.027394165750049066,128
49.08,0.028838962097597624,0.00614483995234987,0.000849490729549226,0.0,0.0,0.027404594269867664,128
49.1,0.028850083018225378,0.006146107753122499,0.0008497471282536943,0.0,0.0,0.0274150853794214,128
49.120000000000005,0.02886118799011498,0.006147300856755617,0.0008500017550849968,0.0,0.0,0.027425636019978442,128
49.14,0.02887227158090648,0.0061484502447401584,0.00085025461447426,0.0,0.0,0.027436243053147662,128
49.160000000000004,0.028883328142711124,0.006149544693926617,0.000850505710893508,0.0,0.0,0.027446903213623385,128
49.18,0.028894351767609884,0.006150565104722758,0.0008507550488509433,0.0,0.0,0.027457613069241393,128
49.2,0.028905709945564302,0.006151511726056642,0.0008510026328865921,0.0,0.0,0.027468368989524858,128
49.22,0.028917867837572463,0.006152390308716895,0.0008512484675682961,0.0,0.0,0.02747916712351952,128
49.24,0.028930004883009532,0.00615322485083609,0.000851492557488059,0.0,0.0,0.027490003387292797,128
49.26,0.0289436766027139,0.006153986280152786,0.0008517427276959949,0.0,0.0,0.027500873461023315,128
49.28,0.028957459980368493,0.006154674844033967,0.0008520185867763651,0.0,0.0,0.027511772795168338,128
49.300000000000004,0.028971256562985496,0.006155290790866794,0.0008522926795484513,0.0,0.0,0.027522696624787738,128
49.32,0.028985061227756573,0.006155834370592562,0.0008525650107480857,0.0,0.0,0.027533639990756986,128
49.34,0.02899886868082155,0.006156305835200675,0.000852835585124859,0.0,0.0,0.027544597766346254,128
49.36,0.029012673487135664,0.006156705439174946,0.0008531044074399271,0.0,0.0,0.027555720546824015,128
49.38,0.029026470102311026,0.006157033439887308,0.0008533714824640088,0.0,0.0,0.0275670845312743,128
49.4,0.029040252904785846,0.006157290097937278,0.0008536368149755472,0.0,0.0,0.027578446384561087,128
49.42,0.0290540162268582,0.0061574756774380466,0.0008539004097590157,0.0,0.0,0.02758980062385445,128
49.44,0.029067754383398852,0.0061575904462525905,0.0008541622716033538,0.0,0.0,0.027601141754212497,128
49.46,0.029081461697395585,0.006157634676184855,0.000854422405300535,0.0,0.0,0.0276124642944751,128
49.480000000000004,0.029095132521865606,0.006157608643132268,0.0008546808158961033,0.0,0.0,0.02762376279952031,128
49.5,0.02910876125805854,0.006157512627206215,0.0008549375079857562,0.0,0.0,0.027635031878807764,128
49.52,0.029122342370235744,0.0061573581782681875,0.0008551924863097194,0.0,0.0,0.027646266211495785,128
49.54,0.02913587039762294,0.006157158121509207,0.0008554457556596651,0.0,0.0,0.02765746055873084,128
49.56,0.02914933996436887,0.006156921551834856,0.00085569732082454,0.0,0.0,0.02766860977394338,128
49.58,0.029162745788481097,0.006156616692532574,0.0008559471865896814,0.0,0.0,0.027679708812122512,128
49.6,0.02917608269074887,0.006156243205116872,0.0008561953577360011,0.0,0.0,0.02769075273908097,129
49.620000000000005,0.02918934560459733,0.0061558013964593495,0.0008564418390392737,0.0,0.0,0.027701736741655658,129
49.64,0.029202529587657764,0.0061552915779550105,0.0008566866352694825,0.0,0.0,0.02771265613963014,129
49.660000000000004,0.029215629835595603,0.006154714065491543,0.0008569297511902597,0.0,0.0,0.02772350639992167,129
49.68,0.029228641698449867,0.006154069179387672,0.0008571711915583997,0.0,0.0,0.02773428315328791,129
49.7,0.02924156069941014,0.0061533572442942904,0.0008574109611234434,0.0,0.0,0.027744982213480308,129
49.72,0.029254382555641677,0.006152578589052554,0.0008576490646273296,0.0,0.0,0.027755599598456002,129
49.74,0.029267103200475028,0.006151733546504067,0.0008578855068041079,0.0,0.0,0.027766131552965673,129
49.76,0.029279718806042524,0.0061508224532500645,0.0008581202925615356,0.0,0.0,0.02777657457160066,130
49.78,0.029292225805273457,0.006149845649358471,0.0008583846676880338,0.0,0.0,0.027787213634243878,130
49.800000000000004,0.029304620912076355,0.006148803478020257,0.0008586498124185864,0.0,0.0,0.027798038256679185,130
49.82,0.02931690113853034,0.006147696285159013,0.0008589132431184974,0.0,0.0,0.0278087643128705,130
49.84,0.029329063807980105,0.006146524419000206,0.0008591749645977973,0.0,0.0,0.027819389497587263,130
49.86,0.02934110656306654,0.00614528822960892,0.0008594349816582409,0.0,0.0,0.027829911838211808,130
49.88,0.02935302736791526,0.006143988068406966,0.0008596932990930688,0.0,0.0,0.027840329697436793,130
49.9,0.029364824503926946,0.006142624287681717,0.0008599499216867158,0.0,0.0,0.027850857291542453,131
49.92,0.029376496558856185,0.006141197240100303,0.00086021229218589,0.0,0.0,0.027861531323216712,131
49.94,0.029388042409113684,0.006139726629437714,0.0008604959750926085,0.0,0.0,0.027872097339726117,131
49.96,0.02939946119546224,0.006138204483147608,0.0008607779334088222,0.0,0.0,0.02788255494128183,132
49.980000000000004,0.029410752292504456,0.006136620066846705,0.0008610581719169432,0.0,0.0,0.027892903978661135,132
50.0,0.029421915272556692,0.0061349737305275934,0.0008613366953878699,0.0,0.0,0.027903144517747273,132
50.02,0.029432949864679717,0.0061332658226966805,0.0008616135085798634,0.0,0.0,0.027913276799260284,132
50.04,0.02944416809254192,0.006131496690199653,0.0008618886162372378,0.0,0.0,0.027923301194596795,132
50.06,0.029455405546607503,0.006129666678134649,0.0008621620230888263,0.0,0.0,0.027933218158806415,132
50.08,0.02946651369584004,0.006127776129857976,0.0008624337338462052,0.0,0.0,0.027943028181814433,132
50.1,0.029477492424155444,0.006125825387084754,0.0008627037532016908,0.0,0.0,0.027952731739040417,132
50.120000000000005,0.02948834152991807,0.006123814790084228,0.0008629720858260657,0.0,0.0,0.02796232924256946,132
50.14,0.02949906067781466,0.00612174467796687,0.0008632387363660366,0.0,0.0,0.027971820993999176,132
50.160000000000004,0.029510032759559192,0.006119615389057845,0.0008635037720333921,0.0,0.0,0.027981207140014144,132
50.18,0.029521071111576366,0.006117427261349196,0.0008637671429132334,0.0,0.0,0.027990487631629975,132
50.2,0.029531976438841093,0.0061151806330209425,0.0008640288457366698,0.0,0.0,0.02799966218791156,132
50.22,0.029542747456983792,0.006112875843019735,0.0008642888850317736,0.0,0.0,0.028008730264800948,132
50.24,0.02955338256391984,0.006110513231682366,0.0008645472652858374,0.0,0.0,0.028017691029512477,132
50.26,0.0295638798187113,0.006108093141390763,0.0008648039909412755,0.0,0.0,0.02802654334076396,132
50.28,0.02957423692628066,0.006105615917244738,0.0008650590663912971,0.0,0.0,0.02803534899546024,132
50.300000000000004,0.029584451227908176,0.006103081907738925,0.0008653124959754042,0.0,0.0,0.02804440724780208,132
50.32,0.029594526562921282,0.006100491465431025,0.0008655642839747416,0.0,0.0,0.028053351153857806,132
50.34,0.029604456801856784,0.0060985931068238365,0.0008658144346073366,0.0,0.0,0.02806217825776087,132
50.36,0.029614234114438465,0.006097724870816782,0.0008660629520233065,0.0,0.0,0.028070885782193133,132
50.38,0.029623854399677917,0.0060967885521980535,0.0008663098403000584,0.0,0.0,0.028079470641147745,132
50.4,0.029633313222755572,0.006095784659883873,0.0008665551034375672,0.0,0.0,0.02808792945698824,132
50.42,0.029642605833998775,0.006094714173162807,0.0008667987453538046,0.0,0.0,0.028096258581457645,132
50.44,0.02965172719140668,0.0060936111854595935,0.0008670407698803755,0.0,0.0,0.02810445412031883,132
50.46,0.02966067198642326,0.006092460675323738,0.0008672811807584529,0.0,0.0,0.028112511961326893,132
50.480000000000004,0.029669434672664863,0.006091244592090957,0.0008675199816350859,0.0,0.0,0.02812042780523854,132
50.5,0.029678009497294815,0.006090261457995737,0.0008677571760599265,0.0,0.0,0.02812819719954924,132
50.52,0.02968639053469744,0.0060897458493332016,0.0008679927674824823,0.0,0.0,0.02813581557460903,133
50.54,0.02969457172204955,0.006089161192546015,0.0008682267592499155,0.0,0.0,0.028143278281712994,134
50.56,0.02970254689631907,0.006088508111847593,0.0008684591546054368,0.0,0.0,0.02815058063269433,134
50.58,0.029710311824951412,0.006087787238017791,0.000868689956687335,0.0,0.0,0.02815771794047348,134
50.6,0.029717869984430333,0.006086999208115611,0.0008689191685849779,0.0,0.0,0.02816468555995735,134
50.620000000000005,0.029725203962537253,0.006086144665133971,0.0008691467933100926,0.0,0.0,0.028171478928635283,134
50.64,0.029732307055727946,0.006085224257598269,0.0008693728335469713,0.0,0.0,0.028178093606195328,134
50.660000000000004,0.02973917316383179,0.006084238639111316,0.0008695972920173634,0.0,0.0,0.028184525312496444,134
50.68,0.029745796304751618,0.006083188467848215,0.0008698201713427158,0.0,0.0,0.028190769963270933,134
50.7,0.02975217064426913,0.006082074406005509,0.0008700414740467863,0.0,0.0,0.02819682370300132,134
50.72,0.02975829272643756,0.006080897119209728,0.000870261202558718,0.0,0.0,0.028202682934507964,134
50.74,0.029765849449466187,0.006079657275890957,0.0008704793592164596,0.0,0.0,0.028208344344894665,134
50.76,0.029773655769005324,0.006078355546627563,0.0008706959462705233,0.0,0.0,0.028213804927622294,134
50.78,0.029781245754820638,0.006076992603468316,0.0008709110660148883,0.0,0.0,0.028219062000595194,134
50.800000000000004,0.029788616663218588,0.006075569119238337,0.0008711246242261371,0.0,0.0,0.028224113220266276,134
50.82,0.029795766086577184,0.0060740857668350684,0.0008713366193620881,0.0,0.0,0.028228956591866555,134
50.84,0.02980269195985489,0.0060728776480688165,0.0008715470533711891,0.0,0.0,0.028233590475952024,134
50.86,0.02980939256368392,0.0060719694389603646,0.0008717559281352702,0.0,0.0,0.02823801359153001,134
50.88,0.029815866524352162,0.0060710002420817435,0.0008719632454737671,0.0,0.0,0.028242225016072004,134
50.9,0.029822112811014562,0.006069970746596526,0.0008721690071478472,0.0,0.0,0.02824622418275699,134
50.92,0.029828130730476837,0.006068881637968634,0.0008723732148644072,0.0,0.0,0.028250010875290662,134
50.94,0.02983391991990023,0.0060677335973158735,0.0008725758702799291,0.0,0.0,0.02825358522065169,134
50.96,0.029839965259766694,0.00606652730078462,0.0008727769750041564,0.0,0.0,0.02825694768009421,135
50.980000000000004,0.02984579121856017,0.006065263418948057,0.0008729765306035874,0.0,0.0,0.028260142141406618,135
51.0,0.029851388586879968,0.006063942616229832,0.0008731745386047813,0.0,0.0,0.028263516065636707,135
51.02,0.02985675821999217,0.006062565550354587,0.0008733710004974573,0.0,0.0,0.02826668087550714,135
51.04,0.029861901246295976,0.006061132871826528,0.0008735659177374015,0.0,0.0,0.028269638254666843,135
51.06,0.029866819053332678,0.006059645223436912,0.0008737592917491703,0.0,0.0,0.028272390159304956,135
51.08,0.029871513273288033,0.006058103239801195,0.0008739511239286113,0.0,0.0,0.028274960783531766,135
51.1,0.02987598576805572,0.006056507546926437,0.0008741414156451834,0.0,0.0,0.02827797594055752,135
51.120000000000005,0.02988023861388477,0.006054858761809584,0.0008743301682440957,0.0,0.0,0.02828096251961124,135
51.14,0.029884274085603867,0.006053157492067234,0.0008745173830482846,0.0,0.0,0.028283752881899982,135
51.160000000000004,0.029888094640377408,0.006051404335597679,0.0008747030613602008,0.0,0.0,0.028286350122918528,135
51.18,0.029891702900924355,0.006049599880276089,0.0008748872044634582,0.0,0.0,0.02828875751818129,135
51.2,0.029895101638103393,0.006047744703683965,0.000875069813624314,0.0,0.0,0.028290978506053676,135
51.22,0.029898293752751392,0.006045839372874275,0.0008752508900930021,0.0,0.0,0.028293016669857774,135
51.24,0.029901282256645397,0.00604388444417389,0.0008754304351049296,0.0,0.0,0.028294875719123317,135
51.26,0.029904070252455287,0.006041880463025329,0.0008756084498817362,0.0,0.0,0.02829655946985146,135
51.28,0.029906660912551692,0.006039827963870059,0.0008757849356322202,0.0,0.0,0.028298071823656654,135
51.300000000000004,0.02990905745654531,0.00603772747007597,0.0008759598935531314,0.0,0.0,0.028299416745663594,135
51.32,0.029911263127450734,0.006035579493911872,0.0008761333248298598,0.0,0.0,0.028300598241052907,135
51.34,0.029913281166399155,0.006033384536572064,0.0008763052306369747,0.0,0.0,0.02830162033018091,135
51.36,0.029915114785866014,0.006031143088254288,0.000876475612138668,0.0,0.0,0.0283024870222404,135
51.38,0.029916767141433934,0.006028855628294277,0.0008766444704890824,0.0,0.0,0.028303202287483644,135
51.4,0.02991824130217979,0.006026522625360157,0.0008768118068325176,0.0,0.0,0.02830377002809766,135
51.42,0.02991954021985418,0.0060241445377096775,0.0008769776223035281,0.0,0.0,0.028304194047900962,135
51.44,0.029920666697114857,0.006021721813512825,0.0008771419180269364,0.0,0.0,0.028304478021124763,135
51.46,0.029921623355174645,0.006019661385149071,0.0008773046951177259,0.0,0.0,0.028304625460640054,135
51.480000000000004,0.029922412601332517,0.006019173157327155,0.0008774659546808486,0.0,0.0,0.028304639686100946,135
51.5,0.029923036596959603,0.006018656436248508,0.00087762569781096,0.0,0.0,0.028304523792577047,135
51.52,0.029923497226612222,0.006018108505288615,0.0008777839255920627,0.0,0.0,0.02830428062034859,136
51.54,0.02992379606902708,0.006017512624714319,0.0008779406390970946,0.0,0.0,0.028303912726620698,136
51.56,0.029923934370814607,0.006016868345757082,0.0008780958393874592,0.0,0.0,0.02830342235997445,136
51.58,0.02992391302369399,0.006016176030961469,0.000878249527512522,0.0,0.0,0.028302811438399356,136
51.6,0.02992373254610268,0.006015436038265677,0.0008784017045090895,0.0,0.0,0.028302081531741914,136
51.620000000000005,0.02992339492945252,0.006014648721835095,0.0008785523714008724,0.0,0.0,0.028301233849344843,136
51.64,0.029922908252779826,0.006013814432918887,0.000878701529197968,0.0,0.0,0.028300269233548756,136
51.660000000000004,0.029922261729656997,0.0060129335207162295,0.0008788491788963624,0.0,0.0,0.028299188159569274,136
51.68,0.029921454313862138,0.0060120063332377745,0.0008789953214775019,0.0,0.0,0.028297990742067063,136
51.7,0.02992048458196299,0.006011033218147243,0.0008791399579079056,0.0,0.0,0.028296676748496757,136
51.72,0.029919350752159592,0.0060100145246051485,0.0008792830891388656,0.0,0.0,0.028295245619066788,136
51.74,0.029918216285004462,0.00600895060189561,0.000879424717221529,0.0,0.0,0.02829369649288941,136
51.76,0.029917414975769753,0.0060078418002913634,0.0008795648811469051,0.0,0.0,0.028292028239655327,136
51.78,0.02991723889326669,0.006006688473568853,0.0008797035429261486,0.0,0.0,0.02829023949595907,137
51.800000000000004,0.029916886635726878,0.0060054909785637,0.0008798407034520232,0.0,0.0,0.02828832870523295,137
51.82,0.02991635510056485,0.006004249675609382,0.0008799763636020524,0.0,0.0,0.028286294160144117,137
51.84,0.02991564103913215,0.006002964928877579,0.0008801105242388629,0.0,0.0,0.028284134046256296,137
51.86,0.029914741098956206,0.00600163710661798,0.0008802445904876928,0.0,0.0,0.02828184648578152,137
51.88,0.02991365186489793,0.006000266581297885,0.0008804123048986469,0.0,0.0,0.02827942958031566,137
51.9,0.029912369898246315,0.0059988537296445845,0.0008805784822932441,0.0,0.0,0.028276881451578414,137
51.92,0.029910891772922655,0.005997398932595566,0.0008807431233048695,0.0,0.0,0.02827420027933369,137
51.94,0.029909214108152088,0.00599590257516351,0.0008809062285566145,0.0,0.0,0.028271384335851014,137
51.96,0.02990733359714366,0.005994365046224429,0.0008810677986621688,0.0,0.0,0.028268432016452905,137
51.980000000000004,0.029905247031511484,0.00599278673823823,0.0008812278342267694,0.0,0.0,0.028265341865884575,137
52.0,0.02990295132133639,0.005991168046911615,0.0008813863358481778,0.0,0.0,0.028262331707583348,137
52.02,0.029900443510918823,0.005989509370813307,0.0008815433041176844,0.0,0.0,0.028259361482782897,137
52.04,0.029897720790398288,0.005987811110951441,0.000881698750855403,0.0,0.0,0.02825624966938428,137
52.06,0.0298947805035094,0.005986073670322528,0.0008818527471346391,0.0,0.0,0.028252995589754963,137
52.08,0.02989162015181288,0.005984297453440674,0.0008820052139512879,0.0,0.0,0.028249598786221356,137
52.1,0.029888237395784202,0.005982482865854919,0.0008821561519002533,0.0,0.0,0.0282460590246897,137
52.120000000000005,0.029884630053160156,0.005980630313661686,0.0008823055615746059,0.0,0.0,0.02824237629564093,137
52.14,0.029880796094947055,0.0059787402030183285,0.0008824534435664898,0.0,0.0,0.028238550812909352,137
52.160000000000004,0.02987673363948164,0.005976812939662828,0.0008825998397589721,0.0,0.0,0.028234583010642585,137
52.18,0.02987244476849345,0.00597484892844376,0.0008827447626869061,0.0,0.0,0.028230473538814436,137
52.2,0.02986792897520422,0.0059728485728638,0.0008828881618251943,0.0,0.0,0.02822622686400675,137
52.22,0.029863185114438695,0.005970812274639269,0.0008830300377897614,0.0,0.0,0.0282222362676076,137
52.24,0.029858206560400266,0.0059687404332774375,0.0008831703911993366,0.0,0.0,0.028218471308868998,137
52.26,0.029852992034610785,0.005966633445672825,0.0008833092226761233,0.0,0.0,0.028214608432283874,137
52.28,0.029847540347531717,0.005964491705723051,0.0008834465328464388,0.0,0.0,0.02821060918577183,137
52.300000000000004,0.02984185038731981,0.005962315603964493,0.0008835823223413255,0.0,0.0,0.02820647537791364,137
52.32,0.0298359211085926,0.005960105527227514,0.0008837165917971188,0.0,0.0,0.028202208985404556,137
52.34,0.029829751521302537,0.005957861858310845,0.0008838493418559929,0.0,0.0,0.02819781214631235,137
52.36,0.0298239863971743,0.005955584975674361,0.0008839805731664715,0.0,0.0,0.028193287153722373,137
52.38,0.029818715351983605,0.005953275253149378,0.0008841103756801015,0.0,0.0,0.028188636449832764,137
52.4,0.029813240830609104,0.005950933059665494,0.0008842386948229746,0.0,0.0,0.02818386262054464,137
52.42,0.029807563281407486,0.005948558758992757,0.0008843957740976931,0.0,0.0,0.02817896839057751,137
52.44,0.029801683210114116,0.005946152709498108,0.0008845601646577694,0.0,0.0,0.028173956619128783,137
52.46,0.029795601172724343,0.0059437152639147854,0.000884722972301084,0.0,0.0,0.028168830296087563,137
52.480000000000004,0.029789317768763538,0.005941246769123524,0.000884884295193306,0.0,0.0,0.028163592538801848,137
52.5,0.029782833634934336,0.005938747565944323,0.0008850441485631661,0.0,0.0,0.028158246589395683,137
52.52,0.029776149439122754,0.0059362179889375375,0.0008852024256975133,0.0,0.0,0.028152795812626228,137
52.54,0.02976926587474038,0.005933658366213204,0.0008853591257666743,0.0,0.0,0.028147243694266126,137
52.56,0.02976218365537904,0.0059310690192473725,0.0008855142495608735,0.0,0.0,0.02814159383999621,137
52.58,0.029754903509747646,0.005928450262704416,0.0008856677978854311,0.0,0.0,0.028135849974786846,137
52.6,0.029747426176864388,0.005925802404264218,0.000885819771561058,0.0,0.0,0.028130015942749505,137
52.620000000000005,0.029739752401470733,0.0059244453442178985,0.0008859701714241212,0.0,0.0,0.02812409570743362,137
52.64,0.02973188292963598,0.005923202896460483,0.0008861189983269159,0.0,0.0,0.028118093352545944,137
52.660000000000004,0.029723828611209115,0.0059219289191151684,0.0008862662531379148,0.0,0.0,0.028112013083065143,137
52.68,0.02971558020358926,0.005920623671747505,0.0008864119367420144,0.0,0.0,0.02810623419328494,137
52.7,0.029707377781980716,0.005919287406395422,0.0008865560500407613,0.0,0.0,0.028100541031200483,137
52.72,0.02969919786703757,0.005917920367400954,0.0008866985939525919,0.0,0.0,0.028094782608872913,137
52.74,0.02969082530172733,0.005916522791240914,0.0008868395694130257,0.0,0.0,0.028088963634597012,137
52.76,0.02968226075437894,0.005915094906355878,0.0008869789773748915,0.0,0.0,0.02808308894840082,137
52.78,0.029673504866158835,0.005914769873031071,0.0008871168188085101,0.0,0.0,0.028077163524866864,137
52.800000000000004,0.02966455824684235,0.005915916453097648,0.0008872530949333119,0.0,0.0,0.028071192476097608,137
52.82,0.029655446616874165,0.0059175922116280035,0.0008873878110971998,0.0,0.0,0.028065181054771637,137
52.84,0.029647837285462247,0.005919230114541178,0.0008875210008053358,0.0,0.0,0.02805913465723253,137
52.86,0.02964009610556204,0.005920830287489463,0.0008876526281616587,0.0,0.0,0.028053058826544387,137
52.88,0.02963222569715735,0.0059223928468966035,0.00088778269422592,0.0,0.0,0.02804719942718469,137
52.9,0.02962422871745811,0.0059239179004583874,0.0008879112000763457,0.0,0.0,0.028041481322698632,137
52.92,0.029616283433905755,0.005925405545639256,0.0008880381468097633,0.0,0.0,0.028035750838884304,136
52.94,0.029608557792315745,0.005926887373072939,0.0008881635402556489,0.0,0.0,0.02803001413293426,136
52.96,0.029601116631627757,0.005928334536425368,0.0008882874119502022,0.0,0.0,0.028024277520597243,136
52.980000000000004,0.029593558619116698,0.005929744459058475,0.000888409728051082,0.0,0.0,0.02801854747712134,137
53.0,0.029585886543127188,0.005931117196849631,0.0008885304897301058,0.0,0.0,0.028012830637419852,137
53.02,0.02957810320089963,0.00593245279465099,0.0008886496981781965,0.0,0.0,0.028007233412061395,137
53.04,0.029570211390141925,0.0059337512860141986,0.0008887674266133713,0.0,0.0,0.02800201302727656,137
53.06,0.029562213899126062,0.005935012692912697,0.000888883629314024,0.0,0.0,0.027996826171169355,137
53.08,0.029554113495136397,0.005936237025462816,0.0008889982843573791,0.0,0.0,0.02799168009791098,137
53.1,0.029545912911091963,0.005937424281645275,0.0008891113930272066,0.0,0.0,0.027986582204667966,137
53.120000000000005,0.02953761483016997,0.0059385744470288404,0.0008892229566262908,0.0,0.0,0.027981540023446674,137
53.14,0.029529221868263,0.005939687494498241,0.0008893329764764438,0.0,0.0,0.027976561210860326,137
53.160000000000004,0.02952111643077649,0.005940763383988783,0.000889441453918518,0.0,0.0,0.02797165353561661,137
53.18,0.02951465419471174,0.005941802062230397,0.0008895483903124092,0.0,0.0,0.027966824863538884,137
53.2,0.029508180059625716,0.005942803462504149,0.0008896537870370487,0.0,0.0,0.02796208313994912,137
53.22,0.02950169906778035,0.005943767504414666,0.0008897576454903873,0.0,0.0,0.027957436369271105,136
53.24,0.029495216188018515,0.00594469409368221,0.0008898599670893736,0.0,0.0,0.027952892591748456,136
53.26,0.029488736285495854,0.005945583121958407,0.0008899607532699244,0.0,0.0,0.027948459857221906,136
53.28,0.02948347141480973,0.005946434466670015,0.0008900600487808699,0.0,0.0,0.027944146195966375,136
53.300000000000004,0.029479123904895918,0.005947247990895291,0.0008901578963307308,0.0,0.0,0.027939959586659267,136
53.32,0.02947486630957828,0.005948128394883284,0.0008902542303752034,0.0,0.0,0.02793590792162499,136
53.34,0.029470705499194564,0.005950359883583364,0.0008903490353336798,0.0,0.0,0.027931998969585505,136
53.36,0.029466812196108336,0.005952549210120582,0.0008904423127186622,0.0,0.0,0.02792824033623001,136
53.38,0.029463546223426836,0.005954696168576552,0.0008905340640606413,0.0,0.0,0.02792475544667523,136
53.4,0.029460407602459184,0.005956800538967121,0.0008906242909080292,0.0,0.0,0.027921748773706796,136
53.42,0.029457731247179465,0.00595886208740966,0.0008907129948270802,0.0,0.0,0.027918913330836397,136
53.44,0.0294554216559261,0.005960880566357205,0.0008908001774017987,0.0,0.0,0.02791625564937124,136
53.46,0.029453255908693656,0.0059628557149036775,0.0008908858402338523,0.0,0.0,0.027913781884121264,136
53.480000000000004,0.029451238950581122,0.0059669444738221075,0.0008909699849424642,0.0,0.0,0.027911497771484595,136
53.5,0.029449375251792247,0.005971009926282298,0.0008910526131643066,0.0,0.0,0.027909408589228846,136
53.52,0.029447668769158518,0.005975021676185053,0.0008911337265533859,0.0,0.0,0.027907519118535132,136
53.54,0.029446122910402408,0.005978979235738133,0.0008912133267809192,0.0,0.0,0.027905833608807103,136
53.56,0.029444740501554118,0.0059828821030872515,0.0008912914155352192,0.0,0.0,0.0279043557456599,136
53.58,0.029443523757839693,0.005986729763146413,0.0008913679945215717,0.0,0.0,0.027903088622407958,136
53.6,0.029442474258253398,0.005990521688550849,0.0008914430654621413,0.0,0.0,0.02790203471526603,136
53.620000000000005,0.029441779258291976,0.005994257340736272,0.0008915166300958804,0.0,0.0,0.027901195862374835,136
53.64,0.029441521677227137,0.005997947102960554,0.0008915886901784843,0.0,0.0,0.027900573246665745,136
53.660000000000004,0.0294414314596919,0.00600159351804274,0.000891659247482396,0.0,0.0,0.027900167382495806,136
53.68,0.029441507461402085,0.006005181932585001,0.0008917283348753006,0.0,0.0,0.027899978105912007,136
53.7,0.02944174783071496,0.006008711776707582,0.0008917959296330613,0.0,0.0,0.027900004568354616,136
53.72,0.029442150004719884,0.006012182476695318,0.0008918620324854613,0.0,0.0,0.02790024523357519,136
53.74,0.029442710708267195,0.006015593456863539,0.0008919267107706002,0.0,0.0,0.027900697877529957,136
53.76,0.029443425955707016,0.006018944141548567,0.0008919898955421125,0.0,0.0,0.02790135959102106,136
53.78,0.029444291055134148,0.00602223395721676,0.0008920515894470675,0.0,0.0,0.027902226784883022,136
53.800000000000004,0.029445300614987,0.0060254623346840805,0.0008921371637599106,0.0,0.0,0.027903295197563332,136
53.82,0.02944644855292114,0.006028628711435939,0.0008922306319562817,0.0,0.0,0.027904559905018955,136
53.84,0.029447728106962702,0.006031732534034661,0.0008923225644080932,0.0,0.0,0.02790601533293519,135
53.86,0.029449131849054025,0.0060347732605992785,0.0008924129630221368,0.0,0.0,0.027907655271380675,135
53.88,0.02945065170120737,0.0060377503633395925,0.0008925018297326669,0.0,0.0,0.027909841420851362,135
53.9,0.029452278954584847,0.006040663331123554,0.0008925891665030088,0.0,0.0,0.027912397425642617,135
53.92,0.029454661455592418,0.006043511672054129,0.0008926749753272799,0.0,0.0,0.02791511487816131,135
53.94,0.029458155813466728,0.006046294916029154,0.0008927855276554988,0.0,0.0,0.027917985231237608,135
53.96,0.029461912027343076,0.006049012617255187,0.0008929030135336744,0.0,0.0,0.027920999422658185,135
53.980000000000004,0.02946575713823952,0.006051664356684584,0.0008930189270472243,0.0,0.0,0.02792414791174743,135
54.0,0.02946968018134003,0.006054249744343623,0.0008931332702815536,0.0,0.0,0.027927420721071797,135
54.02,0.029473669774684574,0.006056768421519278,0.00089324604536478,0.0,0.0,0.02793080748349624,135
54.04,0.02947771417052086,0.006059220062772607,0.0008933572544694542,0.0,0.0,0.027934297494642876,135
54.06,0.029481801311856817,0.006061604377748391,0.0008934668998141429,0.0,0.0,0.02793801298533436,135
54.08,0.029485918893822828,0.006063921112753167,0.0008935749836648267,0.0,0.0,0.02794207793987326,135
54.1,0.029490054429223426,0.006067180329637485,0.0008936815083361246,0.0,0.0,0.027946212123156487,135
54.120000000000005,0.02949458643462797,0.006070388414789816,0.0008937864761922462,0.0,0.0,0.02795040410430187,134
54.14,0.029499215823727283,0.006073520419299575,0.0008939112598391796,0.0,0.0,0.027954642445022784,133
54.160000000000004,0.029503824649352497,0.0060765763040342485,0.0008940423577114783,0.0,0.0,0.027958915773370573,133
54.18,0.029508400401351855,0.006079556072352294,0.0008941718484507846,0.0,0.0,0.02796321285736318,132
54.2,0.02951293074248063,0.006082459769729352,0.0008942997344713443,0.0,0.0,0.027967522677166245,132
54.22,0.02951740357621823,0.006085287483107874,0.0008944260182396537,0.0,0.0,0.02797183449451054,132
54.24,0.029521807110515906,0.0060884759734280616,0.0008945507022738289,0.0,0.0,0.02797613791810691,132
54.26,0.029526129916366137,0.006092684550083385,0.0008946737891427683,0.0,0.0,0.02798042296395264,132
54.28,0.029530360980265694,0.006096814710225083,0.0008947953171274736,0.0,0.0,0.027984680109604105,132
54.300000000000004,0.02953448974985365,0.00610087169656556,0.0008949152916502518,0.0,0.0,0.02798890034170019,132
54.32,0.029538506172242244,0.006104849359942264,0.00089503368734924,0.0,0.0,0.027993075196257523,132
54.34,0.02954240072479147,0.006108747994723955,0.0008951504968187522,0.0,0.0,0.027997196791492023,132
54.36,0.02954616443831317,0.006112582503142127,0.000895265722863839,0.0,0.0,0.028001257853156134,132
54.38,0.029549788912895593,0.006116358776279593,0.0008953793683319192,0.0,0.0,0.02800525173258679,132
54.4,0.029553266326721696,0.006120057020392279,0.0008954914361110945,0.0,0.0,0.028009172417841604,132
54.42,0.029556589438401157,0.006123677641860971,0.0008956019291284631,0.0,0.0,0.02801301453844758,131
54.44,0.029559751583441533,0.0061272210696855355,0.0008957108503484395,0.0,0.0,0.028016773364392754,131
54.46,0.029563328619265382,0.006130687753332595,0.0008958182027711378,0.0,0.0,0.028020444800063552,131
54.480000000000004,0.029566736640433192,0.006134078160616129,0.0008959239894308056,0.0,0.0,0.028024025373866016,131
54.5,0.029569967609523046,0.006137392775626486,0.0008960282133943384,0.0,0.0,0.02802751222427096,131
54.52,0.029573024937360408,0.006140632096720513,0.0008961522102148644,0.0,0.0,0.028030903083008412,131
54.54,0.029575895405030517,0.006143796634582783,0.0008963173746993316,0.0,0.0,0.028034196256087683,131
54.56,0.02957857549748627,0.006146886910365436,0.0008964905939490084,0.0,0.0,0.028037390603271043,131
54.58,0.029581062147365257,0.006149903453911879,0.0008966622042261079,0.0,0.0,0.028040485516558893,131
54.6,0.02958335270943053,0.006152846802067598,0.0008968322083417655,0.0,0.0,0.02804348089817781,131
54.620000000000005,0.029585444934778837,0.006155717497079504,0.0008970006091292572,0.0,0.0,0.02804637713849158,131
54.64,0.02958733694515942,0.006158516085083914,0.0008971674094437808,0.0,0.0,0.0280491750941842,131
54.660000000000004,0.029589028540920746,0.006161243114681875,0.0008973326121623046,0.0,0.0,0.028051876066999774,131
54.68,0.029590522776476686,0.00616389929178187,0.0008974962201834822,0.0,0.0,0.028054481783265688,131
54.7,0.029591817820918357,0.006166499999206875,0.0008976582364276323,0.0,0.0,0.028056994374366713,131
54.72,0.02959291435188469,0.006169030756478221,0.0008978186638367772,0.0,0.0,0.02805941635829298,131
54.74,0.0295938060382532,0.006171492109528658,0.0008979775053747395,0.0,0.0,0.02806175062234157,131
54.76,0.029594492720846126,0.006173884600841682,0.0008981347640272933,0.0,0.0,0.02806400040701529,131
54.78,0.029594974451095667,0.006176208768483407,0.0008982904428023697,0.0,0.0,0.0280661692911317,131
54.800000000000004,0.0295952562327369,0.00617846514519576,0.0008984445581513912,0.0,0.0,0.0280682611781288,131
54.82,0.029596615258784282,0.006180654257546526,0.0008985971673143145,0.0,0.0,0.02807028028353455,131
54.84,0.029598301161582106,0.006182785630130641,0.0008987482068873212,0.0,0.0,0.0280722311235459,132
54.86,0.02960014360148473,0.006184873941326229,0.000898897679985576,0.0,0.0,0.02807411850465209,132
54.88,0.02960183646235268,0.006186896464523549,0.0008990455897477967,0.0,0.0,0.028075947514221475,132
54.9,0.029603382565580507,0.006188853694141925,0.0008991919394488914,0.0,0.0,0.02807772351196237,132
54.92,0.029604784905328307,0.006190746114881406,0.000899336732219043,0.0,0.0,0.02807945212215954,132
54.94,0.02960604663764805,0.006192574201127842,0.0008994799712150251,0.0,0.0,0.028081139226579913,132
54.96,0.029607171070014447,0.006194338416388182,0.0008996216596740791,0.0,0.0,0.028082790957933677,132
54.980000000000004,0.02960816165114159,0.00619603921275323,0.0008997618281243086,0.0,0.0,0.028084413693773527,132
55.0,0.029609354244317116,0.006197677030385314,0.00089990045976469,0.0,0.0,0.02808601405070568,132
55.02,0.02961171847315668,0.006199252297028712,0.0009000375508499133,0.0,0.0,0.028087598878783912,132
55.04,0.0296140102872031,0.006200765427540936,0.0009001731047224473,0.0,0.0,0.028089175255951813,133
55.06,0.029616235357960242,0.006202216823443325,0.0009003071247522145,0.0,0.0,0.028090750482394337,133
55.08,0.02961839952003763,0.006203606872489709,0.0009004396143369394,0.0,0.0,0.028092332074656143,133
55.1,0.02962050876276809,0.006204935948252292,0.0009005705769024447,0.0,0.0,0.028093927759380116,133
55.120000000000005,0.029622569221191653,0.006206204409724197,0.0009007000159028881,0.0,0.0,0.028095545466518556,132
55.14,0.02962458716624968,0.006207412600938538,0.0009008279348209101,0.0,0.0,0.028097193321866668,132
55.160000000000004,0.02962656899403448,0.006208560850604257,0.0009009543371677024,0.0,0.0,0.028098879638770044,132
55.18,0.02962852121393882,0.006209649471759351,0.000901079226482961,0.0,0.0,0.028100612908856973,132
55.2,0.029630450435558123,0.006210678761442534,0.0009012026063347043,0.0,0.0,0.028102401791655282,132
55.22,0.02963236335419647,0.00621164900038487,0.0009013244803189562,0.0,0.0,0.028104255102952034,132
55.24,0.029634274507281382,0.006212560452723279,0.0009014448520592545,0.0,0.0,0.02810618180177459,132
55.26,0.0296361883922837,0.006213413365738393,0.0009015637252059596,0.0,0.0,0.028108190975872648,133
55.28,0.029638114793584695,0.006214228078835902,0.0009016811034353594,0.0,0.0,0.0281102918256038,133
55.300000000000004,0.029640052294742578,0.006214999866190483,0.0009017969904485202,0.0,0.0,0.02811249364614145,133
55.32,0.029642007745336485,0.0062157136896458295,0.0009019113899698648,0.0,0.0,0.028114805807945745,133
55.34,0.029643987957898053,0.006216369727090549,0.000902024305745458,0.0,0.0,0.02811723773546238,133
55.36,0.029645999680776317,0.006216968138730453,0.0009021357415409536,0.0,0.0,0.02811979888404279,133
55.38,0.02964804956903879,0.006217509067345852,0.0009022457011391808,0.0,0.0,0.028122498715107486,133
55.4,0.029650144153450967,0.006217992638869946,0.0009023541883373496,0.0,0.0,0.028125346669604267,133
55.42,0.029652289807607275,0.006218418959018818,0.0009024612069438237,0.0,0.0,0.028128352139842678,133
55.44,0.029654492713318048,0.006218788117471851,0.0009025667607744629,0.0,0.0,0.02813152443981841,133
55.46,0.02965675882438255,0.006219100186650042,0.0009026708536484976,0.0,0.0,0.02813487277416506,133
55.480000000000004,0.029659093828905914,0.006219355222016721,0.0009027734893839178,0.0,0.0,0.028138406205898494,133
55.5,0.029661503110342564,0.0062195532624652276,0.000902874671792383,0.0,0.0,0.02814213362314205,133
55.52,0.029663991707465726,0.0062196943307995575,0.0009029744046736356,0.0,0.0,0.028146063705036445,133
55.54,0.029666672279532798,0.006219778434313258,0.0009030726918094434,0.0,0.0,0.02815020488705825,133
55.56,0.029669998817410247,0.00621980556547102,0.0009031695369570881,0.0,0.0,0.028154565325978882,133
55.58,0.029675013998727566,0.0062197757026960475,0.0009032723678755286,0.0,0.0,0.02815915286471094,133
55.6,0.02968043695536099,0.006219688811264771,0.0009034007582898514,0.0,0.0,0.028163974997295598,133
55.620000000000005,0.029686466152296826,0.006220981318206565,0.0009035491559876806,0.0,0.0,0.028169038834293652,133
55.64,0.02969267191115116,0.006222336335413557,0.0009037111886846476,0.0,0.0,0.02817435106885317,133
55.660000000000004,0.029699058085929087,0.00622362886387966,0.0009038717345578137,0.0,0.0,0.028179917943735602,133
55.68,0.02970562794970051,0.006224858862986638,0.0009040307968115436,0.0,0.0,0.028185745219591135,133
55.7,0.02971238415995414,0.006226026283825971,0.0009041883785771519,0.0,0.0,0.028191838144786527,133
55.72,0.02971932872573114,0.006227131070652787,0.0009043444829059631,0.0,0.0,0.028198201427091996,133
55.74,0.029726831178849788,0.006228173162387727,0.0009044992006509694,0.0,0.0,0.02820483920754414,133
55.76,0.029736010241715866,0.006229152494146764,0.0009046586817904919,0.0,0.0,0.028211755036795086,133
55.78,0.02974544401157151,0.006230076398385414,0.0009048467001970096,0.0,0.0,0.028218951854259017,133
55.800000000000004,0.029755134100294706,0.00623096168986602,0.0009050331704864909,0.0,0.0,0.028226751084219417,133
55.82,0.029765081450402242,0.006231783957452054,0.0009052180951121494,0.0,0.0,0.02823500168123752,133
55.84,0.02977528632337884,0.006232543136149119,0.0009054014765501249,0.0,0.0,0.028243639599701897,133
55.86,0.029785748291917137,0.006233239164403917,0.0009055833169624554,0.0,0.0,0.02825286856883503,133
55.88,0.029796466236268155,0.006233871985302513,0.0009057636184641179,0.0,0.0,0.02826238248300692,133
55.9,0.029807438344866197,0.006234441547633937,0.0009059423831104521,0.0,0.0,0.028272180367534077,133
55.92,0.029818662119352805,0.006234947806803001,0.0009061196128656666,0.0,0.0,0.028282260590653554,133
55.94,0.029830134384085428,0.00623539072558034,0.0009062953096088854,0.0,0.0,0.028292620873551055,133
55.96,0.029841851300169718,0.0062357702746824095,0.0009064694751413293,0.0,0.0,0.028303258304844377,133
55.980000000000004,0.029853808384002704,0.006236086433178936,0.0009066421111944423,0.0,0.0,0.028314169359520826,133
56.0,0.02986600053025077,0.006236339188730286,0.0009068132194387705,0.0,0.0,0.02832534992226796,132
56.02,0.02987842203911334,0.006236742891133987,0.0009069828014933247,0.0,0.0,0.028336795315066946,132
56.04,0.029891066647630193,0.006237437353577674,0.0009071508589352101,0.0,0.0,0.02834850032882735,132
56.06,0.02990392756469205,0.006238067061588702,0.0009073174063377197,0.0,0.0,0.028360459258745623,132
56.08,0.029916997509295523,0.006238632038463566,0.0009074825677170645,0.0,0.0,0.028372665942951583,132
56.1,0.02993026875146471,0.006239132315094091,0.0009076462278337095,0.0,0.0,0.028385113803888185,132
56.120000000000005,0.02994373315513853,0.006239567929452003,0.0009078085753400657,0.0,0.0,0.028397906588564923,132
56.14,0.02995738222220768,0.00623993892601537,0.0009079941278856761,0.0,0.0,0.028411236858811893,132
56.160000000000004,0.029971207136782172,0.006240245355158601,0.0009081781169156748,0.0,0.0,0.028424786009901865,132
56.18,0.02998519880869482,0.006240487272527183,0.0009083605440581119,0.0,0.0,0.0284385462440173,132
56.2,0.029999347915196026,0.006240664738417609,0.0009085414109614811,0.0,0.0,0.028452509568034964,132
56.22,0.030013647819087243,0.006240777817181886,0.0009087207192988631,0.0,0.0,0.028466667833599264,132
56.24,0.03002809357791777,0.006240826576674713,0.0009088984707711506,0.0,0.0,0.028481012773477584,132
56.26,0.030042667824346253,0.00624081108776008,0.0009090746671094902,0.0,0.0,0.028495536033255338,132
56.28,0.030057360650321052,0.006240731423892517,0.00090924931007696,0.0,0.0,0.028510229197550984,132
56.300000000000004,0.03007216206170452,0.006240587660786611,0.0009094224014696045,0.0,0.0,0.02852508381010439,132
56.32,0.03008706198970292,0.006240379876186802,0.0009095939431169171,0.0,0.0,0.028540091387311447,132
56.34,0.030102050295405726,0.006240108149747551,0.0009097639368818498,0.0,0.0,0.028555243425035865,132
56.36,0.030117116767566877,0.006239772563031988,0.0009099323846604733,0.0,0.0,0.028570531398826426,132
56.38,0.030132251114077108,0.006239373199634934,0.0009100992883813538,0.0,0.0,0.028585946757984163,132
56.4,0.03014744294790356,0.006238910145433597,0.0009102646500047317,0.0,0.0,0.028601480914250382,132
56.42,0.03016268176859399,0.006238383488966476,0.0009104284715215883,0.0,0.0,0.02861712522620781,132
56.44,0.03017795694073394,0.006237793321937877,0.0009105907549526204,0.0,0.0,0.02863287098077802,132
56.46,0.03019325767099569,0.006237139739842013,0.0009107515023472139,0.0,0.0,0.02864870937344842,132
56.480000000000004,0.030208572985594484,0.006236422842697167,0.0009109107157824216,0.0,0.0,0.02866463148903905,132
56.5,0.030223891710064968,0.006235642735876598,0.0009110683973619728,0.0,0.0,0.028680628284916233,132
56.52,0.03023920245326624,0.00623479953101939,0.0009112245492153398,0.0,0.0,0.02869669057855532,132
56.54,0.03025585431208167,0.006233893347000917,0.000911379173496852,0.0,0.0,0.02871280904123937,132
56.56,0.03027276526311141,0.006232924310939721,0.0009115322723848627,0.0,0.0,0.028728974199456362,132
56.58,0.030289684023198087,0.006231892559215165,0.0009116838808436678,0.0,0.0,0.028745176445227706,131
56.6,0.030306600146762664,0.00623079823846871,0.0009118339861797404,0.0,0.0,0.028761406056182964,131
56.620000000000005,0.030323503085840108,0.006229641506560973,0.0009119825730610512,0.0,0.0,0.028777653225712928,131
56.64,0.03034038222913857,0.006228422533661072,0.0009121296437598947,0.0,0.0,0.028793908103020755,131
56.660000000000004,0.03035757126321527,0.006227141503330508,0.0009122752356280751,0.0,0.0,0.02881016084237728,131
56.68,0.030374834174516537,0.006225798611079155,0.000912419354799106,0.0,0.0,0.02882640166041503,131
56.7,0.03039204098204714,0.006224394067410165,0.0009125619641883167,0.0,0.0,0.02884262089989582,131
56.72,0.030409181375916017,0.006222928097282159,0.0009127030661318816,0.0,0.0,0.028858809098081886,131
56.74,0.030426245287167888,0.006221400940311391,0.000912842662983084,0.0,0.0,0.028874957057660904,131
56.76,0.03044322295798792,0.006219812850800531,0.0009129807571112861,0.0,0.0,0.028891055918108543,131
56.78,0.030460105010252633,0.006218164097593117,0.000913117354724061,0.0,0.0,0.028907097225430327,131
56.800000000000004,0.03047688251052984,0.006216454963757661,0.0009132524804839551,0.0,0.0,0.028923072998388217,131
56.82,0.030493972400307778,0.0062146965246044315,0.0009133861599508855,0.0,0.0,0.02893897578956368,131
56.84,0.030511045514725388,0.006212898878030564,0.0009135183516454491,0.0,0.0,0.02895479873990966,131
56.86,0.03052798979127737,0.006211041729412837,0.0009136490530070521,0.0,0.0,0.02897053562578484,131
56.88,0.03054479860335234,0.006209125412558836,0.0009137782664818543,0.0,0.0,0.0289861808977996,132
56.9,0.030561465994083627,0.0062071502717715036,0.0009139060175768792,0.0,0.0,0.029001729711125978,131
56.92,0.030578447173552972,0.006205116660789636,0.0009140323086487999,0.0,0.0,0.029017281448301655,131
56.94,0.030595297960937774,0.006203024941668166,0.000914157119376727,0.0,0.0,0.029033061507803003,131
56.96,0.0306119929924756,0.006200875483617193,0.0009142804522297606,0.0,0.0,0.029048734457627533,130
56.980000000000004,0.030628529110123107,0.0061986686618178315,0.00091440230967969,0.0,0.0,0.029064298406359414,130
57.0,0.03064490384630275,0.006196404856231696,0.0009145226941998103,0.0,0.0,0.029079752195926914,130
57.02,0.03066111540653876,0.006194084450419505,0.0009146416082637783,0.0,0.0,0.029095095386046647,130
57.04,0.030677162646313056,0.006191707830382769,0.0009147590543445247,0.0,0.0,0.029110328232962654,130
57.06,0.03069304504272553,0.006189275383441011,0.0009148750349131915,0.0,0.0,0.029125451663068715,130
57.08,0.030708762661494665,0.006186787497155604,0.0009149895524381462,0.0,0.0,0.02914046724195454,130
57.1,0.030724316119767576,0.00618424455830992,0.0009151026093840283,0.0,0.0,0.029155377139349178,130
57.120000000000005,0.030739706545138898,0.006181665918161341,0.00091521420821084,0.0,0.0,0.029170184090365862,131
57.14,0.030754935531210302,0.006179045375007682,0.0009153243513730847,0.0,0.0,0.02918489135338451,131
57.160000000000004,0.030770005089960497,0.00617637087460793,0.0009154330413189501,0.0,0.0,0.029199502664846576,131
57.18,0.03078491760114659,0.006173642791881644,0.000915540280489516,0.0,0.0,0.029214022191187468,131
57.2,0.030799675758924724,0.006170861496979171,0.000915668172294354,0.0,0.0,0.02922845447809923,131
57.22,0.030814282515861546,0.006168027354745446,0.000915838592533326,0.0,0.0,0.029242804397299284,131
57.24,0.030828741024512767,0.006165140724281276,0.000916013466780723,0.0,0.0,0.029257077090985687,131
57.26,0.030843054576771622,0.0061622019586051275,0.000916186811041476,0.0,0.0,0.029271277914185646,131
57.28,0.030857431036315632,0.0061592114044176855,0.0009163586277251665,0.0,0.0,0.029285412375245835,130
57.300000000000004,0.030872941407131302,0.006156169401970677,0.0009165289192349723,0.0,0.0,0.029299486074779387,130
57.32,0.030888361403053715,0.006153076285040508,0.0009166976879670222,0.0,0.0,0.029313504643459984,131
57.34,0.03090369575882619,0.006149932381006069,0.0009168649363097523,0.0,0.0,0.029327473679144327,131
57.36,0.030918949086422017,0.006146738011028918,0.0009170306877721323,0.0,0.0,0.02934139868389692,131
57.38,0.03093412581160964,0.006143493490332547,0.0009171949411263082,0.0,0.0,0.029355285001585067,131
57.4,0.030949230111788625,0.006140199128575803,0.0009173576813950811,0.0,0.0,0.02936913775679569,131
57.42,0.030964265855909442,0.006136855230313979,0.0009175189111427812,0.0,0.0,0.02938296179588989,132
57.44,0.03097923654733709,0.0061334620955392286,0.0009176786325505953,0.0,0.0,0.029396761631057856,133
57.46,0.030994145490447593,0.006130020020290221,0.0009178368478944393,0.0,0.0,0.029410541388245073,133
57.480000000000004,0.031009001933019177,0.006126529297319485,0.0009179935594916855,0.0,0.0,0.029424304759801224,133
57.5,0.03102380114456666,0.006122990216805205,0.0009181487696474003,0.0,0.0,0.02943805496264254,133
57.52,0.031038544683332097,0.006119403067093283,0.0009183024982589794,0.0,0.0,0.02945179470262673,133
57.54,0.03105323352934302,0.006115768135454607,0.0009184547605454946,0.0,0.0,0.0294655261457155,133
57.56,0.031067868061199023,0.006113432173534377,0.0009186055284280627,0.0,0.0,0.029479250896351276,132
57.58,0.031082448040266584,0.006111419016988118,0.0009187548618683693,0.0,0.0,0.02949296998331857,132
57.6,0.03109697260238141,0.006109348457060928,0.0009189027057159506,0.0,0.0,0.02950668385319213,132
57.620000000000005,0.031111440257004755,0.006107220900624015,0.0009190490614238194,0.0,0.0,0.029520392371321192,132
57.64,0.0311258529347861,0.006105041308838411,0.0009191939311996129,0.0,0.0,0.029534094830154334,132
57.660000000000004,0.031140210222829565,0.006102809983309172,0.000919337317238539,0.0,0.0,0.02954778996458937,132
57.68,0.031154502521403598,0.006100522879560697,0.0009194792217237318,0.0,0.0,0.029561475973932928,132
57.7,0.031168725966063026,0.006098180411689845,0.0009196196468266866,0.0,0.0,0.029575150549980826,132
57.72,0.031182876162883552,0.0060957829964407555,0.0009197585947077844,0.0,0.0,0.029588810910668797,132
57.74,0.031197382578171073,0.006093331053386962,0.0009198960675168677,0.0,0.0,0.02960245383870313,132
57.76,0.031211870818254234,0.006090825005033659,0.0009200320673938767,0.0,0.0,0.029616075724542563,132
57.78,0.031226269166103292,0.006088265276841783,0.0009201665964695342,0.0,0.0,0.02962967261306908,131
57.800000000000004,0.0312405715117929,0.006085652297177062,0.0009202997013327203,0.0,0.0,0.029643240253247768,131
57.82,0.03125477143280555,0.006082986497188469,0.0009204313461266248,0.0,0.0,0.029656774150040303,131
57.84,0.03126886224449609,0.0060802683106214814,0.0009205615267672399,0.0,0.0,0.029670269617791817,131
57.86,0.03128283705109638,0.006077498173572272,0.0009206902453566467,0.0,0.0,0.029683721834271558,131
57.88,0.031296688796405035,0.0060746765241893675,0.000920817503991232,0.0,0.0,0.02969712589451289,132
57.9,0.03131041031328201,0.0060718038023297475,0.0009209433047623616,0.0,0.0,0.029710476863572234,132
57.92,0.031323994371063604,0.006068880449176275,0.0009210676497570263,0.0,0.0,0.02972376982732121,131
57.94,0.03133743372002364,0.006065906906823569,0.0009211905410584581,0.0,0.0,0.02973699994039524,131
57.96,0.03135186298904646,0.006062883617839229,0.0009213119807466786,0.0,0.0,0.029750162470465004,130
57.980000000000004,0.03136663918073259,0.006059811024807186,0.0009214319708990298,0.0,0.0,0.02976325283805477,130
58.0,0.03138130132538589,0.006056689569859815,0.0009215505135906277,0.0,0.0,0.029776266651225614,130
58.02,0.0313958443696673,0.006053519694205179,0.0009216676108947879,0.0,0.0,0.02978919973455189,130
58.04,0.03141026347567416,0.006050329951328723,0.0009217832648833911,0.0,0.0,0.02980204815195456,130
58.06,0.031424554036569345,0.0060489323271117465,0.0009218974776272168,0.0,0.0,0.0298148082231042,130
58.08,0.03143928956068041,0.006047645660299188,0.0009220102511962289,0.0,0.0,0.029827476533270215,130
58.1,0.03145400234611233,0.006046306254794891,0.0009221215876598345,0.0,0.0,0.02984004993666159,129
58.120000000000005,0.0314685862255659,0.006044914505631466,0.0009222314890871107,0.0,0.0,0.0298525255534769,129
58.14,0.03148303781681189,0.0060434708048697485,0.0009223399575470057,0.0,0.0,0.02986490076105127,129
58.160000000000004,0.031497353960261584,0.006041975541222875,0.0009224469951085277,0.0,0.0,0.029877173179652945,129
58.18,0.031511531699467146,0.006040429099713135,0.0009225526038409248,0.0,0.0,0.02988934065363117,129
58.2,0.03152556825778771,0.006038831861787872,0.000922656785813847,0.0,0.0,0.029901401228756307,129
58.22,0.03153946732791522,0.006037184204736404,0.0009227595430975207,0.0,0.0,0.029913353126706836,129
58.24,0.03155334936811522,0.006035486499847403,0.0009228608777629147,0.0,0.0,0.029925194717744706,128
58.26,0.031567632233503194,0.0060337391146690934,0.000922960791881908,0.0,0.0,0.02993692449267864,127
58.28,0.03158177580322496,0.006031942411889139,0.000923059320581289,0.0,0.0,0.02994854103523047,127
58.300000000000004,0.03159577805433299,0.006030096749209691,0.0009231564615139609,0.0,0.0,0.029960407451240567,127
58.32,0.03160963698925353,0.0060282024792550366,0.0009232521885472794,0.0,0.0,0.02997233097069751,127
58.34,0.03162335061498726,0.006026259949508739,0.0009233465037626663,0.0,0.0,0.029984240768833856,127
58.36,0.031636916926434076,0.006024269502276648,0.0009234394092432152,0.0,0.0,0.029996344062344193,127
58.38,0.03165033389437445,0.0060223890214988075,0.0009235309070738357,0.0,0.0,0.030008326426932328,127
58.4,0.03166359945839679,0.00602153141236675,0.0009236209993413632,0.0,0.0,0.030020186571101136,127
58.42,0.031676711524805494,0.006020618760582013,0.0009237096881346601,0.0,0.0,0.03003192319110734,127
58.44,0.031689667969274804,0.006019651288159903,0.0009237969755446553,0.0,0.0,0.030043534974365977,127
58.46,0.03170246664375924,0.006018629218105715,0.0009238828636643435,0.0,0.0,0.030055020607148354,127
58.480000000000004,0.0317151053869401,0.006017556066290578,0.000923967354588723,0.0,0.0,0.030066378785855098,127
58.5,0.03172758203729553,0.006016458250195269,0.0009240504504146628,0.0,0.0,0.03007760823095369,126
58.52,0.031739894447744554,0.006015306456848803,0.0009241321532407044,0.0,0.0,0.030088707702532854,126
58.54,0.03175204050073793,0.006014100917212931,0.0009242124651667679,0.0,0.0,0.030099676016349046,126
58.56,0.03176401812265522,0.006012841864911277,0.0009242913882937868,0.0,0.0,0.030110512059226505,126
58.58,0.03177582529641991,0.006012663264104596,0.0009243689247232371,0.0,0.0,0.03012121480272498,126
58.6,0.03178746007135484,0.0060130456914040545,0.0009244450765565885,0.0,0.0,0.0301317833141002,126
58.620000000000005,0.0317989205694635,0.006013389891321817,0.0009245198458946539,0.0,0.0,0.030142216763744737,126
58.64,0.0318102049875242,0.006013676664545862,0.0009245932348368516,0.0,0.0,0.030152514428499512,126
58.660000000000004,0.031821311594617624,0.006013906223031364,0.0009246652454803768,0.0,0.0,0.030162675690458926,126
58.68,0.03183223872495639,0.006014078781717913,0.000924735879919291,0.0,0.0,0.03017270003114162,126
58.7,0.031842984766139004,0.0060141945584765545,0.0009248051402435336,0.0,0.0,0.03018258702115227,125
58.72,0.03185354814319449,0.006014253774063524,0.0009248730285378628,0.0,0.0,0.030192336305704136,125
58.74,0.031863927299018026,0.006014256652091467,0.000924939546880733,0.0,0.0,0.030201947586606378,125
58.76,0.03187412067199748,0.006014203419027474,0.0009250046973431237,0.0,0.0,0.030211420601519705,125
58.78,0.031884126671800135,0.006014094304225349,0.0009250684819873248,0.0,0.0,0.030220755101453473,125
58.800000000000004,0.031893943654415745,0.006013929540547095,0.0009251309028657036,0.0,0.0,0.03022995082760475,125
58.82,0.031903569897627444,0.006013709363475094,0.0009251919620194477,0.0,0.0,0.03023900748871467,125
58.84,0.03191300357810466,0.006013434010972499,0.0009252516614773168,0.0,0.0,0.03024828840766528,126
58.86,0.03192224275127578,0.006013103725072229,0.0009253100032544044,0.0,0.0,0.030257540280121852,126
58.88,0.03193128533504373,0.006012718751456019,0.000925366989350951,0.0,0.0,0.03026665118897169,126
58.9,0.03194012909825453,0.006012279339706836,0.0009254226228241649,0.0,0.0,0.03027562053808725,126
58.92,0.03194877165462714,0.006011785743576215,0.0009254769477068337,0.0,0.0,0.030284447632898403,125
58.94,0.03195721046260644,0.006011238221254696,0.0009255299225515728,0.0,0.0,0.030293131682764762,125
58.96,0.03196544283133146,0.006010637035632536,0.0009255815492868738,0.0,0.0,0.030301671809586227,125
58.980000000000004,0.031973465932624096,0.006009982454537382,0.0009256318298217973,0.0,0.0,0.030310067062561508,125
59.0,0.03198127681862944,0.006009274750935829,0.0009256807660452795,0.0,0.0,0.030318316438731303,125
59.02,0.03198887244448349,0.006008514203086626,0.0009257283598255807,0.0,0.0,0.030326418908686977,126
59.04,0.0319962496951745,0.006007701094634664,0.0009257746146321365,0.0,0.0,0.030334373446616162,126
59.06,0.03200341072277085,0.006006835714636758,0.0009258195539018042,0.0,0.0,0.030342179063694175,127
59.08,0.032010348990441716,0.0060059183575124535,0.0009258631562876517,0.0,0.0,0.030350233618126412,127
59.1,0.03201705944156566,0.006004949322915514,0.000925905423571638,0.0,0.0,0.030358146931464578,127
59.120000000000005,0.032023538996622435,0.0060039289155242,0.0009259463575139569,0.0,0.0,0.030365908440000897,127
59.14,0.03202978466627968,0.006002857444750927,0.000925985959853128,0.0,0.0,0.03037351766564006,126
59.160000000000004,0.032035793581305164,0.006001735224373962,0.0009260242323061856,0.0,0.0,0.03038097434654295,126
59.18,0.03204160737943904,0.006000562572095938,0.0009260611765689194,0.0,0.0,0.030388278468640707,126
59.2,0.03204760840308341,0.005999339809035308,0.0009260967943161869,0.0,0.0,0.03039543029404617,125
59.22,0.03205336440858302,0.005998067259158161,0.0009261310872022692,0.0,0.0,0.030402430385992812,125
59.24,0.032058975339640326,0.005996745248658541,0.00092616405686126,0.0,0.0,0.030409279630098304,125
59.26,0.032064804316643235,0.005995374105295763,0.0009261957049074701,0.0,0.0,0.030416051601805858,125
59.28,0.032070381696351576,0.005993954157697292,0.0009262260329358664,0.0,0.0,0.030423012108615494,125
59.300000000000004,0.03207571315645939,0.00599248573463549,0.0009262550425224935,0.0,0.0,0.030429826015511453,124
59.32,0.03208079439706009,0.005990969164286018,0.000926282735224903,0.0,0.0,0.030436495637771257,124
59.34,0.03208562040719324,0.005989404773475071,0.000926309112582568,0.0,0.0,0.030443023666513122,124
59.36,0.03209019041875254,0.005987792886921859,0.0009263341761172875,0.0,0.0,0.0304494131704915,124
59.38,0.03209450388703062,0.005986133826481867,0.000926357927333566,0.0,0.0,0.030455667595681014,124
59.4,0.03209914443601345,0.005984427910395665,0.0009263803677189696,0.0,0.0,0.030462139226651544,124
59.42,0.03210500335702054,0.005982675452547237,0.0009264014987444641,0.0,0.0,0.03046875637218661,124
59.44,0.03211067657559678,0.005980876761734968,0.0009264213218647255,0.0,0.0,0.0304756790289785,124
59.46,0.0321161670281132,0.00597903214095781,0.000926439838518421,0.0,0.0,0.03048248267464248,124
59.480000000000004,0.03212147792900392,0.005977141886718629,0.0009264570501284679,0.0,0.0,0.03048917257977373,124
59.5,0.032126612759553454,0.005975206288346079,0.0009264729581022723,0.0,0.0,0.030495754359583162,124
59.52,0.03213157525586367,0.005973225627336144,0.0009265129381192362,0.0,0.0,0.030502233965349533,124
59.54,0.03213636939603612,0.005971203703593461,0.0009265616283868259,0.0,0.0,0.030509003468584393,124
59.56,0.032140999386558684,0.005969144428305634,0.0009266089757118697,0.0,0.0,0.030515770136488467,124
59.58,0.032145469647846994,0.005967040883754317,0.0009266549814459887,0.0,0.0,0.03052245377428044,124
59.6,0.03214979408533044,0.005964893313895639,0.0009266996469303789,0.0,0.0,0.030529061579617173,124
59.620000000000005,0.03215396996699338,0.005962715267927486,0.0009267429734960598,0.0,0.0,0.03053560103350054,124
59.64,0.03215800317070473,0.005960511098501377,0.0009267849624641254,0.0,0.0,0.030542079887141166,124
59.660000000000004,0.03216190393684243,0.005958270248576577,0.0009268256151459864,0.0,0.0,0.0305485061475915,124
59.68,0.03216566981653436,0.005955990533526434,0.0009268649328436396,0.0,0.0,0.030554888061927382,124
59.7,0.03216930614729928,0.005954267660464961,0.0009269029168499416,0.0,0.0,0.030561234099736947,125
59.72,0.032172818343642405,0.005952512095878298,0.0009269395684489046,0.0,0.0,0.03056755293365834,125
59.74,0.03217622330757383,0.00595071444668049,0.0009269748889160265,0.0,0.0,0.03057385341768847,125
59.76,0.03218003348625972,0.005948885863766252,0.0009270088795186573,0.0,0.0,0.030580144562991105,125
59.78,0.032183735222395794,0.0059470131513864035,0.0009270415415164067,0.0,0.0,0.03058643551092292,125
59.800000000000004,0.03218733393820587,0.005945096426670487,0.0009270728761616146,0.0,0.0,0.03059273550301965,124
59.82,0.03219083496725562,0.005943135792035809,0.0009271028846998717,0.0,0.0,0.030599053847702028,124
59.84,0.03219424351133891,0.005941131336091118,0.000927131568370623,0.0,0.0,0.030605399883502398,124
59.86,0.032198806977395675,0.005939083130725059,0.0009271589284078452,0.0,0.0,0.030611782938665164,124
59.88,0.032204081524547526,0.005936991233081445,0.000927184966105823,0.0,0.0,0.03061840138477779,123
59.9,0.03220935000361353,0.005934855685716727,0.0009272096827021928,0.0,0.0,0.030625296171482505,123
59.92,0.03221461934331659,0.005932688654505623,0.0009272330793424807,0.0,0.0,0.030632254940703096,123
59.94,0.03222003177468961,0.005930490616672528,0.0009272551572475307,0.0,0.0,0.03063928650244466,122
59.96,0.03222696544774316,0.005928248914735391,0.000927312181427062,0.0,0.0,0.030646399400790204,122
59.980000000000004,0.0322344229421562,0.005925963533464326,0.0009273841883489123,0.0,0.0,0.03065360185383396,122
60.0,0.03224196044974499,0.005924075632566403,0.0009274547847475903,0.0,0.0,0.030660901691913402,122
60.02,0.032249584923925205,0.005923152621313616,0.0009275239714386324,0.0,0.0,0.030668306295017447,122
60.04,0.03225730279797446,0.005922182568019184,0.000927591749250634,0.0,0.0,0.030675822530418458,122
60.06,0.032265119923930115,0.00592116538908496,0.0009276581190269633,0.0,0.0,0.03068345669172681,122
60.08,0.032273041514229175,0.005920100990874818,0.0009277230816275466,0.0,0.0,0.030691214440695568,122
60.1,0.0322810720875088,0.005918989270770903,0.000927786637930766,0.0,0.0,0.03069910075319431,122
60.120000000000005,0.03228921542002369,0.005917830118329531,0.0009278487888354259,0.0,0.0,0.030707119870809232,122
60.14,0.03229758628852367,0.0059166234165261246,0.0009279095352627472,0.0,0.0,0.030715275259507322,122
60.160000000000004,0.03230642397208435,0.005915369043075395,0.0009279688781584083,0.0,0.0,0.030723569576709315,122
60.18,0.03231538030291661,0.005914145851485901,0.0009280268184945743,0.0,0.0,0.030732004647947862,122
60.2,0.03232466824379716,0.005914253986588647,0.0009280833572718878,0.0,0.0,0.030740581454043316,122
60.22,0.03233445724223545,0.005914310702551272,0.0009281384955214061,0.0,0.0,0.0307493001294145,122
60.24,0.03234436293251099,0.005914315852717389,0.0009281922343064364,0.0,0.0,0.030758159971765172,122
60.26,0.032354383269046376,0.005914269292493566,0.0009282445747242565,0.0,0.0,0.030767159462976104,122
60.28,0.03236451541195082,0.005914170880695011,0.0009282955179076786,0.0,0.0,0.030776296300595588,122
60.300000000000004,0.03237475576778388,0.005914020480818609,0.0009283450650264453,0.0,0.0,0.03078556743890187,122
60.32,0.03238510003845958,0.00591381796222459,0.0009283932172884315,0.0,0.0,0.030794969138122158,122
60.34,0.03239554327655395,0.0059135632012113845,0.0009284399759406505,0.0,0.0,0.030804497020071445,122
60.36,0.03240607994503917,0.005913256081972478,0.0009284853422700307,0.0,0.0,0.03081414612823469,122
60.38,0.032416703979335035,0.005912896497428668,0.0009285293329497754,0.0,0.0,0.030823910990183393,122
60.4,0.03242740884953971,0.005912484349934069,0.0009285719709782535,0.0,0.0,0.030833785680188665,122
60.42,0.03243862907756694,0.005912019551859033,0.0009286132207979743,0.0,0.0,0.030843763879981154,122
60.44,0.03245004630275852,0.0059115020260577635,0.000928653083852648,0.0,0.0,0.030853838935799384,122
60.46,0.03246201024614242,0.005910931706232295,0.000928691561626879,0.0,0.0,0.030864003910145044,122
60.480000000000004,0.0324740239392226,0.005911891856925444,0.0009287307359340945,0.0,0.0,0.030874251627021326,122
60.5,0.032486079335465504,0.005913305489070265,0.0009288189419774695,0.0,0.0,0.03088457470982557,122
60.52,0.03249816820319183,0.005914654976700719,0.00092890569409553,0.0,0.0,0.030894965611495035,122
60.54,0.03251028214748354,0.005915940091268759,0.0009289909872342559,0.0,0.0,0.03090541663692251,121
60.56,0.03252241262475869,0.005917160617865721,0.0009290748106602505,0.0,0.0,0.03091591995805923,121
60.58,0.03253455095077369,0.005918316356132497,0.0009291571657420188,0.0,0.0,0.030926467622465342,121
60.6,0.03254668830310323,0.0059194071212292166,0.0009292380538880743,0.0,0.0,0.030937051556359032,121
60.620000000000005,0.03255881571934924,0.005920432744864698,0.0009293174765459318,0.0,0.0,0.0309476635634164,121
60.64,0.032570924092457466,0.005921393076380809,0.0009293954352010577,0.0,0.0,0.03095829532070193,120
60.660000000000004,0.03258300416455552,0.005922287983881697,0.0009294719313757664,0.0,0.0,0.03096893837314436,120
60.68,0.03259504652068792,0.005923117355393404,0.0009295469666280753,0.0,0.0,0.03097958412793451,120
60.7,0.032607041583709744,0.005923881100035331,0.0009296205797812845,0.0,0.0,0.03099022385010842,120
60.72,0.03261897961143994,0.005925851226903425,0.0009296927416556202,0.0,0.0,0.0310008486604174,120
60.74,0.032630850696978214,0.005927955926018975,0.0009297634474868323,0.0,0.0,0.03101144953639084,120
60.76,0.03264264477286786,0.005929991125299525,0.0009298326989590006,0.0,0.0,0.031022017317274966,120
60.78,0.03265472502514542,0.005931956817785743,0.0009299004977852427,0.0,0.0,0.031032542713320507,120
60.800000000000004,0.03266679603942497,0.005933853023057246,0.0009300075792839867,0.0,0.0,0.0310430163196855,120
60.82,0.032678758370047,0.00593567978799414,0.0009301221958612902,0.0,0.0,0.03105342863503261,120
60.84,0.032690601438525584,0.00593743718740051,0.0009302353007068347,0.0,0.0,0.031063770084744736,120
60.86,0.03270231459406488,0.005939125324476569,0.0009303468625072029,0.0,0.0,0.031074031048539067,120
60.88,0.03271425085167687,0.005940744331129879,0.0009304722466106472,0.0,0.0,0.031084201892140385,120
60.9,0.03272638764570943,0.00594229436811958,0.0009306194708160407,0.0,0.0,0.031094273002565884,120
60.92,0.03273837579053215,0.005944012780297545,0.0009307651242763959,0.0,0.0,0.031104234826472028,120
60.94,0.032750205012659135,0.005945824942938739,0.0009309092083284072,0.0,0.0,0.031114077910920204,119
60.96,0.03276186516021505,0.005947567924395008,0.0009310517243321158,0.0,0.0,0.03112414519890958,119
60.980000000000004,0.032773346245502155,0.005949241999578909,0.0009311926737489198,0.0,0.0,0.03113413568142972,119
61.0,0.03278463848757401,0.005950847470496474,0.0009313320580511307,0.0,0.0,0.03114397959375238,119
61.02,0.03279573235393092,0.005952384665438653,0.0009314698787207756,0.0,0.0,0.031153668313832008,118
61.04,0.032806618600458186,0.005953853938045168,0.0009316061372484918,0.0,0.0,0.03116319353250694,118
61.06,0.03281728830877069,0.005955255666254384,0.0009317408351325041,0.0,0.0,0.031172547291717527,117
61.08,0.0328277329202042,0.005956594349972828,0.0009318739738776965,0.0,0.0,0.031181722019396514,117
61.1,0.03283794426580867,0.0059578734652429455,0.0009320055549947746,0.0,0.0,0.03119071056038742,117
61.120000000000005,0.03284791459183426,0.005959086301514155,0.0009321355799995248,0.0,0.0,0.03119950620288298,117
61.14,0.03285763658036146,0.005960233321634716,0.0009322640504121445,0.0,0.0,0.031208102700035358,117
61.160000000000004,0.032867103364886074,0.005961315006321201,0.0009323909677566592,0.0,0.0,0.03121651952935801,117
61.18,0.03287630854083252,0.005962331852745189,0.0009325163335604225,0.0,0.0,0.031225192565262055,117
61.2,0.0328852461711186,0.005963284373112061,0.000932640149353658,0.0,0.0,0.031233650004597577,117
61.22,0.03289391078701919,0.005964173093244847,0.0009327624166690868,0.0,0.0,0.03124188757688614,117
61.24,0.032902297384687425,0.005964998551184992,0.0009328831370415896,0.0,0.0,0.031249901511030232,117
61.26,0.032910401417763455,0.005965761295820304,0.0009330023120079277,0.0,0.0,0.03125768852910261,117
61.28,0.032918218786558616,0.005966461885549067,0.0009331199431064912,0.0,0.0,0.031265245836751304,117
61.300000000000004,0.03292574582432371,0.005967100886987731,0.0009332360318770977,0.0,0.0,0.031272571110731555,117
61.32,0.03293297928111834,0.00596767887372811,0.0009333505798608051,0.0,0.0,0.03127966248408418,117
61.34,0.032939916305782004,0.005968196425148765,0.0009334635885997585,0.0,0.0,0.031286518529463965,117
61.36,0.032946554426480215,0.005968654125283763,0.0009335750876898955,0.0,0.0,0.03129313824109385,116
61.38,0.03295289153025846,0.0059690525617510076,0.0009336850582792988,0.0,0.0,0.03129952101578133,116
61.4,0.032958925841994016,0.005969392324741179,0.0009337934943731952,0.0,0.0,0.03130569562388452,116
61.42,0.03296465590308493,0.005969674006067457,0.0009339003976222586,0.0,0.0,0.03131204761596733,116
61.44,0.032970080550166016,0.005970341853003412,0.0009340057693743722,0.0,0.0,0.03131816254817763,117
61.46,0.03297519889409538,0.005971346754212049,0.0009341096111770283,0.0,0.0,0.03132404123188973,117
61.480000000000004,0.032980010299405844,0.005972293198575035,0.0009342119245782066,0.0,0.0,0.03132968478409808,117
61.5,0.032984514364379026,0.005973181780770186,0.0009343127111263203,0.0,0.0,0.031335094609350994,117
61.52,0.03298871090185669,0.0059740130932129125,0.0009344119723701715,0.0,0.0,0.03134065891654082,117
61.54,0.03299259992087692,0.0059747877254399204,0.0009345097098589083,0.0,0.0,0.0313460786450557,117
61.56,0.0329961816091889,0.005975506263539937,0.0009346059251419833,0.0,0.0,0.031351269792268065,118
61.58,0.03299945631668092,0.005976169289628556,0.0009347006197691298,0.0,0.0,0.031356234750122995,118
61.6,0.033002424539733205,0.005977222132404356,0.0009347937952903204,0.0,0.0,0.03136097612145073,118
61.620000000000005,0.03300508690649264,0.005979284416236115,0.0009348854536097373,0.0,0.0,0.031365496707649904,119
61.64,0.033007444163052485,0.005981288662189112,0.0009349756144121057,0.0,0.0,0.03136979949738477,119
61.660000000000004,0.03300949716051131,0.0059832354189494254,0.0009350642608276931,0.0,0.0,0.03137388765627668,119
61.68,0.03301126063058656,0.005985125229522301,0.0009351513944073112,0.0,0.0,0.03137776451756023,118
61.7,0.033013399255478866,0.0059869586309095,0.0009352475364311182,0.0,0.0,0.03138143357367246,117
61.72,0.03301525021013574,0.005988736153810937,0.0009353650653247132,0.0,0.0,0.03138489846873478,117
61.74,0.03301681499780575,0.005990458322348444,0.0009354810343851162,0.0,0.0,0.031388162991891407,117
61.76,0.03301809518489165,0.005992125653809467,0.0009355954451878348,0.0,0.0,0.03139123107145944,117
61.78,0.03301909239283387,0.005993738658408766,0.0009357082993115269,0.0,0.0,0.03139410676985275,117
61.800000000000004,0.03301980829058026,0.005995297839066157,0.0009358196221311861,0.0,0.0,0.031397164728721796,117
61.82,0.033020244587596205,0.005996813621394502,0.000935929451486909,0.0,0.0,0.031400099198510174,116
61.84,0.033020403027366585,0.005998277015517809,0.0009360561458998283,0.0,0.0,0.03140285371463042,116
61.86,0.03302042537179939,0.005999688033282175,0.0009361964166803154,0.0,0.0,0.03140543283926248,116
61.88,0.0330204986125117,0.006001047146477713,0.0009363350882840753,0.0,0.0,0.03140784125345823,116
61.9,0.03302029875107455,0.006002354818671244,0.0009364722292389574,0.0,0.0,0.03141008375585783,116
61.92,0.03301982761066136,0.006003611505046886,0.0009366077903682255,0.0,0.0,0.03141216526190627,116
61.940000000000005,0.03301908702178191,0.006004817652252389,0.0009367417577995448,0.0,0.0,0.031414090803536895,116
61.96,0.033018078817800126,0.006005973698250049,0.0009368741331615967,0.0,0.0,0.03141586552928691,116
61.980000000000004,0.033016809741478644,0.006007080072171158,0.000937004918089138,0.0,0.0,0.031417494704811054,116
62.0,0.033015282099867926,0.006008137194172963,0.0009371341142230844,0.0,0.0,0.03141898371375872,117
62.02,0.03301349236732768,0.00600914547529717,0.0009372617232106195,0.0,0.0,0.03142033805898068,117
62.04,0.033011442347066995,0.00601010531732911,0.0009373877467053099,0.0,0.0,0.03142156336402934,117
62.06,0.0330091338246667,0.006011017112656692,0.0009375121863672396,0.0,0.0,0.031422665374915615,117
62.08,0.033006568564062685,0.006011911541009324,0.000937635043863167,0.0,0.0,0.03142364996208487,116
62.1,0.03300374830344781,0.006012758824409649,0.000937756320866705,0.0,0.0,0.03142452312256934,116
62.120000000000005,0.03300062296951271,0.0060135591263273565,0.0009378612475360918,0.0,0.0,0.031425253972437575,116
62.14,0.03299879912209341,0.006014312784337815,0.0009379616953480073,0.0,0.0,0.03142587836243332,116
62.160000000000004,0.03299678068590982,0.006015020138543506,0.0009380606247944276,0.0,0.0,0.031426409994022436,115
62.18,0.03299457213557729,0.006015681521889772,0.0009381580527834267,0.0,0.0,0.03142685539478081,114
62.2,0.032992169917388646,0.006016297256869205,0.0009382539341120959,0.0,0.0,0.031427221230640706,114
62.22,0.032989575628371175,0.0060168676553530205,0.0009383482703961914,0.0,0.0,0.031427514308059235,114
62.24,0.03298679257138399,0.0060173930184162965,0.0009384410632607924,0.0,0.0,0.03142774157597371,114
62.26,0.03298382405865728,0.0060178736361566195,0.0009385323143407962,0.0,0.0,0.031427910127465555,114
62.28,0.032981147123574535,0.0060183097875057285,0.0009386646800454428,0.0,0.0,0.031428027201052165,114
62.300000000000004,0.03297847255591631,0.006018701740033786,0.0009388037186469578,0.0,0.0,0.03142810018151798,114
62.32,0.0329769953807129,0.006019049749745988,0.0009389411299824152,0.0,0.0,0.03142813660019081,114
62.34,0.03297595938287829,0.006019354060871255,0.0009390769153730092,0.0,0.0,0.03142814413456622,114
62.36,0.03297480221106277,0.006019614905642898,0.0009392110761600706,0.0,0.0,0.03142813060717545,114
62.38,0.03297353147881887,0.006019832504071156,0.0009393436137060378,0.0,0.0,0.031428103983594066,114
62.4,0.032972153493603794,0.006020007063707696,0.0009394765658228799,0.0,0.0,0.03142807236948281,114
62.42,0.03297066928676504,0.006020138779402248,0.0009396394208844879,0.0,0.0,0.031428044006558034,114
62.440000000000005,0.032969266772590815,0.006020227833051674,0.000939800608372134,0.0,0.0,0.03142802726738928,114
62.46,0.0329685997474836,0.0060202743933420195,0.0009399601297935795,0.0,0.0,0.03142803064893241,114
62.480000000000004,0.03296807389577146,0.006020278615484183,0.0009401067820501326,0.0,0.0,0.03142803630500983,114
62.5,0.032967416146396235,0.006020240624885315,0.0009402343479515276,0.0,0.0,0.03142803817513529,114
62.52,0.03296669037452565,0.0060201605239457254,0.0009403602950318897,0.0,0.0,0.03142808626367869,114
62.54,0.03296590176993781,0.006020038425777503,0.0009404846248749184,0.0,0.0,0.03142825021991034,114
62.56,0.03296505544797506,0.006019874428920875,0.0009406073391029295,0.0,0.0,0.03142883596155801,114
62.58,0.032964156427966025,0.006019668617067521,0.0009407284393789572,0.0,0.0,0.03142949431835757,114
62.6,0.03296320961002424,0.006019421058787605,0.000940863136445246,0.0,0.0,0.031430234359159766,114
62.620000000000005,0.032962372728610106,0.006019131807263509,0.00094101821240756,0.0,0.0,0.03143106517451044,113
62.64,0.03296291264764881,0.00601880090003379,0.0009411716548195719,0.0,0.0,0.03143199585793088,113
62.660000000000004,0.03296346681708662,0.00601842835875133,0.0009413234469630013,0.0,0.0,0.03143303548633086,113
62.68,0.0329641006122845,0.006018042250131372,0.000941473590774884,0.0,0.0,0.03143419309979126,113
62.7,0.03296518901586799,0.006017619350681827,0.0009416220882501053,0.0,0.0,0.03143547768098294,113
62.72,0.0329662615700079,0.006017154725066244,0.0009417785929838827,0.0,0.0,0.03143684208171745,113
62.74,0.032968236416628625,0.006016648333175204,0.0009419443000848415,0.0,0.0,0.03143833471160845,113
62.76,0.03297116366996533,0.00601610011566782,0.0009421253891363407,0.0,0.0,0.0314399807089035,113
62.78,0.03297419736932458,0.006015509995386825,0.0009423047967436358,0.0,0.0,0.03144178862364447,113
62.800000000000004,0.032977344196444845,0.006014877878442961,0.0009424825504418299,0.0,0.0,0.03144376685016597,113
62.82,0.032980610598296545,0.0060142036542948024,0.0009426586395243322,0.0,0.0,0.031445923610170734,113
62.84,0.03298400276871812,0.006013487195901156,0.0009428392110440798,0.0,0.0,0.031448266937134005,113
62.86,0.03298778223894522,0.006012728359953628,0.0009430485393423939,0.0,0.0,0.031450804662092886,113
62.88,0.03299301733939042,0.006011926987196506,0.0009432561710949483,0.0,0.0,0.031453544400802384,113
62.9,0.03299844338757981,0.006011082902840417,0.0009434621088933271,0.0,0.0,0.031456493542173274,113
62.92,0.033004067081208635,0.006010523776781874,0.0009436663553740081,0.0,0.0,0.031459659237842864,113
62.940000000000005,0.033009894860458085,0.006011126819926923,0.0009438689132134013,0.0,0.0,0.03146304839268577,113
62.96,0.03301593289851626,0.006011692868311401,0.0009440697851222309,0.0,0.0,0.031466667656041364,113
62.980000000000004,0.033022187092523796,0.00601221055030874,0.0009442689738393401,0.0,0.0,0.03147052341342921,113
63.0,0.03302866305473193,0.00601267964543616,0.00094446648212502,0.0,0.0,0.03147462177853675,112
63.02,0.033035366103694834,0.006013259352325036,0.0009446623127539879,0.0,0.0,0.03147896858529596,112
63.04,0.033042301255366655,0.006014100628130028,0.000944856468508175,0.0,0.0,0.03148356937991204,112
63.06,0.033049473214030275,0.006014890926341957,0.0009450489521695037,0.0,0.0,0.031488429412761955,112
63.08,0.033056886363040515,0.006015629997648088,0.0009452397665128306,0.0,0.0,0.03149355363013455,112
63.1,0.03306452259737492,0.006016459576398771,0.0009454273633492456,0.0,0.0,0.03149892605881318,112
63.120000000000005,0.03307233841127745,0.006017551605251094,0.00094560844338047,0.0,0.0,0.031504507100700935,112
63.14,0.03308040660940197,0.0060185900546123215,0.0009457878678936296,0.0,0.0,0.031510365339353565,112
63.160000000000004,0.03308873019657342,0.006019574662916069,0.0009459656395748939,0.0,0.0,0.03151650441980363,112
63.18,0.033097311809247965,0.006020505166521671,0.0009461417610776908,0.0,0.0,0.03152292764048778,112
63.2,0.03310615370605287,0.006021381300936206,0.00094631623502069,0.0,0.0,0.03152963794467003,112
63.22,0.03311525775821243,0.006022202801956127,0.0009464890639870896,0.0,0.0,0.0315366379116916,112
63.24,0.03312462543965857,0.006023213005086842,0.0009466602505252311,0.0,0.0,0.03154392974784052,112
63.26,0.033134257816536,0.0060252605598194965,0.0009468297971505381,0.0,0.0,0.031551515276548356,112
63.28,0.03314415553574247,0.006027246843696188,0.0009469977483919706,0.0,0.0,0.0315593959275567,112
63.300000000000004,0.03315431881208012,0.006029171494085042,0.0009471640876245264,0.0,0.0,0.03156757272463491,112
63.32,0.033164747413566203,0.006031034150371092,0.000947357805038031,0.0,0.0,0.03157604627140772,112
63.34,0.033175440644451444,0.006032834454500355,0.0009475640309804038,0.0,0.0,0.03158481673485441,112
63.36,0.033186397325535105,0.006034572051452284,0.0009477685365999015,0.0,0.0,0.03159388382608542,112
63.38,0.03319761577145282,0.006036246589659173,0.0009479713242232195,0.0,0.0,0.03160324677809205,112
63.4,0.033209093764744284,0.006037857721394157,0.0009481723961850872,0.0,0.0,0.0316129043202975,112
63.42,0.033220828526689,0.0060394051031513974,0.0009483717548354366,0.0,0.0,0.03162285464991923,112
63.440000000000005,0.033232816685120355,0.00604088839604289,0.0009486015986329175,0.0,0.0,0.03163309540037517,112
63.46,0.033245054239689105,0.006042333234773084,0.0009488311058886626,0.0,0.0,0.03164362360722585,112
63.480000000000004,0.033257896028541366,0.00604372090402479,0.0009490588642125569,0.0,0.0,0.031654435672426665,112
63.5,0.03327108840056105,0.0060450434401539965,0.0009492848761993328,0.0,0.0,0.03166552732795041,112
63.52,0.03328451340088239,0.006046317019022218,0.0009495091444894063,0.0,0.0,0.03167689360011862,112
63.54,0.03329816415075348,0.006047541163704685,0.0009497316717725744,0.0,0.0,0.03168852877621129,112
63.56,0.033312032967398646,0.006048699194540098,0.0009499524607909542,0.0,0.0,0.03170042637509964,112
63.58,0.033326111338985415,0.006049790821960748,0.0009501715143412565,0.0,0.0,0.03171263396465684,112
63.6,0.033340389907092066,0.006050815767044956,0.0009503888352763955,0.0,0.0,0.031725554464517094,112
63.620000000000005,0.03335485845836023,0.006051773762735828,0.0009506044265065191,0.0,0.0,0.03173871245322844,112
63.64,0.03336950592677576,0.0060526645551389905,0.0009508182909995333,0.0,0.0,0.03175209822598711,112
63.660000000000004,0.03338432040767397,0.006053487904878208,0.0009510304317812012,0.0,0.0,0.031765701284244365,112
63.68,0.03339929329005454,0.006054243588484104,0.0009512408519348815,0.0,0.0,0.0317795103644594,112
63.7,0.03341441307306661,0.006054931399789044,0.0009514495546009888,0.0,0.0,0.031793513479582945,112
63.72,0.03342965949802153,0.006055551151299702,0.0009516565429762324,0.0,0.0,0.03180769797294402,112
63.74,0.03344501769349645,0.006056102675518987,0.0009518618203127015,0.0,0.0,0.031822050583723546,112
63.76,0.03346047220154256,0.00605658582618985,0.0009520653899168209,0.0,0.0,0.03183655752275955,112
63.78,0.03347600705913724,0.006057000479435609,0.0009522672551482233,0.0,0.0,0.0318512045570722,112
63.800000000000004,0.03349244767384812,0.006057346534774181,0.0009524674194185564,0.0,0.0,0.0318659771012329,112
63.82,0.03350967966753465,0.006057623915987096,0.000952665886190231,0.0,0.0,0.03188086031354903,112
63.84,0.03352699085387657,0.00605783257182796,0.000952862658975118,0.0,0.0,0.03189583919498082,112
63.86,0.03354436588680037,0.006057972476559071,0.000953057741333189,0.0,0.0,0.031910898688749106,112
63.88,0.03356179105972074,0.006058043630308939,0.0009532511545551425,0.0,0.0,0.03192602377870684,112
63.9,0.033579258196971364,0.006058046059247318,0.0009534428914621467,0.0,0.0,0.031941199584713004,112
63.92,0.03359670551905397,0.006057979815578018,0.0009536223898198696,0.0,0.0,0.03195638374743991,112
63.940000000000005,0.033614133904577924,0.006057844964397907,0.0009537939742272124,0.0,0.0,0.031971573150899955,112
63.96,0.033631551774700716,0.0060576416015480005,0.0009539639262472108,0.0,0.0,0.03198677026712612,112
63.980000000000004,0.033648945308285536,0.0060573698555374585,0.0009541322494803614,0.0,0.0,0.03200196160445961,112
64.0,0.0336663011962366,0.006057029879173827,0.0009542989475641266,0.0,0.0,0.03201713419219127,112
64.02,0.03368360669301442,0.006056621848752922,0.0009545167779799288,0.0,0.0,0.03203227563270999,112
64.04,0.033700849658620496,0.006056145963125632,0.0009547474218452986,0.0,0.0,0.03204737414412316,112
64.06,0.03371801859086649,0.006055602442657785,0.0009549763249457637,0.0,0.0,0.032062418593165345,112
64.08,0.033735102647909035,0.006054991528100135,0.000955203491298698,0.0,0.0,0.032077398518377605,110
64.1,0.03375209166118785,0.00605431347938607,0.0009554289249451035,0.0,0.0,0.03209230414369672,110
64.12,0.03376897613906278,0.006053568574374849,0.0009556526299459829,0.0,0.0,0.032107126382752045,110
64.14,0.033785747261592794,0.006052757107558076,0.0009558746103784794,0.0,0.0,0.03212185683431483,110
64.16,0.033802338590566826,0.006051890271286288,0.000956078508674855,0.0,0.0,0.03213643938296269,109
64.18,0.033818769863466394,0.006050976379972473,0.0009562720228581487,0.0,0.0,0.03215088957666303,108
64.2,0.03383506523140194,0.006049996801001887,0.0009564639234008224,0.0,0.0,0.032165226756729615,108
64.22,0.03385121835499888,0.0060489518825963175,0.0009566541938701315,0.0,0.0,0.03217944506342912,108
64.24,0.033867223432221864,0.006047841983158296,0.0009568428184201531,0.0,0.0,0.0321935391913902,108
64.26,0.033883075156152964,0.006046667470083571,0.0009570298010264448,0.0,0.0,0.03220750434815773,108
64.28,0.033898768670024934,0.006045428718633336,0.0009572151456474694,0.0,0.0,0.03222133621002549,108
64.3,0.033914299520550945,0.006044126110873893,0.0009573988562198188,0.0,0.0,0.032235030876190486,108
64.32000000000001,0.033929663610550075,0.006042760034689782,0.0009575809366534345,0.0,0.0,0.032248584822228754,108
64.34,0.033944857151802205,0.006041330882874671,0.0009577613908269157,0.0,0.0,0.03226199485382715,108
64.36,0.033959876618973185,0.006039839052302889,0.000957940222582912,0.0,0.0,0.032275258061612105,108
64.38,0.033974718705332904,0.006038284943183078,0.0009581174493714966,0.0,0.0,0.03228837177779876,108
64.4,0.033989380280854097,0.006036668958394245,0.0009582930624460586,0.0,0.0,0.03230133353524762,108
64.42,0.034003858353128295,0.006034991502903565,0.0009584670644078577,0.0,0.0,0.032314141029365535,108
64.44,0.03401815003137764,0.006033252983264534,0.000958639458913625,0.0,0.0,0.03232679208312932,108
64.46000000000001,0.0340322524936847,0.006031453807193482,0.000958823416702732,0.0,0.0,0.032339284615353944,109
64.48,0.03404616295741437,0.006029594383222198,0.0009590237214682498,0.0,0.0,0.03235161661217953,108
64.5,0.034059878652672564,0.006027675120424215,0.0009592224100903004,0.0,0.0,0.03236378610162188,108
64.52,0.034073369302104015,0.006025696428212317,0.0009594250175898217,0.0,0.0,0.03237575808610497,108
64.54,0.034086628149927654,0.006023658719541357,0.0009596323291586713,0.0,0.0,0.032387525886717165,108
64.56,0.03409968380775056,0.006021562408029572,0.0009598379983824386,0.0,0.0,0.03239912536676764,108
64.58,0.03411253334159465,0.00601940790362483,0.0009600420284725652,0.0,0.0,0.03241055451793335,108
64.6,0.03412517373233915,0.006017195616470114,0.0009602444255577287,0.0,0.0,0.03242192108794547,108
64.62,0.034137593847646606,0.006014925957023841,0.0009604429893397108,0.0,0.0,0.03243347144191039,108
64.64,0.034149748417507036,0.00601259933347592,0.0009606261585331234,0.0,0.0,0.032444808187285804,108
64.66,0.03416168409667585,0.006010216140231113,0.0009608077374414895,0.0,0.0,0.032455965268055845,108
64.68,0.034173397388451696,0.006007776789978185,0.0009609877287858476,0.0,0.0,0.032466940302001465,108
64.7,0.0341848846485477,0.006005281696747805,0.0009611661476595419,0.0,0.0,0.032477730801162556,108
64.72,0.03419610571327671,0.006004322040695836,0.0009613445390149752,0.0,0.0,0.032488296265483566,108
64.74,0.034207072707361334,0.006003438394737211,0.0009615222059535372,0.0,0.0,0.03249865073891929,108
64.76,0.03421780175296768,0.006002495484399742,0.0009616982968185998,0.0,0.0,0.032508812486788614,108
64.78,0.03422828856381913,0.006002017542673005,0.0009619365777860179,0.0,0.0,0.032518945738661806,108
64.8,0.03423906888978452,0.0060029111525159076,0.0009621760014807987,0.0,0.0,0.03252914015385157,108
64.82000000000001,0.03424961570310463,0.0060054051750170045,0.0009624137227382439,0.0,0.0,0.032539132169501196,108
64.84,0.03425990573783759,0.006007826726229708,0.000962649744051119,0.0,0.0,0.03254891855136337,108
64.86,0.034269934144800555,0.006010176271728867,0.0009628840678524559,0.0,0.0,0.03255849600174088,108
64.88,0.034279695976204824,0.00601245428141913,0.0009631166965179361,0.0,0.0,0.03256786118251897,108
64.9,0.034289186209952076,0.006014661229782803,0.0009633476323682756,0.0,0.0,0.03257701074173552,108
64.92,0.03429839977674638,0.0060167975960677515,0.0009635768776715926,0.0,0.0,0.03258594134307848,109
64.94,0.03430733158926503,0.0060188638644071875,0.0009638136716967195,0.0,0.0,0.03259464969755849,110
64.96000000000001,0.0343159765725384,0.006020860523865173,0.0009640737022939635,0.0,0.0,0.03260313259651189,110
64.98,0.034324329694642546,0.006022788068403814,0.0009643320105426549,0.0,0.0,0.032611386945042745,109
65.0,0.03433238599681431,0.006024646996770472,0.0009645885985032849,0.0,0.0,0.03261940979501825,110
65.02,0.03434014069982151,0.0060264378123054485,0.0009648434681937118,0.0,0.0,0.03262719837678541,110
65.04,0.03434760016967371,0.006028161022672745,0.0009650966215912517,0.0,0.0,0.03263475012886884,110
65.06,0.03435474872395273,0.006029817139518297,0.0009653480606346982,0.0,0.0,0.0326420627250346,110
65.08,0.03436158740178344,0.006031406678061593,0.0009655977872262776,0.0,0.0,0.032649134098245755,110
65.1,0.034368048947402516,0.0060329301566277565,0.0009658098182817364,0.0,0.0,0.03265591283042182,110
65.12,0.03437417060579847,0.006034388085460724,0.0009660107742758255,0.0,0.0,0.03266243395798692,110
65.14,0.03437996495803579,0.006035780984625865,0.0009662101331645346,0.0,0.0,0.03266870933397061,110
65.16,0.03438542842393068,0.006037109378412563,0.0009664090844234344,0.0,0.0,0.03267473809829272,110
65.18,0.03439200507595026,0.006038373791912945,0.0009666538069117538,0.0,0.0,0.03268051971686703,110
65.2,0.03439840181448062,0.006039574750378742,0.0009668968597570197,0.0,0.0,0.03268605398484435,111
65.22,0.03440450850992351,0.006040712779241057,0.0009671382399816813,0.0,0.0,0.03269134102705931,111
65.24,0.03441030680936153,0.006041799389394057,0.0009673814521320783,0.0,0.0,0.03269636033708873,111
65.26,0.03441577491271358,0.006042843733955015,0.0009676307381380706,0.0,0.0,0.03270108726925684,111
65.28,0.03442095115001955,0.0060438358514022005,0.0009678783227486099,0.0,0.0,0.03270556936172025,111
65.3,0.03442583543575277,0.00604477233523402,0.0009681242309958841,0.0,0.0,0.03270980801873253,111
65.32000000000001,0.034430427935600166,0.006045648436385739,0.0009683684376731711,0.0,0.0,0.032713804946876084,111
65.34,0.03443472905537915,0.006046464662970371,0.0009686109437985654,0.0,0.0,0.032717562146029965,111
65.36,0.03443873942933155,0.006047221518152816,0.000968851750377829,0.0,0.0,0.03272108189981815,111
65.38,0.03444245990800886,0.006047919499572697,0.0009690908584053062,0.0,0.0,0.03272436676575638,111
65.4,0.034445891545923445,0.006048559098787084,0.0009693282688647951,0.0,0.0,0.032727419565276895,110
65.42,0.03444903558910521,0.0060491408007335235,0.0009695639827303674,0.0,0.0,0.03273024337377462,110
65.44,0.034451893462666805,0.006049665083464507,0.0009697980009671321,0.0,0.0,0.03273284151078251,110
65.46000000000001,0.03445446675844804,0.006050132417705467,0.0009700303527818789,0.0,0.0,0.03273521753035099,110
65.48,0.034456681723166904,0.006050543264708415,0.0009702488856899482,0.0,0.0,0.032737271311949964,110
65.5,0.03445861412291679,0.006051184251735321,0.0009704655035258248,0.0,0.0,0.03273910855343538,110
65.52,0.03446026769331828,0.0060520346636467265,0.0009706804889223765,0.0,0.0,0.032740735819287596,110
65.54,0.034461644571864736,0.006052854418862799,0.0009708938699099209,0.0,0.0,0.03274215750974691,110
65.56,0.03446274700267049,0.006053616518668909,0.000971105614261707,0.0,0.0,0.032743378215149575,110
65.58,0.03446357732453693,0.006054321407899133,0.0009713157225601947,0.0,0.0,0.032744402707551336,110
65.6,0.0344644018550487,0.0060549695204368875,0.000971524195386098,0.0,0.0,0.03274523593234746,110
65.62,0.03446522804235873,0.006055561278868674,0.0009717310333187717,0.0,0.0,0.03274588299977827,110
65.64,0.034465788850523225,0.006056097094155679,0.0009719362369365524,0.0,0.0,0.03274634917619431,110
65.66,0.03446608687340872,0.0060565773653236754,0.000972139806817063,0.0,0.0,0.032746639874944264,110
65.68,0.03446611566093593,0.006057002479172149,0.0009723392381855328,0.0,0.0,0.03274675329726953,110
65.7,0.0344658074206681,0.006057372805239518,0.0009725151020387262,0.0,0.0,0.03274663806746416,110
65.72,0.03446527048228872,0.006057688663354761,0.0009726893813436729,0.0,0.0,0.032746364418759145,111
65.74,0.03446493575618979,0.006057950402691286,0.000972862076610784,0.0,0.0,0.032745938248562444,111
65.76,0.03446524696874432,0.006058180312689868,0.0009730331883495643,0.0,0.0,0.03274536554457112,111
65.78,0.03446717607791538,0.006058363438587593,0.0009732027170686725,0.0,0.0,0.03274465237007039,111
65.8,0.03446894540253132,0.0060584933642417954,0.0009733706705440491,0.0,0.0,0.032743804847763625,111
65.82000000000001,0.03447056033171568,0.006058570384906621,0.0009735370483947253,0.0,0.0,0.03274282914202224,111
65.84,0.03447202625521704,0.0060585947821835354,0.00097370184478037,0.0,0.0,0.032742045139138816,111
65.86,0.03447334854149662,0.0060585668239964054,0.0009738650602061628,0.0,0.0,0.03274139646347122,110
65.88,0.034474532514099765,0.006058486764611933,0.0009740266951759406,0.0,0.0,0.03274063735474192,110
65.9,0.03447558342639271,0.0060583548447090945,0.0009741867544143351,0.0,0.0,0.032739773933390746,110
65.92,0.034476506434827914,0.006058171291501107,0.0009743452362808091,0.0,0.0,0.03273881224807218,110
65.94,0.034477306570984384,0.006057936318913044,0.0009745021392051908,0.0,0.0,0.032737758248688235,110
65.96000000000001,0.03447798871271972,0.006057650127817756,0.0009746574636828873,0.0,0.0,0.0327366177585861,110
65.98,0.03447855755486783,0.006057312906331972,0.0009748145117466216,0.0,0.0,0.032735396446357534,110
66.0,0.03447901758000276,0.006056924830173642,0.0009750183661946917,0.0,0.0,0.032734099797763365,110
66.02,0.034479373029873354,0.0060564871443016454,0.0009752205224673134,0.0,0.0,0.03273273308839101,109
66.04,0.034479627878170674,0.006056333546975755,0.0009754209815586295,0.0,0.0,0.03273130135770985,109
66.06,0.03447978580533185,0.006056257646007043,0.0009756197455831204,0.0,0.0,0.032729809385231845,109
66.08,0.03447985017608461,0.006056129774550862,0.0009758168166957573,0.0,0.0,0.03272826166948449,109
66.1,0.03447983114452825,0.006055950064028363,0.0009760121935710365,0.0,0.0,0.03272666241046743,109
66.12,0.03447972805518396,0.00605571863669603,0.0009762058771673132,0.0,0.0,0.032725015496183785,110
66.14,0.034479539498862,0.0060554356063556,0.0009763978684326948,0.0,0.0,0.03272332449371157,110
66.16,0.034479267429394216,0.006055101079087644,0.0009765881683046634,0.0,0.0,0.032721592645110854,110
66.18,0.03447891343336895,0.0060547151539994395,0.0009767767777097832,0.0,0.0,0.03272002501317831,110
66.2,0.034478478733828664,0.006054299692361729,0.0009769636975635214,0.0,0.0,0.03271863586422182,110
66.22,0.034477964198293416,0.006053856643932948,0.0009771489287701918,0.0,0.0,0.03271721316636271,110
66.24,0.034477370350508955,0.00605336239018694,0.0009773324722230413,0.0,0.0,0.03271575891597724,110
66.26,0.034476697385115045,0.00605281700987663,0.0009775143288044933,0.0,0.0,0.03271427483172562,110
66.28,0.0344759451842775,0.006052220578437232,0.0009776944993865632,0.0,0.0,0.03271276237352714,109
66.3,0.034475113335226994,0.006051573168658751,0.0009778729848314313,0.0,0.0,0.03271122276255432,109
66.32000000000001,0.034474201147623736,0.006050874851333889,0.0009780497859922179,0.0,0.0,0.032709657001169234,109
66.34,0.03447320766971443,0.0060501256958837915,0.0009782249037139196,0.0,0.0,0.03270806589177249,109
66.36,0.03447213170236525,0.0060493257709661255,0.0009783983388345406,0.0,0.0,0.032706581657272416,109
66.38,0.03447097181024698,0.006048475145071732,0.0009785700921863855,0.0,0.0,0.03270535816374655,109
66.4,0.03446972632968407,0.006047573887117445,0.0009787401645975225,0.0,0.0,0.032704110172686485,109
66.42,0.03446840079670851,0.006046622067043097,0.0009789085568934171,0.0,0.0,0.03270283782597525,109
66.44,0.03446698927092097,0.006045619756420738,0.000979075269898673,0.0,0.0,0.03270154111916669,109
66.46000000000001,0.03446548588651261,0.006044567029083098,0.0009792403044389276,0.0,0.0,0.03270021990276389,109
66.48,0.034463888077453236,0.00604346396177673,0.0009794036613428236,0.0,0.0,0.03269887388122936,109
66.5,0.034462149064910026,0.006042310634842923,0.000979567102717155,0.0,0.0,0.03269745681955186,109
66.52,0.03446029821033564,0.0060411071391693666,0.0009797293307524026,0.0,0.0,0.032696001860133224,109
66.54,0.03445832274799133,0.006039877728771816,0.0009798838164014256,0.0,0.0,0.032694495054560485,109
66.56,0.03445618671573371,0.006038602613818839,0.0009800212524520688,0.0,0.0,0.03269289661732281,109
66.58,0.034453939867158424,0.006037277596084998,0.000980157102022593,0.0,0.0,0.03269138307841488,109
66.6,0.03445157815077426,0.0060359027847540865,0.0009802913653177217,0.0,0.0,0.03269017746859935,109
66.62,0.03444909727168359,0.006034478297053942,0.0009804240425662796,0.0,0.0,0.03268894034659064,109
66.64,0.03444649270439019,0.00603300425895469,0.0009805551340228962,0.0,0.0,0.032687670278190896,109
66.66,0.034444149504301386,0.006031480805810764,0.0009806846399695519,0.0,0.0,0.03268636573996304,109
66.68,0.03444318963543036,0.0060299080829280295,0.0009808125607169396,0.0,0.0,0.03268502514759751,109
66.7,0.03444215785091231,0.0060282862460383415,0.0009809388966056174,0.0,0.0,0.03268364688912369,109
66.72,0.034441051454146936,0.006026615461665725,0.0009810636480069568,0.0,0.0,0.03268222936221121,109
66.74,0.03443986776143838,0.006024895907371052,0.0009811868153238414,0.0,0.0,0.03268077101457267,109
66.76,0.034438604142737195,0.006023127771865424,0.000981308398991166,0.0,0.0,0.032679270386321325,109
66.78,0.03443725806302513,0.0060213112549863095,0.000981428399476085,0.0,0.0,0.03267772615304937,109
66.8,0.034435827123089055,0.0060194465675343775,0.000981546817278054,0.0,0.0,0.03267613716837679,109
66.82000000000001,0.03443430909848971,0.0060175339309729995,0.0009816636529286669,0.0,0.0,0.032674502504778935,109
66.84,0.034432701975641425,0.006015573576996034,0.0009817789069912959,0.0,0.0,0.0326728214916126,109
66.86,0.0344310039840698,0.006013565746972805,0.0009818925800605738,0.0,0.0,0.0326715842680412,109
66.88,0.034429213624098405,0.006011510691281904,0.000982004672761731,0.0,0.0,0.03267040435314807,109
66.9,0.03442732968939977,0.006009408668547551,0.0009821151857498114,0.0,0.0,0.03266917706386106,109
66.92,0.03442535128403002,0.0060072599447936964,0.0009822241197087892,0.0,0.0,0.03266790305296224,109
66.94,0.03442327783373195,0.0060050647925319,0.0009823314753506234,0.0,0.0,0.032666890153954735,108
66.96000000000001,0.034421109091433665,0.006002823489799272,0.0009824372534142623,0.0,0.0,0.03266594429297699,108
66.98,0.034418845136979334,0.0060005363191625635,0.0009825414546646197,0.0,0.0,0.03266495545564123,108
67.0,0.034416889633129465,0.005998203566703891,0.0009826440798915523,0.0,0.0,0.03266392583598122,108
67.02,0.03441502791370549,0.005995825521002748,0.000982745129908858,0.0,0.0,0.03266285800556227,108
67.04,0.03441307389444715,0.005993402472127849,0.000982844605553288,0.0,0.0,0.03266175489976252,107
67.06,0.03441103577571999,0.005990934710683829,0.0009829612881213803,0.0,0.0,0.032660619799089276,107
67.08,0.03440890656562768,0.005988422527687936,0.0009830923173733256,0.0,0.0,0.03265945630572653,107
67.1,0.03440777822628517,0.005985866210977877,0.0009832217351454318,0.0,0.0,0.03265826831549459,107
67.12,0.03440709718242217,0.005983266047105072,0.000983349542443865,0.0,0.0,0.032657059985387434,107
67.14,0.03440638643643713,0.0059806223196118375,0.0009834757402964129,0.0,0.0,0.03265583569683923,107
67.16,0.03440564696817339,0.005977935308304046,0.0009836003297519682,0.0,0.0,0.03265460001487038,107
67.18,0.0344052600380353,0.005975205288598124,0.0009837233118801018,0.0,0.0,0.03265335764327741,106
67.2,0.034404939848424874,0.005972432530948136,0.0009838446877707117,0.0,0.0,0.0326521133760621,106
67.22,0.034404603191175054,0.005969617300357896,0.0009839644585337719,0.0,0.0,0.032650872045354655,106
67.24,0.034404254376121414,0.005966759855982508,0.000984082654591048,0.0,0.0,0.03264963846615983,106
67.26,0.03440387375609888,0.0059638604508229645,0.0009842002235130346,0.0,0.0,0.032648392535044105,106
67.28,0.034403460331756716,0.0059609193348316636,0.000984317369360106,0.0,0.0,0.03264713357062534,106
67.3,0.03440304693580237,0.005957936752169002,0.0009844329139988362,0.0,0.0,0.03264589612034425,105
67.32000000000001,0.034402637165497255,0.005954912936463411,0.0009845468627538245,0.0,0.0,0.03264468433288426,105
67.34,0.034402234284751934,0.005951848114941527,0.0009846592276720005,0.0,0.0,0.03264350203602543,105
67.36,0.03440210637430631,0.0059487425086107715,0.0009847699972948434,0.0,0.0,0.03264235267651175,105
67.38,0.034402190412064146,0.005946669380958945,0.000984879171919679,0.0,0.0,0.032641239262892044,105
67.4,0.03440228791876942,0.0059449170488520275,0.0009849867530897284,0.0,0.0,0.03264016431276956,105
67.42,0.034402400256788285,0.005943121366502793,0.0009850927506942352,0.0,0.0,0.03263912980594607,105
67.44,0.03440252819659823,0.005941282515036998,0.0009851971559503704,0.0,0.0,0.03263813714493688,105
67.46000000000001,0.03440267188556184,0.005939400671810168,0.00098529997020068,0.0,0.0,0.03263718712424103,105
67.48,0.03440283082664266,0.005937476011033045,0.000985401194812401,0.0,0.0,0.03263627990957919,106
67.5,0.034403003868015786,0.005935508704432836,0.0009855008311781374,0.0,0.0,0.032635415028053075,105
67.52,0.03440318920418659,0.005933498921935371,0.0009856195844434618,0.0,0.0,0.0326345913698416,105
67.54,0.03440338438883387,0.005932119985952022,0.0009857537460288438,0.0,0.0,0.03263380720165196,105
67.56,0.03440382466193656,0.005932891147621681,0.0009858862841028737,0.0,0.0,0.03263306019168975,105
67.58,0.034404538774687334,0.005934180983883228,0.0009860172001806577,0.0,0.0,0.032632347445455956,105
67.6,0.0344052085980871,0.00593541309533243,0.0009861334978165416,0.0,0.0,0.032631633859779546,105
67.62,0.03440584670548052,0.0059365874857625735,0.0009862404782747648,0.0,0.0,0.03263092837012858,105
67.64,0.03440647330706159,0.005937704178211369,0.000986345883837537,0.0,0.0,0.03263024552633109,105
67.66,0.034407045903779146,0.005938763218540468,0.000986439963473321,0.0,0.0,0.032629550650685964,105
67.68,0.034407542633510264,0.005939764655296516,0.000986518496653486,0.0,0.0,0.03262882577042093,105
67.7,0.03440801073738249,0.005940708546866986,0.0009866004752663905,0.0,0.0,0.03262810897077557,104
67.72,0.0344084440671392,0.005941594984604336,0.0009867242343346869,0.0,0.0,0.03262739500580099,104
67.74,0.0344088363620385,0.00594242407553762,0.000986846400646906,0.0,0.0,0.032626678542494444,104
67.76,0.03440918130014122,0.005943195942319581,0.0009869669562122443,0.0,0.0,0.03262595421312852,104
67.78,0.034409472542120685,0.005943910723036832,0.0009871128742460489,0.0,0.0,0.03262521666015095,104
67.8,0.034409703766694597,0.005944568570905061,0.0009872661675582237,0.0,0.0,0.032624460572756975,104
67.82000000000001,0.03440986869719775,0.005945169653873116,0.0009874177887468996,0.0,0.0,0.03262368071465511,104
67.84,0.03440996111922689,0.005945714154160618,0.0009875677087474617,0.0,0.0,0.03262287194295975,104
67.86,0.03440997488968648,0.005946202267753447,0.000987715929482594,0.0,0.0,0.032622029218541494,104
67.88,0.03441001060485153,0.005946634203880171,0.0009878624528359117,0.0,0.0,0.032621212892410094,104
67.9,0.034410463276065714,0.005947024839927278,0.0009880072805802174,0.0,0.0,0.03262072768098069,104
67.92,0.03441081838376516,0.005947373273070783,0.000988150414605031,0.0,0.0,0.03262032240973449,104
67.94,0.034411403878733364,0.005947666181649518,0.0009882918568127276,0.0,0.0,0.032620156147659625,105
67.96000000000001,0.03441201302980587,0.005947903823019153,0.000988431609117303,0.0,0.0,0.03261993111410426,105
67.98,0.03441250630805601,0.00594808646685544,0.000988569673443153,0.0,0.0,0.03261964275240471,105
68.0,0.034412877810281094,0.00594821439058256,0.0009887060517238802,0.0,0.0,0.032619286531999324,105
68.02,0.03441312159895864,0.005948287883484375,0.000988840754769636,0.0,0.0,0.03261885793327152,105
68.04,0.03441322896381492,0.005948307245017342,0.000988972943010627,0.0,0.0,0.03261834929727836,105
68.06,0.034413125012729334,0.0059482727849313,0.0009890808803880837,0.0,0.0,0.032617676796110454,105
68.08,0.03441286559669307,0.005949483896139836,0.0009891884351890322,0.0,0.0,0.032616906616369255,105
68.1,0.0344123980829705,0.005950821471669128,0.0009893013880040834,0.0,0.0,0.032615977688652556,105
68.12,0.03441177247175476,0.005952102547437962,0.0009894127080423195,0.0,0.0,0.03261495386992705,105
68.14,0.03441098250084314,0.005953327459394168,0.0009895223969881568,0.0,0.0,0.03261383063121398,105
68.16,0.034410021883251686,0.00595449655306893,0.0009896304565306748,0.0,0.0,0.03261260347959197,105
68.18,0.034408884328590406,0.005955610183413139,0.0009897368883630348,0.0,0.0,0.032611267982196324,104
68.2,0.034407563567710096,0.00595666871578713,0.0009898416941819766,0.0,0.0,0.03260981979359805,104
68.22,0.034406053379557495,0.005957672522437691,0.0009899448756874212,0.0,0.0,0.032608254685501,104
68.24,0.03440434761911789,0.00595862198487511,0.0009900464345821529,0.0,0.0,0.03260656857763838,104
68.26,0.03440244024534491,0.005959517493223316,0.000990146372571578,0.0,0.0,0.03260475756876881,104
68.28,0.034400319514742095,0.00596035944551229,0.000990244700897043,0.0,0.0,0.032602812123085544,104
68.3,0.03439793706516483,0.005961148247295575,0.0009903414914441291,0.0,0.0,0.032600685817727355,104
68.32000000000001,0.03439695433924156,0.005961884311650022,0.00099043666724601,0.0,0.0,0.03259842423653303,104
68.34,0.03439579781613763,0.005962568057350278,0.0009905302300147445,0.0,0.0,0.03259602447362924,104
68.36,0.03439446409624127,0.0059631999089427455,0.0009906221814647358,0.0,0.0,0.03259348392770417,104
68.38,0.034392950078387524,0.005963780296115586,0.000990712531877499,0.0,0.0,0.03259080031731909,104
68.4,0.03439125297072037,0.005964309653044228,0.0009908371130529794,0.0,0.0,0.0325879716924668,104
68.42,0.03438937029787478,0.005964788417720004,0.0009909619119160438,0.0,0.0,0.03258499644247215,104
68.44,0.03438729990468277,0.005965219226371453,0.0009910850670645497,0.0,0.0,0.03258187330044006,104
68.46000000000001,0.03438503995668904,0.00596561490345462,0.0009912065802447022,0.0,0.0,0.03257860134453805,103
68.48,0.034382588937814776,0.0059659613166099645,0.000991326453208845,0.0,0.0,0.032575179996453055,103
68.5,0.034379945645537834,0.005966258912436601,0.0009914446877157,0.0,0.0,0.032571609017392734,103
68.52,0.03437707302837568,0.005966508137974993,0.0009915518697866347,0.0,0.0,0.032567861513294355,103
68.54,0.03437398389508169,0.005966718453914414,0.0009916515204403144,0.0,0.0,0.032563947897753166,103
68.56,0.03437070071334438,0.005968258450575911,0.0009917496083369942,0.0,0.0,0.03255988590596219,103
68.58,0.034367223450060415,0.005969746764158745,0.0009918461132011923,0.0,0.0,0.03255571937451662,103
68.60000000000001,0.0343635523368861,0.005971183772630918,0.000991945285022155,0.0,0.0,0.03255184065900328,103
68.62,0.03435968785767922,0.005972569849842768,0.0009920452200796255,0.0,0.0,0.03254781695961288,103
68.64,0.034355630735540425,0.005973905364938589,0.000992143574986715,0.0,0.0,0.032543650171157526,103
68.66,0.034351381919597725,0.005975190681795405,0.000992240351287259,0.0,0.0,0.03253934244823753,103
68.68,0.034346942571633995,0.005976426158489216,0.0009923355505349677,0.0,0.0,0.03253489619302977,103
68.7,0.03434231405261893,0.005977612146941824,0.0009924291742936001,0.0,0.0,0.03253031404303019,103
68.72,0.03433749790917033,0.005979028529835937,0.0009925212241371306,0.0,0.0,0.03252559885877776,103
68.74,0.03433249585993409,0.005980782154673941,0.0009926117016499142,0.0,0.0,0.032520753711552275,103
68.76,0.03432730978184316,0.0059824826033870945,0.0009927006085114556,0.0,0.0,0.0325157818710093,103
68.78,0.03432194169618775,0.005984130247671603,0.0009927879462612744,0.0,0.0,0.03251068679268759,103
68.8,0.034316393754404234,0.005985725450433643,0.0009928737164974157,0.0,0.0,0.03250547210529995,103
68.82000000000001,0.03431066822347024,0.0059872685654365695,0.0009929579208474049,0.0,0.0,0.03250014159769824,104
68.84,0.034304767470775245,0.005988759936979213,0.0009930405609499889,0.0,0.0,0.03249469920538557,105
68.86,0.03429877967493377,0.005990199899606314,0.0009931216384552962,0.0,0.0,0.032489148996435284,105
68.88,0.034293030122680014,0.005991588777852432,0.000993201155025026,0.0,0.0,0.03248349515666807,105
68.9,0.03428711222350026,0.005992926886021015,0.0009932791387815354,0.0,0.0,0.03247774197393233,105
68.92,0.03428102857977798,0.005994214528000738,0.0009933555691190898,0.0,0.0,0.03247189382133689,105
68.94,0.034275208080022115,0.005996132167001207,0.000993430443932111,0.0,0.0,0.032465955139291215,104
68.96000000000001,0.03426927115399635,0.005998806054499291,0.0009935075586909275,0.0,0.0,0.03245993041622526,104
68.98,0.03426317564143347,0.006001426174987198,0.000993625427779459,0.0,0.0,0.03245382416788506,104
69.0,0.03425692405679257,0.006003992778038563,0.0009937416944342358,0.0,0.0,0.03244764091513534,104
69.02,0.0342505188310072,0.006006506102871349,0.0009938563425736222,0.0,0.0,0.032441385160246194,104
69.04,0.03424396228368906,0.006008966378441549,0.000993969372475763,0.0,0.0,0.03243506136169732,104
69.06,0.03423725659382727,0.006011373823595526,0.0009940807856480605,0.0,0.0,0.03242867390760296,104
69.08,0.03423040376916274,0.006013728647284037,0.000994190583614132,0.0,0.0,0.03242222708794298,104
69.10000000000001,0.03422336612892315,0.0060160310488406405,0.0009943050883486789,0.0,0.0,0.032415678116111436,104
69.12,0.03421616736834771,0.006018281227154281,0.0009944207392349786,0.0,0.0,0.032409057315773974,104
69.14,0.0342088262506712,0.006020479367326049,0.0009945347357880473,0.0,0.0,0.032402389272396775,104
69.16,0.0342013437770659,0.00602262564216653,0.0009946470798942095,0.0,0.0,0.03239567759299252,104
69.18,0.03419372061730288,0.006024720216649649,0.0009947577734562485,0.0,0.0,0.03238892564278027,104
69.2,0.03418595708026261,0.006026763248520404,0.0009948668183940102,0.0,0.0,0.03238213651948647,104
69.22,0.034178053086995994,0.006028754888960398,0.0009949742166691302,0.0,0.0,0.03237531303037871,104
69.24,0.03417000814716078,0.006030695283304326,0.0009950799704344085,0.0,0.0,0.032368457672864934,103
69.26,0.03416182133964592,0.006032584571798695,0.000995184081444801,0.0,0.0,0.032361572619479397,103
69.28,0.034153491298139944,0.006034422890392083,0.0009952865516948913,0.0,0.0,0.03235465970801925,103
69.3,0.03414501620229864,0.00603621037154453,0.0009953873865078213,0.0,0.0,0.03234772043749548,103
69.32000000000001,0.03413639377502092,0.006037947145042046,0.0009954865846714554,0.0,0.0,0.03234075597041559,103
69.34,0.03412762128615182,0.00603963333984687,0.0009955841481896096,0.0,0.0,0.03233376714172437,103
69.36,0.03411869556271454,0.006041269082077879,0.000995680079142599,0.0,0.0,0.03232675447451284,103
69.38,0.034109613005530344,0.006042854497870345,0.0009957743796338357,0.0,0.0,0.03231986301121636,104
69.4,0.03410036961184172,0.006044389714022118,0.0009958670517904555,0.0,0.0,0.0323132301961494,104
69.42,0.034091595372610486,0.0060458748582645095,0.0009959580977638937,0.0,0.0,0.03230657297188225,104
69.44,0.034083556400873016,0.006047310059784923,0.000996069177299974,0.0,0.0,0.032299890896966846,104
69.46000000000001,0.03407538942766393,0.006048695449653486,0.0009961895565000843,0.0,0.0,0.032293183385250286,104
69.48,0.03406709076588255,0.006050031161145093,0.000996308265301277,0.0,0.0,0.03228644975150849,104
69.5,0.03405865656666581,0.0060513173299509455,0.0009964253061796303,0.0,0.0,0.032279689258655306,104
69.52,0.0340500586756598,0.006052554094276508,0.0009965425852292073,0.0,0.0,0.03227287552210383,104
69.54,0.0340412849606587,0.006053741599685184,0.0009966583840850562,0.0,0.0,0.03226599288966948,104
69.56,0.03403236788903433,0.006054879996917825,0.000996778978267356,0.0,0.0,0.032259081382602126,104
69.58,0.03402329920013887,0.006055969431119359,0.000996924241049191,0.0,0.0,0.03225214052132682,103
69.60000000000001,0.03401448154355354,0.006057010049236794,0.0009970678088879468,0.0,0.0,0.032245169996576194,103
69.62,0.034006629756403735,0.006058001999592546,0.000997209687304403,0.0,0.0,0.03223816970522811,103
69.64,0.033999007149183275,0.006058953033860393,0.0009973498638187932,0.0,0.0,0.03223113978209955,103
69.66,0.03399145464482363,0.006059878636589179,0.0009974883380527726,0.0,0.0,0.03222408062752645,103
69.68,0.03398378040347507,0.00606075596434318,0.0009976251127841924,0.0,0.0,0.03221699293071385,103
69.7,0.033975982644633196,0.006061585165212326,0.000997760191723097,0.0,0.0,0.03220987768895758,103
69.72,0.03396798950495052,0.006062366385528092,0.0009978912556540306,0.0,0.0,0.032202656145113744,103
69.74,0.0339598731250537,0.006063099768234994,0.0009980203878233614,0.0,0.0,0.03219540212255891,103
69.76,0.03395162935987357,0.006063785453706116,0.0009981478222384306,0.0,0.0,0.03218833614413664,103
69.78,0.03394444571465377,0.006064423578260937,0.0009982735620904708,0.0,0.0,0.032181543019993264,103
69.8,0.03393766158317077,0.006065014273279489,0.000998397610112937,0.0,0.0,0.03217473194238876,103
69.82000000000001,0.033930810059065945,0.006065557664400809,0.0009985199694670975,0.0,0.0,0.032167905960823494,103
69.84,0.03392388899192436,0.0060660538707298815,0.0009986406433440229,0.0,0.0,0.032161068474361565,103
69.86,0.033916900656686615,0.006066503004058799,0.0009987596349639112,0.0,0.0,0.032154223227952985,103
69.88,0.0339098232140407,0.006066905168107413,0.0009988769469153793,0.0,0.0,0.032147349849326795,103
69.9,0.03390265436574247,0.006067260458116615,0.0009989925825031345,0.0,0.0,0.032140447594701006,103
69.92,0.03389542681437315,0.006067592996220075,0.000999106546083593,0.0,0.0,0.032133550842937064,103
69.94,0.03388814395107543,0.006067882767373228,0.0009992188406392495,0.0,0.0,0.0321266646553081,103
69.96000000000001,0.03388080941691764,0.006068125840173296,0.000999329469517152,0.0,0.0,0.03211979439849881,103
69.98,0.03387342708835346,0.006068322267648692,0.0009994469584429064,0.0,0.0,0.03211294573246469,103
70.0,0.03386600364772019,0.006068472090867686,0.0009996036869220726,0.0,0.0,0.03210612459684528,103
70.02,0.03385854866329946,0.00606857533844456,0.0009997586555391352,0.0,0.0,0.03209933719580644,103
70.04,0.03385105881862963,0.006068632026103151,0.000999911868009111,0.0,0.0,0.03209258998115546,103
70.06,0.0338435387533269,0.006068642156303528,0.001000063328058687,0.0,0.0,0.032085889633543425,103
70.08,0.033835993243178576,0.006068605717937976,0.0010002297873445806,0.0,0.0,0.032079243041555336,102
70.10000000000001,0.033828427173717125,0.006068522686102891,0.0010004142849130058,0.0,0.0,0.03207265727847225,102
70.12,0.03382084551110837,0.006068393021953537,0.0010006147270304406,0.0,0.0,0.032066139576494894,102
70.14,0.0338140193212271,0.006068216672648801,0.0010008285525231592,0.0,0.0,0.03205969729822234,102
70.16,0.033807960501310096,0.006067993571393348,0.0010010405624534154,0.0,0.0,0.03205333790520631,101
70.18,0.03380194809626573,0.0060677236375844025,0.0010012507604787839,0.0,0.0,0.03204706892343112,101
70.2,0.0337959886601241,0.006067406777070171,0.0010014591502440268,0.0,0.0,0.03204089790562123,101
70.22,0.03379008870293912,0.0060675285251603536,0.0010016657353748629,0.0,0.0,0.03203483239033654,101
70.24,0.03378425464526814,0.0060686264567904125,0.0010018705194713875,0.0,0.0,0.03202887985789254,101
70.26,0.03377849276951877,0.006069672576229349,0.0010020735061011669,0.0,0.0,0.03202304768322798,101
70.28,0.03377272749611007,0.006070666753274649,0.0010022304028448558,0.0,0.0,0.0320176348229916,101
70.3,0.03376759719422575,0.006071608797901345,0.0010023804795048846,0.0,0.0,0.03201249558537359,101
70.32000000000001,0.033762858038339734,0.0060724985527461466,0.0010025289150089856,0.0,0.0,0.03200749722513183,101
70.34,0.033758234344793865,0.006073335857004444,0.0010026757119438495,0.0,0.0,0.03200264617301994,101
70.36,0.03375373146285935,0.006074120542027137,0.001002820872833199,0.0,0.0,0.03199794848449823,101
70.38,0.03374935428604829,0.006074852432702536,0.0010029644001311661,0.0,0.0,0.0319935985045285,101
70.4,0.033745389408982245,0.0060755313489356,0.0010031062962162544,0.0,0.0,0.031989727099770174,101
70.42,0.033741752809532385,0.006076157107208998,0.0010032465633860008,0.0,0.0,0.03198602388412139,101
70.44,0.033738252654940834,0.006076729522222158,0.0010033852038525669,0.0,0.0,0.031982492853392185,101
70.46000000000001,0.033734891463387956,0.006077271703174017,0.001003522219739363,0.0,0.0,0.03197913735992541,101
70.48,0.03373167103677481,0.0060777686308970055,0.0010036576133160692,0.0,0.0,0.031975960068912214,101
70.5,0.03372859242164739,0.006078211608684161,0.001003791410755124,0.0,0.0,0.03197296292036262,101
70.52,0.033725655876799925,0.006078600460856904,0.0010039235903865715,0.0,0.0,0.03197014709770425,101
70.54,0.03372286084848283,0.006078935018257954,0.0010040541613185164,0.0,0.0,0.031967513003928666,101
70.56,0.033720205954060736,0.00607921511979444,0.0010041831170797047,0.0,0.0,0.031965060246128676,101
70.58,0.03371768897485589,0.0060794406138907665,0.001004310459261194,0.0,0.0,0.03196278762916248,101
70.60000000000001,0.033715306858779756,0.0060796113598335436,0.001004436189377965,0.0,0.0,0.03196069315905197,101
70.62,0.03371305573318001,0.006079727228993638,0.0010045603088757434,0.0,0.0,0.03195877405655124,101
70.64,0.03371093092812548,0.006079788105913338,0.0010046828191387191,0.0,0.0,0.03195702678111909,101
70.66,0.03370892701010572,0.0060797938892497875,0.0010048037214979587,0.0,0.0,0.03195544706528843,102
70.68,0.033707037825841994,0.0060797444925689125,0.0010049230172402834,0.0,0.0,0.03195402995914682,102
70.7,0.03370524687829829,0.006079639844986963,0.0010050407236870964,0.0,0.0,0.031952760190569446,102
70.72,0.03370351477188303,0.006079479891778142,0.0010051568953165504,0.0,0.0,0.03195159958938503,102
70.74,0.033701875205998974,0.006079264594986634,0.0010052714649674587,0.0,0.0,0.0319505832441594,102
70.76,0.03370031976070931,0.006078993932722653,0.0010053844338383958,0.0,0.0,0.03194970409503776,102
70.78,0.0336988396346784,0.006078667899726336,0.00100549580312739,0.0,0.0,0.031948954742172735,102
70.8,0.03369742572614391,0.00607828650729565,0.001005605574039252,0.0,0.0,0.03194832752780625,102
70.82000000000001,0.03369623717836017,0.006077849783096415,0.0010057137477921395,0.0,0.0,0.03194781461841045,102
70.84,0.0336954970613584,0.00607735777086682,0.0010058203256232976,0.0,0.0,0.03194740808481566,102
70.86,0.03369479408021246,0.006076810530030303,0.0010059253087939671,0.0,0.0,0.0319470999783439,102
70.88,0.03369408035417594,0.006076474128147549,0.0010060292590256495,0.0,0.0,0.031946842486449224,102
70.9,0.033693373433152894,0.006076211729153351,0.0010061318322093875,0.0,0.0,0.031946651993131396,102
70.92,0.033692675968454565,0.006075893514539055,0.0010062328090470272,0.0,0.0,0.03194653670379514,102
70.94,0.03369197820594368,0.006075519602215148,0.0010063321909204912,0.0,0.0,0.031946489216562256,102
70.96000000000001,0.03369127115037618,0.006075090123012185,0.0010064299792490823,0.0,0.0,0.03194650237894857,102
70.98,0.03369054602217204,0.006074605220072089,0.0010065261754902772,0.0,0.0,0.03194656931392671,102
71.0,0.03368979427154346,0.006074065048255442,0.001006620781140088,0.0,0.0,0.03194668343683157,102
71.02,0.03368900758409333,0.006073469773576788,0.0010067137977331205,0.0,0.0,0.03194683846389465,102
71.04,0.03368849439989908,0.0060728195726777534,0.0010068052268423836,0.0,0.0,0.031947028413492264,102
71.06,0.03368913283719346,0.0060721146323453,0.0010068950700789104,0.0,0.0,0.03194724760141789,102
71.08,0.03368975915010489,0.00607135514907985,0.0010069833290912746,0.0,0.0,0.03194749063164541,102
71.10000000000001,0.03369036750216472,0.006071379746408814,0.0010070858332861725,0.0,0.0,0.031947752384119385,102
71.12,0.03369095230507395,0.00607221905078891,0.0010072040428258484,0.0,0.0,0.03194802800110806,101
71.14,0.03369150820427288,0.006072999765130762,0.0010073206330191184,0.0,0.0,0.03194831287356981,101
71.16,0.033692030065803465,0.006073722096019334,0.001007435604778211,0.0,0.0,0.031948602628838314,101
71.18,0.03369251296556123,0.006074386258606036,0.0010075489597799723,0.0,0.0,0.03194889312071995,101
71.2,0.03369292856509284,0.006074992476409672,0.0010076547689736324,0.0,0.0,0.03194916273735656,101
71.22,0.03369353896209938,0.0060755409708901816,0.00100775108302152,0.0,0.0,0.031949401883205435,101
71.24,0.03369424483624358,0.0060760319681105466,0.0010078458133892661,0.0,0.0,0.03194963059493601,101
71.26,0.03369489925291542,0.006076465715597849,0.0010079389619883678,0.0,0.0,0.03194984560540517,101
71.28,0.03369549838456614,0.006076842468451053,0.001008030530761109,0.0,0.0,0.031950043879990335,101
71.3,0.03369603862806192,0.0060771624890870145,0.0010081205216797883,0.0,0.0,0.03195022262879736,101
71.32000000000001,0.033696516618427486,0.0060774260481504545,0.0010082089367459035,0.0,0.0,0.03195037932132895,101
71.34,0.03369690572340099,0.006077633420581272,0.0010082939887897963,0.0,0.0,0.03195048769299084,101
71.36,0.03369718818422219,0.006077784890190036,0.0010083745443379723,0.0,0.0,0.03195053055201527,101
71.38,0.03369739992508745,0.006077880747547013,0.00100845352746398,0.0,0.0,0.03195054552111191,101
71.4,0.033698039961979516,0.006077921286244891,0.0010085309403206886,0.0,0.0,0.03195053127180528,101
71.42,0.03369867637965174,0.006077906804675603,0.0010086067850850384,0.0,0.0,0.03195060643402483,101
71.44,0.03369962071962055,0.006077837605436653,0.0010086810639569116,0.0,0.0,0.03195096665341209,101
71.46000000000001,0.03370067755099044,0.006077716886819171,0.0010087537791579606,0.0,0.0,0.031951295197779644,101
71.48,0.033701654036941184,0.006077555763991581,0.0010088249329304306,0.0,0.0,0.03195159213612616,101
71.5,0.03370254953118528,0.006077340849457162,0.0010088945275359416,0.0,0.0,0.03195185789277721,101
71.52,0.03370336370432938,0.006077072455950244,0.001008962565254267,0.0,0.0,0.03195209324077702,100
71.54,0.033704096531132294,0.006076750896999178,0.00100902907023053,0.0,0.0,0.031952299290396426,99
71.56,0.03370474827278386,0.006076376486214848,0.0010090940227457325,0.0,0.0,0.03195247747270911,98
71.58,0.03370531945424808,0.006075949536590888,0.0010091574251048703,0.0,0.0,0.03195262951828283,98
71.60000000000001,0.033705810836783194,0.006075470359824492,0.0010092192810703343,0.0,0.0,0.0319527574311025,98
71.62,0.03370622338582155,0.006074939265666468,0.0010092796109542122,0.0,0.0,0.031952863457911686,98
71.64,0.03370655823444986,0.006074356561308596,0.0010093384014991471,0.0,0.0,0.031952950053217036,98
71.66,0.03370681664278527,0.00607372255081594,0.001009395651128516,0.0,0.0,0.03195301984025575,98
71.68,0.03370699995360159,0.006074305063328618,0.0010094513622237536,0.0,0.0,0.03195307556828452,98
71.7,0.03370710954461736,0.0060755193230290945,0.0010095055371742107,0.0,0.0,0.031953120066606146,98
71.72,0.0337074888552958,0.0060766772560031605,0.0010095581783761223,0.0,0.0,0.031953156195815874,98
71.74,0.03370816541451043,0.0060777791033503155,0.0010096092882316157,0.0,0.0,0.03195318679682015,98
71.76,0.03370889085655043,0.006078825099475325,0.001009658869147741,0.0,0.0,0.03195321463825599,97
71.78,0.0337095548508029,0.006079815474733781,0.0010097074742456942,0.0,0.0,0.031953238806274493,98
71.8,0.0337101108651793,0.006080750455225087,0.001009763794273324,0.0,0.0,0.03195357673277426,98
71.82000000000001,0.033710610026212666,0.006081630272775696,0.0010098185662445439,0.0,0.0,0.03195406815611883,98
71.84,0.03371105263089547,0.0060824551427094385,0.0010098717927187063,0.0,0.0,0.03195456560782206,98
71.86,0.03371143858601172,0.006083225275467609,0.0010099234762547223,0.0,0.0,0.03195507070392179,98
71.88,0.033711767360883674,0.006083940876826749,0.0010099736339959093,0.0,0.0,0.031955584684126494,98
71.9,0.033712037944737615,0.0060846021481984446,0.001010022260135814,0.0,0.0,0.031956108371867305,98
71.92,0.03371218275010649,0.006085209287007397,0.0010100686650195154,0.0,0.0,0.031956567187217365,98
71.94,0.03371224986712015,0.006085762471145805,0.001010113365024334,0.0,0.0,0.03195701794176779,98
71.96000000000001,0.03371225264098927,0.006086261887750976,0.0010101565372549117,0.0,0.0,0.03195747817458115,99
71.98,0.03371218784015602,0.00608670772540512,0.001010198168283505,0.0,0.0,0.03195794677320627,99
72.0,0.03371205164145844,0.006087100170865225,0.0010102382608064811,0.0,0.0,0.03195842211299793,99
72.02,0.03371184322038711,0.006088479187218274,0.0010102768175126468,0.0,0.0,0.03195890206356991,100
72.04,0.03371156170185528,0.006090353138879221,0.001010313841082787,0.0,0.0,0.03195938400457793,100
72.06,0.03371119390625584,0.00609216636794749,0.0010103493341892384,0.0,0.0,0.03195986485070784,100
72.08,0.03371073376356556,0.00609391913894254,0.0010103833004347805,0.0,0.0,0.03196034108549109,100
72.10000000000001,0.033710174715446135,0.006095611716524786,0.001010415742116085,0.0,0.0,0.03196080880331139,100
72.12,0.033709509760059736,0.0060972443661135925,0.0010104466613027087,0.0,0.0,0.031961434967166025,100
72.14,0.03370873150292314,0.006098817354453854,0.0010104760606298693,0.0,0.0,0.031962378633667736,100
72.16,0.033707832212541075,0.006100330950117349,0.0010105039427228887,0.0,0.0,0.0319632997161732,100
72.18,0.033706803879432305,0.006101785423926789,0.0010105303101970336,0.0,0.0,0.03196419330122051,100
72.2,0.033705638277094246,0.006103181049292281,0.0010105551656574008,0.0,0.0,0.031965054382017875,100
72.22,0.03370432702344008,0.006104518102452346,0.0010105785116988444,0.0,0.0,0.031965877925373525,99
72.24,0.033702861641290466,0.006105796862614056,0.0010106003509059334,0.0,0.0,0.03196665893786944,99
72.26,0.03370123361660302,0.006107017611989457,0.0010106206858529537,0.0,0.0,0.031967521454627675,98
72.28,0.033699434453272434,0.006108180635728005,0.0010106395191039211,0.0,0.0,0.03196866105242962,98
72.3,0.03369775884379492,0.0061092862217471825,0.0010106584809903803,0.0,0.0,0.03196974344098345,98
72.32000000000001,0.03369751694431606,0.006110334660465565,0.0010106778115382094,0.0,0.0,0.03197076438963747,98
72.34,0.03369715142281588,0.006111329305223033,0.0010107254442061687,0.0,0.0,0.03197171998646373,98
72.36,0.03369659524115933,0.006112268791716907,0.0010107690695442043,0.0,0.0,0.03197255085036983,98
72.38,0.033696955951951185,0.006113152004629522,0.001010810288310342,0.0,0.0,0.031973296985917575,98
72.4,0.03369763987192366,0.006113979240126486,0.0010108499308666484,0.0,0.0,0.03197396837045951,97
72.42,0.033698221066997144,0.0061147507942223,0.0010108879999013937,0.0,0.0,0.031974562705260695,97
72.44,0.033698753865006176,0.00611546696221299,0.0010109244980930274,0.0,0.0,0.0319750781496461,97
72.46000000000001,0.03369960887614199,0.006116128037957258,0.0010109594281102932,0.0,0.0,0.03197551333193105,97
72.48,0.03370035455165625,0.0061167343131311525,0.0010109927926123428,0.0,0.0,0.03197586735559386,97
72.5,0.03370098982447119,0.006117286076464964,0.0010110245942488488,0.0,0.0,0.031976139801178624,98
72.52,0.03370151408546905,0.006117783612970439,0.001011054835660109,0.0,0.0,0.03197633072442564,98
72.54,0.03370192717779798,0.006118227203165591,0.00101111554473116,0.0,0.0,0.031976440651107496,98
72.56,0.03370222938830986,0.006118617122303817,0.0010111763856615224,0.0,0.0,0.031976470569017076,98
72.58,0.03370242143652643,0.006119063889607675,0.0010112356342369209,0.0,0.0,0.0319764219175049,98
72.60000000000001,0.0337025082028534,0.006120150899494672,0.001011293292903817,0.0,0.0,0.03197629657491086,98
72.62,0.03370249397148406,0.006121178522881929,0.0010113493642250181,0.0,0.0,0.031976096844168564,98
72.64,0.033702374244413975,0.0061221470553123715,0.001011403850784688,0.0,0.0,0.03197582543680273,98
72.66,0.033702151323114764,0.006123068555120701,0.001011456755159709,0.0,0.0,0.03197548545546948,98
72.68,0.03370179612738421,0.006123947776080315,0.001011507856623378,0.0,0.0,0.031975048857977036,98
72.7,0.03370131984283166,0.006124768693608906,0.0010115572156798413,0.0,0.0,0.031974527620660505,98
72.72,0.03370074925530994,0.006125531568354001,0.0010116050106892202,0.0,0.0,0.03197394924030581,98
72.74,0.03370008793659319,0.006126236651004692,0.0010116512415141773,0.0,0.0,0.03197331818277043,98
72.76,0.033699339716518006,0.006126884181326129,0.0010116959030206998,0.0,0.0,0.031972639197186264,98
72.78,0.0336985086560169,0.006127474387653364,0.0010117389977508295,0.0,0.0,0.031971917289859327,98
72.8,0.033697599018307996,0.006128019631477863,0.0010117805282415368,0.0,0.0,0.0319711576963655,98
72.82000000000001,0.03369662286404027,0.006128517485899419,0.001011820497025176,0.0,0.0,0.0319703658516856,98
72.84,0.0336955805601399,0.006128958642676726,0.001011858906629998,0.0,0.0,0.03196954735823239,98
72.86,0.03369447342499462,0.0061293432807020655,0.0010118957595807204,0.0,0.0,0.03196870795164476,98
72.88,0.03369330620106579,0.0061296715660815885,0.001011931071968813,0.0,0.0,0.03196785346426514,98
72.9,0.0336920836564624,0.00612994365214266,0.0010119648364597153,0.0,0.0,0.03196698978626967,98
72.92,0.03369081054257686,0.00613015967954959,0.0010119970519168885,0.0,0.0,0.03196612282449976,98
72.94,0.03368949154949771,0.006130319776534088,0.0010120277245303224,0.0,0.0,0.03196525845912866,98
72.96000000000001,0.0336881312594418,0.006130424059246197,0.0010120568683603586,0.0,0.0,0.03196440249840923,98
72.98,0.03368673795826107,0.006130472632230447,0.0010120844706279727,0.0,0.0,0.0319635606318615,98
73.0,0.03368543163650267,0.006130465589030776,0.0010121105338534015,0.0,0.0,0.031962738382389166,98
73.02,0.03368455579702439,0.006130403012925993,0.001012135060560035,0.0,0.0,0.031961941057937045,98
73.04,0.03368365585285821,0.006130284977795566,0.0010121580532754793,0.0,0.0,0.0319611737034268,98
73.06,0.03368273610708269,0.006130111549113083,0.0010121795145326472,0.0,0.0,0.03196044105381046,98
73.08,0.03368179678517183,0.00612988278506211,0.0010121994468708245,0.0,0.0,0.031959747489166884,98
73.10000000000001,0.03368084035027367,0.006129598737766228,0.001012217852836737,0.0,0.0,0.031959096992814455,98
73.12,0.033679868781737184,0.006129259454622111,0.0010122347349855645,0.0,0.0,0.0319584931134242,98
73.14,0.033678883540127165,0.00612886497972158,0.0010122500958818787,0.0,0.0,0.031957938932085594,98
73.16,0.033677885537957725,0.0061284153553457996,0.0010122639381005122,0.0,0.0,0.03195743703519627,98
73.18,0.03367709920829012,0.006127910623512462,0.0010122762642272728,0.0,0.0,0.03195698949392614,98
73.2,0.03367692872584514,0.006127350827554853,0.0010122870768595432,0.0,0.0,0.03195659785084881,98
73.22,0.033676877434233844,0.006126736014646351,0.0010122963793348179,0.0,0.0,0.03195626311414805,98
73.24,0.033677074820186226,0.006126066235005209,0.0010123245957529559,0.0,0.0,0.03195598575961112,99
73.26,0.03367740967521004,0.006125341544929612,0.0010123760328845696,0.0,0.0,0.031955816130462514,99
73.28,0.03367773479824917,0.006124562008650767,0.001012425871983814,0.0,0.0,0.03195613302090803,99
73.3,0.0336782927002308,0.006123727699297058,0.0010124741159963876,0.0,0.0,0.0319565050526352,99
73.32000000000001,0.03367910254172025,0.00612283870019548,0.0010125207678784885,0.0,0.0,0.03195731074894928,99
73.34,0.03367989148392729,0.006121895106057833,0.0010125658305960628,0.0,0.0,0.03195821008329117,99
73.36,0.033680553670741624,0.006120922996004009,0.001012608071750819,0.0,0.0,0.031959057052643486,99
73.38,0.03368115392693546,0.006119901227435293,0.0010126483295845577,0.0,0.0,0.03195991880196134,98
73.4,0.03368166855310296,0.006118825165833054,0.0010126860961783076,0.0,0.0,0.03196077405680723,99
73.42,0.033682142485132,0.006117694959860109,0.0010127222822688016,0.0,0.0,0.03196166995365833,99
73.44,0.03368256999305231,0.006116510774246403,0.0010127568908545757,0.0,0.0,0.03196260328287691,99
73.46000000000001,0.03368294515748361,0.006115272789618797,0.001012789924936765,0.0,0.0,0.0319635707424413,99
73.48,0.033683261926446176,0.00611398120104879,0.0010128610578168916,0.0,0.0,0.03196467575254042,99
73.5,0.03368351417203971,0.006112636219848706,0.0010129350593984095,0.0,0.0,0.03196612442018232,99
73.52,0.03368369574611439,0.006111238072758223,0.0010130074325605662,0.0,0.0,0.03196759684758453,99
73.54,0.033683800534066,0.0061097870016321686,0.001013078180013477,0.0,0.0,0.03196908996997354,99
73.56,0.033685367392377846,0.006108283262994618,0.0010131473044647594,0.0,0.0,0.03197060092698423,99
73.58,0.03368712763719658,0.006106727127469476,0.001013215768724423,0.0,0.0,0.03197210051990734,99
73.60000000000001,0.03368883185295756,0.0061051188822702895,0.0010132835714146318,0.0,0.0,0.03197358655281783,99
73.62,0.03369050248536256,0.006103458827218142,0.0010133497588948924,0.0,0.0,0.03197508357838498,99
73.64,0.033692136781487574,0.006101747270729205,0.0010134143338336001,0.0,0.0,0.03197659003577152,99
73.66,0.0336937323698893,0.006099984532048441,0.0010134772988926578,0.0,0.0,0.03197810478529105,99
73.68,0.03369529641107197,0.006098170940249234,0.0010135386567269168,0.0,0.0,0.031979627136094466,99
73.7,0.03369682024563141,0.0060963068331869935,0.001013598409983699,0.0,0.0,0.03198115686822116,99
73.72,0.03369830084472322,0.006094392556419767,0.0010136565613023869,0.0,0.0,0.03198269424909524,99
73.74,0.03369973756683154,0.006092428462108209,0.0010137131133141012,0.0,0.0,0.031984240044648324,99
73.76,0.033701095721043954,0.006090414907906456,0.0010137677792985183,0.0,0.0,0.03198576123974501,99
73.78,0.033702389768088335,0.00608835225528006,0.0010138206807363856,0.0,0.0,0.03198727371182754,99
73.8,0.033703568017814836,0.006086240869818801,0.0010138380171635195,0.0,0.0,0.031988738999311185,99
73.82000000000001,0.03370457079326018,0.006084081074453937,0.001013828670635184,0.0,0.0,0.03199009997662888,99
73.84,0.033705506864819906,0.006081873200338668,0.0010138115544824466,0.0,0.0,0.031991460543523725,99
73.86,0.03370640481801487,0.00607961760562327,0.0010137930161800725,0.0,0.0,0.03199284480830581,99
73.88,0.03370726703760844,0.006077314658500143,0.0010137730575236032,0.0,0.0,0.03199425695111298,99
73.9,0.03370809627470253,0.006074966329569361,0.0010137516803041438,0.0,0.0,0.03199570158368181,99
73.92,0.033708895620784454,0.0060726013426059345,0.0010137289021796992,0.0,0.0,0.031997183726214906,99
73.94,0.033709668479124495,0.006070193637152339,0.0010137047116246113,0.0,0.0,0.03199909921618262,99
73.96000000000001,0.033710418533627946,0.006067753283474311,0.0010137036594016838,0.0,0.0,0.03200121687301896,99
73.98,0.03371114971520771,0.0060652672932395,0.001013709028212279,0.0,0.0,0.03200338870442246,99
74.0,0.03371186616571195,0.006062736011791327,0.001013712898666092,0.0,0.0,0.03200562108371294,99
74.02,0.03371257219942221,0.00606015977815858,0.001013715272702085,0.0,0.0,0.03200807873300227,99
74.04,0.03371327226212868,0.006057538924498848,0.0010137161522549318,0.0,0.0,0.0320108771675526,99
74.06,0.033713970887793474,0.006054873775604343,0.001013715539255298,0.0,0.0,0.032013756136716726,99
74.08,0.033714672652834024,0.006052164648472089,0.0010137134356301967,0.0,0.0,0.032016722808756524,99
74.10000000000001,0.03371538212809257,0.0060494118519403,0.0010137098435401613,0.0,0.0,0.03201978444657852,99
74.12,0.033716103828608575,0.006046615686392938,0.0010137047669562173,0.0,0.0,0.032022948361943304,99
74.14,0.033716842161379476,0.006043776443534384,0.0010136982055174069,0.0,0.0,0.03202622186785695,98
74.16,0.03371759641263383,0.006040894406236018,0.0010136901298609972,0.0,0.0,0.032029607296067936,98
74.18,0.03371831437961591,0.006037969848354435,0.001013680187376777,0.0,0.0,0.03203305587090885,98
74.2,0.03371906107119871,0.006035003033672203,0.00101366876579826,0.0,0.0,0.032036635551528816,98
74.22,0.03371983991095473,0.0060331924231897165,0.00101365586704184,0.0,0.0,0.0320403531549473,97
74.24,0.033721502462066684,0.006031563675785967,0.0010136414930258758,0.0,0.0,0.03204421524705332,97
74.26,0.03372403413005971,0.006029898406038934,0.0010136256456717966,0.0,0.0,0.03204827157499212,97
74.28,0.033728171589321704,0.006028306131590741,0.0010136083269052798,0.0,0.0,0.032052888879223626,97
74.3,0.03373240603920063,0.00602697593414062,0.001013598346495255,0.0,0.0,0.03205761161106558,97
74.32000000000001,0.033736777622406844,0.006025599565589485,0.0010135890976968034,0.0,0.0,0.032062486931193526,97
74.34,0.03374130253342048,0.006024177190927131,0.0010135796878612522,0.0,0.0,0.03206753369215135,97
74.36,0.03374611287931746,0.006022708965481997,0.0010136039988367829,0.0,0.0,0.03207272346506679,97
74.38,0.033751560821263606,0.006021195037104467,0.0010136263552458552,0.0,0.0,0.03207805613816401,97
74.4,0.03375750229622639,0.006019635547347619,0.001013647181079427,0.0,0.0,0.032083571250268825,97
74.42,0.03376360748361598,0.006018054533495262,0.0010136664786133045,0.0,0.0,0.032089271362000966,97
74.44,0.033769877939738305,0.006016430064792309,0.0010136842545353688,0.0,0.0,0.032095158503212984,97
74.46000000000001,0.033776314691512835,0.0060147603868231075,0.0010137005131833224,0.0,0.0,0.032101234183984854,97
74.48,0.033782918254921704,0.006013045622845647,0.0010137531560634714,0.0,0.0,0.03210749941333268,97
74.5,0.033789688660399365,0.00601128589268518,0.0010138044557905098,0.0,0.0,0.03211395472487172,98
74.52,0.03379662548411424,0.006009481313194655,0.001013877757351001,0.0,0.0,0.03212060020838575,98
74.54,0.0338037335256928,0.006007631998654816,0.0010139603024920192,0.0,0.0,0.03212743554601665,98
74.56,0.03381132251504748,0.0060057380611049736,0.0010140412551550367,0.0,0.0,0.03213446005161823,98
74.58,0.03381923131285218,0.006003799610597658,0.001014120617868511,0.0,0.0,0.03214167271172586,98
74.60000000000001,0.033827269328756016,0.006001816755373028,0.0010141981850982482,0.0,0.0,0.0321490412878107,98
74.62,0.03383544383221161,0.005999789601451818,0.0010142740223736304,0.0,0.0,0.03215657355694835,98
74.64,0.03384377426545378,0.005997718253298673,0.001014348277852565,0.0,0.0,0.03216428939917791,98
74.66,0.03385225810080771,0.0059973696994704085,0.0010144209541414265,0.0,0.0,0.032172186881962564,98
74.68,0.03386089264930333,0.005997106146482382,0.0010144920538659348,0.0,0.0,0.0321802639247456,98
74.7,0.033869675083648125,0.005996785908907823,0.0010145615796711177,0.0,0.0,0.032188518322349896,98
74.72,0.03387860245579346,0.005997057361969319,0.0010146295342212271,0.0,0.0,0.032196947762987115,99
74.74,0.0338876717091067,0.005998049783227327,0.0010146959201996026,0.0,0.0,0.0322055498408892,98
74.76,0.03389687968538472,0.005999006081226923,0.0010147607403085093,0.0,0.0,0.03221432206379814,98
74.78,0.03390622312712103,0.005999902768715469,0.001014823997268936,0.0,0.0,0.03222326185572659,98
74.8,0.03391569867555257,0.006000739916338563,0.001014885693820369,0.0,0.0,0.03223236655551607,98
74.82000000000001,0.033925302865074954,0.006001517600048163,0.0010149458327205394,0.0,0.0,0.032241633411782274,98
74.84,0.033935032114614606,0.006002235900208541,0.0010150044167451411,0.0,0.0,0.03225105957483646,98
74.86,0.03394488271650806,0.006002894900726715,0.001015061448687537,0.0,0.0,0.03226110860489035,98
74.88,0.033954850823353595,0.006003494688227528,0.0010151169313584302,0.0,0.0,0.032271354524701,98
74.9,0.033964907751321535,0.006004665178228969,0.0010151707440853733,0.0,0.0,0.03228172538823537,97
74.92,0.03397503522658034,0.006006574709259587,0.0010152228119712813,0.0,0.0,0.032292203803060235,97
74.94,0.03398526772875728,0.006008422041969575,0.0010152733396397334,0.0,0.0,0.03230288215261769,97
74.96000000000001,0.03399560068993381,0.006010207249546256,0.001015322329965636,0.0,0.0,0.032314070657714584,97
74.98,0.03400602931549399,0.006011930405273225,0.0010153697858391322,0.0,0.0,0.03232539363703819,97
75.0,0.0340165358652955,0.006013592489197255,0.0010154158336729622,0.0,0.0,0.032336832534413856,97
75.02,0.03402705161371379,0.006015195381693159,0.0010154610900100702,0.0,0.0,0.03234831101845316,97
75.04,0.03403764718945892,0.0060167364096463455,0.0010155048011011158,0.0,0.0,0.03235991089212201,97
75.06,0.03404829156935739,0.006018215645981926,0.0010155469789243923,0.0,0.0,0.032371602084565416,97
75.08,0.034058958309426624,0.006019656701290534,0.0010155876338345748,0.0,0.0,0.03238335913170596,97
75.10000000000001,0.034070034558790374,0.00602103824718827,0.001015626753158887,0.0,0.0,0.03239522173543123,97
75.12,0.034081287394004706,0.00602235818020631,0.0010156643400500394,0.0,0.0,0.0324071839311841,97
75.14,0.034092586204109133,0.006023616578608371,0.0010157003976689592,0.0,0.0,0.032419239379471665,97
75.16,0.03410392315933892,0.006024813523976788,0.001015734929184033,0.0,0.0,0.03243138135155149,97
75.18,0.03411529000062892,0.006025949102259251,0.0010157679377703363,0.0,0.0,0.032443602720217395,97
75.2,0.03412667803565275,0.006027023404911975,0.0010157994266088782,0.0,0.0,0.032455895957005196,97
75.22,0.0341380781424708,0.006028036530117499,0.001015829398885861,0.0,0.0,0.0324682531370616,97
75.24,0.034150814973058864,0.0060289885840523905,0.0010158578577919575,0.0,0.0,0.03248066595274111,97
75.26,0.034163749713938374,0.006029879682177609,0.0010158848065216237,0.0,0.0,0.03249312573672777,97
75.28,0.03417668984849743,0.006030709950522687,0.0010159102483152961,0.0,0.0,0.03250562349512899,97
75.3,0.03418964512467772,0.006031479526934168,0.0010159341863651488,0.0,0.0,0.03251814995057758,96
75.32000000000001,0.03420307003136012,0.006032188562258985,0.0010159566238383132,0.0,0.0,0.032530695594937785,96
75.34,0.03421646920274729,0.006032837221434911,0.0010159775639382237,0.0,0.0,0.03254325075076747,96
75.36,0.034229832163215276,0.006033425684462584,0.0010159970098692125,0.0,0.0,0.03255580564027702,96
75.38,0.034243148394871865,0.006033954147237017,0.0010160149648360502,0.0,0.0,0.03256835046017922,96
75.4,0.03425644392402262,0.006034731868500749,0.0010160314320435077,0.0,0.0,0.03258087546056127,96
75.42,0.03427004340450905,0.006036582591201476,0.0010160464146959465,0.0,0.0,0.03259337102575512,96
75.44,0.034283570361670665,0.006038370460136513,0.0010160599159969297,0.0,0.0,0.03260582775513501,96
75.46000000000001,0.03429701498469385,0.006040095725800344,0.0010160719391488406,0.0,0.0,0.0326182365418325,96
75.48,0.03431036781334855,0.00604175865714717,0.0010160824873525142,0.0,0.0,0.03263058864752098,96
75.5,0.0343236198066101,0.006043359540565778,0.0010160915638068703,0.0,0.0,0.03264287577165651,96
75.52,0.03433676240439972,0.006044898679493709,0.0010160991717085538,0.0,0.0,0.03265509011385641,96
75.54,0.0343497875814506,0.00604637639388135,0.0010161053142515538,0.0,0.0,0.03266722442842289,96
75.56,0.03436262638280197,0.006047793019522129,0.0010161100023782044,0.0,0.0,0.03267921052251376,96
75.58,0.03437532345711763,0.00604914890604472,0.0010161132328700274,0.0,0.0,0.03269109389720675,95
75.60000000000001,0.03438790762832532,0.006050444418263373,0.0010161150076448656,0.0,0.0,0.032702879327141075,95
75.62,0.034400730636497914,0.00605167993440377,0.0010161153298806282,0.0,0.0,0.03271456215676512,96
75.64,0.03441341061882254,0.00605285584488292,0.0010161142027506895,0.0,0.0,0.032726138427337105,96
75.66,0.03442591220333729,0.0060539725512457196,0.0010161128269061557,0.0,0.0,0.03273757240256437,96
75.68,0.03443823701172926,0.006055030468836377,0.0010161110122682315,0.0,0.0,0.03274886674794787,96
75.7,0.03445040856360364,0.006056030021307356,0.0010161077567165389,0.0,0.0,0.03276004686262394,96
75.72,0.03446242475036814,0.006056971636975898,0.0010161030633835302,0.0,0.0,0.032771111541814564,96
75.74,0.03447428408754773,0.006057855750916303,0.0010160969353956088,0.0,0.0,0.03278206023054188,96
75.76,0.03448598568874711,0.006058682803899103,0.0010160893758728224,0.0,0.0,0.032792892998460915,97
75.78,0.03449751222649032,0.006059453241361554,0.0010160802725626545,0.0,0.0,0.032803593617219386,97
75.8,0.03450883584441174,0.006060167512062516,0.0010160694385783387,0.0,0.0,0.03281413543300487,97
75.82000000000001,0.03452000228394184,0.006060850662179144,0.0010160571829442413,0.0,0.0,0.03282456492256424,97
75.84,0.03453101272365416,0.006061483869002911,0.001016043508756128,0.0,0.0,0.0328348843360806,97
75.86,0.03454186876325728,0.0060620622140669595,0.001016028419102278,0.0,0.0,0.03284509637628288,97
75.88,0.034552572381676035,0.006062586152221976,0.0010160119170633673,0.0,0.0,0.03285520415761465,97
75.9,0.03456312589361611,0.006063056137734754,0.0010159940057124074,0.0,0.0,0.03286521116393064,97
75.92,0.03457353190480737,0.006063472623588913,0.001015974688114712,0.0,0.0,0.032875121204918575,97
75.94,0.034583793266099394,0.006063836060837136,0.001015953967327924,0.0,0.0,0.03288493837142308,97
75.96000000000001,0.03459435152159138,0.00606414689800416,0.0010159318464020807,0.0,0.0,0.03289469221009643,97
75.98,0.03460490640761138,0.006064405580539432,0.0010159083283797358,0.0,0.0,0.03290491508405549,97
76.0,0.03461528384131906,0.006064612550318115,0.0010158834835651963,0.0,0.0,0.032915016314971325,97
76.02,0.03462570779620911,0.00606476824554278,0.0010158572633955556,0.0,0.0,0.032925033253042336,97
76.04,0.03463628983912283,0.0060648730997075306,0.0010158296563262381,0.0,0.0,0.032934979858677084,97
76.06,0.03464674551262727,0.006064927541431701,0.0010158006653665436,0.0,0.0,0.03294486093129084,97
76.08,0.034657032714211104,0.006064931994214555,0.0010157702539860469,0.0,0.0,0.03295463578862535,97
76.10000000000001,0.034667170118353484,0.006064890268337502,0.0010157384384601505,0.0,0.0,0.03296432471983116,97
76.12,0.03467719043996012,0.006064827382943641,0.0010157052475378249,0.0,0.0,0.03297396213934916,98
76.14,0.03468708584104435,0.006064715680891816,0.0010156706421004119,0.0,0.0,0.03298354171141591,99
76.16,0.03469678093046681,0.006064555560960137,0.0010156343990262737,0.0,0.0,0.032992988783057633,99
76.18,0.03470631679357025,0.006064347405488054,0.001015596808044044,0.0,0.0,0.033002347377177985,99
76.2,0.03471574468597626,0.006064091602329343,0.0010155578518318794,0.0,0.0,0.03301167061623669,99
76.22,0.034725065958395,0.00606378853323386,0.0010155175333577404,0.0,0.0,0.033020961758789644,99
76.24,0.03473428155366764,0.006063457225476632,0.0010154758555883127,0.0,0.0,0.03303022371824148,99
76.26,0.03474339198391529,0.00606432986024559,0.0010154328214897462,0.0,0.0,0.03303945904251469,99
76.28,0.03475239731278823,0.006065377822740925,0.001015388434028404,0.0,0.0,0.03304866989894099,99
76.3,0.03476129714301491,0.00606637588484427,0.0010153426961716117,0.0,0.0,0.033057942053767275,99
76.32000000000001,0.03477009060931849,0.0060673243848340915,0.0010152956140780328,0.0,0.0,0.03306754300270841,99
76.34,0.03477877637662115,0.006068223654704281,0.0010152471988487753,0.0,0.0,0.03307712309873872,99
76.36,0.03478735264330388,0.0060690740201701674,0.0010151974421631076,0.0,0.0,0.033086682944691914,99
76.38,0.03479581842824742,0.006069875800679825,0.0010151463469999856,0.0,0.0,0.03309622276794637,99
76.4,0.03480417933174459,0.006070629309428647,0.0010150939163428346,0.0,0.0,0.03310574243602878,99
76.42,0.03481242270037209,0.006071334853375304,0.0010150401531801544,0.0,0.0,0.03311524147590403,99
76.44,0.03482054498442355,0.006071992733296788,0.0010149850605060606,0.0,0.0,0.03312471909622467,99
76.46000000000001,0.03482854224203234,0.006072603244640542,0.0010149286413207554,0.0,0.0,0.03313417421175817,98
76.48,0.03483641016071973,0.006073191888089768,0.0010148708986309704,0.0,0.0,0.03314360546918576,98
76.5,0.034844144079325894,0.006073736567866081,0.0010148118354503148,0.0,0.0,0.03315301127348923,98
76.52,0.03485171351333341,0.0060742346735651424,0.0010147513170925817,0.0,0.0,0.03316236445670673,98
76.54,0.034859099715984894,0.006074686474573496,0.0010146892741250183,0.0,0.0,0.033171649639740106,98
76.56,0.034866336113744616,0.006075092233852671,0.001014625920286714,0.0,0.0,0.03318090345320428,99
76.58,0.03487341685426556,0.0060754522088656135,0.0010145612586205158,0.0,0.0,0.03319012358778141,99
76.60000000000001,0.034880335830295255,0.0060757666508714754,0.0010144952921770309,0.0,0.0,0.03319930761188819,99
76.62,0.03488708669288562,0.006076035804909542,0.0010144280247016834,0.0,0.0,0.03320845299075326,99
76.64,0.03489366286273888,0.006076260377012887,0.00101435945985714,0.0,0.0,0.03321755710389463,99
76.66,0.03490005754001013,0.006076443087501519,0.0010142895994394911,0.0,0.0,0.0332266172613248,99
76.68,0.03490678221012678,0.006076581200419783,0.0010142184465301858,0.0,0.0,0.033235630718931625,99
76.7,0.034914275567023846,0.00607667493568913,0.0010141460070867457,0.0,0.0,0.033244594693576504,99
76.72,0.03492161072579509,0.006076724506857061,0.0010140722893886764,0.0,0.0,0.03325350637849827,99
76.74,0.034928781611197626,0.006076730121046189,0.0010139972885138896,0.0,0.0,0.03326236295961345,99
76.76,0.03493578203398441,0.006076691978893521,0.0010139210075733119,0.0,0.0,0.033271161633261895,99
76.78,0.03494260570508456,0.00607661027447812,0.0010138434584672017,0.0,0.0,0.03327989962586078,99
76.8,0.0349492462518165,0.006076485195235156,0.0010137646390925292,0.0,0.0,0.03328857421580895,99
76.82000000000001,0.03495569723632781,0.006076316921854258,0.0010136845490556672,0.0,0.0,0.033297182757834914,99
76.84,0.03496333920036879,0.0060761056281600475,0.0010136031914953969,0.0,0.0,0.03330572270981809,99
76.86,0.03497162331213256,0.006075851480972859,0.0010135205695571993,0.0,0.0,0.03331419166194127,99
76.88,0.03498064515811859,0.006075554639947802,0.0010134366863931955,0.0,0.0,0.033322587367876244,99
76.9,0.0349895530881796,0.0060752152573906185,0.0010133515451620867,0.0,0.0,0.033331362609778384,99
76.92,0.03499834433603676,0.006074833478049125,0.0010132651490291054,0.0,0.0,0.033340206069372734,99
76.94,0.03500701637229043,0.006074409438879472,0.0010131775011659634,0.0,0.0,0.03334897017900034,99
76.96000000000001,0.03501556693729007,0.0060739432687868695,0.0010130886047507767,0.0,0.0,0.033357653680544476,99
76.98,0.03502399407300563,0.006073435088341029,0.0010129984629679916,0.0,0.0,0.03336625564713453,99
77.0,0.03503229615325229,0.006073585541642129,0.0010129070790082706,0.0,0.0,0.03337477551455508,99
77.02,0.035040471911676904,0.006073923033296013,0.001012814456068354,0.0,0.0,0.03338321311047355,99
77.04,0.03504852046699581,0.006074211626793987,0.0010127326966144997,0.0,0.0,0.03339156868097916,99
77.06,0.035056441345062396,0.006074451384875383,0.0010126697003763807,0.0,0.0,0.033399842914014474,99
77.08,0.0350642344974447,0.006074642363709373,0.0010126054256237545,0.0,0.0,0.03340803695938286,99
77.10000000000001,0.03507190031628375,0.0060747846157301446,0.0010125398753974158,0.0,0.0,0.03341615244510617,99
77.12,0.035079439645293475,0.0060748781880314824,0.001012473053077666,0.0,0.0,0.03342419148999663,99
77.14,0.03508685378683381,0.006074923121675817,0.001012404962053491,0.0,0.0,0.03343215671237876,99
77.16,0.035094149568596515,0.006074919451044134,0.001012342506625753,0.0,0.0,0.033440051234956,99
77.18,0.035101329515892656,0.006074867203173432,0.001012304218355042,0.0,0.0,0.033447878685857836,99
77.2,0.03510839099858937,0.006074766397090578,0.0010122646226522326,0.0,0.0,0.033455643195924326,99
77.22,0.035115337146525885,0.006074617043151722,0.0010122237362361179,0.0,0.0,0.033463349392294124,99
77.24,0.03512217742317919,0.006074419142396387,0.0010121815623931594,0.0,0.0,0.03347100238835417,99
77.26,0.03512947479498504,0.006074172685925464,0.001012138091972829,0.0,0.0,0.03347860777008796,99
77.28,0.035136715126745405,0.006073877654312482,0.0010120933525715077,0.0,0.0,0.03348615713313893,99
77.3,0.035143811915564,0.006073534017102604,0.0010120473974548482,0.0,0.0,0.03349362721828967,99
77.32000000000001,0.0351508144225106,0.006073141732365825,0.0010120358849361932,0.0,0.0,0.03350106912829453,98
77.34,0.03515772808098857,0.006072700746036443,0.0010120237327245175,0.0,0.0,0.03350849013078044,98
77.36,0.035164568693170396,0.006072210991692987,0.0010120102621063002,0.0,0.0,0.03351589784296989,98
77.38,0.03517194730252821,0.006071672390283212,0.0010119954765075727,0.0,0.0,0.033523300195556056,98
77.4,0.035180597010739494,0.006071084849942951,0.0010119793793459877,0.0,0.0,0.03353070539244982,98
77.42,0.03518922612423617,0.006070448265919626,0.0010119619940508362,0.0,0.0,0.033538121866281176,98
77.44,0.03519784258416707,0.006069762520611195,0.0010119433088641532,0.0,0.0,0.03354555822956652,98
77.46000000000001,0.0352064544404225,0.006069027483731152,0.0010119233223872478,0.0,0.0,0.033553023221513066,98
77.48,0.035215069793246886,0.006068243012609667,0.001011902037955142,0.0,0.0,0.033560525650510036,98
77.5,0.03522369673063759,0.0060680097392037365,0.0010118794589091358,0.0,0.0,0.03356807433246521,98
77.52,0.03523234326182186,0.006068614633056686,0.0010118592411080788,0.0,0.0,0.03357567802527961,98
77.54,0.035241017247262266,0.0060691652707716166,0.0010118852499401132,0.0,0.0,0.033583345359911566,98
77.56,0.03524972632582623,0.006069661471306698,0.001011909919338098,0.0,0.0,0.03359108476866479,99
77.58,0.03525847783995126,0.00607010304422614,0.0010119332515176097,0.0,0.0,0.033598904411530434,99
77.60000000000001,0.03526727875984607,0.006070489790964803,0.0010119552486377993,0.0,0.0,0.03360681210162041,99
77.62,0.03527613560797063,0.0060708215062538415,0.001011975912794393,0.0,0.0,0.0336148152309304,100
77.64,0.035285054385228595,0.006071097979698278,0.0010119952460128751,0.0,0.0,0.03362292069786004,100
77.66,0.03529404050046102,0.006071322345064029,0.0010120132502420254,0.0,0.0,0.03363113483807249,100
77.68,0.03530309870494512,0.006072746483893374,0.0010120299273479226,0.0,0.0,0.03363946336038789,100
77.7,0.03531223303365216,0.006074568062346796,0.001012057739561314,0.0,0.0,0.033647911289455865,99
77.72,0.035321446754995996,0.006076328949569868,0.0010121042581541888,0.0,0.0,0.033656482916928056,99
77.74,0.03533074233069814,0.006078028913440221,0.0010121494176620531,0.0,0.0,0.03366518176274622,99
77.76,0.035340121387202876,0.006079667728587709,0.0010121932257055833,0.0,0.0,0.03367401054796878,99
77.78,0.03534958837519999,0.006081245178400493,0.0010122356694833128,0.0,0.0,0.03368297118027751,99
77.8,0.03535914050374325,0.006082761056962512,0.0010122767504727637,0.0,0.0,0.03369206475295291,99
77.82000000000001,0.035369094241024204,0.006084215170885386,0.001012319252368937,0.0,0.0,0.033701291557686995,99
77.84,0.03537923193600081,0.00608560734099967,0.0010123937145070144,0.0,0.0,0.03371065111114332,98
77.86,0.035389454142260746,0.006086937403873563,0.0010124667450937053,0.0,0.0,0.03372014219469848,98
77.88,0.035399757707296635,0.006088205213131705,0.0010125383454479013,0.0,0.0,0.03372976290633611,97
77.9,0.035410143178982,0.006089410640552321,0.001012608516807033,0.0,0.0,0.033739510723230275,97
77.92,0.035420559820113516,0.006090553576927384,0.0010126643960636384,0.0,0.0,0.03374934509022452,97
77.94,0.03543099931373561,0.006091639150857705,0.0010127171057659188,0.0,0.0,0.033759252297205805,97
77.96000000000001,0.03544147060937189,0.006092682362670874,0.0010128184575726449,0.0,0.0,0.033769244914134924,97
77.98,0.03545199915790603,0.006093662800866224,0.0010129183675178118,0.0,0.0,0.033779349878672475,97
78.0,0.035462578977126735,0.006094580436083714,0.0010130168354876548,0.0,0.0,0.033789562735366103,97
78.02,0.03547314704986944,0.006095435258672296,0.0010131134688222275,0.0,0.0,0.033799822442106685,97
78.04,0.03548374828787897,0.006096227276776584,0.0010132086213224573,0.0,0.0,0.03381017518123784,97
78.06,0.035494382061838366,0.006096956518349087,0.0010133023322353725,0.0,0.0,0.0338206219652497,97
78.08,0.03550504205253028,0.006097623029223036,0.0010133946053875165,0.0,0.0,0.033831158211258976,98
78.10000000000001,0.03551630208869436,0.006098226872064666,0.0010134854404351388,0.0,0.0,0.03384177945379432,97
78.12,0.0355276353718383,0.00609876812539112,0.0010135748335162022,0.0,0.0,0.03385248138397885,97
78.14,0.035538975519317596,0.006099246882541985,0.0010136627845314331,0.0,0.0,0.03386325987692383,97
78.16,0.03555026540876053,0.00609966325063236,0.0010137495680659172,0.0,0.0,0.03387405953063042,97
78.18,0.03556152329448108,0.006100017347362032,0.0010138350555417635,0.0,0.0,0.033884900756967345,97
78.2,0.03557277076635429,0.006100309303154566,0.0010139191011871369,0.0,0.0,0.033895973414567016,97
78.22,0.03558399891069744,0.006100542009284431,0.0010140023535376028,0.0,0.0,0.03390738036424613,97
78.24,0.03559514677399941,0.0061007336251564,0.0010140951955737477,0.0,0.0,0.033918775721322444,97
78.26,0.03560651605030848,0.006100863526793337,0.0010141865604217954,0.0,0.0,0.03393022635742056,97
78.28,0.035619068297604355,0.006100931883890227,0.001014310882399763,0.0,0.0,0.033941729241537814,97
78.3,0.035631627176077825,0.006100938873882438,0.0010144489969541228,0.0,0.0,0.033953331698963016,97
78.32000000000001,0.03564418857163793,0.006100884681433286,0.0010145855784380678,0.0,0.0,0.033965394856621284,97
78.34,0.03565674825267361,0.006100769498025052,0.001014720618192861,0.0,0.0,0.033977500484467994,97
78.36,0.035669301815673266,0.0061005935216504915,0.0010148551345107997,0.0,0.0,0.033989645300463694,97
78.38,0.03568184463331354,0.006100356956598981,0.0010149881103751713,0.0,0.0,0.034001825829685355,97
78.4,0.03569437180682112,0.0061000600133287045,0.0010151195437462463,0.0,0.0,0.034014386144253374,97
78.42,0.03570687812424219,0.006099725097781108,0.0010152494345835098,0.0,0.0,0.03402714166317324,96
78.44,0.035719358026025494,0.006099335760004155,0.0010153777828938028,0.0,0.0,0.034039920300581034,96
78.46000000000001,0.03573180557905375,0.006098886709998592,0.0010155045887311604,0.0,0.0,0.03405271741528253,96
78.48,0.03574421445993983,0.006098378182837776,0.0010156298521966191,0.0,0.0,0.034065553452401545,96
78.5,0.035756577948069704,0.006097810419969967,0.0010157535734379866,0.0,0.0,0.03407885657532364,96
78.52,0.035768853909867004,0.006097183669322459,0.0010158897942955667,0.0,0.0,0.03409212632744985,96
78.54,0.03578102538107515,0.006096498184004141,0.0010160536483511937,0.0,0.0,0.034105347156669505,96
78.56,0.035793129085053124,0.00609575422336967,0.001016215903880031,0.0,0.0,0.0341185575232725,96
78.58,0.03580512701636596,0.006094952055170927,0.0010163649514567964,0.0,0.0,0.0341317252964722,96
78.60000000000001,0.0358169622200943,0.006094091936829753,0.0010164819540092287,0.0,0.0,0.03414480214455529,96
78.62,0.035828704372318686,0.0060938555202597585,0.0010165974654765561,0.0,0.0,0.03415784807499635,96
78.64,0.03584034454492963,0.006094807393230641,0.0010167139261874907,0.0,0.0,0.034170855881775944,96
78.66,0.0358518736613601,0.006095696202446608,0.001016859304279681,0.0,0.0,0.03418381826994164,96
78.68,0.03586328255063996,0.006096522191991504,0.0010170031492984575,0.0,0.0,0.03419672791236097,96
78.7,0.03587464809792232,0.006097285611510204,0.001017145461181998,0.0,0.0,0.03420957750740389,95
78.72,0.03588618816307823,0.006097986715733543,0.0010172862399108872,0.0,0.0,0.03422235983632664,95
78.74,0.035897585653224706,0.006098625763942575,0.0010174254855069176,0.0,0.0,0.03423506781923281,95
78.76,0.03590883164591554,0.006099203019378724,0.001017563198031823,0.0,0.0,0.0342476945686086,95
78.78,0.035919917386111326,0.006099718748607576,0.0010176993775859531,0.0,0.0,0.03426023343955777,95
78.8,0.03593083432903899,0.006100173220844695,0.0010178340243068857,0.0,0.0,0.034272678075992005,94
78.82000000000001,0.03594157417826177,0.006100566707252441,0.0010179671383680215,0.0,0.0,0.034285022452159995,94
78.84,0.035952139041740376,0.006100899480216877,0.0010180987199771268,0.0,0.0,0.034297260909021715,94
78.86,0.035962511462119075,0.0061011718126139725,0.0010182287777419255,0.0,0.0,0.03430938818508866,94
78.88,0.03597268374333807,0.006101383977074115,0.001018357312802575,0.0,0.0,0.03432139944145736,94
78.9,0.035982648852661815,0.006101536245253737,0.001018484316282215,0.0,0.0,0.034333290280863196,94
78.92,0.03599240011074673,0.006101628887122502,0.001018609788510423,0.0,0.0,0.034345056760673356,94
78.94,0.03600193418054488,0.006101662170274095,0.0010187337298436974,0.0,0.0,0.03435669539982328,94
78.96000000000001,0.03601124385021807,0.006101636359268282,0.0010188561406639797,0.0,0.0,0.034368203179781294,94
78.98,0.03602201226819799,0.006101551715011362,0.0010189770213771855,0.0,0.0,0.03437957753970288,94
79.0,0.036032748025704706,0.006101408494181749,0.0010190968476154084,0.0,0.0,0.03439081636600979,94
79.02,0.03604317916369535,0.006101206948706828,0.001019216115646227,0.0,0.0,0.034401791107291885,94
79.04,0.036053414721843154,0.006100947320281141,0.0010193338656436111,0.0,0.0,0.03441261186752844,94
79.06,0.03606346836325263,0.006100629849352219,0.0010194500886417626,0.0,0.0,0.034423293403944934,95
79.08,0.036073338436982245,0.006100254771023518,0.001019564785202829,0.0,0.0,0.034433835188513354,95
79.10000000000001,0.03608302358203214,0.0060998223141709,0.0010196779557932651,0.0,0.0,0.03444423701806129,95
79.12,0.03609246600552425,0.006099332701246958,0.0010197918090342657,0.0,0.0,0.034454440096893135,96
79.14,0.03610171703856789,0.006098786154120336,0.0010199043112474745,0.0,0.0,0.03446449900442771,96
79.16,0.036111044800180715,0.006098182882524602,0.0010200152875376196,0.0,0.0,0.03447441897627382,95
79.18,0.03612036263535124,0.006097523089151545,0.0010201247384532416,0.0,0.0,0.03448420074554368,95
79.2,0.03612949748615711,0.00609680697022769,0.0010202326645523886,0.0,0.0,0.03449384518545675,95
79.22,0.036138449025080385,0.006096034715681129,0.0010203390664014495,0.0,0.0,0.034503353273621244,95
79.24,0.03614721695211103,0.006095693742752488,0.0010204439445740453,0.0,0.0,0.03451272605882707,96
79.26,0.03615580096309525,0.006096358972043981,0.0010205472996499545,0.0,0.0,0.034521964631201565,96
79.28,0.0361644546196088,0.006096961469715472,0.0010206491322141112,0.0,0.0,0.03453107009649375,96
79.3,0.03617316032324308,0.006097501468806544,0.0010207494428556513,0.0,0.0,0.03454004355512316,95
79.32000000000001,0.03618161653703307,0.006097979196416228,0.0010208484814556904,0.0,0.0,0.034548821936016195,95
79.34,0.036189867566545325,0.0060983948663655314,0.0010209460725555345,0.0,0.0,0.034557451441906764,95
79.36,0.03619793173669406,0.006098748692850262,0.0010210421424265148,0.0,0.0,0.03456595217705656,95
79.38,0.03620585793818336,0.0060990408880761005,0.0010211373973949703,0.0,0.0,0.034574297117392676,95
79.4,0.036213966075716725,0.006099271653750064,0.0010212332325273,0.0,0.0,0.03458243159177501,95
79.42,0.036221884331543525,0.006099441173358195,0.0010213483242695787,0.0,0.0,0.03459044030371357,95
79.44,0.0362296117258433,0.0060995496472351475,0.0010214924002557295,0.0,0.0,0.03459832417332266,95
79.46000000000001,0.03623714721836241,0.006099597272531115,0.0010216348756757587,0.0,0.0,0.034606084129267994,95
79.48,0.036244489722020254,0.0060997390858620534,0.0010217757505313633,0.0,0.0,0.03461372112534507,95
79.5,0.03625163811638666,0.006099947509847167,0.0010219150248280654,0.0,0.0,0.03462123615705456,95
79.52,0.03625859125987533,0.006100095050545346,0.0010220526985754727,0.0,0.0,0.03462863027702223,95
79.54,0.03626573195413717,0.006100181895632297,0.0010221887717876408,0.0,0.0,0.03463590460819577,95
79.56,0.03627358410378987,0.006100208230662986,0.0010223232444835566,0.0,0.0,0.03464306035389083,95
79.58,0.036281992619514716,0.006100174239212371,0.001022456116687714,0.0,0.0,0.034650098803945754,95
79.60000000000001,0.036290245560122995,0.006100080103014008,0.0010225873884308061,0.0,0.0,0.03465702133646835,95
79.62,0.03629861002801242,0.006099928310199246,0.0010227170597505162,0.0,0.0,0.03466382941491024,95
79.64,0.036307094277089946,0.006099745230785692,0.0010228451306924164,0.0,0.0,0.03467052458046183,95
79.66,0.036315423551029236,0.006099502488222552,0.0010229716013109504,0.0,0.0,0.03467710844002874,95
79.68,0.036323598350947256,0.006099200258719679,0.001023096471670528,0.0,0.0,0.03468358265030247,95
79.7,0.03633161917273577,0.00609883871772645,0.0010232197418466747,0.0,0.0,0.03468994889866822,95
79.72,0.03633949554202805,0.006098418040298832,0.0010233414119272836,0.0,0.0,0.03469620888189877,96
79.74,0.036347221148792484,0.006097938401532384,0.0010234614849625333,0.0,0.0,0.034702364283741065,96
79.76,0.036354794067076666,0.0060973999770620735,0.0010235799696712282,0.0,0.0,0.03470841675261549,97
79.78,0.0363622145400512,0.0060968029436264375,0.001023696854680271,0.0,0.0,0.03471436788070582,97
79.8,0.036369482693011275,0.006096147479689856,0.0010238121401401968,0.0,0.0,0.03472021918570571,97
79.82000000000001,0.03637659851726276,0.006095433766113174,0.001023925826220644,0.0,0.0,0.03472597209642061,97
79.84,0.03638356185883227,0.006094661986859545,0.0010240379131116878,0.0,0.0,0.03473162794327717,97
79.86,0.0363903423386765,0.0060938323297194796,0.0010241484594788158,0.0,0.0,0.03473715726916318,97
79.88,0.03639691138695927,0.006092944978509463,0.0010242575189377396,0.0,0.0,0.03474253251412226,97
79.9,0.03640332679553206,0.006092002612462737,0.001024364976022566,0.0,0.0,0.034747814286598164,97
79.92,0.036409587836379216,0.006091003364111708,0.0010244708310145935,0.0,0.0,0.034753003550435535,98
79.94,0.03641569367209717,0.006089947010557827,0.0010245750842209195,0.0,0.0,0.03475810121741273,98
79.96000000000001,0.03642164338131223,0.006088833769043053,0.001024677735975047,0.0,0.0,0.03476310817506526,98
79.98,0.036427435988670556,0.006087705380954615,0.0010247787866373124,0.0,0.0,0.034768025319200875,98
80.0,0.03643307049824661,0.006086904383834414,0.001024878236595114,0.0,0.0,0.03477285358995939,98
80.02,0.03643854592906321,0.006086214567416095,0.0010249980236806894,0.0,0.0,0.03477759401011565,98
80.04,0.03644386135134056,0.006085467271008632,0.0010251277174790393,0.0,0.0,0.03478224772424931,98
80.06,0.03644901592208416,0.006084662755896293,0.0010252557710171172,0.0,0.0,0.03478681603739789,98
80.08,0.03645400891868357,0.00608380129120929,0.0010253821848128055,0.0,0.0,0.03479130045187115,97
80.10000000000001,0.036458839769309984,0.006082883153625087,0.001025506959410747,0.0,0.0,0.034795702701022016,97
80.12,0.03646350807906216,0.006081908626957566,0.001025630095437487,0.0,0.0,0.03480002477892961,97
80.14,0.036468013650993766,0.006080878001645948,0.0010257515934364127,0.0,0.0,0.03480426896513524,97
80.16,0.03647235650135592,0.006080064854970247,0.0010258714540240237,0.0,0.0,0.034808437843771786,97
80.18,0.03647653686858346,0.006080340331491718,0.0010259896778434217,0.0,0.0,0.03481253431662249,97
80.2,0.036480564102319694,0.006080556807809976,0.0010261062655597378,0.0,0.0,0.03481656160983353,97
80.22,0.03648442545381805,0.006080714559833793,0.001026221228560231,0.0,0.0,0.03482051700399344,97
80.24,0.03648807076917391,0.006080813866075457,0.0010263346520625154,0.0,0.0,0.034824354903053883,97
80.26,0.03649155683095912,0.006080855005928432,0.0010264464427074144,0.0,0.0,0.03482813526134106,97
80.28,0.0364948848938283,0.0060808382610822885,0.0010265566012349083,0.0,0.0,0.0348318625417515,97
80.3,0.036498056351769656,0.006080769709581875,0.001026665128401435,0.0,0.0,0.03483554147071465,97
80.32000000000001,0.03650107270323366,0.006080663857595311,0.0010267720276812594,0.0,0.0,0.034839177008895356,97
80.34,0.036503935511286945,0.006080500920750248,0.0010268772983182358,0.0,0.0,0.034842774317162,97
80.36,0.03650664635934879,0.006080281178066721,0.0010269809399650505,0.0,0.0,0.034846338718381616,97
80.38,0.03650920680313214,0.006080004906351148,0.0010270929090574854,0.0,0.0,0.03484987565566771,97
80.4,0.03651161831948827,0.006079672379724903,0.0010272398906145416,0.0,0.0,0.03485339064778124,97
80.42,0.03651388225293071,0.006079283869233477,0.0010273851658201747,0.0,0.0,0.03485688924246007,97
80.44,0.03651636882296408,0.00607883964253878,0.0010275287351211517,0.0,0.0,0.034860376968531746,97
80.46000000000001,0.03651998747636353,0.006078339963694997,0.0010276705989826116,0.0,0.0,0.0348641529281698,97
80.48,0.03652370774249487,0.0060777850930064815,0.001027810757887943,0.0,0.0,0.03486806221571062,97
80.5,0.0365295895594724,0.0060771752869638995,0.0010279492123388342,0.0,0.0,0.03487197610332569,97
80.52,0.0365357243480007,0.006076510798252811,0.0010280859628554826,0.0,0.0,0.03487589957509786,97
80.54,0.03654185829694487,0.006075791875826856,0.0010282210099770064,0.0,0.0,0.034879837373180574,97
80.56,0.03654799541993596,0.006075018765035694,0.0010283543542620231,0.0,0.0,0.03488379396393717,96
80.58,0.03655413941424978,0.006074191707796236,0.0010284859962894398,0.0,0.0,0.03488777351007304,96
80.60000000000001,0.0365602936393999,0.0060733109427942,0.001028615936659421,0.0,0.0,0.034891779849621926,96
80.62,0.03656646110326359,0.006072376705702016,0.0010287441782702385,0.0,0.0,0.03489601759059159,96
80.64,0.03657264445622797,0.006071389229398434,0.001028870725625647,0.0,0.0,0.03490051559688678,97
80.66,0.03657884599361291,0.006070348744175108,0.001028995573288526,0.0,0.0,0.03490504934008811,97
80.68,0.0365850676663672,0.006069255477915882,0.0010291187219575659,0.0,0.0,0.034909621306463905,97
80.7,0.03659131109977811,0.006068109656235419,0.0010292401723602683,0.0,0.0,0.034914233671941845,97
80.72,0.03659757761968142,0.0060669115025653465,0.0010293599252549118,0.0,0.0,0.0349188883288286,97
80.74,0.036603847011882865,0.006065661238178049,0.0010294779922007688,0.0,0.0,0.03492356563939479,97
80.76,0.03661009277900518,0.00606435908114665,0.001029594387997261,0.0,0.0,0.0349282396977424,97
80.78,0.036616364237670534,0.006063005245935121,0.0010297090890423848,0.0,0.0,0.03493296045216814,97
80.8,0.03662266189808208,0.006061599946738352,0.0010298562674818297,0.0,0.0,0.03493772904832755,97
80.82000000000001,0.036628986182507574,0.0060601433949521175,0.0010300058727495055,0.0,0.0,0.034942546562762446,97
80.84,0.03663530086329178,0.006058635798824742,0.0010301539427526006,0.0,0.0,0.03494746522880024,97
80.86,0.036641603012116844,0.006057077361277129,0.0010303004971076253,0.0,0.0,0.03495276106244438,97
80.88,0.036647933107286826,0.006055468281020421,0.001030445317610662,0.0,0.0,0.03495810865751124,97
80.9,0.036654291711656066,0.006053808754112565,0.0010305890273948572,0.0,0.0,0.034963509314074485,97
80.92,0.03666067953570618,0.006052098971476706,0.0010307311862564345,0.0,0.0,0.034968964502654215,97
80.94,0.03666709747447246,0.006050339118306264,0.0010308716173730967,0.0,0.0,0.034974475902098436,97
80.96000000000001,0.036673546638803366,0.006048529373455068,0.001031010340611373,0.0,0.0,0.03498004543185666,97
80.98,0.03668002838018819,0.006046669908825927,0.0010311473374226123,0.0,0.0,0.03498567527788396,97
81.0,0.03668654430849574,0.006044760888771149,0.0010312826094381019,0.0,0.0,0.03499136791152062,97
81.02,0.03669309630207558,0.0060428024695185515,0.001031416158208658,0.0,0.0,0.03499712610080192,97
81.04,0.036699692629231506,0.006040794798636372,0.0010315479854477378,0.0,0.0,0.03500295291376515,97
81.06,0.036706334953297316,0.0060387380145502136,0.0010316780929278924,0.0,0.0,0.03500885171343459,97
81.08,0.03671302063595501,0.006036632246124743,0.0010318064825424547,0.0,0.0,0.03501482614428546,97
81.10000000000001,0.03671975256536833,0.006034477612322379,0.0010319331561643517,0.0,0.0,0.03502088011011878,97
81.12,0.03672653382303501,0.006032274221950661,0.0010320581156975741,0.0,0.0,0.03502701774341724,97
81.14,0.03673336764318577,0.00603002217350919,0.001032181363199128,0.0,0.0,0.03503365536259373,97
81.16,0.036740257364199544,0.006027721555146279,0.0010323029010329487,0.0,0.0,0.03504040327793501,97
81.18,0.03674720637261174,0.006025372444734302,0.0010324227309760749,0.0,0.0,0.03504724767091599,97
81.2,0.03675421804049123,0.006022974910071468,0.0010325408552497974,0.0,0.0,0.03505419312363578,98
81.22,0.03676129565717212,0.006020529009216252,0.0010326572761030404,0.0,0.0,0.03506124417998504,98
81.24,0.03676844235654092,0.006018034790958696,0.0010327719957680416,0.0,0.0,0.035068405275038406,98
81.26,0.03677566104129359,0.0060154922954306685,0.001032885016593666,0.0,0.0,0.03507568066151206,98
81.28,0.03678294121310712,0.006012901554854566,0.0010329962488206286,0.0,0.0,0.0350830613364417,98
81.3,0.03679024717557246,0.0060102625937823295,0.0010331282097852373,0.0,0.0,0.03509051333079245,98
81.32000000000001,0.03679763172979052,0.0060075754288833405,0.0010332722515456639,0.0,0.0,0.03509809058970824,98
81.34,0.03680509609519246,0.006004840074444126,0.001033414571276803,0.0,0.0,0.03510579590193826,98
81.36,0.036812640897014685,0.00600205654110236,0.0010335551719247837,0.0,0.0,0.03511363152335903,98
81.38,0.03682167060092195,0.005999224837169132,0.0010336940562349814,0.0,0.0,0.035121599123651016,98
81.4,0.036830881222442664,0.005996344970018327,0.001033831227185081,0.0,0.0,0.03512969974276886,98
81.42,0.03684021760794891,0.00599341694751992,0.0010339666877855138,0.0,0.0,0.03513793375858256,98
81.44,0.03684967927442583,0.005990440779491641,0.0010341004410442628,0.0,0.0,0.035146300866702965,98
81.46000000000001,0.036859265047274846,0.005987416479141987,0.0010342324901306283,0.0,0.0,0.03515480007306233,98
81.48,0.03686897306560523,0.0059845520395824005,0.0010343628381630154,0.0,0.0,0.03516342969934093,98
81.5,0.03687880079995528,0.005981767933853873,0.001034491488322514,0.0,0.0,0.03517218740083,98
81.52,0.03688874508154508,0.0059789345767720155,0.0010346184439210162,0.0,0.0,0.035181070195833324,98
81.54,0.036898802141724765,0.005976052016336741,0.0010347437082678075,0.0,0.0,0.03519007450527186,98
81.56,0.03690896765991223,0.005973120309935379,0.0010348672848420556,0.0,0.0,0.035199196200785474,98
81.58,0.036919494199714534,0.005970139525202761,0.0010349891809746793,0.0,0.0,0.035208430659353945,98
81.60000000000001,0.036930333012214635,0.005967109740720243,0.0010351093982410727,0.0,0.0,0.0352177728222958,98
81.62,0.036941263937402165,0.005964204807484158,0.0010352279378527955,0.0,0.0,0.03522721725644911,98
81.64,0.03695228102457675,0.005961398648534955,0.0010353448033145816,0.0,0.0,0.03523675821539765,98
81.66,0.036963378065480244,0.005958542720876421,0.0010354599981899641,0.0,0.0,0.0352463896987568,98
81.68,0.03697454864968085,0.0059556371560441634,0.0010355735270391009,0.0,0.0,0.035256105507769024,98
81.7,0.036985786214797554,0.0059526820974726505,0.0010356853973455195,0.0,0.0,0.03526589929574736,98
81.72,0.03699708409043603,0.005949677700247357,0.0010357956080404333,0.0,0.0,0.03527576461223831,98
81.74,0.037008622174933475,0.005946624130738465,0.001035904162800024,0.0,0.0,0.035285694940119995,98
81.76,0.03702049285777177,0.005943521566134049,0.0010360110654339017,0.0,0.0,0.035295683725198396,98
81.78,0.037032402884997775,0.005941347773813851,0.0010361163196813657,0.0,0.0,0.03530572439819597,98
81.8,0.037044345447814465,0.0059399667183131135,0.0010362199293736307,0.0,0.0,0.03531581038932898,98
81.82000000000001,0.03705631373904801,0.0059385249320314405,0.0010363538951990699,0.0,0.0,0.03532593513593711,98
81.84,0.03706830095424292,0.005937165840920182,0.0010365050061308888,0.0,0.0,0.035336092083854964,98
81.86,0.03708030028735666,0.005936650277535678,0.0010366544225891242,0.0,0.0,0.03534627468339217,98
81.88,0.037092304922046807,0.005936078089294784,0.0010368021481629351,0.0,0.0,0.03535647638091551,98
81.9,0.037104308019622695,0.005935439909578419,0.0010369547860695472,0.0,0.0,0.03536669060710569,98
81.92,0.037116302704756396,0.005934735930927414,0.0010371333821237287,0.0,0.0,0.0353769107629835,99
81.94,0.0371287637882571,0.005933966358448909,0.0010373102605988863,0.0,0.0,0.03538713020477674,99
81.96000000000001,0.037141224321276256,0.005933131409196031,0.001037485425091815,0.0,0.0,0.035397342228624055,99
81.98,0.037153654754431185,0.0059322313124073964,0.0010376588790967046,0.0,0.0,0.035407540055998235,99
82.0,0.03716604791412563,0.005931266307101745,0.0010378306261307466,0.0,0.0,0.03541780739140716,99
82.02,0.03717839651915089,0.005930236642693769,0.0010380006696973179,0.0,0.0,0.035428390085103914,99
82.04,0.03719069317157991,0.005930148405304801,0.0010381690132778407,0.0,0.0,0.0354389371420274,99
82.06,0.03720293035021797,0.005930397710145895,0.0010383356603285185,0.0,0.0,0.03544944137570524,100
82.08,0.03721510040661763,0.005930580066539545,0.0010385006143180105,0.0,0.0,0.03545989548228247,100
82.10000000000001,0.037227200287900476,0.005930695744502107,0.0010386638786135157,0.0,0.0,0.03547029203935426,100
82.12,0.037239223510971635,0.005930745023527008,0.0010388254565652448,0.0,0.0,0.03548062350695336,100
82.14,0.037251155963189085,0.005930728192457019,0.0010389853514979608,0.0,0.0,0.035490882230340214,100
82.16,0.03726298949170776,0.00593064554939089,0.001039143566696651,0.0,0.0,0.03550106044421057,100
82.18,0.037274715826440846,0.005930497401621962,0.001039300105404132,0.0,0.0,0.03551115027793996,100
82.2,0.03728632658559451,0.0059302840656070875,0.0010394549708188663,0.0,0.0,0.03552114376154008,100
82.22,0.037297813281673746,0.005931188996673285,0.0010396081660930083,0.0,0.0,0.035531032832086744,100
82.24,0.03730916732783735,0.005932259251561571,0.0010397596943307057,0.0,0.0,0.03554080934049692,100
82.26,0.037320832542347526,0.005933262114585337,0.001039909558586645,0.0,0.0,0.035550465058663355,100
82.28,0.03733236974065088,0.005934197921453808,0.0010400577618648586,0.0,0.0,0.035559991687092445,99
82.3,0.03734374736074013,0.0059350670175319946,0.0010402043071178074,0.0,0.0,0.035569380863316014,99
82.32000000000001,0.03735495649236912,0.005935869757960903,0.001040349197245713,0.0,0.0,0.035578624171452744,99
82.34,0.037365988167752065,0.0059366065077948865,0.0010404924350961527,0.0,0.0,0.035587713153361414,99
82.36,0.03737683337436086,0.0059372776421507505,0.0010406340234639096,0.0,0.0,0.03559663932185379,99
82.38,0.03738748307022377,0.0059378835463619285,0.0010407739650910562,0.0,0.0,0.03560539417640923,99
82.4,0.03739820326442558,0.00593842461612988,0.0010409122626672744,0.0,0.0,0.035613969221757136,99
82.42,0.03740883511301279,0.00593890125766389,0.0010410489188303817,0.0,0.0,0.03562235598956825,99
82.44,0.03741924990874991,0.005939313887799834,0.0010411839361670634,0.0,0.0,0.035630546063336856,99
82.46000000000001,0.03742943881425901,0.005939662934088256,0.0010413173172137747,0.0,0.0,0.035638531106343796,99
82.48,0.03743939308745032,0.005939948834842314,0.001041449064457817,0.0,0.0,0.03564630289239596,99
82.5,0.037449104114181495,0.005940172039136869,0.0010415791803385416,0.0,0.0,0.03565385333884454,99
82.52,0.03745856344252582,0.005940333006751172,0.00104170766724869,0.0,0.0,0.03566117454121868,99
82.54,0.037467762817855015,0.005940432208049038,0.0010418345275358294,0.0,0.0,0.03566825880868119,99
82.56,0.03747669421786199,0.005940470123792323,0.0010419597635038765,0.0,0.0,0.03567509869943318,99
82.58,0.03748534988662151,0.005940451405367569,0.0010420833774146805,0.0,0.0,0.035681687055166354,99
82.60000000000001,0.03749372236681551,0.0059403935394380224,0.0010422053714896611,0.0,0.0,0.03568815010388788,99
82.62,0.037501762915088555,0.005940275878785669,0.001042325518847872,0.0,0.0,0.03569469350980257,99
82.64,0.037509481175463884,0.0059401079550402865,0.0010424439122211973,0.0,0.0,0.03570094026324936,99
82.66,0.037516896006312736,0.00593989600342588,0.0010425606927496754,0.0,0.0,0.0357069097484183,99
82.68,0.037524001404939895,0.005939625795947004,0.0010426758663434547,0.0,0.0,0.03571259665180432,99
82.7,0.03753079177749257,0.00593944057650967,0.0010427894369143744,0.0,0.0,0.03571799608848249,99
82.72,0.03753726194823512,0.005940482356069516,0.0010429014007901044,0.0,0.0,0.035723103611877624,99
82.74,0.03754340716443644,0.005941464062472979,0.0010430117620693776,0.0,0.0,0.03572791521916577,100
82.76,0.03754922309708572,0.005942386242551646,0.0010431205314785006,0.0,0.0,0.035732427352524694,100
82.78,0.03755470583775209,0.005943262159950444,0.0010432277060490795,0.0,0.0,0.03573663689655014,101
82.8,0.037559851891973056,0.005944090847528672,0.0010433332887532587,0.0,0.0,0.035740541172224194,101
82.82000000000001,0.03756465816959903,0.005944861635841384,0.0010434372746726869,0.0,0.0,0.035744137927864066,100
82.84,0.037569121972549524,0.0059455750865648836,0.001043539665670584,0.0,0.0,0.03574742532750853,100
82.86,0.037573240980431,0.005946231763356378,0.0010436404635892904,0.0,0.0,0.035750401937193185,100
82.88,0.03757701323445816,0.005946832231199694,0.0010437396702514176,0.0,0.0,0.03575306670955835,100
82.9,0.03758043712009174,0.005947377055774835,0.0010438372874609168,0.0,0.0,0.035755418967203245,100
82.92,0.03758351603779559,0.005947866802854112,0.0010439333276723484,0.0,0.0,0.03575745838516675,101
82.94,0.037586244958898056,0.005948302037726825,0.0010440277836460516,0.0,0.0,0.03575918497287715,101
82.96000000000001,0.03758862257585975,0.005948683324653861,0.0010441206555874025,0.0,0.0,0.03576059905586576,101
82.98,0.03759064846454216,0.005949011226352864,0.0010442119452366593,0.0,0.0,0.03576170125750295,101
83.0,0.03759233197836554,0.005949286303690598,0.0010443016543200101,0.0,0.0,0.035762492480967835,101
83.02,0.037593665711258446,0.00594950911493098,0.001044389784550347,0.0,0.0,0.0357629738916282,101
83.04,0.037594629233461664,0.005949680215148491,0.001044471535664521,0.0,0.0,0.035763132989110935,101
83.06,0.03759519503202584,0.0059498001480060595,0.0010445397490819323,0.0,0.0,0.035762950604020335,101
83.08,0.03759541041723303,0.005949869441019367,0.001044606427064131,0.0,0.0,0.035762878587146725,101
83.10000000000001,0.03759527619906828,0.0059498886385612815,0.0010446715710798365,0.0,0.0,0.035762600261334744,101
83.12,0.03759490894862576,0.005949858280688827,0.0010447351825891875,0.0,0.0,0.0357620207790875,101
83.14,0.03759455770117121,0.005949778902853941,0.0010447972684581395,0.0,0.0,0.03576114254615149,101
83.16,0.03759385946260212,0.0059496510356369,0.001044857830905857,0.0,0.0,0.0357599681267693,101
83.18,0.03759281555162039,0.005949475204500982,0.001044916865274126,0.0,0.0,0.03575850023215968,101
83.2,0.03759142738183376,0.005949251929566845,0.0010449743729955456,0.0,0.0,0.03575674170982583,101
83.22,0.03758969645039183,0.005948981725405191,0.0010450303554968606,0.0,0.0,0.03575469553366953,101
83.24,0.03758762432733139,0.005948665100846265,0.0010450848141994509,0.0,0.0,0.035752364794884785,101
83.26,0.037585171654375894,0.005948302558804854,0.0010451454744974328,0.0,0.0,0.035749703988972946,101
83.28,0.037582357291884964,0.005947894601239688,0.00104520908242706,0.0,0.0,0.035746789381793924,102
83.3,0.037579206848251466,0.005947441721742153,0.0010452711324848026,0.0,0.0,0.035743987359021547,102
83.32000000000001,0.03757572209145456,0.005946944404539497,0.0010453316262866795,0.0,0.0,0.03574091369596621,102
83.34,0.03757190481848664,0.005946403127372255,0.0010453905654441873,0.0,0.0,0.03573757195871478,102
83.36,0.037567756848196576,0.005945840980851384,0.0010454479515647653,0.0,0.0,0.035733965790600626,102
83.38,0.037563280014586475,0.005945237122213765,0.001045503786252242,0.0,0.0,0.035730098907652406,102
83.4,0.03755847616052581,0.005944590660070097,0.0010455580711072935,0.0,0.0,0.035725975094564356,103
83.42,0.037553347131849865,0.00594390204518517,0.001045610807727878,0.0,0.0,0.03572159820116079,103
83.44,0.03754789477180906,0.0059431717215770565,0.0010456619982459735,0.0,0.0,0.03571697213932668,103
83.46000000000001,0.03754212091583938,0.005942400125872392,0.0010457116458768437,0.0,0.0,0.035712100880380356,103
83.48,0.03753596786344093,0.005941587687428676,0.001045760143025747,0.0,0.0,0.03570692871130084,103
83.5,0.037529466376556055,0.0059407348099234135,0.0010458072984842342,0.0,0.0,0.035701488779525434,103
83.52,0.037522648845814806,0.005939841898813316,0.0010458529141931844,0.0,0.0,0.03569581594272474,103
83.54,0.037515517028711164,0.005939919058971317,0.0010458969917410707,0.0,0.0,0.035690092166620134,103
83.56,0.03750807265260215,0.005940394869293698,0.0010459395327167653,0.0,0.0,0.03568448247111434,103
83.58,0.03750031741083479,0.00594085153517758,0.001045980538709992,0.0,0.0,0.035678652103229506,103
83.60000000000001,0.03749225295901776,0.0059412686143920776,0.0010460200113117685,0.0,0.0,0.03567260540940665,103
83.62,0.03748388091141812,0.00594164360619872,0.0010460579521148542,0.0,0.0,0.035666346787938764,103
83.64,0.037475202837465076,0.005941976870249773,0.0010460943627142016,0.0,0.0,0.03565998230533235,103
83.66,0.03746622025834312,0.005942268758634321,0.0010461292447074136,0.0,0.0,0.0356538259263976,103
83.68,0.0374569346436575,0.005942519615797182,0.001046162599695191,0.0,0.0,0.03564747063753344,103
83.7,0.037447347408157375,0.005942729778455508,0.0010461944292818053,0.0,0.0,0.035640921052021206,103
83.72,0.0374374599085015,0.005942899575512578,0.0010462247350755437,0.0,0.0,0.03563418184020987,104
83.74,0.037427197144903245,0.005943029327968368,0.001046253942702287,0.0,0.0,0.0356271810623604,103
83.76,0.03741663596743481,0.005943119338640099,0.001046281634032383,0.0,0.0,0.0356199994973485,103
83.78,0.03740610824326101,0.005943416494813192,0.0010463078064831908,0.0,0.0,0.03561264276006396,103
83.8,0.037395479833165594,0.005943819768974429,0.001046332799279845,0.0,0.0,0.03560506154326893,103
83.82000000000001,0.037384520845251575,0.005944182199393898,0.0010463565093310942,0.0,0.0,0.03559727768233108,103
83.84,0.03737327466677728,0.005944504073616171,0.0010463787051289797,0.0,0.0,0.03558933373547328,103
83.86,0.03736173526719776,0.005944785682329011,0.001046399388319118,0.0,0.0,0.03558123483733419,103
83.88,0.03734987606111618,0.005945027307317052,0.001046438455860035,0.0,0.0,0.035572957767754855,103
83.9,0.037339290889237285,0.005945229223257708,0.001046501810819657,0.0,0.0,0.03556449812425757,103
83.92,0.03732979134813434,0.005945391696286117,0.0010465635621038254,0.0,0.0,0.03555589946439278,103
83.94,0.03732009511715392,0.005945514980606685,0.0010466237120211731,0.0,0.0,0.03554716726023043,102
83.96000000000001,0.037310205918057913,0.005945599320967661,0.0010466822704871962,0.0,0.0,0.03553830707858616,102
83.98,0.037300127510918074,0.005945644952503764,0.001046739229733394,0.0,0.0,0.035529324585602394,102
84.0,0.03728986369634037,0.005945652100570589,0.001046812989150727,0.0,0.0,0.035520225551521366,102
84.02,0.03727941831775627,0.005945620980570584,0.0010469087457450987,0.0,0.0,0.03551101585563747,102
84.04,0.037268795263762824,0.005945551797770217,0.0010470028537528744,0.0,0.0,0.035501701491414045,102
84.06,0.03725799847048926,0.005945444747108245,0.0010470953144205012,0.0,0.0,0.03549228857174521,102
84.08,0.03724762464550769,0.00594530001299485,0.0010471861290124154,0.0,0.0,0.03548278333433988,102
84.10000000000001,0.03723792026420046,0.005945117769101556,0.0010472752988115337,0.0,0.0,0.03547319214720061,102
84.12,0.03722809724777988,0.005944911892017398,0.001047362825119717,0.0,0.0,0.03546354911351406,102
84.14,0.03721816118674599,0.005944685409940767,0.0010474487092582351,0.0,0.0,0.035454294668813065,102
84.16,0.03720811778965211,0.005944421827418691,0.0010475329525682032,0.0,0.0,0.035444973600881835,102
84.18,0.037197940761878205,0.0059441212729320235,0.0010476157649937721,0.0,0.0,0.03543556056670984,102
84.2,0.03718761171988169,0.005943783853002308,0.0010476973060374957,0.0,0.0,0.03542603820465528,101
84.22,0.03717719333303612,0.00594340965437107,0.001047777210367522,0.0,0.0,0.03541647064629095,101
84.24,0.037166691822999934,0.005942998769020832,0.0010478554794067353,0.0,0.0,0.03540686532410356,101
84.26,0.03715611354830995,0.005942551276199892,0.0010479574360137806,0.0,0.0,0.03539722984238693,101
84.28,0.03714546500676627,0.005942067242141273,0.0010480613130412365,0.0,0.0,0.03538757198101835,101
84.3,0.037134752837066284,0.005941546719778151,0.0010481635088200132,0.0,0.0,0.035377899698551395,100
84.32000000000001,0.03712398381952737,0.005940989748457561,0.001048264024986158,0.0,0.0,0.0353682211344685,100
84.34,0.037113164875718876,0.0059403963536545324,0.0010483628631976177,0.0,0.0,0.0353585446104174,100
84.36,0.03710230306680246,0.005939779134237034,0.001048460025134205,0.0,0.0,0.035348878630234566,99
84.38,0.037091405590358055,0.005939752799556263,0.0010485555124974703,0.0,0.0,0.035339231878536694,99
84.4,0.03708060127699251,0.00594074715744873,0.0010486493270104496,0.0,0.0,0.03532961321764134,99
84.42,0.03707014009881645,0.0059417005199875715,0.0010487414704173062,0.0,0.0,0.035320031682554924,99
84.44,0.03705966494582661,0.005942612815830486,0.0010488319444828327,0.0,0.0,0.03531049647374806,99
84.46000000000001,0.037049183490625026,0.0059434839585311115,0.001048920750991783,0.0,0.0,0.03530101694742307,99
84.48,0.03703870349441117,0.005944448474306739,0.0010490078917480517,0.0,0.0,0.03529160260296093,99
84.5,0.037028232788941344,0.005945547093083542,0.0010490933685736495,0.0,0.0,0.0352822630672356,99
84.52,0.03701777925492276,0.005946603186138102,0.001049177183307467,0.0,0.0,0.035273008075477785,99
84.54,0.03700735079653364,0.005947616610612348,0.0010492903566875348,0.0,0.0,0.03526384744838461,98
84.56,0.03699695531178423,0.005948587207958718,0.0010494343393160968,0.0,0.0,0.035254791065194795,98
84.58,0.036986551317383834,0.005949514804005924,0.001049581101288405,0.0,0.0,0.03524579948074013,98
84.60000000000001,0.03697744912497108,0.005950399206517351,0.001049726132135206,0.0,0.0,0.035236910252677944,98
84.62,0.03696857239652624,0.005951240209440522,0.001049869419913264,0.0,0.0,0.035228496375010854,98
84.64,0.03695988283994775,0.005952037592938827,0.0010500109710685922,0.0,0.0,0.03522035522720615,98
84.66,0.036951837913167626,0.005952791122700353,0.0010501507841095925,0.0,0.0,0.03521236683149037,98
84.68,0.036943916771329854,0.005953500550495783,0.001050320137990216,0.0,0.0,0.035204540604765695,97
84.7,0.03693608613201494,0.0059541656148630875,0.0010504887145247831,0.0,0.0,0.03519684409453536,97
84.72,0.036928342867225135,0.005954786025973055,0.001050655813746538,0.0,0.0,0.03518927510177607,97
84.74,0.036920747123848775,0.005955361478323508,0.0010508211321805262,0.0,0.0,0.03518189488207135,97
84.76,0.036913314142215214,0.005956996411414552,0.0010509846720529617,0.0,0.0,0.035174711459156675,97
84.78,0.03690601155126212,0.005958950002527604,0.0010511464945230898,0.0,0.0,0.03516769844024234,97
84.8,0.036898845335885534,0.0059608535306386705,0.0010513065967050915,0.0,0.0,0.03516086604705354,97
84.82000000000001,0.03689185131343994,0.005962706674358891,0.001051464928046437,0.0,0.0,0.03515425124171212,97
84.84,0.03688504286737992,0.0059645091084873005,0.001051621490662145,0.0,0.0,0.03514785961424423,96
84.86,0.03687841670691995,0.0059662605043883715,0.0010517762866234534,0.0,0.0,0.03514169599357164,96
84.88,0.0368719737200098,0.005967960531891084,0.0010519293179512054,0.0,0.0,0.035135764395472086,96
84.9,0.036865715818017744,0.005969608861269058,0.0010520805866094014,0.0,0.0,0.03513006797722774,96
84.92,0.036859643975260696,0.005971205165277201,0.0010522300944991298,0.0,0.0,0.03512462532360633,96
84.94,0.036853758198071344,0.00597274912121733,0.001052377843452978,0.0,0.0,0.035119932207725066,96
84.96000000000001,0.03684805750309718,0.005974240413002513,0.001052523835230098,0.0,0.0,0.03511547774104278,96
84.98,0.03684253990526687,0.005975678733188305,0.0010526909071220867,0.0,0.0,0.03511126135991882,96
85.0,0.036837202415623944,0.005977065868398413,0.001052883501478275,0.0,0.0,0.03510728154578697,96
85.02,0.036832044971646154,0.005978399640043052,0.0010530742705437955,0.0,0.0,0.03510353583490717,96
85.04,0.03682706565848925,0.005979679584740897,0.0010532632157565257,0.0,0.0,0.03510002083774959,96
85.06,0.03682225164607485,0.005980905448151407,0.001053450338475232,0.0,0.0,0.03509673226761123,96
85.08,0.036817596101323416,0.0059820769931302935,0.0010536356399799447,0.0,0.0,0.03509403951951365,96
85.10000000000001,0.03681309131728744,0.005983194000927483,0.0010538191214735715,0.0,0.0,0.03509163514254964,96
85.12,0.036808728763739404,0.005984256272167701,0.0010540007840847219,0.0,0.0,0.03508943880653921,96
85.14,0.036804460261174086,0.005985283922847583,0.0010541682952239582,0.0,0.0,0.03508740939214635,96
85.16,0.03680084424841733,0.0059862659870160515,0.0010543085016621922,0.0,0.0,0.03508550282274255,96
85.18,0.0367973398611833,0.005987192952135567,0.001054446974791718,0.0,0.0,0.03508378031228313,96
85.2,0.03679423773001653,0.005988064701183574,0.0010546134775555182,0.0,0.0,0.03508223273534632,96
85.22,0.036791531097804094,0.0059888811380127025,0.0010547807468747762,0.0,0.0,0.03508085054865441,96
85.24,0.036788900290197726,0.005989642187017237,0.0010549462439747794,0.0,0.0,0.03507983583766252,96
85.26,0.03678633286549691,0.005990347792625558,0.0010551099699802008,0.0,0.0,0.035079271266183466,96
85.28,0.036784000468612695,0.005990997918641208,0.001055271921796049,0.0,0.0,0.03507884122548759,96
85.3,0.03678206634214659,0.005991592547456926,0.0010554321000382449,0.0,0.0,0.03507853528526008,96
85.32000000000001,0.03678015624400199,0.005992131679167113,0.0010555905088918776,0.0,0.0,0.03507834298426796,96
85.34,0.03677825711790725,0.005992615330604269,0.0010557471458687109,0.0,0.0,0.03507825390034078,96
85.36,0.03677635591949503,0.005993043534324594,0.0010559020110975164,0.0,0.0,0.035078257715171396,95
85.38,0.03677443967130804,0.005993416337566724,0.0010560551051904956,0.0,0.0,0.035078344272938336,95
85.4,0.03677249551053936,0.0059937338012061,0.001056206428771629,0.0,0.0,0.0350785036319157,95
85.42,0.0367705107288622,0.005993995998725437,0.0010563559824805257,0.0,0.0,0.03507872610843651,95
85.44,0.03676847280394591,0.005994203015219521,0.0010565037669756226,0.0,0.0,0.035079002312814245,95
85.46000000000001,0.03676755765756499,0.0059943549464500845,0.0010566497829368323,0.0,0.0,0.035079323177083246,95
85.48,0.036766810843932414,0.005994451897963813,0.0010567940310676547,0.0,0.0,0.035079679974686605,95
85.5,0.03676601787081636,0.0059944939842839304,0.0010569365120968294,0.0,0.0,0.03508006433250858,95
85.52,0.03676516857649155,0.005994481328182846,0.001057077226779575,0.0,0.0,0.03508046823589877,95
85.54,0.036764214876788895,0.005994414060040728,0.0010572164062758408,0.0,0.0,0.035080845278520914,95
85.56,0.03676312293393992,0.005994292301908224,0.0010573541981336388,0.0,0.0,0.03508116333949749,95
85.58,0.03676193868820706,0.005994116172593127,0.0010574910564163577,0.0,0.0,0.0350814590215327,95
85.60000000000001,0.03676056721311572,0.00599388580981204,0.0010576304541617576,0.0,0.0,0.03508164156697001,95
85.62,0.036759093114814456,0.005995068506708573,0.001057768047881361,0.0,0.0,0.03508180920179714,95
85.64,0.03675750773466707,0.005996628967008671,0.0010579038386893825,0.0,0.0,0.0350819559037858,94
85.66,0.03675580260659077,0.005998129559918692,0.0010580378277279328,0.0,0.0,0.03508207593866747,94
85.68,0.036753969442271626,0.0059995703931434285,0.0010581700161669113,0.0,0.0,0.03508216384970543,94
85.7,0.036752000119349496,0.006000951579356357,0.0010583004052038675,0.0,0.0,0.03508221445037944,94
85.72,0.03675083418224442,0.0060022732360687035,0.0010584290043379795,0.0,0.0,0.03508222282080418,94
85.74,0.03675087421419693,0.006003535485503291,0.0010585558069358151,0.0,0.0,0.03508218430824943,94
85.76,0.036750813804129694,0.00600473845445926,0.0010586808139124845,0.0,0.0,0.03508209453186435,94
85.78,0.036750647639023665,0.006005882274154527,0.0010588040265736706,0.0,0.0,0.035081949391454446,94
85.8,0.03675037066334072,0.006006981508786858,0.0010589254462510687,0.0,0.0,0.03508174507992392,94
85.82000000000001,0.03674997809295788,0.006008035222777301,0.0010590456463438738,0.0,0.0,0.035081478098798156,94
85.84,0.036749465431390765,0.006009054114696408,0.0010591641001188284,0.0,0.0,0.03508114527608764,94
85.86,0.03674880857384091,0.006010014269849341,0.0010592806222402102,0.0,0.0,0.03508072401844546,94
85.88,0.03674797749249433,0.006010915836501213,0.001059395028546687,0.0,0.0,0.03508018589779501,94
85.9,0.03674697501182808,0.006011758963454287,0.001059507908928604,0.0,0.0,0.035079534649884093,94
85.92,0.03674578953419181,0.006012543792130695,0.0010596193202287174,0.0,0.0,0.03507876013155208,94
85.94,0.036744466583410046,0.0060132704626164,0.001059728948173419,0.0,0.0,0.03507790965649033,94
85.96000000000001,0.03674300374862655,0.00601393913113905,0.0010598367942883705,0.0,0.0,0.035076982409164126,94
85.98,0.03674139901253108,0.006014549953924644,0.0010599428601174238,0.0,0.0,0.035075978019638215,94
86.0,0.03673965075650012,0.006015103086462962,0.0010600471472214789,0.0,0.0,0.03507489657089831,94
86.02,0.03673775776175119,0.006015598682743152,0.001060149657177327,0.0,0.0,0.03507373860227376,94
86.04,0.036736717126278004,0.006016036894469371,0.001060250391576496,0.0,0.0,0.03507250510874198,94
86.06,0.03673560732996627,0.006016417870266952,0.0010603493520240962,0.0,0.0,0.03507119753598652,94
86.08,0.036734380206299246,0.006016741754889843,0.0010604465401377067,0.0,0.0,0.03506981777114632,94
86.10000000000001,0.03673303692303015,0.006017008688440234,0.0010605454637575644,0.0,0.0,0.03506836812924859,93
86.12,0.03673157902118877,0.006017218805611287,0.0010606718078659983,0.0,0.0,0.03506685133535164,93
86.14,0.036730008391517306,0.006017372234963899,0.0010607963433299267,0.0,0.0,0.035065270502445546,93
86.16,0.03672832724666208,0.006017469098248266,0.0010609190718895549,0.0,0.0,0.03506362910517135,93
86.18,0.036726599714504475,0.0060175416157198704,0.0010610399952928565,0.0,0.0,0.035061930949427424,93
86.2,0.036725200249593803,0.0060175580032767705,0.0010611591152947907,0.0,0.0,0.03506018013793511,94
86.22,0.03672369782444072,0.006017518115533513,0.001061276433656591,0.0,0.0,0.035058381031852257,94
86.24,0.036722095579094775,0.0060174220414522354,0.001061391952145122,0.0,0.0,0.035056538208538685,94
86.26,0.036720396775393176,0.006017269860835073,0.001061505672532309,0.0,0.0,0.03505465641561448,94
86.28,0.036718604745506,0.006017061644134604,0.0010616175965946404,0.0,0.0,0.03505274052150132,94
86.3,0.03671672283712698,0.00601679745238052,0.0010617277261127614,0.0,0.0,0.035050795462704995,94
86.32000000000001,0.03671475435565308,0.0060164773372313775,0.0010618360628711413,0.0,0.0,0.03504882618818782,95
86.34,0.03671270250380447,0.006016183725289477,0.0010619426086578398,0.0,0.0,0.035046837601288065,95
86.36,0.036710570319263634,0.006017171697463682,0.0010620473665101308,0.0,0.0,0.03504483449977143,95
86.38,0.036708360611053176,0.006018100208162112,0.0010621503375286975,0.0,0.0,0.03504282151473998,95
86.4,0.03670607589552245,0.006018969245219714,0.0010622515229662746,0.0,0.0,0.03504080304927496,95
86.42,0.03670371833296431,0.0060197787892894,0.0010623509246248837,0.0,0.0,0.035038783217841464,95
86.44,0.036701295502120534,0.006020528814743278,0.0010624485443104486,0.0,0.0,0.03503676578762261,95
86.46000000000001,0.036698809070518076,0.006022455672036254,0.0010625443838331824,0.0,0.0,0.035034754123075926,95
86.48,0.036696253658929694,0.0060245995012495925,0.0010626384450080773,0.0,0.0,0.03503275113509232,96
86.5,0.03669364034924712,0.006026677193032622,0.0010627307296555096,0.0,0.0,0.03503075923618643,97
86.52,0.03669095776998398,0.006028688762933738,0.0010628212396019423,0.0,0.0,0.035028780303135824,97
86.54,0.036688204809197836,0.006030634225588146,0.001062909976680719,0.0,0.0,0.035026815648418405,97
86.56,0.036685430299672535,0.006032513596328334,0.0010629969427329447,0.0,0.0,0.035024866001651424,97
86.58,0.03668293638698622,0.006034326892845285,0.00106308213960844,0.0,0.0,0.03502293150202751,97
86.60000000000001,0.03668096699154341,0.006036094213362339,0.0010631655691667424,0.0,0.0,0.03502101170246333,97
86.62,0.03667894245844255,0.006037808316533845,0.0010632472332781414,0.0,0.0,0.03501910558584131,97
86.64,0.0366768376003921,0.006039456400833774,0.0010633271338247347,0.0,0.0,0.035017211593348384,97
86.66,0.03667464746422007,0.006041038509966481,0.0010634052727014588,0.0,0.0,0.0350153276645105,97
86.68,0.03667236653105491,0.0060425546980330015,0.0010634816518170951,0.0,0.0,0.03501345128812485,97
86.7,0.03666998877173732,0.006044005030869168,0.0010635562730952092,0.0,0.0,0.035011579562902774,97
86.72,0.03666861032354552,0.0060453895872272494,0.0010636291384750164,0.0,0.0,0.03500970926630826,96
86.74,0.03666744382652816,0.006046895094052964,0.0010637002499121317,0.0,0.0,0.03500783692979989,96
86.76,0.03666620596174663,0.006048614227086486,0.0010637696093792033,0.0,0.0,0.0350059589184998,96
86.78,0.03666529582550743,0.00605026485754987,0.001063837218866416,0.0,0.0,0.03500407151321204,96
86.8,0.03666612062915326,0.006051847156024281,0.0010639030803818378,0.0,0.0,0.03500217099271102,95
86.82000000000001,0.03666690325253571,0.006053361308607338,0.0010639671959516313,0.0,0.0,0.03500025371430399,95
86.84,0.03666763952605025,0.006054807516851342,0.0010640295676200913,0.0,0.0,0.034998316190838485,95
86.86,0.03666832548424497,0.006056185997492935,0.001064090197449559,0.0,0.0,0.03499635516255423,95
86.88,0.03666895743020972,0.006057496981986591,0.0010641490875201805,0.0,0.0,0.03499473401404807,95
86.9,0.03666953199240737,0.006058740715857881,0.001064206239929539,0.0,0.0,0.034993262878640734,95
86.92,0.03667004617322341,0.00605991745789521,0.001064261656792176,0.0,0.0,0.03499175988496425,95
86.94,0.03667049738879633,0.006061027479200688,0.0010643153402390064,0.0,0.0,0.03499022325799237,95
86.96000000000001,0.03667088349996052,0.006062071062121781,0.0010643672924166648,0.0,0.0,0.03498865169600265,95
86.98,0.03667120283436315,0.006063048499085796,0.0010644175154867648,0.0,0.0,0.03498704439392149,95
87.0,0.03667145420000265,0.006063960091358819,0.0010644660116251384,0.0,0.0,0.03498540105814742,96
87.02,0.03667163689058299,0.006064806147749946,0.001064512783021024,0.0,0.0,0.03498372191324995,96
87.04,0.03667175068317883,0.006065586983280226,0.0010645578318762504,0.0,0.0,0.03498200770104167,96
87.06,0.036671795828775396,0.0060667907187212915,0.0010646011604044244,0.0,0.0,0.0349802596725905,96
87.08,0.03667177303627728,0.006068523698286808,0.0010646427708301245,0.0,0.0,0.03497847957376976,96
87.10000000000001,0.036671683450593476,0.006070187491379248,0.0010646826653881334,0.0,0.0,0.03497666962495648,96
87.12,0.03667152862539653,0.006071782328779541,0.0010647208463226998,0.0,0.0,0.03497483249547935,96
87.14,0.036671310491136457,0.006073308439115655,0.0010647573158868483,0.0,0.0,0.03497297127340072,96
87.16,0.0366710313188697,0.006074766047744601,0.001064792076341753,0.0,0.0,0.034971089431196305,96
87.18,0.03667069368043934,0.006076155375712305,0.001064825129956156,0.0,0.0,0.03496919078787284,96
87.2,0.036670300405529134,0.006077476638799312,0.00106485647900587,0.0,0.0,0.03496727946804974,96
87.22,0.03666985453610112,0.006078732706159577,0.0010648861257733398,0.0,0.0,0.03496535985851838,96
87.24,0.03666935927872435,0.006079950343717243,0.0010649140725472774,0.0,0.0,0.03496343656279018,96
87.26,0.03666881460221341,0.006081100495795107,0.0010649403030925893,0.0,0.0,0.034961511021039615,96
87.28,0.036668162032665964,0.006082183348993153,0.001064981769444039,0.0,0.0,0.034959526636134323,96
87.3,0.03666747024844741,0.006083199072631586,0.0010650518956726931,0.0,0.0,0.03495755326630018,96
87.32000000000001,0.036666742613570495,0.006084147836310753,0.0010651550376505267,0.0,0.0,0.03495559590521035,96
87.34,0.03666598240464239,0.006085029800489894,0.001065256340493091,0.0,0.0,0.0349536595239204,96
87.36,0.03666519287005985,0.006085845116357955,0.0010653558040439575,0.0,0.0,0.03495219350936397,96
87.38,0.03666438298038013,0.006086593925809147,0.001065453435021353,0.0,0.0,0.03495083718825229,96
87.4,0.03666354937158118,0.006087276361520668,0.0010655492289337082,0.0,0.0,0.034949515541262494,96
87.42,0.036662694491640786,0.006087892547129514,0.001065647367988477,0.0,0.0,0.034948232999218544,96
87.44,0.03666224799692301,0.006088442597504708,0.001065772803949128,0.0,0.0,0.03494699375576944,96
87.46000000000001,0.03666299096130074,0.006088926619111134,0.0010658963695491946,0.0,0.0,0.03494580173140439,96
87.48,0.03666377288955054,0.006089344710460941,0.001066018067498164,0.0,0.0,0.0349446605400162,96
87.5,0.03666459674591391,0.0060896969626487085,0.001066137900509677,0.0,0.0,0.03494357345789918,96
87.52,0.036665465119769064,0.006089983459966662,0.001066255876284417,0.0,0.0,0.0349425433949787,96
87.54,0.03666638019855518,0.0060902042805967,0.0010663719956819225,0.0,0.0,0.03494157286801275,96
87.56,0.03666734374237119,0.006090359497376306,0.0010664862582811462,0.0,0.0,0.03494084448099942,96
87.58,0.03666832717310704,0.00609044917863586,0.0010665988358574512,0.0,0.0,0.03494042839847519,96
87.60000000000001,0.03666931311837326,0.0060904733831861025,0.001066709834202946,0.0,0.0,0.03494009969567559,96
87.62,0.03667035009443788,0.006090432163715445,0.0010668189839789924,0.0,0.0,0.03494019547066228,96
87.64,0.03667143792487973,0.006090325582489735,0.0010669262879146302,0.0,0.0,0.03494035561369674,96
87.66,0.036672575899303186,0.0060901536990659415,0.0010670317487398646,0.0,0.0,0.034940579803507295,96
87.68,0.03667376275727354,0.006089916572998123,0.0010671353691853523,0.0,0.0,0.03494086718003284,96
87.7,0.03667499667533432,0.006089614266645067,0.001067237151982142,0.0,0.0,0.03494121633188328,95
87.72,0.036676275258052976,0.006089246845683193,0.0010673370998614154,0.0,0.0,0.03494162528785398,95
87.74,0.036677595534153756,0.006088814380180008,0.0010674352155542733,0.0,0.0,0.03494227888903657,95
87.76,0.03667895395882566,0.006088316945890487,0.0010675315017915445,0.0,0.0,0.03494345377019969,95
87.78,0.03668034642323312,0.006087754625556377,0.0010676259631798605,0.0,0.0,0.034944979615770325,95
87.8,0.03668176827209282,0.006087127510190497,0.0010677186069156942,0.0,0.0,0.03494655075108609,95
87.82000000000001,0.03668321432992373,0.006086435700326396,0.0010678094293680963,0.0,0.0,0.034948162493664024,95
87.84,0.036684686568083075,0.006085679307212257,0.0010678984332656775,0.0,0.0,0.03494980969157437,95
87.86,0.036686174931769754,0.00608488147466271,0.0010679856213363461,0.0,0.0,0.034951486768103085,96
87.88,0.0366876693225821,0.006084021316410212,0.0010680709963073155,0.0,0.0,0.034953187774676,96
87.9,0.03668916292163513,0.006083096947660449,0.001068154560905146,0.0,0.0,0.03495490645103986,96
87.92,0.03669064864595442,0.006082108532642509,0.0010682363178558154,0.0,0.0,0.03495663629129576,95
87.94,0.036692119217817294,0.006081056250718867,0.001068316269884812,0.0,0.0,0.034958370614050174,95
87.96000000000001,0.03669356723619666,0.006079940296843182,0.001068394419717262,0.0,0.0,0.03496010263470454,95
87.98,0.03669498524819283,0.006078760881853671,0.0010684707700780673,0.0,0.0,0.03496182553776983,96
88.0,0.03669636581832139,0.006077518232601279,0.0010685453236920829,0.0,0.0,0.034963532547075384,96
88.02,0.036697701593611416,0.006076212591916752,0.0010686180832843008,0.0,0.0,0.03496521699182704,96
88.04,0.03669898536266443,0.006074844218425126,0.0010686890515800745,0.0,0.0,0.034966872366666894,96
88.06,0.03670021010709597,0.006073413386220381,0.0010687582313053574,0.0,0.0,0.034968492384157404,96
88.08,0.03670136904411747,0.006071920384416345,0.0010688256251869866,0.0,0.0,0.03497007101844961,96
88.10000000000001,0.036702455659392355,0.006070365516592784,0.0010688912359529882,0.0,0.0,0.034971602539270896,96
88.12,0.03670346372968703,0.006068749100157386,0.0010689550663329295,0.0,0.0,0.034973081535755325,95
88.14,0.03670438733523081,0.006067071465645477,0.001069017119058312,0.0,0.0,0.034974502930032604,95
88.16,0.03670522086206213,0.00606533295597945,0.0010690773968630217,0.0,0.0,0.03497586198085535,94
88.18,0.03670595899498348,0.006063533925709348,0.0010691359067055133,0.0,0.0,0.034977154277890235,94
88.2,0.03670659670204461,0.006061674740254743,0.0010691926511114112,0.0,0.0,0.034978375727594664,94
88.22,0.03670712921172949,0.00605977348472333,0.0010692476288076804,0.0,0.0,0.03497952253185822,94
88.24,0.03670755198423162,0.006057822994098903,0.0010693008425434157,0.0,0.0,0.03498059116079607,94
88.26,0.0367078606783552,0.0060558134632796,0.0010693522950731814,0.0,0.0,0.03498197101615158,94
88.28,0.036708051115683905,0.006053745294233434,0.0010694019891577943,0.0,0.0,0.03498330791351893,94
88.3,0.036708119243701105,0.006051618896573,0.0010694499275651632,0.0,0.0,0.03498455678980805,94
88.32000000000001,0.03670806109953233,0.006049438612457035,0.0010695275275101205,0.0,0.0,0.03498571485488384,94
88.34,0.036707872775901824,0.006047230650598527,0.0010696085346723957,0.0,0.0,0.03498677941939456,94
88.36,0.036707550390759666,0.00604496569527608,0.001069687763051949,0.0,0.0,0.03498774786637278,94
88.38,0.036707090061835666,0.0060426441826908536,0.001069765215455226,0.0,0.0,0.03498861762785083,94
88.4,0.0367064878871235,0.006040266555011251,0.0010698408946931636,0.0,0.0,0.03498938616749794,93
88.42,0.0367057399320032,0.006037833260194579,0.0010699148035818778,0.0,0.0,0.03499005096998944,93
88.44,0.036704842223377,0.006035344751837815,0.0010699869449433013,0.0,0.0,0.03499060953748623,93
88.46000000000001,0.03670379075085256,0.006032801489045068,0.0010700573216057645,0.0,0.0,0.03499105939325964,93
88.48,0.036703348970418145,0.00603020393629904,0.0010701259364044931,0.0,0.0,0.03499139809215675,93
88.5,0.03670340839289761,0.006027552563324234,0.0010701927921820372,0.0,0.0,0.03499162323728309,93
88.52,0.0367033474348219,0.0060248478449307025,0.0010702735079622667,0.0,0.0,0.034991732502009855,93
88.54,0.03670316233139578,0.0060220902608285175,0.0010703831956437651,0.0,0.0,0.03499172365619633,93
88.56,0.036703369507930024,0.006019280295405055,0.0010704909992905302,0.0,0.0,0.03499159459537664,93
88.58,0.0367035100609133,0.006016418437459273,0.0010705969218704264,0.0,0.0,0.03499134337158651,92
88.60000000000001,0.036703805436009304,0.006013505179889297,0.0010707009663610233,0.0,0.0,0.03499096822451343,92
88.62,0.03670431138128883,0.0060105410193319496,0.0010708031374076286,0.0,0.0,0.034990467611718465,92
88.64,0.03670461134807694,0.006007526455754838,0.001070903888363357,0.0,0.0,0.034989769524304284,92
88.66,0.036704756602913155,0.006004461970208447,0.0010710028842592263,0.0,0.0,0.03498892574458999,92
88.68,0.03670509924473259,0.006001348062431242,0.0010711000138185032,0.0,0.0,0.034987953553577776,92
88.7,0.0367054761376404,0.005998185239576703,0.001071195280060718,0.0,0.0,0.0349868525281249,92
88.72,0.03670571351433636,0.005994974010094073,0.001071288687418541,0.0,0.0,0.034985895296135355,92
88.74,0.03670581133454534,0.005991714883146729,0.0010713802453003445,0.0,0.0,0.034985105038890144,92
88.76,0.03670597467113171,0.005988408368014738,0.001071469948972527,0.0,0.0,0.0349841860479547,93
88.78,0.036706269080518765,0.005985054973488455,0.00107160368970826,0.0,0.0,0.03498313921156225,93
88.8,0.0367064251107846,0.005981655207259842,0.0010717390597482551,0.0,0.0,0.034981965739566384,93
88.82000000000001,0.03670644399144842,0.005978209575317762,0.0010718725038926528,0.0,0.0,0.03498066715170616,93
88.84,0.03670632724016806,0.005974718581352946,0.0010720040253115854,0.0,0.0,0.03497924526174213,93
88.86,0.03670607664298861,0.005971182726177793,0.0010721336296061837,0.0,0.0,0.03497770215781446,93
88.88,0.03670569423118465,0.0059676025071654796,0.0010722613180314407,0.0,0.0,0.03497604017939527,93
88.9,0.03670518225507539,0.005964074960186826,0.001072387093337195,0.0,0.0,0.034974261891214296,93
88.92,0.03670482893696911,0.005962162691602769,0.0010725038301176726,0.0,0.0,0.03497234947494808,93
88.94,0.03670447354435275,0.005960195875714382,0.0010726085084865856,0.0,0.0,0.034970297045682636,93
88.96000000000001,0.0367039956794088,0.005958175028974902,0.0010727113237879757,0.0,0.0,0.034968137012168526,93
88.98,0.03670339816041909,0.005956100686597667,0.0010728122790682317,0.0,0.0,0.03496587253288882,93
89.0,0.03670268386175314,0.005954140693238912,0.00107291137738266,0.0,0.0,0.03496350682919462,93
89.02,0.03670185567756665,0.0059522428017320635,0.0010730086217942414,0.0,0.0,0.034961043149122885,93
89.04,0.03670091648518016,0.005950292428880258,0.0010731040153723827,0.0,0.0,0.03495848473089722,93
89.06,0.03669986910854294,0.0059482900955772945,0.0010731975611916304,0.0,0.0,0.03495583476651715,93
89.08,0.03669867437597241,0.005946236317455212,0.0010732971880626438,0.0,0.0,0.03495310681747219,93
89.10000000000001,0.03669735183847847,0.005944131604704991,0.0010733996749628402,0.0,0.0,0.034950642038275234,93
89.12,0.03669592897766542,0.005941976461243445,0.0010735002828001325,0.0,0.0,0.03494809420591465,94
89.14,0.03669440805435663,0.005939771384309395,0.0010735990148814524,0.0,0.0,0.03494546597913204,95
89.16,0.036692791108455164,0.005937516863964408,0.001073695874510797,0.0,0.0,0.034942759803589,95
89.18,0.03669107993094647,0.005935213383334789,0.0010737908649879693,0.0,0.0,0.034939977884024344,95
89.2,0.036689276038377426,0.00593286141826416,0.0010738839896073649,0.0,0.0,0.03493712215889436,95
89.22,0.03668738064997305,0.0059304614372055735,0.001073975251656796,0.0,0.0,0.03493419427765784,95
89.24,0.036685394667477104,0.00592801659665616,0.0010740790889556344,0.0,0.0,0.03493119558079338,95
89.26,0.03668353494897041,0.005925552447705375,0.0010742008593197106,0.0,0.0,0.034928070944841676,95
89.28,0.036681910935505484,0.005923041599664654,0.0010743207499748584,0.0,0.0,0.03492486071230267,95
89.3,0.036680196216046415,0.005920484489888427,0.0010744387531891617,0.0,0.0,0.03492158174599652,95
89.32000000000001,0.03667839027496812,0.005919100474355382,0.0010745548722075548,0.0,0.0,0.0349182340048963,95
89.34,0.03667649221822523,0.005917846227423164,0.0010746691102622523,0.0,0.0,0.03491481707907607,95
89.36,0.03667450076848589,0.005916543937018344,0.001074781470571868,0.0,0.0,0.03491133018508128,95
89.38,0.036672414262523254,0.005915193997613828,0.001074891956340619,0.0,0.0,0.03490777216356839,95
89.4,0.03667041519031499,0.0059137967985251946,0.0010750005707575948,0.0,0.0,0.03490414147922794,95
89.42,0.03666861031034326,0.005912352724442648,0.0010751073169961048,0.0,0.0,0.034900436223086,95
89.44,0.03666670242917744,0.005910862156015139,0.0010752121982130981,0.0,0.0,0.034896654117354826,95
89.46000000000001,0.03666468836155433,0.00590932547048033,0.0010753152175486717,0.0,0.0,0.03489279252307676,95
89.48,0.03666256456032657,0.005907927734403932,0.0010754163824648465,0.0,0.0,0.03488884845085659,95
89.5,0.036660327130267525,0.005907701827219218,0.001075515695089181,0.0,0.0,0.03488481857499723,95
89.52,0.03665797184556315,0.005907427773953352,0.00107561315515471,0.0,0.0,0.03488069925133759,95
89.54,0.03665549417122747,0.00590710592705035,0.00107570876573059,0.0,0.0,0.03487648653902902,95
89.56,0.03665285250856423,0.005906736639286163,0.001075803987207655,0.0,0.0,0.034872578286334235,95
89.58,0.03665004899594489,0.005906320263281081,0.0010758985363412304,0.0,0.0,0.034868680250206736,95
89.60000000000001,0.03664710796588572,0.005905857153537275,0.001075991242805216,0.0,0.0,0.03486467494415459,95
89.62,0.03664402394090035,0.005905347667782662,0.0010760821095751835,0.0,0.0,0.03486055753881938,95
89.64,0.03664079129951837,0.005904792166611961,0.00107617114489474,0.0,0.0,0.03485632307537226,95
89.66,0.03663740431843592,0.005904191013982998,0.0010762583469704058,0.0,0.0,0.034851966508119114,95
89.68,0.03663385721609626,0.005903564521696055,0.0010763437181886104,0.0,0.0,0.0348474827485511,95
89.7,0.036630144196773344,0.005902904746826054,0.0010764272614565713,0.0,0.0,0.03484286670991372,95
89.72,0.03662626698627759,0.005902200406818417,0.0010765089796653947,0.0,0.0,0.0348381133513345,96
89.74,0.036622216683196505,0.005901451882462865,0.0010765888756905622,0.0,0.0,0.03483321772055889,96
89.76,0.036617983498562684,0.0059006595591840644,0.0010766669523924787,0.0,0.0,0.0348281749944144,96
89.78,0.03661356449234922,0.0058998238270407,0.0010767432126170561,0.0,0.0,0.03482298051622778,96
89.8,0.03660896192965043,0.005898945080645162,0.0010768176591963168,0.0,0.0,0.034817629829560076,96
89.82000000000001,0.03660416084476785,0.005898023719009915,0.0010769289594453582,0.0,0.0,0.034812118707786784,96
89.84,0.036599156431943336,0.00589706014532789,0.001077041348070984,0.0,0.0,0.03480644317921478,96
89.86,0.03659394414048461,0.005896054766695021,0.0010771518782727396,0.0,0.0,0.03480059954759804,96
89.88,0.03658851969005115,0.005895007993783647,0.001077260552556664,0.0,0.0,0.034794584408060436,96
89.9,0.03658287908147513,0.005893920240475565,0.0010773673734201298,0.0,0.0,0.03478839465857338,96
89.92,0.03657701860336929,0.00589279192346346,0.0010774723433525008,0.0,0.0,0.03478202750724117,96
89.94,0.036570934834857086,0.005891623461828989,0.001077575464835785,0.0,0.0,0.034775480475730494,96
89.96000000000001,0.03656462464482131,0.005890415276605309,0.0010776767403452635,0.0,0.0,0.03476875139924138,96
89.98,0.036558085188097264,0.00589039441013146,0.0010777761723501028,0.0,0.0,0.03476183842344711,96
90.0,0.0365513227157604,0.0058905177348076805,0.001077873763313952,0.0,0.0,0.03475473999884536,96
90.02,0.03654432714346865,0.0058905991988147405,0.0010779695156955037,0.0,0.0,0.03474745487295731,96
90.04,0.03653709546194041,0.005890639212208832,0.0010780634319490427,0.0,0.0,0.03473998208079584,96
90.06,0.03652962588608317,0.005890638184949906,0.0010781555145249699,0.0,0.0,0.03473232093398938,96
90.08,0.036521916866885815,0.0058905965264851165,0.0010782457658703067,0.0,0.0,0.03472447100892092,96
90.10000000000001,0.03651396707796085,0.00589051464534898,0.0010783341884291616,0.0,0.0,0.03471689161719564,96
90.12,0.036505775401657226,0.005890392948781911,0.0010784207846431997,0.0,0.0,0.034709157028265325,96
90.14,0.03649734091497656,0.005890231842368279,0.0010785055569520763,0.0,0.0,0.03470123323038825,96
90.16,0.03648866287548952,0.005890031729694553,0.0010785885077938535,0.0,0.0,0.03469312073102049,96
90.18,0.03647974070741172,0.005889793012027829,0.001078669639605404,0.0,0.0,0.03468482023794619,96
90.2,0.03647057398796795,0.0058895160880146425,0.001078748954822797,0.0,0.0,0.034676332646769066,96
90.22,0.03646116243414306,0.00588920135339962,0.001078826455881666,0.0,0.0,0.03466765902883801,96
90.24,0.03645185844171804,0.005888849200763515,0.0010789021452175711,0.0,0.0,0.03465880061968337,96
90.26,0.036442439173451635,0.005888460019279773,0.0010789760252663382,0.0,0.0,0.034649758808019536,96
90.28,0.03643277427968936,0.005888429732795399,0.0010790480984643933,0.0,0.0,0.03464053512535002,96
90.3,0.03642286391421145,0.005888517684556114,0.0010791183672490899,0.0,0.0,0.034631162397985145,96
90.32000000000001,0.03641265946218795,0.005888565529193145,0.0010791869206808265,0.0,0.0,0.0346219755507146,96
90.34,0.036402192276843576,0.00588857367503825,0.0010792537070931105,0.0,0.0,0.034612593806390764,96
90.36,0.03639148058574775,0.005888542530527696,0.0010793186976183393,0.0,0.0,0.03460303706195716,96
90.38,0.036380524809693594,0.005888472502066295,0.001079381894697746,0.0,0.0,0.03459330742915059,96
90.4,0.03636932541390137,0.005888363991211178,0.0010794433007749358,0.0,0.0,0.03458340711328751,96
90.42,0.036357882900113284,0.005888217394519893,0.0010795029182961643,0.0,0.0,0.03457333840716969,96
90.44,0.03634619779915429,0.0058880331034100826,0.0010795607497106209,0.0,0.0,0.03456310368553904,96
90.46000000000001,0.036334398427139925,0.0058878115040296684,0.0010796167974707067,0.0,0.0,0.03455270540005901,96
90.48,0.03632288049340424,0.00588755297713652,0.0010796710640323072,0.0,0.0,0.03454214607479454,96
90.5,0.03631112078880776,0.005887257897986609,0.0010797235518550654,0.0,0.0,0.03453142830216797,97
90.52,0.03629911989444106,0.005886926636229784,0.0010797742634026464,0.0,0.0,0.03452055473936581,97
90.54,0.03628687838926001,0.005886559555812237,0.001079823206626043,0.0,0.0,0.03450952810517143,97
90.56,0.036274396844832656,0.005886157014884854,0.0010798703797895313,0.0,0.0,0.03449835117720237,97
90.58,0.03626167582035057,0.005885719365716666,0.0010799157841071673,0.0,0.0,0.0344870267895297,97
90.60000000000001,0.036248715857878935,0.0058852469546126895,0.0010799594220614697,0.0,0.0,0.034475557830659614,97
90.62,0.03623551747782021,0.005884752170120044,0.0010800012961403162,0.0,0.0,0.034463947241857966,96
90.64,0.0362220811745674,0.00588423462271525,0.0010800414088372164,0.0,0.0,0.03445219801580033,96
90.66,0.03620840741232472,0.005883696132010142,0.0010800797626515778,0.0,0.0,0.03444031319553158,96
90.68,0.03619449662107285,0.005883137497560181,0.0010801163600889757,0.0,0.0,0.03442829587371926,96
90.7,0.03618034919266006,0.005882545674712877,0.0010801512036614164,0.0,0.0,0.03441614919218878,96
90.72,0.036165965476998484,0.005881920972375849,0.0010801842958876188,0.0,0.0,0.03440387634172689,96
90.74,0.036151345778346874,0.0058812868574617825,0.001080215639293279,0.0,0.0,0.03439148056214235,96
90.76,0.0361364903516643,0.005880620842552419,0.001080245236411349,0.0,0.0,0.034378965142575414,96
90.78,0.03612139939901625,0.0058804274267920936,0.0010802730897823108,0.0,0.0,0.03436633342204559,96
90.8,0.03610607306601878,0.0058811294746544535,0.001080299201954457,0.0,0.0,0.03435358879023069,96
90.82000000000001,0.03609051143830614,0.005881796204217881,0.0010803235754841749,0.0,0.0,0.034340734688470584,96
90.84,0.03607471453800738,0.0058824278738846755,0.001080346212936226,0.0,0.0,0.034327774610988696,96
90.86,0.0360586823202194,0.005883024735367788,0.001080367116884039,0.0,0.0,0.03431471210632635,97
90.88,0.036042414669464555,0.0058835870336021775,0.0010803862899099947,0.0,0.0,0.03430155077898532,97
90.9,0.03602591139612103,0.005884115006652794,0.0010804037346057273,0.0,0.0,0.034288294291273835,96
90.92,0.03600917223281602,0.00588460888561879,0.0010804194535724112,0.0,0.0,0.03427494636535254,96
90.94,0.03599310548896016,0.005885068894533601,0.0010804334494210728,0.0,0.0,0.034261510785476554,96
90.96000000000001,0.03597736176259597,0.005885495250260559,0.0010804457247728869,0.0,0.0,0.034247991400429625,96
90.98,0.03596142832414414,0.005885888162383593,0.0010804562822594877,0.0,0.0,0.03423439212614763,96
91.0,0.035945306280372465,0.005886247833092779,0.00108046512452328,0.0,0.0,0.03422104971745241,96
91.02,0.03592899671497454,0.00588657445706428,0.0010804722542177554,0.0,0.0,0.034207832885218226,96
91.04,0.035912500687735806,0.005886868221334433,0.0010804776740078095,0.0,0.0,0.034194547794425045,95
91.06,0.0358958192336919,0.0058871293051676096,0.0010804813865700673,0.0,0.0,0.034181198659256694,95
91.08,0.035879466769146974,0.005887357879917535,0.0010804833945932076,0.0,0.0,0.03416778977683761,95
91.10000000000001,0.03586378176218523,0.005887554108881818,0.0010804837007782901,0.0,0.0,0.034154325530882386,95
91.12,0.03584812654823675,0.005887718147149357,0.0010804823078390965,0.0,0.0,0.03414115751160753,95
91.14,0.03583258874935968,0.005887862936880894,0.0010804792185024558,0.0,0.0,0.03412807169018401,95
91.16,0.035816921342952265,0.005887997442490195,0.0010804744355085885,0.0,0.0,0.034114943618928355,95
91.18,0.035801126824413575,0.005889089017195587,0.0010804679616114444,0.0,0.0,0.03410177806721449,95
91.2,0.035785207721361484,0.005890815312027015,0.0010804597995790436,0.0,0.0,0.03408857991109147,95
91.22,0.035769166594802504,0.005892505609978614,0.0010804499521938175,0.0,0.0,0.034075354137530926,95
91.24,0.03575300604017973,0.0058941791146346996,0.0010804384222529496,0.0,0.0,0.03406210584868622,95
91.26,0.035738436811756376,0.005895821339103391,0.0010804252125687136,0.0,0.0,0.034048840266123925,95
91.28,0.03572463943381274,0.005897427744519973,0.00108041032596881,0.0,0.0,0.0340355627349828,95
91.3,0.03571077028753604,0.005898998381300389,0.0010803937652966995,0.0,0.0,0.03402227872800573,95
91.32000000000001,0.03569680469368937,0.005900533289957342,0.001080375328026463,0.0,0.0,0.03400896527711014,95
91.34,0.0356827364488081,0.005902032496524072,0.0010803549431436376,0.0,0.0,0.033995617794351514,95
91.36,0.03566860910565529,0.00590349601506396,0.0010803328937347369,0.0,0.0,0.03398228111825716,95
91.38,0.03565442705545439,0.005904923854871314,0.001080309182709338,0.0,0.0,0.033968961267377355,95
91.4,0.035640194784791544,0.005906316014311572,0.001080283812994274,0.0,0.0,0.033955664403583385,95
91.42,0.03562591687531058,0.005907672480553764,0.0010802567875338918,0.0,0.0,0.03394239683365561,95
91.44,0.03561159800251702,0.005908993229301158,0.001080228109290278,0.0,0.0,0.03392916501006985,95
91.46000000000001,0.03559765785648772,0.005910278224521846,0.0010801977812434612,0.0,0.0,0.033915975530834475,95
91.48,0.03558376013768732,0.00591152741818139,0.0010801658063915747,0.0,0.0,0.033902835138214564,94
91.5,0.03556983535076916,0.005912740749980017,0.0010801321877509811,0.0,0.0,0.03388975071616767,94
91.52,0.03555588851160984,0.005913918147097165,0.0010800969283563488,0.0,0.0,0.03387672928630182,94
91.54,0.03554183835683368,0.005915059523946751,0.0010800601702230625,0.0,0.0,0.03386369151481394,94
91.56,0.035527757027564506,0.005916164762044489,0.0010800218069785016,0.0,0.0,0.03385071178695173,94
91.58,0.03551366913426729,0.005917233745156414,0.0010799818101279225,0.0,0.0,0.03383781694823769,94
91.60000000000001,0.03549957989732393,0.005918266348132564,0.0010799401827815507,0.0,0.0,0.03382501449405321,94
91.62,0.035485494550832185,0.005919262432266717,0.001079896928067254,0.0,0.0,0.033812312008028714,94
91.64,0.03547141832234933,0.005920221845170339,0.0010798520491301148,0.0,0.0,0.03379971714495705,94
91.66,0.035457356409698736,0.0059211444206866215,0.001079805549131884,0.0,0.0,0.03378723761092386,94
91.68,0.03544331395473974,0.005922029978851066,0.0010797574312502829,0.0,0.0,0.0337748811405625,94
91.7,0.035429296014054285,0.005922878325905358,0.0010797076986781536,0.0,0.0,0.033762655471394606,94
91.72,0.03541530752657447,0.005923689254371511,0.0010796563546224144,0.0,0.0,0.033750568315288165,94
91.74,0.03540135327825724,0.005924462543193322,0.0010796142453026209,0.0,0.0,0.03373862732714698,94
91.76,0.03538857801736765,0.005925197957952141,0.001079595656330145,0.0,0.0,0.033726840071039994,94
91.78,0.035376083538460334,0.005925895251163645,0.001079575417757006,0.0,0.0,0.0337152139840798,94
91.8,0.03536470706059008,0.0059265541626619105,0.0010795535327779737,0.0,0.0,0.03370375633846876,94
91.82000000000001,0.035353501733608066,0.005927174420076345,0.0010795300045947185,0.0,0.0,0.03369247420223652,94
91.84,0.03534238263185059,0.00592775573940611,0.0010795049068271496,0.0,0.0,0.03368133209549009,94
91.86,0.035331332872967906,0.005928297813464706,0.001079478278976011,0.0,0.0,0.03367031424813358,94
91.88,0.035320422148673,0.005928800318447326,0.0010794500153903058,0.0,0.0,0.03365949164764015,94
91.9,0.03530965509530577,0.005929262939989853,0.0010794201192722223,0.0,0.0,0.03364887014978565,93
91.92,0.03529903591618374,0.005929685355418529,0.0010793885938128573,0.0,0.0,0.03363845521449213,93
91.94,0.035288568347832595,0.005930067234833909,0.0010793554421875428,0.0,0.0,0.03362825187383615,93
91.96000000000001,0.03527825562993524,0.00593040824228917,0.001079320667550819,0.0,0.0,0.03361826470388103,93
91.98,0.03526810047955421,0.005931814170917388,0.0010792891039551069,0.0,0.0,0.033608497800891604,93
92.0,0.035258105070034886,0.0059335239569316,0.001079282759099029,0.0,0.0,0.03359900475174798,93
92.02,0.03524834844813075,0.0059351877436376235,0.0010792747548319173,0.0,0.0,0.033590141346908624,93
92.04,0.035238916996178586,0.005936805178360349,0.0010792650944262006,0.0,0.0,0.03358150689004783,93
92.06,0.03522965069146116,0.005938375908839579,0.001079253781604821,0.0,0.0,0.033573103419140736,93
92.08,0.03522054944682652,0.005939899584797409,0.0010792408241231933,0.0,0.0,0.033564932447858374,93
92.10000000000001,0.035211612599668554,0.005941375859518036,0.0010792429494240864,0.0,0.0,0.033556994971142756,93
92.12,0.0352028389188893,0.005942809446138028,0.001079258585126059,0.0,0.0,0.0335492914749384,93
92.14,0.03519415821315032,0.005944213834188806,0.0010792726461505645,0.0,0.0,0.033541753438207575,93
92.16,0.03518560062190639,0.005945569771181719,0.0010792850815391298,0.0,0.0,0.03353441289788912,93
92.18,0.03517718286694646,0.005946876931841728,0.001079295930154771,0.0,0.0,0.033527288469080686,93
92.2,0.035168855309175816,0.005948135006981113,0.0010793054615278234,0.0,0.0,0.03352033227918339,93
92.22,0.03516067853866212,0.005949343690563083,0.0010793133169539058,0.0,0.0,0.033513605688178766,92
92.24,0.03515280207616729,0.005950502702443629,0.001079319499240885,0.0,0.0,0.03350710652147241,92
92.26,0.03514544291384982,0.005951786872044076,0.0010793240111070929,0.0,0.0,0.03350083225348249,92
92.28,0.035138171870366205,0.0059531490831372,0.0010793271542242004,0.0,0.0,0.03349473362071818,92
92.3,0.035130987035008755,0.005954460177113323,0.0010793289091632153,0.0,0.0,0.03348881112070322,92
92.32000000000001,0.0351239252627588,0.005955719923663385,0.00107932900171539,0.0,0.0,0.03348310429395196,92
92.34,0.035116992631021235,0.0059569281228830165,0.0010793274335827404,0.0,0.0,0.03347760957195799,92
92.36,0.03511017083038971,0.005958084592102549,0.0010793242070634256,0.0,0.0,0.033472323228430974,92
92.38,0.0351034530120201,0.005959189165909178,0.0010793193243860471,0.0,0.0,0.03346724142490538,92
92.4,0.035096832386615213,0.005960241695995854,0.0010793127877164047,0.0,0.0,0.033462360257946064,92
92.42,0.03509030203745244,0.005961242050845308,0.0010793045991648168,0.0,0.0,0.033457675807391174,92
92.44,0.03508385496484341,0.005962190115261096,0.0010792947607938318,0.0,0.0,0.03345318418495514,92
92.46000000000001,0.03507748413000457,0.00596308578976067,0.001079283274626126,0.0,0.0,0.03344888158240321,92
92.48,0.03507145304049157,0.005963928989848009,0.0010792701426523942,0.0,0.0,0.03344476431843137,92
92.5,0.03506613179827501,0.005964719645185314,0.0010792553668390584,0.0,0.0,0.033440828883332434,92
92.52,0.03506195650016517,0.005965457698684606,0.0010792389491356385,0.0,0.0,0.03343707198051735,92
92.54,0.03505862618831398,0.005966143105540617,0.0010792208914816592,0.0,0.0,0.03343373990334268,92
92.56,0.0350554095525775,0.005966775832226529,0.001079201195812976,0.0,0.0,0.033430858927643456,92
92.58,0.03505229080634259,0.0059684433071637445,0.0010791798640674875,0.0,0.0,0.033428147578861,92
92.60000000000001,0.035050306763223675,0.005970080713165398,0.0010791626817731252,0.0,0.0,0.03342560373505512,92
92.62,0.03504873843150358,0.005971921660380442,0.0010791702819998828,0.0,0.0,0.03342322561941148,92
92.64,0.03504729728373426,0.00597532110259203,0.001079176209278459,0.0,0.0,0.033421011807611485,92
92.66,0.03504596523799165,0.005978657338701218,0.0010791803769672446,0.0,0.0,0.03341894518307488,92
92.68,0.03504470254579297,0.00598193022681612,0.0010791825776628673,0.0,0.0,0.033416987114164826,92
92.7,0.035043562242326215,0.005985295118813673,0.0010791831125045353,0.0,0.0,0.03341519123286063,92
92.72,0.03504254331554419,0.005989857558819931,0.001079181983705059,0.0,0.0,0.03341355746634142,92
92.74,0.035041652356571126,0.005994352685373527,0.0010791791934998097,0.0,0.0,0.03341208603581775,92
92.76,0.0350408859966389,0.0059987803356173555,0.00107917474641248,0.0,0.0,0.03341077742977509,92
92.78,0.03504016670716091,0.006003156202976694,0.001079168832853595,0.0,0.0,0.033409559328138064,92
92.8,0.0350395306523543,0.0060074807414817084,0.001079161356896286,0.0,0.0,0.03340846904085697,92
92.82000000000001,0.03503901458819453,0.006011737253747633,0.0010791522345226017,0.0,0.0,0.033407544500802994,92
92.84,0.035038618652793015,0.006015925572431463,0.0010791414607283568,0.0,0.0,0.033406786952582535,92
92.86,0.03503834305943118,0.006020045528475911,0.0010791290378933422,0.0,0.0,0.033406197749010776,92
92.88,0.03503818806456187,0.006024096951040048,0.0010791149684207116,0.0,0.0,0.03340577832076809,92
92.9,0.03503815393791519,0.006028079667496976,0.0010790992547367322,0.0,0.0,0.033405530148239194,92
92.92,0.035038240935112014,0.006031993503489332,0.0010790818992905125,0.0,0.0,0.03340545473593729,92
92.94,0.035038449272994605,0.006035838283033073,0.0010790629045537166,0.0,0.0,0.033405553589723115,92
92.96000000000001,0.03503877910769474,0.006039613828660392,0.0010790422808796341,0.0,0.0,0.03340582819683992,92
92.98,0.03503923051528825,0.006043319961593228,0.001079020024230492,0.0,0.0,0.03340628000861482,92
93.0,0.03503980347474007,0.006046956501939807,0.001078996135841039,0.0,0.0,0.03340691042553249,92
93.02,0.0350404978527351,0.006050523268907991,0.0010789706182692768,0.0,0.0,0.033407720784279206,92
93.04,0.035041313389922765,0.006054020081030656,0.0010789434740941155,0.0,0.0,0.033408712346288096,92
93.06,0.03504224968807485,0.00605744675639991,0.0010789147059150125,0.0,0.0,0.03340988628728851,92
93.08,0.03504330619766627,0.006060803112908626,0.0010789063686953307,0.0,0.0,0.03341124368737286,92
93.10000000000001,0.03504448220542565,0.006064088968499165,0.001078923012445737,0.0,0.0,0.03341278552113192,92
93.12,0.035045776821462434,0.006067304141420668,0.0010789498516291201,0.0,0.0,0.03341451264746927,92
93.14,0.03504727858162075,0.006070448450497382,0.0010789849246111859,0.0,0.0,0.03341642579877133,91
93.16,0.0350493055429256,0.006073521715411456,0.0010790182690636784,0.0,0.0,0.03341852556917772,91
93.18,0.03505144656005851,0.006076523898415481,0.0010790498879763883,0.0,0.0,0.03342081240175433,91
93.2,0.035053699889692404,0.006079456125515124,0.0010790797844420017,0.0,0.0,0.03342328657441846,91
93.22,0.03505606353186199,0.006082316773350901,0.0010791079701070252,0.0,0.0,0.03342594818450112,91
93.24,0.035058535209687235,0.006085105668311133,0.0010791344393811532,0.0,0.0,0.03342879713185718,91
93.26,0.035062331153460545,0.0060878226398999695,0.0010791591953661743,0.0,0.0,0.03343183310045688,91
93.28,0.03506661591082553,0.0060904675198541315,0.0010791822411906373,0.0,0.0,0.03343505553842384,91
93.3,0.03507105587650243,0.006093040143871389,0.0010792035800092946,0.0,0.0,0.03343846363652714,91
93.32000000000001,0.035075643464575305,0.006095540351890478,0.0010792232150025544,0.0,0.0,0.03344205630519815,91
93.34,0.035080376460987994,0.00609796798863656,0.0010792411493759097,0.0,0.0,0.03344583215023093,91
93.36,0.03508525229531351,0.006100322904281337,0.0010792573863593572,0.0,0.0,0.03344978944743373,91
93.38,0.03509026801365254,0.006102604955153829,0.001079271929206785,0.0,0.0,0.03345392611662677,91
93.4,0.035095420251358686,0.006104814004499567,0.0010792847811953157,0.0,0.0,0.033458239695517235,91
93.42,0.03510070520625118,0.006106960835068986,0.0010792959456246143,0.0,0.0,0.03346272731411517,91
93.44,0.03510611861309176,0.0061090478434901,0.001079305425816123,0.0,0.0,0.033467385670471105,91
93.46000000000001,0.035111655720191176,0.006111061458048698,0.0010793132251122274,0.0,0.0,0.03347221100860374,91
93.48,0.03511731126905849,0.006113001578069212,0.0010793193468753418,0.0,0.0,0.0334771990995352,91
93.5,0.035123079478010806,0.006114868115849532,0.0010793451398704219,0.0,0.0,0.033482345226355154,91
93.52,0.035128954030617845,0.0061166609928893795,0.0010793805175182886,0.0,0.0,0.03348764417419191,91
93.54,0.035134928069764024,0.006118380144322801,0.0010794141867580562,0.0,0.0,0.03349309022587734,92
93.56,0.035140994197986074,0.006120025519686243,0.0010794461511038503,0.0,0.0,0.033498677163967774,92
93.58,0.03514714448458537,0.006121597083168413,0.0010794764188342076,0.0,0.0,0.033504398279623725,92
93.60000000000001,0.0351533704798374,0.006123094814349206,0.0010795049921617117,0.0,0.0,0.033510246388675155,92
93.62,0.03515966323643548,0.006124518708864571,0.001079531871218793,0.0,0.0,0.0335162138550136,92
93.64,0.03516601333811795,0.0061269032426067935,0.0010795570595597736,0.0,0.0,0.03352229262126382,92
93.66,0.03517241093524494,0.006129665589372804,0.0010795805607443367,0.0,0.0,0.033528474246505686,92
93.68,0.035178845786915144,0.00613234812025862,0.001079602378335497,0.0,0.0,0.03353474995064012,92
93.7,0.03518521415052019,0.00613495094617281,0.0010796226714242271,0.0,0.0,0.033541017377687964,93
93.72,0.03519158784566902,0.006137474167916939,0.0010796413037892126,0.0,0.0,0.03354735003521378,93
93.74,0.03519796637837795,0.0061399179271940125,0.0010796582610984513,0.0,0.0,0.033553749075700724,93
93.76,0.035204739999803385,0.006142282385637998,0.0010796735469129945,0.0,0.0,0.03356020491546172,93
93.78,0.035211761067549065,0.00614456772154914,0.0010796871647874877,0.0,0.0,0.03356670792782658,93
93.8,0.03521882020132358,0.006146774129592192,0.0010796996040898493,0.0,0.0,0.033573160751392744,93
93.82000000000001,0.03522623935243222,0.006148901763252924,0.001079710546727508,0.0,0.0,0.03357961186129276,93
93.84,0.035234765759597775,0.00615095082932801,0.001079719830422847,0.0,0.0,0.03358608184206546,92
93.86,0.03524327308094848,0.006152921568990036,0.0010797274586521425,0.0,0.0,0.033592561557170456,92
93.88,0.03525175173471641,0.006154814237552745,0.0010797334348787743,0.0,0.0,0.03359904214706636,92
93.9,0.035260192442640864,0.006156629103704437,0.0010797377625523866,0.0,0.0,0.03360551508199639,92
93.92,0.03526858627513389,0.00615836644867933,0.00107974044510823,0.0,0.0,0.03361197220826675,92
93.94,0.03527692468898381,0.006160026565380173,0.0010797414859666993,0.0,0.0,0.03361840578710977,92
93.96000000000001,0.03528521084389719,0.006161609757466461,0.0010797508363769807,0.0,0.0,0.03362480852542903,92
93.98,0.03529342730442525,0.006163116338423246,0.0010797876501146076,0.0,0.0,0.033631173597952334,92
94.0,0.035301565367787446,0.006164546630625884,0.0010798227922824124,0.0,0.0,0.033637494660564066,92
94.02,0.035309618245098234,0.006165900964416135,0.001079856266296207,0.0,0.0,0.03364376585483463,92
94.04,0.03531757959403161,0.0061671796772046015,0.0010798880755560772,0.0,0.0,0.0336499818040125,92
94.06,0.03532544350528073,0.0061683831126137815,0.0010799182234468403,0.0,0.0,0.03365613760097681,92
94.08,0.03533311107944211,0.006169511619674903,0.0010799239854119092,0.0,0.0,0.03366214671686973,92
94.10000000000001,0.03534062941963729,0.006170565612603776,0.001079918095508178,0.0,0.0,0.03366805101367191,92
94.12,0.03534803512397553,0.006171545475741411,0.0010799106226518623,0.0,0.0,0.033673883204298906,92
94.14,0.03535532374655765,0.006172451570030238,0.0010799015699536577,0.0,0.0,0.03367964000779262,92
94.16,0.03536249111643992,0.0061732842593503826,0.0010798909405133367,0.0,0.0,0.03368531846329719,92
94.18,0.035369533296256764,0.006174043910118991,0.0010798787374206261,0.0,0.0,0.033690915890629114,92
94.2,0.03537645859203073,0.006174730890980256,0.0010798649637561012,0.0,0.0,0.033696429850856496,93
94.22,0.03538325150739596,0.0061753455725832495,0.0010798496225921331,0.0,0.0,0.033701858108281836,93
94.24,0.03538981372388438,0.00617588832744188,0.0010798388296823854,0.0,0.0,0.033707093294682224,93
94.26,0.03539620521415333,0.006176359594609611,0.0010798284836702537,0.0,0.0,0.0337122038721431,93
94.28,0.03540245435551668,0.006176759771598939,0.0010798165370768098,0.0,0.0,0.03371722325738794,93
94.3,0.0354085578309438,0.00617759087474988,0.0010798029931401482,0.0,0.0,0.03372214971820863,93
94.32000000000001,0.03541451233529359,0.006178487320284693,0.001079787855093824,0.0,0.0,0.033726981597702294,93
94.34,0.035420314564903056,0.006179308550216548,0.0010797711261676607,0.0,0.0,0.033731717306615505,93
94.36,0.035425961213653934,0.0061800549864853204,0.0010797528095884946,0.0,0.0,0.0337363553222781,93
94.38,0.03543144897518885,0.006180727054359615,0.0010797329085808377,0.0,0.0,0.03374124741999859,93
94.4,0.03543750884224365,0.006181325182400469,0.0010797114263674454,0.0,0.0,0.03374614985953582,93
94.42,0.03544422212450319,0.006181849802396102,0.0010796883661697862,0.0,0.0,0.03375094993600101,93
94.44,0.03545081833161058,0.006182301349256978,0.0010796637312083944,0.0,0.0,0.033755646497161375,93
94.46000000000001,0.03545729614282693,0.006182680260862867,0.0010796375247031208,0.0,0.0,0.03376023853029278,93
94.48,0.03546365439120607,0.006182986977856458,0.0010796097498732473,0.0,0.0,0.03376472518530448,93
94.5,0.03546989208643698,0.006183221943380932,0.0010795804099375038,0.0,0.0,0.033769105797807765,94
94.52,0.035476008436371574,0.00618338560276198,0.0010795495081139537,0.0,0.0,0.033773379910881016,94
94.54,0.03548200286609613,0.006183478403137425,0.001079517047619768,0.0,0.0,0.03377754729438927,94
94.56,0.03548784170912456,0.006183500793040292,0.0010794830562079634,0.0,0.0,0.03378157462999431,94
94.58,0.03549351720223662,0.006183453212388619,0.0010794475428577831,0.0,0.0,0.03378545451774309,94
94.60000000000001,0.03549907056522923,0.006183336099372175,0.0010794104806932836,0.0,0.0,0.03378922856052727,94
94.62,0.0355045022026615,0.006183149903911094,0.00107937187292215,0.0,0.0,0.03379289754862095,94
94.64,0.03550981276654946,0.0061828950753707946,0.0010793317227486218,0.0,0.0,0.033796462530731826,94
94.66,0.03551500314649907,0.006182572062060897,0.0010792900333727565,0.0,0.0,0.03379992480445979,94
94.68,0.03552007445450409,0.006182181310753075,0.0010792468079896232,0.0,0.0,0.033803285901435255,94
94.7,0.03552502800475571,0.006181723266229645,0.0010792020497884733,0.0,0.0,0.033806547567485426,94
94.72,0.035529865288967497,0.006181223681642659,0.0010791557619518576,0.0,0.0,0.033809711738332617,94
94.74,0.035534587947848126,0.006180660457912027,0.0010791079476547207,0.0,0.0,0.03381278051145824,94
94.76,0.03553919773947616,0.006180031229062378,0.0010790586162122407,0.0,0.0,0.033816040469783246,94
94.78,0.035543696505420656,0.006179356566952892,0.0010790299034005454,0.0,0.0,0.03381936032062224,93
94.8,0.035548086135527825,0.006178627658732175,0.0010790107405534513,0.0,0.0,0.03382259117326801,94
94.82000000000001,0.03555236853234123,0.0061778665223130025,0.001078990022527002,0.0,0.0,0.03382573544258033,94
94.84,0.03555654557614005,0.0061770438800710144,0.0010789677524985026,0.0,0.0,0.03382879553618114,94
94.86,0.03556061909156777,0.006176157297286478,0.0010789439336315355,0.0,0.0,0.033831777596233244,94
94.88,0.035564590816769055,0.006175207189885877,0.0010789185690748698,0.0,0.0,0.03383521428315336,94
94.9,0.03556846237586259,0.006174193970632963,0.001078891661961393,0.0,0.0,0.03383861043604095,94
94.92,0.03557223525544351,0.006173118049378073,0.001078863215407132,0.0,0.0,0.03384232969196593,95
94.94,0.035575910785637085,0.006171979833354534,0.0010788332325103352,0.0,0.0,0.03384597454156412,95
94.96000000000001,0.03557949012602025,0.00617077972751205,0.0010788017163506623,0.0,0.0,0.03384954677376381,95
94.98,0.03558297425649546,0.006169518134876287,0.001078768669988478,0.0,0.0,0.033853048017079695,95
95.0,0.03558636397296144,0.006168195456923723,0.0010787340964642747,0.0,0.0,0.03385647973600974,95
95.02,0.03558965988738344,0.006166812093961092,0.0010786979987982294,0.0,0.0,0.033859843231865694,95
95.04,0.03559286243164498,0.006165368445499572,0.0010786603799899114,0.0,0.0,0.03386313964741956,96
95.06,0.035595971864379454,0.0061638841491886785,0.001078621243018143,0.0,0.0,0.033866369974566136,96
95.08,0.03559898827984305,0.0061623534955384165,0.0010785805908410284,0.0,0.0,0.03386953506406377,96
95.10000000000001,0.03560191161781864,0.006160763641001119,0.0010785384263961462,0.0,0.0,0.03387263563634492,96
95.12,0.03560474167353353,0.006159114985481965,0.0010784947526009108,0.0,0.0,0.03387567229238028,96
95.14,0.03560747810664199,0.006157407929647121,0.0010784495723531067,0.0,0.0,0.03387864552364947,96
95.16,0.035610120448453554,0.006155642875152809,0.001078402888531573,0.0,0.0,0.0338815557204005,96
95.18,0.03561266810678017,0.0061538202248498635,0.0010783547039970517,0.0,0.0,0.03388440317757351,96
95.2,0.035615120368011885,0.0061519529909538654,0.0010783050215931863,0.0,0.0,0.03388718809800036,96
95.22,0.03561743623586953,0.006150041436338613,0.0010782434882633508,0.0,0.0,0.033889880799530876,96
95.24,0.0356196262482678,0.006148073449356753,0.00107817310462154,0.0,0.0,0.03389248981440154,96
95.26,0.03562171794427517,0.0061460494246049855,0.0010781012736301864,0.0,0.0,0.03389503629700114,96
95.28,0.03562371009173805,0.006143969773562393,0.001078027997859754,0.0,0.0,0.03389752006130984,96
95.3,0.0356256013108969,0.006141834909907895,0.0010779532798717323,0.0,0.0,0.03389994080942891,96
95.32000000000001,0.03562739006624767,0.006139645249697656,0.0010778771222201835,0.0,0.0,0.03390229812490444,96
95.34,0.035629041836857334,0.006137401211552645,0.001077805755500051,0.0,0.0,0.033904552437544616,96
95.36,0.035630551847481026,0.006135103216955178,0.001077753209962908,0.0,0.0,0.03390669963125482,96
95.38,0.03563195386680513,0.006132751690384336,0.0010777224207004562,0.0,0.0,0.033909045363277934,96
95.4,0.03563324569635281,0.0061303470593544315,0.001077690126522935,0.0,0.0,0.03391149928324216,96
95.42,0.0356344249805421,0.006127889754745715,0.0010776563301425394,0.0,0.0,0.033913885381495514,96
95.44,0.03563548921989276,0.006125380210990235,0.001077621034266021,0.0,0.0,0.03391620253540202,96
95.46000000000001,0.035636435789561244,0.006122818866236565,0.0010775842415957132,0.0,0.0,0.033918449546465126,96
95.48,0.03563726196299328,0.0061202061624847206,0.0010775459548304752,0.0,0.0,0.0339206251660766,96
95.5,0.035637990384573943,0.006117542545683007,0.0010775061770752425,0.0,0.0,0.03392272812598699,96
95.52,0.03563908640038175,0.0061148284657790725,0.0010774649114809254,0.0,0.0,0.03392475717276105,96
95.54,0.035640133161428694,0.006112064376718837,0.0010774221598790822,0.0,0.0,0.03392671110528313,96
95.56,0.035642300888795546,0.006109250736388318,0.0010773779249619428,0.0,0.0,0.033928588814246534,96
95.58,0.035644374213323914,0.006106388006495226,0.0010773322094213289,0.0,0.0,0.033930389322493114,96
95.60000000000001,0.03564635191179897,0.006103476652389006,0.0010772850159489315,0.0,0.0,0.03393211182507466,96
95.62,0.035648232963555945,0.0061005171428198815,0.001077236347236466,0.0,0.0,0.033933755727972956,97
95.64,0.03565001658671666,0.00609750994963918,0.0010771862059757522,0.0,0.0,0.03393532068453229,97
95.66,0.03565170227134065,0.006094455547444747,0.001077134594858682,0.0,0.0,0.03393680662881274,97
95.68,0.035653289808875235,0.006091354413176579,0.001077081517140529,0.0,0.0,0.03393821380524833,97
95.7,0.035654779317476154,0.00608820702566868,0.00107702698001658,0.0,0.0,0.03393954279418158,97
95.72,0.035656171262945915,0.0060850138665102665,0.001076970981123023,0.0,0.0,0.03394079453302105,97
95.74000000000001,0.035657488304165035,0.006081775417451884,0.0010769155217643547,0.0,0.0,0.033941918152874645,97
95.76,0.03565885688445992,0.00607849215641617,0.0010768593216572934,0.0,0.0,0.0339429488314218,97
95.78,0.03566013386713554,0.006075164564062418,0.0010768016653194927,0.0,0.0,0.0339439074157117,97
95.8,0.03566132125669405,0.006071793120858016,0.0010767425554161541,0.0,0.0,0.03394479639527893,97
95.82000000000001,0.035662421445985845,0.006068378305942735,0.0010766819946107407,0.0,0.0,0.03394561865816121,97
95.84,0.035663437212986634,0.006064920596564205,0.0010766199855646184,0.0,0.0,0.03394637748791812,97
95.86,0.03566437171456868,0.0060614204675202505,0.0010765565309367035,0.0,0.0,0.033947076557649024,97
95.88,0.03566522847760159,0.006057878390612243,0.0010765096892032177,0.0,0.0,0.03394771992134633,97
95.9,0.035666011387695595,0.006054294834112835,0.0010764847705631128,0.0,0.0,0.033948312002896754,97
95.92,0.03566685800823712,0.006050671488572564,0.001076458360030097,0.0,0.0,0.0339488575830099,97
95.94,0.035668202636430356,0.006047034530520488,0.0010764304599984633,0.0,0.0,0.033949361784314416,96
95.96000000000001,0.0356695051744556,0.006043357369201108,0.0010764010728606093,0.0,0.0,0.033949830054819996,96
95.98,0.03567096437252479,0.006039640454003402,0.0010763702010068126,0.0,0.0,0.03395026814990184,96
96.0,0.03567262137411271,0.006035884228422663,0.0010763378468250278,0.0,0.0,0.033950682112922945,96
96.02,0.03567425479440526,0.006032622288482327,0.001076304012700711,0.0,0.0,0.03395107825457507,96
96.04,0.03567586445372157,0.006030481883964597,0.0010762687010166744,0.0,0.0,0.0339514631309857,96
96.06,0.035677453282093395,0.006028292589537666,0.0010762319141529556,0.0,0.0,0.0339518435206135,96
96.08,0.035679267571168745,0.006026054893675943,0.001076193654486728,0.0,0.0,0.033952226399932006,96
96.10000000000001,0.03568131323958111,0.006023769279051005,0.0010761539243922243,0.0,0.0,0.03395261891789012,96
96.12,0.03568335758997504,0.00602143622197069,0.0010761127262406875,0.0,0.0,0.03395302836912582,96
96.14,0.03568540759974368,0.006019056191866964,0.0010760700624003494,0.0,0.0,0.03395346216590912,96
96.16,0.03568747032612502,0.006016629650832357,0.0010760259352364282,0.0,0.0,0.033953927808791085,95
96.18,0.035689482263064176,0.006014157053204901,0.0010759804673227552,0.0,0.0,0.033954559564940014,95
96.2,0.03569148800444073,0.006011638824710967,0.0010759335958517122,0.0,0.0,0.03395545001946663,95
96.22,0.0356935279438693,0.006009075393526205,0.001075885265935652,0.0,0.0,0.033956394634243374,95
96.24000000000001,0.035695609136423674,0.006006467188784888,0.0010758354799324768,0.0,0.0,0.03395740094328535,95
96.26,0.03569773854988454,0.006003814630697902,0.0010757842401973585,0.0,0.0,0.03395847640263258,96
96.28,0.035699923027594054,0.006001118130387418,0.0010757315490828418,0.0,0.0,0.0339596283534007,96
96.3,0.03570216925022941,0.005998378089774879,0.0010756774089389625,0.0,0.0,0.033961105098902114,96
96.32000000000001,0.0357044836966109,0.005995594901524012,0.0010756218221133777,0.0,0.0,0.03396292957859019,96
96.34,0.03570703786574832,0.00599276894904075,0.0010755647909515026,0.0,0.0,0.033964850869527774,96
96.36,0.0357101292810536,0.005989900606532072,0.0010755063177966457,0.0,0.0,0.03396687546422855,96
96.38,0.035713303012986926,0.005986990239125738,0.001075446410175798,0.0,0.0,0.03396900665792898,96
96.4,0.03571650829953241,0.005984038202621037,0.0010753851835416817,0.0,0.0,0.033971187369434094,96
96.42,0.035719813170548086,0.005981044834754168,0.0010753225231638732,0.0,0.0,0.03397348887959998,96
96.44,0.03572321789355137,0.005978010474765106,0.0010752584313755552,0.0,0.0,0.03397591618255064,96
96.46000000000001,0.03572672639321265,0.0059749354539354186,0.0010751929105084928,0.0,0.0,0.03397847379656044,96
96.48,0.03573034206757618,0.005971820096033166,0.001075126223238612,0.0,0.0,0.03398116572528488,95
96.5,0.035734067750617694,0.0059686647178228205,0.0010750583678202118,0.0,0.0,0.03398399542063589,95
96.52,0.03573790567696496,0.005965469629637828,0.0010749893965285695,0.0,0.0,0.03398696574783545,95
96.54,0.03574194077213414,0.005962740091537417,0.0010749528868847819,0.0,0.0,0.0339900789532324,95
96.56,0.03574648884285719,0.005960849276240868,0.001074914919951554,0.0,0.0,0.03399333663550463,95
96.58,0.03575115130189259,0.005958916640699147,0.0010748754980524735,0.0,0.0,0.033996739720894724,95
96.60000000000001,0.03575592769842173,0.005956942457013091,0.0010748346235084508,0.0,0.0,0.03400028844312207,95
96.62,0.035760816859733,0.005954926994700343,0.001074792298637612,0.0,0.0,0.03400398232859143,95
96.64,0.0357658168818452,0.0059528705215103036,0.0010747485257551954,0.0,0.0,0.03400782018745599,95
96.66,0.035770853720781474,0.00595077330424568,0.0010747037765725669,0.0,0.0,0.0340117283601531,95
96.68,0.035775977250168504,0.005948635587172948,0.0010746577036870155,0.0,0.0,0.03401575772329583,94
96.7,0.03578120165242398,0.005946457631957063,0.0010746101894371664,0.0,0.0,0.034019923309619844,94
96.72,0.03578652213504958,0.005945293018985298,0.0010745612361238587,0.0,0.0,0.034024221105644396,95
96.74000000000001,0.035791943535664415,0.005944422126265755,0.0010745108460452491,0.0,0.0,0.034028646436556016,95
96.76,0.035797452949516834,0.0059435086953203205,0.0010744590214970165,0.0,0.0,0.034033193997406244,95
96.78,0.03580304021482779,0.005942552985093719,0.0010744057647726426,0.0,0.0,0.0340378578904111,95
96.8,0.035808698031569525,0.005941555258659344,0.001074351078163742,0.0,0.0,0.034042631667805634,95
96.82000000000001,0.035814418577586854,0.005940515783650275,0.0010742949639604628,0.0,0.0,0.034047508379612706,95
96.84,0.035820193559922456,0.005939434832604172,0.0010742374244519298,0.0,0.0,0.03405248062562216,95
96.86,0.035826014269593795,0.0059383126832200026,0.0010741784619267428,0.0,0.0,0.03405754061084514,94
96.88,0.035831871639079464,0.005937149618526812,0.0010741180786735059,0.0,0.0,0.034062680203701866,94
96.9,0.03583775630178744,0.005935945926966745,0.0010740562769813878,0.0,0.0,0.03406789099621595,94
96.92,0.03584365865280626,0.0059347019023961705,0.0010739930591406948,0.0,0.0,0.034073164365517154,94
96.94,0.03584956891027885,0.00593341784401039,0.00107392842744345,0.0,0.0,0.034078491535993016,94
96.96000000000001,0.035855477176775806,0.005932094056198401,0.0010738623841839727,0.0,0.0,0.03408386364146742,94
96.98,0.03586137350008728,0.005930730848335043,0.0010737949339751228,0.0,0.0,0.03408927178682596,94
97.0,0.03586724793288778,0.005929328534518309,0.0010737260768982656,0.0,0.0,0.03409470710854417,94
97.02,0.035873090590764135,0.005927887433259765,0.001073655815167406,0.0,0.0,0.03410016083360994,94
97.04,0.035878891708130516,0.005926407867135947,0.0010735841510913014,0.0,0.0,0.03410562433636544,94
97.06,0.035884641691589364,0.005924890162408376,0.0010735110870050079,0.0,0.0,0.03411108919282934,94
97.08,0.035890331170335125,0.0059233346486192075,0.0010734366296642408,0.0,0.0,0.03411654723209787,94
97.10000000000001,0.03589595104324079,0.005921741658169232,0.001073360776943418,0.0,0.0,0.03412199058446636,94
97.12,0.03590149252231515,0.005920111525884068,0.0010732835311721336,0.0,0.0,0.034127411725961725,94
97.14,0.03590694717227452,0.005918444588573858,0.0010732048946857906,0.0,0.0,0.03413280351903104,94
97.16,0.035912306946030974,0.005916741184591098,0.0010731248698257216,0.0,0.0,0.03413815924919137,94
97.18,0.0359175642159655,0.0059150016533904785,0.001073043458939266,0.0,0.0,0.03414347265751087,94
97.2,0.03592271180091672,0.0059145540089771504,0.001072960664379784,0.0,0.0,0.03414873796885481,94
97.22,0.03592774298888291,0.005914138423909225,0.0010728764885066314,0.0,0.0,0.034153949915896716,94
97.24000000000001,0.035932651555496305,0.005913684384775183,0.0010727909336850903,0.0,0.0,0.03415910375895637,94
97.26,0.0359374317783835,0.005913192216238279,0.0010727040022862492,0.0,0.0,0.034164195301781546,94
97.28,0.03594207844757682,0.005912662242141382,0.0010726156966868706,0.0,0.0,0.03416922090344122,94
97.3,0.03594655643003615,0.005912094785125596,0.001072525802206925,0.0,0.0,0.03417414728515484,94
97.32000000000001,0.03595085263776525,0.005911490160199101,0.001072434258000943,0.0,0.0,0.03417896308949557,94
97.34,0.035955083957995695,0.005910848678667265,0.0010723413477341456,0.0,0.0,0.0341837054936571,94
97.36,0.035959494495294723,0.005910170657418352,0.001072247523137412,0.0,0.0,0.0341886582902398,94
97.38,0.03596376069192762,0.005909456393979625,0.0010721523622646647,0.0,0.0,0.034193617367512766,94
97.4,0.03596788276145979,0.005908706198863218,0.0010720558425004374,0.0,0.0,0.03419850015038145,94
97.42,0.03597185177189409,0.005907920380345885,0.0010719579662527192,0.0,0.0,0.034203306941139745,94
97.44,0.03597566962346753,0.005907099243257909,0.0010718587359333032,0.0,0.0,0.03420803858166724,94
97.46000000000001,0.03597933289981746,0.0059062430887210655,0.0010717581539575372,0.0,0.0,0.03421269644148362,94
97.48,0.03598327661574369,0.005905352213899923,0.0010716562227440617,0.0,0.0,0.034217282404337954,94
97.5,0.03598717674899921,0.005904426911765901,0.0010715529447145769,0.0,0.0,0.03422179885348993,93
97.52,0.0359909192689956,0.005903467470873449,0.001071448322293602,0.0,0.0,0.03422624865581107,93
97.54,0.035994505216330346,0.005902474175147805,0.0010713423579082589,0.0,0.0,0.034230635144798856,93
97.56,0.03599793600805587,0.00590144730368367,0.0010712350539880625,0.0,0.0,0.03423496210256877,93
97.58,0.036001213415800044,0.005900387130554286,0.0010711264129647314,0.0,0.0,0.034239233740854184,93
97.60000000000001,0.03600433954276434,0.005899293924630319,0.001071016437272005,0.0,0.0,0.03424345468101956,93
97.62,0.036007316799567916,0.005898167949408081,0.001070905129345498,0.0,0.0,0.034247629933061824,93
97.64,0.03601014787888328,0.0058970094628466125,0.0010707924916225535,0.0,0.0,0.034251764873552554,93
97.66,0.03601283572878842,0.005895818717213164,0.0010706785265421359,0.0,0.0,0.03425586522245332,93
97.68,0.03601538352474208,0.0058946056233922265,0.0010705632365447275,0.0,0.0,0.03425993701871828,94
97.7,0.03601779464007741,0.005893377415038043,0.0010704466240722694,0.0,0.0,0.03426398659458695,94
97.72,0.03602012926783546,0.005892117636606886,0.0010703286915681124,0.0,0.0,0.034268020548463674,93
97.74000000000001,0.03602336852649444,0.005890826516262181,0.0010702094414769983,0.0,0.0,0.0342720457162759,93
97.76,0.03602651177923037,0.0058895042758182825,0.0010700888762450744,0.0,0.0,0.0342764487963976,93
97.78,0.03602956375387366,0.005888151130630708,0.0010699669983199336,0.0,0.0,0.03428095801401654,93
97.8,0.03603252923650977,0.005886767289493312,0.0010698438101506868,0.0,0.0,0.03428547946183575,93
97.82000000000001,0.03603556255783785,0.005885352954542439,0.001069723725059611,0.0,0.0,0.034290020605983046,93
97.84,0.03603860894081352,0.005883908321168,0.0010696458450475835,0.0,0.0,0.034294588981121386,93
97.86,0.03604159193297442,0.005882433577931619,0.001069566577177581,0.0,0.0,0.03429919215123262,92
97.88,0.03604452545679094,0.005880928906491818,0.0010694859241552426,0.0,0.0,0.03430383766868604,92
97.9,0.03604740081160767,0.005879394481536376,0.0010694038886990265,0.0,0.0,0.03430853303173682,92
97.92,0.03605022001576775,0.005877830470721914,0.00106932047354027,0.0,0.0,0.03431328564066593,92
97.94,0.03605299252167415,0.005876237034620726,0.001069235681423231,0.0,0.0,0.0343181027528432,92
97.96000000000001,0.03605706861041373,0.005874614326674902,0.001069149515105139,0.0,0.0,0.034322991437072056,92
97.98,0.036061142828109495,0.005873337521138176,0.0010690619773562286,0.0,0.0,0.0343279585276518,93
98.0,0.036065219667175796,0.005873072373756117,0.0010689730709597506,0.0,0.0,0.03433301057866884,93
98.02,0.036069303228788874,0.005873142736834605,0.0010688827987119784,0.0,0.0,0.034338153819099874,93
98.04,0.03607339717673814,0.005874452898502155,0.001068791163422174,0.0,0.0,0.03434339410937754,93
98.06,0.03607750469331333,0.005875726319388073,0.001068698167912536,0.0,0.0,0.03434873690011811,93
98.08,0.0360816284379658,0.005876963074769454,0.0010686038150181183,0.0,0.0,0.03435433437760902,93
98.10000000000001,0.03608577050950018,0.0058781632331208426,0.0010685081075866925,0.0,0.0,0.03436042842087106,92
98.12,0.03608993241255625,0.005879326856098546,0.00106841104847859,0.0,0.0,0.034366637827770226,92
98.14,0.036094115029119446,0.005880453998910446,0.0010683126405664838,0.0,0.0,0.03437296606615909,94
98.16,0.036098318595753964,0.005881544711903847,0.0010682128867351285,0.0,0.0,0.03437941604644798,94
98.18,0.036102542687184706,0.005882599033462373,0.0010681117898810473,0.0,0.0,0.034385990108907215,94
98.2,0.03610749139593067,0.005883616997849983,0.0010680093529121747,0.0,0.0,0.03439269001802031,94
98.22,0.03611305445722748,0.005884598632449809,0.0010679055787474402,0.0,0.0,0.034399516964316056,94
98.24000000000001,0.0361186714038755,0.005885543957744249,0.001067800470316308,0.0,0.0,0.034406471573975556,94
98.26,0.036124340401013845,0.005886474350360269,0.0010677002052345273,0.0,0.0,0.03441355392636204,93
98.28,0.03613005903056212,0.005887370590541431,0.0010676349665036328,0.0,0.0,0.03442076357946309,93
98.3,0.036135824321839705,0.005888230513253973,0.0010675684200063564,0.0,0.0,0.03442809960306574,93
98.32000000000001,0.036141632789452476,0.005889590805880651,0.0010675005672568564,0.0,0.0,0.03443556061931555,93
98.34,0.03614748047792527,0.005891511507867753,0.0010674314097902959,0.0,0.0,0.034443144850142035,93
98.36,0.03615355038113037,0.005893411250439681,0.0010673609491621305,0.0,0.0,0.03445085017086913,93
98.38,0.03616074880290192,0.005895270837029146,0.0010672891869474123,0.0,0.0,0.03445867416917851,93
98.4,0.03616801043011016,0.005897090175014516,0.0010672161247401164,0.0,0.0,0.03446661420845934,93
98.42,0.03617533121955687,0.005898869282131171,0.0010671417641524969,0.0,0.0,0.03447466749445896,93
98.44,0.036182707003633977,0.00590060811398986,0.0010670661068144921,0.0,0.0,0.03448283114406192,93
98.46000000000001,0.03619013355861178,0.005902306366147147,0.0010669891543731676,0.0,0.0,0.034491102254956725,93
98.48,0.036197606672476686,0.005903963910883283,0.0010669109084922306,0.0,0.0,0.03449947797491705,93
98.5,0.03620512221103847,0.005905580608118186,0.0010668313708515976,0.0,0.0,0.034507955569420296,93
98.52,0.0362130511699335,0.005907156306647526,0.0010667505431470256,0.0,0.0,0.03451653248635241,93
98.54,0.03622111684805053,0.005908690845970393,0.0010666683451090908,0.0,0.0,0.03452519156913355,93
98.56,0.03622915573869301,0.005910184051942515,0.0010665845466835773,0.0,0.0,0.03453388879223997,93
98.58,0.036237221889137715,0.005911635731494306,0.001066499463955622,0.0,0.0,0.034542679428528386,92
98.60000000000001,0.03624531240175163,0.0059130456903664095,0.0010664130986805472,0.0,0.0,0.03455156220437671,92
98.62,0.03625342475212861,0.005914413722417938,0.001066352504041159,0.0,0.0,0.034560536269965296,92
98.64,0.03626155681277252,0.005915739609324484,0.0010663063425028596,0.0,0.0,0.034569601225051434,92
98.66,0.03626991879566251,0.005917023120294595,0.0010662589237750266,0.0,0.0,0.03457875713586734,92
98.68,0.036278317154814874,0.005918264011812266,0.0010662102482309403,0.0,0.0,0.03458800454286055,92
98.7,0.036286733564804226,0.005919462027413481,0.0010661603162684748,0.0,0.0,0.03459734445914615,92
98.72,0.03629516756597842,0.005920992461610139,0.0010661091283103042,0.0,0.0,0.03460677835969579,92
98.74000000000001,0.03630361907634819,0.00592282246091401,0.0010660566848040725,0.0,0.0,0.034616308161440554,92
98.76,0.03631208836016713,0.005924602918771963,0.0010660029924328767,0.0,0.0,0.03462593619461588,92
98.78,0.03632057598809899,0.005926333528261146,0.0010659480533505548,0.0,0.0,0.03463566516582818,92
98.8,0.03632908278959802,0.005928020211532269,0.0010658918613067532,0.0,0.0,0.03464549811347548,92
98.82000000000001,0.036337609798283134,0.005929674050208275,0.0010658344158325267,0.0,0.0,0.03465543835630962,92
98.84,0.036346158191237266,0.005931277036853284,0.0010657757175002766,0.0,0.0,0.03466548943607838,91
98.86,0.03635566973613714,0.005932828827693951,0.0010657157669067545,0.0,0.0,0.03467565505534213,91
98.88,0.03636556769821854,0.005934329069909145,0.0010656545662523019,0.0,0.0,0.034685939011698155,91
98.9,0.03637592479797921,0.005935777402024641,0.0010655921202408932,0.0,0.0,0.034696345129779836,91
98.92,0.036386482882162986,0.005937173454427706,0.0010655284239334843,0.0,0.0,0.03470687719250278,91
98.94,0.03639710850944238,0.005938516850003833,0.0010654953220268933,0.0,0.0,0.034717538873103644,90
98.96000000000001,0.036407820957798355,0.005939807204895458,0.001065507467584627,0.0,0.0,0.034728333669550415,90
98.98,0.03641882675148726,0.005941044129380124,0.0010655183149287182,0.0,0.0,0.0347394043177855,90
99.0,0.03642990732366119,0.005942227228863013,0.0010655278635048322,0.0,0.0,0.03475093150734616,90
99.02,0.03644106361205873,0.005943356104976386,0.0010655361127831962,0.0,0.0,0.034762600094394434,90
99.04,0.03645229611125651,0.005944430356776245,0.001065543062286875,0.0,0.0,0.034774412319851185,90
99.06,0.03646360483691147,0.005945449582024584,0.001065548714663194,0.0,0.0,0.03478637000729168,90
99.08,0.036474989299103186,0.005946413378543953,0.0010655530667772531,0.0,0.0,0.03479847453924145,90
99.10000000000001,0.03648644848497248,0.005947323573041044,0.001065556123996713,0.0,0.0,0.0348107268429302,90
99.12,0.03649798085050409,0.005948211588164615,0.0010655578795559456,0.0,0.0,0.034823127385357575,90
99.14,0.03650958432096331,0.005949042949017711,0.001065558332994495,0.0,0.0,0.034835676177185707,90
99.16,0.03652125629920145,0.005951150513155571,0.0010655574838470635,0.0,0.0,0.0348483727846781,90
99.18,0.03653299368079874,0.005953301318489085,0.0010655553316380002,0.0,0.0,0.03486121634865616,90
99.2,0.03654479814736236,0.00595638359391905,0.0010655518758755957,0.0,0.0,0.03487420560927985,90
99.22,0.0365566680729174,0.005959818119612648,0.0010655471160462683,0.0,0.0,0.0348873389353655,90
99.24000000000001,0.03656859143976831,0.005963186568173265,0.001065541051608733,0.0,0.0,0.03490061435695503,90
99.26,0.03658057316018307,0.005966488566453655,0.0010655336819882803,0.0,0.0,0.03491454050000784,90
99.28,0.03659260155218174,0.005969723755308486,0.0010655250065712855,0.0,0.0,0.03492863773182755,90
99.3,0.036604704231390874,0.005972891790813874,0.0010655150247000829,0.0,0.0,0.0349428688702098,90
99.32000000000001,0.03661738932560044,0.005975992345398021,0.00106550373566835,0.0,0.0,0.034957230941528535,90
99.34,0.03663126063601017,0.005979025108872071,0.0010654911387171602,0.0,0.0,0.034971720808562964,90
99.36,0.036645602448379985,0.005981989789350512,0.001065500435255886,0.0,0.0,0.03498633520354574,90
99.38,0.0366600092834746,0.0059848861156247156,0.0010655167937850892,0.0,0.0,0.035001070760091964,90
99.4,0.03667447615811109,0.005987713834929128,0.0010655318020066945,0.0,0.0,0.03501592404417934,90
99.42,0.036688997991531414,0.005990472712757336,0.0010655454557191772,0.0,0.0,0.03503089158444736,91
99.44,0.03670356963293725,0.0059931625370701035,0.0010655577541257967,0.0,0.0,0.035045969902133295,91
99.46000000000001,0.03671818588894759,0.00599578311672401,0.001065579419943456,0.0,0.0,0.03506115554094889,92
99.48,0.03673284155121966,0.005998334281530659,0.0010656208338356784,0.0,0.0,0.035076445097141126,92
99.5,0.03674748362062306,0.006000815882151892,0.001065660932001065,0.0,0.0,0.035091913316993094,92
99.52,0.036762098350086474,0.006003227775870471,0.0010656997280834779,0.0,0.0,0.03510789095187607,92
99.54,0.03677673719686745,0.006005569837623652,0.00106573711899813,0.0,0.0,0.035123961965407804,92
99.56,0.036791395173718634,0.00600784197844285,0.0010657731038765078,0.0,0.0,0.03514012347523399,92
99.58,0.036806067418412525,0.006010044128207976,0.0010658076818163412,0.0,0.0,0.0351563728042938,92
99.60000000000001,0.036820749219759516,0.006012176234794026,0.0010658408518885356,0.0,0.0,0.03517270750963714,92
99.62,0.03683543604146003,0.006014250240916581,0.001065872613144273,0.0,0.0,0.03518912540920034,92
99.64,0.036850123542911416,0.006017291413516213,0.0010659029646221244,0.0,0.0,0.035205624605682745,92
99.66,0.03686480759603778,0.0060210822892544265,0.0010659319053550056,0.0,0.0,0.03522220350661479,93
99.68,0.03688026503294651,0.006024796607558155,0.0010659594343768296,0.0,0.0,0.03523886083970225,93
99.7,0.03689622016230254,0.006028434298846462,0.0010659855507287423,0.0,0.0,0.035255595662571956,93
99.72,0.03691219906027962,0.006031995303396531,0.001066010253464851,0.0,0.0,0.035272407366136474,93
99.74000000000001,0.0369281997587941,0.00603547957003361,0.001066033541657393,0.0,0.0,0.035289295670929234,93
99.76,0.036944220548071255,0.0060388870548492984,0.001066055414401309,0.0,0.0,0.03530626061593823,93
99.78,0.036960259955432756,0.006042217719966824,0.0010660758740718306,0.0,0.0,0.03532330253967376,93
99.8,0.03697721389551723,0.0060454715323701915,0.0010660949191052345,0.0,0.0,0.03534042205343951,93
99.82000000000001,0.036994813706855804,0.006048648462812185,0.0010661125461677986,0.0,0.0,0.0353576200070185,93
99.84,0.03701247639207048,0.006051748484814038,0.0010661287544794077,0.0,0.0,0.03537489744723447,93
99.86,0.03703020268613129,0.00605477157376732,0.0010661435432971545,0.0,0.0,0.035392255570086725,92
99.88,0.03704799341149727,0.006057717706146286,0.0010661612595692137,0.0,0.0,0.03540969566737657,92
99.9,0.037065849420021585,0.0060605868588366005,0.0010662166276268826,0.0,0.0,0.035427219068932286,92
99.92,0.03708377153165587,0.006063379008584032,0.0010662705830982219,0.0,0.0,0.03544482708169214,91
99.94,0.03710176204937103,0.006066094131564482,0.0010663231240507238,0.0,0.0,0.03546260747142614,90
99.96000000000001,0.03711983255788381,0.006068732203074622,0.001066394923567393,0.0,0.0,0.0354809858662488,90
99.98,0.037137970914586864,0.00607129319734037,0.001066476770075727,0.0,0.0,0.03549945093546626,90
100.0,0.03715617718464568,0.006073777087438814,0.0010665571551748997,0.0,0.0,0.035518003276228845,90
100.02,0.037174451095754305,0.006076183845327597,0.0010666360774393311,0.0,0.0,0.03553664562088396,90
100.04,0.037192791986619476,0.006078513441974563,0.0010667135355019676,0.0,0.0,0.0355559662138371,90
100.06,0.03721119876126061,0.00608076584757966,0.0010667895280540892,0.0,0.0,0.03557537264451831,90
100.08,0.0372296698498981,0.006082941031880344,0.0010668640538450923,0.0,0.0,0.03559486393007379,90
100.10000000000001,0.037248203176992636,0.006085038964531486,0.0010669371116822474,0.0,0.0,0.0356144385960166,90
100.12,0.037266796136800895,0.006087088780026287,0.0010670087004304419,0.0,0.0,0.03563409465249265,90
100.14,0.03728576393831163,0.0060890675504773,0.001067078819011892,0.0,0.0,0.03565382957826124,90
100.16,0.037304967763878094,0.006090968942126671,0.001067147466405844,0.0,0.0,0.035673640312413324,90
100.18,0.03732421940632559,0.006092792929319059,0.001067214641648237,0.0,0.0,0.03569352325372768,90
100.2,0.03734351404857216,0.00609453948902309,0.0010672803438313415,0.0,0.0,0.035713474267473684,90
100.22,0.03736284633536001,0.006096208601475086,0.0010673445721033632,0.0,0.0,0.03573348869940889,90
100.24000000000001,0.037382210393329195,0.0060978002508378665,0.0010674073256680126,0.0,0.0,0.03575356139667692,89
100.26,0.0374015998576444,0.006099314425866192,0.0010674686037840317,0.0,0.0,0.035773686735280766,89
100.28,0.03742100790480899,0.006100751120570077,0.001067528405764682,0.0,0.0,0.03579385865376797,89
100.3,0.0374404360559529,0.006102110334866634,0.0010675867309771852,0.0,0.0,0.03581407069271242,89
100.32000000000001,0.03745980876210124,0.006103392075210615,0.001067643629470316,0.0,0.0,0.0358342522668706,89
100.34,0.03747916520180763,0.006104596336304487,0.0010676990639429907,0.0,0.0,0.035854447896111516,89
100.36,0.037498509371673816,0.006105723135854473,0.0010677530213593339,0.0,0.0,0.03587466243230893,89
100.38,0.03751783283014505,0.006106772503385259,0.0010678055001787587,0.0,0.0,0.03589488831499119,89
100.4,0.03753712697318879,0.006107744477064609,0.001067856500026137,0.0,0.0,0.03591511784828695,89
100.42,0.03755638309228678,0.006108639104078516,0.0010679060205758073,0.0,0.0,0.03593534326003023,90
100.44,0.03757559243166127,0.006109456440931378,0.00106795406155062,0.0,0.0,0.03595555676014585,90
100.46000000000001,0.037594746243210714,0.006110196555845721,0.0010680006227208993,0.0,0.0,0.035975750596793435,90
100.48,0.03761384073950585,0.006110859523835825,0.0010680457039033732,0.0,0.0,0.03599591710870494,90
100.5,0.03763287095958082,0.006111445428941974,0.0010680893049600279,0.0,0.0,0.036016048772163134,90
100.52,0.03765182003548801,0.006111954366387866,0.0010681314257969426,0.0,0.0,0.03603613824116854,90
100.54,0.03767067970041863,0.006112390714262508,0.0010681720663630835,0.0,0.0,0.03605617837951287,89
100.56,0.03768944188284602,0.006112781977346418,0.0010682112266490863,0.0,0.0,0.03607616228372275,89
100.58,0.03770809871803443,0.006113096574956649,0.0010682489066860493,0.0,0.0,0.036096083296142716,89
100.60000000000001,0.03772664254923903,0.006113338647957967,0.001068285106544338,0.0,0.0,0.03611593500778277,89
100.62,0.0377450659186046,0.0061135318306829965,0.0010683198263324231,0.0,0.0,0.03613571125094206,89
100.64,0.03776336154817256,0.006113648740054622,0.0010683530661957873,0.0,0.0,0.036155406082021835,89
100.66,0.03778152231180538,0.006113689536335361,0.001068384826315891,0.0,0.0,0.036175013755341635,89
100.68,0.03779954119921588,0.00611365438865917,0.001068415106909223,0.0,0.0,0.036194528689149935,90
100.7,0.037817786801766534,0.006113543475075436,0.0010684439082264503,0.0,0.0,0.03621394542536742,90
100.72,0.037836126777180686,0.006113356982678183,0.0010684861515587421,0.0,0.0,0.036233258584889606,90
100.74000000000001,0.03785430323539043,0.0061130951078283815,0.0010685512719533058,0.0,0.0,0.03625246282050611,90
100.76,0.03787230917133761,0.006112758056472986,0.0010686148685608208,0.0,0.0,0.03627155276963977,90
100.78,0.03789013745992636,0.00611315349218953,0.0010686769418348438,0.0,0.0,0.036290523009169615,90
100.8,0.037907780812537296,0.006114140469655297,0.0010687664010002303,0.0,0.0,0.03630936801456441,90
100.82000000000001,0.03792523173981739,0.006115060452931975,0.001068876037194058,0.0,0.0,0.036328082125415356,90
100.84,0.03794248252258934,0.006115900490755296,0.0010690085037213626,0.0,0.0,0.0363466595192172,90
100.86,0.03795952519239541,0.006116660883287522,0.0010691393739079929,0.0,0.0,0.03636509419491704,91
100.88,0.03797692547281113,0.006117341942895702,0.0010692686475422162,0.0,0.0,0.036383379967338376,91
100.9,0.03799479941998672,0.006117943994877767,0.0010693963244416797,0.0,0.0,0.03640151047311634,91
100.92,0.038012477654034454,0.006118481603002981,0.0010695224044529252,0.0,0.0,0.03641947918827489,91
100.94,0.038029952491263994,0.006118961668446714,0.0010696468874509327,0.0,0.0,0.03643727945706576,91
100.96000000000001,0.03804721612027096,0.0061193637469502,0.0010697697733386992,0.0,0.0,0.03645490453120402,91
100.98,0.03806426064880604,0.00611968822522047,0.001069891062046811,0.0,0.0,0.03647234761820337,91
101.0,0.03808107815803124,0.006119935498925114,0.0010700107535330302,0.0,0.0,0.036489601937167035,91
101.02,0.03809766902706298,0.006120105986618673,0.001070128847781866,0.0,0.0,0.03650666078013968,91
101.04,0.038114022629489486,0.006120200116201392,0.001070245344804139,0.0,0.0,0.03652351757698557,91
101.06,0.038130126013578576,0.006120218334446159,0.001070360244636513,0.0,0.0,0.03654016596173487,91
101.08,0.03814615251457254,0.0061201611041313145,0.0010704735473410013,0.0,0.0,0.03655659983841571,91
101.10000000000001,0.03816221435287777,0.006120028903407685,0.0010705852530044498,0.0,0.0,0.0365728134445623,91
101.12,0.038178014456934875,0.006119822228310209,0.0010706953617379785,0.0,0.0,0.03658880141083039,91
101.14,0.03819354667794859,0.0061196949133078965,0.0010708038736763946,0.0,0.0,0.036604558815441515,91
101.16,0.03820880531590931,0.006119549947598102,0.0010709107915261903,0.0,0.0,0.03662008123249309,91
101.18,0.03822378515904913,0.006119331610930434,0.0010710161148626317,0.0,0.0,0.036635364773490775,91
101.2,0.0382384895718467,0.006119040448992911,0.001071119841955463,0.0,0.0,0.03665040612176033,91
101.22,0.0382529122150479,0.0061186770180381225,0.0010712219730278176,0.0,0.0,0.036665202559671296,91
101.24000000000001,0.038267043814174284,0.006118241883780633,0.0010713225083231709,0.0,0.0,0.03668003546128871,91
101.26,0.0382808901784093,0.006117735620250402,0.001071421448104624,0.0,0.0,0.03669533879957741,91
101.28,0.03829445084456642,0.006117158808617294,0.0010715187926541793,0.0,0.0,0.03671046330746088,91
101.3,0.03830772245368491,0.006116529050587398,0.0010716145422720064,0.0,0.0,0.03672533666148275,91
101.32000000000001,0.03832069465983416,0.0061158415330862265,0.0010717086972757315,0.0,0.0,0.03673995932138351,91
101.34,0.03833466527977556,0.00611508521077663,0.001071801259612992,0.0,0.0,0.03675433237778504,92
101.36,0.03834851270561822,0.006114260681524438,0.0010718922282073138,0.0,0.0,0.03676845754087627,92
101.38,0.0383621087265034,0.006113368544458482,0.001071981603242797,0.0,0.0,0.03678233712598032,92
101.4,0.038375455946524674,0.006112409398861617,0.0010720693850999055,0.0,0.0,0.036795974036538004,92
101.42,0.038388559909049935,0.0061113838430993505,0.0010721555741731675,0.0,0.0,0.036809371744975256,92
101.44,0.038401433817729334,0.006110292473590241,0.001072240170870572,0.0,0.0,0.036822534271847805,92
101.46000000000001,0.038414070188383345,0.0061091358838211846,0.0010723231756129908,0.0,0.0,0.03683546616357965,92
101.48,0.038426473737038475,0.006107914663409959,0.0010724045888336402,0.0,0.0,0.03684817246903516,92
101.5,0.03843864964870663,0.006106629397216648,0.0010724844109775847,0.0,0.0,0.03686099424003817,92
101.52,0.038450603551848254,0.0061052806645051395,0.001072562642501275,0.0,0.0,0.036873858503090426,93
101.54,0.038462341491956833,0.006103869038155491,0.0010726392838721354,0.0,0.0,0.036886514072849104,93
101.56,0.0384738699042374,0.006102395083927719,0.0010727143355681967,0.0,0.0,0.03689896775895874,93
101.58,0.03848517435938439,0.006100859359777473,0.0010727879386775588,0.0,0.0,0.03691120541685958,93
101.60000000000001,0.038496213873499455,0.0060992624085537,0.0010728604122467128,0.0,0.0,0.036923186231640204,93
101.62,0.03850758980834234,0.006097615989952792,0.0010729312972453681,0.0,0.0,0.03693498781310476,93
101.64,0.03851892396345134,0.006096119943629158,0.0010730005941881747,0.0,0.0,0.03694661827559874,93
101.66,0.03853008477024653,0.006094682452673949,0.0010730683035994207,0.0,0.0,0.036958085979911216,94
101.68,0.03854108036426419,0.006093286158465915,0.0010731344260130418,0.0,0.0,0.03696939949811246,94
101.7,0.03855191904393406,0.006091830059592533,0.0010731989619726968,0.0,0.0,0.036980567576462384,94
101.72,0.03856260923114556,0.006090314648878069,0.001073261912031945,0.0,0.0,0.03699159909625242,94
101.74000000000001,0.03857314197084914,0.006088740407786056,0.0010733187612022332,0.0,0.0,0.037002490102900805,94
101.76,0.03858349062615816,0.006087107797235795,0.0010733604306501412,0.0,0.0,0.037013223557201984,94
101.78,0.038593716340867175,0.006085417248342721,0.0010734005596293509,0.0,0.0,0.037023847441222855,94
101.8,0.038603827593263716,0.006083669207734942,0.0010734391485105797,0.0,0.0,0.03703437074209243,94
101.82000000000001,0.03861383275573272,0.0060818641103668105,0.0010734761976782512,0.0,0.0,0.03704480235415247,94
101.84,0.03862372691509431,0.0060800023796106885,0.00107351420689287,0.0,0.0,0.03705513541946658,94
101.86,0.03863347438428663,0.006078084427360675,0.0010735614838285543,0.0,0.0,0.03706532655460412,94
101.88,0.038643139799200255,0.006076110654167719,0.00107360717817703,0.0,0.0,0.03707545171710047,94
101.9,0.03865292163295905,0.006074081449921259,0.0010736512906331958,0.0,0.0,0.037085737278780916,94
101.92,0.03866268138589611,0.006071997194004297,0.0010736938219090345,0.0,0.0,0.03709619274387032,94
101.94,0.03867238610053215,0.00606985825573566,0.0010737347727350344,0.0,0.0,0.03710660459701567,94
101.96000000000001,0.0386820384103858,0.006067664994876329,0.0010737790786075328,0.0,0.0,0.03711697964117444,94
101.98,0.038691644013770454,0.006065417762195228,0.0010738613393401133,0.0,0.0,0.03712732418794067,94
102.0,0.038701208062801584,0.006063116900088625,0.0010739420157359649,0.0,0.0,0.03713764401917319,94
102.02,0.03871073512995627,0.006060762743246337,0.0010740211073375645,0.0,0.0,0.037147944354079115,94
102.04,0.03872022918077846,0.006058355621127869,0.0010740986137353452,0.0,0.0,0.037158308487881125,94
102.06,0.03872969355328731,0.006055895857493601,0.001074174534569839,0.0,0.0,0.037169022752162544,94
102.08,0.03873975569235991,0.00605338376420925,0.0010742806823858496,0.0,0.0,0.03717972901884708,94
102.10000000000001,0.03874983285840264,0.006050828853811248,0.0010743865831232943,0.0,0.0,0.03719043005828096,94
102.12,0.03876025776508634,0.006048249582800733,0.001074490856238187,0.0,0.0,0.037201128014430804,94
102.14,0.0387709506925331,0.006045618862380161,0.0010745935016338126,0.0,0.0,0.037211824413392845,94
102.16,0.038781619151064047,0.006042936994154168,0.0010747290667129101,0.0,0.0,0.03722252017840677,95
102.18,0.03879224516523437,0.006040204278021601,0.001074870489609624,0.0,0.0,0.037233197453272006,95
102.2,0.03880279298262657,0.006037421012127926,0.0010750123158228266,0.0,0.0,0.037243819953607676,96
102.22,0.03881331329951032,0.0060345874927849995,0.0010751524553810985,0.0,0.0,0.037254441267850005,96
102.24000000000001,0.038823804008582145,0.0060317040188616845,0.0010752909082738312,0.0,0.0,0.037265060166369796,96
102.26,0.03883426252382615,0.006028770890189251,0.0010754276745621645,0.0,0.0,0.03727567496706706,96
102.28,0.03884468582001017,0.006025788408143604,0.0010755627543808971,0.0,0.0,0.03728628357596815,96
102.3,0.0388550704744202,0.006022756876190053,0.0010756961479402728,0.0,0.0,0.03729688353012534,96
102.32000000000001,0.0388654127105134,0.006019676600389211,0.001075827855527581,0.0,0.0,0.03730747204250253,96
102.34,0.03887570844325929,0.0060165478898623285,0.0010759578775086064,0.0,0.0,0.037318046048619116,96
102.36,0.038885953325986454,0.006013371057213986,0.001076086214328848,0.0,0.0,0.0373286022547725,96
102.38,0.038896142798563134,0.006010146418909485,0.001076212866514541,0.0,0.0,0.037339137187670214,96
102.4,0.03890656220347981,0.006006874295603797,0.0010763378379335068,0.0,0.0,0.03734964724526405,96
102.42,0.038917141745415815,0.006003571098595551,0.0010764677385694896,0.0,0.0,0.037360128748499075,96
102.44,0.03892765070201944,0.006000230293059206,0.0010766261957324487,0.0,0.0,0.03737057799357724,96
102.46000000000001,0.03893808415891007,0.005996842960839808,0.0010767829354498934,0.0,0.0,0.037380991304205004,96
102.48,0.038948437238422666,0.005993409444759798,0.0010769379585577395,0.0,0.0,0.03739136508315991,96
102.5,0.038958705147752286,0.005989930085856636,0.0010770912659681991,0.0,0.0,0.037401900158167634,96
102.52,0.03896888322467532,0.005986405233694809,0.0010772428586689811,0.0,0.0,0.037412626528669765,96
102.54,0.03897896697993429,0.005982835242675361,0.0010773927377222873,0.0,0.0,0.03742330298558948,96
102.56,0.03898931945476956,0.005979220471862724,0.001077540904263619,0.0,0.0,0.037433926721360034,96
102.58,0.039000462127351476,0.005975561284745584,0.0010776873595004228,0.0,0.0,0.03744449522567125,96
102.60000000000001,0.03901153649997377,0.005971858049692791,0.0010778321047105641,0.0,0.0,0.03745500631512666,96
102.62,0.039022540404353996,0.005968111140711686,0.0010779751412406757,0.0,0.0,0.03746545815657078,96
102.64,0.03903347203363991,0.00596432092916924,0.0010781164705043532,0.0,0.0,0.03747584928366683,96
102.66,0.03904432995176037,0.005960487792690734,0.0010782560939802627,0.0,0.0,0.03748617860649505,96
102.68,0.039055113095757925,0.005956612111306396,0.001078394013210126,0.0,0.0,0.03749644541413848,96
102.7,0.03906582077125633,0.005952694266929709,0.001078530229796632,0.0,0.0,0.03750702679265306,96
102.72,0.03907645264139159,0.005948734642814556,0.0010786647454012698,0.0,0.0,0.03751767054872865,96
102.74000000000001,0.039087008709679696,0.0059447336229990905,0.0010787975617420887,0.0,0.0,0.037528251218136514,96
102.76,0.0390974677713504,0.005940691591743876,0.0010789287201190365,0.0,0.0,0.03753874795140508,96
102.78,0.039107803355219885,0.005936608929726653,0.001079058272478159,0.0,0.0,0.037549134633481904,96
102.8,0.03911801459671797,0.005932486012651335,0.001079186206096554,0.0,0.0,0.037559410776873824,96
102.82000000000001,0.03912807772519655,0.005928323210860257,0.001079312558645123,0.0,0.0,0.0375695529792808,96
102.84,0.03913806941448356,0.005924120887195578,0.0010794372211338774,0.0,0.0,0.03757963842466015,96
102.86,0.039147991095119766,0.005919879418879224,0.001079560195564997,0.0,0.0,0.03758966896103347,96
102.88,0.03915784430605701,0.005915599180209626,0.0010796814839802822,0.0,0.0,0.037599646553551413,96
102.9,0.03916763065441036,0.005911280542117363,0.0010798010884586126,0.0,0.0,0.037609573244565,96
102.92,0.039177351775418666,0.005906943855343531,0.0010799190111133706,0.0,0.0,0.0376194511139144,96
102.94,0.039186950846487496,0.00590258398144462,0.0010800433133359413,0.0,0.0,0.03762922352086121,96
102.96000000000001,0.039196464344112905,0.005898186751270907,0.0010802055082715324,0.0,0.0,0.03763892756885825,96
102.98,0.039205926938167344,0.005893752513301749,0.001080365946383441,0.0,0.0,0.037648588969638554,96
103.0,0.03921533134940779,0.005889281616125998,0.0010805246302351352,0.0,0.0,0.0376582095752993,96
103.02,0.03922467797374191,0.005884774402980114,0.0010806815624189656,0.0,0.0,0.03766779109397344,96
103.04,0.039233979615133606,0.005880376077401158,0.0010808367455529234,0.0,0.0,0.03767733505850455,96
103.06,0.03924322579610231,0.005876048624753637,0.0010809901822773234,0.0,0.0,0.03768736773300115,96
103.08,0.0392525712963182,0.005871684942072974,0.0010811418752514127,0.0,0.0,0.03769746473302184,96
103.10000000000001,0.039262187592261716,0.005867493745092827,0.0010812918271499135,0.0,0.0,0.037707526304059096,96
103.12,0.039271638830472265,0.005864702176053732,0.001081440076288152,0.0,0.0,0.03771744347411608,96
103.14,0.03928101692681916,0.0058618651354496384,0.0010815865929063204,0.0,0.0,0.03772730887595712,96
103.16,0.03929033855457158,0.005858983001752288,0.0010817313737041792,0.0,0.0,0.03773713979926216,96
103.18,0.039299602695638494,0.005856056151673789,0.0010818744213822915,0.0,0.0,0.03774693583066073,96
103.2,0.039308807957007925,0.0058530849562248395,0.001082015738638884,0.0,0.0,0.03775669619719418,96
103.22,0.0393180117989969,0.005850069780603708,0.001082155328166286,0.0,0.0,0.03776641975247096,96
103.24000000000001,0.039327590090471536,0.005847132743895677,0.0010822931926474182,0.0,0.0,0.037776104965438345,96
103.26,0.03933710240469014,0.005844268512686202,0.0010824293347523615,0.0,0.0,0.03778574991203517,96
103.28,0.039346545733467526,0.005841360573805845,0.001082563757135048,0.0,0.0,0.03779563995496502,95
103.3,0.03935591665020472,0.005838409273154851,0.0010826964624300768,0.0,0.0,0.037805642772052624,95
103.32000000000001,0.03936521131092471,0.005835414950790664,0.001082827453249711,0.0,0.0,0.03781559659874448,95
103.34,0.03937433379216102,0.005832377941034755,0.0010829568858196075,0.0,0.0,0.03782539294564426,95
103.36,0.03938335320577231,0.005829298549600656,0.0010830846364898155,0.0,0.0,0.03783511341236919,95
103.38,0.03939241480805191,0.005826177100694281,0.001083210678827103,0.0,0.0,0.03784477341128871,96
103.4,0.03940192014935433,0.005823013907330035,0.0010833350153280792,0.0,0.0,0.03785436831662873,96
103.42,0.03941132347862856,0.0058198092826011825,0.0010834576484553804,0.0,0.0,0.037863893164928275,96
103.44,0.039420618663685764,0.005816563534904204,0.0010835785806361377,0.0,0.0,0.03787334267583383,96
103.46000000000001,0.039429799253797485,0.005813276968203035,0.001083697814260754,0.0,0.0,0.037882711274707166,96
103.48,0.039438858502695254,0.005810289440469979,0.0010838153516819589,0.0,0.0,0.03789199311645842,96
103.5,0.03944778939218435,0.005807704530220312,0.001083931195214155,0.0,0.0,0.037901182110020255,96
103.52,0.03945656479090072,0.005805074027352492,0.0010840453861612651,0.0,0.0,0.037910252091984134,96
103.54,0.03946511215596091,0.005802398159135464,0.0010841580540966952,0.0,0.0,0.03791913154797517,96
103.56,0.03947393158359298,0.005799677113882373,0.0010842690327664652,0.0,0.0,0.03792789880126545,96
103.58,0.0394828360272049,0.005796911136641112,0.0010843783243351989,0.0,0.0,0.037936547017454685,96
103.60000000000001,0.039491524535144824,0.005794100475825386,0.0010844854911010381,0.0,0.0,0.037945008172673524,96
103.62,0.03950002981618243,0.00579124537146449,0.001084590905479581,0.0,0.0,0.03795332654276811,96
103.64,0.039508351312411254,0.005788346078451344,0.001084694640029017,0.0,0.0,0.037961504752057625,96
103.66,0.03951648062890081,0.0057854028587246194,0.0010847966967674945,0.0,0.0,0.0379695355741526,96
103.68,0.03952468522784816,0.005782415979840387,0.0010848970776792361,0.0,0.0,0.03797741173653148,96
103.7,0.03953288888625321,0.005779385715493216,0.0010849957847157907,0.0,0.0,0.03798512594237456,97
103.72,0.03954087411407205,0.005777297456268511,0.0010850928197973435,0.0,0.0,0.03799267089376519,97
103.74000000000001,0.03954863231990858,0.005775549974906102,0.0010851881848140917,0.0,0.0,0.038000039316630936,97
103.76,0.039556154922362766,0.0057737569912250175,0.0010852818816276496,0.0,0.0,0.03800722398766669,97
103.78,0.0395634333774844,0.005771918788407054,0.0010854068141902759,0.0,0.0,0.03801421776331354,97
103.8,0.0395709887312456,0.00577003565801885,0.0010855737113614984,0.0,0.0,0.03802112915088459,97
103.82000000000001,0.039578852445106,0.005768107900248176,0.001085738839513557,0.0,0.0,0.03802831276458746,97
103.84,0.03958648633149222,0.005766135824069724,0.0010859021998795458,0.0,0.0,0.03803528388704767,97
103.86,0.039593896749668366,0.005764119747335948,0.001086063793672233,0.0,0.0,0.03804203602041168,97
103.88,0.03960158723635818,0.005762397995981351,0.0010862236220853722,0.0,0.0,0.03804856291236525,97
103.9,0.039609016828732226,0.0057616940968554286,0.001086381686295028,0.0,0.0,0.03805485858947845,97
103.92,0.03961617911980823,0.005760957405430322,0.0010865379874608861,0.0,0.0,0.03806131941257943,97
103.94,0.039623068024362426,0.005760174988681747,0.0010866925267275624,0.0,0.0,0.03806767097258057,97
103.96000000000001,0.03962967780486064,0.0057593471887509035,0.0010868453052258857,0.0,0.0,0.03807377468622474,97
103.98,0.03963600309393597,0.00575847435578714,0.0010869963240741594,0.0,0.0,0.03807962598643219,97
104.0,0.03964203891305652,0.00575755684752578,0.001087145584379393,0.0,0.0,0.03808522071483606,97
104.02,0.03964778068717101,0.0057565950288144575,0.0010872930872385033,0.0,0.0,0.03809055513701372,97
104.04,0.039653224255264935,0.005755589271096032,0.001087438833739466,0.0,0.0,0.038095625953650625,97
104.06,0.039658325463825056,0.005754539951856605,0.0010875828612843857,0.0,0.0,0.03810081026107819,97
104.08,0.03966303266935961,0.005753447430500471,0.0010877252135363027,0.0,0.0,0.038105768234410205,97
104.10000000000001,0.03966743192506051,0.005752312043171995,0.001087865810278887,0.0,0.0,0.038110454955634455,97
104.12,0.03967152075395945,0.005751134182216199,0.001088004652573502,0.0,0.0,0.03811486890010956,97
104.14,0.03967529709025239,0.005749914243624999,0.0010881417439347688,0.0,0.0,0.03811900897883731,97
104.16,0.03967875926982582,0.005748652626427584,0.0010882770830672969,0.0,0.0,0.03812287452975206,97
104.18,0.039681906018739665,0.005747349732088455,0.0010884106709222587,0.0,0.0,0.038126465306997356,97
104.2,0.03968473644007011,0.0057460059639177765,0.0010885425085508395,0.0,0.0,0.0381297814685946,97
104.22,0.039687249999494675,0.005744621726497818,0.0010886725970036136,0.0,0.0,0.038132823562887636,98
104.24000000000001,0.03968944650997126,0.0057431974251285,0.0010888009373312163,0.0,0.0,0.038135592514116606,98
104.26,0.039691332699936716,0.005742203663253147,0.0010889275305849858,0.0,0.0,0.03813808960743843,98
104.28,0.03969291163805407,0.005741837519375647,0.0010890523778175555,0.0,0.0,0.038140316473673136,98
104.3,0.039694175063315115,0.005741429113776396,0.0010891754800834126,0.0,0.0,0.03814227507401281,98
104.32000000000001,0.039695124016941634,0.00574097880513593,0.0010892968384394125,0.0,0.0,0.03814396768489277,98
104.34,0.03969575980687002,0.005740486949424432,0.0010894164539452693,0.0,0.0,0.0381453968831847,97
104.36,0.03969608399224072,0.005741173901354088,0.0010895343276640067,0.0,0.0,0.03814656553183607,97
104.38,0.03969609836837596,0.005741981135548688,0.0010896504606623845,0.0,0.0,0.03814747676604856,97
104.4,0.039695804952304854,0.005742744578438667,0.0010897648540112992,0.0,0.0,0.03814813630075504,97
104.42,0.03969520596886899,0.005743464555119999,0.0010898775087861553,0.0,0.0,0.03814899521513304,97
104.44,0.039694303837417746,0.005744141386032132,0.0010899884260672185,0.0,0.0,0.038149607057718506,97
104.46000000000001,0.03969355231978042,0.0057447765502917246,0.0010900976069399462,0.0,0.0,0.038149975927111626,97
104.48,0.03969254021793781,0.005745369215387206,0.001090205052495305,0.0,0.0,0.03815010613444703,97
104.5,0.039691232600542865,0.005745919662875448,0.0010903107638300655,0.0,0.0,0.038150463842556354,97
104.52,0.039689632543294544,0.005746428191146799,0.0010904147420470825,0.0,0.0,0.038150615044693956,97
104.54,0.03968775207920641,0.00574689509230904,0.0010905169882555689,0.0,0.0,0.038150541080502635,98
104.56,0.03968559238754993,0.005747320651911477,0.0010906175035713514,0.0,0.0,0.038150247015036186,98
104.58,0.03968315043704166,0.005747705151666962,0.0010907162891171272,0.0,0.0,0.03814973807965595,98
104.60000000000001,0.03968042978408214,0.005748054514284195,0.0010908133460226911,0.0,0.0,0.03814901966364881,98
104.62,0.03967743407910183,0.005748395392538252,0.0010909086754251876,0.0,0.0,0.03814809730589134,97
104.64,0.03967416705600184,0.005748695964633195,0.0010910022784693298,0.0,0.0,0.03814697668644078,97
104.66,0.03967063252129167,0.005748956479729722,0.0010910941563076336,0.0,0.0,0.03814566361792387,98
104.68,0.03966683434278492,0.005749201162058517,0.0010911843101006366,0.0,0.0,0.038144164036589705,98
104.7,0.039662776437708824,0.00574940894710772,0.0010912727410171367,0.0,0.0,0.03814248399288764,98
104.72,0.03965846276008188,0.005749577343056495,0.001091368658865694,0.0,0.0,0.03814062964142947,98
104.74000000000001,0.039653832601403136,0.005749706566509747,0.0010914990720349827,0.0,0.0,0.03813854277218515,97
104.76,0.039648821696905846,0.005749796812774625,0.0010916277002829982,0.0,0.0,0.038136592521248604,97
104.78,0.039643567235983,0.00574984825354281,0.0010917545886399455,0.0,0.0,0.03813470979693093,97
104.8,0.03963807317357988,0.005749861079701622,0.0010918797371073912,0.0,0.0,0.038132677165607795,97
104.82000000000001,0.039632343422379444,0.005749835476686869,0.0010920031457152942,0.0,0.0,0.03813050112723216,97
104.84,0.03962638183295886,0.005749771957765214,0.001092124814522223,0.0,0.0,0.038128188205224824,97
104.86,0.039620192172418967,0.005749671122133426,0.0010922447436155784,0.0,0.0,0.038125744928665224,97
104.88,0.039613778101476295,0.005749532346631108,0.0010923629331118442,0.0,0.0,0.03812317781310815,97
104.9,0.039607143150058255,0.0057506784466478155,0.0010924793831568506,0.0,0.0,0.038120493340073947,97
104.92,0.039601525983141095,0.005752086493121432,0.0010925940939260652,0.0,0.0,0.03811769793531628,97
104.94,0.039595766939015675,0.005753452874989616,0.0010927070656249086,0.0,0.0,0.038114797946042195,97
104.96000000000001,0.039589837668832915,0.005754777535726,0.0010928182984890967,0.0,0.0,0.03811179961733215,97
104.98,0.03958374235358908,0.0057560605649174205,0.0010929278008054788,0.0,0.0,0.03810870906808986,97
105.0,0.039577484965896595,0.005757302044643575,0.001093035567355608,0.0,0.0,0.03810553226693538,97
105.02,0.03957106924401412,0.005758502049766667,0.0010931415960238166,0.0,0.0,0.03810227500853631,97
105.04,0.03956450025840251,0.005759660648261136,0.0010932458871715518,0.0,0.0,0.0380989428909487,98
105.06,0.0395577936340768,0.005760777904176798,0.0010933484458051223,0.0,0.0,0.03809554129460338,98
105.08,0.03955093836733509,0.005761853872464159,0.001093449268189801,0.0,0.0,0.0380920753636197,98
105.10000000000001,0.039543937027935176,0.0057628886006020974,0.001093548354361606,0.0,0.0,0.03808854999015062,97
105.12,0.0395367918481096,0.0057638831134841405,0.0010936457048152505,0.0,0.0,0.03808496980245553,97
105.14,0.039529775406867314,0.005766230061744522,0.0010937413200800955,0.0,0.0,0.03808133915735643,97
105.16,0.039522937499392057,0.005768539123361933,0.0010938352007207439,0.0,0.0,0.03807766213765328,97
105.18,0.03951595950579671,0.005771000301434235,0.0010939273473376386,0.0,0.0,0.03807394255496071,97
105.2,0.03950884225315148,0.005773510504249366,0.001094017761637779,0.0,0.0,0.038070183958277805,97
105.22,0.03950146293645464,0.00577597453587645,0.0010941096498800354,0.0,0.0,0.038066265320984165,97
105.24000000000001,0.03949501518855266,0.005778392506416308,0.0010942120649212875,0.0,0.0,0.038062301884741676,97
105.26,0.03948924955596134,0.005780764447578261,0.001094312719742113,0.0,0.0,0.03805830889761913,97
105.28,0.03948338001701785,0.0057830903810256904,0.0010944116151789332,0.0,0.0,0.03805428905876477,97
105.3,0.03947740707073524,0.005785370327331051,0.0010945087521072453,0.0,0.0,0.03805024493124887,97
105.32000000000001,0.03947133105390999,0.0057876043056476765,0.001094604131442035,0.0,0.0,0.03804617898088234,97
105.34,0.03946515217989651,0.0057897923361859,0.0010946977541381247,0.0,0.0,0.038042093617665924,97
105.36,0.039458870578860925,0.005791934437573845,0.0010947896211904711,0.0,0.0,0.03803799123884123,97
105.38,0.03945248633844344,0.005794030623818217,0.0010948797336344108,0.0,0.0,0.03803387427247852,97
105.4,0.039446264985563306,0.005796080910978961,0.0010949680925458412,0.0,0.0,0.03802974522054593,97
105.42,0.03944088724459351,0.005798085314190714,0.0010950546990413463,0.0,0.0,0.03802560670045424,97
105.44,0.03943544294079291,0.005800043847468819,0.0010951395578185216,0.0,0.0,0.03802146148415663,97
105.46000000000001,0.03942995347158513,0.005801956523447277,0.0010952226676311945,0.0,0.0,0.038017312533993854,97
105.48,0.039425010523719356,0.0058038233530540015,0.0010953040286400479,0.0,0.0,0.03801316303459988,97
105.5,0.03942000500030155,0.005805644345129852,0.0010953836421247678,0.0,0.0,0.03800901642031857,97
105.52,0.039414938941027496,0.005807419505998835,0.0010954615094055631,0.0,0.0,0.03800487639771205,97
105.54,0.039409902727548164,0.005809148838997416,0.0010955376318430021,0.0,0.0,0.03800118355484445,97
105.56,0.03940494148388002,0.00581085786420028,0.0010956120108378193,0.0,0.0,0.03799774630585326,97
105.58,0.03940019976017851,0.005812530482100739,0.0010956846478306836,0.0,0.0,0.03799432706247717,97
105.60000000000001,0.03939563520142926,0.005814157095791269,0.0010957555443019444,0.0,0.0,0.037990930747371324,97
105.62,0.03939102553661117,0.005815737691808999,0.0010958247017713535,0.0,0.0,0.03798756258738749,96
105.64,0.0393867080404572,0.005817272251034418,0.001095892121797755,0.0,0.0,0.037984228103689226,96
105.66,0.03938255295208196,0.005818760748154476,0.0010959578059787614,0.0,0.0,0.03798093309662743,96
105.68,0.03937836326227736,0.005820213169341566,0.0010960217559503982,0.0,0.0,0.037977683625529654,96
105.7,0.03937414308663815,0.005821633156271626,0.0010960839733867279,0.0,0.0,0.03797448598358618,96
105.72,0.0393698966734337,0.005823006935348327,0.0010961444599994344,0.0,0.0,0.03797134666804431,96
105.74000000000001,0.03936562836631262,0.005824334451617277,0.0010962032175373911,0.0,0.0,0.03796827234595876,96
105.76,0.03936134256271214,0.005825621557680055,0.001096260250623762,0.0,0.0,0.037965269815793914,95
105.78,0.039357043668320345,0.0058282151086553454,0.0010963155597908923,0.0,0.0,0.03796234596523362,95
105.8,0.0393527360480099,0.005830823727080262,0.0010963691453611413,0.0,0.0,0.03795950772562475,95
105.82000000000001,0.039348704233880705,0.005833382220336783,0.0010964210092269137,0.0,0.0,0.03795676202357166,95
105.84,0.03934506200305016,0.00583589046242658,0.0010964711533148225,0.0,0.0,0.03795411573029338,95
105.86,0.03934142243125968,0.005838348317923156,0.0010965195805177747,0.0,0.0,0.037951575609464425,95
105.88,0.03933821960896322,0.00584075564196339,0.0010965662923102927,0.0,0.0,0.03794914826436499,95
105.9,0.03933580676496888,0.005843112280311676,0.0010966112903047474,0.0,0.0,0.03794684008527175,95
105.92,0.039333442179318535,0.005845418069496588,0.0010966545765552322,0.0,0.0,0.03794465719810397,95
105.94,0.03933112953127888,0.0058476728370189055,0.001096696153144706,0.0,0.0,0.037942605415404236,95
105.96000000000001,0.0393287675679402,0.0058498764016284436,0.0010967357347822855,0.0,0.0,0.03794057521701608,95
105.98,0.039326422678862674,0.005852028631378672,0.001096773468553327,0.0,0.0,0.0379387968949455,95
106.0,0.03932413822314073,0.005854339073332192,0.0010968094584148473,0.0,0.0,0.03793747018085148,95
106.02,0.039321837269319176,0.005856615094511135,0.0010968238599340144,0.0,0.0,0.03793622327454849,95
106.04,0.03931952499426273,0.005858838544342182,0.0010968177130014076,0.0,0.0,0.03793506346432086,95
106.06,0.03931727691343037,0.00586100924694655,0.0010968099353245667,0.0,0.0,0.037934060888921865,95
106.08,0.03931509296018772,0.00586312698049556,0.001096800528983877,0.0,0.0,0.03793321820646003,95
106.10000000000001,0.039312972461343194,0.005865191517802823,0.0010967959484090148,0.0,0.0,0.037932537569131466,95
106.12,0.0393109141411883,0.005867202626944898,0.0010968188921148046,0.0,0.0,0.0379320206319174,95
106.14,0.03930971538740928,0.005869160071895412,0.0010968401635970213,0.0,0.0,0.0379316685679817,94
106.16,0.039309274577551144,0.005871063613168348,0.0010968597649276244,0.0,0.0,0.03793148208983507,94
106.18,0.03930893759986133,0.005872913008467794,0.001096877698168222,0.0,0.0,0.03793146147512925,94
106.2,0.039308702636143875,0.005874728044670243,0.0010968939653646964,0.0,0.0,0.03793160659580645,94
106.22,0.039308567434112096,0.00587649250195726,0.0010969085691324397,0.0,0.0,0.03793191694926724,94
106.24000000000001,0.039308529336375804,0.005878202047600606,0.0010969215143669612,0.0,0.0,0.03793239169023922,94
106.26,0.03930858530876013,0.005879856434708755,0.0010969327995519944,0.0,0.0,0.037933029662120914,94
106.28,0.03930873196689428,0.005882671921813419,0.001096942426611783,0.0,0.0,0.03793382942674111,94
106.3,0.039308965600228264,0.005885632433670083,0.0010969503974246945,0.0,0.0,0.0379347892916921,94
106.32000000000001,0.039309282192892724,0.005888533084627326,0.0010969567138170095,0.0,0.0,0.037935907334650854,94
106.34,0.039309677441099984,0.0058913736231536685,0.0010969613775568703,0.0,0.0,0.03793718142438453,94
106.36,0.03931014676706368,0.005894153800982091,0.0010969643903485158,0.0,0.0,0.03793860923841358,94
106.38,0.03931165034784164,0.005896873373899694,0.001096965789816908,0.0,0.0,0.037940146949890834,94
106.4,0.03931412071444858,0.005899532090131398,0.001096965573085482,0.0,0.0,0.03794179712481242,94
106.42,0.03931670526460479,0.005902129705127306,0.0010969637102366296,0.0,0.0,0.037943593128359064,94
106.44,0.03931940015699972,0.00590466599161991,0.0010969602026694803,0.0,0.0,0.037945531995706744,94
106.46000000000001,0.039322201378744655,0.005907140729502998,0.0010969550516992449,0.0,0.0,0.03794761062443864,94
106.48,0.03932510475294937,0.005909554063009106,0.0010969482585558507,0.0,0.0,0.03794982578354064,94
106.5,0.03932810594769161,0.005911906365471706,0.0010969398243836674,0.0,0.0,0.03795217412377165,95
106.52,0.0393312004871043,0.005914196506833761,0.001096929750242395,0.0,0.0,0.03795465219012756,95
106.54,0.03933438376515486,0.005916424301993838,0.0010969180371091071,0.0,0.0,0.03795725643697055,95
106.56,0.039337651062500596,0.0059185895757741394,0.001096904685881448,0.0,0.0,0.03795998324620621,95
106.58,0.03934099756658997,0.005920692163174194,0.0010968896973819052,0.0,0.0,0.037962828948681464,95
106.60000000000001,0.039344418394949905,0.0059227319094985395,0.0010968730723630938,0.0,0.0,0.03796578984874806,95
106.62,0.03934790862136755,0.005924826439051853,0.0010968871736345446,0.0,0.0,0.03796886225170894,95
106.64,0.039351463304449365,0.005928557834394807,0.0010969226903269262,0.0,0.0,0.03797204249364154,95
106.66,0.03935507751783637,0.005932219295525586,0.0010969694660772633,0.0,0.0,0.03797532697289123,95
106.68,0.03935897010648762,0.005935825271724573,0.001097033033347918,0.0,0.0,0.03797871218234974,95
106.7,0.039363883636676714,0.005939378083715732,0.0010970948078181334,0.0,0.0,0.03798219474149402,94
106.72,0.03936887741190064,0.005942860284764751,0.0010971547899353796,0.0,0.0,0.037985771427060847,94
106.74000000000001,0.03937394798926132,0.005946271673846603,0.0010972129801273731,0.0,0.0,0.03798943920118088,94
106.76,0.039379092126684244,0.005949612055110711,0.0010972766133110275,0.0,0.0,0.03799319523579553,94
106.78,0.039384306802837075,0.005952881237077655,0.0010973630251645014,0.0,0.0,0.037997036932229986,94
106.8,0.03938958923113733,0.0059560790318294865,0.0010974476047556298,0.0,0.0,0.03800096193490072,94
106.82000000000001,0.03939493686696846,0.005959205254217445,0.0010975303526786456,0.0,0.0,0.03800536801715527,94
106.84,0.03940034740742281,0.0059622597211106505,0.0010976112695352536,0.0,0.0,0.03801004698638127,94
106.86,0.03940581878312632,0.005965242250708578,0.001097690355939551,0.0,0.0,0.03801480278808855,94
106.88,0.039411349141965396,0.005968152661938747,0.0010977676125224186,0.0,0.0,0.03801963403531032,94
106.9,0.03941693682482062,0.005970990773959337,0.0010978430399353793,0.0,0.0,0.03802453954186826,94
106.92,0.03942258033370443,0.0059737564057841955,0.0010979166388540022,0.0,0.0,0.038029518290629255,94
106.94,0.039428240427148264,0.005976449376045103,0.0010979886638891251,0.0,0.0,0.03803453134772651,94
106.96000000000001,0.03943389997970966,0.0059790854727165025,0.0010980592242140973,0.0,0.0,0.03803956200953034,94
106.98,0.03944014381909221,0.005981656883445043,0.001098127959063094,0.0,0.0,0.03804466357687174,94
107.0,0.039446563086533146,0.005984155026728775,0.0010981948798026878,0.0,0.0,0.0380497934587268,94
107.02,0.03945294837151685,0.005986579696299231,0.001098259997664421,0.0,0.0,0.038054910294314,93
107.04,0.03945938066529919,0.005988930663269641,0.0010983232883717436,0.0,0.0,0.03806009563342611,93
107.06,0.03946585827454005,0.005991207748095494,0.0010983847528316642,0.0,0.0,0.038065348327665775,93
107.08,0.03947237927011549,0.005993410773588005,0.0010984443919921738,0.0,0.0,0.038070667004062295,93
107.10000000000001,0.039478941442728,0.005995539565901861,0.0010985022068437326,0.0,0.0,0.03807605002131844,93
107.12,0.03948554226493586,0.005997593955635015,0.0010985581984207056,0.0,0.0,0.03808149543251219,93
107.14,0.039492334181343396,0.0059995737790195566,0.0010986123678027187,0.0,0.0,0.03808700095541015,93
107.16,0.03949950828411932,0.006001478879180197,0.0010986647161159609,0.0,0.0,0.0380925639512376,93
107.18,0.03950671058886902,0.006003309107435196,0.0010987152445343896,0.0,0.0,0.03809818141239623,93
107.2,0.03951393707836445,0.006005064324613704,0.0010987639542808555,0.0,0.0,0.038103849959240446,93
107.22,0.03952118335256218,0.006006744402363525,0.001098810846628104,0.0,0.0,0.03810956584564227,93
107.24000000000001,0.039528444641484674,0.006008349224424363,0.0010988603106221048,0.0,0.0,0.03811532497271704,93
107.26,0.03953571582529874,0.006009878687843456,0.00109893571436991,0.0,0.0,0.0381211229097728,93
107.28,0.039542991460406726,0.006011332704113226,0.0010990092637884715,0.0,0.0,0.03812695492129968,93
107.3,0.03955026581021075,0.006012711200213898,0.0010990809604507262,0.0,0.0,0.03813281599866035,93
107.32000000000001,0.03955753287913729,0.006014014119547796,0.0010991508059787056,0.0,0.0,0.038138700895070515,93
107.34,0.039564786448538454,0.006015241422756044,0.0010992188020437518,0.0,0.0,0.03814460416248673,93
107.36,0.039572020113192614,0.0060163930884123175,0.0010992849503665858,0.0,0.0,0.038150520189126645,94
107.38,0.039579227317309944,0.006017469113592049,0.001099349252717252,0.0,0.0,0.038156443236528725,94
107.4,0.03958640138917367,0.006018469514318713,0.0010994117109149235,0.0,0.0,0.03816236747528481,95
107.42,0.03959353557380294,0.006019394325891549,0.0010994723268276008,0.0,0.0,0.03816828701883354,95
107.44,0.03960062306327075,0.006020243603101129,0.0010995311023716968,0.0,0.0,0.038174195954951,95
107.46000000000001,0.03960765702453564,0.006021017420340501,0.0010995880395115118,0.0,0.0,0.03818008837479965,95
107.48,0.03961463062482337,0.006021715871620378,0.0010996431402586204,0.0,0.0,0.03818595839957515,95
107.5,0.03962153705471653,0.0060223390704971114,0.0010996964066711623,0.0,0.0,0.038191800204911606,95
107.52,0.03962836954916391,0.0060228871499219076,0.0010997478408530483,0.0,0.0,0.03819760804326095,95
107.54,0.03963512140662124,0.006023360262019383,0.0010997974449530779,0.0,0.0,0.03820337626446071,95
107.56,0.039641786006476276,0.006023758577802951,0.0010998843285913705,0.0,0.0,0.038209099334647584,95
107.58,0.03964835682482482,0.006024082286834135,0.0010999695444897332,0.0,0.0,0.03821477185358647,95
107.60000000000001,0.039654840595146124,0.006024331596832422,0.0011000528881041816,0.0,0.0,0.038220388570377475,95
107.62,0.039661221543032275,0.006024506733242203,0.001100144356152709,0.0,0.0,0.038225944397403594,95
107.64,0.03966749027720633,0.006024607938763264,0.0011002824678263672,0.0,0.0,0.03823143442229983,95
107.66,0.03967365765919719,0.00602463547285156,0.0011004185814209072,0.0,0.0,0.03823685391768657,95
107.68,0.039679700819171625,0.006024589611197202,0.0011005526991874728,0.0,0.0,0.03824219834840976,95
107.7,0.039685614037435854,0.006024470645186906,0.0011006848234083233,0.0,0.0,0.03824746337608806,95
107.72,0.0396913917428377,0.006024278881358324,0.0011008149563953983,0.0,0.0,0.0382526448608662,95
107.74000000000001,0.039697515559440635,0.006024014640853599,0.0011009431004889002,0.0,0.0,0.03825773886041134,95
107.76,0.03970371762458155,0.006023678258879248,0.0011010692580558654,0.0,0.0,0.03826274162635362,95
107.78,0.03970976727241931,0.006023270086789728,0.001101193431488752,0.0,0.0,0.03826764959854205,96
107.8,0.039715659469586606,0.006022790486800584,0.0011013156232040522,0.0,0.0,0.038272459397649804,96
107.82000000000001,0.03972138929297286,0.00602224357567403,0.001101435835640924,0.0,0.0,0.038277167816801155,96
107.84,0.03972695191834605,0.006021662981627987,0.0011015540712598529,0.0,0.0,0.038281771812988905,96
107.86,0.0397328587206649,0.006021116708865347,0.0011016703325413587,0.0,0.0,0.03828626849909934,96
107.88,0.039739263161637874,0.006021838131259729,0.001101784621984748,0.0,0.0,0.03829065513735218,96
107.9,0.03974552145605746,0.006022760934183137,0.001101896942106913,0.0,0.0,0.03829492913489401,96
107.92,0.039751630217320665,0.006023670172839171,0.0011020072954411838,0.0,0.0,0.03829908804216093,96
107.94,0.03975758616959217,0.006024503439029683,0.0011021156845362502,0.0,0.0,0.03830312955445663,97
107.96000000000001,0.0397633861513761,0.0060252744540013866,0.0011022221119551378,0.0,0.0,0.038307051516987684,97
107.98,0.03976902712249659,0.006026016671989479,0.0011023265802742412,0.0,0.0,0.0383108519333739,97
108.0,0.039774506174277746,0.006026684327898648,0.0011024290920824368,0.0,0.0,0.03831452897742669,97
108.02,0.03977982054250023,0.00602727794878481,0.0011025296499802483,0.0,0.0,0.038318081007776436,96
108.04,0.03978496762252701,0.006027798068812986,0.0011026602356494289,0.0,0.0,0.038321506584743856,96
108.06,0.03978995529016365,0.006028257967699819,0.001102803671917427,0.0,0.0,0.038324804488710035,96
108.08,0.039794776771165774,0.006028657509538983,0.0011029451307486367,0.0,0.0,0.03832797373914127,96
108.10000000000001,0.03979942440398333,0.006028985160607396,0.00110310967656574,0.0,0.0,0.03833101361338183,96
108.12,0.039803812615107785,0.006029241478727444,0.001103279914624291,0.0,0.0,0.03833383993546515,96
108.14,0.03980800209772869,0.006029428010757112,0.0011034481852698532,0.0,0.0,0.03833651477187513,96
108.16,0.0398120132116605,0.006029544347133172,0.0011036144403933075,0.0,0.0,0.03833905992945084,96
108.18,0.039815844904740015,0.0060295909811413995,0.0011037786816474782,0.0,0.0,0.038341897516706955,96
108.2,0.039819496385670484,0.006029568484915334,0.0011039409107056503,0.0,0.0,0.03834465713109851,96
108.22,0.039823951605648666,0.006029477432359969,0.001104101129261296,0.0,0.0,0.0383472888188975,96
108.24000000000001,0.03982861083706858,0.006029318398407952,0.0011042593390278297,0.0,0.0,0.03834979400391372,96
108.26,0.0398331412647218,0.006029091958263891,0.0011044155417384018,0.0,0.0,0.038352174422383555,96
108.28,0.039837536699034996,0.006028798686643224,0.00110456973914574,0.0,0.0,0.038354432111792985,96
108.3,0.039841799165476914,0.006028439157068115,0.0011047219330219966,0.0,0.0,0.03835656939561901,96
108.32000000000001,0.039845930948422245,0.00602801394096252,0.0011048721251586348,0.0,0.0,0.03835858886430356,96
108.34,0.039849934568597735,0.006027523607027482,0.0011050203173663333,0.0,0.0,0.03836049335286644,96
108.36,0.039853812757648724,0.006026968720513546,0.001105166511474905,0.0,0.0,0.038362285915643154,96
108.38,0.039857568430379,0.006026349842500606,0.001105337826057415,0.0,0.0,0.03836396979870072,96
108.4,0.039861186867661,0.006025667529220671,0.0011055217996913391,0.0,0.0,0.038365535251639285,96
108.42,0.03986463565122068,0.006024922322273632,0.0011056898729864789,0.0,0.0,0.03836695945931084,97
108.44,0.0398679714357393,0.006024114738849491,0.0011058559268595656,0.0,0.0,0.03836828553636982,97
108.46000000000001,0.03987119756697645,0.0060232453169146265,0.0011060199634020664,0.0,0.0,0.038369517196199805,97
108.48,0.039874317422508146,0.0060223145871821215,0.0011061819847227525,0.0,0.0,0.038370658193546146,97
108.5,0.03987727250932914,0.0060213230725940136,0.0011063538078862317,0.0,0.0,0.03837163869814943,98
108.52,0.03988011888923238,0.006020750225141817,0.0011065253435054393,0.0,0.0,0.038372525172920766,98
108.54,0.03988286912372761,0.006020464267775859,0.0011066948249971653,0.0,0.0,0.038373332340192,98
108.56,0.03988552646230728,0.006020113938539245,0.0011068622547804358,0.0,0.0,0.03837406386682353,98
108.58,0.03988809407358802,0.006019699642589854,0.00110705046464404,0.0,0.0,0.03837472334953762,98
108.60000000000001,0.03989057503298647,0.006019221777559686,0.0011072551245446263,0.0,0.0,0.03837531430286559,98
108.62,0.03989297231424733,0.006018680733571489,0.0011074576826799161,0.0,0.0,0.03837584015096049,98
108.64,0.039895288784706114,0.006018076893281085,0.0011076581413392284,0.0,0.0,0.03837630422315806,98
108.66,0.03989753738786451,0.006017410631940905,0.001107856502817163,0.0,0.0,0.038376709753000074,98
108.68,0.039899717281789024,0.006016682317480768,0.0011080527694125306,0.0,0.0,0.038377059880268675,98
108.7,0.039901824466597346,0.006015892310602639,0.0011082469434273703,0.0,0.0,0.03837735765543499,98
108.72,0.039903861399098864,0.006015040964886928,0.0011084390271660705,0.0,0.0,0.03837760604579689,98
108.74000000000001,0.039905830446616955,0.006014128626909067,0.0011086290229345812,0.0,0.0,0.03837780794249301,98
108.76,0.03990773701979549,0.0060131556363661135,0.0011088169330397176,0.0,0.0,0.03837796616752425,98
108.78,0.039910091246241335,0.006012122326214455,0.0011090027597885777,0.0,0.0,0.03837808347990799,98
108.8,0.03991251402803092,0.0060110290228207654,0.0011091888759357986,0.0,0.0,0.03837810120879191,98
108.82000000000001,0.039914875914615656,0.006009876043547813,0.0011093733889614298,0.0,0.0,0.03837807104048237,99
108.84,0.03991712793602159,0.00600866370152459,0.001109556188155338,0.0,0.0,0.03837794871403178,99
108.86,0.03991929986916505,0.006007392290924432,0.001109737061293357,0.0,0.0,0.03837777157418857,99
108.88,0.03992141796015561,0.0060060621080480735,0.0011099158596133963,0.0,0.0,0.03837756659190346,99
108.9,0.039923483935557974,0.006004673449262536,0.0011100925853936715,0.0,0.0,0.03837733613624986,99
108.92,0.03992549940390072,0.006003226605765661,0.0011102672409113432,0.0,0.0,0.038377082476057936,99
108.94,0.03992746583487229,0.00600172186395645,0.0011104398284425764,0.0,0.0,0.03837680775974496,99
108.96000000000001,0.03992938453534424,0.006000159505856196,0.001110610350262658,0.0,0.0,0.038376513992005076,99
108.98,0.039931256622860144,0.005998556332330227,0.0011107788086461901,0.0,0.0,0.03837620300799879,99
109.0,0.03993308299735427,0.005996906556483363,0.001110945205867335,0.0,0.0,0.038375876445807595,99
109.02,0.03993486431195657,0.005995199902891252,0.0011111095442001458,0.0,0.0,0.03837557925388549,99
109.04,0.03993660094378509,0.005993436641504681,0.0011112718259189537,0.0,0.0,0.03837566757374993,99
109.06,0.03993829296563154,0.005991617040812439,0.0011114320532988416,0.0,0.0,0.038375743209098166,99
109.08,0.03993994011941127,0.005989770911773053,0.001111590228616188,0.0,0.0,0.038375806730428584,99
109.10000000000001,0.039941541792172915,0.005987878191605808,0.0011117463541493095,0.0,0.0,0.03837585837817136,99
109.12,0.03994309699536439,0.005985929929057522,0.0011119004321791743,0.0,0.0,0.03837589804293716,99
109.14,0.03994460434792977,0.005983926398667877,0.001112052464990212,0.0,0.0,0.03837592524964381,99
109.16,0.039946062063680225,0.0059818678736901516,0.0011122024548712046,0.0,0.0,0.03837593914596614,99
109.18,0.03994746794325237,0.0059797546251649245,0.0011123504041162641,0.0,0.0,0.03837637894632953,99
109.2,0.039948819370837586,0.005977586933208685,0.0011124963150258831,0.0,0.0,0.03837684654521661,99
109.22,0.03995011331575355,0.0059753650862738395,0.0011126401899080546,0.0,0.0,0.038377906972042214,100
109.24000000000001,0.03995134633882243,0.005973089374682349,0.0011127820310794258,0.0,0.0,0.0383793588839969,100
109.26,0.03995251460342873,0.00597076009276392,0.0011129218408665177,0.0,0.0,0.038380785643135025,100
109.28,0.03995361389104,0.005968377544857836,0.001113059621606923,0.0,0.0,0.03838218415794787,100
109.3,0.039954639620891685,0.005965942043031574,0.0011131953756505267,0.0,0.0,0.03838355101168589,100
109.32000000000001,0.03995573441371795,0.0059634539076249245,0.0011133614254769033,0.0,0.0,0.03838483727121947,100
109.34,0.03995704512217145,0.005960913459051434,0.0011135263859727374,0.0,0.0,0.03838605789656341,100
109.36,0.03995826595931096,0.00595832103047018,0.0011136892867799875,0.0,0.0,0.03838723499376777,100
109.38,0.0399593911605237,0.005955676969504056,0.0011138501303053024,0.0,0.0,0.038388364126069656,100
109.4,0.039960414743201694,0.00595298163341424,0.001114008918968852,0.0,0.0,0.03838944068419461,100
109.42,0.03996133054021419,0.00595023538921852,0.0011141656552051075,0.0,0.0,0.038390459921766505,100
109.44,0.03996213223309731,0.0059474394062625025,0.0011143203414635103,0.0,0.0,0.03839141699052221,100
109.46000000000001,0.03996281338413234,0.005944593481668477,0.0011144729802089759,0.0,0.0,0.03839230697450588,100
109.48,0.039963367466531445,0.005941697806826078,0.0011146286634704733,0.0,0.0,0.03839312492246533,100
109.5,0.03996409780699207,0.005938752787138962,0.0011148141453547384,0.0,0.0,0.03839386587775838,100
109.52,0.03996570683482376,0.0059357588370140225,0.001114997548871726,0.0,0.0,0.03839452490520696,100
109.54,0.03996725979678208,0.0059327163794694595,0.0011151788769548055,0.0,0.0,0.038395097114496755,100
109.56,0.03996869741840157,0.005929634285181581,0.0011153581330225284,0.0,0.0,0.0383955776799055,100
109.58,0.03997001431082394,0.005926521731914723,0.0011155353179424109,0.0,0.0,0.03839596185633481,100
109.60000000000001,0.03997120516068774,0.005923361959242375,0.0011157104341406696,0.0,0.0,0.038396244991811906,100
109.62,0.03997226473881078,0.00592015541958143,0.0011158834840535408,0.0,0.0,0.038396839510662376,100
109.64,0.03997318903224031,0.005916902571196688,0.001116054470126799,0.0,0.0,0.03839735194480495,100
109.66,0.039973987765409724,0.005913603877549394,0.0011162233948152325,0.0,0.0,0.038397749461166704,100
109.68,0.0399746402301461,0.005910259806632581,0.0011163902605820732,0.0,0.0,0.038398027849457846,100
109.7,0.039975141576046765,0.005906870830300562,0.0011165550698983976,0.0,0.0,0.03839818301812372,100
109.72,0.03997548705173638,0.005903437423599088,0.0011167178252425272,0.0,0.0,0.038398210996423994,100
109.74000000000001,0.03997567200661059,0.005899960064101805,0.0011168785290994216,0.0,0.0,0.03839810793696862,100
109.76,0.03997569189350375,0.005896439231257696,0.0011170371839600843,0.0,0.0,0.03839787011921021,100
109.78,0.039975542272666205,0.0058928754057533846,0.001117193792321003,0.0,0.0,0.038397493954280375,100
109.8,0.039975218817305015,0.005889269068893223,0.001117348356683602,0.0,0.0,0.038396975991425365,100
109.82000000000001,0.0399747173208071,0.005885620702167551,0.00111750087955375,0.0,0.0,0.038396312926162024,100
109.84,0.03997403370563203,0.005881930786615389,0.0011176513634413069,0.0,0.0,0.038395501610143386,100
109.86,0.03997316403374128,0.005878199801438385,0.0011177998108597195,0.0,0.0,0.038394539062602616,100
109.88,0.039972104518327785,0.00587442822463223,0.001117946224325665,0.0,0.0,0.03839342248314167,99
109.9,0.03997086288907134,0.005870616532033065,0.0011180906063587561,0.0,0.0,0.03839214926554882,100
109.92,0.03996942667871551,0.005866765196830099,0.0011182329594812885,0.0,0.0,0.03839071701227341,100
109.94,0.03996779036509336,0.005862874689100445,0.0011183732862180495,0.0,0.0,0.038389123549152374,100
109.96000000000001,0.03996650240050265,0.005858945475365595,0.001118511589096167,0.0,0.0,0.038387366939974264,100
109.98,0.03996551930899299,0.005854978018168807,0.0011186478706450111,0.0,0.0,0.03838590895830989,100
110.0,0.03996435669805343,0.00585097277567272,0.0011187821333961338,0.0,0.0,0.03838435952285084,100
110.02,0.039962957503929114,0.00584693020127654,0.0011189143964520638,0.0,0.0,0.03838258694828332,100
110.04,0.03996130707030725,0.005842850711096836,0.0011190446649758164,0.0,0.0,0.0383805770768902,100
110.06,0.03995947365315915,0.005838734708052611,0.0011191729193732575,0.0,0.0,0.03837839790148268,100
110.08,0.03995741645116922,0.005834582629394621,0.0011192988753171299,0.0,0.0,0.03837600932695179,100
110.10000000000001,0.03995514275675881,0.0058303948981785585,0.0011194225902734815,0.0,0.0,0.038373418972953884,100
110.12,0.03995268513424101,0.005826171932583823,0.0011195442997761363,0.0,0.0,0.03837065953623466,100
110.14,0.03995004384606892,0.005822482446104281,0.0011196640063714503,0.0,0.0,0.038367731682052986,100
110.16,0.03994721945361551,0.00581983126223554,0.0011197817126085417,0.0,0.0,0.03836463638206166,100
110.18,0.039944212812632926,0.005817299593396423,0.0011198974210394213,0.0,0.0,0.0383613749098976,100
110.2,0.03994102506652436,0.005814724482941255,0.0011200111342191173,0.0,0.0,0.03835794883458867,100
110.22,0.039938046172327615,0.005812106392827104,0.001120122854705808,0.0,0.0,0.03835436001180945,100
110.24000000000001,0.039934983711203124,0.005809445777094798,0.001120232585060938,0.0,0.0,0.038350610573020485,100
110.26,0.03993174454129384,0.0058067430816028534,0.0011203403278493352,0.0,0.0,0.038346702912522235,100
110.28,0.039928330847064784,0.005803998743795287,0.0011204460856393144,0.0,0.0,0.03834263967245279,100
110.3,0.03992474503528875,0.0058012131938094,0.0011205498610027673,0.0,0.0,0.038338423725751046,100
110.32000000000001,0.039920989715828706,0.00579838685984566,0.0011206516565152435,0.0,0.0,0.03833405815710794,100
110.34,0.039917067680421935,0.005795634043935445,0.001120751474756007,0.0,0.0,0.03832954624192662,100
110.36,0.03991337582095751,0.00579386750763891,0.0011208493183080862,0.0,0.0,0.03832500759088577,100
110.38,0.03990961348243099,0.005792058145978767,0.0011209451897582978,0.0,0.0,0.038320662801729403,100
110.4,0.03990608362274859,0.00579020630434051,0.0011210390916972556,0.0,0.0,0.038316320892541306,100
110.42,0.03990256799472787,0.005788312318384443,0.0011211310267193592,0.0,0.0,0.038312302662072015,100
110.44,0.0398989000137871,0.005786376514108459,0.0011212209974227566,0.0,0.0,0.03830815503074963,100
110.46000000000001,0.0398950830127819,0.005784399207962114,0.0011213090064092952,0.0,0.0,0.03830388187359191,100
110.48,0.03989112030774062,0.005782380707014135,0.0011213950562844472,0.0,0.0,0.03829948705908329,100
110.5,0.039887015164354715,0.005780321309175023,0.0011214791496572155,0.0,0.0,0.0382949744159172,100
110.52,0.03988277076418216,0.00577822130347585,0.001121561289140023,0.0,0.0,0.038290347699463566,100
110.54,0.0398783901710996,0.005776080970403474,0.001121641477348584,0.0,0.0,0.03828561055849806,100
110.56,0.039873876298622116,0.005773900582291567,0.0011217197169017575,0.0,0.0,0.03828076650281251,100
110.58,0.039869292989942996,0.005771680403765597,0.0011217960104213962,0.0,0.0,0.038275818872398434,100
110.60000000000001,0.03986515448607222,0.005769420692238647,0.0011218703613567543,0.0,0.0,0.03827077080895237,100
110.62,0.03986088935558531,0.005767121698453588,0.0011219427717183972,0.0,0.0,0.038265625230479106,101
110.64,0.03985649962646255,0.00576478366706563,0.0011220132439308617,0.0,0.0,0.0382603848097657,101
110.66,0.03985198705148484,0.0057624068372578,0.0011220817806262445,0.0,0.0,0.03825505195745548,101
110.68,0.03984735309616508,0.005759991443380602,0.0011221483844387754,0.0,0.0,0.03824962881036453,101
110.7,0.0398425989324155,0.005757537715605804,0.0011222130580046427,0.0,0.0,0.038244117225552,101
110.72,0.03983772543828978,0.0057550458805834676,0.001122275803961858,0.0,0.0,0.03823851878048324,101
110.74000000000001,0.039832733203930534,0.005752516162090582,0.0011223366249501203,0.0,0.0,0.03823283477941665,101
110.76,0.03982762254362078,0.005749948784572056,0.0011223955236107056,0.0,0.0,0.038227066265913476,101
110.78,0.03982239351359344,0.005747343969408394,0.0011224525025863837,0.0,0.0,0.03822121404112453,101
110.8,0.03981750333500761,0.005744701931033905,0.0011225075645213552,0.0,0.0,0.03821527868726985,101
110.82000000000001,0.039812523607212026,0.005742825953167366,0.0011225607120612276,0.0,0.0,0.038209260595505355,101
110.84,0.03980742371403314,0.005741465699292096,0.001122611947853013,0.0,0.0,0.03820315999718446,101
110.86,0.03980220294827294,0.005740065932653565,0.0011226612745451527,0.0,0.0,0.038196976997384766,101
110.88,0.039796860492712735,0.005738626851930226,0.0011227086947875888,0.0,0.0,0.03819071160948307,101
110.9,0.03979139545389858,0.005737148656758797,0.001122754211231848,0.0,0.0,0.038184363789537434,101
110.92,0.03978580689450149,0.005735631547888954,0.0011227978265311615,0.0,0.0,0.03817793346926506,101
110.94,0.03978010553621971,0.005734075727269405,0.0011228395433406167,0.0,0.0,0.03817142058649012,101
110.96000000000001,0.03977428499578796,0.005732481398070378,0.0011228816005506863,0.0,0.0,0.03816482511206271,101
110.98,0.0397683382796109,0.005731196177044381,0.0011229536729020885,0.0,0.0,0.03815814707241399,102
111.0,0.03976226453407458,0.005730886549370406,0.0011230238130191627,0.0,0.0,0.038151386567095574,102
111.02,0.039756062967790676,0.005730536003310161,0.0011230920234890657,0.0,0.0,0.038144543780849645,102
111.04,0.039749736503222104,0.005730144726837965,0.001123158306898567,0.0,0.0,0.038137618989953326,102
111.06,0.039743294558077326,0.005729712908784965,0.001123222665834523,0.0,0.0,0.03813061256277563,101
111.08,0.03973672292003152,0.005729240738661558,0.00112328510288436,0.0,0.0,0.03812352495466514,101
111.10000000000001,0.039730021045315624,0.00572905095359609,0.0011233456206365972,0.0,0.0,0.03811635669745738,101
111.12,0.03972318842419186,0.005728886026820378,0.0011234042216813809,0.0,0.0,0.038109108384039095,101
111.14,0.03971619299815871,0.005728678584062148,0.001123460737222428,0.0,0.0,0.03810174929355737,101
111.16,0.039709022367244766,0.005728428834334554,0.001123515105485839,0.0,0.0,0.038094268264209905,101
111.18,0.039701719520717736,0.005728136982710677,0.0011235675654623573,0.0,0.0,0.038086709190180895,101
111.2,0.03969477537190075,0.005727803247857481,0.0011236181197527419,0.0,0.0,0.038079072677725874,101
111.22,0.03968781217379197,0.005727427848251292,0.0011236667709623185,0.0,0.0,0.03807135926666944,100
111.24000000000001,0.039680718537367626,0.005727011002254782,0.0011237135217016087,0.0,0.0,0.03806356940087914,100
111.26,0.039673488808623134,0.005726552928245284,0.0011237583745869642,0.0,0.0,0.038055703399668156,100
111.28,0.039666121802314346,0.005726053844792844,0.001123801332241204,0.0,0.0,0.03804776143113005,100
111.3,0.039658616121688035,0.0057255139708848116,0.0011238423972942644,0.0,0.0,0.0380401629034262,100
111.32000000000001,0.03965097013722935,0.0057249335261919665,0.0011238815723838389,0.0,0.0,0.03803255752569931,100
111.34,0.03964318196994445,0.005724312731369678,0.0011239188601560087,0.0,0.0,0.0380248749365897,100
111.36,0.03963524947982761,0.00572365180838623,0.001123954263265873,0.0,0.0,0.03801711450362287,100
111.38,0.03962717025999469,0.00572295098086931,0.0011239877843781554,0.0,0.0,0.03800927536944496,100
111.4,0.03961894163676429,0.0057222104744608735,0.00112401942616778,0.0,0.0,0.038001356453425936,100
111.42,0.03961056067575678,0.00572143052135793,0.0011240491913204343,0.0,0.0,0.037993356459348177,100
111.44,0.03960202419385677,0.005721073645940855,0.001124077082533078,0.0,0.0,0.037985273889029954,100
111.46000000000001,0.03959332877667161,0.005721583673436326,0.0011241031025144227,0.0,0.0,0.03797724796008919,100
111.48,0.03958447080091582,0.0057220517213979905,0.0011241272539853548,0.0,0.0,0.03796945037378981,100
111.5,0.039575450720479494,0.005722478013876775,0.0011241495396793117,0.0,0.0,0.037961564146720854,100
111.52,0.039566275586645466,0.005722862776190938,0.001124169962342601,0.0,0.0,0.037953587211220816,100
111.54,0.039557145089823616,0.0057232062403851786,0.0011241885247346586,0.0,0.0,0.037945517435721436,100
111.56,0.03954810887505672,0.00572350864262327,0.0011242052296282542,0.0,0.0,0.03793735266053002,99
111.58,0.039538889368716405,0.005723770223212247,0.001124220079809631,0.0,0.0,0.037929090734087574,99
111.60000000000001,0.039529482334214223,0.005723991226566543,0.0011242330780785873,0.0,0.0,0.03792072954877747,99
111.62,0.039519883547845996,0.005724214192791644,0.0011242442272485162,0.0,0.0,0.03791226707544547,99
111.64,0.03951008882871612,0.005724398010070701,0.0011242535301463725,0.0,0.0,0.037903701395916145,99
111.66,0.039500094065959196,0.005724568013504788,0.0011242609896126088,0.0,0.0,0.03789503073292515,98
111.68,0.039489895242823154,0.005724699656040403,0.0011242666099379889,0.0,0.0,0.03788625347703687,98
111.7,0.039479488457324,0.005724791966346654,0.0011242703952788564,0.0,0.0,0.0378773682102631,98
111.72,0.0394688699393202,0.005724845209485975,0.001124272351174419,0.0,0.0,0.03786837372623636,98
111.74000000000001,0.03945803606398136,0.005724859652924614,0.0011242724773052886,0.0,0.0,0.03785926904691846,98
111.76,0.039446983361731774,0.005726134092504052,0.0011242707744655927,0.0,0.0,0.03785005343593073,98
111.78,0.039435708524836334,0.005727675601303535,0.001124267245574246,0.0,0.0,0.03784072640867974,98
111.8,0.03942502249973968,0.005729174874903826,0.0011242659092576676,0.0,0.0,0.03783128773951866,98
111.82000000000001,0.039414925178064934,0.005730632160363452,0.001124306487654065,0.0,0.0,0.03782173746623086,98
111.84,0.039404710673982206,0.0057320477052589846,0.001124345205346337,0.0,0.0,0.0378120758921506,98
111.86,0.039394311841544044,0.005733421757229539,0.001124382062312171,0.0,0.0,0.03780230358624777,98
111.88,0.03938372776172623,0.00573475456352339,0.0011244173661465514,0.0,0.0,0.037792421381503856,98
111.9,0.0393729577242411,0.005736046370549494,0.0011244509597908598,0.0,0.0,0.037782430371893466,98
111.92,0.03936200122139975,0.005737297423436273,0.0011244826985086541,0.0,0.0,0.03777233190827039,98
111.94,0.03935085794105911,0.00573850796559943,0.0011245125844030132,0.0,0.0,0.037762127593429146,98
111.96000000000001,0.03933952775889675,0.00573967823832011,0.0011245406196024846,0.0,0.0,0.037751819276589695,98
111.98,0.03932801073022488,0.0057408084803343435,0.0011245668078566334,0.0,0.0,0.0377414090475213,97
112.0,0.03931630708152723,0.005741898927434287,0.001124591151736903,0.0,0.0,0.037730899230494226,97
112.02,0.03930441720187402,0.005742949812081518,0.0011246136514681813,0.0,0.0,0.03772029237821969,97
112.04,0.03929234163434211,0.005743961363032306,0.001124634309278559,0.0,0.0,0.037709591265910586,97
112.06,0.03928008106754415,0.00574493380497462,0.0011246531274204186,0.0,0.0,0.0376987988855725,97
112.08,0.03926763632734616,0.005745867358176424,0.0011246701081702737,0.0,0.0,0.03768791844061005,97
112.10000000000001,0.03925500836883312,0.005746762238144664,0.001124685253828607,0.0,0.0,0.037676953340814605,97
112.12,0.03924219826856354,0.005747618655294266,0.0011246985667197355,0.0,0.0,0.03766590719778038,97
112.14,0.03922920721713771,0.005748436814626384,0.0011247100491916988,0.0,0.0,0.037654783820780066,97
112.16,0.03921603651208871,0.005749216915415098,0.0011247197036161549,0.0,0.0,0.037643587213116274,97
112.18,0.039202761883561456,0.005749959150901682,0.0011247275323883104,0.0,0.0,0.037632321568952666,97
112.2,0.03919035558816707,0.005751001702499911,0.001124733537926852,0.0,0.0,0.037620991270618076,97
112.22,0.03917780682624985,0.005753051653065839,0.0011247377241407398,0.0,0.0,0.03760960088636442,97
112.24000000000001,0.039165118276204086,0.005755060662129275,0.0011247400940496372,0.0,0.0,0.037598155168551965,97
112.26,0.03915229273228448,0.005757028883626522,0.001124740648128548,0.0,0.0,0.03758665905222574,97
112.28,0.03913933310080024,0.005758956464163004,0.0011247393888899485,0.0,0.0,0.037575117654038544,97
112.3,0.03912681175939634,0.005760843542729345,0.0011247363188697423,0.0,0.0,0.03756353627146694,96
112.32000000000001,0.039114272088008176,0.005762690250420191,0.0011247314406273004,0.0,0.0,0.037551920382260504,96
112.34,0.03910163561507554,0.005764496710155473,0.001124724756745499,0.0,0.0,0.037540275644053385,96
112.36,0.03908996475991678,0.005766263036403814,0.0011247162698308035,0.0,0.0,0.03752860789406106,96
112.38,0.03907820758422596,0.005767989334908077,0.0011247059825133265,0.0,0.0,0.03751692314877522,96
112.4,0.039066368606342154,0.005770803343970137,0.0011246938974469294,0.0,0.0,0.037505227603559815,96
112.42,0.03905445247033592,0.005773833510785879,0.0011246800173093272,0.0,0.0,0.03749352763204372,96
112.44,0.039042747792885586,0.005776820404633688,0.001124664344802195,0.0,0.0,0.03748182978519437,96
112.46000000000001,0.03903122925117035,0.005779764068553533,0.0011246468826513075,0.0,0.0,0.037470140789947724,95
112.48,0.03901964745483741,0.00578266453555928,0.001124627633606669,0.0,0.0,0.037458467547262134,95
112.5,0.039008007514597515,0.005785521828371249,0.0011246066004426685,0.0,0.0,0.037446817129453185,95
112.52,0.03899631464476724,0.005788335959155271,0.001124583785958237,0.0,0.0,0.03743519677666299,95
112.54,0.03898457415603252,0.005791106929269879,0.0011245591929770183,0.0,0.0,0.037423613892310935,95
112.56,0.038972791446908864,0.0057938347290235484,0.0011245328243475441,0.0,0.0,0.037412076037371685,95
112.58,0.03896097199374107,0.0057965193374441394,0.001124504682943422,0.0,0.0,0.037400590923330486,94
112.60000000000001,0.03894912133909238,0.005799160722063044,0.0011244747737442862,0.0,0.0,0.037389166403672125,94
112.62,0.03893723050355292,0.005801758838716711,0.0011244431982253412,0.0,0.0,0.037377795817669465,94
112.64,0.03892562970501804,0.0058043136222158155,0.0011244103907057904,0.0,0.0,0.037366423469767526,93
112.66,0.03891411944667778,0.005806824955462195,0.001124375826358143,0.0,0.0,0.03735513097267154,93
112.68,0.038902526327877815,0.005809292756874416,0.0011243395700889119,0.0,0.0,0.03734385816812533,94
112.7,0.03889092969996363,0.005811716911916582,0.001124301558448508,0.0,0.0,0.037332687147821966,94
112.72,0.03887933515534663,0.0058140973163573915,0.0011242617944857785,0.0,0.0,0.03732162634358946,94
112.74000000000001,0.03886775718827419,0.005816433852974339,0.0011242202812761155,0.0,0.0,0.037310684221802184,94
112.76,0.03885620219814324,0.005818726392546748,0.0011241770219215857,0.0,0.0,0.03729986926159392,94
112.78,0.03884466569910688,0.005820974793576083,0.001124132019551011,0.0,0.0,0.03728918993207588,94
112.8,0.038833152851072444,0.005823178902385266,0.0011240852773200139,0.0,0.0,0.03727865466897796,94
112.82000000000001,0.038822489679016914,0.005825338553263776,0.0011240367984109972,0.0,0.0,0.03726827185122347,94
112.84,0.03881217254752524,0.00582745356865902,0.00112398658603307,0.0,0.0,0.03725804977803068,94
112.86,0.03880192648214251,0.005829523759413526,0.0011239346434218618,0.0,0.0,0.03724799664719832,94
112.88,0.03879175679914949,0.005831548925046336,0.001123880973839257,0.0,0.0,0.037238120535276635,94
112.9,0.038782383397546,0.005833528854075882,0.0011238255805729965,0.0,0.0,0.0372284293803347,94
112.92,0.038773764232045045,0.005835463324380441,0.0011237684669361263,0.0,0.0,0.03721893096800518,94
112.94,0.03876528057810236,0.005837355386095578,0.0011237096362662915,0.0,0.0,0.037209632921414874,94
112.96000000000001,0.038757388120833444,0.005839230849301159,0.0011236490919248237,0.0,0.0,0.03720054269548838,94
112.98,0.0387505354025582,0.005841060118142646,0.0011235868372956107,0.0,0.0,0.03719167972675453,94
113.0,0.03874387610499946,0.005842864449123811,0.001123522875783716,0.0,0.0,0.03718349095920194,94
113.02,0.03873741668657597,0.005844624451883179,0.001123457210813721,0.0,0.0,0.03717553079480655,94
113.04,0.038731163448610176,0.005846337428294673,0.001123389845827753,0.0,0.0,0.03716780605305627,94
113.06,0.03872512255117526,0.005848005504041698,0.0011233207842831809,0.0,0.0,0.03716032342579079,94
113.08,0.03871930003169401,0.005849647689573969,0.0011232500296499627,0.0,0.0,0.03715308949646275,94
113.10000000000001,0.03871370182520787,0.005851241943572382,0.0011231775854075895,0.0,0.0,0.03714611076111668,94
113.12,0.038708333785081456,0.005852787961228725,0.0011231034550416483,0.0,0.0,0.037139393649852616,94
113.14,0.03870319609588144,0.005854285431803383,0.0011230276552893434,0.0,0.0,0.03713293894315503,94
113.16,0.03869819965926021,0.005855734035482343,0.0011229504134993632,0.0,0.0,0.037126658198289524,94
113.18,0.038693450793001356,0.005857133387818167,0.0011228714939316878,0.0,0.0,0.03712065831938802,94
113.2,0.038688955193049615,0.005858483162690281,0.0011227909004022504,0.0,0.0,0.037114945650739084,94
113.22,0.03868471853811826,0.0058597830294835175,0.0011227086387056232,0.0,0.0,0.03710952653975336,94
113.24000000000001,0.03868074648690274,0.005861032653455393,0.0011226409297220928,0.0,0.0,0.03710440733527673,94
113.26,0.038677044668368014,0.005862284973773723,0.0011225907463496216,0.0,0.0,0.03709959437903659,94
113.28,0.038673618664919696,0.00586365715190976,0.0011225388523340527,0.0,0.0,0.03709509399003001,93
113.3,0.03867047398856751,0.005864977592063001,0.0011224852509768809,0.0,0.0,0.03709091244196028,93
113.32000000000001,0.03866761605048007,0.0058666578459951844,0.0011224299455303666,0.0,0.0,0.03708705593411773,93
113.34,0.0386650501245997,0.005869275575592613,0.0011223729391913115,0.0,0.0,0.0370835305563691,93
113.36,0.03866278130622174,0.005871836611707504,0.0011223142350950319,0.0,0.0,0.037080342249154644,93
113.38,0.03866081446663894,0.005874340591274771,0.0011222538363096287,0.0,0.0,0.037077496759587186,93
113.4,0.038659154205095296,0.005876787151168018,0.00112219174583072,0.0,0.0,0.03707499959489019,93
113.42,0.03865780479938534,0.005879175928910276,0.0011221279665767619,0.0,0.0,0.03707285597450291,93
113.44,0.03865677015646707,0.005881506563403233,0.0011220625013850715,0.0,0.0,0.03707107078221264,93
113.46000000000001,0.0386560537644312,0.005883778695661865,0.0011219953530087075,0.0,0.0,0.03706964851964856,93
113.48,0.03865565864708371,0.005886010647577282,0.001121926524114299,0.0,0.0,0.03706859326238624,93
113.5,0.0386555873222615,0.0058881890116998575,0.0011218560172809168,0.0,0.0,0.03706790861977642,93
113.52,0.03865584176481012,0.005890307788045513,0.0011217838350000484,0.0,0.0,0.037067597699421154,93
113.54,0.03865642337492298,0.005892366633033862,0.0011217099796767163,0.0,0.0,0.03706766307699436,92
113.56,0.03865733295227577,0.005894365208416855,0.0011216344536317338,0.0,0.0,0.03706810677183911,92
113.58,0.03865857067610291,0.005897640927790014,0.0011215572591050725,0.0,0.0,0.03706893022849076,92
113.60000000000001,0.03866075655246253,0.005901297528561606,0.0011214783982602557,0.0,0.0,0.03707013430397787,92
113.62,0.038663765192352643,0.00590488572375587,0.001121397873189707,0.0,0.0,0.037071719260458935,92
113.64,0.038667131226296406,0.005908405076821827,0.001121315685920905,0.0,0.0,0.03707368476247499,92
113.66,0.038670853278149106,0.005911855156199124,0.0011212318384232148,0.0,0.0,0.03707602987784721,92
113.68,0.038674912639780686,0.005915235535392523,0.0011211463377049512,0.0,0.0,0.03707873651311604,92
113.7,0.03867921502624752,0.005918545783313287,0.001121059213003858,0.0,0.0,0.03708171172141398,92
113.72,0.03868386588339666,0.005921785420845131,0.001120970430712364,0.0,0.0,0.03708506041318395,92
113.74000000000001,0.0386889572556202,0.005924954037074281,0.001120879992642328,0.0,0.0,0.037088779307200066,91
113.76,0.03869449555995133,0.005928051226242341,0.001120787900586218,0.0,0.0,0.03709286453987966,91
113.78,0.03870037125010622,0.005931635211369388,0.001120694156324713,0.0,0.0,0.037097311660813925,91
113.8,0.03870657877936379,0.0059354410738662435,0.0011205987616340288,0.0,0.0,0.03710211562333602,91
113.82000000000001,0.038713111979891524,0.005939169784381876,0.0011205017182928617,0.0,0.0,0.03710727076961357,91
113.84,0.038719964042370006,0.005942820871534261,0.0011204030280889397,0.0,0.0,0.03711277081016272,91
113.86,0.0387271274903262,0.00594639387050392,0.0011203026928251376,0.0,0.0,0.03711860879814345,91
113.88,0.03873459415000842,0.005949888323963355,0.0011202007143251693,0.0,0.0,0.03712477709927393,91
113.9,0.03874235511711217,0.00595330378318895,0.0011201051966764131,0.0,0.0,0.037131267358675175,91
113.92,0.03875040072210053,0.00595663980935828,0.0011200314787373291,0.0,0.0,0.03713807046639062,91
113.94,0.038758720496229755,0.005959895975029231,0.0011199560835758009,0.0,0.0,0.03714517652369059,91
113.96000000000001,0.03876730314066097,0.005963071865790733,0.00111987901326999,0.0,0.0,0.03715257481253993,91
113.98,0.03877613650118623,0.005966167082068097,0.001119800269935967,0.0,0.0,0.03716025377075451,91
114.0,0.03878520755110942,0.005969181241059418,0.0011197285113113205,0.0,0.0,0.037168200975382905,91
114.02,0.03879450238468604,0.005972113978773427,0.0011196782080756754,0.0,0.0,0.03717640313671336,91
114.04,0.03880400622324675,0.005974964952133904,0.0011196261982395997,0.0,0.0,0.03718484610502644,91
114.06,0.038813703435713026,0.0059777338411114555,0.0011195741940217515,0.0,0.0,0.037193514891797674,91
114.08,0.0388235775746861,0.005980420350840454,0.0011195645815691357,0.0,0.0,0.03720239370652726,91
114.10000000000001,0.038833611428676314,0.005983024213677293,0.001119553203878389,0.0,0.0,0.03721146600975982,91
114.12,0.038843787090375496,0.005985545191156025,0.0011195400637918835,0.0,0.0,0.037220714582194225,91
114.14,0.03885408604020277,0.005987983075798949,0.0011195251651356084,0.0,0.0,0.037230121609110274,91
114.16,0.03886498132042137,0.005990337692742666,0.001119508511434893,0.0,0.0,0.03723966877869358,91
114.18,0.03887606190345698,0.005992608901144536,0.0011194901041001795,0.0,0.0,0.0372493373922618,91
114.2,0.03888725985963737,0.0059948076912028575,0.0011194699461293115,0.0,0.0,0.037259108483916475,91
114.22,0.03889850337954275,0.005996936375136054,0.0011194480405600081,0.0,0.0,0.03726896294678849,91
114.24000000000001,0.03890977255102205,0.0059989814131826595,0.0011194243904697303,0.0,0.0,0.037278881662827765,91
114.26,0.03892104755812456,0.006000942809393918,0.0011193989989752785,0.0,0.0,0.037288845633020144,91
114.28,0.03893230880754925,0.006002820604786091,0.0011193718692321137,0.0,0.0,0.03729883610497853,91
114.3,0.03894353704958124,0.006004614877052912,0.0011193430044334196,0.0,0.0,0.03730883469505776,92
114.32000000000001,0.03895471349096504,0.006006325739999684,0.0011193124078089183,0.0,0.0,0.037318823502443574,92
114.34,0.03896581989755079,0.006007953342717503,0.0011192800826234652,0.0,0.0,0.03732878521305305,92
114.36,0.038976838684986755,0.006009497868520912,0.0011192460321754435,0.0,0.0,0.03733870319152147,92
114.38,0.038987752996195384,0.00601095953367606,0.0011192102597949863,0.0,0.0,0.03734856156001451,92
114.4,0.038998546764829944,0.006012338585949073,0.0011191727688420587,0.0,0.0,0.03735834526306525,92
114.42,0.039009204764345363,0.0060136353030060185,0.0011191541693153075,0.0,0.0,0.037368040118071856,92
114.44,0.03901971264271214,0.006014849990696441,0.001119152419989913,0.0,0.0,0.03737763285148769,92
114.46000000000001,0.03903005694314096,0.006015982981252246,0.0011191489113419983,0.0,0.0,0.037387124665103785,92
114.48,0.039040225111467666,0.006017034631432703,0.0011191677780910772,0.0,0.0,0.03739707652485168,92
114.5,0.03905020549106497,0.00601800532064479,0.0011191928533951544,0.0,0.0,0.03740689123259442,92
114.52,0.039059987306309274,0.0060188954490659925,0.001119216139288337,0.0,0.0,0.03741655924647163,92
114.54,0.03906956063573745,0.006019705435794386,0.0011192376393173316,0.0,0.0,0.03742607192155066,92
114.56,0.03907904168309073,0.0060204357170481415,0.0011192573570337626,0.0,0.0,0.0374354214757184,92
114.58,0.03908844602765477,0.006021108688333815,0.0011192752959927436,0.0,0.0,0.03744460094776858,92
114.60000000000001,0.03909761897360949,0.006021720537456761,0.0011192914597514994,0.0,0.0,0.03745360414892309,92
114.62,0.03910655360235608,0.006022254064524696,0.0011193058518680595,0.0,0.0,0.037462425609014735,91
114.64,0.039115243603382116,0.006022709757690151,0.001119318475900023,0.0,0.0,0.0374710605185404,91
114.66,0.03912368321109455,0.006023088114551339,0.0011193293354033861,0.0,0.0,0.03748003978866284,91
114.68,0.03913186713976608,0.006023389640961933,0.0011193384339314538,0.0,0.0,0.037488855322063884,91
114.7,0.03913979051772897,0.006023875565165008,0.0011193457750338109,0.0,0.0,0.03749747255377733,91
114.72,0.039147448821927104,0.006024492498605278,0.0011193513622553817,0.0,0.0,0.037505888695698764,91
114.74000000000001,0.03915516911688029,0.006025030732299418,0.0011193551991355501,0.0,0.0,0.037514101309365507,91
114.76,0.03916337742590162,0.006025490828884371,0.0011193572892073615,0.0,0.0,0.037522108247296744,91
114.78,0.03917134037729284,0.006025873355164176,0.0011193576359967798,0.0,0.0,0.03752990759797156,92
114.8,0.039179055232894604,0.006026178881643708,0.0011193562430220285,0.0,0.0,0.03753749763539341,91
114.82000000000001,0.039186519358282386,0.006026407982166962,0.001119353113792991,0.0,0.0,0.03754487677410137,91
114.84,0.03919374277291834,0.006026561233648337,0.0011193482518106698,0.0,0.0,0.03755204353037196,91
114.86,0.039200715436659844,0.006026639215883861,0.001119341660566723,0.0,0.0,0.037558996490208454,91
114.88,0.03920742991175909,0.006026761070669963,0.0011193333435430383,0.0,0.0,0.03756573428454069,91
114.9,0.03921388364576922,0.0060281099895123195,0.0011193233042113948,0.0,0.0,0.037572255571859614,92
114.92,0.03922007405869043,0.006029380247189821,0.0011193115460331532,0.0,0.0,0.03757855902829455,92
114.94,0.03922599853837328,0.006030572461977149,0.0011192980724590088,0.0,0.0,0.037584643344920184,93
114.96000000000001,0.039231654442633726,0.006031687253936765,0.001119282886928806,0.0,0.0,0.037590507231861074,93
114.98,0.03923697255521965,0.006032725244902517,0.0011192664058747577,0.0,0.0,0.03759608258861114,93
115.0,0.039241998752963914,0.006033687043543152,0.0011192483317431173,0.0,0.0,0.037601416959210085,93
115.02,0.03924721668029438,0.006034573271059241,0.0011192285557400587,0.0,0.0,0.03760652737562558,93
115.04,0.03925291654085898,0.0060353845542525765,0.0011192070812583532,0.0,0.0,0.03761141277567835,93
115.06,0.03925837404684446,0.006036121521317038,0.0011191839116795768,0.0,0.0,0.03761607221147413,93
115.08,0.03926358803965188,0.006036784801626619,0.0011191590503741545,0.0,0.0,0.03762050487650915,93
115.10000000000001,0.039268557519416096,0.006037375025468573,0.0011191325007014084,0.0,0.0,0.03762471013308163,93
115.12,0.03927328167159203,0.006037892823721399,0.0011191353915335034,0.0,0.0,0.037629145503671226,93
115.14,0.03927775183863093,0.006038338827479156,0.0011191446799532385,0.0,0.0,0.0376333646579455,93
115.16,0.03928191163450633,0.006038713663483254,0.0011191355682063193,0.0,0.0,0.0376373078057899,93
115.18,0.03928582498692721,0.006039017928963452,0.001119124768166383,0.0,0.0,0.03764102254798521,93
115.2,0.039289492053049165,0.0060392522529682776,0.0011191122827419906,0.0,0.0,0.03764450945821694,93
115.22,0.03929289914141941,0.0060394172628017,0.001119100823728569,0.0,0.0,0.037647752584755494,93
115.24000000000001,0.03929600318766083,0.006039516180245428,0.0011190987773705614,0.0,0.0,0.03765070098113598,93
115.26,0.03929886326518708,0.0060395694506772514,0.001119095007569653,0.0,0.0,0.03765342521845154,93
115.28,0.03930149920588153,0.006039555241549713,0.0011190895174687141,0.0,0.0,0.037655927126391174,93
115.3,0.03930389595897406,0.006039474167274584,0.0011190932173748042,0.0,0.0,0.037658208864372794,94
115.32000000000001,0.0393060539341486,0.006039326837475041,0.001119116817551833,0.0,0.0,0.037660272922463434,95
115.34,0.03930797544773022,0.0060391138563584065,0.0011191386659779776,0.0,0.0,0.037662122120020056,95
115.36,0.039309663128219666,0.006038835822094733,0.0011191587666681507,0.0,0.0,0.0376637596022913,95
115.38,0.03931111991073646,0.006038493326205375,0.0011191771214047077,0.0,0.0,0.037665188835210896,95
115.4,0.0393123490298488,0.00603808695296524,0.0011191937332790114,0.0,0.0,0.03766641359859186,96
115.42,0.03931335401096724,0.0060376172788218834,0.0011192086053738238,0.0,0.0,0.037667437977898746,96
115.44,0.03931413866044502,0.006037084871834288,0.0011192217407635294,0.0,0.0,0.03766826635474256,97
115.46000000000001,0.039314707054486114,0.006036490291133832,0.0011192331425143472,0.0,0.0,0.03766890339619961,97
115.48,0.03931506352692322,0.006035834086409697,0.0011192428136845146,0.0,0.0,0.0376693540430179,97
115.5,0.039315177658323874,0.006035116797420825,0.001119252167261365,0.0,0.0,0.03766958713523933,97
115.52,0.03931505223381449,0.006034338951998454,0.0011192612869934115,0.0,0.0,0.03766960601617761,97
115.54,0.0393147293680523,0.006033501067029478,0.0011192686822139798,0.0,0.0,0.03766945489894379,97
115.56,0.03931421428037842,0.006032603649776107,0.0011192743559286134,0.0,0.0,0.03766913967873508,97
115.58,0.03931351236900767,0.006031647198646109,0.001119278311135852,0.0,0.0,0.03766866644810836,97
115.60000000000001,0.03931262919111267,0.006030632198038553,0.0011192805510634805,0.0,0.0,0.037668041477622184,97
115.62,0.039311570441177106,0.0060295591162608025,0.0011192810790282967,0.0,0.0,0.03766727119477387,97
115.64,0.03931034192743536,0.006028428412500186,0.0011192798974418345,0.0,0.0,0.03766636216105094,97
115.66,0.03930899703170063,0.006027240533330191,0.0011192770092750771,0.0,0.0,0.03766532104691316,97
115.68,0.0393077067577156,0.006025995912567933,0.001119272417492134,0.0,0.0,0.037664154604529196,97
115.7,0.039306277161607714,0.006024694971186021,0.0011192661250502267,0.0,0.0,0.037662869638106666,97
115.72,0.03930470374369315,0.006023338117283034,0.0011192581348996571,0.0,0.0,0.03766147297168959,97
115.74000000000001,0.03930299246670699,0.006021925746117084,0.0011192484499837566,0.0,0.0,0.037659971414336205,97
115.76,0.03930115030300752,0.006020458240206948,0.0011192370732388463,0.0,0.0,0.037658371722653725,97
115.78,0.0392992025347462,0.006018935969505309,0.0011192240075941853,0.0,0.0,0.0376566805607367,96
115.8,0.039297134319915446,0.006017359291648442,0.0011192092559719172,0.0,0.0,0.03765490445764759,96
115.82000000000001,0.039294958224517874,0.006015728552286376,0.001119192821287039,0.0,0.0,0.037653049762678026,95
115.84,0.0392926849250416,0.006014044085496978,0.0011191747064473777,0.0,0.0,0.037651122598745264,95
115.86,0.03929030671712195,0.006012311011605682,0.0011191549143535766,0.0,0.0,0.03764955305549034,95
115.88,0.03928782808963815,0.006010565063960845,0.0011191334478991267,0.0,0.0,0.03764800967456081,95
115.9,0.03928525312815195,0.00600876631098262,0.001119110309970429,0.0,0.0,0.03764640969558035,94
115.92,0.03928258546565136,0.006006915642409409,0.001119085503446903,0.0,0.0,0.03764475785211918,94
115.94,0.03927982823496368,0.006005013071774652,0.001119059031201139,0.0,0.0,0.03764305841140151,94
115.96000000000001,0.03927698402386111,0.006003058551650376,0.0011190308960991285,0.0,0.0,0.03764131513074535,94
115.98,0.039274032375139205,0.00600105235390229,0.0011190424146133914,0.0,0.0,0.03763950874364138,94
116.0,0.03927147655496351,0.005998995398720453,0.00111905951562989,0.0,0.0,0.037637614223507615,94
116.02,0.039268965847411526,0.005996887480528561,0.0011190749043397004,0.0,0.0,0.03763568377562841,94
116.04,0.039266371641408365,0.005994729286279639,0.0011190885828037205,0.0,0.0,0.03763371877476695,94
116.06,0.03926369329546833,0.005992520651746081,0.0011191005530918432,0.0,0.0,0.037631719946494155,94
116.08,0.03926092946874243,0.005990261628318388,0.0011191108172835384,0.0,0.0,0.03762968736172635,94
116.10000000000001,0.039258078122776235,0.0059879524744468225,0.0011191193774685371,0.0,0.0,0.03762762044036456,94
116.12,0.03925513653259256,0.005985593450561017,0.001119126235747572,0.0,0.0,0.03762551796435089,94
116.14,0.03925212177461472,0.0059831848202365305,0.0011191313942331973,0.0,0.0,0.03762378851400881,94
116.16,0.03924951824615012,0.005980726851309455,0.0011191348550506405,0.0,0.0,0.03762205362603719,94
116.18,0.039247312455842995,0.005978219816922811,0.001119136620338709,0.0,0.0,0.03762027541180777,94
116.2,0.03924502691798515,0.00597566399648962,0.00111913669225069,0.0,0.0,0.03761855740815905,94
116.22,0.03924265676340169,0.005973059676559095,0.0011191350729552636,0.0,0.0,0.03761722399259673,94
116.24000000000001,0.0392401967149342,0.005970407151574335,0.0011191317646373831,0.0,0.0,0.037615834925793484,94
116.26,0.039237906588013356,0.005967706724512172,0.0011191267694991155,0.0,0.0,0.03761438853338585,94
116.28,0.03923628416571919,0.0059649587073982826,0.001119120089760419,0.0,0.0,0.0376133204025053,94
116.3,0.03923472486018066,0.005962163421693325,0.0011191117276598435,0.0,0.0,0.03761218169180898,94
116.32000000000001,0.03923305014163859,0.005959321198548513,0.0011191016854551466,0.0,0.0,0.037610967331156826,94
116.34,0.03923151859226495,0.0059564323789317135,0.001119089965423796,0.0,0.0,0.03760967222998935,94
116.36,0.0392306676519424,0.005953497313627597,0.0011190765698633758,0.0,0.0,0.03760829134686088,94
116.38,0.03922971406565776,0.005950516363117704,0.0011190615010918756,0.0,0.0,0.03760681975537339,94
116.4,0.03922865277324752,0.005947489897348208,0.001119044761447873,0.0,0.0,0.037605252705475545,94
116.42,0.03922749089118478,0.005944418295394867,0.001119026353290606,0.0,0.0,0.03760358567930056,94
116.44,0.03922622043443088,0.0059413019450357965,0.0011190062789999363,0.0,0.0,0.037601814440942405,94
116.46000000000001,0.03922482879419001,0.00593814124224366,0.0011189845409762375,0.0,0.0,0.03759993507979633,94
116.48,0.039223312089057036,0.005934936590609245,0.0011189611416401804,0.0,0.0,0.03759794404730803,94
116.5,0.03922166682359721,0.005931688400708514,0.0011189661550569652,0.0,0.0,0.03759583818717638,94
116.52,0.03921989742041234,0.005928397089424969,0.0011189743080190708,0.0,0.0,0.037593614759226526,94
116.54,0.03921800658357364,0.005925941644891822,0.0011190159178906035,0.0,0.0,0.03759127145731222,94
116.56,0.039215979376206765,0.005923700820016931,0.0011190557934612766,0.0,0.0,0.03758880642171762,93
116.58,0.039213814027176844,0.00592141498656822,0.001119093937046933,0.0,0.0,0.03758621824660147,93
116.60000000000001,0.03921150921524368,0.0059190845427278885,0.0011191303509770695,0.0,0.0,0.03758350598307354,93
116.62,0.03920906406822155,0.00591670988859878,0.001119165037594735,0.0,0.0,0.03758066913851125,92
116.64,0.039206478158976904,0.005914291425425796,0.0011191979992564117,0.0,0.0,0.037577707672715475,92
116.66,0.0392037514988416,0.005911832368554323,0.001119229238331895,0.0,0.0,0.03757462199148345,92
116.68,0.03920088452897717,0.0059093534166367945,0.0011192587572041572,0.0,0.0,0.037571412938134326,92
116.7,0.03919781380508996,0.005906831831155637,0.0011192860991250664,0.0,0.0,0.03756825497504791,92
116.72,0.03919459539919657,0.005904267997502171,0.0011193116583055926,0.0,0.0,0.03756517858692325,92
116.74000000000001,0.039191240555538506,0.0059016623221260466,0.0011193355055958542,0.0,0.0,0.037561983387640316,92
116.76,0.03918775132314909,0.005899015186358556,0.0011193576434293695,0.0,0.0,0.03755867186101377,92
116.78,0.03918413012210141,0.005896326978266899,0.00111937807425216,0.0,0.0,0.037555246870429354,91
116.8,0.03918037973084678,0.005893598085681139,0.001119396800522637,0.0,0.0,0.03755171164635843,91
116.82000000000001,0.03917650327373205,0.005890828886477874,0.0011194138247114845,0.0,0.0,0.03754806977405475,91
116.84,0.0391725042087996,0.005888019753567874,0.0011194291493015621,0.0,0.0,0.037544325181537844,91
116.86,0.039168386315930226,0.00588517105516802,0.001119442776787811,0.0,0.0,0.03754048212792344,91
116.88,0.03916415368534933,0.0058822831529922745,0.001119454709677162,0.0,0.0,0.03753654519212177,91
116.9,0.03915981070647892,0.005879356401777571,0.0011194649504884591,0.0,0.0,0.03753251926188651,91
116.92,0.03915536205708492,0.005876391148832672,0.0011194735017523833,0.0,0.0,0.03752840952316471,91
116.94,0.03915081269263769,0.005873387733609326,0.0011194803660113846,0.0,0.0,0.03752422144966511,91
116.96000000000001,0.03914616783577363,0.005870346487295185,0.001119485545819616,0.0,0.0,0.03751996079253415,91
116.98,0.03914143296572028,0.005867267732428158,0.001119489043742882,0.0,0.0,0.03751563357000182,91
117.0,0.03913661815705982,0.005864151782532062,0.0011194908623585755,0.0,0.0,0.0375112460568317,91
117.02,0.03913217761691743,0.005860998941773762,0.0011194910042556234,0.0,0.0,0.03750680477338624,91
117.04,0.039127787145947994,0.005857809504642247,0.001119489472034441,0.0,0.0,0.037502316474094126,91
117.06,0.039123330215396365,0.00585458375565044,0.0011194862683068761,0.0,0.0,0.03749778813508259,91
117.08,0.03911881341614077,0.005851321969060969,0.0011194813956961571,0.0,0.0,0.03749322694071729,91
117.10000000000001,0.03911424352053093,0.005848024408637471,0.0011194748568368377,0.0,0.0,0.0374886402687718,91
117.12,0.039109627465612216,0.005846207591831235,0.0011194666543747418,0.0,0.0,0.03748403567393,91
117.14,0.03910497233436365,0.0058443845469644306,0.0011194567909669033,0.0,0.0,0.03747942086931278,91
117.16,0.039100285334627054,0.005842517810710063,0.0011194452692814961,0.0,0.0,0.037474803705707,91
117.18,0.039095573775402605,0.0058406080113692005,0.0011194320919977701,0.0,0.0,0.03747019214817278,91
117.2,0.039090845040187734,0.005838654865184061,0.0011194172618059627,0.0,0.0,0.03746559424970624,91
117.22,0.03908610655704903,0.005836659802167828,0.0011194007814072273,0.0,0.0,0.037461018121648815,91
117.24000000000001,0.03908136576514039,0.005834661682088999,0.001119382653513524,0.0,0.0,0.037456471900556475,91
117.26,0.03907663007741972,0.005832620897812114,0.0011193628808475289,0.0,0.0,0.03745196371128229,91
117.28,0.03907190683936862,0.005830537677621388,0.0011193414661425135,0.0,0.0,0.037447501626077725,91
117.3,0.03906724008986369,0.005828412238090298,0.0011193184121422233,0.0,0.0,0.03744309361959257,91
117.32000000000001,0.039063100269826775,0.005826244784303515,0.0011192937216007426,0.0,0.0,0.03743874751974646,91
117.34,0.03905924808234063,0.00582403551016137,0.0011192673972823487,0.0,0.0,0.03743447095455834,92
117.36,0.03905576296236026,0.005821784598772033,0.0011192394419613525,0.0,0.0,0.03743027129515853,92
117.38,0.03905233569770917,0.005819492222936054,0.00111920985842193,0.0,0.0,0.03742615559536422,92
117.4,0.039049059950290926,0.00581715854572715,0.0011191786494579384,0.0,0.0,0.037422130528374474,92
117.42,0.039046365164616674,0.005814783721172021,0.00111914581787272,0.0,0.0,0.03741820232132997,92
117.44,0.03904391209520066,0.005812367895030585,0.0011191113664788962,0.0,0.0,0.037414760604267384,92
117.46000000000001,0.03904201136869215,0.005809911205676324,0.0011190752980981434,0.0,0.0,0.03741149498241803,92
117.48,0.03904019352181305,0.0058074137850743866,0.0011190376155609646,0.0,0.0,0.03740834098802866,92
117.5,0.03903846173119484,0.005804875759852749,0.0011189983217064397,0.0,0.0,0.037405302403864554,93
117.52,0.03903681839512075,0.005802297252459349,0.0011189574193819624,0.0,0.0,0.03740238224658187,93
117.54,0.03903526508056504,0.005799678382397325,0.0011189149114429731,0.0,0.0,0.037399582714133225,93
117.56,0.03903380247772313,0.0057970192682880875,0.0011188708007526648,0.0,0.0,0.037396905140683105,93
117.58,0.039032430363566926,0.0057943200269059214,0.0011188250901816843,0.0,0.0,0.037394349960568264,93
117.60000000000001,0.03903114757579591,0.005791580776871383,0.0011187777826078122,0.0,0.0,0.03739191668267428,93
117.62,0.039029951998319094,0.005788801642309205,0.0011187288809156291,0.0,0.0,0.03738960387636402,93
117.64,0.03902884055909607,0.005785982750732607,0.00111867838799617,0.0,0.0,0.03738740916978703,93
117.66,0.039027809240806045,0.005783154401023076,0.001118626306746549,0.0,0.0,0.03738532926103885,93
117.68,0.03902672996603606,0.005780297579142649,0.0011185667943304908,0.0,0.0,0.03738324266542006,93
117.7,0.039025616845767795,0.005777401266132694,0.0011185031627072319,0.0,0.0,0.03738116099792876,93
117.72,0.03902456668550917,0.0057744655722793345,0.0011184379565699015,0.0,0.0,0.0373791792253688,93
117.74000000000001,0.03902357204402802,0.00577149066095697,0.001118371178836628,0.0,0.0,0.037377290688159356,93
117.76,0.039022624769227035,0.005768476706276457,0.0011183028324295223,0.0,0.0,0.0373754880338794,93
117.78,0.03902171607391177,0.005765423893837865,0.001118232920274214,0.0,0.0,0.037373763293666824,93
117.8,0.03902083661750578,0.0057623324213375285,0.0011181614452993875,0.0,0.0,0.03737210796458905,93
117.82000000000001,0.0390199765918745,0.0057592024990250875,0.0011180884104363138,0.0,0.0,0.0373705130961468,93
117.84,0.03901912580943369,0.005757138457527947,0.0011180138186183842,0.0,0.0,0.03736896937908779,93
117.86,0.039018273791803205,0.005755272793154905,0.0011179376727806377,0.0,0.0,0.037367467234790654,93
117.88,0.03901777439037019,0.005753396786373062,0.001117859975859312,0.0,0.0,0.03736599690361882,93
117.9,0.039017264426836645,0.005751490805332332,0.0011177807674578855,0.0,0.0,0.03736443657572432,93
117.92,0.03901670773465004,0.005749544571086097,0.0011177000152245002,0.0,0.0,0.03736287596651948,93
117.94,0.03901610621827132,0.005747558343055254,0.0011176177176940333,0.0,0.0,0.03736131785484871,93
117.96000000000001,0.039015449192987446,0.005745532400082773,0.0011175338778022185,0.0,0.0,0.037359752574362096,93
117.98,0.03901472615066419,0.005743467032524288,0.001117448498484045,0.0,0.0,0.037358170661662214,93
118.0,0.03901382251728652,0.005742211819585291,0.001117356056778472,0.0,0.0,0.03735646414021337,93
118.02,0.03901278605065553,0.005741413706484308,0.001117259612621554,0.0,0.0,0.03735467882391301,93
118.04,0.03901165392787444,0.005740574028074089,0.001117161647122282,0.0,0.0,0.03735285054703001,93
118.06,0.039010416867678664,0.005739693088652052,0.001117062163190767,0.0,0.0,0.03735097118809854,93
118.08,0.03900906599261497,0.0057387712066129465,0.0011169611637351807,0.0,0.0,0.03734903306080807,93
118.10000000000001,0.039007592855030686,0.005737808707826521,0.001116858651661607,0.0,0.0,0.037347028941096344,93
118.12,0.039005989457156054,0.0057368066909772465,0.0011167879933444448,0.0,0.0,0.03734495208837642,93
118.14,0.03900425626100335,0.00573576482985575,0.001116716498691222,0.0,0.0,0.03734323552270845,93
118.16,0.039002431899921176,0.005734683365693166,0.0011166366267193256,0.0,0.0,0.037341365725104984,93
118.18,0.039000437729423035,0.005733562579478144,0.0011165541299670001,0.0,0.0,0.03733938617212431,93
118.2,0.038998288240205584,0.005732402812741176,0.0011164701006231674,0.0,0.0,0.037337311646808424,93
118.22,0.038995977832513996,0.005731204420878958,0.0011163845414540957,0.0,0.0,0.03733513796800943,93
118.24000000000001,0.038993501377496936,0.005729967761746954,0.0011162974552228766,0.0,0.0,0.03733286146621328,93
118.26,0.038990854208249645,0.005728693195040225,0.0011162088446895952,0.0,0.0,0.03733047897606135,93
118.28,0.03898803210854533,0.005727381081704624,0.0011161187126114813,0.0,0.0,0.03732798782662291,93
118.3,0.03898503129966967,0.0057260317833787355,0.0011160270617430897,0.0,0.0,0.0373253858298367,93
118.32000000000001,0.03898184842574476,0.005724645661866498,0.001115933894836461,0.0,0.0,0.037322671267511945,93
118.34,0.03897848053789608,0.0057232230786400575,0.0011158392146412993,0.0,0.0,0.03731984287724523,93
118.36,0.03897492507758186,0.005721764394372139,0.0011157430239051413,0.0,0.0,0.03731689983757739,93
118.38,0.038971179859369875,0.00572026996849694,0.0011156453253735328,0.0,0.0,0.03731384175267881,93
118.4,0.03896724305341121,0.005718740158798415,0.0011155461217901956,0.0,0.0,0.037310668636817125,93
118.42,0.038963120797002135,0.005717175321024694,0.0011154454158971983,0.0,0.0,0.03730738089882909,93
118.44,0.03895881669595581,0.005715817367862809,0.0011153432104351276,0.0,0.0,0.03730397932678466,93
118.46000000000001,0.03895431758937072,0.005715536564335193,0.0011152395081432522,0.0,0.0,0.03730046507300266,93
118.48,0.038949622895767914,0.005715218597435988,0.0011151343117596906,0.0,0.0,0.03729683963954944,93
118.5,0.038944732303581954,0.005714863794290026,0.0011150276240215714,0.0,0.0,0.037293275265131785,93
118.52,0.03893964575531659,0.005714472478067394,0.0011149194476651966,0.0,0.0,0.03728989197100157,92
118.54,0.03893430507439118,0.005714044967863977,0.0011148099280206296,0.0,0.0,0.03728634504997234,92
118.56,0.038928712575797574,0.005713581542468256,0.0011146990984443408,0.0,0.0,0.03728263913887714,91
118.58,0.0389235232437256,0.005714111005595539,0.0011145873777928669,0.0,0.0,0.03727874791418437,91
118.60000000000001,0.03891866646204585,0.005715162275215612,0.0011144741768297417,0.0,0.0,0.037274760831726414,91
118.62,0.03891401582881454,0.005716176968492356,0.0011143594982896254,0.0,0.0,0.03727068149327713,90
118.64,0.038909206917803356,0.005717440785034132,0.0011142433449072907,0.0,0.0,0.03726651376025195,90
118.66,0.038904242196872295,0.005718885807402256,0.0011141257194177661,0.0,0.0,0.03726226174607017,90
118.68,0.03889914143904416,0.005720288363763057,0.0011140066245564969,0.0,0.0,0.03725792980929909,90
118.7,0.038893895125556764,0.005721648741898549,0.0011138860630594857,0.0,0.0,0.03725352254755167,90
118.72,0.03888850171098995,0.005722967224562514,0.0011137640376634485,0.0,0.0,0.03724904479210119,90
118.74000000000001,0.03888296440945492,0.0057242440892482024,0.0011136405511059603,0.0,0.0,0.03724450160317186,90
118.76,0.03887728660490397,0.005725479607964806,0.0011135156061256055,0.0,0.0,0.03723989826585903,90
118.78,0.03887147184552416,0.005726674047021645,0.0011133892054621215,0.0,0.0,0.037235240286628814,90
118.8,0.03886552383855749,0.005727827666819093,0.0011132613518565534,0.0,0.0,0.03723053339034056,90
118.82000000000001,0.03885944644548323,0.005728940721645302,0.0011131320480513927,0.0,0.0,0.03722578351773275,90
118.84,0.038853243677491905,0.005730013459477894,0.0011130012967907295,0.0,0.0,0.03722099682330664,90
118.86,0.038846919691175215,0.005731046121789765,0.0011128691008203944,0.0,0.0,0.03721617967353737,90
118.88,0.03884047878435142,0.00573203894335827,0.0011127354628881084,0.0,0.0,0.03721133864533758,90
118.9,0.038833942378131196,0.005732992152077111,0.001112600385743625,0.0,0.0,0.037206480524691436,90
118.92,0.0388273028620566,0.005733905968770254,0.0011124638721388793,0.0,0.0,0.03720171951248946,92
118.94,0.0388205602699561,0.005734780607007363,0.001112325924828134,0.0,0.0,0.037197453564636544,92
118.96000000000001,0.03881366038136452,0.005735616272920178,0.0011121834467543192,0.0,0.0,0.03719313537889943,91
118.98,0.038806572984226635,0.005736413200171826,0.0011120345959173862,0.0,0.0,0.03718873926363455,91
119.0,0.038799422435490886,0.005737171635525938,0.0011118843296267235,0.0,0.0,0.03718436255895258,91
119.02,0.038793064668585814,0.005738145086127836,0.0011117326506282972,0.0,0.0,0.037180013274765895,91
119.04,0.03878690003318895,0.005740231082866794,0.001111579561671156,0.0,0.0,0.03717569961713421,91
119.06,0.03878069436140052,0.005742285970741793,0.0011114250655075823,0.0,0.0,0.03717142998458724,91
119.08,0.03877445401780294,0.005744299526779349,0.001111269164893255,0.0,0.0,0.03716721296361088,91
119.10000000000001,0.038768185477197036,0.005746271874946893,0.001111111862587397,0.0,0.0,0.03716305732316358,92
119.12,0.03876184885849823,0.005748203130820016,0.001110953206022543,0.0,0.0,0.037158925550244366,92
119.14,0.03875546381935401,0.0057500933888513265,0.00111079318557168,0.0,0.0,0.037154839751069896,91
119.16,0.03874907065901141,0.005751942740431467,0.0011106317718222436,0.0,0.0,0.03715084275554611,91
119.18,0.038743616043436874,0.0057537513685038425,0.0011104689675469812,0.0,0.0,0.03714694398371665,91
119.2,0.03873826758281916,0.005756881779118458,0.0011103047755230383,0.0,0.0,0.03714315299175688,91
119.22,0.038732961749559966,0.005760841960738732,0.0011101391985321556,0.0,0.0,0.037139479458213505,91
119.24000000000001,0.03872770635726747,0.005764753862437053,0.001109972239360864,0.0,0.0,0.03713593316860933,91
119.26,0.038722509244671195,0.005768617434526485,0.0011098039008006926,0.0,0.0,0.03713252399841847,91
119.28,0.03871782764659645,0.005772432616437339,0.0011096341856483931,0.0,0.0,0.03712926189445877,91
119.3,0.03871331122984181,0.005776199336069743,0.0011094630967061682,0.0,0.0,0.03712615685479832,91
119.32000000000001,0.03870887578156783,0.005779917509768133,0.0011092906367819247,0.0,0.0,0.03712321890732146,91
119.34,0.03870452901264433,0.005783587042325121,0.0011091168086895323,0.0,0.0,0.03712045808715844,91
119.36,0.038700278537910165,0.005787223550285631,0.001108941615249097,0.0,0.0,0.03711788441323269,91
119.38,0.0386961318486963,0.005790828936778128,0.001108765059287266,0.0,0.0,0.037115507864234024,91
119.4,0.03869209628495877,0.0057943853166592145,0.0011085871436375297,0.0,0.0,0.03711333835436936,91
119.42,0.03868817900740025,0.005797892549096577,0.0011084078711405536,0.0,0.0,0.03711138570927768,91
119.44,0.03868438696998304,0.005801350482212717,0.0011082272446445232,0.0,0.0,0.03710965964251965,91
119.46000000000001,0.03868059910849617,0.005804758953287092,0.0011080385004031926,0.0,0.0,0.037108048714914625,91
119.48,0.0386769288053777,0.005808117722658016,0.001107847299128278,0.0,0.0,0.03710666362807095,91
119.5,0.03867385101592211,0.005811426595932603,0.001107654761339599,0.0,0.0,0.03710553364449559,91
119.52,0.03867170661130733,0.0058146956917747425,0.0011074608962342014,0.0,0.0,0.037104667819548263,91
119.54,0.038669756002338324,0.005817942782650561,0.001107265705198853,0.0,0.0,0.037104075001281316,91
119.56,0.03866800559971189,0.00582113918714907,0.001107069188336024,0.0,0.0,0.0371037638180288,90
119.58,0.038667062317495164,0.00582428468412063,0.001106871350434536,0.0,0.0,0.0371037426686162,90
119.60000000000001,0.03866697889612295,0.005827379043782992,0.0011066721922708212,0.0,0.0,0.03710401971520475,90
119.62,0.03866744136055523,0.005830422028118913,0.0011064717149324198,0.0,0.0,0.037104602878710355,90
119.64,0.0386689755043821,0.005833413391284206,0.001106269921346084,0.0,0.0,0.03710549983667553,90
119.66,0.03867089835957757,0.005836352880022644,0.0011060668144501078,0.0,0.0,0.0371067180234324,90
119.68,0.03867358725202798,0.005839240234084067,0.0011058623971945567,0.0,0.0,0.03710826463237532,90
119.7,0.03867658927802916,0.0058420751866420885,0.0011056566725414303,0.0,0.0,0.03711014662016498,90
119.72,0.03867991073661461,0.005844857464707663,0.0011054496434647584,0.0,0.0,0.03711237071270722,90
119.74000000000001,0.038683557694090535,0.00584758678953472,0.0011052413155222885,0.0,0.0,0.03711494341278422,90
119.76,0.03868753599286473,0.00585026287821863,0.0011050316892423776,0.0,0.0,0.03711787100925488,90
119.78,0.038691851261768155,0.005852885440747288,0.001104820767535872,0.0,0.0,0.03712115958777154,90
119.8,0.03869650892783294,0.005855454183112033,0.0011046085534236675,0.0,0.0,0.03712481504297857,90
119.82000000000001,0.038701514229480885,0.005857968807296123,0.0011043950499373565,0.0,0.0,0.03712884309214847,90
119.84,0.038706872231040794,0.005860429011292802,0.0011041802601184777,0.0,0.0,0.03713324929017593,90
119.86,0.038712587838441156,0.005862834489376768,0.0011039641870175458,0.0,0.0,0.037138039045778386,90
119.88,0.03871866581583036,0.0058651849323389784,0.001103746833692859,0.0,0.0,0.03714321763865723,90
119.9,0.038725110802755834,0.005867480027681682,0.001103528203209029,0.0,0.0,0.03714879023725366,90
119.92,0.03873196480924207,0.00586971945977161,0.0011033082986352486,0.0,0.0,0.03715476191660432,90
119.94,0.03873929052968494,0.005871902909950435,0.001103087123043247,0.0,0.0,0.037161137675675575,90
119.96000000000001,0.03874699765343089,0.005874030056603288,0.001102867773213345,0.0,0.0,0.03716792245344358,90
119.98,0.038755090493769004,0.005876100575187712,0.001102689391437653,0.0,0.0,0.037175195652649165,90
120.0,0.0387635733123662,0.005878114138227557,0.0011025096873435796,0.0,0.0,0.03718328063229517,90
120.02,0.03877245032572208,0.005880070415278125,0.0011023286639544867,0.0,0.0,0.037191788618302864,90
120.04,0.03878172570696663,0.005881969072870831,0.001102146324268959,0.0,0.0,0.03720072441645386,90
120.06,0.0387914035822737,0.0058838097744474335,0.001101962671257296,0.0,0.0,0.03721009280497716,90
120.08,0.038801488021291346,0.005885592180295201,0.0011017777078576427,0.0,0.0,0.03721989852598297,90
120.10000000000001,0.03881198302114653,0.005887315949093098,0.0011015914376031517,0.0,0.0,0.0372301462705293,90
120.12,0.038822892483762535,0.005888980738128556,0.0011014038645829958,0.0,0.0,0.03724084065706096,90
120.14,0.03883422018641764,0.005890586193030538,0.0011012149897556677,0.0,0.0,0.037251986203149796,90
120.16,0.03884596974566685,0.005892131961284129,0.0011010248158854756,0.0,0.0,0.03726407114245925,90
120.18,0.038858144574938414,0.005893617687355356,0.0011008333456807142,0.0,0.0,0.037276935874341235,90
120.2,0.03887071239653974,0.005895043012895,0.0011006389193748693,0.0,0.0,0.03729022845463653,90
120.22,0.03888358789505693,0.005896413605931791,0.0011004374065477027,0.0,0.0,0.037303868523314875,90
120.24000000000001,0.03889689746790294,0.005897741251477132,0.0011002346195273054,0.0,0.0,0.03731797758190238,90
120.26,0.03891064318546201,0.005899007471943465,0.0011000305606877856,0.0,0.0,0.037332558604986577,90
120.28,0.038924826630518376,0.005900470161765852,0.0010998252323224376,0.0,0.0,0.03734761411373223,90
120.3,0.038939448833183336,0.00590301360520589,0.0010996186366397883,0.0,0.0,0.03736314611241034,90
120.32000000000001,0.03895451020561489,0.005905497163041746,0.0010994108640652346,0.0,0.0,0.037379196679836676,90
120.34,0.038970010477691316,0.005907913927079292,0.0010992369719785167,0.0,0.0,0.037396258786542014,90
120.36,0.038985948634789505,0.005910296923789115,0.0010990617689850542,0.0,0.0,0.03741379897130543,90
120.38,0.03900255067796336,0.005912619152581729,0.0010988852569244973,0.0,0.0,0.037431816549474584,90
120.4,0.03902036234055223,0.005914873451559458,0.0010987074375453049,0.0,0.0,0.037450310022107636,90
120.42,0.03903865202466133,0.005917059454324316,0.0010985283125064813,0.0,0.0,0.03746927702805504,89
120.44,0.03905739685090539,0.005919176800058768,0.0010983478833804993,0.0,0.0,0.03748871430206481,89
120.46000000000001,0.03907659220151042,0.005922637939109675,0.0010981661516573807,0.0,0.0,0.03750861763961021,89
120.48,0.039096250346754575,0.00592635752080943,0.0010980240822686,0.0,0.0,0.03752898186900211,89
120.5,0.03911635180418272,0.005929999750275403,0.001097888560205679,0.0,0.0,0.03754980083120993,89
120.52,0.03913688411239637,0.005933566099014519,0.0010977516686080247,0.0,0.0,0.03757106736768014,89
120.54,0.03915783863617087,0.005937098495288566,0.0010976134081105726,0.0,0.0,0.037592773316325136,89
120.56,0.03917920572630814,0.005940552153526549,0.0010974737793123745,0.0,0.0,0.03761498232120719,89
120.58,0.03920097473231513,0.005943926640779602,0.0010973327827856663,0.0,0.0,0.037638344476028256,89
120.60000000000001,0.03922313402326041,0.005947221537174136,0.0010971904190852087,0.0,0.0,0.03766211351135226,89
120.62,0.03924567101669005,0.00595043643712872,0.0010970690214991302,0.0,0.0,0.03768703619012497,89
120.64,0.03926888285493727,0.005953570950602493,0.0010969590021192616,0.0,0.0,0.03771238085645591,89
120.66,0.03929282399729833,0.00595662470437638,0.0010968477124175295,0.0,0.0,0.03773809143972616,89
120.68,0.039317098816821786,0.005959602796888828,0.0010967351522072903,0.0,0.0,0.03776415331469722,89
120.7,0.03934169137014087,0.005962518472778763,0.0010966213212599658,0.0,0.0,0.03779055111221172,89
120.72,0.03936658502219531,0.0059653523551017025,0.001096506219316755,0.0,0.0,0.03781726878585433,89
120.74000000000001,0.039391762519728424,0.005968104151302692,0.001096389846099692,0.0,0.0,0.037844289685486907,89
120.76,0.039417206071162704,0.005970773600925704,0.001096272201321968,0.0,0.0,0.037871596637233766,89
120.78,0.03944289743229595,0.005973360455374352,0.0010961532861613658,0.0,0.0,0.03789917202936269,89
120.8,0.03946881799710027,0.005975864492717866,0.001096033099508502,0.0,0.0,0.037926997903347595,89
120.82000000000001,0.0394949488927529,0.005978285522350193,0.0010959116404763382,0.0,0.0,0.037955056049241924,89
120.84,0.03952127107786838,0.005980623382143904,0.0010957889088301495,0.0,0.0,0.03798332810433242,90
120.86,0.0395477654427713,0.0059828779394494385,0.0010956649043660715,0.0,0.0,0.038011795653910184,90
120.88,0.03957441291055128,0.005985049091958594,0.0010955396269166837,0.0,0.0,0.0380404403328981,90
120.9,0.03960119453758517,0.005987136769114871,0.00109541307635586,0.0,0.0,0.03806924392701622,90
120.92,0.039628091612210134,0.005989140931325326,0.0010952852526029291,0.0,0.0,0.03809818847216487,90
120.94,0.03965508575027163,0.005991061570108103,0.001095175661741508,0.0,0.0,0.038127256350745535,89
120.96000000000001,0.0396821589863554,0.005992898709880801,0.0010950921035443777,0.0,0.0,0.03815643038372451,89
120.98,0.039709293859628826,0.005994652407172711,0.0010950073483844795,0.0,0.0,0.03818569391736115,89
121.0,0.039736473493349814,0.005996322750417742,0.0010949213957200772,0.0,0.0,0.038215030903655064,89
121.02,0.039763681667244935,0.00599790985956049,0.0010948342449965292,0.0,0.0,0.038244425973711235,89
121.04,0.039790902882094664,0.005999413885482253,0.0010947458956514099,0.0,0.0,0.03827386450335825,89
121.06,0.039818122415993085,0.006000835009256582,0.0010946563471191909,0.0,0.0,0.03830333267048491,89
121.08,0.03984534750098899,0.006002173441246128,0.001094583231710257,0.0,0.0,0.03833281750367237,89
121.10000000000001,0.03987254611204131,0.006003429420054506,0.001094522781533779,0.0,0.0,0.03836230692179936,89
121.12,0.039899704165385436,0.0060046032113482625,0.0010944610918472363,0.0,0.0,0.038391789764384426,89
121.14,0.0399270072077966,0.006005695106565172,0.0010943981621582759,0.0,0.0,0.038421255812507396,90
121.16,0.03995453478409236,0.00600670542152577,0.0010943343131465924,0.0,0.0,0.038450667562504794,90
121.18,0.03998184957220578,0.006007634496987699,0.0010942952339020584,0.0,0.0,0.038479900461495194,90
121.2,0.0400090839774049,0.006008513016215831,0.0010942784967337056,0.0,0.0,0.038509091927002595,90
121.22,0.04003623042455723,0.006009327437792212,0.0010942804575931491,0.0,0.0,0.03853823552558661,90
121.24000000000001,0.04006328220678276,0.006010061737568449,0.001094281173377725,0.0,0.0,0.038567325728457454,90
121.26,0.040090233449331596,0.006010716330263842,0.0010942806426504246,0.0,0.0,0.03859635787688087,90
121.28,0.040117079065107863,0.006011291645589718,0.0010942788639655662,0.0,0.0,0.03862532813928605,90
121.3,0.04014373933342465,0.00601178812666349,0.0010942892541455213,0.0,0.0,0.03865415775975534,90
121.32000000000001,0.04017027562804221,0.0060122061938894696,0.0010943244801953206,0.0,0.0,0.03868290973862625,90
121.34,0.0401966953062003,0.006012546307908445,0.0010943584013225103,0.0,0.0,0.03871159286328917,90
121.36,0.04022299583926441,0.00601280894305978,0.0010943910160348131,0.0,0.0,0.038740206035796323,90
121.38,0.040249175159565886,0.006013002428809886,0.0010944223228434669,0.0,0.0,0.03876874866758445,91
121.4,0.040275132780595274,0.006013136303328832,0.001094433241481983,0.0,0.0,0.0387971356932457,91
121.42,0.04030089002170248,0.006013194170984612,0.0010944281652219986,0.0,0.0,0.03882538684651993,91
121.44,0.04032652222253859,0.006013176558101546,0.0010944218593956557,0.0,0.0,0.03885356837663592,91
121.46000000000001,0.04035202832571609,0.006013083964488904,0.001094414322277023,0.0,0.0,0.038881680920004456,91
121.48,0.040377407311760385,0.006012916891973756,0.00109440555215493,0.0,0.0,0.038909725210357946,91
121.5,0.040403287130412975,0.006012690151877497,0.0010943955473344462,0.0,0.0,0.03893770199666271,91
121.52,0.040429377567790775,0.006012405737589347,0.0010943830854191895,0.0,0.0,0.03896558977395554,91
121.54,0.04045524009046039,0.00601204833131855,0.0010943628303977865,0.0,0.0,0.03899329207284224,91
121.56,0.04048099992039193,0.0060116183708155526,0.0010943413451616995,0.0,0.0,0.039020928710493924,91
121.58,0.04050665593898971,0.00601111635853232,0.0010943186280764302,0.0,0.0,0.039048499752966495,91
121.60000000000001,0.04053220666069309,0.006010542795842846,0.0010942946775290847,0.0,0.0,0.0390760049398708,91
121.62,0.040557650184979116,0.006009898182898886,0.001094269493235067,0.0,0.0,0.03910344363801665,90
121.64,0.04058355623808297,0.006009183018578671,0.0010942686546732427,0.0,0.0,0.039130814804720304,90
121.66,0.04060941948574952,0.00600839780052019,0.0010942730352682698,0.0,0.0,0.039158116961477286,91
121.68,0.04063516610030762,0.006007543025229093,0.0010942761360785654,0.0,0.0,0.03918534817848674,91
121.7,0.040660792242519304,0.0060066191882499845,0.001094277955637278,0.0,0.0,0.039212506070267536,91
121.72,0.04068696643533296,0.006005626784388591,0.001094291852177689,0.0,0.0,0.03923958780233242,91
121.74000000000001,0.04071344114051324,0.006004566307971468,0.0010943322925173913,0.0,0.0,0.03926659010859994,91
121.76,0.04073981571938289,0.006003438253129216,0.0010943713854382315,0.0,0.0,0.039294180465234314,93
121.78,0.04076608561575709,0.00600224311408901,0.0010944091294381782,0.0,0.0,0.03932181902476446,93
121.8,0.04079224593697181,0.006000981385462326,0.0010944455230406853,0.0,0.0,0.039349363936341954,93
121.82000000000001,0.040818291504970336,0.006000512786942262,0.0010944805647949039,0.0,0.0,0.03937681056472957,94
121.84,0.040844497734396454,0.006000513556744145,0.0010945142532758816,0.0,0.0,0.0394041540609923,94
121.86,0.04087106317933471,0.00600044432794239,0.0010945465870847296,0.0,0.0,0.03943138942257569,94
121.88,0.04089749598673012,0.006000305620500176,0.0010945775648487665,0.0,0.0,0.03945851155511084,94
121.9,0.040923790425765286,0.006000097954912472,0.0010946071852216438,0.0,0.0,0.03948571139405815,94
121.92,0.04094994077850923,0.00599982185223117,0.0010946354468834314,0.0,0.0,0.03951338282992413,93
121.94,0.040975920047842423,0.005999477834022558,0.0010946567744247156,0.0,0.0,0.039540907896842684,93
121.96000000000001,0.04100169245068371,0.0059990664113291105,0.0010946632889664634,0.0,0.0,0.039568259382850884,93
121.98,0.04102730421135218,0.005998588079926274,0.0010946684884463017,0.0,0.0,0.03959547067445494,93
122.0,0.041052750184921015,0.005998043428437321,0.0010946723714040046,0.0,0.0,0.039622537327710365,93
122.02,0.041077974052382234,0.005997466300287308,0.0010946848204144454,0.0,0.0,0.039649393937016726,93
122.04,0.04110300113478164,0.005996823722148995,0.0010947000531795288,0.0,0.0,0.039676086611717336,94
122.06,0.04112784866207369,0.005996116213678749,0.0010947139175128296,0.0,0.0,0.03970308882209561,95
122.08,0.04115251262324708,0.005995344293644812,0.0010947284203777184,0.0,0.0,0.03972993105638871,95
122.10000000000001,0.041176989333710806,0.0059945084787733395,0.0010947764579234199,0.0,0.0,0.03975661044092864,95
122.12,0.04120127544256418,0.0059936092832305905,0.0010948232047446676,0.0,0.0,0.03978312445972079,95
122.14,0.04122536793628211,0.0059926472180834855,0.0010948686589364273,0.0,0.0,0.03980947095885431,95
122.16,0.041249264139704346,0.005991622790745084,0.0010949128185546199,0.0,0.0,0.039835648148249955,95
122.18,0.04127296171521335,0.005990536504411025,0.001094955681619953,0.0,0.0,0.039861654601632,95
122.2,0.041296458660926336,0.005989388857492417,0.0010949972461217008,0.0,0.0,0.03988748925555211,95
122.22,0.0413197533086304,0.005988180343050093,0.0010950375100213657,0.0,0.0,0.03991315140819667,95
122.24000000000001,0.041342844322055726,0.005986911448234576,0.0010950764712562584,0.0,0.0,0.03993864071857465,95
122.26,0.04136606808853006,0.005985582653735545,0.0010951141277429502,0.0,0.0,0.03996395720652575,95
122.28,0.041389570043685465,0.005984194433244186,0.0010951532822973818,0.0,0.0,0.03998902910459359,96
122.3,0.041413511101914054,0.005982747246615365,0.0010951912673293083,0.0,0.0,0.0400139257063729,96
122.32000000000001,0.041437363501625926,0.005981241551592449,0.0010952279380363457,0.0,0.0,0.04003865179585636,96
122.34,0.04146108792931029,0.005979677797731273,0.0010952632922617412,0.0,0.0,0.04006320885822618,96
122.36,0.04148544708966396,0.00597805642562528,0.0010952973278437598,0.0,0.0,0.04008759875484687,96
122.38,0.0415096263111459,0.005976380481271627,0.0010953300426183902,0.0,0.0,0.04011182372766563,96
122.4,0.04153362767629502,0.005974670380093678,0.0010953614344219008,0.0,0.0,0.04013588640285342,96
122.42,0.04155745364060696,0.0059729038991173725,0.0010953915010933038,0.0,0.0,0.04015978979300086,96
122.44,0.04158110703221999,0.005971081439119628,0.0010954297538264286,0.0,0.0,0.04018353729715467,96
122.46000000000001,0.04160459104870979,0.00596920339007625,0.0010954896132603354,0.0,0.0,0.0402071326979824,96
122.48,0.0416279092503114,0.0059672701309080685,0.0010955480997226325,0.0,0.0,0.04023058015538489,96
122.5,0.04165106554894387,0.005965282029274289,0.0010956052110834343,0.0,0.0,0.04025388419593283,96
122.52,0.04167406419249409,0.00596323944141784,0.0010956609452263991,0.0,0.0,0.040277049697585075,96
122.54,0.04169684818438839,0.005961142712067786,0.0010957153214523688,0.0,0.0,0.04030024236923354,96
122.56,0.0417194193884463,0.005958992138768618,0.0010957683371749327,0.0,0.0,0.04032357240192881,96
122.58,0.04174184765835503,0.005956788005874827,0.0010958199663786891,0.0,0.0,0.04034729182348786,96
122.60000000000001,0.04176413832063643,0.0059545306238921875,0.0010958702070172411,0.0,0.0,0.04037089406542737,96
122.62,0.041786296876889666,0.00595222029210063,0.0010959190570656611,0.0,0.0,0.04039438534426577,96
122.64,0.04180832895482547,0.005949857298823192,0.0010959665145217866,0.0,0.0,0.04041777202120417,96
122.66,0.041830252285774486,0.005947441921783493,0.0010960125774074376,0.0,0.0,0.04044106054880615,96
122.68,0.041852225406332905,0.005944974428555442,0.001096057243769571,0.0,0.0,0.0404642574133261,96
122.7,0.04187409094586646,0.005942455077107934,0.0010961005116813746,0.0,0.0,0.04048736907345348,96
122.72,0.041895833042931235,0.005939884116445852,0.0010961424196621757,0.0,0.0,0.04051038044224318,96
122.74000000000001,0.04191742647296742,0.005937261783200995,0.0010961830239546112,0.0,0.0,0.04053326708417051,96
122.76,0.04193892852796742,0.00593458830068421,0.0010962222254791603,0.0,0.0,0.04055608716048989,95
122.78,0.04196034405169677,0.005932636628608538,0.0010962650545278032,0.0,0.0,0.040578846371083416,95
122.8,0.041981677513973636,0.005930990501919385,0.00109634030662745,0.0,0.0,0.0406015500657418,95
122.82000000000001,0.04200293295102815,0.005929290768023362,0.001096414190119117,0.0,0.0,0.04062420318545609,95
122.84,0.04202411391096538,0.005927537604603988,0.0010964867018796224,0.0,0.0,0.04064681020886241,95
122.86,0.042045223405618,0.0059261841233245955,0.001096557838831749,0.0,0.0,0.04066937510512791,96
122.88,0.04206626386992456,0.00592484325575262,0.0010966275979455537,0.0,0.0,0.04069190129441603,97
122.9,0.04208725397503277,0.005923445170997152,0.001096695976239592,0.0,0.0,0.040714391616861564,97
122.92,0.04210862678936031,0.005921990070576242,0.0010967629707820934,0.0,0.0,0.040736848310726125,97
122.94,0.042129944595878314,0.0059204781591428515,0.0010968285786920515,0.0,0.0,0.040759273000104936,97
122.96000000000001,0.04215120753240025,0.005918909645512912,0.001096892797140258,0.0,0.0,0.04078166669223115,97
122.98,0.042172415098880964,0.005917284743636512,0.001096955623350225,0.0,0.0,0.04080402978409193,97
123.0,0.04219356617151583,0.005915603673493797,0.0010970170545990404,0.0,0.0,0.04082636207775017,97
123.02,0.04221467003464505,0.005913866661898819,0.0010970770882180873,0.0,0.0,0.04084866280348107,96
123.04,0.04223573220537749,0.0059120739431968595,0.0010971357215936821,0.0,0.0,0.04087093064959501,97
123.06,0.042257676127188754,0.005910225759843425,0.0010971929521675532,0.0,0.0,0.040893163797651164,97
123.08,0.042279581011878634,0.005908322362856205,0.0010972487774372054,0.0,0.0,0.04091535996167149,97
123.10000000000001,0.04230144390583322,0.0059063640121345025,0.0010973031949561387,0.0,0.0,0.04093751642995311,97
123.12,0.04232326146933991,0.005904350976644069,0.001097356202333924,0.0,0.0,0.040959630108141694,97
123.14,0.04234503001961802,0.005902283534468422,0.0010974077972361266,0.0,0.0,0.04098169756236482,97
123.16,0.04236674557289641,0.005900161972730793,0.001097457977384092,0.0,0.0,0.04100371506141499,97
123.18,0.04238840388476002,0.005897986587393591,0.001097506740554594,0.0,0.0,0.04102567861720354,97
123.2,0.042410496912161276,0.005895757682944408,0.0010975540845793445,0.0,0.0,0.04104781152089227,97
123.22,0.04243255154646126,0.005893475571979577,0.0010976000073443888,0.0,0.0,0.041070102620996855,97
123.24000000000001,0.04245453427928065,0.005891140574697433,0.0010976445067893907,0.0,0.0,0.041092326073688325,97
123.26,0.04247644017939802,0.005888753018314397,0.0010976875809068224,0.0,0.0,0.04111447722005614,97
123.28,0.0424982642203948,0.005886313236417289,0.0010977292277410775,0.0,0.0,0.041136551310311235,97
123.3,0.04252000130724511,0.0058838215682652925,0.0010977694453875137,0.0,0.0,0.04115854353048862,97
123.32000000000001,0.04254164630157075,0.005881278358054649,0.0010978082319914584,0.0,0.0,0.041180449027814994,96
123.34,0.04256319404598001,0.005878683954158501,0.0010978455857471778,0.0,0.0,0.04120260626317945,96
123.36,0.04258463938785022,0.005876038708353522,0.0010978815048968255,0.0,0.0,0.041224772728465565,96
123.38000000000001,0.042605977202820326,0.005873342975044077,0.0010979159877293992,0.0,0.0,0.041246837352519584,96
123.4,0.04262713366717037,0.005870597110493575,0.0010979485379553314,0.0,0.0,0.04126872718091782,96
123.42,0.04264816649574962,0.005867801447964012,0.0010979796056060332,0.0,0.0,0.041290499725742745,96
123.44,0.042669076905971014,0.005864956343148157,0.0010980092331334145,0.0,0.0,0.041312641400960866,96
123.46000000000001,0.04269001443131844,0.00586206215356631,0.0010980374190024443,0.0,0.0,0.041334997526509654,96
123.48,0.042711438090488066,0.005859119235755068,0.0010980641617200464,0.0,0.0,0.04135722687651823,97
123.5,0.042732724216456096,0.005856127944647775,0.0010980894598342588,0.0,0.0,0.041379325304420206,97
123.52,0.04275386851515394,0.00585308863300173,0.0010981133119334608,0.0,0.0,0.041401288850719024,97
123.54,0.04277486688953165,0.005850001650876221,0.001098163385675416,0.0,0.0,0.041423113759391755,97
123.56,0.042795715453128096,0.005846867345165026,0.0010982212034662334,0.0,0.0,0.04144479649156658,97
123.58,0.04281653337195989,0.005843686059186482,0.0010982775277090953,0.0,0.0,0.04146633373606796,97
123.60000000000001,0.04283783978547985,0.005840458132333714,0.0010983379133717402,0.0,0.0,0.04148772241651515,97
123.62,0.04285898669426223,0.005837183899787169,0.0010984242540450924,0.0,0.0,0.0415089596947782,97
123.64,0.04287999196309729,0.005833863692291029,0.0010985090544712928,0.0,0.0,0.041530042970734184,97
123.66,0.042900830339097265,0.005830497835994442,0.0010985923132869134,0.0,0.0,0.0415509698784194,97
123.68,0.042921534094631814,0.005827086652357891,0.0010986740291646217,0.0,0.0,0.04157173827882986,97
123.7,0.04294262497863505,0.005823630458124138,0.0010987542008130831,0.0,0.0,0.04159240778664956,97
123.72,0.042963541386083604,0.005820129565352426,0.0010988328269768979,0.0,0.0,0.041613466222643204,97
123.74000000000001,0.042984281379617344,0.005816595149404957,0.0010989099064365778,0.0,0.0,0.041634360187880075,97
123.76,0.04300514412223052,0.005813032104558682,0.0010989854380085433,0.0,0.0,0.04165545507549683,97
123.78,0.04302612642922823,0.00580942525256011,0.0010990594205451453,0.0,0.0,0.041676467683484375,97
123.8,0.04304692759410118,0.005805774888194009,0.0010991318529347096,0.0,0.0,0.04169731165414817,97
123.82000000000001,0.04306756886360892,0.005802081302563641,0.001099202734101586,0.0,0.0,0.04171798607133544,97
123.84,0.04308802554398939,0.005798344783418807,0.0010992720630061995,0.0,0.0,0.041738490139843584,97
123.86,0.04310829649550999,0.005794565615509414,0.001099339838645104,0.0,0.0,0.04175882317748276,97
123.88000000000001,0.043128380678416775,0.0057907440809559394,0.0010994060600510171,0.0,0.0,0.04177898461048088,97
123.9,0.04314827715179091,0.005786880459627836,0.0010994707262928479,0.0,0.0,0.04179897397249714,97
123.92,0.04316798507605542,0.00578297502952111,0.0010995338364756808,0.0,0.0,0.0418187909072947,97
123.94,0.043187503718964335,0.005779028067126596,0.0010996086321346027,0.0,0.0,0.04183844524488119,97
123.96000000000001,0.043206832464686186,0.0057750398477813564,0.0010997069165652094,0.0,0.0,0.041858694850570526,97
123.98,0.04322597082539996,0.005771271614679072,0.0010998037053440665,0.0,0.0,0.04187876961073149,97
124.0,0.043244918454657846,0.005768710232952924,0.001099898996497101,0.0,0.0,0.041898669707023495,97
124.02,0.04326367516164765,0.005766135338440822,0.0010999927880459737,0.0,0.0,0.041918395486752816,97
124.04,0.0432822409254179,0.005763525525832355,0.0011000850780114133,0.0,0.0,0.04193794747730079,97
124.06,0.043300615908112905,0.005760867571919737,0.0011001758644163338,0.0,0.0,0.0419573263995743,97
124.08,0.04331880046630239,0.0057581618141197026,0.0011002651452887249,0.0,0.0,0.0419765331795637,97
124.10000000000001,0.04333680233106027,0.005755408596716147,0.0011003529186643488,0.0,0.0,0.041995568957182615,97
124.12,0.043354633439514983,0.0057526082388765255,0.0011004391825891959,0.0,0.0,0.04201443509169549,97
124.14,0.043372276610993785,0.005749761073703547,0.0011005239351217447,0.0,0.0,0.04203313316320883,97
124.16,0.0433897366476831,0.0057468674341581635,0.0011006071743350147,0.0,0.0,0.042051664969895444,98
124.18,0.04340703046576967,0.005743927653111767,0.0011006888983184182,0.0,0.0,0.0420700325208324,98
124.2,0.043424140529704953,0.005740942063406594,0.0011007691051794343,0.0,0.0,0.04208823802454824,98
124.22,0.0434409703679723,0.005737910997931664,0.0011008480406248156,0.0,0.0,0.0421061856433536,98
124.24000000000001,0.0434576109513796,0.005734834727251457,0.0011009254766131838,0.0,0.0,0.0421239670331887,98
124.26,0.04347407358775671,0.005731713578981847,0.001101001387774546,0.0,0.0,0.042141594182143034,99
124.28,0.04349034369548134,0.005728547887086726,0.001101075002845571,0.0,0.0,0.042159053969987925,99
124.3,0.043506307050466306,0.005725337977474241,0.0011011409617619722,0.0,0.0,0.042176238238666126,99
124.32000000000001,0.04352209714786649,0.005722084188006936,0.0011012053909923132,0.0,0.0,0.04219327509165484,99
124.34,0.04353766759157896,0.005718787213773665,0.0011012678931594762,0.0,0.0,0.04221009517102927,99
124.36,0.043553088349396876,0.005715446937917702,0.0011013288746227904,0.0,0.0,0.04222677617761887,99
124.38000000000001,0.04356880375481608,0.005712063700448662,0.0011013883336702078,0.0,0.0,0.04224332117334211,99
124.4,0.04358439304221839,0.005708637843439922,0.0011014462686175061,0.0,0.0,0.04225973321037166,99
124.42,0.04359982242780576,0.005705169711379856,0.001101502677808894,0.0,0.0,0.04227601531997832,99
124.44,0.04361509410039607,0.005701661867607583,0.0011015575596176172,0.0,0.0,0.04229217050594251,99
124.46000000000001,0.04363021020134971,0.005698140663469077,0.001101610912446576,0.0,0.0,0.04230821744211285,99
124.48,0.04364517282665898,0.005694578134752223,0.0011016627347289684,0.0,0.0,0.04232458375510595,99
124.5,0.04366013229053435,0.005690974639225983,0.001101713024928971,0.0,0.0,0.04234083141515012,100
124.52,0.04367528415330321,0.005687330538651757,0.0011017617815424732,0.0,0.0,0.042356963340787895,100
124.54,0.04369028796157978,0.005683646198992515,0.0011018090030978699,0.0,0.0,0.04237298245432118,100
124.56,0.043705145724243485,0.005679921990566508,0.0011018546881569296,0.0,0.0,0.04238889169685732,100
124.58,0.043719859463002206,0.005676162172868974,0.001101898835315736,0.0,0.0,0.04240469404415643,100
124.60000000000001,0.04373444144538829,0.005672520260961956,0.0011019414432057158,0.0,0.0,0.04242039252221168,101
124.62,0.04374891878152774,0.00566883928710094,0.0011019825104947548,0.0,0.0,0.042435990221524354,101
124.64,0.04376325845803973,0.005665119642162679,0.001102022035888413,0.0,0.0,0.042451490309111856,101
124.66,0.04377746267678593,0.005661361714124835,0.0011020600181312276,0.0,0.0,0.0424668960374181,101
124.68,0.043791533704646404,0.0056575658995716835,0.0011020964560081207,0.0,0.0,0.042482210749455906,101
124.7,0.043805470111527155,0.005653732598723007,0.0011021313746940862,0.0,0.0,0.04249743409891557,101
124.72,0.043819187097435146,0.005649862212732532,0.0011021653834124858,0.0,0.0,0.042512481982032994,101
124.74000000000001,0.043832778183777094,0.005646641872650212,0.0011021978438320403,0.0,0.0,0.04252744953137503,101
124.76,0.04384624585221102,0.005644461087549224,0.0011022287549116057,0.0,0.0,0.04254234041537234,101
124.78,0.04385959260414289,0.0056426779878206755,0.0011022581156587827,0.0,0.0,0.042557158352105544,101
124.8,0.04387282093885953,0.005640852562554114,0.0011022859251318222,0.0,0.0,0.04257190708839876,101
124.82000000000001,0.043885933328335174,0.00563898512522237,0.0011023121824415717,0.0,0.0,0.042586590375621625,101
124.84,0.043898932189353854,0.005637075988676515,0.0011023368867534536,0.0,0.0,0.042601211942844754,101
124.86,0.04391181985366001,0.00563512546473773,0.001102360037289479,0.0,0.0,0.042615775468063645,101
124.88000000000001,0.043924598536894795,0.005633133863813519,0.001102381633330253,0.0,0.0,0.04263028454825181,101
124.9,0.043937270307095974,0.0056317490311183094,0.0011024016742169735,0.0,0.0,0.04264474266902447,101
124.92,0.043950108433240896,0.005631005474675707,0.0011024201593533927,0.0,0.0,0.042659153174692474,101
124.94,0.043963064485189884,0.005630218784703929,0.001102437088207722,0.0,0.0,0.042673519239466516,101
124.96000000000001,0.04397591795849647,0.005629389241657616,0.0011024524603144724,0.0,0.0,0.042687843840530905,101
124.98,0.04398867003404286,0.005628517123356021,0.001102466275276177,0.0,0.0,0.04270227433251499,101
125.0,0.044001321607148314,0.005627602704840428,0.0011024785327650255,0.0,0.0,0.04271702106915743,101
125.02,0.04401387326845485,0.0056266462596751415,0.00110248923252434,0.0,0.0,0.04273173322413653,101
125.04,0.04402632528883258,0.0056258035001515595,0.0011024983743699128,0.0,0.0,0.04274641277677576,101
125.06,0.04403867760863702,0.005624931955943215,0.0011025059581911717,0.0,0.0,0.042761197678310735,101
125.08,0.04405092983154107,0.005624113483773061,0.0011025119839521641,0.0,0.0,0.04277666643301661,101
125.10000000000001,0.0440630812230503,0.005623326460479487,0.0011025164516923597,0.0,0.0,0.04279210454357394,101
125.12,0.04407513071368741,0.005622497902353038,0.0011025193615272315,0.0,0.0,0.0428075128459685,101
125.14,0.044087087806841355,0.005621628067561647,0.0011025207136486676,0.0,0.0,0.042822891904937696,101
125.16,0.04409913100818724,0.005620717211905103,0.001102520508325141,0.0,0.0,0.04283824202810937,101
125.18,0.04411176438443309,0.005619765589004174,0.0011025217532916215,0.0,0.0,0.042853563284095196,102
125.2,0.044124288160817544,0.005618773463386325,0.0011025523641631303,0.0,0.0,0.042868855524016175,102
125.22,0.04413753171895198,0.005617741072405381,0.0011025813739358567,0.0,0.0,0.04288411840582371,102
125.24000000000001,0.04415080805885066,0.0056166686640614395,0.0011026087830727483,0.0,0.0,0.04289935142068363,102
125.26,0.04416399504768923,0.005615556485226102,0.0011026593953530042,0.0,0.0,0.04291455392061836,102
125.28,0.04417709042408341,0.0056144047815343085,0.0011027324562623145,0.0,0.0,0.04292972514655615,102
125.3,0.0441900918028775,0.0056132137975274535,0.0011028038383302167,0.0,0.0,0.04294486425592672,102
125.32000000000001,0.044203138861426065,0.005611983776769616,0.0011029006610832617,0.0,0.0,0.0429599703489639,102
125.34,0.044216640993271224,0.0056128691533955735,0.0011030105428053256,0.0,0.0,0.04297504249293718,102
125.36,0.044230040475268864,0.005614459678089686,0.0011031187328048831,0.0,0.0,0.04299007974362465,102
125.38000000000001,0.04424333465034988,0.005616004525111948,0.0011032252307422586,0.0,0.0,0.04300508116346371,102
125.4,0.04425652083385087,0.0056175038978803875,0.001103330036359229,0.0,0.0,0.0430200458359616,102
125.42,0.04426959956579098,0.005618957971713618,0.0011034331494771106,0.0,0.0,0.04303497287610876,102
125.44,0.04428258681263608,0.005620366936834474,0.0011035345699947291,0.0,0.0,0.04304986143670993,102
125.46000000000001,0.044295457989090355,0.005621730982584331,0.001103634297886309,0.0,0.0,0.043064710710715375,102
125.48,0.044308210342604466,0.0056230502972723605,0.0011037323331992471,0.0,0.0,0.04307951992979731,102
125.5,0.04432084109536645,0.0056243250680028094,0.0011038286760518114,0.0,0.0,0.04309428835956053,101
125.52,0.04433334743425127,0.005625555480483829,0.001103923326630758,0.0,0.0,0.0431094252089779,101
125.54,0.04434572649841558,0.005626782047820486,0.0011040162851888645,0.0,0.0,0.04312457170286546,101
125.56,0.044357975365209495,0.0056279901650871985,0.0011041075520423966,0.0,0.0,0.04313967473304815,101
125.58,0.04437009103511643,0.005629163519501867,0.0011041971275685047,0.0,0.0,0.0431547336056358,101
125.60000000000001,0.04438207041644194,0.005630302553338067,0.0011042850122025718,0.0,0.0,0.04316974760696703,100
125.62,0.04439412595528276,0.005631469104695246,0.0011043712064355041,0.0,0.0,0.04318471599177275,100
125.64,0.04440708346792095,0.005633892405949903,0.0011044557108109828,0.0,0.0,0.04319963797259191,100
125.66,0.04441990100345451,0.005636268990266565,0.00110453852592269,0.0,0.0,0.04321451271104401,100
125.68,0.04443299559264253,0.005638598998578151,0.0011046196815414093,0.0,0.0,0.043229310476857775,100
125.7,0.04444632925577622,0.005640882559556277,0.0011046992019647772,0.0,0.0,0.04324400699183882,100
125.72,0.044459529708392925,0.00564311979107881,0.0011047770352623479,0.0,0.0,0.04325865349127842,101
125.74000000000001,0.04447259366063485,0.005645310823073172,0.0011048531821974538,0.0,0.0,0.04327324889941509,101
125.76,0.044485517698646546,0.005647455781326156,0.0011049276435695014,0.0,0.0,0.04328779208897588,100
125.78,0.04449829829167194,0.005649554787263506,0.001105000420211278,0.0,0.0,0.043302281891369754,100
125.8,0.04451093180256759,0.005651607957732518,0.0011050715129863383,0.0,0.0,0.04331671711044024,99
125.82000000000001,0.04452341450160136,0.00565361540478656,0.0011051409227864678,0.0,0.0,0.04333109653965238,99
125.84,0.044536578897879465,0.005655577235470292,0.0011052086505292716,0.0,0.0,0.043345653391156896,99
125.86,0.044549661566199494,0.0056574935516041334,0.0011052746971558685,0.0,0.0,0.04336079291380801,99
125.88000000000001,0.044562617611093855,0.0056593742565655145,0.00110533906362875,0.0,0.0,0.043375870875649175,99
125.9,0.04457546793058271,0.005661233925500286,0.0011054017509297786,0.0,0.0,0.043390886252135885,99
125.92,0.04458817812912836,0.00566304833873332,0.0011054627600583767,0.0,0.0,0.043405838136769764,98
125.94,0.04460088303405555,0.005664817574875415,0.0011055220920298898,0.0,0.0,0.043420725772361626,98
125.96000000000001,0.04461438268115367,0.005666541706175821,0.0011055797478741543,0.0,0.0,0.043435548583024425,98
125.98,0.04462776414063163,0.005668220798274219,0.0011056357286342593,0.0,0.0,0.04345030620633562,98
126.0,0.044641046178913464,0.005669854909943967,0.0011056900353655257,0.0,0.0,0.04346499852509092,98
126.02,0.04465421074934441,0.005671444092826423,0.0011057493185666404,0.0,0.0,0.043479625698065336,98
126.04,0.04466725313253012,0.005672988391156551,0.0011058452051417261,0.0,0.0,0.04349418818920152,98
126.06,0.044680172472160676,0.005674705454732853,0.0011059393607968182,0.0,0.0,0.043508686794662375,98
126.08,0.044692968211408675,0.00567750653632381,0.0011060317864421876,0.0,0.0,0.04352312266720943,98
126.10000000000001,0.04470564011178242,0.0056802593278052135,0.0011061224829952403,0.0,0.0,0.043537497337407756,98
126.12,0.04471861555559683,0.005682963826215952,0.0011062114513808435,0.0,0.0,0.04355181273120049,98
126.14,0.04473241026899348,0.005685620019795677,0.0011062986925317942,0.0,0.0,0.04356607118345113,98
126.16,0.044746356452792437,0.00568822788767511,0.0011063842073894103,0.0,0.0,0.0435802754471093,98
126.18,0.044760215369395735,0.005690787399570111,0.0011064679969042417,0.0,0.0,0.043594428697718894,98
126.2,0.04477398963727463,0.005693298515482738,0.0011065500620368617,0.0,0.0,0.043609063527534755,99
126.22,0.044787682261095085,0.005695761185413,0.001106630403758744,0.0,0.0,0.04362370607751112,99
126.24000000000001,0.04480129662018933,0.005698175349085049,0.00110670902305318,0.0,0.0,0.043638308932073634,99
126.26,0.0448149045327093,0.005700540935691863,0.0011067859209162533,0.0,0.0,0.04365287690301761,99
126.28,0.044829256095563326,0.005702922221262715,0.0011068610983578212,0.0,0.0,0.043667415172507065,99
126.3,0.04484356696409722,0.00570537720391046,0.0011069345564024972,0.0,0.0,0.043681929267763125,98
126.32000000000001,0.044857842538315686,0.005707782714410621,0.0011070062960906355,0.0,0.0,0.04369642503121604,98
126.34,0.04487208848900076,0.005710146841720261,0.0011070763184792664,0.0,0.0,0.04371090858648509,98
126.36,0.044886310719792565,0.005712493607747668,0.0011071446246430036,0.0,0.0,0.04372538630064995,98
126.38000000000001,0.04490051532611532,0.0057147905178832345,0.0011072182999165004,0.0,0.0,0.043739864743380256,98
126.4,0.04491470855161653,0.005717037426019398,0.0011073241089418304,0.0,0.0,0.04375435064359309,98
126.42,0.04492889674288305,0.005719234174548318,0.00110742824659052,0.0,0.0,0.04376885084440425,98
126.44,0.04494308630328868,0.005721380594425715,0.0011075307125431551,0.0,0.0,0.043783372257229385,99
126.46000000000001,0.044957283646895774,0.00572347650527664,0.001107631506489585,0.0,0.0,0.043797921815959685,99
126.48,0.044971495153384326,0.005725521715540991,0.0011077306281313988,0.0,0.0,0.04381250643218738,99
126.5,0.044985731865737455,0.00572751602265534,0.0011078280771841067,0.0,0.0,0.04382713295247225,98
126.52,0.04500001655524332,0.005729459213266578,0.001107923853379036,0.0,0.0,0.04384180811862071,98
126.54,0.0450143340661638,0.005731512469611014,0.0011080179564649107,0.0,0.0,0.04385653853189024,98
126.56,0.04502869024432604,0.005733530418963683,0.0011081103862091094,0.0,0.0,0.04387133062192565,98
126.58,0.0450430907243005,0.005735496019708076,0.001108201142398599,0.0,0.0,0.04388619062108667,98
126.60000000000001,0.04505754090912238,0.005737409020472474,0.0011082902248405204,0.0,0.0,0.04390112454464121,98
126.62,0.045072045956097026,0.005739269160389707,0.0011083776333624296,0.0,0.0,0.043916187587560294,98
126.64,0.04508661076870403,0.0057410761693629225,0.001108463368004225,0.0,0.0,0.04393204754162208,98
126.66,0.04510132084634764,0.005742829768316314,0.0011085474287726438,0.0,0.0,0.043947996172974076,98
126.68,0.04511652304908044,0.005744529669426366,0.0011086298152241836,0.0,0.0,0.04396403856176094,98
126.7,0.04513181860368071,0.00574617557633092,0.0011087105272630212,0.0,0.0,0.04398017956044542,98
126.72,0.04514719556338332,0.005747767184315562,0.0011087895648093124,0.0,0.0,0.0439964238061555,98
126.74000000000001,0.04516265255162643,0.0057493041804790625,0.0011088669277971486,0.0,0.0,0.04401277573580541,98
126.76,0.04517819306319404,0.005750786243882214,0.001108942616172114,0.0,0.0,0.044029239602814824,98
126.78,0.0451938204058778,0.005752213045686689,0.0011090166298884604,0.0,0.0,0.04404581949418183,98
126.8,0.04520999485534145,0.005753584249293052,0.0011090889689059113,0.0,0.0,0.04406251934664095,98
126.82000000000001,0.04522660409210655,0.00575489951048902,0.0011091596331861116,0.0,0.0,0.04407934296065958,98
126.84,0.045243307821045374,0.005756158477620859,0.0011092286226887494,0.0,0.0,0.04409629401109124,98
126.86,0.045260108727133694,0.0057573607918020965,0.0011092959373673725,0.0,0.0,0.04411337605340275,99
126.88000000000001,0.04527700935088606,0.005758506087174502,0.0011093615771649598,0.0,0.0,0.044130592524531394,99
126.9,0.0452940120817936,0.005759593991236475,0.0011094255420092806,0.0,0.0,0.04414794673759046,99
126.92,0.04531111914495654,0.005760624125253671,0.0011094878318081132,0.0,0.0,0.044165441869837,99
126.94,0.04532833258054152,0.005761596104765617,0.0011095484464443914,0.0,0.0,0.044183080943530365,99
126.96000000000001,0.045345654215928406,0.005762509540200566,0.0011096073857713748,0.0,0.0,0.044201121623376034,99
126.98,0.04536308563066558,0.005763364037608658,0.0011096646496079289,0.0,0.0,0.044219527694778875,99
127.0,0.04538094501091579,0.00576415919952082,0.0011097202377340102,0.0,0.0,0.04423808494429465,99
127.02,0.04539947331440077,0.0057648946259377335,0.0011097741498865058,0.0,0.0,0.0442567954413707,99
127.04,0.045418139262679326,0.005765569915449815,0.0011098263857555217,0.0,0.0,0.04427566090229416,99
127.06,0.04543694369663218,0.005766184666485414,0.0011098769449812444,0.0,0.0,0.04429468263451593,99
127.08,0.04545588697572315,0.005766738478680777,0.0011099258271515134,0.0,0.0,0.0443138614782646,99
127.10000000000001,0.045474968917872644,0.005767230954361451,0.0011099730318002135,0.0,0.0,0.044333197747006586,100
127.12,0.045494188739909534,0.005767661700121393,0.001110018558406589,0.0,0.0,0.04435269116844949,100
127.14,0.04551354500040864,0.00576910333254365,0.0011100624063955706,0.0,0.0,0.04437234082788784,100
127.16,0.04553303554675513,0.005770769474369632,0.001110104575139191,0.0,0.0,0.044392145115724264,100
127.18,0.04555265746825165,0.005772368915398691,0.001110145063959098,0.0,0.0,0.044412101680976604,100
127.2,0.04557240705699365,0.005773901281418818,0.0011101838721302047,0.0,0.0,0.044432207392491235,100
127.22,0.045592408366425065,0.005775366211170832,0.0011102209988854202,0.0,0.0,0.04445245830942743,100
127.24000000000001,0.0456125596448057,0.0057779325498347345,0.0011102564434214237,0.0,0.0,0.04447284966235631,100
127.26,0.04563282411648683,0.00578095670368208,0.0011102902049053647,0.0,0.0,0.044493375846042474,100
127.28,0.045653194721030264,0.005784167547267744,0.0011103222824823654,0.0,0.0,0.0445140304246467,100
127.3,0.04567366356825373,0.005787584289418248,0.0011103526752836792,0.0,0.0,0.04453480614972338,100
127.32000000000001,0.045694221969005015,0.005790919010215462,0.0011103813824353342,0.0,0.0,0.04455569499099406,99
127.34,0.04571486047831632,0.005794171344119072,0.0011104084030670676,0.0,0.0,0.0445766881794791,99
127.36,0.04573556895011573,0.005797340953413322,0.0011104511936735073,0.0,0.0,0.04459777626217789,99
127.38000000000001,0.04575633660230632,0.005800453155168763,0.00111050980944292,0.0,0.0,0.04461894916712266,99
127.4,0.04577715209070296,0.005803519923333685,0.0011105666873307196,0.0,0.0,0.04464019627731072,99
127.42,0.045798003590054766,0.005806514096656142,0.001110621826558933,0.0,0.0,0.04466150651175699,99
127.44,0.04581887888019429,0.005809424428422053,0.001110675226393904,0.0,0.0,0.04468286841172113,99
127.46000000000001,0.045840272321577086,0.005812256936188592,0.0011107268861532773,0.0,0.0,0.04470427023005638,99
127.48,0.045861803664721534,0.005815023479531572,0.0011107768052122967,0.0,0.0,0.0447257000216068,99
127.5,0.045883319738494806,0.005817705706201133,0.0011108249830093504,0.0,0.0,0.044747145732650165,99
127.52,0.04590480763530998,0.005820303534041397,0.0011108714190507579,0.0,0.0,0.04476859528753182,99
127.54,0.045926622219183144,0.005822816914386769,0.0011109161129147838,0.0,0.0,0.044790036670861955,99
127.56,0.04594874503491321,0.005825245831849267,0.001110959104793407,0.0,0.0,0.04481134969548257,99
127.58,0.045970784770886765,0.005827590240655147,0.001111000357638637,0.0,0.0,0.044832613986127395,99
127.60000000000001,0.04599274485762844,0.00582985018092399,0.001111039864426652,0.0,0.0,0.04485383536220634,99
127.62,0.04601461328203852,0.005832025734670469,0.0011110776250487422,0.0,0.0,0.044875002742240544,99
127.64,0.046036261277721716,0.005834117014992315,0.0011111082576642111,0.0,0.0,0.04489599370599725,99
127.66,0.04605776136931127,0.005836124104438809,0.0011111356146892982,0.0,0.0,0.04491687790711295,99
127.68,0.04607913625602057,0.005838047158538976,0.001111161237998028,0.0,0.0,0.04493767750464053,99
127.7,0.0461003755136832,0.005839886378673148,0.001111185127774636,0.0,0.0,0.044958383100952036,99
127.72,0.046121469177930106,0.005841641993577498,0.0011112072842844915,0.0,0.0,0.04497898578471853,99
127.74000000000001,0.046142382598974276,0.005843314258261579,0.0011112278657544627,0.0,0.0,0.044999451874307934,99
127.76,0.046163070297111385,0.005844903441385576,0.0011112471013973355,0.0,0.0,0.045019736836893455,99
127.78,0.04618358549671717,0.005846409818929023,0.0011112646046971908,0.0,0.0,0.045039895313789415,99
127.8,0.04620393009008088,0.005847833717944672,0.0011112803762285104,0.0,0.0,0.045059920455637774,99
127.82000000000001,0.046224098663292565,0.005849175487066997,0.001111294416639759,0.0,0.0,0.045079805941798695,99
127.84,0.04624407216518515,0.005850445485342456,0.001111306726651452,0.0,0.0,0.04509954598049477,99
127.86,0.046263844052951184,0.005851648715732007,0.0011113173070540618,0.0,0.0,0.045119135306567255,99
127.88000000000001,0.04628340826759243,0.005852770950789496,0.0011113261587058307,0.0,0.0,0.04513856917672132,100
127.9,0.046302759224730615,0.005853812612965238,0.0011113332825304723,0.0,0.0,0.04515784336203796,100
127.92,0.046321891802345166,0.005854774139959457,0.001111338679514773,0.0,0.0,0.04517695413747352,100
127.94,0.046340801325141824,0.005855655983433532,0.0011113423507061358,0.0,0.0,0.045195898268053154,100
127.96000000000001,0.04635948354527861,0.0058564586077252375,0.0011113442972100547,0.0,0.0,0.04521467299148804,100
127.98,0.046377940378159094,0.005857182488574095,0.0011113790914612392,0.0,0.0,0.04523327599700613,100
128.0,0.046396178436581066,0.005857828111863574,0.001111422780549847,0.0,0.0,0.04525170540027281,100
128.02,0.04641417876322798,0.0058583959723872755,0.0011114646893864292,0.0,0.0,0.04526995971438519,100
128.04,0.04643193854790574,0.005858886572646663,0.0011115048186675594,0.0,0.0,0.04528803781704093,101
128.06,0.046449455252763075,0.005859300421687956,0.0011115431691426972,0.0,0.0,0.045305938914104775,101
128.08,0.04646742659194714,0.005859638033985873,0.0011115797416115815,0.0,0.0,0.045323662499914125,101
128.1,0.04648550136358495,0.00585989992838171,0.0011116145369216822,0.0,0.0,0.04534120831477554,101
128.12,0.04650367588423799,0.005860086627082907,0.0011116475559657165,0.0,0.0,0.04535857630020124,101
128.14000000000001,0.04652162365872881,0.005860198667506203,0.0011116787996792437,0.0,0.0,0.04537576655251718,101
128.16,0.04653934357488565,0.005860380191901107,0.0011117082690383585,0.0,0.0,0.04539277927553974,101
128.18,0.046556834537011926,0.005860553096536562,0.001111790665558489,0.0,0.0,0.045409614733067004,101
128.2,0.046574095417182736,0.00586065204707501,0.0011118866675402616,0.0,0.0,0.04542627320196096,101
128.22,0.04659120622101182,0.005860677576831419,0.0011119808065144876,0.0,0.0,0.04544275492661193,101
128.24,0.046608109771882685,0.005860630217992262,0.0011120730835263333,0.0,0.0,0.045459060075575174,101
128.26,0.04662568995501224,0.005860510501192772,0.001112170552664605,0.0,0.0,0.045475188701154384,101
128.28,0.04664345621637334,0.005860318955186153,0.0011122907775644507,0.0,0.0,0.04549114070267616,101
128.3,0.04666141117403266,0.005860056106603571,0.0011124091074064882,0.0,0.0,0.0455069157941572,101
128.32,0.04667915637696895,0.0058597268166637965,0.0011125255408563886,0.0,0.0,0.04552251347700993,101
128.34,0.04669669321347946,0.005859353607747818,0.0011126400789320476,0.0,0.0,0.045537933018362634,101
128.36,0.046714040900217774,0.005858910649454372,0.0011127527228184256,0.0,0.0,0.045553173435487655,101
128.38,0.04673117357132326,0.005858398459151661,0.0011129029151168974,0.0,0.0,0.04556823348673401,101
128.4,0.04674808886227104,0.005857817552106965,0.0011130526157415493,0.0,0.0,0.045583111669248014,101
128.42000000000002,0.04676478412546612,0.0058571684416862885,0.001113200362157357,0.0,0.0,0.04559780622364025,102
128.44,0.04678151759781884,0.005856451639596434,0.0011133461555306976,0.0,0.0,0.045612315145614035,102
128.46,0.0467986019320674,0.005855667656157532,0.0011134899970451563,0.0,0.0,0.04562663620441996,102
128.48,0.04681586907455383,0.005854817000593397,0.0011136318879010098,0.0,0.0,0.04564076696783821,102
128.5,0.04683293510798748,0.005853900181326671,0.0011137718295704054,0.0,0.0,0.045654704833229504,101
128.52,0.04684979709147668,0.005852933415622663,0.001113909823994365,0.0,0.0,0.04566844706403375,101
128.54,0.04686645198580194,0.00585191063528992,0.0011140458714582694,0.0,0.0,0.04568199083095047,101
128.56,0.0468828966982533,0.005850823185399313,0.0011141799732251848,0.0,0.0,0.045695333256908756,101
128.58,0.046899128130264284,0.005849671573803681,0.0011143121305731577,0.0,0.0,0.045708471464836864,103
128.6,0.046915143226789635,0.005848456308671914,0.001114442344795018,0.0,0.0,0.04572140262717864,103
128.62,0.04693093902635306,0.005847208101475543,0.0011145706171982067,0.0,0.0,0.04573412401608286,103
128.64000000000001,0.04694651271070676,0.005847239222256125,0.0011146969491046383,0.0,0.0,0.045746633053207496,103
128.66,0.04696186165310479,0.005847203520690384,0.0011148213418505795,0.0,0.0,0.04575892735814069,103
128.68,0.04697698346428294,0.005847101521865504,0.0011149437967865473,0.0,0.0,0.045771004794531424,103
128.7,0.04699187603536231,0.005846933750145179,0.0011150643152772171,0.0,0.0,0.045782863513147164,103
128.72,0.047006537577034,0.005846700728913208,0.0011152084883359092,0.0,0.0,0.045794501991215764,104
128.74,0.04702096665453696,0.005846402980254334,0.001115357081527231,0.0,0.0,0.045805919067564406,104
128.76,0.047035162218096574,0.005846041024577285,0.001115503703333112,0.0,0.0,0.04581756637174199,104
128.78,0.04704906566922542,0.005845615380186047,0.0011156331773822697,0.0,0.0,0.045829116727165026,104
128.8,0.04706271901680741,0.005845126533278736,0.0011157566046062068,0.0,0.0,0.04584043221918216,104
128.82,0.04707613822020902,0.005844574988507182,0.0011158781121029138,0.0,0.0,0.04585152497942918,104
128.84,0.04708929161313852,0.005843961254916296,0.0011160039438026697,0.0,0.0,0.045862357458634845,104
128.86,0.047102171422603485,0.0058432858361793525,0.0011161358068544822,0.0,0.0,0.045872920506288,104
128.88,0.047114820675787455,0.005842549230896304,0.001116265705007235,0.0,0.0,0.04588326540819234,104
128.9,0.04712724148087068,0.005841751933766424,0.001116393639758709,0.0,0.0,0.04589339460916607,104
128.92000000000002,0.04713943641254836,0.005840894433515619,0.0011165196126181078,0.0,0.0,0.04590331102925475,103
128.94,0.047151408505300835,0.005839977212301677,0.0011166436251060763,0.0,0.0,0.04591301805721837,103
128.96,0.04716316124387253,0.005839000745127022,0.0011167656787547068,0.0,0.0,0.04592254771188179,103
128.98,0.047174698551201405,0.005837965499264045,0.001116885775107523,0.0,0.0,0.045932331643507546,103
129.0,0.04718602477399828,0.005836871933697563,0.0011170039157194754,0.0,0.0,0.04594191843599935,103
129.02,0.047197144666123084,0.0058359760492343515,0.0011171201021569128,0.0,0.0,0.0459516108490927,104
129.04,0.04720806336985525,0.005835962266956881,0.0011172343359975594,0.0,0.0,0.0459613694460209,104
129.06,0.04721878639510285,0.005835982711514227,0.0011173466188304734,0.0,0.0,0.04597094679290444,104
129.08,0.04722929013985371,0.005835942973021758,0.0011174581467881877,0.0,0.0,0.04598031855529599,104
129.1,0.04723956596251044,0.005835843422167368,0.0011175695213417403,0.0,0.0,0.0459894759424403,104
129.12,0.04724966467930181,0.005835684416426457,0.0011176789463841679,0.0,0.0,0.04599847195228398,104
129.14000000000001,0.04725959302042331,0.005835466305079357,0.0011178244341538785,0.0,0.0,0.04600731377325065,104
129.16,0.04726935794723431,0.0058351894249056525,0.001117977674209715,0.0,0.0,0.046016008836959436,104
129.18,0.0472789666176963,0.005834854099922154,0.0011181288906711069,0.0,0.0,0.04602456478403262,104
129.2,0.047288426349068345,0.0058344606411788675,0.001118278084676422,0.0,0.0,0.0460329894271795,104
129.22,0.047297744577745444,0.0058340093466179715,0.0011184252573825007,0.0,0.0,0.04604129071144348,104
129.24,0.04730692881616502,0.0058335005010010325,0.001118570409964584,0.0,0.0,0.04604947667153861,104
129.26,0.047315986606767994,0.005832934375909672,0.0011187135436162496,0.0,0.0,0.04605784544825813,104
129.28,0.047324925473080606,0.005832311229824985,0.0011188546595493722,0.0,0.0,0.046066345696500664,104
129.3,0.04733375286808697,0.005831631308290721,0.0011189937589941184,0.0,0.0,0.04607475411777881,104
129.32,0.04734247612018008,0.005830894844164936,0.0011191467918450619,0.0,0.0,0.04608307862223662,104
129.34,0.04735110237712228,0.005830102057964208,0.0011193255337611971,0.0,0.0,0.04609132695554071,104
129.36,0.04735963854859682,0.005829253158303675,0.0011195022751429775,0.0,0.0,0.04609950664202292,104
129.38,0.04736809124809507,0.005828348342435028,0.0011196770158270802,0.0,0.0,0.04610762492719074,104
129.4,0.04737646673504564,0.005827387796883224,0.001119849755677527,0.0,0.0,0.04611568872051482,104
129.42000000000002,0.04738477085824666,0.00582637169818094,0.0011200204945865993,0.0,0.0,0.046123704539555485,104
129.44,0.04739300900179423,0.005825300213697928,0.001120189232475765,0.0,0.0,0.04613167845662394,104
129.46,0.047401186034802645,0.005824173502560199,0.00112035596929659,0.0,0.0,0.04613961604927594,104
129.48,0.04740930626626708,0.005822995850415352,0.001120520705031646,0.0,0.0,0.046147522355989845,104
129.5,0.047417373406419806,0.005821784524566975,0.0011206897780573102,0.0,0.0,0.04615540183838283,105
129.52,0.047425323519641086,0.005820518385249354,0.0011208829618197527,0.0,0.0,0.04616319128646326,104
129.54,0.04743321878097755,0.005819197556332222,0.0011210741184384876,0.0,0.0,0.04617095371553916,104
129.56,0.04744122751790505,0.005817822170612626,0.0011212632341665988,0.0,0.0,0.04617869906600012,104
129.58,0.04744984696100718,0.00581639236089189,0.0011214503091357935,0.0,0.0,0.046186429286421415,104
129.6,0.047458445499083596,0.005814908259769768,0.0011216353435119667,0.0,0.0,0.04619414569621384,104
129.62,0.04746702361954931,0.005813370000834693,0.0011218183379972783,0.0,0.0,0.0462018490066883,104
129.64000000000001,0.04747558122971448,0.005811777719809169,0.0011219992929883138,0.0,0.0,0.04620953935239624,104
129.66,0.04748411769741849,0.005810131555632442,0.0011221782080788757,0.0,0.0,0.04621721633185134,104
129.68,0.04749263189977243,0.005808431651464342,0.0011223550835782754,0.0,0.0,0.04622487905636442,104
129.7,0.04750112227842402,0.005806678155596631,0.0011225299198333227,0.0,0.0,0.0462325262054056,104
129.72,0.04750958689951968,0.005804871222261081,0.0011227027172288758,0.0,0.0,0.04624015608666825,104
129.74,0.047518023516393684,0.005803011012326832,0.001122873476188334,0.0,0.0,0.04624776669886386,104
129.76,0.04752642963297157,0.005801097693883146,0.0011230421971740684,0.0,0.0,0.04625535579523523,105
129.78,0.047534802565940185,0.0057991314427072345,0.001123208880687798,0.0,0.0,0.04626292094583939,105
129.8,0.047543139503898615,0.005797112442620263,0.0011233735272709014,0.0,0.0,0.04627045959681459,105
129.82,0.0475514375619538,0.005795040885737757,0.0011235361375046694,0.0,0.0,0.04627796912509446,105
129.84,0.04755969383054227,0.005792916972623291,0.0011236967120104942,0.0,0.0,0.04628613803645913,105
129.86,0.04756790615419805,0.005790740912356356,0.0011238552514500136,0.0,0.0,0.046294325914837876,105
129.88,0.04757609110650708,0.005788512922526808,0.0011240117565251956,0.0,0.0,0.04630247522090823,105
129.9,0.04758422575946843,0.005786233229168946,0.0011241662279783907,0.0,0.0,0.046310583484122717,105
129.92000000000002,0.0475923074545798,0.005783902066648383,0.0011243186665923406,0.0,0.0,0.046318648340261254,105
129.94,0.04760033364953197,0.005781519677514305,0.001124469073190157,0.0,0.0,0.04632666754624612,105
129.96,0.04760830192746081,0.005779086312328558,0.0011246174486352742,0.0,0.0,0.04633463898952247,105
129.98,0.04761621000183806,0.005776602229481441,0.0011247637938313951,0.0,0.0,0.04634256069307846,105
130.0,0.0476240557182061,0.005774067695002167,0.0011249081097223993,0.0,0.0,0.04635043081731002,105
130.02,0.04763183705401566,0.005771482982369776,0.0011250503972922538,0.0,0.0,0.04635824765998972,105
130.04,0.047639552117806926,0.005768848372328114,0.0011251906575649156,0.0,0.0,0.04636600965557967,104
130.06,0.04764719914888472,0.005766164152706226,0.0011253288916042046,0.0,0.0,0.04637371537503998,104
130.08,0.04765477651848838,0.005763430618243543,0.0011254651005136909,0.0,0.0,0.04638136352713296,104
130.1,0.047662619390657156,0.005760648070417436,0.0011255993177952631,0.0,0.0,0.04638894049180408,104
130.12,0.047670472594179246,0.005757816809354977,0.0011257317604234766,0.0,0.0,0.046396361962967626,103
130.14000000000001,0.04767823906281808,0.005754937088688472,0.0011258620896746174,0.0,0.0,0.046403710688167635,103
130.16,0.047685866933625136,0.005752009224886301,0.0011259899410822794,0.0,0.0,0.046410935588635974,103
130.18,0.04769352980029194,0.005749033522528487,0.0011261157723814422,0.0,0.0,0.04641809900322164,103
130.2,0.04770160938811017,0.005746010314290972,0.001126239598624972,0.0,0.0,0.046425200648188926,103
130.22,0.047709610905848916,0.005742939938335421,0.0011263614091523684,0.0,0.0,0.046432463318743886,103
130.24,0.047717534152204796,0.005739822738016533,0.0011264812036265149,0.0,0.0,0.04643989308116523,103
130.26,0.04772537918688879,0.005736659061554656,0.001126598983496886,0.0,0.0,0.04644726108369098,103
130.28,0.0477337352251308,0.005733449261672252,0.001126719735464215,0.0,0.0,0.04645456807163549,103
130.3,0.04774212712455228,0.005730193695194015,0.0011268819657777663,0.0,0.0,0.046461815099505324,103
130.32,0.047750441753596926,0.005726892722611798,0.0011270421005843587,0.0,0.0,0.046469003548444826,103
130.34,0.04775868040810277,0.005723546707616751,0.0011272001517307515,0.0,0.0,0.04647613514060198,103
130.36,0.047766844727536874,0.0057201560198906105,0.0011273561144740985,0.0,0.0,0.04648362477045146,103
130.38,0.047775005494057554,0.005716973517281196,0.0011275099859109682,0.0,0.0,0.04649110150231259,103
130.4,0.0477835988829337,0.005714365695847519,0.001127661767554208,0.0,0.0,0.04649852809849891,103
130.42000000000002,0.04779212414518799,0.0057117104547768196,0.00112781146095872,0.0,0.0,0.04650590770724736,103
130.44,0.047800584309276,0.005709008088301369,0.0011279590677208554,0.0,0.0,0.04651324382503519,103
130.46,0.04780898272959561,0.005706258889202409,0.001128104589477808,0.0,0.0,0.04652054028323032,103
130.48,0.0478173230679427,0.005703463148328801,0.0011282545382235185,0.0,0.0,0.04652780122975023,103
130.5,0.04782560927015291,0.005700750432399354,0.0011284326316968393,0.0,0.0,0.04653503110591272,103
130.52,0.047833845538196376,0.005698093295426084,0.0011286085991406912,0.0,0.0,0.04654223461874556,103
130.54,0.04784203629806494,0.005695389334732465,0.0011287824421622474,0.0,0.0,0.04654941670909494,103
130.56,0.047850186163856,0.005692638839784452,0.0011289541624061935,0.0,0.0,0.046556582515937694,103
130.58,0.04785829989851052,0.00568984209612181,0.0011291237615542007,0.0,0.0,0.04656373733735464,103
130.6,0.04786638237170986,0.005686999385143007,0.0011292912413244302,0.0,0.0,0.046570886588670694,103
130.62,0.04787443851547381,0.005684110983951869,0.0011294566034710362,0.0,0.0,0.046578035758304694,103
130.64000000000001,0.04788247327802942,0.005681177165268977,0.0011296316418423476,0.0,0.0,0.04658519036189875,103
130.66,0.04789049157653942,0.005678198197409964,0.0011298256038822102,0.0,0.0,0.04659235589531694,103
130.68,0.04789849824928221,0.00567517434433198,0.0011300174105834824,0.0,0.0,0.046599537787105766,103
130.7,0.04790649800786789,0.005672105865748693,0.0011302070638000527,0.0,0.0,0.046606741351001756,103
130.72,0.047914495390050764,0.005668993017313295,0.0011303945654201578,0.0,0.0,0.04661397173904705,103
130.74,0.047922494713659704,0.005666538300610259,0.001130579917365892,0.0,0.0,0.04662123389583554,103
130.76,0.04793050003211312,0.00566479685681528,0.001130763130837055,0.0,0.0,0.046628739995358104,103
130.78,0.04793851509192356,0.005663009405732834,0.0011309442019569493,0.0,0.0,0.04663653455539711,103
130.8,0.04794654329251829,0.005661192102472971,0.0011311231292349428,0.0,0.0,0.04664437346220777,103
130.82,0.04795458764862981,0.005659338883409973,0.001131299914718695,0.0,0.0,0.04665226041084873,103
130.84,0.04796265075543389,0.005657467766580966,0.0011314745604869433,0.0,0.0,0.04666019869109509,104
130.86,0.04797073475654682,0.005655546386543751,0.0011316470686488632,0.0,0.0,0.046668191155844356,104
130.88,0.04797884509849464,0.0056535750279043,0.0011318174413433846,0.0,0.0,0.046676240192461596,104
130.9,0.047986994210503384,0.005651553975117727,0.0011319856807384806,0.0,0.0,0.04668434769709125,105
130.92000000000002,0.04799516761777451,0.005649483512496536,0.0011321517890303964,0.0,0.0,0.046692515051949685,105
130.94,0.048003365395364234,0.005647363924886396,0.001132315768442846,0.0,0.0,0.04670074310561949,105
130.96,0.04801159632961758,0.005645195498354911,0.0011324776212261578,0.0,0.0,0.046709032156386714,105
130.98,0.04801988222312477,0.005642978520885683,0.0011326373496563732,0.0,0.0,0.04671738193869667,105
131.0,0.04802818643067046,0.005640713289521462,0.0011327951930132191,0.0,0.0,0.0467257581570612,105
131.02,0.04803644724598925,0.005638400071492489,0.0011329513604461867,0.0,0.0,0.04673413017757747,105
131.04,0.04804468174427989,0.005636039125029352,0.0011331051794138851,0.0,0.0,0.046742516539153484,105
131.06,0.04805289343125604,0.005633630739109381,0.0011332566903211616,0.0,0.0,0.04675092158844082,105
131.08,0.048061113871221396,0.005631175210154126,0.0011334060887159183,0.0,0.0,0.04675937756147221,105
131.1,0.04806933839433037,0.005628672851752904,0.0011335533770018785,0.0,0.0,0.04676788071625913,105
131.12,0.04807756174863613,0.005626123983721494,0.0011336985576011263,0.0,0.0,0.046776426750677745,105
131.14000000000001,0.04808577811522511,0.0056235289325410895,0.0011338416329529327,0.0,0.0,0.04678501081834706,105
131.16,0.04809398112709193,0.005620888031731307,0.0011339826055126096,0.0,0.0,0.046793627548276776,105
131.18,0.048102163891541205,0.005618201622152335,0.0011341214777503452,0.0,0.0,0.04680227106807241,105
131.2,0.04811031901583272,0.005615495165108284,0.0011342582521500421,0.0,0.0,0.046810935030414585,105
131.22,0.04811843863573291,0.00561277013510597,0.00113439307743166,0.0,0.0,0.046819612642476555,105
131.24,0.048126514446605595,0.005610000623114857,0.0011345260129527021,0.0,0.0,0.046828296697913815,105
131.26,0.04813453773666598,0.0056071870008737685,0.0011346568578444096,0.0,0.0,0.04683697961105049,105
131.28,0.04814249942203524,0.005604329647839278,0.0011347856146346797,0.0,0.0,0.046845653452901606,105
131.3,0.04815039008326416,0.0056014289734038995,0.0011349122858596357,0.0,0.0,0.046854309988700285,105
131.32,0.04815820000303468,0.005598485350642921,0.0011350368740626392,0.0,0.0,0.046862940716640614,105
131.34,0.04816592006477042,0.005595499180217244,0.0011351593817933326,0.0,0.0,0.04687153690759393,105
131.36,0.04817363183360494,0.005592470870398716,0.0011352798116067353,0.0,0.0,0.04688008964559947,105
131.38,0.04818160225208434,0.005589400835874597,0.001135398166062403,0.0,0.0,0.04688858986896642,106
131.4,0.048189573971817154,0.00558628949734696,0.0011355144477236396,0.0,0.0,0.046897028411846196,106
131.42000000000002,0.04819741342723894,0.005583137281101857,0.0011356286591567774,0.0,0.0,0.04690539604614169,106
131.44,0.04820564023831569,0.005579944618555126,0.0011357408029305197,0.0,0.0,0.046913683523610195,105
131.46,0.048213994273537265,0.005576711945781221,0.0011358508816153663,0.0,0.0,0.046922124782020666,105
131.48,0.0482220440796468,0.005573439703031006,0.001135952521890139,0.0,0.0,0.04693055103324722,105
131.5,0.04823004963492145,0.005570394829657122,0.001136051547589501,0.0,0.0,0.04693885757721722,105
131.52,0.04823821825877545,0.005568352075774633,0.0011361485282004907,0.0,0.0,0.04694704729653371,105
131.54,0.04824618972895633,0.005566268130377379,0.0011362434662610407,0.0,0.0,0.04695511146659573,105
131.56,0.04825395387049893,0.005564143422210264,0.0011363363643091783,0.0,0.0,0.04696304158731709,105
131.58,0.048261500720987345,0.005561978381889542,0.0011364272248828868,0.0,0.0,0.04697082941977442,105
131.6,0.04826882056326923,0.005559773441434608,0.0011365160519904525,0.0,0.0,0.046978467020718465,105
131.62,0.04827591374113103,0.005557529033812837,0.0011366028527665813,0.0,0.0,0.04698594677458881,105
131.64000000000001,0.04828318902532181,0.00555524559249888,0.0011366876234842063,0.0,0.0,0.046993261422706226,105
131.66,0.04829058466939433,0.0055533982369111124,0.0011367703666773376,0.0,0.0,0.047000404089363255,105
131.68,0.04829786048530325,0.005552348461250055,0.0011368510848802076,0.0,0.0,0.04700736830459389,105
131.7,0.04830490703179786,0.005551257984537543,0.0011369297806274657,0.0,0.0,0.047014148023472216,105
131.72,0.04831170069251502,0.005550127215248359,0.0011370064564544247,0.0,0.0,0.04702073764186257,105
131.74,0.048318234889373736,0.0055489565604990064,0.001137081115928095,0.0,0.0,0.047027132008618,105
131.76,0.04832450346735625,0.00554774642569702,0.0011371537608376363,0.0,0.0,0.047033326434293574,104
131.78,0.04833050069851565,0.0055464972142068,0.0011372243934597427,0.0,0.0,0.04703931669650778,104
131.8,0.04833622128275971,0.0055452093270315925,0.0011372930163349162,0.0,0.0,0.04704509904213872,104
131.82,0.04834169583284476,0.005543883162511208,0.0011373596320058512,0.0,0.0,0.0470507918497812,104
131.84,0.048346909841901764,0.005542519116035015,0.0011374242430177836,0.0,0.0,0.047056650119440546,104
131.86,0.048351834176742554,0.005541227618163029,0.0011374868519188294,0.0,0.0,0.04706229136045858,103
131.88,0.04835646519920101,0.005540349713907834,0.0011375474612603392,0.0,0.0,0.04706771366448637,103
131.9,0.04836082278788565,0.005539430478089591,0.001137606073597237,0.0,0.0,0.04707291556514056,103
131.92000000000002,0.048365353711128205,0.005538470303057081,0.0011376626914883546,0.0,0.0,0.04707789602698392,102
131.94,0.04836958202480417,0.0055374695793894676,0.001137717317496767,0.0,0.0,0.04708265443335727,102
131.96,0.04837350648677368,0.005536428695537425,0.0011377699541901094,0.0,0.0,0.047087190573341785,102
131.98,0.04837715552075126,0.005536127177527667,0.001137820604140893,0.0,0.0,0.04709150462811141,102
132.0,0.04838049666980352,0.00553654668911477,0.0011378692699268004,0.0,0.0,0.047095597156909384,102
132.02,0.04838352873990634,0.005536922963290286,0.0011379159541309884,0.0,0.0,0.04709946908286107,102
132.04,0.0483862508225969,0.005537256343233453,0.0011379606593423608,0.0,0.0,0.04710312167880828,102
132.06,0.04838866227849515,0.005537547168401992,0.0011380033881558387,0.0,0.0,0.04710655655332592,103
132.08,0.04839076272102998,0.0055378018939026006,0.0011380441431726247,0.0,0.0,0.047109775637058635,103
132.1,0.048392552000477804,0.005539324478455328,0.0011380829270004615,0.0,0.0,0.04711278116949102,103
132.12,0.04839443588735491,0.005540802369837002,0.0011381197422538527,0.0,0.0,0.04711557568624561,103
132.14000000000001,0.048396350609515776,0.005542235868829234,0.00113815459155432,0.0,0.0,0.047118162006982,103
132.16,0.048397976480496915,0.005544420986100498,0.0011381874775306113,0.0,0.0,0.04712054322395483,103
132.18,0.048399314744458403,0.005547095639963609,0.0011382212537360407,0.0,0.0,0.04712272269127129,103
132.2,0.048400366830851416,0.005549723281855809,0.0011383137363025298,0.0,0.0,0.04712515120285398,103
132.22,0.04840132913927234,0.005552304162698147,0.0011384188333465831,0.0,0.0,0.047127525855461,103
132.24,0.04840272302809389,0.005554839085550948,0.0011385218679999386,0.0,0.0,0.0471297095562789,103
132.26,0.0484040945471699,0.0055573278776336445,0.0011386228426042797,0.0,0.0,0.04713170661404782,103
132.28,0.04840572352371758,0.005559770622110419,0.0011387217595108072,0.0,0.0,0.04713352155672781,103
132.3,0.04840712612088312,0.005562167568080273,0.0011388186210805145,0.0,0.0,0.04713515912516535,103
132.32,0.0484082942584071,0.005564518909301787,0.0011389134423291714,0.0,0.0,0.047136612414957285,103
132.34,0.04840917364608729,0.005566824849179327,0.0011390062877725345,0.0,0.0,0.047137828343110456,103
132.36,0.04840985127483748,0.005569085556930634,0.001139097085121392,0.0,0.0,0.047138882442827344,104
132.38,0.04841033504711584,0.005571301226792782,0.0011391858367764225,0.0,0.0,0.047139780256323864,104
132.4,0.048410613140932354,0.0055734720448003565,0.0011392725451494642,0.0,0.0,0.04714052751663289,104
132.42000000000002,0.04841069011566425,0.00557559818854047,0.0011393572126637732,0.0,0.0,0.04714113014481609,104
132.44,0.04841057067493377,0.005577679826906671,0.0011394398417542812,0.0,0.0,0.04714159424759449,104
132.46,0.04841025966294696,0.005579717119851422,0.0011395204348678566,0.0,0.0,0.04714192611533558,105
132.48,0.04840976206104122,0.005581714049995522,0.0011395989944635485,0.0,0.0,0.047142426516106645,104
132.5,0.04840983000740036,0.005583700343824433,0.001139675523012851,0.0,0.0,0.04714297894254324,104
132.52,0.04840988033210752,0.005585680687706997,0.0011397500229999474,0.0,0.0,0.047143418495577634,103
132.54,0.048409788251511245,0.005587617201168658,0.0011398224969219658,0.0,0.0,0.04714375218481044,103
132.56,0.04840956013760267,0.005589512414376467,0.0011398929472892297,0.0,0.0,0.047143987196108836,103
132.58,0.04840920251583403,0.005591389965693063,0.00113996137662551,0.0,0.0,0.04714413089003746,102
132.6,0.04840889713568246,0.0055932239833461185,0.001140027787468281,0.0,0.0,0.04714419080001224,102
132.62,0.048408800884287714,0.0055950145408418875,0.0011400921823689718,0.0,0.0,0.047144174630056226,102
132.64000000000001,0.04840859490143219,0.005596761705994386,0.0011401545638932227,0.0,0.0,0.04714409025202935,102
132.66,0.04840828629585049,0.00559846553864409,0.0011402339097417674,0.0,0.0,0.0471439457021975,102
132.68,0.048408230405095544,0.005600126083713314,0.0011403384662281302,0.0,0.0,0.04714374917700121,103
132.7,0.048408470016080125,0.005601830052771037,0.0011404410054068916,0.0,0.0,0.047143509027883335,103
132.72,0.048408650109747965,0.0056035650641252125,0.0011405415355820192,0.0,0.0,0.04714323375503319,103
132.74,0.04840877887320859,0.005605256554398674,0.0011406400428826294,0.0,0.0,0.04714293199991204,102
132.76,0.048408864617126846,0.005606904518713539,0.0011407365291877462,0.0,0.0,0.04714261253643221,102
132.78,0.048408915765203474,0.00560850893931441,0.0011408309955621646,0.0,0.0,0.04714228426067927,102
132.8,0.048408940842100213,0.005610928500214157,0.0011409234550477194,0.0,0.0,0.04714195617908915,102
132.82,0.04840894845975187,0.005613767956772551,0.0011410139095166469,0.0,0.0,0.04714163739502369,102
132.84,0.048408947302049025,0.005616560279608982,0.0011411023515597093,0.0,0.0,0.04714133709372828,102
132.86,0.04840889907476842,0.005619305380827776,0.0011411887993049738,0.0,0.0,0.047141017934104135,102
132.88,0.04840877950189904,0.005622003131752968,0.001141273266383373,0.0,0.0,0.04714065647767104,102
132.9,0.04840867766131536,0.005624653370972444,0.001141355720570828,0.0,0.0,0.04714034159106931,101
132.92000000000002,0.048408602341176006,0.005627255969878353,0.0011414361635624854,0.0,0.0,0.0471400826064971,101
132.94,0.0484088968104188,0.005629810786147644,0.0011415145970847767,0.0,0.0,0.0471398888419914,101
132.96,0.04840944828750882,0.005632317663772117,0.001141591022895571,0.0,0.0,0.047139769579739636,101
132.98,0.048410051635870525,0.0056347764331261905,0.001141665442784301,0.0,0.0,0.04713973404449426,101
133.0,0.04841071540993572,0.005637186911072561,0.0011417378585720525,0.0,0.0,0.047139791382635916,101
133.02,0.048411448052993036,0.005639548901105099,0.0011418082721116171,0.0,0.0,0.04713995064248194,101
133.04,0.04841225787892217,0.005641862193527321,0.0011418766852874817,0.0,0.0,0.04714022075646649,101
133.06,0.048413153056398046,0.005644126565663886,0.0011419431000157763,0.0,0.0,0.04714061052581454,100
133.08,0.04841414159614684,0.005646341782101513,0.0011420075182441358,0.0,0.0,0.047141128608293684,100
133.1,0.04841523134175541,0.005648507594954944,0.001142069941951479,0.0,0.0,0.047141783509546765,100
133.12,0.04841642996441416,0.005650623744152801,0.001142130373147697,0.0,0.0,0.04714258357838736,100
133.14000000000001,0.04841774496180621,0.005652689957737753,0.0011421888138732122,0.0,0.0,0.04714353700627281,100
133.16,0.04841918366115957,0.005654705952175211,0.0011422452661984258,0.0,0.0,0.047144651830973626,100
133.18,0.04842075322624785,0.00565667143266492,0.0011422997322230054,0.0,0.0,0.047145935944227044,100
133.2,0.048422460667886094,0.005658586093450479,0.001142352214075006,0.0,0.0,0.04714739710292327,100
133.22,0.04842431285722286,0.005660692903916643,0.0011424027139098224,0.0,0.0,0.047149042943128404,100
133.24,0.04842631654090435,0.00566275519783286,0.0011424512339089287,0.0,0.0,0.047150880996021646,100
133.26,0.04842847835699022,0.0056647642970742125,0.0011424977762784106,0.0,0.0,0.0471529187046297,100
133.28,0.04843080485035017,0.00566671986868609,0.001142542343247262,0.0,0.0,0.04715516344008939,100
133.3,0.04843332412457817,0.005668621570016338,0.0011425849370654436,0.0,0.0,0.04715762251607886,100
133.32,0.04843602853892686,0.005670469048990564,0.0011426255600016824,0.0,0.0,0.04716030320002828,100
133.34,0.048438916937842774,0.005672261944397399,0.0011426642143410127,0.0,0.0,0.047163212719761066,100
133.36,0.04844199558922687,0.005673999886194374,0.0011427009023820506,0.0,0.0,0.047166358264324484,100
133.38,0.04844567850523243,0.005675682495847081,0.0011427356264340056,0.0,0.0,0.04716974697793613,100
133.4,0.048449869910708876,0.005677309386715825,0.0011427683888134354,0.0,0.0,0.04717338594619815,100
133.42000000000002,0.04845483878780986,0.00567888016450497,0.0011427991918407552,0.0,0.0,0.04717728217399683,100
133.44,0.048460188522194886,0.005680394427790596,0.0011428280378365293,0.0,0.0,0.047181442554806316,99
133.46,0.04846579625296692,0.005681851768641793,0.0011428549291175615,0.0,0.0,0.04718609976061317,99
133.48,0.048471651262941944,0.0056832517733498835,0.0011428798679928372,0.0,0.0,0.047191543926298804,99
133.5,0.048477759336378816,0.005684594023278134,0.0011429028567593483,0.0,0.0,0.047197270423666754,99
133.52,0.048484125929142856,0.0056858780958419786,0.0011429238976978814,0.0,0.0,0.04720328523541916,99
133.54,0.04849075610134947,0.005687103565626677,0.00114294299306881,0.0,0.0,0.0472095939630857,99
133.56,0.048497654446319344,0.005688270005645495,0.0011429601451079868,0.0,0.0,0.04721620175672754,99
133.58,0.04850482501758762,0.005689376988737278,0.0011429753560228322,0.0,0.0,0.04722311324271404,99
133.6,0.04851227125585694,0.005690424089097709,0.0011429886279886712,0.0,0.0,0.04723033245145581,99
133.62,0.048520405255633434,0.00569141088393374,0.001142999963145476,0.0,0.0,0.04723786274706329,99
133.64000000000001,0.04852891703953419,0.005692336955225999,0.001143009363595073,0.0,0.0,0.04724570676091392,99
133.66,0.048537730424911996,0.005693201891579469,0.0011430168313989306,0.0,0.0,0.04725386633105539,99
133.68,0.04854687172162928,0.005694005290138769,0.0011430223685766178,0.0,0.0,0.04726234244924861,99
133.7,0.0485563441266009,0.005694746758540942,0.0011430259771050384,0.0,0.0,0.047271135217261596,99
133.72,0.04856609666796087,0.00569542591687632,0.001143027658918467,0.0,0.0,0.047280243813777434,99
133.74,0.048576126857141355,0.0056960423996263885,0.001143027415909492,0.0,0.0,0.04728966647298253,99
133.76,0.048586431229424104,0.005696595857547418,0.001143025249930861,0.0,0.0,0.047299400475570866,99
133.78,0.048597005347168744,0.005697085959469179,0.0011430211627982297,0.0,0.0,0.04730944215254824,99
133.8,0.048607843815912995,0.005697512393980136,0.0011430151562937983,0.0,0.0,0.04731978690186057,99
133.82,0.04861918042406819,0.005697874870973236,0.0011430072321707923,0.0,0.0,0.04733042921751657,99
133.84,0.048630864473508485,0.005699283925516307,0.0011429973921586632,0.0,0.0,0.04734136273053641,99
133.86,0.04864279898725011,0.005700852430485038,0.00114298563796896,0.0,0.0,0.04735258026074263,99
133.88,0.048654975310745925,0.005702775556268886,0.0011429719713016773,0.0,0.0,0.04736409396355589,99
133.9,0.048667400914666155,0.0057058458835474645,0.0011429563938520019,0.0,0.0,0.04737632984872775,99
133.92000000000002,0.04868006345586458,0.005708838506332275,0.0011429389073172392,0.0,0.0,0.047388823387071316,99
133.94,0.0486929381826898,0.0057117531495141675,0.0011429195134038295,0.0,0.0,0.04740156483937805,99
133.96,0.04870601410507167,0.0057145895702073405,0.0011428982138342407,0.0,0.0,0.04741454402480411,99
133.98,0.04871927985194075,0.005717347558182673,0.0011428750103536492,0.0,0.0,0.04742775040410407,99
134.0,0.04873272375265821,0.005720026936089962,0.0011428499047362473,0.0,0.0,0.04744117316136864,99
134.02,0.048746333915010424,0.0057226275594789745,0.001142822898791101,0.0,0.0,0.0474552479328162,99
134.04,0.04876009829804426,0.005725149316632492,0.0011427939943674556,0.0,0.0,0.047469700789749714,99
134.06,0.048774004778262055,0.005727592128226962,0.0011427631933594523,0.0,0.0,0.047484335860072543,99
134.08,0.04878804120800174,0.005729955946838484,0.0011427304977102025,0.0,0.0,0.0474991419471023,98
134.1,0.048802195465179776,0.00573224075631317,0.0011426959094152295,0.0,0.0,0.047514107905198055,98
134.12,0.04881645549396747,0.005734446571021666,0.0011426594305252672,0.0,0.0,0.047529222681206455,98
134.14000000000001,0.04883080933636827,0.005736573435017703,0.0011426210631484577,0.0,0.0,0.047544475346905,98
134.16,0.048845245155061875,0.005738621421119982,0.0011425808094519627,0.0,0.0,0.0475598551228089,98
134.18,0.04885975124824195,0.005740590629935504,0.0011425386716630644,0.0,0.0,0.047575351394068315,98
134.2,0.048874316057488716,0.0057424811888408984,0.0011424946520697682,0.0,0.0,0.04759095371949632,98
134.22,0.04888892816996726,0.00574429325093609,0.0011424487530209938,0.0,0.0,0.04760665183501632,98
134.24,0.04890357631640714,0.005746026993982365,0.0011424009769263903,0.0,0.0,0.047622435652982804,98
134.26,0.04891824936640284,0.005747682619334368,0.0011423513262558067,0.0,0.0,0.04763829525891251,97
134.28,0.04893293632256808,0.0057492603508729765,0.0011422998035384984,0.0,0.0,0.047654220907156646,97
134.3,0.04894754667237973,0.005750760433943613,0.0011422469148040491,0.0,0.0,0.04767012301279404,97
134.32,0.048962156759723555,0.005752183098014183,0.0011422201965400009,0.0,0.0,0.04768606409939951,97
134.34,0.04897678749697532,0.005753528624599394,0.0011421982812218079,0.0,0.0,0.047702043085315345,97
134.36,0.04899138999005025,0.005754797317256291,0.001142174455293139,0.0,0.0,0.04771805088220161,97
134.38,0.04900600464110843,0.00575598949683694,0.0011421487214894766,0.0,0.0,0.04773407857648456,97
134.4,0.04902148897003694,0.00575710550045968,0.0011421210825958855,0.0,0.0,0.04775011744135994,97
134.42000000000002,0.049037430071213375,0.005758145680481652,0.0011420915414451613,0.0,0.0,0.04776615895282404,97
134.44,0.04905334823124307,0.0057591104034707095,0.0011420601009158753,0.0,0.0,0.04778219480935027,98
134.46,0.0490692279988873,0.005760000049175611,0.0011420267639303521,0.0,0.0,0.04779821695460449,98
134.48,0.049085060933930176,0.0057608150094943565,0.001141991533452586,0.0,0.0,0.04781421760241068,98
134.5,0.04910083887065491,0.005761555687441639,0.001141954412486111,0.0,0.0,0.04783018926305485,98
134.52,0.04911655394346421,0.005762234998456331,0.0011419154040718633,0.0,0.0,0.047846124769941954,98
134.54,0.04913263756407265,0.005762852609934009,0.0011418745112860115,0.0,0.0,0.04786201730560239,98
134.56,0.04914894535719985,0.0057633971770380595,0.0011418317372378028,0.0,0.0,0.04787786042607216,98
134.58,0.049165191360129624,0.005763879426822047,0.001141787085067448,0.0,0.0,0.04789364808274019,98
134.6,0.049181394875840424,0.005764303672960074,0.001141740557944021,0.0,0.0,0.04790937464085945,98
134.62,0.0491975266067954,0.005764656175899549,0.0011416921590634269,0.0,0.0,0.04792503489404705,98
134.64000000000001,0.049213580535669765,0.005764937388275183,0.0011416418916464293,0.0,0.0,0.047940624074245396,98
134.66,0.04922955220486034,0.005765147766025416,0.001141589758936763,0.0,0.0,0.04795613785677427,98
134.68,0.04924543759603691,0.005765287767562959,0.0011415357641993175,0.0,0.0,0.04797157236026797,97
134.7,0.04926125853270367,0.005765357859913883,0.001141479910718424,0.0,0.0,0.04798692414145649,97
134.72,0.04927699056094822,0.005765358498036692,0.0011414222017962375,0.0,0.0,0.04800219018490846,97
134.74,0.04929262693252979,0.005765290142631781,0.0011413626407512246,0.0,0.0,0.04801736788801156,97
134.76,0.049308165284644184,0.005765153254916739,0.001141301230916743,0.0,0.0,0.04803245504160954,97
134.78,0.04932360362011168,0.005764948295385037,0.0011412379756397457,0.0,0.0,0.04804744980685141,97
134.8,0.04933895620205711,0.005764675723388719,0.001141172878279566,0.0,0.0,0.048062350688929445,97
134.82,0.04935422267116311,0.005764335996801201,0.0011411059422068305,0.0,0.0,0.04807715650848842,97
134.84,0.049369385241769176,0.005763929571760164,0.0011410371708024376,0.0,0.0,0.04809186637157661,97
134.86,0.049384443097328895,0.005763456902489017,0.0011409665674566643,0.0,0.0,0.048106479639072705,97
134.88,0.0493993956406887,0.005762918441193906,0.0011408941631379716,0.0,0.0,0.048120995896563094,97
134.9,0.0494142424652682,0.005762314638031599,0.001140819961032957,0.0,0.0,0.04813541492565363,97
134.92000000000002,0.049428983328633096,0.00576164594114202,0.0011407439381429967,0.0,0.0,0.04814973667767598,97
134.94,0.04944361812936271,0.005760916075369976,0.0011406660978693476,0.0,0.0,0.04816396125069105,96
134.96,0.04945814688801862,0.0057601435718257,0.0011405864940502257,0.0,0.0,0.048178088870596325,97
134.98,0.04947256973289163,0.005759307479684379,0.00114050508304857,0.0,0.0,0.04819211987701465,97
135.0,0.04948738008591259,0.005758408240366078,0.001140426314015794,0.0,0.0,0.04820605471447869,98
135.02,0.04950280249963073,0.005757446294091057,0.0011403932975959366,0.0,0.0,0.04821989392923957,98
135.04,0.049518209998874144,0.005756422080096586,0.00114038511685943,0.0,0.0,0.048233638171819,98
135.06,0.04953351116379937,0.005755336036843408,0.0011403750224356357,0.0,0.0,0.04824728820521616,98
135.08,0.04954870664078572,0.005754188602200143,0.001140363017654281,0.0,0.0,0.04826084491846833,98
135.1,0.04956379721374948,0.0057529802135947725,0.0011403491058511162,0.0,0.0,0.04827430934507255,98
135.12,0.04957878382660187,0.005751711308123488,0.0011403332903677625,0.0,0.0,0.04828768268561119,98
135.14000000000001,0.04959366760911637,0.0057503823226087904,0.0011403155745515505,0.0,0.0,0.048300966333791336,99
135.16,0.049608449905328623,0.005748995309853636,0.001140295976127845,0.0,0.0,0.04831416190502033,99
135.18,0.049623132303545335,0.005747578503539765,0.0011402993936684334,0.0,0.0,0.04832727126659482,99
135.2,0.04963771666703857,0.005746102911580114,0.001140307338375473,0.0,0.0,0.04834029656857966,99
135.22,0.049652205164540435,0.005744723728852308,0.001140313358126785,0.0,0.0,0.04835324027449148,99
135.24,0.049666600299724625,0.005744233415093668,0.0011403174562301765,0.0,0.0,0.04836610519097404,99
135.26,0.04968090493895968,0.005743682403888633,0.0011403319368384923,0.0,0.0,0.04837889449575027,99
135.28,0.04969512233673102,0.005743326184680984,0.0011403637219845116,0.0,0.0,0.048391611763248445,98
135.3,0.049709295203159594,0.005743997100166893,0.001140393556027275,0.0,0.0,0.04840426098742012,98
135.32,0.049723398731977037,0.0057446039481324086,0.0011404214422368474,0.0,0.0,0.04841684660138565,98
135.34,0.0497374737813954,0.005745257645719712,0.0011404473838841057,0.0,0.0,0.04842937349365205,98
135.36,0.04975147979542562,0.005745907655205841,0.0011404713842406908,0.0,0.0,0.048441847020743514,98
135.38,0.0497654222467006,0.005746494403633402,0.001140493446578966,0.0,0.0,0.048454273016160045,97
135.4,0.049779307080186214,0.005747034171123877,0.0011405135741719612,0.0,0.0,0.048466657795638114,97
135.42000000000002,0.04979314071449815,0.0057475475444668895,0.00114053177029332,0.0,0.0,0.04847900815872122,97
135.44,0.04980759628379319,0.005747998693836849,0.0011405480382172463,0.0,0.0,0.04849133138666612,97
135.46,0.049822057253610365,0.005748387962096384,0.0011405623812184376,0.0,0.0,0.04850363523670799,97
135.48,0.049836488056226154,0.005748715682776982,0.0011405748025720309,0.0,0.0,0.04851592793269091,97
135.5,0.04985089821040792,0.005748982179439415,0.0011405853055535306,0.0,0.0,0.04852821815204092,97
135.52,0.04986529764455928,0.005749187765054776,0.0011406364150562788,0.0,0.0,0.04854083680218988,97
135.54,0.04987969275063756,0.005749332741412126,0.0011406905424906682,0.0,0.0,0.04855370497375427,97
135.56,0.04989409298984578,0.0057494173985587664,0.0011407426822042939,0.0,0.0,0.04856659850306037,97
135.58,0.04990850817378628,0.005749442014279141,0.0011407928311143697,0.0,0.0,0.04857952767555973,98
135.6,0.04992294843095577,0.005749414697662677,0.0011408409925248134,0.0,0.0,0.048592503106568076,98
135.62,0.04993739408705421,0.005749344895870623,0.0011408792652888205,0.0,0.0,0.04860551354963635,99
135.64000000000001,0.049951841594656037,0.005749215763684739,0.0011409039523229175,0.0,0.0,0.04861855969485773,99
135.66,0.049966346031023186,0.005749027503218862,0.0011409267112181887,0.0,0.0,0.04863168547723599,99
135.68,0.04998090048383166,0.005748780324988914,0.0011409510035842534,0.0,0.0,0.048644881094634544,99
135.7,0.04999547737206054,0.005748474424558791,0.0011410011317210863,0.0,0.0,0.0486581121189122,99
135.72,0.05001004871747658,0.005748109981667481,0.001141059852995208,0.0,0.0,0.04867136641469446,99
135.74,0.050024665022839955,0.005747687114457783,0.0011411139985059494,0.0,0.0,0.04868469326654461,98
135.76,0.05003939346311018,0.005747205947532462,0.0011411661538222196,0.0,0.0,0.04869815787387312,98
135.78,0.05005424464135118,0.005746666620901467,0.0011412163222595216,0.0,0.0,0.048711771463191625,98
135.8,0.050069497365014516,0.005746069261037015,0.001141264507139247,0.0,0.0,0.04872554495950444,98
135.82,0.05008526178005205,0.0057454139813530826,0.001141310711788496,0.0,0.0,0.04873948889119189,98
135.84,0.050101196588968486,0.005744700882814388,0.0011413549395398964,0.0,0.0,0.0487536413901551,98
135.86,0.05011733513803475,0.005743930054679493,0.0011413971937314267,0.0,0.0,0.04876844330532067,98
135.88,0.05013374351628032,0.005743101575381048,0.0011414374777062551,0.0,0.0,0.04878344322060111,98
135.9,0.05015034893178417,0.005742215513544156,0.0011414757948125923,0.0,0.0,0.0487986490535089,98
135.92000000000002,0.05016710210073663,0.005741271929141637,0.0011415144299512774,0.0,0.0,0.048814009520064566,98
135.94,0.05018404654059783,0.005740270869643526,0.0011415518502053724,0.0,0.0,0.04882956983079354,98
135.96,0.05020120531525902,0.005739212379956346,0.0011415873102119027,0.0,0.0,0.04884535398821332,98
135.98,0.050218581872625366,0.005738096502229516,0.001141620813315379,0.0,0.0,0.04886173778928656,98
136.0,0.05023609194736342,0.00573692327582581,0.0011416490395653772,0.0,0.0,0.048878421638012884,98
136.02,0.0502537300646399,0.005736035136421819,0.0011416717493514545,0.0,0.0,0.04889524659973729,98
136.04,0.05027158859603929,0.005735603708037971,0.001141692516250367,0.0,0.0,0.04891230171528632,98
136.06,0.05028966550401444,0.005735111020618573,0.0011417113436269697,0.0,0.0,0.04892958518175896,98
136.08,0.05030795728993292,0.00573455703819407,0.0011417282348513667,0.0,0.0,0.048947093739125855,98
136.1,0.050326458993356964,0.005733941729959998,0.001141743214195249,0.0,0.0,0.048964822669607076,98
136.12,0.05034516421026575,0.0057332650722254335,0.0011417562786935848,0.0,0.0,0.04898276581599989,97
136.14000000000001,0.05036406513015593,0.005732527050321588,0.001141767417847304,0.0,0.0,0.04900091561889222,97
136.16,0.05038315259140647,0.005731727660444723,0.0011417766350444664,0.0,0.0,0.04901926317214792,97
136.18,0.05040234573195606,0.005730866911408784,0.0011417842640756553,0.0,0.0,0.04903772785151304,97
136.2,0.05042166486535227,0.005729944782264093,0.0011417901581007824,0.0,0.0,0.049056330248182144,97
136.22,0.050441135904131906,0.005729148417919657,0.0011417941392350608,0.0,0.0,0.0490750965578869,97
136.24,0.05046074515212789,0.005728369885298614,0.0011417962108852184,0.0,0.0,0.0490940133588722,97
136.26,0.05048051347655304,0.005727528506949941,0.0011417963764640087,0.0,0.0,0.04911306638003238,97
136.28,0.05050039624022362,0.005726624392947464,0.001141794640235523,0.0,0.0,0.049132240629071726,98
136.3,0.05052037194126071,0.005725657673344496,0.0011417910065712829,0.0,0.0,0.049151520524480526,98
136.32,0.05054040469481986,0.005724628498833073,0.001141785220156865,0.0,0.0,0.049170869786225035,98
136.34,0.05056028898260661,0.005723537037535079,0.0011418067139015377,0.0,0.0,0.04919006446552174,98
136.36,0.05058022833619959,0.0057224295488329125,0.001141838801812333,0.0,0.0,0.04920931627228404,98
136.38,0.05060019488307046,0.00572126176898601,0.001141868960999317,0.0,0.0,0.04922860858455155,98
136.4,0.05062017173937854,0.0057200323197938805,0.0011418971940662915,0.0,0.0,0.04924792483237748,98
136.42000000000002,0.05064010305169207,0.0057187414587832,0.0011419219986731001,0.0,0.0,0.04926721098766112,98
136.44,0.05065987215444801,0.005717389469598691,0.001141939524367182,0.0,0.0,0.049286354568616665,98
136.46,0.05067960261853932,0.0057159766695706335,0.0011419551392010262,0.0,0.0,0.04930547412756275,98
136.48,0.050699278786683184,0.005714503377546687,0.001141996114278663,0.0,0.0,0.04932455434810569,98
136.5,0.050718885526281225,0.005712969931585853,0.0011420400011786852,0.0,0.0,0.04934358044578312,98
136.52,0.05073840829828984,0.0057113766881684925,0.0011420819433238083,0.0,0.0,0.0493625382371345,98
136.54,0.05075783321686116,0.005709733378094844,0.0011421219433644738,0.0,0.0,0.04938141419954391,98
136.56,0.05077714709990694,0.005708536049363859,0.0011421600039674016,0.0,0.0,0.049400195522007515,98
136.58,0.050796337510838806,0.0057073465832378975,0.0011421961278554975,0.0,0.0,0.0494188701470791,98
136.6,0.05081539279182326,0.005706094290309788,0.0011422303185404633,0.0,0.0,0.04943742680433182,98
136.62,0.05083430208896444,0.0057047796185587685,0.0011422625778831678,0.0,0.0,0.049455855035749625,98
136.64000000000001,0.0508530553698903,0.005703403030641677,0.0011422929086128653,0.0,0.0,0.04947414521352393,98
136.66,0.050872118955691936,0.0057019650026357924,0.001142321313473745,0.0,0.0,0.04949228855078351,98
136.68,0.0508911417924398,0.005700466022780295,0.0011423477952246456,0.0,0.0,0.04951027710582488,98
136.70000000000002,0.05090998264285987,0.005698906590225246,0.0011423723566387576,0.0,0.0,0.04952810378043733,98
136.72,0.050928695508035644,0.0056972872137959745,0.0011423950005033277,0.0,0.0,0.0495457623129325,98
136.74,0.05094722229398664,0.005695608410779854,0.0011424157296193718,0.0,0.0,0.04956324726648824,98
136.76,0.050965550019752705,0.005693870705741427,0.0011424345468013849,0.0,0.0,0.04958055401340654,98
136.78,0.05098367438217708,0.005692074629371032,0.001142451454877055,0.0,0.0,0.04959767871586211,98
136.8,0.0510015918354154,0.005690220717371198,0.0011424664566869924,0.0,0.0,0.04961461830368449,98
136.82,0.05101929956601835,0.005688309509384321,0.0011424795550844591,0.0,0.0,0.04963137044967524,98
136.84,0.05103679546599562,0.005686341547964427,0.001142490752935104,0.0,0.0,0.04964793354291072,98
136.86,0.05105407810425827,0.005684317377595254,0.0011425000531167138,0.0,0.0,0.04966430666042856,98
136.88,0.051071146696777134,0.0056822375437563044,0.0011425074585189755,0.0,0.0,0.04968048953763548,98
136.9,0.05108800107573581,0.00568010259203814,0.0011425129720432326,0.0,0.0,0.049696482537716004,98
136.92000000000002,0.05110464165789667,0.005677913067307796,0.0011425165999818818,0.0,0.0,0.04971228662026036,98
136.94,0.05112101079542004,0.005675669512924959,0.0011425179433490402,0.0,0.0,0.049727845179597094,98
136.96,0.0511375281894428,0.0056733724493117765,0.0011425172761185046,0.0,0.0,0.04974320074244096,97
136.98,0.051153989811278985,0.005671022408437752,0.0011425147302343063,0.0,0.0,0.04975837360747091,97
137.0,0.051170243835228856,0.005668619925052478,0.0011425103086512482,0.0,0.0,0.04977336679498821,97
137.02,0.051186293107400235,0.005666165529777028,0.0011425040143346766,0.0,0.0,0.04978818375687729,97
137.04,0.05120214085742217,0.005663659748579616,0.001142495850260276,0.0,0.0,0.04980282834211219,97
137.06,0.05121779066295651,0.005661103102304423,0.0011424858194138895,0.0,0.0,0.04981730476159259,97
137.08,0.05123355240303979,0.005658496106254246,0.001142473924791315,0.0,0.0,0.04983161755218739,97
137.1,0.051249393238117454,0.0056558392698278365,0.001142460169398108,0.0,0.0,0.04984577153985354,97
137.12,0.051265076606136516,0.00565313309621292,0.001142444556249369,0.0,0.0,0.049859771801694895,97
137.14000000000001,0.05128059959521274,0.005650378082136056,0.0011424270883695332,0.0,0.0,0.049873623626836026,97
137.16,0.05129594619569801,0.005647574717670638,0.001142407768792134,0.0,0.0,0.04988733247600732,97
137.18,0.051311121278302,0.005644723486104343,0.0011423866005595674,0.0,0.0,0.04990120138946108,97
137.20000000000002,0.05132612978390964,0.005641824863867415,0.0011423635867228363,0.0,0.0,0.04991509623351646,97
137.22,0.05134097667863139,0.005638879320522981,0.001142338730341273,0.0,0.0,0.04992886450716334,97
137.24,0.05135566690759043,0.005635887318820485,0.0011423120344822534,0.0,0.0,0.049942511926427714,97
137.26,0.05137020534763239,0.00563284931481295,0.0011422835022208803,0.0,0.0,0.049956044156931494,97
137.28,0.05138459675923543,0.005629765758038269,0.0011422531366396553,0.0,0.0,0.04996946676630172,97
137.3,0.05139869278564565,0.005626637104999306,0.0011422151226481107,0.0,0.0,0.049982743556328306,97
137.32,0.051412622122879684,0.0056234912034591866,0.0011421741881121675,0.0,0.0,0.049996244604085235,98
137.34,0.0514264178800557,0.005621682864248703,0.0011421314375124922,0.0,0.0,0.05000965144158282,98
137.36,0.051440083869869604,0.005619823526046192,0.0011421021598248334,0.0,0.0,0.050022968767793524,100
137.38,0.05145362355258737,0.0056179136511587255,0.001142092197707175,0.0,0.0,0.05003620095047959,100
137.4,0.05146703902153439,0.00561595369677961,0.0011420803859052795,0.0,0.0,0.05004935100734459,100
137.42000000000002,0.05148023826449276,0.0056139441149380765,0.001142067407894628,0.0,0.0,0.050062327393227676,100
137.44,0.05149331919436285,0.005611885294576313,0.0011420525784943082,0.0,0.0,0.050075408305206466,100
137.46,0.051506283481925194,0.005609777681226514,0.0011420359006370142,0.0,0.0,0.05008897059969431,100
137.48,0.05151913227887015,0.005607621717709582,0.0011420173772592845,0.0,0.0,0.05010246220655131,100
137.5,0.051531866200602267,0.005605417844775161,0.0011419970113010296,0.0,0.0,0.05011588479380859,100
137.52,0.051544485315596765,0.005603166501735671,0.001141974805705062,0.0,0.0,0.050129239508921224,100
137.54,0.051556989141521306,0.005600868127082979,0.0011419507634166236,0.0,0.0,0.05014252697576443,100
137.56,0.05156937664816329,0.0055985231590767025,0.0011419248873829424,0.0,0.0,0.050155747298472046,100
137.58,0.05158164626702854,0.005596132036293791,0.0011419081298968416,0.0,0.0,0.05016890007198472,100
137.6,0.051593795907314666,0.005593695198130045,0.0011419111562080996,0.0,0.0,0.050181984399011545,100
137.62,0.05160567985680326,0.0055912130852455895,0.001141906812471925,0.0,0.0,0.05019486129346181,100
137.64000000000001,0.05161740331054037,0.005588686158791033,0.0011418992588602156,0.0,0.0,0.05020763306321577,101
137.66,0.051628997965677936,0.005586114867621655,0.001141889849701972,0.0,0.0,0.05022033134730462,101
137.68,0.05164045991110754,0.00558349965816582,0.0011418785878693992,0.0,0.0,0.050232953559125375,101
137.70000000000002,0.05165178486984945,0.005580840979235725,0.001141865476232093,0.0,0.0,0.05024561825455771,101
137.72,0.05166296824082382,0.005578139282131776,0.0011418505176568324,0.0,0.0,0.05025853812687308,100
137.74,0.05167423909040825,0.00557539502067887,0.0011418337150074318,0.0,0.0,0.05027137177260577,100
137.76,0.05168569883035836,0.005572608651198197,0.0011418150711446449,0.0,0.0,0.05028411554925886,100
137.78,0.05169701594046784,0.005569780632419301,0.0011417945766030336,0.0,0.0,0.05029676340411758,100
137.8,0.051708111042782834,0.005566930268394568,0.0011417718316623793,0.0,0.0,0.05030923755979185,100
137.82,0.05171905578703562,0.005564047049782885,0.0011417472547431914,0.0,0.0,0.05032161029662116,100
137.84,0.051729845040040565,0.005561123526481222,0.0011417208486918684,0.0,0.0,0.05033387764641518,100
137.86,0.051740473667619906,0.005558160165032063,0.00114169261635199,0.0,0.0,0.050346035669720804,100
137.88,0.05175093657410402,0.00555515743326186,0.0011416625605644905,0.0,0.0,0.05035808049629622,100
137.9,0.05176122873932701,0.005552115799964403,0.0011416306841678648,0.0,0.0,0.05037000836311906,100
137.92000000000002,0.051771345252819546,0.005549035734567978,0.0011415969899984113,0.0,0.0,0.05038181564963226,100
137.94,0.05178128134496094,0.005545917706791696,0.0011415614808905005,0.0,0.0,0.05039349890999225,100
137.96,0.051791032414912064,0.005542762186295807,0.0011415241596768617,0.0,0.0,0.05040505490214257,100
137.98,0.05180059405521196,0.005539569642330257,0.0011414850291888998,0.0,0.0,0.05041648061359828,100
138.0,0.05180996207298189,0.005536340549176463,0.0011414440922570246,0.0,0.0,0.050427773283887346,100
138.02,0.05181913250773817,0.005533075371093583,0.0011414013517109978,0.0,0.0,0.050438930423652426,100
138.04,0.05182810164587201,0.005529774571392061,0.0011413568103802842,0.0,0.0,0.050449949830474364,100
138.06,0.051836866031902844,0.005526438614248977,0.0011413104710944228,0.0,0.0,0.050460829601526244,100
138.08,0.05184542247665714,0.005523198027353606,0.0011412623366833896,0.0,0.0,0.05047156814321288,100
138.1,0.05185376806256041,0.005521111358279481,0.0011412124099779745,0.0,0.0,0.05048216417798656,100
138.12,0.051861900146259805,0.005518987896296979,0.0011411606938101576,0.0,0.0,0.050492616748559725,100
138.14000000000001,0.0518698163588152,0.005516828074669517,0.0011411071910134793,0.0,0.0,0.05050292521975529,100
138.16,0.05187751460371014,0.005514632310564823,0.0011410519044234106,0.0,0.0,0.05051308927824992,100
138.18,0.051884993052940115,0.005512401024950009,0.001140994838058752,0.0,0.0,0.05052310893047125,100
138.20000000000002,0.05189225014143514,0.005510134635101081,0.0011409360157117927,0.0,0.0,0.05053298449890974,100
138.22,0.0519003035222035,0.0055078335543715115,0.001140875418295862,0.0,0.0,0.050542716617099685,100
138.24,0.05190834252129561,0.005506130390897482,0.0011408130486529773,0.0,0.0,0.05055230622351403,100
138.26,0.051916193552480325,0.005505046775945442,0.0011407489096288642,0.0,0.0,0.05056175455460263,100
138.28,0.05192385700360103,0.005503926682065209,0.0011406830040733141,0.0,0.0,0.05057106313718765,100
138.3,0.051931392985492895,0.005502770478715632,0.001140615334840519,0.0,0.0,0.05058073502835352,100
138.32,0.05193917828846547,0.005501578530465906,0.0011405459047894016,0.0,0.0,0.05059036514577244,100
138.34,0.051946920864388804,0.00550035119682106,0.001140474716783952,0.0,0.0,0.05059986099317021,100
138.36,0.05195486494309414,0.005499088832056148,0.0011404017736935455,0.0,0.0,0.050609225176309454,100
138.38,0.05196264173343502,0.005497791785058376,0.0011403270783932533,0.0,0.0,0.05061854272324309,100
138.4,0.051970253386402716,0.005496467041640549,0.0011402506337641588,0.0,0.0,0.05062811555074521,100
138.42000000000002,0.051977586993155654,0.0054951364933488196,0.0011401724740373138,0.0,0.0,0.0506374512104264,100
138.44,0.05198515755690424,0.0054937721023843415,0.0011401353249972286,0.0,0.0,0.05064665531918617,100
138.46,0.05199265701422421,0.005492374187776409,0.0011400974761066837,0.0,0.0,0.05065574399113343,100
138.48,0.052000001449632634,0.0054923954769648155,0.0011400578188916414,0.0,0.0,0.05066472121153363,100
138.5,0.05200719397428098,0.0054924355201880415,0.0011400163560491797,0.0,0.0,0.050673591172128156,100
138.52,0.05201427039446245,0.005492438622380026,0.0011399730902853316,0.0,0.0,0.05068235826576449,100
138.54,0.05202179963050378,0.005492405044421894,0.0011399280243154079,0.0,0.0,0.05069102708157464,100
138.56,0.052029207212807856,0.00549316038302845,0.0011398811608642903,0.0,0.0,0.050699602400707935,100
138.58,0.052036405291796144,0.0054943547834129195,0.001139829407118345,0.0,0.0,0.05070800010456739,100
138.6,0.05204339580884067,0.0054955096727933505,0.0011397726810494877,0.0,0.0,0.05071622288236297,100
138.62,0.05205027852764256,0.005496625262398648,0.0011397141777596648,0.0,0.0,0.05072436799019656,100
138.64000000000001,0.05205705827690541,0.005497729825651541,0.001139653899967546,0.0,0.0,0.050732929315468744,100
138.66,0.05206374004728159,0.005499902262977743,0.0011395918504030582,0.0,0.0,0.050741440834121555,100
138.68,0.05207032898966941,0.005502221827064525,0.0011395280318076894,0.0,0.0,0.05074989111220418,100
138.70000000000002,0.05207683041392006,0.005504499536153053,0.001139462446934786,0.0,0.0,0.05075828619994324,100
138.72,0.05208327797234582,0.005506735524787595,0.0011393950985498624,0.0,0.0,0.05076663232404161,100
138.74,0.05209013124262943,0.005508929918768812,0.00113932598943091,0.0,0.0,0.050774935887689845,100
138.76,0.0520969288044628,0.005511082834939428,0.0011392551223687046,0.0,0.0,0.05078320347088581,100
138.78,0.05210367697766365,0.005513194380964662,0.001139182500167124,0.0,0.0,0.05079144183101229,101
138.8,0.0521103822512482,0.005515291354495762,0.001139108125643461,0.0,0.0,0.050799657903615285,101
138.82,0.052117219165242444,0.005517361167511623,0.0011390320016287487,0.0,0.0,0.050807858803319256,101
138.84,0.052124568123805774,0.005519389860694151,0.0011389541309680844,0.0,0.0,0.05081605182480949,101
138.86,0.05213189887365162,0.005521377502564778,0.0011388745165209655,0.0,0.0,0.05082424444380375,101
138.88,0.05213949091234488,0.0055233244596899905,0.0011387931611616196,0.0,0.0,0.0508324443179283,101
138.9,0.052147599682392486,0.005525230486125326,0.0011387100677793533,0.0,0.0,0.050840659287404,101
138.92000000000002,0.05215571139449412,0.005527095603342861,0.0011386252935582102,0.0,0.0,0.05084889737544049,101
138.94,0.05216383384970833,0.005528919836936994,0.0011385388814916463,0.0,0.0,0.05085716678822819,102
138.96,0.05217197502293722,0.0055307032011298754,0.0011384507410105082,0.0,0.0,0.05086547591440774,102
138.98,0.05218014306150855,0.0055324456985117315,0.001138360875012102,0.0,0.0,0.0508738333238907,102
139.0,0.052188346282964586,0.005534147319781557,0.0011382692864086875,0.0,0.0,0.05088224776589668,102
139.02,0.05219656038150759,0.005535808043489742,0.001138176034102611,0.0,0.0,0.05089069537243617,102
139.04,0.05220477685050435,0.0055374278204877595,0.0011380812429489118,0.0,0.0,0.05089916808620349,102
139.06,0.05221305453986639,0.005539006580972997,0.001137984738821912,0.0,0.0,0.05090772522313803,102
139.08,0.05222140240499101,0.005540544265637147,0.001137886524636654,0.0,0.0,0.05091637620938396,102
139.1,0.05222982954360512,0.0055420408020530445,0.001137816528853229,0.0,0.0,0.05092513062390755,102
139.12,0.05223834518587359,0.005543496104458716,0.0011377481626678998,0.0,0.0,0.05093399818892069,102
139.14000000000001,0.05224695868280715,0.00554492568302532,0.0011376780475716322,0.0,0.0,0.050942988758617344,102
139.16,0.05225567949290543,0.005546332931854975,0.0011376061864874416,0.0,0.0,0.050952112306159106,102
139.18,0.05226451716700615,0.00554769859190429,0.001137532582356065,0.0,0.0,0.05096137890888144,102
139.20000000000002,0.05227348133136064,0.005549022522197284,0.001137457238136256,0.0,0.0,0.050970798731742005,102
139.22,0.05228258166900852,0.005550304567652027,0.0011373801568050697,0.0,0.0,0.050980382009084405,102
139.24,0.052291827899588784,0.00555154455901075,0.001137301341358136,0.0,0.0,0.05099013902485568,102
139.26,0.05230122975779288,0.005552742312805455,0.0011372207948099277,0.0,0.0,0.051000080091484164,102
139.28,0.05231079697073728,0.0055538976313617,0.0011371385204841508,0.0,0.0,0.05101021552769622,101
139.3,0.05232053923460604,0.005555010302842886,0.0011370545212059046,0.0,0.0,0.05102055563562359,101
139.32,0.052330473250101886,0.005556080101448976,0.0011369687999857893,0.0,0.0,0.05103111067761994,101
139.34,0.05234064900695176,0.005558083192198039,0.0011368814479559683,0.0,0.0,0.05104189085326178,101
139.36,0.05235104792885231,0.005560359606712202,0.0011367924249189503,0.0,0.0,0.051052906277051384,101
139.38,0.052362125512101884,0.005562588946095994,0.0011367016896198284,0.0,0.0,0.05106440907261782,101
139.4,0.05237344033394636,0.005564770888477053,0.001136609248382814,0.0,0.0,0.0510763942219658,101
139.42000000000002,0.05238500179534606,0.005566905119122294,0.0011365151037660223,0.0,0.0,0.05108864364848651,101
139.44,0.05239681913326398,0.00556901006874905,0.0011364192562424986,0.0,0.0,0.05110151822031008,100
139.46,0.05240914482561253,0.0055713243537238,0.0011363217089506452,0.0,0.0,0.05111496642376628,100
139.48,0.05242215748527812,0.005573588156660537,0.0011362224650462306,0.0,0.0,0.05112870630918681,100
139.5,0.05243554315942372,0.0055758052281752145,0.0011361200863157683,0.0,0.0,0.051142710876765876,100
139.52,0.05244945208210382,0.005578029835875966,0.0011360105904250895,0.0,0.0,0.051156889275475466,100
139.54,0.052463658992359184,0.005580203697892215,0.0011358994147053084,0.0,0.0,0.05117138632283718,99
139.56,0.05247817199864513,0.00558232553983915,0.0011357865623620848,0.0,0.0,0.05118621052168927,99
139.58,0.05249303721503196,0.0055843949732776585,0.0011356720366154107,0.0,0.0,0.051201370194109475,99
139.6,0.052508225457926,0.005586411600323619,0.0011355558406985484,0.0,0.0,0.05121687348415841,98
139.62,0.05252374339021541,0.005588375035194915,0.0011354379778567769,0.0,0.0,0.051232728359794616,98
139.64000000000001,0.05253959837753851,0.005590284852368716,0.00113531845134594,0.0,0.0,0.05124894261298871,98
139.66,0.05255577972341254,0.005592140618638695,0.0011351978593151326,0.0,0.0,0.05126550538328294,98
139.68,0.05257213493388196,0.005593941903533139,0.0011350815036116988,0.0,0.0,0.05128225926902162,98
139.70000000000002,0.052588848476474735,0.0055956882659457625,0.0011349634566866908,0.0,0.0,0.05129939517903333,98
139.72,0.05260625247513864,0.005597379263795856,0.0011348437219711298,0.0,0.0,0.05131692013635636,98
139.74,0.05262425317756689,0.00559901445008416,0.001134722302895382,0.0,0.0,0.05133484093407133,98
139.76,0.052642630328056356,0.005600593373757555,0.0011345992028863163,0.0,0.0,0.05135316411061407,98
139.78,0.05266138966694909,0.0056021155806525915,0.0011344744253642385,0.0,0.0,0.051371895920542726,98
139.8,0.052680536602224694,0.005603580614524076,0.0011343479737396165,0.0,0.0,0.05139104230127366,98
139.82,0.05270007617217229,0.005604988018162999,0.001134219851409631,0.0,0.0,0.0514106088365066,98
139.84,0.05272001300560541,0.005606337334605632,0.001134090061754562,0.0,0.0,0.05143060071722493,97
139.86,0.05274035128063511,0.0056076281084330055,0.0011339586081340908,0.0,0.0,0.05145102270128481,97
139.88,0.05276109468309474,0.005608859887156934,0.0011338254970804994,0.0,0.0,0.05147187907268301,97
139.9,0.052782254221360445,0.005610032222685715,0.001133690832612744,0.0,0.0,0.05149317360163431,97
139.92000000000002,0.05280385419123104,0.0056111510206863745,0.001133554513660589,0.0,0.0,0.05151490950658652,97
139.94,0.052825867315542396,0.00561225565333179,0.0011334165433863161,0.0,0.0,0.05153708941927015,97
139.96,0.052848294936880744,0.005613299499695267,0.0011332769249124026,0.0,0.0,0.05155971535382451,97
139.98,0.05287113773165158,0.005614282145070354,0.0011331356613187725,0.0,0.0,0.05158278868096898,97
140.0,0.05289476897106805,0.005615203187225124,0.0011329927556405213,0.0,0.0,0.05160631010810454,97
140.02,0.052918821643750905,0.00561606223804477,0.0011328389467569451,0.0,0.0,0.051630208721853164,97
140.04,0.05294317900529223,0.005616858949787192,0.0011326695009189613,0.0,0.0,0.05165444755399028,97
140.06,0.052967960931652486,0.005617593004582632,0.0011324984752842506,0.0,0.0,0.05167913303538962,97
140.08,0.0529931649176927,0.0056182640658158055,0.0011323258725297128,0.0,0.0,0.05170426316420849,97
140.1,0.05301878778976663,0.005618871816945819,0.0011321516952864162,0.0,0.0,0.05172983528861432,97
140.12,0.05304483403054108,0.005619433746778669,0.0011319759461416265,0.0,0.0,0.05175584613502092,97
140.14000000000001,0.053071305406719914,0.005619946204662948,0.001131798638426427,0.0,0.0,0.05178229184508534,97
140.16,0.05309818222129567,0.005620394439127948,0.0011316197710873604,0.0,0.0,0.051809168021144755,97
140.18,0.053125458986084124,0.005620778224955731,0.0011314393394676618,0.0,0.0,0.05183646977951495,97
140.20000000000002,0.05315312976711115,0.005621097361647477,0.0011312573460119043,0.0,0.0,0.051864191810805135,97
140.22,0.05318118825063662,0.0056213516738547655,0.0011310737931415353,0.0,0.0,0.05189232844613439,97
140.24,0.05320962781373531,0.005621541011637148,0.0011308886832605025,0.0,0.0,0.05192087372788636,97
140.26,0.053238441597847935,0.0056216652505501185,0.0011307020187610799,0.0,0.0,0.05194982148342716,97
140.28,0.05326762258355596,0.0056217242915709955,0.0011305165211787796,0.0,0.0,0.05197916540005241,97
140.3,0.05329751026499644,0.005621718060873512,0.0011303697704054855,0.0,0.0,0.05200884306748409,97
140.32,0.053327705865253636,0.005621646478994656,0.0011302208621177332,0.0,0.0,0.05203881494817724,97
140.34,0.05335826094636023,0.005622824435358809,0.001130070344454705,0.0,0.0,0.052069164219403205,97
140.36,0.05338916888410893,0.005625480833348416,0.0011299182193566157,0.0,0.0,0.05209988471868482,97
140.38,0.0534204232333598,0.005628058703585266,0.0011297644887955064,0.0,0.0,0.052130970474641276,96
140.4,0.0534520177749244,0.005630558007359475,0.0011296091547793772,0.0,0.0,0.05216241575393512,96
140.42000000000002,0.05348441222512313,0.005632978734359273,0.001129452219355819,0.0,0.0,0.052194215099497746,96
140.44,0.053517152955586234,0.005635320901729686,0.0011292936846151516,0.0,0.0,0.05222636335975741,96
140.46,0.053550240547051854,0.005637584553068613,0.0011291335526930622,0.0,0.0,0.052258855708975954,96
140.48,0.05358368952103743,0.005639769757379244,0.0011289718257727708,0.0,0.0,0.05229168765916161,95
140.5,0.053618006246368824,0.005641876607995791,0.0011288085060867402,0.0,0.0,0.05232485506434327,95
140.52,0.05365266141939435,0.005643905221497192,0.0011286435959179714,0.0,0.0,0.0523583541182565,95
140.54,0.05368763816606876,0.005645855736620833,0.0011284770976009095,0.0,0.0,0.0523921813466803,95
140.56,0.053722933210361715,0.005647728313185584,0.0011283090135220139,0.0,0.0,0.05242633359578194,95
140.58,0.05375854358171679,0.0056495231310306855,0.001128139346119995,0.0,0.0,0.05246080801786134,95
140.6,0.05379446659943799,0.005651240388974412,0.001127968097885782,0.0,0.0,0.05249560205584798,95
140.62,0.053830699857048483,0.005652880303794195,0.0011277952713622356,0.0,0.0,0.05253071342779315,95
140.64000000000001,0.053867241207702136,0.005654443109227907,0.0011276208691436268,0.0,0.0,0.05256614011243329,95
140.66,0.0539040887515151,0.005655929054994514,0.001127444893874904,0.0,0.0,0.05260188033668833,95
140.68,0.05394126016109871,0.005657338405831419,0.0011272673482507819,0.0,0.0,0.05263793256571506,95
140.70000000000002,0.05397875375008216,0.005658671440545153,0.0011270882350146508,0.0,0.0,0.05267429549588037,95
140.72,0.05401654965646002,0.0056599284510722245,0.0011269075569573183,0.0,0.0,0.05271096805076219,95
140.74,0.05405465428287237,0.005661109741547164,0.0011267253169156216,0.0,0.0,0.05274794938004511,95
140.76,0.05409376892164342,0.005662215627375644,0.0011265415177708882,0.0,0.0,0.05278555818790279,96
140.78,0.05413318256781855,0.005663246434311524,0.0011263561624472807,0.0,0.0,0.052823633841550234,96
140.8,0.05417289492579024,0.005664202497537806,0.001126169253910033,0.0,0.0,0.05286201648273616,96
140.82,0.054212905937968535,0.005665084160752795,0.0011259807951635842,0.0,0.0,0.05290070619702063,96
140.84,0.0542532157898219,0.005665891775263933,0.0011257907892496173,0.0,0.0,0.0529397033164534,96
140.86,0.054293824913939776,0.005666625699093017,0.0011255992392450419,0.0,0.0,0.0529790084238227,96
140.88,0.05433473399237117,0.0056672862960974665,0.0011254061482599003,0.0,0.0,0.0530186223551752,96
140.9,0.054375912869494766,0.005667873935113191,0.0011252553598287457,0.0,0.0,0.05305851496990711,96
140.92000000000002,0.05441733631186825,0.005668388975016348,0.001125106211461033,0.0,0.0,0.05309866107561835,96
140.94,0.05445906334834274,0.005668831766053828,0.0011249554538683994,0.0,0.0,0.0531391201328357,96
140.96,0.05450109562717488,0.005669202687272812,0.0011248031300592168,0.0,0.0,0.05317989396075133,96
140.98,0.05454343501342859,0.0056695021196134805,0.0011246492007511487,0.0,0.0,0.05322098460000851,96
141.0,0.05458608357193933,0.005669730445255885,0.0011244936691405189,0.0,0.0,0.05326239429582542,96
141.02,0.054629043546989185,0.005669888047026036,0.0011243365384326284,0.0,0.0,0.053304125477827875,96
141.04,0.05467231733908937,0.005669975307866051,0.0011241778118398701,0.0,0.0,0.05334618073698825,96
141.06,0.0547159074793896,0.005669992610372115,0.0011240174925799614,0.0,0.0,0.053388562800190546,96
141.08,0.05475981660232952,0.005669940336402981,0.0011238555838742653,0.0,0.0,0.053431274503037446,96
141.1,0.05480404741721279,0.005669818866760288,0.0011236920889462312,0.0,0.0,0.05347431876158026,96
141.12,0.0548486026794168,0.005669628580940626,0.0011235270110199393,0.0,0.0,0.05351769854368572,96
141.14000000000001,0.05489348516195032,0.005669369856957776,0.0011233603533187524,0.0,0.0,0.05356141684075192,96
141.16,0.05493869762803703,0.005669043071231914,0.00112319336584693,0.0,0.0,0.05360547664045218,97
141.18,0.05498424280533649,0.005668648598541076,0.0011230580617871437,0.0,0.0,0.05364988090111855,96
141.20000000000002,0.05503012336232056,0.005668186812028664,0.0011229211391591437,0.0,0.0,0.0536946325282836,96
141.22,0.05507634188720355,0.005667658083259348,0.0011227827971270227,0.0,0.0,0.053739734353778885,96
141.24,0.055122900869685146,0.005667062782314543,0.0011226428914685046,0.0,0.0,0.053785189117649713,96
141.26,0.05516980268561542,0.005666401277917612,0.001122501377529777,0.0,0.0,0.053830999452995576,96
141.28,0.05521704958453066,0.005665965135357092,0.0011223582580650172,0.0,0.0,0.05387716787368542,96
141.3,0.05526467584752316,0.005665719233392425,0.001122213535821164,0.0,0.0,0.05392369676474374,96
141.32,0.055312661119685386,0.005666306891050999,0.0011220672135375813,0.0,0.0,0.05397058837505421,97
141.34,0.055360997793863644,0.00566701703330353,0.001121919293945806,0.0,0.0,0.05401784481190291,97
141.36,0.05540968753266522,0.0056676545823005995,0.0011217699068271564,0.0,0.0,0.05406546803677727,97
141.38,0.05545873184069625,0.00566821986944452,0.001121619019122516,0.0,0.0,0.054113459861770526,97
141.4,0.05550813206067339,0.00566871322550213,0.0011214665446089439,0.0,0.0,0.05416182194590337,97
141.42000000000002,0.055557889368767835,0.00566913498042808,0.0011213124858350577,0.0,0.0,0.05421055579068415,97
141.44,0.055608004768545265,0.005669485463145848,0.001121156845339265,0.0,0.0,0.054259662734271116,97
141.46,0.05565847908294894,0.005669765001284839,0.0011209996256500523,0.0,0.0,0.05430914394368456,99
141.48,0.05570931294388805,0.005669973920873829,0.001120840829286333,0.0,0.0,0.0543590004046318,99
141.5,0.0557605067791376,0.005670112545992702,0.0011206804587578928,0.0,0.0,0.054409232908651586,99
141.52,0.05581206079641778,0.005670181198386138,0.0011205185165658732,0.0,0.0,0.05445984203744671,99
141.54,0.055863976812340566,0.00567018019704431,0.0011203550052033347,0.0,0.0,0.05451082814444754,99
141.56,0.05591663073022539,0.005670109857756918,0.0011201899271558724,0.0,0.0,0.05456219133382816,99
141.58,0.05596965526558616,0.005669977604526975,0.0011200233626224405,0.0,0.0,0.05461393143736331,99
141.6,0.05602304980807602,0.005670009867886389,0.0011198553250861248,0.0,0.0,0.05466604798967481,98
141.62,0.05607681342089308,0.005670581964193514,0.0011196857315737883,0.0,0.0,0.054718540202544956,98
141.64000000000001,0.05613094481492818,0.005671090652224229,0.00111952459030135,0.0,0.0,0.05477140693907845,98
141.66,0.05618544232360753,0.005671541886549739,0.001119391722612197,0.0,0.0,0.05482464668855929,98
141.68,0.05624030387929636,0.005671920760696687,0.0011192572926071284,0.0,0.0,0.054878257542870165,98
141.70000000000002,0.05629552699210927,0.005672227470484479,0.0011191212676292747,0.0,0.0,0.05493247330212936,98
141.72,0.056351108731899406,0.005672462206158722,0.0011189836435823476,0.0,0.0,0.05498755290912372,98
141.74,0.056407045714080256,0.005673795524954609,0.0011188444229260923,0.0,0.0,0.055042994164574796,98
141.76,0.05646333408977404,0.005675187856517116,0.0011187036081189532,0.0,0.0,0.055098793395725494,98
141.78,0.05651996954058358,0.005676504356445587,0.001118597712026889,0.0,0.0,0.055154946464043744,98
141.8,0.05657694727806419,0.005677745188190061,0.0011184914540199706,0.0,0.0,0.05521144876472032,98
141.82,0.05663426204773848,0.0056789105093797655,0.0011183835556547634,0.0,0.0,0.05526829523071227,98
141.84,0.05669190813726862,0.005680000472147909,0.0011182740193680211,0.0,0.0,0.055325480340946254,98
141.86,0.056750305124953486,0.005681015223526826,0.0011181628475993562,0.0,0.0,0.055382998132083985,99
141.88,0.056809114836119716,0.005681954905913782,0.001118050042791774,0.0,0.0,0.0554408422130778,99
141.9,0.05686823538593336,0.005682819657607531,0.0011179356073921826,0.0,0.0,0.05549900578161253,99
141.92000000000002,0.05692765937160766,0.005683609613415466,0.0011178195438518257,0.0,0.0,0.05555748164146018,99
141.94,0.05698737900969978,0.005684324905330934,0.00111770185462668,0.0,0.0,0.05561626221976457,99
141.96,0.057047386152351054,0.005684965663280043,0.0011175825421777875,0.0,0.0,0.05567533958333024,99
141.98,0.057107672301718475,0.005685532015936837,0.0011174616089715352,0.0,0.0,0.05573470545310623,100
142.0,0.05716822289054777,0.0056860435254649675,0.001117338837123649,0.0,0.0,0.05579434570517066,100
142.02,0.05722886057117685,0.005686517226376539,0.0011172077657027597,0.0,0.0,0.0558541442675909,100
142.04,0.05728975011551048,0.005686916956009862,0.0011170750882761918,0.0,0.0,0.05591471141525099,100
142.06,0.057350881715630166,0.005687253646023075,0.0011169577343937932,0.0,0.0,0.05597553030175231,100
142.08,0.05741224524411251,0.005687553445385125,0.0011168529044159158,0.0,0.0,0.05603659104015553,100
142.1,0.057473830252154454,0.005687779651157828,0.0011167464354221559,0.0,0.0,0.056097883426657474,100
142.12,0.057535625966217724,0.005687932432405365,0.0011166383298248693,0.0,0.0,0.056159396937312804,100
142.14000000000001,0.057597621284051985,0.005688011925239696,0.0011165395863214267,0.0,0.0,0.05622112072413817,100
142.16,0.057659804771048394,0.005688018290507094,0.0011164594779061068,0.0,0.0,0.05628304361155099,100
142.18,0.05772216465791656,0.0056879517014166835,0.0011163776993549886,0.0,0.0,0.05634515409413562,100
142.20000000000002,0.057784688840656816,0.005687812342188234,0.001116294253023862,0.0,0.0,0.05640744033670907,100
142.22,0.05784736488372549,0.005687600409236294,0.0011162091412719756,0.0,0.0,0.05646989017758396,100
142.24,0.0579101800271608,0.005687316112306776,0.001116122366461705,0.0,0.0,0.056532491135796406,100
142.26,0.05797312119826591,0.0056869596839960925,0.0011160339309582335,0.0,0.0,0.056595230422895465,99
142.28,0.05803618177805821,0.005686531357348005,0.0011159438371292332,0.0,0.0,0.056658094959685365,99
142.3,0.058099369096771936,0.005686031386299686,0.0011158520873445728,0.0,0.0,0.056721071398088296,99
142.32,0.05816265442476928,0.005685460043756601,0.0011157586839760565,0.0,0.0,0.05678414614806731,100
142.34,0.05822604502095435,0.005684817620353939,0.0011156636293971926,0.0,0.0,0.0568473054093382,100
142.36,0.05828949347735503,0.005684104424979137,0.0011155669259830172,0.0,0.0,0.05691053520741207,100
142.38,0.05835290897541466,0.005683320785150742,0.0011154689389986255,0.0,0.0,0.05697374501962398,100
142.4,0.05841632011746958,0.005682467002141216,0.0011153694655632745,0.0,0.0,0.05703696379055522,100
142.42000000000002,0.05847974574327916,0.005681543421711222,0.0011152683492673921,0.0,0.0,0.05710021070359486,100
142.44,0.05854317126760695,0.00568056781292771,0.0011151655924875492,0.0,0.0,0.05716347151179775,100
142.46,0.058606582146626805,0.005679535676154115,0.0011150611976017283,0.0,0.0,0.0572267320161514,100
142.48,0.05866989577365294,0.0056784348587823694,0.0011149372056461734,0.0,0.0,0.057289927975485704,100
142.5,0.0587331591746376,0.005677265764812236,0.0011148098382305668,0.0,0.0,0.05735309053491409,100
142.52,0.058796365002986996,0.005676028847260541,0.001114680890030217,0.0,0.0,0.05741621091827143,100
142.54,0.05885943247544083,0.005674724579140738,0.0011145633419747307,0.0,0.0,0.05747919583253604,101
142.56,0.05892240681436306,0.005673353442483102,0.0011144484511670602,0.0,0.0,0.05754210223580171,101
142.58,0.05898528284371161,0.005671915939941303,0.0011143607382756826,0.0,0.0,0.05760492690539789,101
142.6,0.05904805529486677,0.005670412588786043,0.001114271361215614,0.0,0.0,0.057667657305093954,101
142.62,0.05911073410290332,0.005668843919097465,0.001114180322333583,0.0,0.0,0.05773028131846989,101
142.64000000000001,0.059173277062686394,0.005667226208562395,0.001114087623978967,0.0,0.0,0.0577927872920943,101
142.66,0.05923567259778553,0.005665553387452877,0.0011140006200844204,0.0,0.0,0.05785546606658954,101
142.68,0.05929790966909713,0.005663816880795006,0.00111393668443379,0.0,0.0,0.057918725637065196,101
142.70000000000002,0.05935997781422155,0.005662017259319732,0.001113871133214404,0.0,0.0,0.057981834067448744,102
142.72,0.05942186718511118,0.005660155101208565,0.0011138039675535657,0.0,0.0,0.05804478196543292,102
142.74,0.0594835685836398,0.005658230991029525,0.0011137351885895314,0.0,0.0,0.05810756059811109,102
142.76,0.059545009437825556,0.005656245518694097,0.0011136674125408685,0.0,0.0,0.05817009533617191,101
142.78,0.05960623502688523,0.005654199272552605,0.001113598473121079,0.0,0.0,0.05823243403481716,101
142.8,0.059667249344952156,0.005652092852123321,0.001113527920331834,0.0,0.0,0.05829458161882677,101
142.82,0.05972804609454418,0.005649926864036131,0.0011134557553401086,0.0,0.0,0.058356532296243914,101
142.84,0.05978861976182409,0.005647739113897766,0.0011133819793279402,0.0,0.0,0.058418281069411854,101
142.86,0.059848965632268505,0.005645732518085821,0.0011133065934930638,0.0,0.0,0.05847982375090028,101
142.88,0.05990907980213363,0.0056436663821077555,0.0011132295990495126,0.0,0.0,0.05854115697523656,101
142.9,0.05996895918562989,0.005641541324664808,0.0011131509972281707,0.0,0.0,0.0586022782063544,101
142.92000000000002,0.060028601517783636,0.005639357962465931,0.001113070789277314,0.0,0.0,0.05866318574073869,101
142.94,0.06008800535302258,0.005637116909516033,0.0011129889764630886,0.0,0.0,0.058723878706303606,101
142.96,0.060147170059572555,0.005634818776444974,0.0011129104644897185,0.0,0.0,0.05878456849596905,102
142.98,0.060206095809791305,0.005632464169876878,0.0011128580292308606,0.0,0.0,0.05884572485065734,103
143.0,0.06026478356659003,0.005630053691839189,0.0011128040256660904,0.0,0.0,0.058906667068693644,103
143.02,0.06032334292543925,0.005627587939210948,0.0011127484539402975,0.0,0.0,0.058967397517465686,103
143.04,0.06038236124809911,0.005625067503209727,0.0011126913142240188,0.0,0.0,0.059027919330286574,103
143.06,0.06044114780394428,0.005622492968916789,0.0011126326067141274,0.0,0.0,0.05908823638243648,104
143.08,0.0604997065102036,0.0056198649148401355,0.0011125723316344515,0.0,0.0,0.05914835326394303,104
143.1,0.060558041953776225,0.005617183912515325,0.001112510489236325,0.0,0.0,0.05920827524922099,104
143.12,0.06061633867465543,0.0056144505261440415,0.0011124470797990527,0.0,0.0,0.05926800826366339,104
143.14000000000001,0.06067485460947071,0.005611665312270717,0.0011123821088068072,0.0,0.0,0.05932755612309355,104
143.16,0.06073309079862928,0.005608828818533322,0.0011123269974959377,0.0,0.0,0.05938685558854914,104
143.18,0.06079112724386493,0.005605941559493139,0.0011122917556688192,0.0,0.0,0.0594459874658921,104
143.20000000000002,0.06084897131391584,0.005603004067295736,0.001112254972721908,0.0,0.0,0.05950495989093732,104
143.22,0.06090680591392174,0.005600016865527842,0.001112216647937775,0.0,0.0,0.05956378143895319,104
143.24,0.060964574420346834,0.005596980469096444,0.0011121767886447705,0.0,0.0,0.05962246107340789,104
143.26,0.06102218391935367,0.005593895384152421,0.0011121353867054031,0.0,0.0,0.05968100809168043,104
143.28,0.06107964335249457,0.005590762108060516,0.0011120924410698274,0.0,0.0,0.05973943206774192,104
143.3,0.061136961863798286,0.005587581129417478,0.0011120479511717398,0.0,0.0,0.05979774279185192,104
143.32,0.061194148736206856,0.0055843529281202255,0.00111201435150303,0.0,0.0,0.059855950207374206,104
143.34,0.061251213325296615,0.005581077975485821,0.0011119985665211435,0.0,0.0,0.0599149247855822,105
143.36,0.06130816499055673,0.0055777567344247716,0.0011119816579570948,0.0,0.0,0.059974736342908196,105
143.38,0.06136501302460907,0.0055743896596689175,0.0011119631722314243,0.0,0.0,0.06003447100156207,105
143.4,0.06142176658087906,0.0055709771980546755,0.001111943108923859,0.0,0.0,0.06009413864860653,105
143.42000000000002,0.06147843460036219,0.0055675197888617545,0.001111921467647325,0.0,0.0,0.06015374897488007,105
143.44,0.061535025738271874,0.005564017864206748,0.0011118982480471037,0.0,0.0,0.06021331140212131,105
143.46,0.06159154829149618,0.00556047184949008,0.001111873512999396,0.0,0.0,0.06027283501092113,105
143.48,0.061648010127920226,0.005556882163893729,0.0011118476561104145,0.0,0.0,0.0603323284705598,105
143.5,0.06170441861878598,0.005553249220926049,0.0011118204721346104,0.0,0.0,0.06039179997190204,105
143.52,0.06176078057534699,0.005549573429008748,0.0011117920614093857,0.0,0.0,0.06045125716460806,106
143.54,0.06181710219112608,0.005545857243797673,0.0011117620802521865,0.0,0.0,0.060510707099969585,107
143.56,0.061873388991090135,0.005542122617060347,0.0011117305283479236,0.0,0.0,0.060570156180685585,107
143.58,0.061929645789010834,0.005538346327665605,0.0011116974054042384,0.0,0.0,0.060629610118848216,107
143.6,0.06198612193833884,0.00553452877009949,0.0011116627111504187,0.0,0.0,0.06068907390330879,107
143.62,0.062042887915806574,0.005530670337075286,0.001111626445336357,0.0,0.0,0.06074855177743991,107
143.64000000000001,0.062099652559612535,0.005526771420206821,0.0011115886077315753,0.0,0.0,0.0608080472281022,107
143.66,0.06215641806617633,0.005522832410661028,0.0011115491981243432,0.0,0.0,0.06086756298637035,107
143.68,0.06221318587695131,0.005518853699779263,0.001111508216320879,0.0,0.0,0.06092710104028487,107
143.70000000000002,0.06227004810488981,0.005516109184660695,0.0011114661462688967,0.0,0.0,0.06098666265958417,106
143.72,0.06232704122661638,0.005513425771494704,0.0011114226065114155,0.0,0.0,0.06104624843204995,106
143.74,0.06238468948059187,0.005510697026306959,0.0011113770762515688,0.0,0.0,0.061105801265647436,107
143.76,0.062442737818717446,0.005507923349633143,0.0011113298294735119,0.0,0.0,0.0611653581623772,107
143.78,0.06250079197244324,0.005505105157124762,0.001111281148533393,0.0,0.0,0.06122493749202328,108
143.8,0.0625588499262871,0.005502242873304123,0.0011112313865152628,0.0,0.0,0.06128453768058946,107
143.82,0.06261691701306872,0.005499336924780832,0.0011111805061866152,0.0,0.0,0.06134415679491586,107
143.84,0.06267501382965776,0.005496387740379345,0.001111128058629272,0.0,0.0,0.06140379262570167,107
143.86,0.06273310604755286,0.005493395751195656,0.0011110740434987349,0.0,0.0,0.06146344277282614,107
143.88,0.06279128134669382,0.005490361390586372,0.0011110184604649638,0.0,0.0,0.06152310473126076,107
143.9,0.06284954596503643,0.005487285094094662,0.0011109618812987147,0.0,0.0,0.061582696613130615,107
143.92000000000002,0.06290778799055415,0.005484167250176731,0.0011109038669781315,0.0,0.0,0.0616422768450326,107
143.94,0.06296602330512156,0.005481008286957117,0.0011108442832331773,0.0,0.0,0.06170186170989326,107
143.96,0.06302425980343927,0.005477808645754866,0.0011107831297933778,0.0,0.0,0.061761449099245455,106
143.98,0.06308263477523046,0.005474568769265237,0.0011107491805215368,0.0,0.0,0.061821037185566155,106
144.0,0.06314189150214784,0.005471289101261629,0.0011107188790338046,0.0,0.0,0.061880624482453385,106
144.02,0.06320121328924638,0.005467970086272568,0.001110687022239329,0.0,0.0,0.061940209897293375,106
144.04,0.06326052421451717,0.0054646121692400245,0.0011106536089013318,0.0,0.0,0.06199979277602875,106
144.06,0.06331982387717605,0.0054612157951648525,0.0011106186378093794,0.0,0.0,0.062059812873624984,106
144.08,0.06337911237617569,0.005457781408744635,0.0011105821077801972,0.0,0.0,0.06211984956173931,106
144.1,0.06343839033066541,0.005454309454008663,0.0011105440176584552,0.0,0.0,0.06217988411980512,106
144.12,0.06349765889270644,0.005450800373954191,0.0011105043663175618,0.0,0.0,0.062239917934391306,106
144.14000000000001,0.06355691356466599,0.005447254610187507,0.0011104916298544409,0.0,0.0,0.06229994681474733,106
144.16,0.06361604072511927,0.005443672598966851,0.0011104846948040007,0.0,0.0,0.062359858657880254,106
144.18,0.06367516537010254,0.0054400547069435356,0.0011104761380877639,0.0,0.0,0.062420100228322964,106
144.20000000000002,0.06373429077040749,0.005436401369735998,0.0011104659585521996,0.0,0.0,0.062480489375782725,106
144.22,0.06379342069334179,0.005432713020235167,0.0011104541550777678,0.0,0.0,0.06254089235761834,106
144.24,0.06385255937968885,0.005428990088303954,0.001110440726579685,0.0,0.0,0.06260131367628105,106
144.26,0.06391171151703669,0.005425233000491977,0.0011104256720086744,0.0,0.0,0.0626617582858536,106
144.28,0.06397088221021993,0.0054214421797658605,0.0011104089903517167,0.0,0.0,0.06272223156259413,106
144.3,0.06403007694962398,0.005417618045255048,0.0011103906806328356,0.0,0.0,0.06278273927334517,106
144.32,0.06408930157809432,0.0054137610120128556,0.0011103707882453794,0.0,0.0,0.06284328754255,106
144.34,0.06414856225717834,0.005409871490792252,0.0011103498140685557,0.0,0.0,0.06290388281860405,106
144.36,0.06420880661041477,0.005405949887835623,0.0011103272074283995,0.0,0.0,0.0629645318402391,106
144.38,0.0642699798293462,0.005401996604677628,0.0011103149695266535,0.0,0.0,0.0630256666205343,106
144.4,0.06433120624202869,0.005398012037960109,0.001110343067966478,0.0,0.0,0.06308733772039145,106
144.42000000000002,0.06439249295856898,0.005394748808189516,0.0011103916537839786,0.0,0.0,0.06314908242508897,106
144.44,0.06445384725164836,0.005391950741886634,0.0011104385017615549,0.0,0.0,0.06321115203599531,106
144.46,0.06451537022329512,0.005389119471375382,0.0011104836107700094,0.0,0.0,0.06327449191739404,106
144.48,0.06457702983141471,0.005386255338379869,0.0011105269797238486,0.0,0.0,0.06333799033086587,106
144.5,0.06463878528510553,0.005383358682460655,0.001110568607581994,0.0,0.0,0.06340159096586336,106
144.52,0.0647006444178267,0.005380429848378084,0.0011106086807796327,0.0,0.0,0.06346530187250292,106
144.54,0.06476261513269266,0.005377469141158811,0.0011106480186772627,0.0,0.0,0.06352913117393086,106
144.56,0.0648246695022454,0.005374868436376799,0.0011107186179420813,0.0,0.0,0.06359315078122016,106
144.58,0.06488691320709886,0.0053730955962658965,0.001110787299262957,0.0,0.0,0.06365762536799147,106
144.6,0.06494929689162693,0.0053712886325018,0.0011108542245419563,0.0,0.0,0.06372224256439879,106
144.62,0.06501182875277443,0.005369447808759123,0.0011109193920291575,0.0,0.0,0.06378701070366963,106
144.64000000000001,0.06507451702690642,0.005367573381471389,0.0011109828000351446,0.0,0.0,0.06385193815999919,106
144.66,0.06513736998728091,0.005365665599640484,0.0011110444469325225,0.0,0.0,0.06391703334599755,106
144.68,0.0652003959417423,0.0053637247046417315,0.0011111205724837825,0.0,0.0,0.06398230471035357,106
144.70000000000002,0.06526360323020487,0.005361750930024418,0.0011112214997019304,0.0,0.0,0.0640477607352857,106
144.72,0.06532700022154077,0.005359785293438114,0.0011113205899700353,0.0,0.0,0.0641134099333944,106
144.74,0.06539059530954189,0.005359228754169088,0.0011114178417681636,0.0,0.0,0.0641792608435862,106
144.76,0.06545439690768096,0.005359920878184786,0.0011115132536490193,0.0,0.0,0.06424532202579496,106
144.78,0.06551841344245654,0.005360600642273587,0.0011116068242398493,0.0,0.0,0.06431160205428622,105
144.8,0.06558265334515494,0.005361239788678759,0.001111698552244332,0.0,0.0,0.06437810950937842,105
144.82,0.06564712504190477,0.005361838389971851,0.001111788436444447,0.0,0.0,0.06444485296745732,105
144.84,0.06571183694192953,0.005362396510884124,0.0011118764757022945,0.0,0.0,0.06451184098919079,105
144.86,0.0657767974239227,0.00536291420462492,0.0011119626689618434,0.0,0.0,0.0645790821058688,105
144.88,0.06584201482047847,0.005363400607870051,0.0011120470152505683,0.0,0.0,0.06464658480380389,106
144.9,0.0659074974005145,0.005363864629537244,0.001112129513680977,0.0,0.0,0.06471435750672876,106
144.92000000000002,0.06597327326563479,0.005364288224014543,0.001112210163451977,0.0,0.0,0.06478240855612818,107
144.94,0.06603936731935117,0.00536467139544836,0.0011122889638500656,0.0,0.0,0.06485074618944542,107
144.96,0.06610575417930736,0.0053657918113150785,0.0011123659142503386,0.0,0.0,0.06491937851611101,108
144.98,0.06617244172496971,0.005367344115808737,0.0011124410141172716,0.0,0.0,0.06498880958229493,108
145.0,0.06623943765374833,0.005368852607097274,0.0011125142630052868,0.0,0.0,0.06505870880930711,108
145.02,0.06630671008337018,0.0053703172027224355,0.0011125841470281293,0.0,0.0,0.06512888730656331,108
145.04,0.0663741644602364,0.0053717378254543105,0.0011126467534829276,0.0,0.0,0.06519925451592647,108
145.06,0.06644194925384143,0.005373114434150005,0.0011127075157099263,0.0,0.0,0.06526995355344199,108
145.08,0.06651013510031803,0.005374446902339756,0.001112766433608746,0.0,0.0,0.06534099113724405,108
145.1,0.06657867784868478,0.005375735088608648,0.0011128235071679563,0.0,0.0,0.06541237363310128,108
145.12,0.06664757373204915,0.00537697883646928,0.0011128787364640864,0.0,0.0,0.06548410701714992,108
145.14000000000001,0.06671687526629308,0.005378177974271165,0.0011129321216603759,0.0,0.0,0.06555619683875627,108
145.16,0.06678695877359922,0.005379335918691974,0.0011129834676085269,0.0,0.0,0.06562861663046461,108
145.18,0.06685729037313055,0.005380485813764315,0.0011130322614823504,0.0,0.0,0.06570128839412898,108
145.20000000000002,0.06692799406321588,0.0053815903983600736,0.0011130792050683186,0.0,0.0,0.06577433060889121,108
145.22,0.0669990733698418,0.005382649440246642,0.0011131242988878431,0.0,0.0,0.06584776104543882,108
145.24,0.06707053123677911,0.005383662692228095,0.0011131678314293821,0.0,0.0,0.06592202150558227,108
145.26,0.06714237000528352,0.005384629892333941,0.0011132097465804815,0.0,0.0,0.06599666054026365,108
145.28,0.067215076463223,0.005385550764062242,0.0011132498227801656,0.0,0.0,0.06607167984150959,108
145.3,0.06728818039510705,0.005386425016678408,0.0011132880607963342,0.0,0.0,0.06614708047353537,108
145.32,0.06736166782588589,0.005387252345570455,0.0011133244614592427,0.0,0.0,0.06622286287038506,108
145.34,0.06743553860031645,0.005388032432660823,0.001113359455720258,0.0,0.0,0.06629902684029161,108
145.36,0.0675097919497699,0.0053887649468743175,0.0011133927832587918,0.0,0.0,0.0663755715769011,108
145.38,0.06758442651018129,0.005389449544661056,0.001113424275562343,0.0,0.0,0.06645291356940138,108
145.4,0.06765977807911815,0.0053900858705725465,0.001113453933542556,0.0,0.0,0.06653072501654232,108
145.42000000000002,0.06773608474083063,0.0053906735578884875,0.0011134817581568695,0.0,0.0,0.06660891067164437,108
145.44,0.06781277883171148,0.005391212229291267,0.0011135077504053946,0.0,0.0,0.06668746751579854,108
145.46,0.06789073999542593,0.0053917015231749466,0.00111353191132787,0.0,0.0,0.06676639206838611,108
145.48,0.06796906476684059,0.0053921410384592085,0.0011135542420006872,0.0,0.0,0.06684568043352995,108
145.5,0.0680477489280918,0.005392530350137628,0.0011135747435340186,0.0,0.0,0.0669253283499869,108
145.52,0.0681267879483749,0.0053928690460790145,0.0011135934170690232,0.0,0.0,0.06700533124343945,108
145.54,0.06820617703737028,0.0053931567075141025,0.0011136102637751743,0.0,0.0,0.0670856842800646,108
145.56,0.06828641108165567,0.005393392909918699,0.0011136269641786479,0.0,0.0,0.06716638242020778,108
145.58,0.06836714704483589,0.005393577223920053,0.0011136758442979093,0.0,0.0,0.06724742047097915,108
145.6,0.06844821671135153,0.0053939231666039564,0.0011137231011149823,0.0,0.0,0.0673287931366198,108
145.62,0.06852961477191985,0.005395255015237438,0.0011137688828247354,0.0,0.0,0.06741049506555558,108
145.64000000000001,0.06861133590343982,0.00539653007528389,0.001113812833002585,0.0,0.0,0.06749252089316522,108
145.66,0.06869375859680199,0.00539774787658141,0.0011138549519429796,0.0,0.0,0.06757486527943032,108
145.68,0.06877661183221531,0.005398907948547151,0.0011138952399570225,0.0,0.0,0.06765752294079938,108
145.70000000000002,0.06885977173381456,0.0054000098211806295,0.0011139336973700264,0.0,0.0,0.06774048867577719,109
145.72,0.06894323323822898,0.005401053026089512,0.0011139703245189657,0.0,0.0,0.06782375738393563,109
145.74,0.06902695835221562,0.005402037097539365,0.0011140051584166415,0.0,0.0,0.06790729103245675,109
145.76,0.06911092484787598,0.005402961558176708,0.0011140382187658192,0.0,0.0,0.06799106735815454,109
145.78,0.06919517854413451,0.005403825927397866,0.001114069449956472,0.0,0.0,0.06807513215569046,109
145.8,0.0692797148313102,0.005404629754078117,0.0011140988523412742,0.0,0.0,0.06815948078648332,109
145.82,0.06936452919587417,0.005405400056198292,0.0011141264262694885,0.0,0.0,0.06824410871072793,109
145.84,0.0694496172026339,0.005406116200770759,0.001114152172083481,0.0,0.0,0.06832901146982771,109
145.86,0.06953497447260716,0.005406770480712363,0.0011141760901151215,0.0,0.0,0.06841446836722567,109
145.88,0.06962059665742862,0.005407362480401856,0.0011142251684999073,0.0,0.0,0.06850081068924715,109
145.9,0.06970647941125098,0.005407891796147019,0.0011142781265754639,0.0,0.0,0.0685874129964836,109
145.92000000000002,0.06979261836121771,0.00540835803741733,0.0011143292099735995,0.0,0.0,0.06867427091122752,109
145.94,0.0698790090776919,0.005408760828074132,0.0011143784188850018,0.0,0.0,0.06876138000299699,109
145.96,0.06996564704551236,0.005409099807588705,0.001114425753472102,0.0,0.0,0.06884873575997648,109
145.98,0.07005252763760528,0.005409543781170697,0.0011144712138664073,0.0,0.0,0.06893633356278081,109
146.0,0.07013964609229485,0.005410241027412404,0.0011145148001662812,0.0,0.0,0.06902416866187856,109
146.02,0.0702269974956129,0.00541086940861407,0.0011145569546911688,0.0,0.0,0.069112236159969,109
146.04,0.07031457676980701,0.00541142867132205,0.0011145977556402064,0.0,0.0,0.06920053100050634,108
146.06,0.07040237866907162,0.005411918583676323,0.0011146367025164502,0.0,0.0,0.06928904796339111,108
146.08,0.07049039778329028,0.005412338936221377,0.001114673795363698,0.0,0.0,0.06937778166861441,109
146.1,0.07057862855028095,0.005412689542616454,0.0011147090341899577,0.0,0.0,0.06946672658834521,109
146.12,0.0706670652766917,0.005412976394523221,0.001114742418969176,0.0,0.0,0.06955587706760866,109
146.14000000000001,0.07075570216732771,0.0054132119631793004,0.0011147739496436475,0.0,0.0,0.06964522735333922,109
146.16,0.0708445333623162,0.005413377288324858,0.0011148036261270401,0.0,0.0,0.06973477163121938,109
146.18,0.07093399886688616,0.005413472280961985,0.001114831448307973,0.0,0.0,0.06982512260731746,109
146.20000000000002,0.07102392515672595,0.005413496876895208,0.0011148574160540394,0.0,0.0,0.06991669111752796,109
146.22,0.07111402718718768,0.005413451036662865,0.0011148815292161978,0.0,0.0,0.07000887556331306,109
146.24,0.0712042993291285,0.005413334745336492,0.0011149037876334008,0.0,0.0,0.07010122774070822,109
146.26,0.07129473614958633,0.00541314801219602,0.0011149245325916626,0.0,0.0,0.07019374227819106,109
146.28,0.0713853324677721,0.0054128908702912775,0.0011149440203276077,0.0,0.0,0.0702864140571767,109
146.3,0.07147608340842884,0.005412563375902522,0.0011149616749349194,0.0,0.0,0.07037923826492164,109
146.32,0.07156741603702495,0.005412165607914332,0.0011149784816096128,0.0,0.0,0.07047221044337389,109
146.34,0.0716589694358427,0.0054116976671181325,0.0011149934727726738,0.0,0.0,0.07056532653278329,109
146.36,0.07175066442444225,0.005411474482296653,0.0011150066484654992,0.0,0.0,0.07065858290917026,109
146.38,0.07184249778604751,0.0054112566247437495,0.001115049652641995,0.0,0.0,0.07075197641505883,108
146.4,0.0719344667956351,0.005410967161231325,0.0011151044736498934,0.0,0.0,0.07084550438318261,108
146.42000000000002,0.07202667568843807,0.005410626078010953,0.001115157400432971,0.0,0.0,0.07093916465315428,108
146.44,0.072119465156215,0.005410222629278596,0.0011152084329285857,0.0,0.0,0.07103295558133314,108
146.46,0.07221238439542063,0.005409748205119059,0.001115257571103912,0.0,0.0,0.07112687604431443,109
146.48,0.0723054327514615,0.00540920305285366,0.0011153048150385405,0.0,0.0,0.07122092543659611,109
146.5,0.07239861008249976,0.005408587435045379,0.0011153501648338534,0.0,0.0,0.07131510366304696,109
146.52,0.07249191674740843,0.005407901628726549,0.0011153938515244101,0.0,0.0,0.07140941112680908,109
146.54,0.072585353589719,0.005407312261736892,0.0011154358668106679,0.0,0.0,0.07150384871322435,109
146.56,0.07267892191807122,0.005408945321573464,0.0011154759931075039,0.0,0.0,0.07159841777028958,109
146.58,0.07277262348356295,0.005410765675054567,0.001115514230517288,0.0,0.0,0.07169312008603597,109
146.6,0.07286646045427495,0.005412503701520727,0.0011155505791782244,0.0,0.0,0.07178795786310255,109
146.62,0.07296043538712818,0.005414159713608222,0.0011155852094514116,0.0,0.0,0.07188293369065818,109
146.64000000000001,0.07305455119712871,0.0054157340366057715,0.0011156183866340686,0.0,0.0,0.07197805051372354,110
146.66,0.07314881112398672,0.0054172270074828765,0.0011156496762541371,0.0,0.0,0.0720733115998768,110
146.68,0.0732432186960626,0.005418726175476844,0.0011156794738890405,0.0,0.0,0.07216872050329291,110
146.70000000000002,0.07333777769160507,0.005420184381749425,0.0011157075930125473,0.0,0.0,0.07226428102607908,110
146.72,0.07343249209729999,0.005421580931072608,0.0011157339335972699,0.0,0.0,0.0723599971769236,110
146.74,0.07352736606424179,0.005423005367338263,0.0011157585490074848,0.0,0.0,0.07245587312716739,111
146.76,0.07362240386156667,0.0054243497901160535,0.0011157812754851544,0.0,0.0,0.0725519131645368,111
146.78,0.07371760982813354,0.005425614587376497,0.0011158021131889673,0.0,0.0,0.07264812164492224,110
146.8,0.07381298832280009,0.005426800152581927,0.001115821062311066,0.0,0.0,0.07274450294274934,110
146.82,0.07390854367399763,0.005427906883925098,0.0011158381230764046,0.0,0.0,0.07284106140064539,110
146.84,0.07400428012945373,0.005428935183611949,0.0011158672058802011,0.0,0.0,0.07293780127925037,110
146.86,0.07410020180703024,0.005429885457193533,0.001115914983128314,0.0,0.0,0.0730347267081391,110
146.88,0.07419665998226713,0.005430758112951822,0.0011159608302075924,0.0,0.0,0.07313184163890728,110
146.9,0.07429388985569924,0.005431553561343582,0.0011160047469985503,0.0,0.0,0.07322914980151733,110
146.92000000000002,0.07439131459265491,0.005432272214505666,0.0011160467334159231,0.0,0.0,0.07332665466499637,110
146.94,0.07448893736009415,0.005432914485824177,0.0011160867894076968,0.0,0.0,0.07342435940352934,110
146.96,0.07458676100340375,0.005433480789568803,0.0011161249149541014,0.0,0.0,0.07352226686889358,110
146.98,0.07468478802591672,0.00543397154059232,0.0011161611100665755,0.0,0.0,0.07362037957004054,110
147.0,0.07478302057621221,0.005434387154093998,0.00111619618881616,0.0,0.0,0.07371869966045495,110
147.02,0.0748814604436189,0.005434728045444162,0.0011162294625380465,0.0,0.0,0.07381722893371469,111
147.04,0.07498010906211607,0.005434994630065841,0.0011162608258537814,0.0,0.0,0.07391596882744554,111
147.06,0.07507896752258615,0.005435931917802239,0.0011162902789812717,0.0,0.0,0.07401492043562516,111
147.08,0.0751780365931266,0.0054367976079873264,0.001116317822163466,0.0,0.0,0.07411408452894377,111
147.1,0.0752773167468876,0.005437584664536117,0.0011163435301904479,0.0,0.0,0.07421346158268864,111
147.12,0.07537680819667443,0.0054382934611282,0.0011163682436245602,0.0,0.0,0.07431305181139072,111
147.14000000000001,0.07547651093534315,0.005438924376104699,0.0011163914316228423,0.0,0.0,0.07441285520926269,111
147.16,0.07557674777772624,0.005439477792574286,0.0011164131911252132,0.0,0.0,0.07451287159527638,111
147.18,0.07567778926373543,0.005439954098487057,0.0011164330642250023,0.0,0.0,0.07461310066157975,111
147.20000000000002,0.07577903970531429,0.005441173936922268,0.00111645104822564,0.0,0.0,0.07471354202384337,111
147.22,0.07588049869264475,0.0054425067896618695,0.0011164671434126126,0.0,0.0,0.07481419527206416,111
147.24,0.07598216584019554,0.005443759056383562,0.001116481350089653,0.0,0.0,0.0749150600203336,111
147.26,0.07608404083397055,0.005444931052190283,0.0011164936685785852,0.0,0.0,0.07501613595411387,111
147.28,0.07618660893007877,0.0054460230951586495,0.0011165040992193434,0.0,0.0,0.07511742287364634,112
147.3,0.07628941244441435,0.005447035506218773,0.0011165126423701211,0.0,0.0,0.07521932225968433,111
147.32,0.07639242298191881,0.0054479686090002566,0.0011165192984076853,0.0,0.0,0.07532195326115125,111
147.34,0.07649564089275868,0.0054488227296484,0.0011165240677278388,0.0,0.0,0.07542479396302781,111
147.36,0.07659908768800255,0.005449598196616009,0.0011165269507460228,0.0,0.0,0.0755278449459366,112
147.38,0.076703532035647,0.005450295349236156,0.001116527947898052,0.0,0.0,0.07563110702763869,112
147.4,0.0768081849725568,0.005450914522496181,0.0011165270987379434,0.0,0.0,0.07573458126442045,113
147.42000000000002,0.0769130477849177,0.005451456039188891,0.0011165244122243077,0.0,0.0,0.07583826894460602,113
147.44,0.07701812197710824,0.0054519202346612365,0.0011165198399173584,0.0,0.0,0.07594217157463992,113
147.46,0.07712340925102344,0.0054523074453964385,0.0011165133823197856,0.0,0.0,0.07604629085841351,113
147.48,0.07722891147950815,0.005452618008803179,0.0011165050399638793,0.0,0.0,0.07615062867069947,113
147.5,0.07733463067491404,0.005452852263027353,0.0011164948134127065,0.0,0.0,0.07625518702570827,113
147.52,0.07744056895389265,0.005453010546791053,0.0011164827032612938,0.0,0.0,0.07635996804187895,113
147.54,0.07754672098355282,0.005453093199262431,0.0011164687585735922,0.0,0.0,0.07646527630605336,113
147.56,0.07765301461499771,0.005453100556561189,0.0011164534617361852,0.0,0.0,0.07657090239125876,113
147.58,0.07775953403601832,0.005453032921459672,0.0011164362832374742,0.0,0.0,0.07667675722438849,113
147.6,0.07786628139307285,0.005452895075365054,0.0011164172234394238,0.0,0.0,0.07678284295360216,113
147.62,0.07797325874372887,0.005452810610767383,0.0011163962831092676,0.0,0.0,0.07688916163807129,113
147.64000000000001,0.07808046802133031,0.00545265187133798,0.0011164014588556357,0.0,0.0,0.07699571521263965,113
147.66,0.07818791100233483,0.005452419198911697,0.0011164138543868839,0.0,0.0,0.07710250545515383,113
147.68,0.078295589276636,0.005452112935822387,0.001116424345026384,0.0,0.0,0.07720953395677856,113
147.70000000000002,0.07840350422101185,0.005451733425048034,0.00111643292841365,0.0,0.0,0.07731680209543876,113
147.72,0.07851165697568752,0.005451281010388812,0.0011164396048568802,0.0,0.0,0.07742431101237626,113
147.74,0.07862004842388282,0.005450756036678636,0.0011164443747072581,0.0,0.0,0.07753206159169186,113
147.76,0.07872867917413731,0.005450158850031328,0.0011164472383582817,0.0,0.0,0.0776400544426653,113
147.78,0.07883754954517361,0.005449489798123051,0.0011164481962448296,0.0,0.0,0.07774828988461474,114
147.8,0.0789466595530757,0.005448749230513159,0.0011164472488419985,0.0,0.0,0.07785676793407131,113
147.82,0.07905600890061817,0.005447937499005679,0.001116444396663698,0.0,0.0,0.0779654882941059,113
147.84,0.0791655969686806,0.005447054958053672,0.001116439640261016,0.0,0.0,0.07807445034574162,113
147.86,0.07927542280980822,0.005446221029228819,0.0011164329802203913,0.0,0.0,0.07818365314151345,113
147.88,0.07938548514412448,0.005445923009670237,0.0011164244171615895,0.0,0.0,0.07829309540138032,113
147.9,0.07949578235794642,0.005446201958591908,0.001116437176868137,0.0,0.0,0.07840277551134113,113
147.92000000000002,0.07960631250558883,0.005446426377778667,0.0011164583732625162,0.0,0.0,0.07851269152523986,113
147.94,0.07971707331494844,0.005446604555757305,0.001116477618858922,0.0,0.0,0.07862284117035157,113
147.96,0.07982806219752353,0.0054467091998686495,0.0011164949143515832,0.0,0.0,0.07873322185740429,113
147.98,0.07993927626353525,0.005446740726836445,0.0011165102604559856,0.0,0.0,0.07884420340461225,113
148.0,0.08005071234276767,0.005446699951522425,0.0011165236579063016,0.0,0.0,0.07895597515255987,113
148.02,0.08016236701162896,0.005446586733693529,0.0011165351074528846,0.0,0.0,0.07906796670379802,113
148.04,0.08027423662676361,0.005446401451629349,0.0011165446098598964,0.0,0.0,0.07918017441758576,113
148.06,0.08038631736531959,0.005446144491860599,0.0011165521659030732,0.0,0.0,0.07929259447351665,111
148.08,0.0804986052717095,0.005445816249807659,0.0011165579795553904,0.0,0.0,0.07940522291828489,111
148.1,0.08061109631042242,0.005445417130367953,0.0011165629284278474,0.0,0.0,0.07951805571850248,111
148.12,0.08072378642415805,0.005444947548437639,0.0011165662159218204,0.0,0.0,0.07963108881883853,111
148.14000000000001,0.08083667159629318,0.005444407929354264,0.0011165675825830796,0.0,0.0,0.0797443182044909,111
148.16,0.08094974791646789,0.005443798709248722,0.0011165670291787705,0.0,0.0,0.079857739966778,111
148.18,0.08106301164791432,0.005443120335297085,0.0011165693309160625,0.0,0.0,0.07997135037047258,112
148.20000000000002,0.08117645929505221,0.005442373265865341,0.0011166042764822392,0.0,0.0,0.08008514592140241,112
148.22,0.08129008766984908,0.005441557970542851,0.0011166372478868868,0.0,0.0,0.08019912343281554,113
148.24,0.08140389395548919,0.005440674930063152,0.0011166682457683238,0.0,0.0,0.08031328008905406,113
148.26,0.0815178757660036,0.005439724636113473,0.0011166972707663066,0.0,0.0,0.08042761350518858,113
148.28,0.08163203120067695,0.0054387075910368905,0.0011167243235228842,0.0,0.0,0.08054212178142955,113
148.3,0.08174635889224754,0.005437624307433339,0.001116749404683498,0.0,0.0,0.08065680355133129,113
148.32,0.08186153949081999,0.005436475307667572,0.0011167725148982389,0.0,0.0,0.080771658023033,113
148.34,0.08197715085711732,0.005435261123293667,0.0011167936548232673,0.0,0.0,0.08088668501301229,113
148.36,0.08209293244474966,0.005433982294406749,0.0011168132082459811,0.0,0.0,0.08100188497205778,113
148.38,0.08220888535689261,0.005432639368933182,0.001116831552811824,0.0,0.0,0.08111725900337988,113
148.4,0.08232501135959257,0.005431232901870794,0.0011168479499173958,0.0,0.0,0.081232808872966,114
148.42000000000002,0.08244131288463145,0.0054297634544905335,0.0011168717748914314,0.0,0.0,0.08134853701244757,114
148.44,0.0825577930252958,0.005428231593510562,0.0011169214069090708,0.0,0.0,0.08146444651487093,114
148.46,0.08267440070490421,0.005426637890253193,0.001116966944604272,0.0,0.0,0.08158062358426622,114
148.48,0.08279106856704556,0.005424982947080981,0.0011170056482504634,0.0,0.0,0.08169761212119825,114
148.5,0.08290792850790443,0.00542326740495047,0.0011170423618948446,0.0,0.0,0.0818148603395963,114
148.52,0.08302498610036767,0.00542149184364324,0.0011170770862687603,0.0,0.0,0.08193280869505264,114
148.54,0.08314224747016732,0.005419656844179083,0.0011171098221255333,0.0,0.0,0.08205096131198017,114
148.56,0.083259719260872,0.005417762988011714,0.0011171405702420265,0.0,0.0,0.08216932483594871,114
148.58,0.08337740859587069,0.0054158183385932465,0.0011171693314201466,0.0,0.0,0.0822879063922413,114
148.6,0.0834956916793981,0.005413832591328751,0.0011171961064882414,0.0,0.0,0.08240671354540963,114
148.62,0.08361436283039435,0.005411789705619044,0.0011172208963024244,0.0,0.0,0.08252575425695931,114
148.64000000000001,0.08373327462655837,0.005409704434859472,0.0011172437017478013,0.0,0.0,0.08264503684170255,114
148.66,0.08385240544551785,0.005407573276247776,0.001117275243512948,0.0,0.0,0.08276453966730811,114
148.68,0.08397171419850279,0.005405386645528263,0.0011173375839882,0.0,0.0,0.08288422162908596,114
148.70000000000002,0.08409129037159464,0.00540314505995433,0.001117397867783426,0.0,0.0,0.08300417224661501,114
148.72,0.08421114324643592,0.005400849079546639,0.0011174560956037532,0.0,0.0,0.08312440080228785,114
148.74,0.08433128223721585,0.005398499259026139,0.0011175122681899472,0.0,0.0,0.08324491671093455,114
148.76,0.08445171684910643,0.005396096147375632,0.0011175663863190646,0.0,0.0,0.08336572947825796,114
148.78,0.08457245663846316,0.005393640287443809,0.0011176186154988597,0.0,0.0,0.08348684866103417,114
148.8,0.08469351117508227,0.005391132215592185,0.0011176881481053612,0.0,0.0,0.08360828382936913,114
148.82,0.08481489000674386,0.005388588192047686,0.001117766990566956,0.0,0.0,0.08373004453124147,114
148.84,0.08493660262619698,0.0053860084139190885,0.0011178437383034892,0.0,0.0,0.08385214025948715,114
148.86,0.085058658440662,0.005383377976009381,0.0011179183920794224,0.0,0.0,0.08397458042130188,115
148.88,0.08518106674384125,0.005380697386008555,0.001118011819073423,0.0,0.0,0.08409737431025173,115
148.9,0.08530383669034065,0.0053779671440171255,0.0011181130514640069,0.0,0.0,0.08422053108069477,115
148.92000000000002,0.08542697727232451,0.005375187742463526,0.0011182121489006177,0.0,0.0,0.08434405972443666,115
148.94,0.08555049729815248,0.005372359666069746,0.0011183091121952638,0.0,0.0,0.08446796904936818,115
148.96,0.08567440537269128,0.005369483391866353,0.0011184039421945706,0.0,0.0,0.08459226765977815,116
148.98,0.0857991385763161,0.005366566061981134,0.0011184966397794547,0.0,0.0,0.08471696393800072,116
149.0,0.08592480086554366,0.005363644073453945,0.0011185872058647125,0.0,0.0,0.08484206602704708,116
149.02,0.08605087408352301,0.005360787370283357,0.0011186756413985306,0.0,0.0,0.0849675818138937,116
149.04,0.086177365846199,0.005357883910708299,0.0011187622344684908,0.0,0.0,0.08509351891315357,116
149.06,0.08630428348111358,0.005354934136601142,0.0011188468468639136,0.0,0.0,0.08521988465093931,116
149.08,0.0864316340113787,0.0053519384833048056,0.0011189293296293504,0.0,0.0,0.08534668604883937,116
149.1,0.0865594241398159,0.00534889738001127,0.0011190096836740542,0.0,0.0,0.08547392980806165,116
149.12,0.08668766023346373,0.005345811250189307,0.0011190880554725372,0.0,0.0,0.08560162229394519,116
149.14000000000001,0.08681634830880515,0.005342680512058549,0.0011191643748198312,0.0,0.0,0.08572976952119235,115
149.16,0.08694549401821167,0.00533950557910593,0.001119238578124293,0.0,0.0,0.08585837714031806,115
149.18,0.08707510263822639,0.005336286860639589,0.0011193106665577561,0.0,0.0,0.08598745042593821,115
149.20000000000002,0.08720517906040647,0.005333024762374089,0.0011193806413151077,0.0,0.0,0.08611699426761765,115
149.22,0.08733572778550279,0.0053297196870399095,0.001119448503613414,0.0,0.0,0.0862470131640556,115
149.24,0.08746675292176934,0.005326372035009111,0.0011195142546910728,0.0,0.0,0.08637751122140089,115
149.26,0.0875982581881565,0.005322982204928316,0.001119578217769262,0.0,0.0,0.08650849215645093,115
149.28,0.08773024692305584,0.0053195505995254685,0.00111964298118145,0.0,0.0,0.08664015962462769,115
149.3,0.08786271532444868,0.005316077615491939,0.0011197326408208315,0.0,0.0,0.08677264760089667,117
149.32,0.08799560408512322,0.005312563641852252,0.0011198020113904743,0.0,0.0,0.08690557618619886,117
149.34,0.08812898420367385,0.005309009041072628,0.001119869305530685,0.0,0.0,0.08703899813889851,117
149.36,0.08826284286492064,0.005305414212282527,0.0011199374162567323,0.0,0.0,0.0871728977720482,117
149.38,0.08839745104176633,0.005301779554745318,0.001120015262680688,0.0,0.0,0.08730722217618911,117
149.4,0.08853316339446915,0.005298105465076828,0.0011200909846135452,0.0,0.0,0.08744243271479395,117
149.42000000000002,0.08866937258984917,0.005294392348686052,0.0011201645835005882,0.0,0.0,0.08757825272136877,116
149.44,0.08880607998774774,0.005290640613745595,0.0011202360608047633,0.0,0.0,0.08771457378432966,116
149.46,0.0889432869172761,0.005286850671417734,0.0011203054180072014,0.0,0.0,0.08785139723042436,116
149.48,0.08908099473698686,0.005283022936011445,0.0011203996668262032,0.0,0.0,0.08798872441583237,116
149.5,0.0892192048958288,0.005279157825071012,0.001120498997334667,0.0,0.0,0.08812655678711931,116
149.52,0.08935791899376869,0.005275255759398211,0.001120596144828028,0.0,0.0,0.08826489594185734,116
149.54,0.0894971388410243,0.005271317163011385,0.0011206911106650763,0.0,0.0,0.08840374368785668,116
149.56,0.08963742343278323,0.005267342463045757,0.001120783896230186,0.0,0.0,0.08854310210005037,116
149.58,0.08977823843808602,0.00526333208960021,0.0011208761880233875,0.0,0.0,0.08868293081501917,116
149.6,0.08991953103769615,0.005259289570407283,0.0011209677152254846,0.0,0.0,0.0888232394817659,116
149.62,0.090061339001565,0.005255233871539898,0.0011210570628313688,0.0,0.0,0.08896406723494121,116
149.64000000000001,0.0902036659719449,0.00525114377482846,0.0011211442323167784,0.0,0.0,0.08910541771400159,116
149.66,0.0903465160836694,0.005247019719784589,0.0011212294961659031,0.0,0.0,0.08924729505095028,116
149.68,0.09048989399484396,0.005242862152081937,0.0011213128959222103,0.0,0.0,0.08938970390102376,116
149.70000000000002,0.09063380491255828,0.005238671509702936,0.0011213941263774055,0.0,0.0,0.0895326494683996,116
149.72,0.0907782546137893,0.005234537425585823,0.0011214731890135327,0.0,0.0,0.08967613752709531,116
149.74,0.09092324946175459,0.005231570172951311,0.0011215500853490692,0.0,0.0,0.08982017443731694,116
149.76,0.09106879641804227,0.005228564810593874,0.0011216248169403705,0.0,0.0,0.08996476715758461,116
149.78,0.09121490305089293,0.005225521778252476,0.0011216973853831105,0.0,0.0,0.09010992325300977,115
149.8,0.09136157754003688,0.005222551215024633,0.0011217677923137039,0.0,0.0,0.09025565090012805,115
149.82,0.09150882867850373,0.005219560759309129,0.0011218360394106995,0.0,0.0,0.09040195888870406,115
149.84,0.09165666587181687,0.005216552336278942,0.0011219021283961764,0.0,0.0,0.09054885662092144,115
149.86,0.09180509913497346,0.005213531054489167,0.0011219671408839785,0.0,0.0,0.09069635410835832,115
149.88,0.09195413908758493,0.005210473835494033,0.0011220300732421478,0.0,0.0,0.09084446196712312,115
149.9,0.09210379694752233,0.005207381100068844,0.0011220908754970436,0.0,0.0,0.09099319141149548,115
149.92000000000002,0.09225408452337534,0.005204329968379339,0.0011221495496563526,0.0,0.0,0.0911425542463806,115
149.94,0.09240501420599258,0.0052014112410336795,0.001122206097777154,0.0,0.0,0.09129256285884506,115
149.96,0.09255656914582953,0.00519845686174997,0.0011222609273318313,0.0,0.0,0.09144320037263286,115
149.98,0.09270874618676475,0.005195467255848694,0.00112231464080253,0.0,0.0,0.09159446361441759,115
