geometry_label,case_label,electrode_label,time_s,potassium_e_mM,extracellular_potential_mV,membrane_voltage_mV
representative_folded,no_dipole,E1,0.0,3.5,0.0,-74.34443899396732
representative_folded,no_dipole,E1,0.5,3.5007838482113516,-0.09709695761040692,-74.24881169119428
representative_folded,no_dipole,E1,1.0,3.503107958857124,-0.09332893908424893,-74.14819438508276
representative_folded,no_dipole,E1,1.5,3.506710229331584,-0.08810425001845967,-74.05301241109174
representative_folded,no_dipole,E1,2.0,3.5113681581030245,-0.08143613791922061,-73.96279691062269
representative_folded,no_dipole,E1,2.5,3.516893617971832,-0.07342454496969779,-73.87712177706584
representative_folded,no_dipole,E1,3.0,3.5231280032995795,-0.06418214416816935,-73.79560035333368
representative_folded,no_dipole,E1,3.5,3.529937976431172,-0.05378341862432344,-73.71788159631332
representative_folded,no_dipole,E1,4.0,3.537211828441778,-0.042322528154611905,-73.6436461266193
representative_folded,no_dipole,E1,4.5,3.54485645701872,-0.029897458892617843,-73.572602506163
representative_folded,no_dipole,E1,5.0,3.5527949365800873,-0.016575602984572665,-73.50448344132124
representative_folded,no_dipole,E1,5.5,3.5609644845516355,-0.0024312110631232245,-73.4390426603774
representative_folded,no_dipole,E1,6.0,3.569314764561527,0.0124281156973431,-73.37605221149016
representative_folded,no_dipole,E1,6.5,3.5778064030830112,0.027875634747502268,-73.31530000075793
representative_folded,no_dipole,E1,7.0,3.5864096059236887,0.04375712085009385,-73.25658772329602
representative_folded,no_dipole,E1,7.5,3.595102865391803,0.05991614057947943,-73.19972909104172
representative_folded,no_dipole,E1,8.0,3.603871808045153,0.0762422479338336,-73.144548144675
representative_folded,no_dipole,E1,8.5,3.612708273047802,0.09266567230524028,-73.09087736055
representative_folded,no_dipole,E1,9.0,3.6216097714726097,0.10916351257843454,-73.03855515165547
representative_folded,no_dipole,E1,9.5,3.630579668436042,0.12574047156345805,-72.987421848902
representative_folded,no_dipole,E1,10.0,3.639628556710877,0.1424160673383208,-72.93731359763886
representative_folded,no_dipole,E1,10.5,3.648776431840585,0.1592008041475897,-72.88805676991203
representative_folded,no_dipole,E1,11.0,3.6580539157559624,0.1760729602498852,-72.83946458565438
representative_folded,no_dipole,E1,11.5,3.667501472071985,0.19299909961990463,-72.79133672265986
representative_folded,no_dipole,E1,12.0,3.677167766875807,0.20996073323286574,-72.74346036201233
representative_folded,no_dipole,E1,12.5,3.6871087706595924,0.22695786742091473,-72.69560991407953
representative_folded,no_dipole,E1,13.0,3.6973879506381535,0.24399948652615527,-72.64754545215048
representative_folded,no_dipole,E1,13.5,3.7080765048145885,0.26107523544441724,-72.59901142038622
representative_folded,no_dipole,E1,14.0,3.7192527875141286,0.2781307629140411,-72.54973726340562
representative_folded,no_dipole,E1,14.5,3.731001201616015,0.2950871599558566,-72.49943853723246
representative_folded,no_dipole,E1,15.0,3.7434118912136616,0.31188902664539964,-72.4478157093698
representative_folded,no_dipole,E1,15.5,3.756583741706306,0.3285203545254691,-72.39454541981982
representative_folded,no_dipole,E1,16.0,3.7706359275586534,0.3450559709428026,-72.33925289689063
representative_folded,no_dipole,E1,16.5,3.7857383302776264,0.3616760448785694,-72.2814434580435
representative_folded,no_dipole,E1,17.0,3.8021490689649085,0.37845496718112814,-72.22041433331596
representative_folded,no_dipole,E1,17.5,3.820202186742455,0.3953242708161359,-72.15526546764008
representative_folded,no_dipole,E1,18.0,3.840265975584576,0.4122378922918399,-72.0849778378726
representative_folded,no_dipole,E1,18.5,3.862733326784548,0.42916956999370676,-72.00842983129898
representative_folded,no_dipole,E1,19.0,3.8880242105807628,0.44596908822721415,-71.9243853528659
representative_folded,no_dipole,E1,19.5,3.9165638224562707,0.46238893687082255,-71.8315310202235
representative_folded,no_dipole,E1,20.0,3.948761332304811,0.4780982610425626,-71.72851340921342
representative_folded,no_dipole,E1,20.5,3.9849947430629693,0.49271368448493363,-71.6139614065164
representative_folded,no_dipole,E1,21.0,4.025610169478858,0.5059021987479277,-71.48647700607488
representative_folded,no_dipole,E1,21.5,4.070953255537025,0.5174788094023991,-71.3445551586653
representative_folded,no_dipole,E1,22.0,4.121449693074574,0.5274711499897826,-71.18639413182237
representative_folded,no_dipole,E1,22.5,4.177787824352418,0.5362706084266874,-71.00948700640929
representative_folded,no_dipole,E1,23.0,4.241362350599173,0.5449256599344087,-70.80966372121937
representative_folded,no_dipole,E1,23.5,4.315006064820168,0.5550017511156735,-70.57934049291745
representative_folded,no_dipole,E1,24.0,4.403070472860073,0.5676454527954858,-70.3066383927655
representative_folded,no_dipole,E1,24.5,4.510377075991075,0.5823435412843514,-69.97650948136096
representative_folded,no_dipole,E1,25.0,4.6402038116722215,0.596922089843172,-69.57382705746329
representative_folded,no_dipole,E1,25.5,4.793688239796033,0.6090474886285451,-69.08389303425155
representative_folded,no_dipole,E1,26.0,4.970553113806109,0.6168419269404698,-68.48935364860996
representative_folded,no_dipole,E1,26.5,5.169895397168969,0.6190328933820316,-67.76544968004872
representative_folded,no_dipole,E1,27.0,5.390839810452502,0.6149636810811503,-66.87286511976465
representative_folded,no_dipole,E1,27.5,5.633165055715476,0.6045723065130046,-65.74508124657457
representative_folded,no_dipole,E1,28.0,5.898125246485187,0.5883876626175318,-64.26246067611028
representative_folded,no_dipole,E1,28.5,6.189962882231447,0.5676539572221277,-62.19172661885934
representative_folded,no_dipole,E1,29.0,6.519540806417103,0.5447556188762143,-59.02879304916318
representative_folded,no_dipole,E1,29.5,6.914684916791594,0.5243113894716321,-53.641915122842576
representative_folded,no_dipole,E1,30.0,7.441708362255839,0.5140281502280309,-45.01329000120046
representative_folded,no_dipole,E1,30.5,8.169811462050566,0.5155526307217008,-36.72259428087296
representative_folded,no_dipole,E1,31.0,9.078483270217019,0.5164198525886259,-31.129998407603594
representative_folded,no_dipole,E1,31.5,10.109890380710887,0.5045479291431391,-27.38511930259194
representative_folded,no_dipole,E1,32.0,11.215343031194926,0.4733621867737602,-24.74787085562996
representative_folded,no_dipole,E1,32.5,12.35912458324421,0.4202095534326416,-22.813762180865762
representative_folded,no_dipole,E1,33.0,13.515648608958887,0.34479481606354495,-21.354645541274415
representative_folded,no_dipole,E1,33.5,14.666732156980238,0.24816675798457483,-20.23267193792502
representative_folded,no_dipole,E1,34.0,15.799570500727903,0.13212313823373026,-19.35929724167634
representative_folded,no_dipole,E1,34.5,16.90530147584086,-0.0011528936510512774,-18.674734923685556
representative_folded,no_dipole,E1,35.0,17.978013783384835,-0.14925576760722173,-18.136942216160822
representative_folded,no_dipole,E1,35.5,19.014106033091988,-0.3096405571396909,-17.715339232544178
representative_folded,no_dipole,E1,36.0,20.01197798589994,-0.47964087470403677,-17.38702793355605
representative_folded,no_dipole,E1,36.5,20.97219035137274,-0.6562731192249925,-17.1343798352945
representative_folded,no_dipole,E1,37.0,21.897640124879004,-0.837269480228669,-16.943506505498924
representative_folded,no_dipole,E1,37.5,22.791894290699755,-1.0223747947970505,-16.803553370260424
representative_folded,no_dipole,E1,38.0,23.657490803709173,-1.2122138520690036,-16.706185730598936
representative_folded,no_dipole,E1,38.5,24.49588000791704,-1.4075226286652178,-16.64494572630077
representative_folded,no_dipole,E1,39.0,25.307799207603924,-1.6088842529508738,-16.614726772216596
representative_folded,no_dipole,E1,39.5,26.09360612920792,-1.8165764420771546,-16.61140087616314
representative_folded,no_dipole,E1,40.0,26.853571912447975,-2.0305013350354346,-16.63155129520133
representative_folded,no_dipole,E1,40.5,27.588237233526417,-2.2501041640127637,-16.672266183215005
representative_folded,no_dipole,E1,41.0,28.298775878927227,-2.4747178486599375,-16.73099450742158
representative_folded,no_dipole,E1,41.5,28.98662321407583,-2.7043458751503584,-16.805562453485756
representative_folded,no_dipole,E1,42.0,29.718186783031605,-2.9631491845787266,-16.903810181848698
representative_folded,no_dipole,E1,42.5,30.360889948433698,-3.2043588317575034,-17.006375496456155
representative_folded,no_dipole,E1,43.0,30.982347634459593,-3.451286702642805,-17.120384434872044
representative_folded,no_dipole,E1,43.5,31.582431755972205,-3.70384495705368,-17.244862930646047
representative_folded,no_dipole,E1,44.0,32.16096738947264,-3.961974180001622,-17.378952459534375
representative_folded,no_dipole,E1,44.5,32.71778007344408,-4.225615753389371,-17.52189263218936
representative_folded,no_dipole,E1,45.0,33.252711698544694,-4.494676762021031,-17.673006641311964
representative_folded,no_dipole,E1,45.5,33.76563191405762,-4.769007577950143,-17.83168654620244
representative_folded,no_dipole,E1,46.0,34.25645111424456,-5.048320825662223,-17.99737899627333
representative_folded,no_dipole,E1,46.5,34.725138122304166,-5.332177363458034,-18.169570871642293
representative_folded,no_dipole,E1,47.0,35.17174139516194,-5.62011502401115,-18.34777774467915
representative_folded,no_dipole,E1,47.5,35.59639262709836,-5.9117746901890005,-18.531545089933037
representative_folded,no_dipole,E1,48.0,35.999285515001674,-6.206854879460612,-18.720455304624206
representative_folded,no_dipole,E1,48.5,36.380652186547486,-6.505093453948167,-18.914129023102188
representative_folded,no_dipole,E1,49.0,36.740747821057425,-6.806263957495505,-19.11222220059773
representative_folded,no_dipole,E1,49.5,37.07984268899386,-7.1101614603839085,-19.31442123422408
representative_folded,no_dipole,E1,50.0,37.39821923773262,-7.41658180221828,-19.520437297007323
representative_folded,no_dipole,E1,50.5,37.69617119340818,-7.7252916796399145,-19.73000150257646
representative_folded,no_dipole,E1,51.0,37.97400264571467,-8.036043814232952,-19.942862049753995
representative_folded,no_dipole,E1,51.5,38.23202791726262,-8.348594417770324,-20.158781838285925
representative_folded,no_dipole,E1,52.0,38.470571952145164,-8.662713313478044,-20.37753609182165
representative_folded,no_dipole,E1,52.5,38.689971033026765,-8.97815899136086,-20.59891006303217
representative_folded,no_dipole,E1,53.0,38.890573828094894,-9.294652611507356,-20.82269680076092
representative_folded,no_dipole,E1,53.5,39.0727415934166,-9.611887884515365,-21.048695910950002
representative_folded,no_dipole,E1,54.0,39.2368474025862,-9.929571610028887,-21.27671357640899
representative_folded,no_dipole,E1,54.5,39.383276062565386,-10.247438849578984,-21.506562282121184
representative_folded,no_dipole,E1,55.0,39.5124251116523,-10.565237033712627,-21.738059965937307
representative_folded,no_dipole,E1,55.5,39.6247060383587,-10.882739381165372,-21.97102945155426
representative_folded,no_dipole,E1,56.0,39.72054245464906,-11.199764442930851,-22.20529967748886
representative_folded,no_dipole,E1,56.5,39.80036557015493,-11.516202376465026,-22.440707381464556
representative_folded,no_dipole,E1,57.0,39.864610097805276,-11.831952337932057,-22.677097773562153
representative_folded,no_dipole,E1,57.5,39.91371136533376,-12.146811892443347,-22.91432460538664
representative_folded,no_dipole,E1,58.0,39.948103477445756,-12.460796875624263,-23.152249946725217
representative_folded,no_dipole,E1,58.5,39.968218299103064,-12.773716151089756,-23.390743757618374
representative_folded,no_dipole,E1,59.0,39.97448500794112,-13.085432137534376,-23.62968335886717
representative_folded,no_dipole,E1,59.5,39.96733002723328,-13.395802055581502,-23.86895285856007
representative_folded,no_dipole,E1,60.0,39.94717704766308,-13.704685533261907,-24.1084426880676
representative_folded,no_dipole,E1,60.5,39.91444713872283,-14.012065196980279,-24.348049235069116
representative_folded,no_dipole,E1,61.0,39.86955889105929,-14.317810347767638,-24.587674556323922
representative_folded,no_dipole,E1,61.5,39.81292817150782,-14.621787286294465,-24.827226461738995
representative_folded,no_dipole,E1,62.0,39.74496764072115,-14.923813076808162,-25.066618840157414
representative_folded,no_dipole,E1,62.5,39.66608652207622,-15.223866807961175,-25.305771786450205
representative_folded,no_dipole,E1,63.0,39.576690264384226,-15.521835872767632,-25.544611726194866
representative_folded,no_dipole,E1,63.5,39.47718023750818,-15.817759210520181,-25.783071478866432
representative_folded,no_dipole,E1,64.0,39.36795374571792,-16.111786711080317,-26.021090112086263
representative_folded,no_dipole,E1,64.5,39.24940355960095,-16.403888824626918,-26.25861291173236
representative_folded,no_dipole,E1,65.0,39.12191727773337,-16.694360438073655,-26.4955916273589
representative_folded,no_dipole,E1,65.5,38.98587714235591,-16.982991149117485,-26.731984268730926
representative_folded,no_dipole,E1,66.0,38.84166042318774,-17.269896718439156,-26.967754733468993
representative_folded,no_dipole,E1,66.5,38.68964423564314,-17.554948266373778,-27.202869183739022
representative_folded,no_dipole,E1,67.0,38.5301966810651,-17.838066203013746,-27.437300762943543
representative_folded,no_dipole,E1,67.5,38.36367814982693,-18.119122808434437,-27.671029202038177
representative_folded,no_dipole,E1,68.0,38.19044231971227,-18.398357591123133,-27.904039530003352
representative_folded,no_dipole,E1,68.5,38.01083580289116,-18.675621884517714,-28.13632188878321
representative_folded,no_dipole,E1,69.0,37.825197936907394,-18.951121969127623,-28.36787129124548
representative_folded,no_dipole,E1,69.5,37.63386362343174,-19.224707615756355,-28.598685851864662
representative_folded,no_dipole,E1,70.0,37.43719842243497,-19.495534021346263,-28.828744290277587
representative_folded,no_dipole,E1,70.5,37.23555272934782,-19.76451779535897,-29.05802262768552
representative_folded,no_dipole,E1,71.0,37.02924517458814,-20.031787418567212,-29.28651959423889
representative_folded,no_dipole,E1,71.5,36.81858502158456,-20.29738168085529,-29.514238868614285
representative_folded,no_dipole,E1,72.0,36.60387129506865,-20.561457653122382,-29.741189211677188
representative_folded,no_dipole,E1,72.5,36.385393292197506,-20.824000212787787,-29.96738365675106
representative_folded,no_dipole,E1,73.0,36.16343064995877,-21.085028645340426,-30.192838995311867
representative_folded,no_dipole,E1,73.5,35.93825701360705,-21.344350003699617,-30.417573933869757
representative_folded,no_dipole,E1,74.0,35.7101759191446,-21.601374716393448,-30.641580388914036
representative_folded,no_dipole,E1,74.5,35.47958611623517,-21.850432245750806,-30.86468073916418
representative_folded,no_dipole,E1,75.0,35.24712804295022,-22.092916753713,-31.086137833531957
representative_folded,no_dipole,E1,75.5,35.01307528170128,-22.332665694586712,-31.305946665866472
representative_folded,no_dipole,E1,76.0,34.777662424748094,-22.570140449977416,-31.524192043782428
representative_folded,no_dipole,E1,76.5,34.54111193858888,-22.805235147684527,-31.740954911215006
representative_folded,no_dipole,E1,77.0,34.30363466937359,-23.03819148327467,-31.956312305083515
representative_folded,no_dipole,E1,77.5,34.06543003834515,-23.269520143775896,-32.17033750367727
representative_folded,no_dipole,E1,78.0,33.82668636591519,-23.499290710139668,-32.383100119728205
representative_folded,no_dipole,E1,78.5,33.587585752550325,-23.726917201060015,-32.59466377060547
representative_folded,no_dipole,E1,79.0,33.34847561238697,-23.9480663687376,-32.80476352317125
representative_folded,no_dipole,E1,79.5,33.10965495329036,-24.166526977398334,-33.013217632733344
representative_folded,no_dipole,E1,80.0,32.87296119054742,-24.291238630736252,-33.14730012202141
representative_folded,no_dipole,E1,80.5,32.64008844339961,-24.41123296993597,-33.27619111257696
representative_folded,no_dipole,E1,81.0,32.41096108241957,-24.53151943596769,-33.40403235808563
representative_folded,no_dipole,E1,81.5,32.18550456789931,-24.651939225956006,-33.53082640776186
representative_folded,no_dipole,E1,82.0,31.963645782282278,-24.772417493456377,-33.65657675843272
representative_folded,no_dipole,E1,82.5,31.7453132010569,-24.892877460271926,-33.781287640091335
representative_folded,no_dipole,E1,83.0,31.530436968455884,-25.013285820250047,-33.904963872268304
representative_folded,no_dipole,E1,83.5,31.318949012928364,-25.13379459505956,-34.02761071760003
representative_folded,no_dipole,E1,84.0,31.110802809162642,-25.252683433260493,-34.149227576078026
representative_folded,no_dipole,E1,84.5,30.906191485728225,-25.3663360853966,-34.26967236682137
representative_folded,no_dipole,E1,85.0,30.705149932552395,-25.479490769603004,-34.38887395333851
representative_folded,no_dipole,E1,85.5,30.50767937516666,-25.5877076371379,-34.506812461892345
representative_folded,no_dipole,E1,86.0,30.31409989352352,-25.689496488274514,-34.62325930855953
representative_folded,no_dipole,E1,86.5,30.12439635602207,-25.79019040909187,-34.738174397397195
representative_folded,no_dipole,E1,87.0,29.938487955537337,-25.889749311524007,-34.85157744748114
representative_folded,no_dipole,E1,87.5,29.756295321383842,-25.988175377738642,-34.96348794119794
representative_folded,no_dipole,E1,88.0,29.577741556869206,-26.085695090952,-35.07392464909069
representative_folded,no_dipole,E1,88.5,29.402752491680552,-26.1822263597179,-35.18290503605867
representative_folded,no_dipole,E1,89.0,29.231253195426866,-26.27777987572493,-35.290447786613846
representative_folded,no_dipole,E1,89.5,29.063170208502306,-26.372467694695306,-35.39657167434765
representative_folded,no_dipole,E1,90.0,28.898465767689416,-26.465703606542576,-35.5012761328537
representative_folded,no_dipole,E1,90.5,28.73709856022534,-26.558154556818124,-35.60455744458361
representative_folded,no_dipole,E1,91.0,28.579007503673797,-26.649719162511136,-35.706427298538024
representative_folded,no_dipole,E1,91.5,28.424133358629263,-26.740366287894197,-35.80689875322111
representative_folded,no_dipole,E1,92.0,28.27245112134683,-26.829433920801534,-35.90596244896156
representative_folded,no_dipole,E1,92.5,28.123907012061043,-26.917345710766718,-36.003625724170824
representative_folded,no_dipole,E1,93.0,27.978446936908366,-27.00411355128263,-36.099899535639594
representative_folded,no_dipole,E1,93.5,27.836017417859313,-27.089660899706573,-36.19479351266179
representative_folded,no_dipole,E1,94.0,27.696558646354543,-27.174329199216114,-36.28832287316415
representative_folded,no_dipole,E1,94.5,27.560010848654294,-27.25778918488086,-36.38050358311942
representative_folded,no_dipole,E1,95.0,27.426314386179733,-27.340028331777702,-36.47135224234029
representative_folded,no_dipole,E1,95.5,27.29541025313174,-27.421093019107573,-36.56088588153591
representative_folded,no_dipole,E1,96.0,27.167245092892816,-27.501053385951344,-36.64911855617578
representative_folded,no_dipole,E1,96.5,27.04176335218039,-27.58011911062308,-36.7360659110252
representative_folded,no_dipole,E1,97.0,26.918909067278808,-27.658429891805195,-36.82174476351065
representative_folded,no_dipole,E1,97.5,26.79862602478207,-27.736048166027537,-36.906172764986394
representative_folded,no_dipole,E1,98.0,26.68086169957445,-27.812789154720377,-36.989366108515796
representative_folded,no_dipole,E1,98.5,26.56556601065251,-27.88871275410479,-37.07133933184578
representative_folded,no_dipole,E1,99.0,26.452686186450936,-27.96362794063651,-37.1521094577408
representative_folded,no_dipole,E1,99.5,26.342169452627083,-28.037481876417264,-37.23169424880174
representative_folded,no_dipole,E1,100.0,26.23396365426551,-28.11020812467355,-37.31011163603488
representative_folded,no_dipole,E1,100.5,26.128017269967906,-28.18176844060805,-37.38737969756894
representative_folded,no_dipole,E1,101.0,26.02427942672014,-28.252157801403357,-37.46351663676479
representative_folded,no_dipole,E1,101.5,25.92269998989399,-28.321781603605032,-37.53854072044933
representative_folded,no_dipole,E1,102.0,25.823230088134235,-28.39046677715627,-37.61246992617898
representative_folded,no_dipole,E1,102.5,25.725821436048438,-28.458218874664635,-37.68532225955628
representative_folded,no_dipole,E1,103.0,25.630426306134982,-28.52528236486414,-37.757115918289756
representative_folded,no_dipole,E1,103.5,25.536997653288125,-28.591246906497226,-37.827869119071835
representative_folded,no_dipole,E1,104.0,25.445489497403106,-28.65643354127652,-37.8975998948123
representative_folded,no_dipole,E1,104.5,25.355856979249744,-28.72055395669696,-37.96632590553115
representative_folded,no_dipole,E1,105.0,25.268055564360345,-28.783515740680258,-38.03406506066066
representative_folded,no_dipole,E1,105.5,25.18204143265549,-28.845314399798326,-38.10083525056379
representative_folded,no_dipole,E1,106.0,25.09777168347687,-28.906258936808005,-38.16665419247753
representative_folded,no_dipole,E1,106.5,25.015204342066443,-28.96608697030426,-38.23153935494817
representative_folded,no_dipole,E1,107.0,24.93429800605489,-29.02502621724091,-38.29550823933043
representative_folded,no_dipole,E1,107.5,24.855012053646753,-29.083194246335214,-38.35857821810765
representative_folded,no_dipole,E1,108.0,24.777306667492226,-29.140423631982276,-38.42076650519345
representative_folded,no_dipole,E1,108.5,24.70114288059288,-29.19703382206945,-38.482090101956814
representative_folded,no_dipole,E1,109.0,24.626482458669308,-29.253261487325823,-38.54256587264564
representative_folded,no_dipole,E1,109.5,24.553287958677984,-29.308570528086967,-38.60221049494856
representative_folded,no_dipole,E1,110.0,24.48152275112263,-29.363010959724775,-38.66104043136337
representative_folded,no_dipole,E1,110.5,24.41115096741819,-29.416473621829372,-38.7190719511761
representative_folded,no_dipole,E1,111.0,24.34213755777094,-29.469608329105125,-38.77632108717067
representative_folded,no_dipole,E1,111.5,24.274448256822435,-29.521889252387542,-38.83280363327994
representative_folded,no_dipole,E1,112.0,24.20804949302639,-29.573113732889027,-38.8885352116284
representative_folded,no_dipole,E1,112.5,24.14290844190726,-29.623304906001913,-38.943531223414276
representative_folded,no_dipole,E1,113.0,24.078993020112243,-29.672516791654644,-38.997806841252334
representative_folded,no_dipole,E1,113.5,24.01627187702207,-29.720877525286326,-39.05137700534274
representative_folded,no_dipole,E1,114.0,23.9547143859876,-29.76860306802766,-39.104256420159814
representative_folded,no_dipole,E1,114.5,23.894290641113187,-29.81608518533221,-39.15645954810577
representative_folded,no_dipole,E1,115.0,23.834971445765962,-29.862826481412753,-39.20800060644332
representative_folded,no_dipole,E1,115.5,23.77672829612251,-29.90880124387931,-39.25889357230871
representative_folded,no_dipole,E1,116.0,23.719533381839764,-29.954095779380534,-39.309152173007135
representative_folded,no_dipole,E1,116.5,23.66335957970715,-29.99879856073333,-39.358789881993474
representative_folded,no_dipole,E1,117.0,23.60818043139558,-30.04275248680846,-39.40781992468821
representative_folded,no_dipole,E1,117.5,23.553970130395978,-30.085947640482704,-39.45625528234865
representative_folded,no_dipole,E1,118.0,23.500703513534184,-30.128814348045864,-39.50410868989863
representative_folded,no_dipole,E1,118.5,23.44835605335605,-30.171130029314092,-39.551392633391416
representative_folded,no_dipole,E1,119.0,23.396903844004804,-30.212774364833585,-39.59811935302314
representative_folded,no_dipole,E1,119.5,23.34632359136702,-30.253812893376054,-39.644300843116106
representative_folded,no_dipole,E1,120.0,23.29659260176068,-30.294334518988613,-39.68994885328652
representative_folded,no_dipole,E1,120.5,23.24768877050153,-30.334295495440152,-39.7350748899731
representative_folded,no_dipole,E1,121.0,23.199590571280357,-30.373829056545127,-39.77969021764265
representative_folded,no_dipole,E1,121.5,23.15227704402495,-30.412721429206968,-39.82380586100074
representative_folded,no_dipole,E1,122.0,23.10572778524559,-30.451593075045658,-39.86743260637
representative_folded,no_dipole,E1,122.5,23.059922941498662,-30.490164611221815,-39.910580999897
representative_folded,no_dipole,E1,123.0,23.014843188893085,-30.52795850698514,-39.95326135589698
representative_folded,no_dipole,E1,123.5,22.97046972164454,-30.564997225018494,-39.995483761103365
representative_folded,no_dipole,E1,124.0,22.92678424361723,-30.60124960311318,-40.03725807466668
representative_folded,no_dipole,E1,124.5,22.88376895656959,-30.636752187920703,-40.07859393154086
representative_folded,no_dipole,E1,125.0,22.837205564611608,-30.674890487704527,-40.12356818526308
representative_folded,no_dipole,E1,125.5,22.795541897865892,-30.708999582622027,-40.1640136641797
representative_folded,no_dipole,E1,126.0,22.75449629263634,-30.742869680434097,-40.20404916248601
representative_folded,no_dipole,E1,126.5,22.714052876833307,-30.775917627644297,-40.24368342831038
representative_folded,no_dipole,E1,127.0,22.67419622138908,-30.809056336899925,-40.28292500142524
representative_folded,no_dipole,E1,127.5,22.634911330022135,-30.842158402220896,-40.3217822159826
representative_folded,no_dipole,E1,128.0,22.596183626236375,-30.874754590644066,-40.36026320620555
representative_folded,no_dipole,E1,128.5,22.557998943959408,-30.906682441009306,-40.398375909190435
representative_folded,no_dipole,E1,129.0,22.520343517348326,-30.937817321419633,-40.43612806845786
representative_folded,no_dipole,E1,129.5,22.483203970762098,-30.968621867873743,-40.47352723755056
representative_folded,no_dipole,E1,130.0,22.446567308886927,-30.998874088571213,-40.51058078364116
representative_folded,no_dipole,E1,130.5,22.410420906926763,-31.028399794599242,-40.54729589121287
representative_folded,no_dipole,E1,131.0,22.3747525009624,-31.057218847910374,-40.58367956576425
representative_folded,no_dipole,E1,131.5,22.339550178519275,-31.085334201213357,-40.61973863746485
representative_folded,no_dipole,E1,132.0,22.304802369551748,-31.113323832738253,-40.65547976465861
representative_folded,no_dipole,E1,132.5,22.270497837289927,-31.14103614293206,-40.690909437438705
representative_folded,no_dipole,E1,133.0,22.236625668838464,-31.16801750918733,-40.72603398172393
representative_folded,no_dipole,E1,133.5,22.2031752666974,-31.19466372496234,-40.76085956264305
representative_folded,no_dipole,E1,134.0,22.17013634019947,-31.220814069300236,-40.7953921880869
representative_folded,no_dipole,E1,134.5,22.137498897027907,-31.246626458495015,-40.82963771232203
representative_folded,no_dipole,E1,135.0,22.105253235007506,-31.27193440429857,-40.863601839491544
representative_folded,no_dipole,E1,135.5,22.073389934021804,-31.297003740051316,-40.8972901271178
representative_folded,no_dipole,E1,136.0,22.041899848172054,-31.322072195560786,-40.93070798951663
representative_folded,no_dipole,E1,136.5,22.01077409801243,-31.346721707830916,-40.963860701233074
representative_folded,no_dipole,E1,137.0,21.98000406301382,-31.371026701944746,-40.99675340041402
representative_folded,no_dipole,E1,137.5,21.94958137425724,-31.394865260451333,-41.029391092066554
representative_folded,no_dipole,E1,138.0,21.919497907124963,-31.418023790067615,-41.06177865141313
representative_folded,no_dipole,E1,138.5,21.889745774307457,-31.440492296464974,-41.093920827090294
representative_folded,no_dipole,E1,139.0,21.86031731894497,-31.462313537295007,-41.125822244313404
representative_folded,no_dipole,E1,139.5,21.83120510794248,-31.484016181742565,-41.157487407990885
representative_folded,no_dipole,E1,140.0,21.802401925556808,-31.50569483230102,-41.18892070569536
representative_folded,no_dipole,E1,140.5,21.77390076684574,-31.526929792935615,-41.220126410797235
representative_folded,no_dipole,E1,141.0,21.74569483148044,-31.54773747634898,-41.251108685428555
representative_folded,no_dipole,E1,141.5,21.717777517726393,-31.56791966780455,-41.28187158335032
representative_folded,no_dipole,E1,142.0,21.690142416545864,-31.587474932943312,-41.31241905279939
representative_folded,no_dipole,E1,142.5,21.662783305863652,-31.60693935462808,-41.3427549392722
representative_folded,no_dipole,E1,143.0,21.635694144970714,-31.62585601253084,-41.37288298825782
representative_folded,no_dipole,E1,143.5,21.608869069072263,-31.64442243152842,-41.40280684792336
representative_folded,no_dipole,E1,144.0,21.5823023840182,-31.663354247352935,-41.432530071714815
representative_folded,no_dipole,E1,144.5,21.555988561154702,-31.681829812441972,-41.462056120904855
representative_folded,no_dipole,E1,145.0,21.52992223225301,-31.700188788477313,-41.49138836715161
representative_folded,no_dipole,E1,145.5,21.504098184662983,-31.718677040607798,-41.52053009492556
representative_folded,no_dipole,E1,146.0,21.478511356571797,-31.736706223812657,-41.54948450390356
representative_folded,no_dipole,E1,146.5,21.453156832394235,-31.754374886325635,-41.57825471130912
representative_folded,no_dipole,E1,147.0,21.428029838293345,-31.77215968581318,-41.60684375419714
representative_folded,no_dipole,E1,147.5,21.403125737827555,-31.789830304868964,-41.63525459168463
representative_folded,no_dipole,E1,148.0,21.37844002772306,-31.807485167318656,-41.66349010712683
representative_folded,no_dipole,E1,148.5,21.353968333772162,-31.825374041065388,-41.69155311023742
representative_folded,no_dipole,E1,149.0,21.329706406841634,-31.843183503576576,-41.719446339159326
representative_folded,no_dipole,E1,149.5,21.305650118991753,-31.861185465922397,-41.74717246249327
representative_folded,no_dipole,E1,150.0,21.281795459722264,-31.87924268386088,-41.7747340812612
representative_folded,no_dipole,E1,150.5,21.25813853232304,-31.89714007506324,-41.80213373082468
representative_folded,no_dipole,E1,151.0,21.23467555033305,-31.915188919225518,-41.82937388275361
representative_folded,no_dipole,E1,151.5,21.21140283410452,-31.933618235357617,-41.85645694664616
representative_folded,no_dipole,E1,152.0,21.18831680746963,-31.952290962629412,-41.883385271901105
representative_folded,no_dipole,E1,152.5,21.165413994507393,-31.971482312665014,-41.910161149442885
representative_folded,no_dipole,E1,153.0,21.142691016410097,-31.99235519696088,-41.93678681339933
representative_folded,no_dipole,E1,153.5,21.12014458844175,-32.014304237548856,-41.96326444273551
representative_folded,no_dipole,E1,154.0,21.097771516987954,-32.037124522981856,-41.98959616284529
representative_folded,no_dipole,E1,154.5,21.07556869669937,-32.06120146141245,-42.015784047096055
representative_folded,no_dipole,E1,155.0,21.05353310772161,-32.08714858158555,-42.041830118331866
representative_folded,no_dipole,E1,155.5,21.03166181301052,-32.11616680607608,-42.067736350335
representative_folded,no_dipole,E1,156.0,21.00995195573093,-32.14967205575303,-42.093504669246336
representative_folded,no_dipole,E1,156.5,20.988400756738148,-32.1901473079067,-42.11913695494411
representative_folded,no_dipole,E1,157.0,20.967005512131763,-32.24119811559976,-42.14463504238846
representative_folded,no_dipole,E1,157.5,20.945763590890977,-32.306189874598736,-42.170000722924456
representative_folded,no_dipole,E1,158.0,20.92467243258355,-32.383389498991974,-42.19523574554757
representative_folded,no_dipole,E1,158.5,20.90372954514604,-32.46960446450316,-42.2203418181338
representative_folded,no_dipole,E1,159.0,20.882932502734647,-32.56108721259877,-42.24532060863376
representative_folded,no_dipole,E1,159.5,20.862278943643993,-32.65476718836662,-42.27017374623221
representative_folded,no_dipole,E1,160.0,20.841766568293025,-32.74614404637229,-42.29490282247308
representative_folded,no_dipole,E1,160.5,20.82139313727298,-32.82885955569543,-42.319509392352685
representative_folded,no_dipole,E1,161.0,20.801156469458768,-32.896992686401624,-42.343994975380696
representative_folded,no_dipole,E1,161.5,20.781054440181155,-32.94645346101219,-42.36836105660896
representative_folded,no_dipole,E1,162.0,20.761084979457383,-32.975124504066365,-42.392609087630156
representative_folded,no_dipole,E1,162.5,20.74124607027875,-32.98135955437483,-42.41674048754662
representative_folded,no_dipole,E1,163.0,20.721535746953304,-32.964876820984294,-42.4407566439104
representative_folded,no_dipole,E1,163.5,20.701952093502335,-32.92680818087811,-42.464658913634864
representative_folded,no_dipole,E1,164.0,20.68249324210869,-32.86673961162419,-42.488448623879016
representative_folded,no_dipole,E1,164.5,20.663157371615114,-32.78519720381677,-42.51212707290522
representative_folded,no_dipole,E1,165.0,20.643942706071826,-32.68319788814473,-42.535695530910914
representative_folded,no_dipole,E1,165.5,20.624847513331247,-32.562325689344206,-42.55915524083492
representative_folded,no_dipole,E1,166.0,20.60587010368859,-32.423116563767465,-42.582507419139354
representative_folded,no_dipole,E1,166.5,20.58700882856686,-32.26688845904644,-42.605753256567695
representative_folded,no_dipole,E1,167.0,20.56826207924488,-32.09474416527515,-42.62889391887951
representative_folded,no_dipole,E1,167.5,20.54962828562704,-31.907670743534247,-42.651930547562785
representative_folded,no_dipole,E1,168.0,20.53110591505329,-31.707069530710974,-42.67486426052444
representative_folded,no_dipole,E1,168.5,20.512693471148353,-31.49366051688002,-42.69769615275934
representative_folded,no_dipole,E1,169.0,20.494389492708684,-31.268117026981763,-42.72042729699906
representative_folded,no_dipole,E1,169.5,20.47619255262617,-31.031397787518085,-42.74305874434016
representative_folded,no_dipole,E1,170.0,20.45810125684721,-30.78442098970164,-42.765591524853406
representative_folded,no_dipole,E1,170.5,20.440114243366196,-30.528772152318126,-42.78802664817389
representative_folded,no_dipole,E1,171.0,20.422230181252253,-30.265469617896397,-42.81036510407282
representative_folded,no_dipole,E1,171.5,20.404447769707946,-29.994388857330854,-42.83260786301181
representative_folded,no_dipole,E1,172.0,20.386765737159276,-29.716277307642365,-42.85475587667962
representative_folded,no_dipole,E1,172.5,20.36918284037572,-29.431819959065983,-42.87681007851237
representative_folded,no_dipole,E1,173.0,20.35169786361937,-29.142071510078267,-42.89877138419749
representative_folded,no_dipole,E1,173.5,20.33430961782227,-28.848100644849836,-42.92064069216189
representative_folded,no_dipole,E1,174.0,20.31701693979095,-28.550513578514803,-42.942418884045075
representative_folded,no_dipole,E1,174.5,20.29981869143733,-28.2497435419039,-42.96410682515725
representative_folded,no_dipole,E1,175.0,20.282713759035087,-27.946209717521953,-42.98570536492334
representative_folded,no_dipole,E1,175.5,20.26570105250065,-27.641229598393913,-43.00721533731295
representative_folded,no_dipole,E1,176.0,20.248779504698042,-27.335127481666568,-43.02863756125702
representative_folded,no_dipole,E1,176.5,20.2319480707667,-27.028388765422413,-43.04997284105138
representative_folded,no_dipole,E1,177.0,20.215205727471567,-26.721646903545917,-43.07122196674772
representative_folded,no_dipole,E1,177.5,20.198551472574707,-26.415368002678363,-43.092385714532334
representative_folded,no_dipole,E1,178.0,20.181984324227717,-26.11010312075944,-43.113464847093034
representative_folded,no_dipole,E1,178.5,20.16550332038421,-25.805859617354365,-43.134460113974534
representative_folded,no_dipole,E1,179.0,20.149107518231755,-25.503022299352974,-43.15537225192292
representative_folded,no_dipole,E1,179.5,20.13279599364254,-25.201849325109926,-43.17620198521911
representative_folded,no_dipole,E1,180.0,20.116567840642205,-24.903024457851537,-43.19695002600215
representative_folded,no_dipole,E1,180.5,20.10042217089622,-24.606344857431957,-43.21761707458224
representative_folded,no_dipole,E1,181.0,20.08435811321311,-24.3129349659597,-43.23820381974421
representative_folded,no_dipole,E1,181.5,20.068374813064118,-24.022374236236857,-43.258710939041364
representative_folded,no_dipole,E1,182.0,20.05247143211862,-23.73540427669743,-43.279139099080304
representative_folded,no_dipole,E1,182.5,20.03664714779484,-23.45233242190723,-43.29948895579689
representative_folded,no_dipole,E1,183.0,20.02090115282528,-23.17562768271953,-43.31976115472361
representative_folded,no_dipole,E1,183.5,20.005232654836412,-22.915184528627336,-43.339956331248764
representative_folded,no_dipole,E1,184.0,19.989640875942086,-22.657793095594666,-43.360075110867534
representative_folded,no_dipole,E1,184.5,19.974125052350292,-22.41409340323209,-43.38011810942534
representative_folded,no_dipole,E1,185.0,19.958684433982715,-22.178234994507534,-43.400085933353694
representative_folded,no_dipole,E1,185.5,19.94331828410665,-21.945580161386964,-43.41997917989887
representative_folded,no_dipole,E1,186.0,19.928025878978954,-21.71558244520495,-43.43979843734343
representative_folded,no_dipole,E1,186.5,19.912806507501497,-21.488744641226653,-43.459544285221085
representative_folded,no_dipole,E1,187.0,19.897659470887824,-21.274303159738956,-43.479217294524865
representative_folded,no_dipole,E1,187.5,19.882584082340532,-21.068335655785514,-43.49881802790911
representative_folded,no_dipole,E1,188.0,19.867579666739115,-20.863939700853656,-43.51834703988513
representative_folded,no_dipole,E1,188.5,19.85264556033782,-20.661222387451332,-43.53780487701106
representative_folded,no_dipole,E1,189.0,19.83778111047323,-20.46027068462213,-43.55719207807589
representative_folded,no_dipole,E1,189.5,19.822985675281174,-20.26092959230462,-43.57650917427804
representative_folded,no_dipole,E1,190.0,19.80825862342275,-20.06333478213163,-43.595756689398385
representative_folded,no_dipole,E1,190.5,19.79359933381902,-19.87066081269753,-43.61493513996828
representative_folded,no_dipole,E1,191.0,19.779007195394183,-19.692929975794456,-43.63404503543243
representative_folded,no_dipole,E1,191.5,19.76448160682685,-19.51652102932328,-43.65308687830695
representative_folded,no_dipole,E1,192.0,19.750021976309192,-19.3414080585331,-43.67206116433277
representative_folded,no_dipole,E1,192.5,19.73562772131373,-19.167629432569097,-43.690968382624334
representative_folded,no_dipole,E1,193.0,19.72129826836739,-18.995493222033964,-43.70980901581409
representative_folded,no_dipole,E1,193.5,19.70703305283264,-18.82458342928034,-43.72858354019267
representative_folded,no_dipole,E1,194.0,19.692831518695492,-18.654902693722903,-43.74729242584493
representative_folded,no_dipole,E1,194.5,19.678693118360098,-18.486430535158487,-43.765936136781995
representative_folded,no_dipole,E1,195.0,19.664617312449685,-18.320002286162975,-43.78451513106953
representative_folded,no_dipole,E1,195.5,19.650603569613654,-18.166615274299424,-43.80302986095228
representative_folded,no_dipole,E1,196.0,19.63665136634064,-18.01429554731058,-43.821480772975
representative_folded,no_dipole,E1,196.5,19.622760186777263,-17.863152000046302,-43.83986830809993
representative_folded,no_dipole,E1,197.0,19.608929522552465,-17.71296184773564,-43.858192901820814
representative_folded,no_dipole,E1,197.5,19.595158872607147,-17.563691032362485,-43.87645498427389
representative_folded,no_dipole,E1,198.0,19.581447743028995,-17.415222005007905,-43.89465498034547
representative_folded,no_dipole,E1,198.5,19.567795646892296,-17.267627597977313,-43.91279330977673
representative_folded,no_dipole,E1,199.0,19.554202104102558,-17.120879960480707,-43.93087038726534
representative_folded,no_dipole,E1,199.5,19.54066664124577,-16.975002467238745,-43.948886622564395
representative_folded,no_dipole,E1,200.0,19.527188791442175,-16.834655237851507,-43.96684242057861
representative_folded,no_dipole,E1,200.5,19.513768094204362,-16.70000832867737,-43.9847381814577
representative_folded,no_dipole,E1,201.0,19.50040409529956,-16.56600223233886,-44.00257430068744
representative_folded,no_dipole,E1,201.5,19.487096346615967,-16.432560168940732,-44.02035116917795
representative_folded,no_dipole,E1,202.0,19.473844406032995,-16.299685156131698,-44.03806917334974
representative_folded,no_dipole,E1,202.5,19.460647837295294,-16.1674499764877,-44.05572869521748
representative_folded,no_dipole,E1,203.0,19.447506209890413,-16.035727421270472,-44.07333011247138
representative_folded,no_dipole,E1,203.5,19.434419098929972,-15.904715753905144,-44.09087379855649
representative_folded,no_dipole,E1,204.0,19.42138608503428,-15.77433115727131,-44.10836012274975
representative_folded,no_dipole,E1,204.5,19.408406754220206,-15.649350583446836,-44.125789450235274
representative_folded,no_dipole,E1,205.0,19.395480697792255,-15.527151133047777,-44.143162142177324
representative_folded,no_dipole,E1,205.5,19.382607512236678,-15.405402767118744,-44.16047855579165
representative_folded,no_dipole,E1,206.0,19.369786799118582,-15.284218021829856,-44.177739044414814
representative_folded,no_dipole,E1,206.5,19.357018164981906,-15.16346415922646,-44.19494395757179
representative_folded,no_dipole,E1,207.0,19.34430122125215,-15.043140143606033,-44.21209364104183
representative_folded,no_dipole,E1,207.5,19.33163558414181,-14.923234848105228,-44.22918843692266
representative_folded,no_dipole,E1,208.0,19.317762190156852,-14.795198074951355,-44.247929721093904
representative_folded,no_dipole,E1,208.5,19.305203068495256,-14.682152154528541,-44.26491035054095
representative_folded,no_dipole,E1,209.0,19.29269409315346,-14.569502181844353,-44.2818371301725
representative_folded,no_dipole,E1,209.5,19.28023489903547,-14.457224189584688,-44.298710387629264
representative_folded,no_dipole,E1,210.0,19.26782512538847,-14.345357907031865,-44.31553044717359
representative_folded,no_dipole,E1,210.5,19.255464415722766,-14.234684083307023,-44.33229762974446
representative_folded,no_dipole,E1,211.0,19.24315241773384,-14.128828288507043,-44.3490122530112
representative_folded,no_dipole,E1,211.5,19.23088878322644,-14.023356400076459,-44.365674631425925
representative_folded,no_dipole,E1,212.0,19.2186731680407,-13.91836149962613,-44.38228507627468
representative_folded,no_dipole,E1,212.5,19.206505231980074,-13.81502051272971,-44.39884389572737
representative_folded,no_dipole,E1,213.0,19.194384638741237,-13.715632517336198,-44.41535139488659
representative_folded,no_dipole,E1,213.5,19.18231105584568,-13.616770536663697,-44.43180787583522
representative_folded,no_dipole,E1,214.0,19.17028415457309,-13.520946333268494,-44.448213637682926
representative_folded,no_dipole,E1,214.5,19.158303609896375,-13.427637166907086,-44.46456897661167
representative_folded,no_dipole,E1,215.0,19.14636910041835,-13.338426267293478,-44.4808741859201
representative_folded,no_dipole,E1,215.5,19.134480308309946,-13.25507595310739,-44.497129556066916
representative_folded,no_dipole,E1,216.0,19.122636919250002,-13.174175415718082,-44.51333537471339
representative_folded,no_dipole,E1,216.5,19.110838622366447,-13.093855918062868,-44.52949192676479
representative_folded,no_dipole,E1,217.0,19.099085110179015,-13.014126417641275,-44.545599494410915
representative_folded,no_dipole,E1,217.5,19.08737607854325,-12.934995112414764,-44.561658357165854
representative_folded,no_dipole,E1,218.0,19.075711226595914,-12.856469467450058,-44.57766879190669
representative_folded,no_dipole,E1,218.5,19.06409025670164,-12.778556241143594,-44.593631072911535
representative_folded,no_dipole,E1,219.0,19.052512874400882,-12.701261511015204,-44.60954547189665
representative_folded,no_dipole,E1,219.5,19.040978788359077,-12.624590699059564,-44.62541225805283
representative_folded,no_dipole,E1,220.0,19.029487710316975,-12.54854859664627,-44.641231698080915
representative_folded,no_dipole,E2,0.0,3.5,0.0,-74.34443899396732
representative_folded,no_dipole,E2,0.5,3.500811705703518,-0.09909024668792508,-74.24881665968714
representative_folded,no_dipole,E2,1.0,3.5032223385270567,-0.09784400832864207,-74.14815005643058
representative_folded,no_dipole,E2,1.5,3.506942700484565,-0.09628208971983845,-74.05294053831807
representative_folded,no_dipole,E2,2.0,3.5117260269826,-0.09447860261986701,-73.96279115381371
representative_folded,no_dipole,E2,2.5,3.5173623548044803,-0.09253184223718887,-73.87733695828824
representative_folded,no_dipole,E2,3.0,3.5236735443038834,-0.09050693481152924,-73.79624211270522
representative_folded,no_dipole,E2,3.5,3.530508903722271,-0.08840369613039842,-73.71919737874408
representative_folded,no_dipole,E2,4.0,3.5377413600024776,-0.0862221490332895,-73.6459179104294
representative_folded,no_dipole,E2,4.5,3.5452641205011415,-0.08395653815689066,-73.57614127439047
representative_folded,no_dipole,E2,5.0,3.552987772019883,-0.08156507640648586,-73.50962565270092
representative_folded,no_dipole,E2,5.5,3.5608377667861313,-0.07900421066734291,-73.44614819710351
representative_folded,no_dipole,E2,6.0,3.5687522489153367,-0.07625797649660344,-73.38550351332199
representative_folded,no_dipole,E2,6.5,3.576680179095362,-0.07332652246214444,-73.32750226063152
representative_folded,no_dipole,E2,7.0,3.5845797194879983,-0.07023757417709062,-73.27196985599628
representative_folded,no_dipole,E2,7.5,3.592416844968665,-0.06702560764675752,-73.21874527466625
representative_folded,no_dipole,E2,8.0,3.6001641507156537,-0.06368967902059863,-73.16767994069235
representative_folded,no_dipole,E2,8.5,3.6077998297545117,-0.06020673761788731,-73.11863670174276
representative_folded,no_dipole,E2,9.0,3.6153067973337585,-0.05653609894823789,-73.07148888313381
representative_folded,no_dipole,E2,9.5,3.622671941949908,-0.05265469864042868,-73.02611941629239
representative_folded,no_dipole,E2,10.0,3.6298854854619176,-0.048551734370734685,-72.98242003704723
representative_folded,no_dipole,E2,10.5,3.63694043705576,-0.04420753688797366,-72.94029054927566
representative_folded,no_dipole,E2,11.0,3.6438321278618346,-0.03962234256526162,-72.89963814954288
representative_folded,no_dipole,E2,11.5,3.650557814816517,-0.03480733207451913,-72.86037680849081
representative_folded,no_dipole,E2,12.0,3.6571163439200296,-0.029769798766948203,-72.82242670486765
representative_folded,no_dipole,E2,12.5,3.6635078644007026,-0.024502081719349825,-72.7857137082443
representative_folded,no_dipole,E2,13.0,3.6697335864742446,-0.018975085794054204,-72.7501689066366
representative_folded,no_dipole,E2,13.5,3.67579557640728,-0.013152548447431783,-72.71572817544092
representative_folded,no_dipole,E2,14.0,3.681696583476927,-0.007013896416738184,-72.68233178428952
representative_folded,no_dipole,E2,14.5,3.6874398941801982,-0.000550993284168886,-72.64992403863886
representative_folded,no_dipole,E2,15.0,3.6930292097041533,0.006257892226161806,-72.61845295311278
representative_folded,no_dipole,E2,15.5,3.6984685432339797,0.013425947825929322,-72.5878699538294
representative_folded,no_dipole,E2,16.0,3.7037621341636497,0.0209421149523086,-72.5581296071467
representative_folded,no_dipole,E2,16.5,3.708914376693201,0.028778002706252755,-72.52918937245761
representative_folded,no_dipole,E2,17.0,3.713929760657283,0.036909160547561964,-72.50100937685589
representative_folded,no_dipole,E2,17.5,3.718812822739533,0.045298555552863315,-72.47355220967525
representative_folded,no_dipole,E2,18.0,3.7235681064935267,0.05389750439853598,-72.44678273507256
representative_folded,no_dipole,E2,18.5,3.7282001298196756,0.06268726079176126,-72.42066792098736
representative_folded,no_dipole,E2,19.0,3.7327133587435855,0.071688166908417,-72.39517668295673
representative_folded,no_dipole,E2,19.5,3.7371121865097887,0.08091649631164735,-72.37027974140366
representative_folded,no_dipole,E2,20.0,3.7414009171491216,0.09038872985980345,-72.3459494911431
representative_folded,no_dipole,E2,20.5,3.745583752801851,0.10010366172332594,-72.32215988196737
representative_folded,no_dipole,E2,21.0,3.7496647841847586,0.11006024744234259,-72.29888630927952
representative_folded,no_dipole,E2,21.5,3.7536479836813212,0.12028169837873867,-72.27610551384092
representative_folded,no_dipole,E2,22.0,3.7575372006120036,0.1307857460630334,-72.25379548978877
representative_folded,no_dipole,E2,22.5,3.76133615830834,0.14156808759930037,-72.2319354001605
representative_folded,no_dipole,E2,23.0,3.7650484526715453,0.15261571148965145,-72.21050549923478
representative_folded,no_dipole,E2,23.5,3.768677551945175,0.16391852056872913,-72.18948706106683
representative_folded,no_dipole,E2,24.0,3.772226797473064,0.17548360106331246,-72.16886231365524
representative_folded,no_dipole,E2,24.5,3.7756994052494384,0.1873174383405762,-72.14861437823208
representative_folded,no_dipole,E2,25.0,3.7790984680984674,0.19941836176395583,-72.12872721321777
representative_folded,no_dipole,E2,25.5,3.782426958346513,0.21178800838766912,-72.10918556242623
representative_folded,no_dipole,E2,26.0,3.785687730872451,0.22444601197739006,-72.08997490714614
representative_folded,no_dipole,E2,26.5,3.788883526440258,0.2374159303339291,-72.0710814217597
representative_folded,no_dipole,E2,27.0,3.792016975234117,0.25072760526024923,-72.05249193259364
representative_folded,no_dipole,E2,27.5,3.795090600529888,0.26442216347808933,-72.03419387972538
representative_folded,no_dipole,E2,28.0,3.7981068224483847,0.2785225946773641,-72.01617528149458
representative_folded,no_dipole,E2,28.5,3.8010679617456478,0.2930225130753673,-71.99842470149318
representative_folded,no_dipole,E2,29.0,3.803976243603758,0.30789075172086877,-71.98093121782871
representative_folded,no_dipole,E2,29.5,3.806833801392681,0.3230864875452893,-71.96368439447504
representative_folded,no_dipole,E2,30.0,3.809642680379572,0.3385494362732897,-71.94667425454126
representative_folded,no_dipole,E2,30.5,3.8124048413669356,0.35425066352175605,-71.9298912553057
representative_folded,no_dipole,E2,31.0,3.815122164245177,0.37022946508092425,-71.9133262648756
representative_folded,no_dipole,E2,31.5,3.8177964514485927,0.386513637086213,-71.89697054034566
representative_folded,no_dipole,E2,32.0,3.820429431306741,0.4031012849302734,-71.8808157073403
representative_folded,no_dipole,E2,32.5,3.823022761285545,0.4199983696663949,-71.86485374083404
representative_folded,no_dipole,E2,33.0,3.8255780311144783,0.43720727756242206,-71.84907694715443
representative_folded,no_dipole,E2,33.5,3.828096765797816,0.4547193586226836,-71.83347794707993
representative_folded,no_dipole,E2,34.0,3.830580428509289,0.4725375024583799,-71.81804965995241
representative_folded,no_dipole,E2,34.5,3.833030423370527,0.49065605578953847,-71.80278528873124
representative_folded,no_dipole,E2,35.0,3.8354480981146084,0.5090462135433466,-71.78767830592201
representative_folded,no_dipole,E2,35.5,3.837834746636654,0.5276882236320148,-71.772722440318
representative_folded,no_dipole,E2,36.0,3.840191611434001,0.5465784982038601,-71.75791166449824
representative_folded,no_dipole,E2,36.5,3.8425198859388803,0.5656945480322161,-71.74324018303024
representative_folded,no_dipole,E2,37.0,3.844820716746817,0.5849958047552812,-71.72870242132974
representative_folded,no_dipole,E2,37.5,3.847095205744237,0.6044807542019343,-71.71429301513324
representative_folded,no_dipole,E2,38.0,3.84934441213886,0.6241806594430254,-71.70000680054325
representative_folded,no_dipole,E2,38.5,3.8515693543965805,0.6441012848958644,-71.6858388046088
representative_folded,no_dipole,E2,39.0,3.853771012088575,0.6642439297472597,-71.67178423640642
representative_folded,no_dipole,E2,39.5,3.855950327652356,0.6846415091237518,-71.65783847859007
representative_folded,no_dipole,E2,40.0,3.8581082080704907,0.7053240042871756,-71.64399707938026
representative_folded,no_dipole,E2,40.5,3.8602455264706115,0.7262879390974125,-71.63025574496523
representative_folded,no_dipole,E2,41.0,3.862363123650303,0.7475240510416752,-71.61661033228846
representative_folded,no_dipole,E2,41.5,3.8644618095303267,0.7690604783780286,-71.60305684219946
representative_folded,no_dipole,E2,42.0,3.8667494520416756,0.7931590624292072,-71.58824956863572
representative_folded,no_dipole,E2,42.5,3.8688109309030687,0.8154902778197571,-71.5748767023985
representative_folded,no_dipole,E2,43.0,3.8708558275943687,0.8382381330654372,-71.56158420738986
representative_folded,no_dipole,E2,43.5,3.8728848392362254,0.8613897739235145,-71.5483686097908
representative_folded,no_dipole,E2,44.0,3.8748986384891873,0.8849330219976934,-71.53522654965317
representative_folded,no_dipole,E2,44.5,3.8768978746385976,0.908856287601032,-71.5221547758431
representative_folded,no_dipole,E2,45.0,3.878883174629241,0.9331262853751667,-71.50915014122087
representative_folded,no_dipole,E2,45.5,3.880855144052239,0.9576908612463222,-71.49620959804426
representative_folded,no_dipole,E2,46.0,3.882814368086631,0.9825367329705006,-71.4833301935829
representative_folded,no_dipole,E2,46.5,3.884761412397901,1.0076779579250208,-71.47050906593164
representative_folded,no_dipole,E2,47.0,3.886696823995657,1.0331266405043857,-71.45774344001217
representative_folded,no_dipole,E2,47.5,3.8886211320525232,1.0589214922025239,-71.44503062375279
representative_folded,no_dipole,E2,48.0,3.890534848686216,1.085118952066659,-71.4323680044364
representative_folded,no_dipole,E2,48.5,3.892438469706683,1.1117579024757605,-71.41975304520777
representative_folded,no_dipole,E2,49.0,3.894332475330074,1.1388436846067853,-71.40718328173169
representative_folded,no_dipole,E2,49.5,3.8962173308612296,1.1663458088102232,-71.39465631899373
representative_folded,no_dipole,E2,50.0,3.898093487346298,1.194209337915898,-71.3821698282364
representative_folded,no_dipole,E2,50.5,3.8999613821969863,1.2224067112119594,-71.36972154402324
representative_folded,no_dipole,E2,51.0,3.9018214397878883,1.2509347949095413,-71.35730926142449
representative_folded,no_dipole,E2,51.5,3.9036740720282554,1.2797864785386381,-71.34493083331775
representative_folded,no_dipole,E2,52.0,3.905519678909503,1.3089341234436898,-71.3325841677978
representative_folded,no_dipole,E2,52.5,3.90735864902968,1.3383475194252004,-71.32026722568995
representative_folded,no_dipole,E2,53.0,3.9091913600960693,1.3680205998791313,-71.30797801816145
representative_folded,no_dipole,E2,53.5,3.911018179407009,1.3979862892437411,-71.29571460442618
representative_folded,no_dipole,E2,54.0,3.912839464313999,1.428281059113057,-71.28347508953746
representative_folded,no_dipole,E2,54.5,3.9146555626650756,1.4589170557532103,-71.27125762226497
representative_folded,no_dipole,E2,55.0,3.9164668132303992,1.489892249678777,-71.25906039305092
representative_folded,no_dipole,E2,55.5,3.918273546110946,1.5211978842736467,-71.24688163204186
representative_folded,no_dipole,E2,56.0,3.9200760831311547,1.5528198190241116,-71.23471960719213
representative_folded,no_dipole,E2,56.5,3.9218747382163412,1.5846970804884437,-71.22257262243511
representative_folded,no_dipole,E2,57.0,3.9236698177556377,1.6167747494511722,-71.21043901591904
representative_folded,no_dipole,E2,57.5,3.9254616209511846,1.649113169515486,-71.19831715830398
representative_folded,no_dipole,E2,58.0,3.9272504401542743,1.6815654983495714,-71.18620545111672
representative_folded,no_dipole,E2,58.5,3.9290365611891005,1.714200718606701,-71.17410232516069
representative_folded,no_dipole,E2,59.0,3.9308202636647365,1.7470403430767456,-71.162006238978
representative_folded,no_dipole,E2,59.5,3.9326018212759455,1.78011608975716,-71.14991567736085
representative_folded,no_dipole,E2,60.0,3.9343815020933826,1.81346362497947,-71.1378291499097
representative_folded,no_dipole,E2,60.5,3.9361595688437396,1.8470006933935306,-71.1257451896357
representative_folded,no_dipole,E2,61.0,3.937936279180336,1.8807668806573496,-71.11366235160506
representative_folded,no_dipole,E2,61.5,3.9397118859446594,1.9148207947039713,-71.10157921162296
representative_folded,no_dipole,E2,62.0,3.9414866374193207,1.9492844837286352,-71.08949436495485
representative_folded,no_dipole,E2,62.5,3.9432607775728727,1.9841289824819495,-71.07740642508313
representative_folded,no_dipole,E2,63.0,3.945034546296919,2.019428423859226,-71.065314022497
representative_folded,no_dipole,E2,63.5,3.946808179635932,2.0551153466722694,-71.05321580351378
representative_folded,no_dipole,E2,64.0,3.9485819100101645,2.0910102529400856,-71.04111042912957
representative_folded,no_dipole,E2,64.5,3.9503559664320353,2.1271380382976015,-71.02899657389767
representative_folded,no_dipole,E2,65.0,3.952130574716351,2.1632012156365708,-71.01687292483288
representative_folded,no_dipole,E2,65.5,3.953905957684709,2.1994182927370964,-71.0047381803401
representative_folded,no_dipole,E2,66.0,3.9556823353644166,2.235642393957427,-70.99259104916554
representative_folded,no_dipole,E2,66.5,3.9574599251822455,2.2719539904988157,-70.98043024936887
representative_folded,no_dipole,E2,67.0,3.959238942153334,2.3085248101775875,-70.96825450731525
representative_folded,no_dipole,E2,67.5,3.9610195990655264,2.3455134686862107,-70.95606255668497
representative_folded,no_dipole,E2,68.0,3.962802106659447,2.3827154514871687,-70.94385313749999
representative_folded,no_dipole,E2,68.5,3.964586673804584,2.420323868207515,-70.93162499516565
representative_folded,no_dipole,E2,69.0,3.966373507671643,2.4581795856012096,-70.9193768795261
representative_folded,no_dipole,E2,69.5,3.968162813901442,2.496334645526637,-70.9071075439324
representative_folded,no_dipole,E2,70.0,3.9699547967705984,2.534676716524447,-70.89481574432163
representative_folded,no_dipole,E2,70.5,3.9717496593542445,2.5732067456135734,-70.88250023830602
representative_folded,no_dipole,E2,71.0,3.973547603686022,2.611840499059376,-70.87015978427057
representative_folded,no_dipole,E2,71.5,3.975348830915585,2.6506037381211462,-70.85779314047828
representative_folded,no_dipole,E2,72.0,3.9771535414638333,2.68941238708166,-70.84539906418128
representative_folded,no_dipole,E2,72.5,3.978961935176105,2.7283544638242785,-70.83297631073707
representative_folded,no_dipole,E2,73.0,3.98077421147355,2.7674835275419074,-70.8205236327283
representative_folded,no_dipole,E2,73.5,3.9825905695028823,2.806752241167177,-70.80803977908528
representative_folded,no_dipole,E2,74.0,3.9844112082847456,2.8462875613069643,-70.79552349420963
representative_folded,no_dipole,E2,74.5,3.986236326860876,2.8857548704803575,-70.7829735170982
representative_folded,no_dipole,E2,75.0,3.9880661244402895,2.9254925603880992,-70.77038858046585
representative_folded,no_dipole,E2,75.5,3.989900800544675,2.965432619465477,-70.75776740986593
representative_folded,no_dipole,E2,76.0,3.9917405551532146,3.005319635444602,-70.7451087228075
representative_folded,no_dipole,E2,76.5,3.993585588847016,3.045456741715168,-70.73241122786774
representative_folded,no_dipole,E2,77.0,3.99543610295337,3.085781384734439,-70.7196736237984
representative_folded,no_dipole,E2,77.5,3.997292299690016,3.125949198709239,-70.70689459862535
representative_folded,no_dipole,E2,78.0,3.999154382309633,3.1660444122299642,-70.69407282873975
representative_folded,no_dipole,E2,78.5,4.001022555244741,3.206110322241547,-70.68120697797937
representative_folded,no_dipole,E2,79.0,4.002897024253219,3.2459180812961774,-70.6682956966994
representative_folded,no_dipole,E2,79.5,4.004777996564645,3.28563517929559,-70.65533762083064
representative_folded,no_dipole,E2,80.0,4.0066656810276635,3.3252897726613098,-70.64233137092442
representative_folded,no_dipole,E2,80.5,4.008560288258576,3.365070043432894,-70.62927555118256
representative_folded,no_dipole,E2,81.0,4.010462030791363,3.40518605077973,-70.61616874847087
representative_folded,no_dipole,E2,81.5,4.012371123229384,3.4457354302593313,-70.60300953131511
representative_folded,no_dipole,E2,82.0,4.0142877823989185,3.4867360386807955,-70.58979644887752
representative_folded,no_dipole,E2,82.5,4.016212227504808,3.528213628408499,-70.57652802991268
representative_folded,no_dipole,E2,83.0,4.01814468028842,3.570155695857001,-70.56320278170105
representative_folded,no_dipole,E2,83.5,4.020085365188139,3.6123634729137204,-70.54981918895854
representative_folded,no_dipole,E2,84.0,4.022034509502658,3.6546370391952543,-70.53637571272027
representative_folded,no_dipole,E2,84.5,4.023992343557293,3.69681743717645,-70.52287078919731
representative_folded,no_dipole,E2,85.0,4.025959100873557,3.7390919288922286,-70.50930282860382
representative_folded,no_dipole,E2,85.5,4.0279350183422995,3.7814363759035197,-70.49567021395335
representative_folded,no_dipole,E2,86.0,4.029920336400629,3.823904634175031,-70.48197129982206
representative_folded,no_dipole,E2,86.5,4.03191529921291,3.8668266147566177,-70.46820441107685
representative_folded,no_dipole,E2,87.0,4.03392015485615,3.9102628963605186,-70.45436784156621
representative_folded,no_dipole,E2,87.5,4.0359351555100185,3.9542291098938724,-70.44045985277182
representative_folded,no_dipole,E2,88.0,4.037960557651857,3.998455896844531,-70.42647867241823
representative_folded,no_dipole,E2,88.5,4.039996622256975,4.043063988557406,-70.41242249303852
representative_folded,no_dipole,E2,89.0,4.042043615004571,4.08806982684517,-70.39828947049313
representative_folded,no_dipole,E2,89.5,4.044101806489621,4.1332857351455985,-70.38407772243934
representative_folded,no_dipole,E2,90.0,4.046171472441122,4.178226633919716,-70.36978532674866
representative_folded,no_dipole,E2,90.5,4.048252893947035,4.223039406271496,-70.35541031986895
representative_folded,no_dipole,E2,91.0,4.050346357686357,4.2679877727573166,-70.34095069512848
representative_folded,no_dipole,E2,91.5,4.052452156168719,4.31264816539291,-70.3264044009785
representative_folded,no_dipole,E2,92.0,4.054570587981952,4.357418964088874,-70.31176933917088
representative_folded,no_dipole,E2,92.5,4.056701958048092,4.402484135068346,-70.29704336286736
representative_folded,no_dipole,E2,93.0,4.05884657788828,4.447541414793703,-70.28222427467654
representative_folded,no_dipole,E2,93.5,4.061004765897086,4.492909512683113,-70.26730982461451
representative_folded,no_dipole,E2,94.0,4.063176847626782,4.538260915151132,-70.25229770798512
representative_folded,no_dipole,E2,94.5,4.065363156082118,4.583927384312269,-70.23718556317516
representative_folded,no_dipole,E2,95.0,4.067564032026195,4.629924909408113,-70.22197096935987
representative_folded,no_dipole,E2,95.5,4.069779824298073,4.676163614607651,-70.20665144411392
representative_folded,no_dipole,E2,96.0,4.072010890142744,4.722482587672031,-70.19122444092211
representative_folded,no_dipole,E2,96.5,4.074257595554193,4.7687623049997265,-70.17568734658477
representative_folded,no_dipole,E2,97.0,4.076520315632256,4.814873195414941,-70.16003747851151
representative_folded,no_dipole,E2,97.5,4.078799434954065,4.860760352581211,-70.14427208189718
representative_folded,no_dipole,E2,98.0,4.0810953479609084,4.906474730531091,-70.12838832677325
representative_folded,no_dipole,E2,98.5,4.083408459361359,4.952022026554247,-70.1123833049277
representative_folded,no_dipole,E2,99.0,4.085739184551599,4.997642326072012,-70.0962540266857
representative_folded,no_dipole,E2,99.5,4.088087950053931,5.043391780736112,-70.07999741754305
representative_folded,no_dipole,E2,100.0,4.090455193974499,5.089340762249973,-70.0636103146441
representative_folded,no_dipole,E2,100.5,4.092841366481322,5.135532043209965,-70.04708946309447
representative_folded,no_dipole,E2,101.0,4.095246930303826,5.181975673120106,-70.03043151209991
representative_folded,no_dipole,E2,101.5,4.097672361255106,5.228267135852005,-70.01363301091975
representative_folded,no_dipole,E2,102.0,4.100118148778231,5.274566767546476,-69.99669040462493
representative_folded,no_dipole,E2,102.5,4.102584796518035,5.320890848835523,-69.9796000296484
representative_folded,no_dipole,E2,103.0,4.105072822919873,5.36699744701132,-69.96235810911536
representative_folded,no_dipole,E2,103.5,4.107582761856945,5.413306102594514,-69.94496074794014
representative_folded,no_dipole,E2,104.0,4.110115163287891,5.459483648930618,-69.92740392767524
representative_folded,no_dipole,E2,104.5,4.112670593946503,5.505831416386446,-69.90968350109722
representative_folded,no_dipole,E2,105.0,4.11524963806547,5.552454765332974,-69.8917951865131
representative_folded,no_dipole,E2,105.5,4.117852898136255,5.599365003299422,-69.87373456176954
representative_folded,no_dipole,E2,106.0,4.1204809957073145,5.6462522026870285,-69.85549705794635
representative_folded,no_dipole,E2,106.5,4.12313457222306,5.693390189768797,-69.83707795271346
representative_folded,no_dipole,E2,107.0,4.12581428990608,5.74056044157636,-69.81847236333037
representative_folded,no_dipole,E2,107.5,4.12852083268538,5.787652965978511,-69.79967523926415
representative_folded,no_dipole,E2,108.0,4.131254907173546,5.834841314217457,-69.78068135440157
representative_folded,no_dipole,E2,108.5,4.134017243695978,5.8818137795536165,-69.7614852988277
representative_folded,no_dipole,E2,109.0,4.136808597375572,5.928342128452818,-69.74208147014274
representative_folded,no_dipole,E2,109.5,4.139629749276457,5.974970125730592,-69.72246406428516
representative_folded,no_dipole,E2,110.0,4.142481507610683,6.021654971173063,-69.70262706582787
representative_folded,no_dipole,E2,110.5,4.14536470901206,6.068514285749856,-69.682564237711
representative_folded,no_dipole,E2,111.0,4.148280219881629,6.114904421822892,-69.66226911037207
representative_folded,no_dipole,E2,111.5,4.151228937809666,6.16136085553416,-69.64173497023098
representative_folded,no_dipole,E2,112.0,4.15421179307941,6.208095285112525,-69.62095484748437
representative_folded,no_dipole,E2,112.5,4.157229750258203,6.255093037605761,-69.5999215031592
representative_folded,no_dipole,E2,113.0,4.160283809882121,6.3023086222036175,-69.57862741537245
representative_folded,no_dipole,E2,113.5,4.163375010240727,6.349622492092932,-69.55706476473804
representative_folded,no_dipole,E2,114.0,4.166504429269046,6.396827321089034,-69.53522541885827
representative_folded,no_dipole,E2,114.5,4.169673186554516,6.443539707394162,-69.51310091583083
representative_folded,no_dipole,E2,115.0,4.172882445467278,6.490265910790622,-69.49068244669682
representative_folded,no_dipole,E2,115.5,4.1761334154228775,6.537040289067182,-69.46796083674883
representative_folded,no_dipole,E2,116.0,4.179427354287258,6.583785059234502,-69.44492652561017
representative_folded,no_dipole,E2,116.5,4.182765570934724,6.630420127648722,-69.42156954598946
representative_folded,no_dipole,E2,117.0,4.186149427970537,6.677111613386301,-69.39787950100497
representative_folded,no_dipole,E2,117.5,4.189580344630822,6.723878214550752,-69.37384553996401
representative_folded,no_dipole,E2,118.0,4.193059799873576,6.770298306243778,-69.34945633247186
representative_folded,no_dipole,E2,118.5,4.196589335675872,6.816603215846786,-69.3247000407326
representative_folded,no_dipole,E2,119.0,4.200170560553651,6.862922011659133,-69.29956428989122
representative_folded,no_dipole,E2,119.5,4.203805153322121,6.909197880252037,-69.27403613625216
representative_folded,no_dipole,E2,120.0,4.207494867116394,6.955350637226797,-69.2481020331921
representative_folded,no_dipole,E2,120.5,4.211241533693889,7.0014327388685,-69.22174779456827
representative_folded,no_dipole,E2,121.0,4.215047068042107,7.047319617349578,-69.19495855540217
representative_folded,no_dipole,E2,121.5,4.218913473317694,7.093233756764599,-69.16771872959686
representative_folded,no_dipole,E2,122.0,4.222842846145251,7.138563231902921,-69.1400119644207
representative_folded,no_dipole,E2,122.5,4.226837382307214,7.183595926449088,-69.11182109146252
representative_folded,no_dipole,E2,123.0,4.230899382859324,7.228818207880373,-69.08312807373156
representative_folded,no_dipole,E2,123.5,4.235031260709713,7.274216229967843,-69.05391394854063
representative_folded,no_dipole,E2,124.0,4.239235547703689,7.319829785806695,-69.02415876577112
representative_folded,no_dipole,E2,124.5,4.243514902260637,7.365630947752173,-68.99384152107407
representative_folded,no_dipole,E2,125.0,4.2483122332710135,7.416287723602405,-68.95981692159562
representative_folded,no_dipole,E2,125.5,4.252758493494765,7.462329819157971,-68.92824586990258
representative_folded,no_dipole,E2,126.0,4.25728895961299,7.50807542872856,-68.89604012599419
representative_folded,no_dipole,E2,126.5,4.261906902659666,7.554116328707581,-68.86317353703485
representative_folded,no_dipole,E2,127.0,4.2666157699032565,7.599548170273934,-68.82961845592929
representative_folded,no_dipole,E2,127.5,4.271419197201586,7.64450702353685,-68.79534563049563
representative_folded,no_dipole,E2,128.0,4.276321022425651,7.689470798022306,-68.76032408250389
representative_folded,no_dipole,E2,128.5,4.28132530006321,7.734610648368806,-68.72452097547173
representative_folded,no_dipole,E2,129.0,4.286436317126358,7.780059933846219,-68.68790146996733
representative_folded,no_dipole,E2,129.5,4.291658610502709,7.825364784623165,-68.65042856500634
representative_folded,no_dipole,E2,130.0,4.296996985907297,7.8707560065706685,-68.61206292394294
representative_folded,no_dipole,E2,130.5,4.302456538612368,7.916416664434842,-68.57276268303995
representative_folded,no_dipole,E2,131.0,4.308042676155238,7.962335839799214,-68.53248324065265
representative_folded,no_dipole,E2,131.5,4.31376114325083,8.008519603480869,-68.4911770246747
representative_folded,no_dipole,E2,132.0,4.319618049165974,8.054399076156752,-68.44879323555823
representative_folded,no_dipole,E2,132.5,4.325619897847774,8.100135085400549,-68.40527756183167
representative_folded,no_dipole,E2,133.0,4.331773621139257,8.146190595566171,-68.36057186458325
representative_folded,no_dipole,E2,133.5,4.338086615462774,8.192179287623581,-68.31461382684647
representative_folded,no_dipole,E2,134.0,4.344566782406934,8.238271512502092,-68.26733656319857
representative_folded,no_dipole,E2,134.5,4.3512225737172185,8.284319157706154,-68.21866818414745
representative_folded,no_dipole,E2,135.0,4.358063041265979,8.330498710710305,-68.16853130901272
representative_folded,no_dipole,E2,135.5,4.365097892666151,8.376554556818359,-68.11684251997708
representative_folded,no_dipole,E2,136.0,4.372337553297608,8.422259429762596,-68.06351174875797
representative_folded,no_dipole,E2,136.5,4.379793235638647,8.468042134470862,-68.00844158588737
representative_folded,no_dipole,E2,137.0,4.387477016941848,8.513839294149857,-67.9515265008348
representative_folded,no_dipole,E2,137.5,4.395401926468148,8.559784221197726,-67.89265195910122
representative_folded,no_dipole,E2,138.0,4.403582043701874,8.606102292103706,-67.83169341986547
representative_folded,no_dipole,E2,138.5,4.412032609220016,8.652815716381836,-67.76851519467803
representative_folded,no_dipole,E2,139.0,4.420770150191007,8.699894436354459,-67.70296914393512
representative_folded,no_dipole,E2,139.5,4.4298126228437456,8.746823024313038,-67.63489318326272
representative_folded,no_dipole,E2,140.0,4.4391795746919644,8.793520726659056,-67.56410956627644
representative_folded,no_dipole,E2,140.5,4.448892329841723,8.840421778267837,-67.4904229031822
representative_folded,no_dipole,E2,141.0,4.458974201376033,8.887525071146099,-67.41361786597886
representative_folded,no_dipole,E2,141.5,4.469450735632845,8.93504499076828,-67.333456520143
representative_folded,no_dipole,E2,142.0,4.480349994213147,8.983000119279275,-67.24967520898863
representative_folded,no_dipole,E2,142.5,4.491702880829689,9.030872625909442,-67.16198089956953
representative_folded,no_dipole,E2,143.0,4.5035435217065976,9.079138936019914,-67.0700468769154
representative_folded,no_dipole,E2,143.5,4.5159097102621315,9.127622452512668,-66.97350764506088
representative_folded,no_dipole,E2,144.0,4.528843429381524,9.175630087556733,-66.87195285668822
representative_folded,no_dipole,E2,144.5,4.542391467889787,9.224007893099849,-66.7649200454378
representative_folded,no_dipole,E2,145.0,4.556606152103102,9.272442739262427,-66.65188587214138
representative_folded,no_dipole,E2,145.5,4.571546218902091,9.320717743321955,-66.53225551291501
representative_folded,no_dipole,E2,146.0,4.587277864088763,9.369453067865477,-66.40534970542117
representative_folded,no_dipole,E2,146.5,4.603876009508356,9.418585276658426,-66.27038881848843
representative_folded,no_dipole,E2,147.0,4.621425845464206,9.467676671789127,-66.12647310334972
representative_folded,no_dipole,E2,147.5,4.640024722656949,9.517001049370718,-65.97255799800674
representative_folded,no_dipole,E2,148.0,4.659784492192905,9.56650880378202,-65.807422953648
representative_folded,no_dipole,E2,148.5,4.680834426043643,9.61600533612379,-65.62963167878182
representative_folded,no_dipole,E2,149.0,4.703324898104755,9.665866848535812,-65.43748086779293
representative_folded,no_dipole,E2,149.5,4.7274320744906095,9.715893401512707,-65.22893326172094
representative_folded,no_dipole,E2,150.0,4.753363961597645,9.766305414065567,-65.00152906357798
representative_folded,no_dipole,E2,150.5,4.7813683089422065,9.817414934041853,-64.75226694106338
representative_folded,no_dipole,E2,151.0,4.81174308910672,9.869024813032269,-64.47744149131132
representative_folded,no_dipole,E2,151.5,4.844850627122169,9.921041798849947,-64.17241706346883
representative_folded,no_dipole,E2,152.0,4.881137009560815,9.973766376800373,-63.83130634937344
representative_folded,no_dipole,E2,152.5,4.921159319485888,10.02712269047284,-63.4465026622026
representative_folded,no_dipole,E2,153.0,4.965624797550868,10.080194735053142,-63.00798059081254
representative_folded,no_dipole,E2,153.5,5.015448768704165,10.133899094917481,-62.5022172140135
representative_folded,no_dipole,E2,154.0,5.071843217116108,10.188841057631146,-61.910466816878476
representative_folded,no_dipole,E2,154.5,5.136457659247094,10.245163011796453,-61.205883018986775
representative_folded,no_dipole,E2,155.0,5.211614033150055,10.302967992416004,-60.348475872826455
representative_folded,no_dipole,E2,155.5,5.300721501379065,10.362063833369755,-59.27575359156138
representative_folded,no_dipole,E2,156.0,5.409062373511312,10.422520616362906,-57.884197572261655
representative_folded,no_dipole,E2,156.5,5.545413805363973,10.484172871620189,-55.99020284757927
representative_folded,no_dipole,E2,157.0,5.725726507015423,10.547283346994064,-53.24643337333683
representative_folded,no_dipole,E2,157.5,5.981920497598716,10.61530092328837,-49.01479645050428
representative_folded,no_dipole,E2,158.0,6.377247877184769,10.700890316157704,-42.74569438972355
representative_folded,no_dipole,E2,158.5,6.989868941880794,10.815683944795182,-35.9652944654836
representative_folded,no_dipole,E2,159.0,7.834612319389171,10.95526246587897,-30.727324128289702
representative_folded,no_dipole,E2,159.5,8.866718752603695,11.103652073835992,-27.021560665140374
representative_folded,no_dipole,E2,160.0,10.033884184020389,11.248048604026026,-24.345002910245817
representative_folded,no_dipole,E2,160.5,11.293214458649688,11.382559755438946,-22.347351191801344
representative_folded,no_dipole,E2,161.0,12.611936672537684,11.505267744408327,-20.816492353495956
representative_folded,no_dipole,E2,161.5,13.965286464991774,11.615628398131136,-19.62107041801137
representative_folded,no_dipole,E2,162.0,15.334473103586754,11.71332114198858,-18.67591023520251
representative_folded,no_dipole,E2,162.5,16.705135121708928,11.799023460714068,-17.923260082369328
representative_folded,no_dipole,E2,163.0,18.0662260571764,11.873017405277174,-17.322420199352795
representative_folded,no_dipole,E2,163.5,19.409213856301985,11.93480159738716,-16.843760565127788
representative_folded,no_dipole,E2,164.0,20.727499457813625,11.985822148630449,-16.465114093298414
representative_folded,no_dipole,E2,164.5,22.01598806694729,12.02683231419732,-16.169511454657677
representative_folded,no_dipole,E2,165.0,23.270767951026443,12.058237550669496,-15.943706147026518
representative_folded,no_dipole,E2,165.5,24.488866133502363,12.079948989876959,-15.777183258177853
representative_folded,no_dipole,E2,166.0,25.668060010762968,12.092951446186449,-15.661474591673716
representative_folded,no_dipole,E2,166.5,26.806730309423557,12.097442033354564,-15.589673800108322
representative_folded,no_dipole,E2,167.0,27.903745080458446,12.093806880547262,-15.556085637329987
representative_folded,no_dipole,E2,167.5,28.95836732991718,12.082508784430296,-15.55596731452534
representative_folded,no_dipole,E2,168.0,29.970180886630402,12.063549472899739,-15.585334468409053
representative_folded,no_dipole,E2,168.5,30.939030507440506,12.037561066948381,-15.640813332409664
representative_folded,no_dipole,E2,169.0,31.864973215490668,12.005169686149848,-15.719526524655276
representative_folded,no_dipole,E2,169.5,32.74823858490019,11.966663323289943,-15.819003683957533
representative_folded,no_dipole,E2,170.0,33.589196209902234,11.922318819072713,-15.937110739378316
representative_folded,no_dipole,E2,170.5,34.38832898578051,11.87169574073432,-16.07199333968765
representative_folded,no_dipole,E2,171.0,35.14621112108195,11.814873045097528,-16.22203117568286
representative_folded,no_dipole,E2,171.5,35.86349002213365,11.753027156959082,-16.385800778233058
representative_folded,no_dipole,E2,172.0,36.540871362315514,11.686419598800965,-16.562044980923623
representative_folded,no_dipole,E2,172.5,37.179106780103176,11.61533385014502,-16.749647675846067
representative_folded,no_dipole,E2,173.0,37.77898375393356,11.539645551169638,-16.94761281259975
representative_folded,no_dipole,E2,173.5,38.341317283946616,11.459180445858506,-17.155046828996692
representative_folded,no_dipole,E2,174.0,38.866943075828544,11.37419288449548,-17.371143880719586
representative_folded,no_dipole,E2,174.5,39.35671197472347,11.285078194617615,-17.59517337218562
representative_folded,no_dipole,E2,175.0,39.8114854393961,11.192215390885131,-17.826469394219156
representative_folded,no_dipole,E2,175.5,40.2321318813534,11.095056245489477,-18.064421753686133
representative_folded,no_dipole,E2,176.0,40.61952372185302,10.994018003049352,-18.30846834201185
representative_folded,no_dipole,E2,176.5,40.974535042872425,10.889330071128136,-18.558088637875613
representative_folded,no_dipole,E2,177.0,41.2980397273018,10.781047834923072,-18.812798177426494
representative_folded,no_dipole,E2,177.5,41.59090999953923,10.669368616383924,-19.07214385549105
representative_folded,no_dipole,E2,178.0,41.854015290733535,10.554379724511232,-19.335699945338458
representative_folded,no_dipole,E2,178.5,42.08822136446572,10.436687264327148,-19.60306474345705
representative_folded,no_dipole,E2,179.0,42.29438964748712,10.31649494922253,-19.873857761255568
representative_folded,no_dipole,E2,179.5,42.47337671776953,10.194107997706565,-20.147717398226703
representative_folded,no_dipole,E2,180.0,42.62603391197757,10.069380555705592,-20.42429903881405
representative_folded,no_dipole,E2,180.5,42.75320701307974,9.943027316310225,-20.703273526543107
representative_folded,no_dipole,E2,181.0,42.85573599181648,9.81440913713094,-20.984325972362736
representative_folded,no_dipole,E2,181.5,42.93445478284723,9.684404533830445,-21.26715485378642
representative_folded,no_dipole,E2,182.0,42.99019105119106,9.552701639253243,-21.551471385049258
representative_folded,no_dipole,E2,182.5,43.02376596122411,9.419393960661253,-21.836999109743733
representative_folded,no_dipole,E2,183.0,43.03599391520607,9.282383462421894,-22.12347369466756
representative_folded,no_dipole,E2,183.5,43.027682255732984,9.132115987234073,-22.4106428945592
representative_folded,no_dipole,E2,184.0,42.99963092232703,8.982110220086295,-22.698266659432694
representative_folded,no_dipole,E2,184.5,42.952632056035334,8.822002735496303,-22.986117357640637
representative_folded,no_dipole,E2,185.0,42.88746954828346,8.657887718753505,-23.273980087737783
representative_folded,no_dipole,E2,185.5,42.80491853292479,8.494613245595637,-23.561653052611085
representative_folded,no_dipole,E2,186.0,42.70574482803344,8.33290269122383,-23.848947967468277
representative_folded,no_dipole,E2,186.5,42.59070445474799,8.172400631890266,-24.135690415913498
representative_folded,no_dipole,E2,187.0,42.46054313371107,8.003980812412582,-24.421720124104286
representative_folded,no_dipole,E2,187.5,42.31599506260878,7.831638818253619,-24.706891643922297
representative_folded,no_dipole,E2,188.0,42.15778234301891,7.6623198735613745,-24.991074593579143
representative_folded,no_dipole,E2,188.5,41.98661425591967,7.495927397788805,-25.274153861476297
representative_folded,no_dipole,E2,189.0,41.80318647489514,7.332353640952441,-25.556029758500735
representative_folded,no_dipole,E2,189.5,41.60818027496879,7.171702784765051,-25.836618066098247
representative_folded,no_dipole,E2,190.0,41.40226174836998,7.0137597960986,-26.115849970305998
representative_folded,no_dipole,E2,190.5,41.18608192875993,6.855316475076139,-26.393671618666914
representative_folded,no_dipole,E2,191.0,40.96028862583695,6.686409241685958,-26.670035844711503
representative_folded,no_dipole,E2,191.5,40.725505933776894,6.5203298074816,-26.944911802239897
representative_folded,no_dipole,E2,192.0,40.482335536301605,6.356935253779397,-27.218286041215368
representative_folded,no_dipole,E2,192.5,40.23136031612078,6.195999706962894,-27.490158546439016
representative_folded,no_dipole,E2,193.0,39.97314384840105,6.037011425379461,-27.760541964504835
representative_folded,no_dipole,E2,193.5,39.70822996867132,5.880169108849726,-28.02946074507657
representative_folded,no_dipole,E2,194.0,39.437142420715396,5.725241732780482,-28.296950211217496
representative_folded,no_dipole,E2,194.5,39.160384588520614,5.572012809294701,-28.5630555747601
representative_folded,no_dipole,E2,195.0,38.878442635344754,5.419947711073663,-28.827830912311057
representative_folded,no_dipole,E2,195.5,38.59207520947018,5.265311411606346,-29.09101351890229
representative_folded,no_dipole,E2,196.0,38.30192789724436,5.113034920196631,-29.352381047331765
representative_folded,no_dipole,E2,196.5,38.00843848285292,4.962706878856897,-29.612022580260533
representative_folded,no_dipole,E2,197.0,37.71202202842894,4.814255647826409,-29.870030436806864
representative_folded,no_dipole,E2,197.5,37.41307125304938,4.667430268961077,-30.12649917792613
representative_folded,no_dipole,E2,198.0,37.11195698327691,4.522073868084129,-30.3815246757064
representative_folded,no_dipole,E2,198.5,36.809028668869935,4.377850780284045,-30.635203254268596
representative_folded,no_dipole,E2,199.0,36.50461495669288,4.234538426206078,-30.887630907680776
representative_folded,no_dipole,E2,199.5,36.1990243154746,4.0918760352763694,-31.13890259814077
representative_folded,no_dipole,E2,200.0,35.89342909723096,4.023989900237264,-31.342887090207086
representative_folded,no_dipole,E2,200.5,35.59255373939822,4.032453856907661,-31.49729310673771
representative_folded,no_dipole,E2,201.0,35.29699005210079,4.039302064493371,-31.65031123207808
representative_folded,no_dipole,E2,201.5,35.006673326334955,4.044684606155378,-31.80192745855993
representative_folded,no_dipole,E2,202.0,34.72153821626352,4.048668742281958,-31.952128999362568
representative_folded,no_dipole,E2,202.5,34.44151878059573,4.051249062810416,-32.10090427869501
representative_folded,no_dipole,E2,203.0,34.166548525303995,4.052617355735082,-32.24824292021066
representative_folded,no_dipole,E2,203.5,33.89656044743091,4.052637248821691,-32.39413573373829
representative_folded,no_dipole,E2,204.0,33.63148707976216,4.051451860846038,-32.538574700411694
representative_folded,no_dipole,E2,204.5,33.3713608041871,4.049175533973681,-32.68150934001099
representative_folded,no_dipole,E2,205.0,33.11638095846381,4.046431965533204,-32.822768396293654
representative_folded,no_dipole,E2,205.5,32.86649225113921,4.04335421131969,-32.962330011835206
representative_folded,no_dipole,E2,206.0,32.62162410280457,4.0398781382849736,-33.10018941306863
representative_folded,no_dipole,E2,206.5,32.381705148472165,4.03618276817014,-33.236343183396485
representative_folded,no_dipole,E2,207.0,32.14666330417326,4.032313317494816,-33.37078924452077
representative_folded,no_dipole,E2,207.5,31.916425834386384,4.028323011619879,-33.50352683498904
representative_folded,no_dipole,E2,208.0,31.668630538236833,4.020727233441002,-33.64756371150587
representative_folded,no_dipole,E2,208.5,31.448270092234097,4.0111506845186184,-33.776701754763536
representative_folded,no_dipole,E2,209.0,31.232512049439688,4.0016706535563795,-33.90412055344073
representative_folded,no_dipole,E2,209.5,31.021284079869297,3.992349289268695,-34.02982277390467
representative_folded,no_dipole,E2,210.0,30.81451338706526,3.983182876950222,-34.153812336594406
representative_folded,no_dipole,E2,210.5,30.612126813480767,3.973429843927865,-34.276094375684735
representative_folded,no_dipole,E2,211.0,30.41405218692373,3.959530413680108,-34.39667447403226
representative_folded,no_dipole,E2,211.5,30.220216725166964,3.945919499695947,-34.51555937150752
representative_folded,no_dipole,E2,212.0,30.030546880054096,3.9325329865410197,-34.63275735912448
representative_folded,no_dipole,E2,212.5,29.844969009307952,3.9182220830011705,-34.748277774332436
representative_folded,no_dipole,E2,213.0,29.663409585126796,3.900716098750028,-34.86213087152419
representative_folded,no_dipole,E2,213.5,29.485795047805375,3.883462849888808,-34.974327888573086
representative_folded,no_dipole,E2,214.0,29.31205188564992,3.8639728797344564,-35.08488102100143
representative_folded,no_dipole,E2,214.5,29.14210675680618,3.842789365744581,-35.19380332971206
representative_folded,no_dipole,E2,215.0,28.975886518330075,3.818347693283659,-35.301108716533776
representative_folded,no_dipole,E2,215.5,28.81331829524949,3.788902757132031,-35.40681187397026
representative_folded,no_dipole,E2,216.0,28.654329534483843,3.757881089864381,-35.510928241758975
representative_folded,no_dipole,E2,216.5,28.498848059497796,3.727165731613762,-35.61347396218111
representative_folded,no_dipole,E2,217.0,28.34680212221997,3.696760649726336,-35.71446583588768
representative_folded,no_dipole,E2,217.5,28.19812045273322,3.666669243643561,-35.8139212781072
representative_folded,no_dipole,E2,218.0,28.05273230694702,3.6368943711552726,-35.911858275163695
representative_folded,no_dipole,E2,218.5,27.910567512209774,3.6074383744768346,-36.00829534140543
representative_folded,no_dipole,E2,219.0,27.771556510815856,3.5783031060734194,-36.10325147665394
representative_folded,no_dipole,E2,219.5,27.635630401370353,3.5494899541608183,-36.196746124276075
representative_folded,no_dipole,E2,220.0,27.502720977982932,3.5209998678174426,-36.28879912997515
representative_folded,dipole_enabled,E1,0.0,3.5,0.0,-74.34443899396732
representative_folded,dipole_enabled,E1,0.5,3.5007817420287224,-0.08944682380620095,-74.24882490620476
representative_folded,dipole_enabled,E1,1.0,3.503102352691277,-0.08264634814136732,-74.14823263143008
representative_folded,dipole_enabled,E1,1.5,3.5067001676561227,-0.07558872900831484,-74.05308369444822
representative_folded,dipole_enabled,E1,2.0,3.5113530821974126,-0.06887326937711151,-73.96290650795588
representative_folded,dipole_enabled,E1,2.5,3.5168734509493733,-0.06290847713953009,-73.87727150095851
representative_folded,dipole_enabled,E1,3.0,3.523102880856402,-0.05413432096901676,-73.79578999025549
representative_folded,dipole_enabled,E1,3.5,3.529907962204626,-0.04292777257864169,-73.7181113090901
representative_folded,dipole_enabled,E1,4.0,3.537177103397253,-0.03085857351851745,-73.64391522723042
representative_folded,dipole_enabled,E1,4.5,3.544817234948039,-0.017327417105799586,-73.57290972806825
representative_folded,dipole_enabled,E1,5.0,3.5527511731743444,-0.002191953530883146,-73.50482910815761
representative_folded,dipole_enabled,E1,5.5,3.560915860455914,0.0140064868942775,-73.43942909500026
representative_folded,dipole_enabled,E1,6.0,3.5692607832886543,0.031145842936930658,-73.3764830756236
representative_folded,dipole_enabled,E1,6.5,3.577746392731171,0.04939054900298931,-73.3157802564148
representative_folded,dipole_enabled,E1,7.0,3.5863427017690976,0.06860910420013172,-73.25712377788939
representative_folded,dipole_enabled,E1,7.5,3.5950280080582373,0.08863266686231323,-73.20032890008704
representative_folded,dipole_enabled,E1,8.0,3.603787931383896,0.10863749900631416,-73.145219987725
representative_folded,dipole_enabled,E1,8.5,3.612614379826505,0.12873374295860396,-73.09162914497014
representative_folded,dipole_enabled,E1,9.0,3.6215050260014534,0.14844140431542913,-73.03939381166664
representative_folded,dipole_enabled,E1,9.5,3.6304634927636434,0.1674774161849497,-72.98835254848471
representative_folded,dipole_enabled,E1,10.0,3.6395006549404902,0.18554933751468983,-72.938339462555
representative_folded,dipole_enabled,E1,10.5,3.648636798110534,0.2028007102403254,-72.88917878678859
representative_folded,dipole_enabled,E1,11.0,3.657902866611615,0.2192263315750561,-72.84068131354792
representative_folded,dipole_enabled,E1,11.5,3.6673395258420123,0.23534775865023908,-72.79264495491992
representative_folded,dipole_enabled,E1,12.0,3.676995430112113,0.2517728212441189,-72.74485661788434
representative_folded,dipole_enabled,E1,12.5,3.686926295589039,0.2694399232874279,-72.6970921494623
representative_folded,dipole_enabled,E1,13.0,3.697195248107263,0.2878941057886198,-72.64911403781807
representative_folded,dipole_enabled,E1,13.5,3.707873440259268,0.30581847365885456,-72.60066730812207
representative_folded,dipole_enabled,E1,14.0,3.719039392645945,0.3227594390809457,-72.55148034572754
representative_folded,dipole_enabled,E1,14.5,3.730777635201362,0.3396253787980663,-72.50126768879552
representative_folded,dipole_enabled,E1,15.0,3.743178266260309,0.3571887606966801,-72.4497300071838
representative_folded,dipole_enabled,E1,15.5,3.756340102485332,0.37529201405395807,-72.3965444584017
representative_folded,dipole_enabled,E1,16.0,3.770382293073948,0.3938283027745064,-72.34133655389189
representative_folded,dipole_enabled,E1,16.5,3.7854747467234,0.4124402075481677,-72.28361160356181
representative_folded,dipole_enabled,E1,17.0,3.801875679740204,0.43041207295352824,-72.22266631836274
representative_folded,dipole_enabled,E1,17.5,3.819919267386751,0.4477304134321185,-72.15759954666298
representative_folded,dipole_enabled,E1,18.0,3.8399737577508017,0.46529118042623563,-72.08739165257857
representative_folded,dipole_enabled,E1,18.5,3.862431671397888,0.4830933783686036,-72.01092199456104
representative_folded,dipole_enabled,E1,19.0,3.887712619272405,0.500901172628513,-71.92695618372161
representative_folded,dipole_enabled,E1,19.5,3.9162417572460346,0.5186803765065217,-71.83418214008547
representative_folded,dipole_enabled,E1,20.0,3.9484282321436215,0.5364117500769554,-71.73124838159903
representative_folded,dipole_enabled,E1,20.5,3.9846497603282205,0.5541341911027555,-71.6167868495478
representative_folded,dipole_enabled,E1,21.0,4.025251856780141,0.5714328219375314,-71.48940401351987
representative_folded,dipole_enabled,E1,21.5,4.070579812977827,0.5870429225138533,-71.34759792708796
representative_folded,dipole_enabled,E1,22.0,4.121059213958212,0.6007814946991755,-71.18956839450264
representative_folded,dipole_enabled,E1,22.5,4.177378587401482,0.6124191334209066,-71.01280923039805
representative_folded,dipole_enabled,E1,23.0,4.24093359835078,0.6225279524109829,-70.8131484972379
representative_folded,dipole_enabled,E1,23.5,4.314554902070259,0.6335005114807875,-70.583006088447
representative_folded,dipole_enabled,E1,24.0,4.402582012918825,0.6464445532644004,-70.31053034254519
representative_folded,dipole_enabled,E1,24.5,4.509830233100134,0.6600458097922134,-69.98069870933655
representative_folded,dipole_enabled,E1,25.0,4.639584736249716,0.6728676193201371,-69.57838818985958
representative_folded,dipole_enabled,E1,25.5,4.792990572602556,0.6838034432036338,-69.08891161935014
representative_folded,dipole_enabled,E1,26.0,4.969774838519157,0.6903158429228065,-68.49494624228184
representative_folded,dipole_enabled,E1,26.5,5.16903666565933,0.6903410339478664,-67.77179002859306
representative_folded,dipole_enabled,E1,27.0,5.389900032346543,0.6838243788855093,-66.88023262837581
representative_folded,dipole_enabled,E1,27.5,5.632138964820703,0.6712788791124363,-65.75395647796482
representative_folded,dipole_enabled,E1,28.0,5.896997165418357,0.6531258028510796,-64.27373061118863
representative_folded,dipole_enabled,E1,28.5,6.1886947972944135,0.6303876210919077,-62.2071893364918
representative_folded,dipole_enabled,E1,29.0,6.518040830080023,0.6059480590511769,-59.05250138227177
representative_folded,dipole_enabled,E1,29.5,6.912715412980435,0.58554660897776,-53.6823190418025
representative_folded,dipole_enabled,E1,30.0,7.438793868016777,0.5769328518254173,-45.06667598900823
representative_folded,dipole_enabled,E1,30.5,8.16578569331688,0.5798422811793323,-36.76266955907745
representative_folded,dipole_enabled,E1,31.0,9.073629649818518,0.5805531748034288,-31.1573808210612
representative_folded,dipole_enabled,E1,31.5,10.104510056678977,0.5669239251044113,-27.404936128365186
representative_folded,dipole_enabled,E1,32.0,11.209666854717398,0.5330194725140913,-24.763037526694212
representative_folded,dipole_enabled,E1,32.5,12.35332105398784,0.47702055914850616,-22.82587643737558
representative_folded,dipole_enabled,E1,33.0,13.509839179454403,0.3988282604555262,-21.364642547897045
representative_folded,dipole_enabled,E1,33.5,14.661003561822474,0.3001225052654793,-20.241136318356794
representative_folded,dipole_enabled,E1,34.0,15.793982993398958,0.1828025905506557,-19.366616010344682
representative_folded,dipole_enabled,E1,34.5,16.89989477549878,0.048926653243931494,-18.681176901956352
representative_folded,dipole_enabled,E1,35.0,17.972811191410003,-0.09859566999517663,-18.142702097310206
representative_folded,dipole_enabled,E1,35.5,19.009117825290318,-0.2574697367288116,-17.720563099760867
representative_folded,dipole_enabled,E1,36.0,20.007204779452252,-0.4249441413015382,-17.391827772938363
representative_folded,dipole_enabled,E1,36.5,20.967623986904027,-0.5974157092311573,-17.138844022438967
representative_folded,dipole_enabled,E1,37.0,21.893265435113182,-0.7735495398547652,-16.94770642584757
representative_folded,dipole_enabled,E1,37.5,22.7876947130202,-0.9551771132727271,-16.807545658518357
representative_folded,dipole_enabled,E1,38.0,23.653452238527105,-1.1437038906949986,-16.710013618328716
representative_folded,dipole_enabled,E1,38.5,24.491991250381812,-1.3395062584521962,-16.648641531810867
representative_folded,dipole_enabled,E1,39.0,25.30405116774637,-1.542949921034226,-16.61831451894594
representative_folded,dipole_enabled,E1,39.5,26.089990414016487,-1.7538272452081038,-16.614898448271976
representative_folded,dipole_enabled,E1,40.0,26.850077070047913,-1.9709442546360711,-16.63497290029368
representative_folded,dipole_enabled,E1,40.5,27.584841262290052,-2.1932539384994647,-16.67562492135359
representative_folded,dipole_enabled,E1,41.0,28.295443562398468,-2.42003798982234,-16.734303060850635
representative_folded,dipole_enabled,E1,41.5,28.983322846772243,-2.6514734121194246,-16.808830078574974
representative_folded,dipole_enabled,E1,42.0,29.714901550545118,-2.91251487130912,-16.907037706023218
representative_folded,dipole_enabled,E1,42.5,30.357614083291462,-3.1559814638966333,-17.009566608042437
representative_folded,dipole_enabled,E1,43.0,30.979086033171445,-3.404942014170999,-17.123536629071083
representative_folded,dipole_enabled,E1,43.5,31.579195230572438,-3.6596240798160706,-17.247972340881347
representative_folded,dipole_enabled,E1,44.0,32.157771061252674,-3.920445395491152,-17.382014092740896
representative_folded,dipole_enabled,E1,44.5,32.71464152835725,-4.187524435285853,-17.52490072221483
representative_folded,dipole_enabled,E1,45.0,33.24964935055431,-4.460486093778703,-17.675955100615877
representative_folded,dipole_enabled,E1,45.5,33.762663692798576,-4.73900848950492,-17.834569502447973
representative_folded,dipole_enabled,E1,46.0,34.25359384061443,-5.022618377265635,-18.000191027026354
representative_folded,dipole_enabled,E1,46.5,34.72240659190529,-5.310553524736798,-18.172307397183133
representative_folded,dipole_enabled,E1,47.0,35.16914865478834,-5.602687725129849,-18.350434697697132
representative_folded,dipole_enabled,E1,47.5,35.59395083519009,-5.8983972210295645,-18.534118160494973
representative_folded,dipole_enabled,E1,48.0,35.997005504479525,-6.196992047586977,-18.722940192815244
representative_folded,dipole_enabled,E1,48.5,36.37854318955149,-6.498007139028193,-18.916521737377526
representative_folded,dipole_enabled,E1,49.0,36.73881726688734,-6.800903304994903,-19.11451928746035
representative_folded,dipole_enabled,E1,49.5,37.078095660178825,-7.104990039407294,-19.31662020124812
representative_folded,dipole_enabled,E1,50.0,37.39665846709491,-7.41061553237353,-19.522536810230168
representative_folded,dipole_enabled,E1,50.5,37.694799697992366,-7.719397402132067,-19.731999962155175
representative_folded,dipole_enabled,E1,51.0,37.9728257714872,-8.031819037622304,-19.94475621792196
representative_folded,dipole_enabled,E1,51.5,38.23105343962158,-8.34778738986765,-20.160566674194804
representative_folded,dipole_enabled,E1,52.0,38.46980937216615,-8.666293126227965,-20.37920510407169
representative_folded,dipole_enabled,E1,52.5,38.68942944886048,-8.985687648069478,-20.60045655488546
representative_folded,dipole_enabled,E1,53.0,38.89026024901392,-9.30529743600517,-20.824115065693274
representative_folded,dipole_enabled,E1,53.5,39.07266152533784,-9.62482165078284,-21.049981040043058
representative_folded,dipole_enabled,E1,54.0,39.2370050863248,-9.943653347256324,-21.277861313408792
representative_folded,dipole_enabled,E1,54.5,39.38367369560499,-10.26124802674344,-21.507569419181404
representative_folded,dipole_enabled,E1,55.0,39.51306186297879,-10.577243472564966,-21.73892491703221
representative_folded,dipole_enabled,E1,55.5,39.62557870311193,-10.892092361476633,-21.97175195765583
representative_folded,dipole_enabled,E1,56.0,39.721646635597295,-11.20577796097318,-22.205880068993302
representative_folded,dipole_enabled,E1,56.5,39.80169637056201,-11.518772154593272,-22.441146253172718
representative_folded,dipole_enabled,E1,57.0,39.86616400160926,-11.832375698617682,-22.677394953766903
representative_folded,dipole_enabled,E1,57.5,39.91548739143918,-12.14663088525283,-22.914478350252132
representative_folded,dipole_enabled,E1,58.0,39.95010330173177,-12.462202407107588,-23.152256859528478
representative_folded,dipole_enabled,E1,58.5,39.97044680030471,-12.77901511903072,-23.390598401969644
representative_folded,dipole_enabled,E1,59.0,39.97694889455126,-13.095143108537123,-23.62937892033071
representative_folded,dipole_enabled,E1,59.5,39.970035441568285,-13.409158090711006,-23.868482661142703
representative_folded,dipole_enabled,E1,60.0,39.95012854219013,-13.720451119986386,-24.107800952531388
representative_folded,dipole_enabled,E1,60.5,39.917647497275134,-14.029192670975956,-24.347231309238122
representative_folded,dipole_enabled,E1,61.0,39.87301127760447,-14.337349512516695,-24.58667577928532
representative_folded,dipole_enabled,E1,61.5,39.816638134367494,-14.645392449046968,-24.826040736214196
representative_folded,dipole_enabled,E1,62.0,39.74894247809089,-14.95240452349618,-25.065238879551355
representative_folded,dipole_enabled,E1,62.5,39.67033420003611,-15.257607118874175,-25.304189765667804
representative_folded,dipole_enabled,E1,63.0,39.581218440532055,-15.560107777736086,-25.542819901194296
representative_folded,dipole_enabled,E1,63.5,39.48199547561365,-15.859556399840127,-25.78106271638372
representative_folded,dipole_enabled,E1,64.0,39.373061886747024,-16.157091577141188,-26.01885776460109
representative_folded,dipole_enabled,E1,64.5,39.25481130863213,-16.454003345280576,-26.256149835083583
representative_folded,dipole_enabled,E1,65.0,39.127632831287585,-16.75047139373208,-26.492889643896273
representative_folded,dipole_enabled,E1,65.5,38.991908733419145,-17.044417537663207,-26.72903493653507
representative_folded,dipole_enabled,E1,66.0,38.84801454652869,-17.335331399168258,-26.96455057736831
representative_folded,dipole_enabled,E1,66.5,38.69632582215137,-17.623825557049887,-27.19940373878471
representative_folded,dipole_enabled,E1,67.0,38.537210525019994,-17.910552584011633,-27.43356769202682
representative_folded,dipole_enabled,E1,67.5,38.37102945580787,-18.195268689121608,-27.667021853560264
representative_folded,dipole_enabled,E1,68.0,38.19813619264463,-18.477934995629177,-27.89975122602351
representative_folded,dipole_enabled,E1,68.5,38.018876867184055,-18.758715778760003,-28.131746217429825
representative_folded,dipole_enabled,E1,69.0,37.83359105785926,-19.038352816123638,-28.363001688268877
representative_folded,dipole_enabled,E1,69.5,37.642613159868596,-19.316464179826454,-28.593515905069122
representative_folded,dipole_enabled,E1,70.0,37.44630885291729,-19.59174956302165,-28.82326765525963
representative_folded,dipole_enabled,E1,70.5,37.24502903718602,-19.865405424491453,-29.052232521056812
representative_folded,dipole_enabled,E1,71.0,37.03909266225774,-20.13787394785099,-29.28040892161831
representative_folded,dipole_enabled,E1,71.5,36.828808564603676,-20.408099365636172,-29.507800685903
representative_folded,dipole_enabled,E1,72.0,36.614473743546355,-20.674404653105334,-29.734417733398924
representative_folded,dipole_enabled,E1,72.5,36.39637436717451,-20.936863485992955,-29.960275234154135
representative_folded,dipole_enabled,E1,73.0,36.174788532720285,-21.19771669919633,-30.185391208112595
representative_folded,dipole_enabled,E1,73.5,35.94998827084155,-21.45837553301931,-30.409785054334833
representative_folded,dipole_enabled,E1,74.0,35.72227418553152,-21.71812415708839,-30.63345253312448
representative_folded,dipole_enabled,E1,74.5,35.4920447865645,-21.971120263700996,-30.856222531791904
representative_folded,dipole_enabled,E1,75.0,35.25994362596636,-22.21775195976255,-31.077353904486202
representative_folded,dipole_enabled,E1,75.5,35.02624797084377,-22.461603075190524,-31.296833008007034
representative_folded,dipole_enabled,E1,76.0,34.791192048916244,-22.70272992412602,-31.514744835595643
representative_folded,dipole_enabled,E1,76.5,34.55499750146623,-22.94014583103054,-31.731170808609043
representative_folded,dipole_enabled,E1,77.0,34.31787369981009,-23.17377294230834,-31.946188996508457
representative_folded,dipole_enabled,E1,77.5,34.08001894717537,-23.40496205722426,-32.15987355157228
representative_folded,dipole_enabled,E1,78.0,33.841620706720605,-23.63337704259617,-32.372294692114
representative_folded,dipole_enabled,E1,78.5,33.60285522586543,-23.859443600891268,-32.58351948517905
representative_folded,dipole_enabled,E1,79.0,33.36403822704911,-24.079715892632805,-32.793366560484394
representative_folded,dipole_enabled,E1,79.5,33.12550077065038,-24.30021849295678,-33.001566697516914
representative_folded,dipole_enabled,E1,80.0,32.888972628171985,-24.433274101305283,-33.13805553322504
representative_folded,dipole_enabled,E1,80.5,32.656265098698114,-24.55984878861316,-33.266791735956
representative_folded,dipole_enabled,E1,81.0,32.427303327100276,-24.686937580227102,-33.39447714841504
representative_folded,dipole_enabled,E1,81.5,32.202012815417255,-24.81428855141212,-33.52111428448934
representative_folded,dipole_enabled,E1,82.0,31.980320466359135,-24.942223341395785,-33.64670664492357
representative_folded,dipole_enabled,E1,82.5,31.762154728594297,-25.070277484382988,-33.771258467893205
representative_folded,dipole_enabled,E1,83.0,31.547445275662184,-25.19761955874085,-33.8947748343247
representative_folded,dipole_enabled,E1,83.5,31.336123105625493,-25.323976177468452,-34.01726158030767
representative_folded,dipole_enabled,E1,84.0,31.128143760619686,-25.44797646844941,-34.13871729334876
representative_folded,dipole_enabled,E1,84.5,30.923692449487252,-25.566084026245655,-34.25900332868903
representative_folded,dipole_enabled,E1,85.0,30.722804475431968,-25.68286156990669,-34.37805019734495
representative_folded,dipole_enabled,E1,85.5,30.525471118115917,-25.796120584957997,-34.495842092898116
representative_folded,dipole_enabled,E1,86.0,30.332013183823552,-25.90403708079122,-34.612153271427495
representative_folded,dipole_enabled,E1,86.5,30.14242955835878,-26.01233991668638,-34.726933366649924
representative_folded,dipole_enabled,E1,87.0,29.95664022068133,-26.120187624922426,-34.840201593446736
representative_folded,dipole_enabled,E1,87.5,29.774566067071987,-26.226764585225823,-34.951977250919235
representative_folded,dipole_enabled,E1,88.0,29.596130093752464,-26.331815139626684,-35.062279180040406
representative_folded,dipole_enabled,E1,88.5,29.42125753166677,-26.434587208295316,-35.171125202529744
representative_folded,dipole_enabled,E1,89.0,29.24987257620373,-26.53556921848736,-35.27853460888184
representative_folded,dipole_enabled,E1,89.5,29.08190168662161,-26.636193551653534,-35.3845263705298
representative_folded,dipole_enabled,E1,90.0,28.917308780717423,-26.736841146813404,-35.48909883277488
representative_folded,dipole_enabled,E1,90.5,28.756050691624143,-26.836606010807323,-35.59224931880563
representative_folded,dipole_enabled,E1,91.0,28.598067332317644,-26.934538033822374,-35.69398913212286
representative_folded,dipole_enabled,E1,91.5,28.44329769221337,-27.030742211580773,-35.79433219637323
representative_folded,dipole_enabled,E1,92.0,28.291715958003323,-27.124982235342692,-35.89327015355823
representative_folded,dipole_enabled,E1,92.5,28.143269884947674,-27.21770422393198,-35.99080918148159
representative_folded,dipole_enabled,E1,93.0,27.99790565168687,-27.309757547625388,-36.08696014242327
representative_folded,dipole_enabled,E1,93.5,27.855570243775723,-27.401422883622676,-36.18173237256149
representative_folded,dipole_enabled,E1,94.0,27.716204616604887,-27.493219034714265,-36.275140624248046
representative_folded,dipole_enabled,E1,94.5,27.579749425737152,-27.58373957949088,-36.36720053023555
representative_folded,dipole_enabled,E1,95.0,27.446144717532974,-27.67250485109836,-36.457928886205444
representative_folded,dipole_enabled,E1,95.5,27.31533127959594,-27.760232261474616,-36.54734291677484
representative_folded,dipole_enabled,E1,96.0,27.18725623493318,-27.84752571186906,-36.63545638632735
representative_folded,dipole_enabled,E1,96.5,27.06186398075716,-27.93338572531642,-36.72228491908273
representative_folded,dipole_enabled,E1,97.0,26.939098022422613,-28.01663068930913,-36.80784569729149
representative_folded,dipole_enabled,E1,97.5,26.818901334636912,-28.096783018964494,-36.8921569077664
representative_folded,dipole_enabled,E1,98.0,26.70122015523988,-28.17449462481065,-36.975235656727584
representative_folded,dipole_enabled,E1,98.5,26.586004906005734,-28.25238368259322,-37.05709625108163
representative_folded,dipole_enabled,E1,99.0,26.473203245393716,-28.330539651410955,-37.13775542181667
representative_folded,dipole_enabled,E1,99.5,26.36276282917113,-28.409124417492176,-37.21723066720286
representative_folded,dipole_enabled,E1,100.0,26.254631997199244,-28.487955792113514,-37.29553958544956
representative_folded,dipole_enabled,E1,100.5,26.148759421703232,-28.56599881955582,-37.37270010622997
representative_folded,dipole_enabled,E1,101.0,26.045094013501824,-28.642342192346874,-37.448730572932774
representative_folded,dipole_enabled,E1,101.5,25.943585622355393,-28.718293396582627,-37.52364932458726
representative_folded,dipole_enabled,E1,102.0,25.84418581080581,-28.794163316854622,-37.597474046578
representative_folded,dipole_enabled,E1,102.5,25.74684645643926,-28.869171839166484,-37.67022260600599
representative_folded,dipole_enabled,E1,103.0,25.651519547522945,-28.943156935883714,-37.74191339364685
representative_folded,dipole_enabled,E1,103.5,25.558157859080836,-29.01569229169371,-37.812564775977435
representative_folded,dipole_enabled,E1,104.0,25.466715292311047,-29.086865966269162,-37.88219488301433
representative_folded,dipole_enabled,E1,104.5,25.377146806925676,-29.156306658861947,-37.95082151429808
representative_folded,dipole_enabled,E1,105.0,25.289407942904383,-29.225104616005204,-38.01846256115667
representative_folded,dipole_enabled,E1,105.5,25.20345501481961,-29.293384355756125,-38.08513582021866
representative_folded,dipole_enabled,E1,106.0,25.11924529029574,-29.361504640483002,-38.150858919530734
representative_folded,dipole_enabled,E1,106.5,25.03673704052294,-29.42839631093143,-38.21564913586144
representative_folded,dipole_enabled,E1,107.0,24.95588874623688,-29.493719751183086,-38.279524051002376
representative_folded,dipole_enabled,E1,107.5,24.876659778368474,-29.557822489521946,-38.34250106222371
representative_folded,dipole_enabled,E1,108.0,24.79901044947629,-29.621150824052496,-38.40459730927029
representative_folded,dipole_enabled,E1,108.5,24.722902337515873,-29.685401759563206,-38.46582943577103
representative_folded,dipole_enabled,E1,109.0,24.648297869397904,-29.75037679256138,-38.526213803394654
representative_folded,dipole_enabled,E1,109.5,24.57515971174474,-29.814606773032647,-38.585766977110616
representative_folded,dipole_enabled,E1,110.0,24.50345110282973,-29.877111033136256,-38.64450549066459
representative_folded,dipole_enabled,E1,110.5,24.433135582737094,-29.937060400385995,-38.702446020075755
representative_folded,dipole_enabled,E1,111.0,24.36417785873894,-29.99656662849475,-38.759604841533495
representative_folded,dipole_enabled,E1,111.5,24.29654389276683,-30.054883022884397,-38.815997569361556
representative_folded,dipole_enabled,E1,112.0,24.2301999065803,-30.11138661836396,-38.87163995637935
representative_folded,dipole_enabled,E1,112.5,24.165112773237663,-30.166363290258165,-38.926547631019844
representative_folded,dipole_enabled,E1,113.0,24.101250123553765,-30.21983095800544,-38.980735979821716
representative_folded,dipole_enabled,E1,113.5,24.03858051030057,-30.272802015238085,-39.034220057014934
representative_folded,dipole_enabled,E1,114.0,23.977073914287935,-30.327183922698246,-39.087014172408324
representative_folded,dipole_enabled,E1,114.5,23.916701391905278,-30.38294496296895,-39.13913207462286
representative_folded,dipole_enabled,E1,115.0,23.857434313912016,-30.438436234725835,-39.190587513812275
representative_folded,dipole_enabled,E1,115.5,23.799244344683757,-30.492883037774856,-39.241394316495956
representative_folded,dipole_enabled,E1,116.0,23.74210380132346,-30.545941591429624,-39.29156610651943
representative_folded,dipole_enabled,E1,116.5,23.685985507828367,-30.597503950948717,-39.34111636305538
representative_folded,dipole_enabled,E1,117.0,23.630862412292803,-30.64729326910404,-39.39005870596857
representative_folded,dipole_enabled,E1,117.5,23.57670797356969,-30.69572918666558,-39.43840667395743
representative_folded,dipole_enabled,E1,118.0,23.5234964541786,-30.743426915318913,-39.48617344167762
representative_folded,dipole_enabled,E1,118.5,23.471202535980147,-30.78895911040606,-39.53337206651835
representative_folded,dipole_enabled,E1,119.0,23.419801635854412,-30.833154986922253,-39.58001535108265
representative_folded,dipole_enabled,E1,119.5,23.36927054122855,-30.877451812700475,-39.62611529510243
representative_folded,dipole_enabled,E1,120.0,23.319587084472314,-30.922244787854623,-39.67168326713663
representative_folded,dipole_enabled,E1,120.5,23.27072949252725,-30.967120911250387,-39.71673050824568
representative_folded,dipole_enabled,E1,121.0,23.22267645371356,-31.012152177772734,-39.76126811973185
representative_folded,dipole_enabled,E1,121.5,23.17540702202336,-31.056428741089775,-39.805307100524196
representative_folded,dipole_enabled,E1,122.0,23.128900901199344,-31.101077647674554,-39.84885819096257
representative_folded,dipole_enabled,E1,122.5,23.083138331244836,-31.144411784889897,-39.89193182060986
representative_folded,dipole_enabled,E1,123.0,23.038099338855073,-31.184972127973577,-39.93453876442334
representative_folded,dipole_enabled,E1,123.5,22.993764401222467,-31.22305393651586,-39.97668967960106
representative_folded,dipole_enabled,E1,124.0,22.950114815409126,-31.259385197045354,-40.01839476895403
representative_folded,dipole_enabled,E1,124.5,22.90713264866394,-31.294542540640716,-40.05966380349631
representative_folded,dipole_enabled,E1,125.0,22.860602653686424,-31.333055709322473,-40.104567239149326
representative_folded,dipole_enabled,E1,125.5,22.81896713887648,-31.369742445911434,-40.144950400812284
representative_folded,dipole_enabled,E1,126.0,22.77794827376526,-31.407574334835928,-40.18492501505665
representative_folded,dipole_enabled,E1,126.5,22.737530625180597,-31.446331768798466,-40.224499479500885
representative_folded,dipole_enabled,E1,127.0,22.697699174608598,-31.486082204163285,-40.263682023440445
representative_folded,dipole_enabled,E1,127.5,22.658439156396057,-31.525204726257357,-40.302480780222716
representative_folded,dipole_enabled,E1,128.0,22.619736076662733,-31.562937695275785,-40.34090380798676
representative_folded,dipole_enabled,E1,128.5,22.581575645450908,-31.598568929321026,-40.37895911524517
representative_folded,dipole_enabled,E1,129.0,22.54394359262594,-31.63167293309213,-40.41665480626605
representative_folded,dipole_enabled,E1,129.5,22.50682590616767,-31.663184380424525,-40.45399893979659
representative_folded,dipole_enabled,E1,130.0,22.470209389628238,-31.695154485469278,-40.49099908461764
representative_folded,dipole_enabled,E1,130.5,22.434081470782004,-31.72724199734276,-40.52766239330862
representative_folded,dipole_enabled,E1,131.0,22.398429989994764,-31.759248424545305,-40.56399580948721
representative_folded,dipole_enabled,E1,131.5,22.363243510760075,-31.792356881221963,-40.60000583226488
representative_folded,dipole_enabled,E1,132.0,22.328511261819205,-31.826970577503996,-40.63569850200547
representative_folded,dipole_enabled,E1,132.5,22.294222477996428,-31.86130835488933,-40.67107989787877
representative_folded,dipole_enabled,E1,133.0,22.26036628962534,-31.894434292205815,-40.706156277883665
representative_folded,dipole_enabled,E1,133.5,22.22693197909265,-31.92682920276553,-40.740933901017186
representative_folded,dipole_enabled,E1,134.0,22.19390910805277,-31.95760847592758,-40.77541886932119
representative_folded,dipole_enabled,E1,134.5,22.161287456215586,-31.987469429120573,-40.80961722728298
representative_folded,dipole_enabled,E1,135.0,22.129057344246178,-32.01763514978058,-40.843534677817246
representative_folded,dipole_enabled,E1,135.5,22.09720970929944,-32.04936383587193,-40.8771765241437
representative_folded,dipole_enabled,E1,136.0,22.065735781321496,-32.08144702235343,-40.910547852711
representative_folded,dipole_enabled,E1,136.5,22.03462641648588,-32.11204472334431,-40.943654087700125
representative_folded,dipole_enabled,E1,137.0,22.00387258467285,-32.14176555520366,-40.9765007083951
representative_folded,dipole_enabled,E1,137.5,21.973465717869505,-32.16957215102836,-41.00909287356748
representative_folded,dipole_enabled,E1,138.0,21.94339753207559,-32.19569014686051,-41.04143558790734
representative_folded,dipole_enabled,E1,138.5,21.91366001358088,-32.22031455901393,-41.07353369329467
representative_folded,dipole_enabled,E1,139.0,21.884245218862613,-32.24325454621696,-41.10539202480756
representative_folded,dipole_enabled,E1,139.5,21.855145403978423,-32.26454131367333,-41.1370153441683
representative_folded,dipole_enabled,E1,140.0,21.826353091972088,-32.28431821900104,-41.16840824894613
representative_folded,dipole_enabled,E1,140.5,21.797861109344005,-32.30286751413686,-41.19957516036569
representative_folded,dipole_enabled,E1,141.0,21.769662612224362,-32.32047595013911,-41.23052029010419
representative_folded,dipole_enabled,E1,141.5,21.741750890711764,-32.33659331673059,-41.26124777069918
representative_folded,dipole_enabled,E1,142.0,21.714119421874244,-32.35183528167855,-41.29176166378688
representative_folded,dipole_enabled,E1,142.5,21.686762214034346,-32.367520211695336,-41.32206565711202
representative_folded,dipole_enabled,E1,143.0,21.659673636709677,-32.38484863375338,-41.352163191776945
representative_folded,dipole_enabled,E1,143.5,21.6328483474809,-32.40305220182408,-41.38205749369238
representative_folded,dipole_enabled,E1,144.0,21.60628076448727,-32.4209144505347,-41.411751985860484
representative_folded,dipole_enabled,E1,144.5,21.57996523064196,-32.437438551042085,-41.44125023233041
representative_folded,dipole_enabled,E1,145.0,21.55389636140867,-32.45287974983679,-41.470555633984446
representative_folded,dipole_enabled,E1,145.5,21.52806919808387,-32.46799971772093,-41.499671287495985
representative_folded,dipole_enabled,E1,146.0,21.50247888412436,-32.48260885028256,-41.52860022221494
representative_folded,dipole_enabled,E1,146.5,21.47712081375435,-32.497619132780585,-41.55734530912375
representative_folded,dipole_enabled,E1,147.0,21.451990210651186,-32.51343921280637,-41.585909552179956
representative_folded,dipole_enabled,E1,147.5,21.427082302930756,-32.53107662051131,-41.61429601967265
representative_folded,dipole_enabled,E1,148.0,21.40239245449503,-32.54947935641458,-41.64250769375308
representative_folded,dipole_enabled,E1,148.5,21.37791615854828,-32.568959092101785,-41.670547493876015
representative_folded,dipole_enabled,E1,149.0,21.35364924348924,-32.589561273618116,-41.69841811311461
representative_folded,dipole_enabled,E1,149.5,21.3295877072582,-32.609973424638156,-41.7261221026617
representative_folded,dipole_enabled,E1,150.0,21.305727375436426,-32.62840135224629,-41.75366216730087
representative_folded,dipole_enabled,E1,150.5,21.28206389956693,-32.644096671968924,-41.78104118635881
representative_folded,dipole_enabled,E1,151.0,21.25859303749655,-32.65890638753598,-41.80826201792489
representative_folded,dipole_enabled,E1,151.5,21.235310926775917,-32.67433677919104,-41.835327236005035
representative_folded,dipole_enabled,E1,152.0,21.212213954717846,-32.69000531005488,-41.8622392394543
representative_folded,dipole_enabled,E1,152.5,21.189298729691995,-32.70523349343226,-41.88900025326064
representative_folded,dipole_enabled,E1,153.0,21.166561805380137,-32.71961354961191,-41.91561254781655
representative_folded,dipole_enabled,E1,153.5,21.143999479169867,-32.73193269378963,-41.94207862060049
representative_folded,dipole_enabled,E1,154.0,21.12160793257005,-32.73976751896642,-41.96840110940672
representative_folded,dipole_enabled,E1,154.5,21.099383578840765,-32.74095422292792,-41.99458250006626
representative_folded,dipole_enabled,E1,155.0,21.07732266029599,-32.73139092873176,-42.02062537582518
representative_folded,dipole_enabled,E1,155.5,21.055421027521174,-32.706130941007345,-42.046532677887946
representative_folded,dipole_enabled,E1,156.0,21.033674075708714,-32.656833478752006,-42.0723077130598
representative_folded,dipole_enabled,E1,156.5,21.012076757474702,-32.57488925070178,-42.09795420939793
representative_folded,dipole_enabled,E1,157.0,20.99062449134434,-32.4641640333732,-42.12347563205662
representative_folded,dipole_enabled,E1,157.5,20.96931453828754,-32.3663135974628,-42.14887406950243
representative_folded,dipole_enabled,E1,158.0,20.948147180648082,-32.33691202526438,-42.17414921710068
representative_folded,dipole_enabled,E1,158.5,20.9271244224485,-32.40301606054112,-42.19929917847488
representative_folded,dipole_enabled,E1,159.0,20.906247781415576,-32.565550765895985,-42.22432239741381
representative_folded,dipole_enabled,E1,159.5,20.885518237129112,-32.80760432946782,-42.24921777424251
representative_folded,dipole_enabled,E1,160.0,20.8649358038668,-33.103396291697045,-42.27398492496432
representative_folded,dipole_enabled,E1,160.5,20.844498393347575,-33.424454587456225,-42.298625119883354
representative_folded,dipole_enabled,E1,161.0,20.82420261731666,-33.74710980880481,-42.323140845500134
representative_folded,dipole_enabled,E1,161.5,20.804045712437627,-34.046283948560855,-42.34753421187589
representative_folded,dipole_enabled,E1,162.0,20.78402630130714,-34.29735027403034,-42.371806138362054
representative_folded,dipole_enabled,E1,162.5,20.764143316946022,-34.49505137211305,-42.39595719688013
representative_folded,dipole_enabled,E1,163.0,20.744395291691163,-34.6428587931638,-42.41998823013741
representative_folded,dipole_enabled,E1,163.5,20.724780198779364,-34.73757427395582,-42.4439006107162
representative_folded,dipole_enabled,E1,164.0,20.705296276704185,-34.77768468424892,-42.467695539818244
representative_folded,dipole_enabled,E1,164.5,20.685941743962662,-34.76368628644746,-42.49137417659993
representative_folded,dipole_enabled,E1,165.0,20.666714156913375,-34.69717964854758,-42.51493822407386
representative_folded,dipole_enabled,E1,165.5,20.647610775649458,-34.579019149230795,-42.53838967697922
representative_folded,dipole_enabled,E1,166.0,20.628628789493316,-34.41601565946886,-42.56173062507882
representative_folded,dipole_enabled,E1,166.5,20.609765299771183,-34.218301516966235,-42.58496325915302
representative_folded,dipole_enabled,E1,167.0,20.591017419670827,-33.994014195841295,-42.608089793686204
representative_folded,dipole_enabled,E1,167.5,20.572382440004986,-33.74798081067419,-42.63111233075121
representative_folded,dipole_enabled,E1,168.0,20.55385796052111,-33.4815874936709,-42.654032736227
representative_folded,dipole_enabled,E1,168.5,20.535441714953606,-33.19527662888396,-42.676852740862294
representative_folded,dipole_enabled,E1,169.0,20.51713132627333,-32.89072438045573,-42.69957418942732
representative_folded,dipole_enabled,E1,169.5,20.49892454479576,-32.56733140564382,-42.722198834645525
representative_folded,dipole_enabled,E1,170.0,20.48081914351559,-32.227968908867524,-42.74472841954622
representative_folded,dipole_enabled,E1,170.5,20.462813004646907,-31.876422091999565,-42.76716462503622
representative_folded,dipole_enabled,E1,171.0,20.444904229644287,-31.516191171262165,-42.789508959180594
representative_folded,dipole_enabled,E1,171.5,20.427090748107485,-31.149556252590756,-42.81176305364719
representative_folded,dipole_enabled,E1,172.0,20.409370714105112,-30.779361643157568,-42.833928427348475
representative_folded,dipole_enabled,E1,172.5,20.391742632964064,-30.406851624333573,-42.856006290469004
representative_folded,dipole_enabled,E1,173.0,20.374205133451888,-30.032659363888744,-42.87799774818391
representative_folded,dipole_enabled,E1,173.5,20.356756957684162,-29.657841265309074,-42.89990381033501
representative_folded,dipole_enabled,E1,174.0,20.33939685589473,-29.2825253171509,-42.92172547955065
representative_folded,dipole_enabled,E1,174.5,20.322123541111768,-28.907966340652848,-42.94346379486438
representative_folded,dipole_enabled,E1,175.0,20.304935903947868,-28.534419961757425,-42.96511966873632
representative_folded,dipole_enabled,E1,175.5,20.287832978817555,-28.162436338322053,-42.98669388282445
representative_folded,dipole_enabled,E1,176.0,20.2708139059514,-27.792995454868077,-43.00818713874817
representative_folded,dipole_enabled,E1,176.5,20.253877922695775,-27.426372789521494,-43.02960004016003
representative_folded,dipole_enabled,E1,177.0,20.237024139195764,-27.062344300971894,-43.05093329559415
representative_folded,dipole_enabled,E1,177.5,20.220251790556627,-26.702240633607207,-43.07218753587599
representative_folded,dipole_enabled,E1,178.0,20.203560215452384,-26.345891765534134,-43.093363282462356
representative_folded,dipole_enabled,E1,178.5,20.186948713365798,-25.99338331127525,-43.11446109545587
representative_folded,dipole_enabled,E1,179.0,20.170416647551065,-25.645717272832115,-43.13548148257097
representative_folded,dipole_enabled,E1,179.5,20.153963316441533,-25.30190197111635,-43.15642499096433
representative_folded,dipole_enabled,E1,180.0,20.137588016513053,-24.963028384018244,-43.17729218935233
representative_folded,dipole_enabled,E1,180.5,20.121289996873603,-24.629690800243882,-43.19808367017793
representative_folded,dipole_enabled,E1,181.0,20.10506866566628,-24.302794130879263,-43.218799922209556
representative_folded,dipole_enabled,E1,181.5,20.088923531376356,-23.98343694329021,-43.23944133434181
representative_folded,dipole_enabled,E1,182.0,20.07285409594649,-23.671832619149498,-43.26000829026285
representative_folded,dipole_enabled,E1,182.5,20.056859854261063,-23.368408458152345,-43.28050118528474
representative_folded,dipole_enabled,E1,183.0,20.04094030921968,-23.077289164019945,-43.30092041448712
representative_folded,dipole_enabled,E1,183.5,20.025095091264983,-22.79962762663667,-43.32126626648759
representative_folded,dipole_enabled,E1,184.0,20.009323836272632,-22.53122751916343,-43.34153899941309
representative_folded,dipole_enabled,E1,184.5,19.993625912643125,-22.277817798960555,-43.36173911541047
representative_folded,dipole_enabled,E1,185.0,19.978000959533343,-22.034740463408742,-43.38186691198855
representative_folded,dipole_enabled,E1,185.5,19.96244858144106,-21.799006172319825,-43.401922635897385
representative_folded,dipole_enabled,E1,186.0,19.946967768379512,-21.57016963609381,-43.42190710171913
representative_folded,dipole_enabled,E1,186.5,19.93155781301163,-21.34908245847881,-43.44182092960366
representative_folded,dipole_enabled,E1,187.0,19.91621856314037,-21.142097935386502,-43.46166423525927
representative_folded,dipole_enabled,E1,187.5,19.900950090772774,-20.944762262266316,-43.48143694526017
representative_folded,dipole_enabled,E1,188.0,19.885752061038165,-20.751845711936625,-43.50113926797181
representative_folded,dipole_enabled,E1,188.5,19.87062427776915,-20.56229555618839,-43.52077135460914
representative_folded,dipole_enabled,E1,189.0,19.855566565912582,-20.374634347724676,-43.54033331699294
representative_folded,dipole_enabled,E1,189.5,19.840578766999077,-20.189320097343007,-43.559825250486995
representative_folded,dipole_enabled,E1,190.0,19.825660709490727,-20.00611497392862,-43.57924726308973
representative_folded,dipole_enabled,E1,190.5,19.810812328280473,-19.82821249877456,-43.59859938749839
representative_folded,dipole_enabled,E1,191.0,19.796033542602974,-19.65834063128196,-43.61788160856166
representative_folded,dipole_enabled,E1,191.5,19.78132369954354,-19.488296549502355,-43.63709442714244
representative_folded,dipole_enabled,E1,192.0,19.7666823503559,-19.319368853026308,-43.65623819667109
representative_folded,dipole_enabled,E1,192.5,19.75210927856852,-19.151452316345004,-43.67531308184589
representative_folded,dipole_enabled,E1,193.0,19.737604436336532,-18.98361061947562,-43.69431909036643
representative_folded,dipole_enabled,E1,193.5,19.72316766166072,-18.81601576014601,-43.71325626790634
representative_folded,dipole_enabled,E1,194.0,19.70879840268601,-18.648602694557226,-43.732125045947996
representative_folded,dipole_enabled,E1,194.5,19.69449633477692,-18.481656219551848,-43.75092567005006
representative_folded,dipole_enabled,E1,195.0,19.680261231437846,-18.319421827989043,-43.76965829563737
representative_folded,dipole_enabled,E1,195.5,19.666092659842114,-18.167199832225187,-43.788323221916414
representative_folded,dipole_enabled,E1,196.0,19.6519899754895,-18.016393613954442,-43.806920961800955
representative_folded,dipole_enabled,E1,196.5,19.637952515790623,-17.866625813939862,-43.82545204817925
representative_folded,dipole_enabled,E1,197.0,19.62397965355938,-17.717392946971206,-43.84391699179189
representative_folded,dipole_enabled,E1,197.5,19.610070803933677,-17.568627336911526,-43.862316267165674
representative_folded,dipole_enabled,E1,198.0,19.596225258075318,-17.420319126792556,-43.88065043124999
representative_folded,dipole_enabled,E1,198.5,19.582442273532035,-17.27235481675009,-43.89892011610072
representative_folded,dipole_enabled,E1,199.0,19.568721321774714,-17.124813266652104,-43.917125759675194
representative_folded,dipole_enabled,E1,199.5,19.55506194003169,-16.978112912405223,-43.9352677424483
representative_folded,dipole_enabled,E1,200.0,19.54146354993114,-16.837692815452296,-43.95334651445707
representative_folded,dipole_enabled,E1,200.5,19.527925420467916,-16.70052045636539,-43.97136269270621
representative_folded,dipole_enabled,E1,201.0,19.514446886818206,-16.563860620501796,-43.989316837771035
representative_folded,dipole_enabled,E1,201.5,19.501027308108434,-16.427763389107078,-44.00720949134552
representative_folded,dipole_enabled,E1,202.0,19.48766605927237,-16.29200483530626,-44.02504118212625
representative_folded,dipole_enabled,E1,202.5,19.474362525152202,-16.156595072648933,-44.04281243411967
representative_folded,dipole_enabled,E1,203.0,19.461116105994165,-16.021481337309083,-44.06052375861014
representative_folded,dipole_enabled,E1,203.5,19.447926214435547,-15.886984954214913,-44.07817565703329
representative_folded,dipole_enabled,E1,204.0,19.434792174006123,-15.754663947913956,-44.095768699095764
representative_folded,dipole_enabled,E1,204.5,19.421713292261273,-15.625881404656216,-44.11330349277271
representative_folded,dipole_enabled,E1,205.0,19.408689070661428,-15.498109927145919,-44.13078048092688
representative_folded,dipole_enabled,E1,205.5,19.39571905341268,-15.370235387163449,-44.1482000591723
representative_folded,dipole_enabled,E1,206.0,19.382802742125662,-15.242091511674737,-44.1655626542033
representative_folded,dipole_enabled,E1,206.5,19.369939605835594,-15.11429244089121,-44.182868729234826
representative_folded,dipole_enabled,E1,207.0,19.357129134015516,-14.9872680509386,-44.200118735496076
representative_folded,dipole_enabled,E1,207.5,19.344370852498326,-14.861989581249997,-44.21731309185895
representative_folded,dipole_enabled,E1,208.0,19.330396411070648,-14.727164238322601,-44.23616314149293
representative_folded,dipole_enabled,E1,208.5,19.31774601521502,-14.605727577000064,-44.253242136594054
representative_folded,dipole_enabled,E1,209.0,19.30514623593792,-14.484802575594982,-44.27026687729892
representative_folded,dipole_enabled,E1,209.5,19.292596627316723,-14.364794284450983,-44.28723775614368
representative_folded,dipole_enabled,E1,210.0,19.280096635873758,-14.245908282621848,-44.30415525771655
representative_folded,dipole_enabled,E1,210.5,19.267645647672154,-14.13027671373138,-44.32101991861258
representative_folded,dipole_enabled,E1,211.0,19.255243009707687,-14.017652076549556,-44.33783232764825
representative_folded,dipole_enabled,E1,211.5,19.242888136145364,-13.907333435165569,-44.35459300839472
representative_folded,dipole_enabled,E1,212.0,19.2305803426223,-13.800592058741383,-44.371302569898795
representative_folded,dipole_enabled,E1,212.5,19.218319094811132,-13.697739061068091,-44.38796152577572
representative_folded,dipole_enabled,E1,213.0,19.20610409998969,-13.597121768305843,-44.404570160830446
representative_folded,dipole_enabled,E1,213.5,19.193935059181648,-13.498740986106096,-44.42112875413163
representative_folded,dipole_enabled,E1,214.0,19.18181166754072,-13.403117830608542,-44.437637593133566
representative_folded,dipole_enabled,E1,214.5,19.169733640295135,-13.30984822666451,-44.45409694806757
representative_folded,dipole_enabled,E1,215.0,19.157700700583888,-13.219547694655645,-44.47050708033392
representative_folded,dipole_enabled,E1,215.5,19.14571258312367,-13.131758516430182,-44.48686824389443
representative_folded,dipole_enabled,E1,216.0,19.13376903340292,-13.044965763836593,-44.50318067988214
representative_folded,dipole_enabled,E1,216.5,19.12186979706471,-12.959011798248184,-44.51944462981452
representative_folded,dipole_enabled,E1,217.0,19.11001462385249,-12.873899099933674,-44.53566033129746
representative_folded,dipole_enabled,E1,217.5,19.09820326730427,-12.789629418629115,-44.55182801828849
representative_folded,dipole_enabled,E1,218.0,19.086435484468964,-12.706203807453495,-44.56794792134321
representative_folded,dipole_enabled,E1,218.5,19.07471103564364,-12.623622656016602,-44.584020267845666
representative_folded,dipole_enabled,E1,219.0,19.063029684130463,-12.541885722709804,-44.60004528222343
representative_folded,dipole_enabled,E1,219.5,19.051391196012226,-12.46099216617296,-44.61602318614838
representative_folded,dipole_enabled,E1,220.0,19.039795339945346,-12.380940575932682,-44.63195419872381
representative_folded,dipole_enabled,E2,0.0,3.5,0.0,-74.34443899396732
representative_folded,dipole_enabled,E2,0.5,3.5008117130671117,-0.08633871826824768,-74.24881659449548
representative_folded,dipole_enabled,E2,1.0,3.5032222990797677,-0.07839901748495547,-74.14815028176285
representative_folded,dipole_enabled,E2,1.5,3.506942546720076,-0.07141592993453112,-74.0529415441341
representative_folded,dipole_enabled,E2,2.0,3.5117256857892105,-0.06544940350593158,-73.9627934932676
representative_folded,dipole_enabled,E2,2.5,3.5173617593771183,-0.06081479511350657,-73.87734115593997
representative_folded,dipole_enabled,E2,3.0,3.523672607061384,-0.05750214657968682,-73.79624881625381
representative_folded,dipole_enabled,E2,3.5,3.530507495042202,-0.055011921756096434,-73.71920757012738
representative_folded,dipole_enabled,E2,4.0,3.5377393572669535,-0.05271210491087002,-73.64593257262904
representative_folded,dipole_enabled,E2,4.5,3.545261414910591,-0.05006765197050776,-73.57616129658051
representative_folded,dipole_enabled,E2,5.0,3.552984258073692,-0.046375551351124866,-73.50965190678852
representative_folded,dipole_enabled,E2,5.5,3.5608333399996703,-0.04191395256705077,-73.44618155117915
representative_folded,dipole_enabled,E2,6.0,3.5687467970795907,-0.037222086399301746,-73.38554488496837
representative_folded,dipole_enabled,E2,6.5,3.5766735619055408,-0.03292510592669261,-73.32755275625381
representative_folded,dipole_enabled,E2,7.0,3.584571746000338,-0.029764107464506043,-73.27203093866318
representative_folded,dipole_enabled,E2,7.5,3.5924072724190053,-0.027207999443082612,-73.21881881736826
representative_folded,dipole_enabled,E2,8.0,3.6001527374794637,-0.024309313718343176,-73.16776787464256
representative_folded,dipole_enabled,E2,8.5,3.6077863588843093,-0.020546796199713693,-73.11874081512178
representative_folded,dipole_enabled,E2,9.0,3.6152910975075843,-0.015659660963595546,-73.07161066770466
representative_folded,dipole_enabled,E2,9.5,3.62265389146294,-0.010090807318982589,-73.02626000721045
representative_folded,dipole_enabled,E2,10.0,3.6298650176719796,-0.0034541846193829133,-72.98258017185492
representative_folded,dipole_enabled,E2,10.5,3.6369175376574026,0.003990226157922073,-72.9404705571103
representative_folded,dipole_enabled,E2,11.0,3.643806822902427,0.011699062344881897,-72.89983802902584
representative_folded,dipole_enabled,E2,11.5,3.6505301575940745,0.0195756782875102,-72.86059630764701
representative_folded,dipole_enabled,E2,12.0,3.657086391873181,0.02752191366510399,-72.82266547692691
representative_folded,dipole_enabled,E2,12.5,3.663475638421396,0.03573739710616063,-72.78597158459472
representative_folded,dipole_enabled,E2,13.0,3.6696990479025584,0.04474168180137201,-72.75044612334976
representative_folded,dipole_enabled,E2,13.5,3.675758688346756,0.05511024751749808,-72.71602499800069
representative_folded,dipole_enabled,E2,14.0,3.6816573595570046,0.06646883654523347,-72.68264813411479
representative_folded,dipole_enabled,E2,14.5,3.687398375787382,0.07854251084076883,-72.65025956572651
representative_folded,dipole_enabled,E2,15.0,3.692985361423751,0.09105033299953164,-72.61880775552312
representative_folded,dipole_enabled,E2,15.5,3.698422238090912,0.1035190556686964,-72.58824478854763
representative_folded,dipole_enabled,E2,16.0,3.703713194718614,0.11540358718915952,-72.55852563746781
representative_folded,dipole_enabled,E2,16.5,3.708862622958613,0.12687390469074905,-72.52960785482922
representative_folded,dipole_enabled,E2,17.0,3.7138750777451914,0.1383454716576417,-72.50145119555296
representative_folded,dipole_enabled,E2,17.5,3.7187552030104345,0.14915090978990547,-72.47401750373751
representative_folded,dipole_enabled,E2,18.0,3.723507553886422,0.15895904936239075,-72.44727143401174
representative_folded,dipole_enabled,E2,18.5,3.7281365600055176,0.16914911985184677,-72.42118050352315
representative_folded,dipole_enabled,E2,19.0,3.7326465833492497,0.18013501559168368,-72.39571435669379
representative_folded,dipole_enabled,E2,19.5,3.7370419406041004,0.19169149548803946,-72.37084430206055
representative_folded,dipole_enabled,E2,20.0,3.7413268953304044,0.2034720210187765,-72.34654308333592
representative_folded,dipole_enabled,E2,20.5,3.745505586959655,0.21477259889411537,-72.32278506881416
representative_folded,dipole_enabled,E2,21.0,3.74958191518296,0.2261773306155993,-72.29954696985989
representative_folded,dipole_enabled,E2,21.5,3.7535597118197708,0.23853073341369405,-72.27680669595797
representative_folded,dipole_enabled,E2,22.0,3.757442788615258,0.25135392556531055,-72.25454268248998
representative_folded,dipole_enabled,E2,22.5,3.7612348944870293,0.2645930954173657,-72.23273409835028
representative_folded,dipole_enabled,E2,23.0,3.7649397432065945,0.2783124392674948,-72.21136054458383
representative_folded,dipole_enabled,E2,23.5,3.7685609567374527,0.2925395466033192,-72.19040227335249
representative_folded,dipole_enabled,E2,24.0,3.7721019791511927,0.3075043559174148,-72.16984076204831
representative_folded,dipole_enabled,E2,24.5,3.775566140628274,0.323546075318811,-72.14965833541908
representative_folded,dipole_enabled,E2,25.0,3.778956665489918,0.340072221375593,-72.12983793672745
representative_folded,dipole_enabled,E2,25.5,3.782276486093597,0.3569412599343761,-72.11036429967824
representative_folded,dipole_enabled,E2,26.0,3.785528275780406,0.37485425713556253,-72.09122405099984
representative_folded,dipole_enabled,E2,26.5,3.788714658596079,0.39424370420126087,-72.07240420040382
representative_folded,dipole_enabled,E2,27.0,3.7918382423274175,0.41524495922956306,-72.05389183328396
representative_folded,dipole_enabled,E2,27.5,3.7949016364639756,0.4374147379843337,-72.03567386449222
representative_folded,dipole_enabled,E2,28.0,3.7979073352911565,0.46011638155738355,-72.0177377605756
representative_folded,dipole_enabled,E2,28.5,3.800857684461713,0.48271007496676477,-72.0000718483787
representative_folded,dipole_enabled,E2,29.0,3.803754911550422,0.5044486004583425,-71.98266514782924
representative_folded,dipole_enabled,E2,29.5,3.8066011746674797,0.5242425176357043,-71.96550703756023
representative_folded,dipole_enabled,E2,30.0,3.809398566902796,0.5416962461213471,-71.94858718367097
representative_folded,dipole_enabled,E2,30.5,3.8121490786797385,0.5600358326226804,-71.93189574935843
representative_folded,dipole_enabled,E2,31.0,3.8148545509386027,0.5807717302933708,-71.91542377860388
representative_folded,dipole_enabled,E2,31.5,3.8175167449941383,0.6030290648160803,-71.89916278771108
representative_folded,dipole_enabled,E2,32.0,3.8201373647419525,0.6262106346115099,-71.88310454872698
representative_folded,dipole_enabled,E2,32.5,3.822718012107225,0.650106666748508,-71.86724137615687
representative_folded,dipole_enabled,E2,33.0,3.8252602088554952,0.6741008558930779,-71.85156606336487
representative_folded,dipole_enabled,E2,33.5,3.8277654579131584,0.6979166371500598,-71.83607144834853
representative_folded,dipole_enabled,E2,34.0,3.830235215110602,0.7216588641732884,-71.8207505229088
representative_folded,dipole_enabled,E2,34.5,3.832670846645271,0.7447223712865619,-71.80559675511685
representative_folded,dipole_enabled,E2,35.0,3.8350736374395766,0.7664946985980603,-71.7906040696345
representative_folded,dipole_enabled,E2,35.5,3.837444837541344,0.7877633451410624,-71.77576657418756
representative_folded,dipole_enabled,E2,36.0,3.8397856754147965,0.8084885340134866,-71.7610783905862
representative_folded,dipole_enabled,E2,36.5,3.8420972893810132,0.8274681787844016,-71.74653410851515
representative_folded,dipole_enabled,E2,37.0,3.8443807428795806,0.8455335457744015,-71.73212878283181
representative_folded,dipole_enabled,E2,37.5,3.8466371165103825,0.8652509109754303,-71.71785733085
representative_folded,dipole_enabled,E2,38.0,3.8488674945355186,0.8870499516906439,-71.70371448141411
representative_folded,dipole_enabled,E2,38.5,3.851072863425279,0.9100008614273427,-71.68969549572523
representative_folded,dipole_enabled,E2,39.0,3.8532542832984022,0.9346536932991125,-71.67579526613285
representative_folded,dipole_enabled,E2,39.5,3.8554130271806057,0.961071457594978,-71.66200706657959
representative_folded,dipole_enabled,E2,40.0,3.857550348621387,0.987991235783744,-71.64832396489116
representative_folded,dipole_enabled,E2,40.5,3.859667375897212,1.0143021507573942,-71.63473963462235
representative_folded,dipole_enabled,E2,41.0,3.861764945539163,1.0407524019425327,-71.62124944958165
representative_folded,dipole_enabled,E2,41.5,3.8638435992616995,1.0683526593276809,-71.60785088762906
representative_folded,dipole_enabled,E2,42.0,3.866108950385582,1.100993341766715,-71.59321536702868
representative_folded,dipole_enabled,E2,42.5,3.8681498485935872,1.1321865374366127,-71.58000045099794
representative_folded,dipole_enabled,E2,43.0,3.870173829483007,1.1636408144243517,-71.56686788874073
representative_folded,dipole_enabled,E2,43.5,3.872181587808791,1.1953238906023675,-71.55381427330583
representative_folded,dipole_enabled,E2,44.0,3.8741738248115873,1.2275295909507151,-71.54083607621207
representative_folded,dipole_enabled,E2,44.5,3.8761511812391056,1.260054739485619,-71.52793006811234
representative_folded,dipole_enabled,E2,45.0,3.8781142113892764,1.2918644155958245,-71.51509355787361
representative_folded,dipole_enabled,E2,45.5,3.8800634458256025,1.323169713810435,-71.50232407652763
representative_folded,dipole_enabled,E2,46.0,3.881999535467449,1.3550615310031215,-71.48961839455572
representative_folded,dipole_enabled,E2,46.5,3.8839232118892766,1.3872711678753484,-71.4769725980237
representative_folded,dipole_enabled,E2,47.0,3.885835229254162,1.420489256493727,-71.46438250543471
representative_folded,dipole_enabled,E2,47.5,3.887736233253077,1.4552944043335714,-71.45184438569747
representative_folded,dipole_enabled,E2,48.0,3.8896265986287095,1.4913393790012237,-71.43935627928025
representative_folded,dipole_enabled,E2,48.5,3.8915066364768953,1.5277644297647177,-71.42691684383918
representative_folded,dipole_enabled,E2,49.0,3.8933766935701883,1.563532481946412,-71.41452455140802
representative_folded,dipole_enabled,E2,49.5,3.8952371360103295,1.5974276541312282,-71.40217774767453
representative_folded,dipole_enabled,E2,50.0,3.8970883658609643,1.6298624880616956,-71.3898745807978
representative_folded,dipole_enabled,E2,50.5,3.8989309105022336,1.6632189780331383,-71.37761237718337
representative_folded,dipole_enabled,E2,51.0,3.900765310882998,1.6981451238496632,-71.36538813724997
representative_folded,dipole_enabled,E2,51.5,3.902591940669788,1.7342717990252257,-71.35319986918914
representative_folded,dipole_enabled,E2,52.0,3.904411093789999,1.7706174799830383,-71.34104618422897
representative_folded,dipole_enabled,E2,52.5,3.906223041332037,1.8064213587982045,-71.32892586884
representative_folded,dipole_enabled,E2,53.0,3.9080280555942797,1.8420716762304201,-71.31683774298574
representative_folded,dipole_enabled,E2,53.5,3.9098264384177397,1.8782729993746168,-71.30478042903918
representative_folded,dipole_enabled,E2,54.0,3.9116184915590684,1.9143800536254623,-71.2927525413968
representative_folded,dipole_enabled,E2,54.5,3.9134046539409497,1.9495816770250016,-71.28075190162909
representative_folded,dipole_enabled,E2,55.0,3.9151855048613715,1.9833822068182787,-71.26877517032933
representative_folded,dipole_enabled,E2,55.5,3.9169614246861766,2.0166451930749565,-71.25682000563474
representative_folded,dipole_enabled,E2,56.0,3.918732558618791,2.04935848025152,-71.244885713945
representative_folded,dipole_enabled,E2,56.5,3.920499078728008,2.082006655871015,-71.23297165024658
representative_folded,dipole_enabled,E2,57.0,3.922261345474498,2.1161309792226697,-71.2210759932704
representative_folded,dipole_enabled,E2,57.5,3.924019834065924,2.1515171564592923,-71.20919598866847
representative_folded,dipole_enabled,E2,58.0,3.925774868720358,2.1884721374394704,-71.19732960646243
representative_folded,dipole_enabled,E2,58.5,3.9275265751253365,2.22739376900025,-71.18547622956555
representative_folded,dipole_enabled,E2,59.0,3.9292750843427355,2.2671821071384057,-71.17363533959258
representative_folded,dipole_enabled,E2,59.5,3.931020566195338,2.3075670519372693,-71.16180620650671
representative_folded,dipole_enabled,E2,60.0,3.932763229256452,2.347882526728755,-71.14998783872012
representative_folded,dipole_enabled,E2,60.5,3.9345032965735762,2.3879065006227247,-71.13817915542151
representative_folded,dipole_enabled,E2,61.0,3.93624110184579,2.430479269882884,-71.1263784059615
representative_folded,dipole_enabled,E2,61.5,3.937977085860735,2.476442538414916,-71.11458299439698
representative_folded,dipole_enabled,E2,62.0,3.9397116553807594,2.5246420704789596,-71.10279038656655
representative_folded,dipole_enabled,E2,62.5,3.9414451447088545,2.5735501473135516,-71.090998454928
representative_folded,dipole_enabled,E2,63.0,3.943177819141761,2.6217533527495362,-71.07920549720811
representative_folded,dipole_enabled,E2,63.5,3.944909867291079,2.6682632632076855,-71.06741029519479
representative_folded,dipole_enabled,E2,64.0,3.946641373351939,2.713742078917168,-71.05561234213329
representative_folded,dipole_enabled,E2,64.5,3.9483724310356645,2.759591525869318,-71.04381127726245
representative_folded,dipole_enabled,E2,65.0,3.9501033916160586,2.8059719127711857,-71.03200518376123
representative_folded,dipole_enabled,E2,65.5,3.9518347003964642,2.852058581551231,-71.02019122212332
representative_folded,dipole_enabled,E2,66.0,3.9535666721953717,2.8977417934279384,-71.00836729385993
representative_folded,dipole_enabled,E2,66.5,3.955299562258217,2.9439533424095385,-70.99653171710533
representative_folded,dipole_enabled,E2,67.0,3.957033621344337,2.9915675818731433,-70.98468286141457
representative_folded,dipole_enabled,E2,67.5,3.958769084874668,3.0398555228053765,-70.97281916059103
representative_folded,dipole_enabled,E2,68.0,3.960506146851971,3.087955964497847,-70.9609393313991
representative_folded,dipole_enabled,E2,68.5,3.9622450000383043,3.1367265943145517,-70.94904215347992
representative_folded,dipole_enabled,E2,69.0,3.9639858973044686,3.1870215195055085,-70.93712604800545
representative_folded,dipole_enabled,E2,69.5,3.9657291368546583,3.2381741536272246,-70.92518910145802
representative_folded,dipole_enabled,E2,70.0,3.967475051470854,3.289030963379354,-70.91322912928537
representative_folded,dipole_enabled,E2,70.5,3.9692238443793664,3.339352829765674,-70.90124454945764
representative_folded,dipole_enabled,E2,71.0,3.9709753886813917,3.3887788264388647,-70.88923598599331
representative_folded,dipole_enabled,E2,71.5,3.9727295212850176,3.4365668022451783,-70.87720468611397
representative_folded,dipole_enabled,E2,72.0,3.9744862203333877,3.4817476098328703,-70.86515112752942
representative_folded,dipole_enabled,E2,72.5,3.9762456020648203,3.5246358753979945,-70.85307495528428
representative_folded,dipole_enabled,E2,73.0,3.9780079389080285,3.568229668097019,-70.84097474891156
representative_folded,dipole_enabled,E2,73.5,3.9797734476547086,3.61479266843598,-70.82884919994964
representative_folded,dipole_enabled,E2,74.0,3.9815422035951467,3.6641903778140614,-70.81669794758947
representative_folded,dipole_enabled,E2,74.5,3.983314280421064,3.715327417505814,-70.80452074248967
representative_folded,dipole_enabled,E2,75.0,3.9850897870019724,3.767326868640095,-70.79231710255857
representative_folded,dipole_enabled,E2,75.5,3.986868839788543,3.819307559573107,-70.78008649111628
representative_folded,dipole_enabled,E2,76.0,3.9886515409263312,3.8702511087944975,-70.76782843555274
representative_folded,dipole_enabled,E2,76.5,3.9904379124773954,3.918825993358949,-70.75554292563197
representative_folded,dipole_enabled,E2,77.0,3.9922278968175875,3.9637984662210206,-70.74323060121093
representative_folded,dipole_enabled,E2,77.5,3.994021694923082,4.005351963715279,-70.73089074075749
representative_folded,dipole_enabled,E2,78.0,3.9958198075731937,4.044783093009563,-70.71852039554055
representative_folded,dipole_enabled,E2,78.5,3.9976227010960934,4.084092288059628,-70.70611655139126
representative_folded,dipole_enabled,E2,79.0,3.999430803932626,4.126074444004637,-70.69367635442997
representative_folded,dipole_enabled,E2,79.5,4.001244554562623,4.173580330610374,-70.68119676945419
representative_folded,dipole_enabled,E2,80.0,4.003064294345257,4.226048854952682,-70.6686752332938
representative_folded,dipole_enabled,E2,80.5,4.004890248301193,4.281057632468099,-70.65610991224135
representative_folded,dipole_enabled,E2,81.0,4.006722546650917,4.336566621304848,-70.64349963420779
representative_folded,dipole_enabled,E2,81.5,4.008561292544803,4.392450784445473,-70.63084351197854
representative_folded,dipole_enabled,E2,82.0,4.010406641117436,4.449582232491936,-70.61814041085027
representative_folded,dipole_enabled,E2,82.5,4.012258774171817,4.50722991385075,-70.60538900466685
representative_folded,dipole_enabled,E2,83.0,4.0141178390608605,4.563748703202545,-70.59258817953274
representative_folded,dipole_enabled,E2,83.5,4.015983940576603,4.617826089314013,-70.57973714473941
representative_folded,dipole_enabled,E2,84.0,4.017857227460122,4.670315027662451,-70.56683492874582
representative_folded,dipole_enabled,E2,84.5,4.019737915681378,4.721831517240265,-70.5538801381814
representative_folded,dipole_enabled,E2,85.0,4.021626337382577,4.773524089491864,-70.54087066739278
representative_folded,dipole_enabled,E2,85.5,4.023522998725718,4.827535335658695,-70.52780321955042
representative_folded,dipole_enabled,E2,86.0,4.025428310122848,4.884643722135217,-70.51467466659216
representative_folded,dipole_enabled,E2,86.5,4.027342275309708,4.944339698196538,-70.50148447994005
representative_folded,dipole_enabled,E2,87.0,4.029264824672521,5.005163226885223,-70.4882329779977
representative_folded,dipole_enabled,E2,87.5,4.031195993305693,5.065679845731113,-70.47491995489362
representative_folded,dipole_enabled,E2,88.0,4.033135898585791,5.124964203403066,-70.46154472011143
representative_folded,dipole_enabled,E2,88.5,4.035084695387571,5.18222199083973,-70.44810632820364
representative_folded,dipole_enabled,E2,89.0,4.037042565820198,5.238283466107965,-70.43460369502466
representative_folded,dipole_enabled,E2,89.5,4.03900976987841,5.294956846256104,-70.42103525094919
representative_folded,dipole_enabled,E2,90.0,4.040986656866702,5.353103302029507,-70.40739879244505
representative_folded,dipole_enabled,E2,90.5,4.042973554170827,5.41154768793862,-70.39369208537182
representative_folded,dipole_enabled,E2,91.0,4.044970689233127,5.469264327152534,-70.37991349933237
representative_folded,dipole_enabled,E2,91.5,4.046978243860744,5.526175143039387,-70.366061749105
representative_folded,dipole_enabled,E2,92.0,4.048996375281344,5.582995091067399,-70.35213569420421
representative_folded,dipole_enabled,E2,92.5,4.051025268276089,5.639579069180639,-70.3381342197934
representative_folded,dipole_enabled,E2,93.0,4.053065463218786,5.696276239647613,-70.3240540289619
representative_folded,dipole_enabled,E2,93.5,4.055117560923483,5.754209381383813,-70.3098909487814
representative_folded,dipole_enabled,E2,94.0,4.057181915807681,5.813672922670866,-70.29564222615156
representative_folded,dipole_enabled,E2,94.5,4.059258747599607,5.873241841432762,-70.28130602140895
representative_folded,dipole_enabled,E2,95.0,4.061348215231171,5.93192910859722,-70.26688099161926
representative_folded,dipole_enabled,E2,95.5,4.0634505089422595,5.990309154648671,-70.25236571622833
representative_folded,dipole_enabled,E2,96.0,4.065565898988933,6.048512642365555,-70.23775829770881
representative_folded,dipole_enabled,E2,96.5,4.067694661789665,6.105298767966363,-70.22305674692234
representative_folded,dipole_enabled,E2,97.0,4.069837039665181,6.158966833905111,-70.20825930655033
representative_folded,dipole_enabled,E2,97.5,4.071993286920986,6.208780108014298,-70.19336417517711
representative_folded,dipole_enabled,E2,98.0,4.074163643452813,6.256323474019823,-70.17836965873805
representative_folded,dipole_enabled,E2,98.5,4.076348395266592,6.306375127205097,-70.16327380550801
representative_folded,dipole_enabled,E2,99.0,4.078547833724384,6.359837931644225,-70.14807460848486
representative_folded,dipole_enabled,E2,99.5,4.080762349246192,6.41619031579199,-70.13276950923178
representative_folded,dipole_enabled,E2,100.0,4.082992433275845,6.475218060264298,-70.11735517854864
representative_folded,dipole_enabled,E2,100.5,4.085238544347278,6.5352555134094885,-70.10182834804344
representative_folded,dipole_enabled,E2,101.0,4.087501067979758,6.594622822356198,-70.08618616629366
representative_folded,dipole_enabled,E2,101.5,4.089780391203189,6.654023126067514,-70.07042583739722
representative_folded,dipole_enabled,E2,102.0,4.092076954958091,6.714070949329354,-70.05454419162905
representative_folded,dipole_enabled,E2,102.5,4.094391208470473,6.774459905259715,-70.03853794751457
representative_folded,dipole_enabled,E2,103.0,4.0967235752927085,6.834796071121374,-70.02240395703178
representative_folded,dipole_enabled,E2,103.5,4.0990745368570005,6.895410296785115,-70.00613877127478
representative_folded,dipole_enabled,E2,104.0,4.101444648691351,6.955499223290875,-69.98973839923391
representative_folded,dipole_enabled,E2,104.5,4.103834450239532,7.014651112358008,-69.97319880756092
representative_folded,dipole_enabled,E2,105.0,4.106244343183187,7.074833758589657,-69.95651676381603
representative_folded,dipole_enabled,E2,105.5,4.108674659998606,7.136816752635706,-69.93968960725377
representative_folded,dipole_enabled,E2,106.0,4.111125751742715,7.200453806326371,-69.92271462330363
representative_folded,dipole_enabled,E2,106.5,4.113598009963063,7.2641869497706635,-69.90558894878079
representative_folded,dipole_enabled,E2,107.0,4.116091912187103,7.32651133867315,-69.88830917555752
representative_folded,dipole_enabled,E2,107.5,4.118607994860724,7.387318114675282,-69.87087150919776
representative_folded,dipole_enabled,E2,108.0,4.121146842696386,7.446963089991958,-69.85327181096588
representative_folded,dipole_enabled,E2,108.5,4.123709138159007,7.508057755925885,-69.83550531450655
representative_folded,dipole_enabled,E2,109.0,4.12629565903002,7.571682073329824,-69.8175665064318
representative_folded,dipole_enabled,E2,109.5,4.12890715962134,7.636591630447778,-69.79944986742005
representative_folded,dipole_enabled,E2,110.0,4.131544457434073,7.701154528353075,-69.78114947456027
representative_folded,dipole_enabled,E2,110.5,4.134208435230533,7.764148000780429,-69.7626588271352
representative_folded,dipole_enabled,E2,111.0,4.136899838936505,7.826319307292728,-69.74397198499562
representative_folded,dipole_enabled,E2,111.5,4.139619048945947,7.8874179311177395,-69.72508528238053
representative_folded,dipole_enabled,E2,112.0,4.142366402162829,7.946656121295968,-69.7059957877767
representative_folded,dipole_enabled,E2,112.5,4.145142333550875,8.004928982003406,-69.68670001637874
representative_folded,dipole_enabled,E2,113.0,4.147947222079872,8.062720473027605,-69.6671949255899
representative_folded,dipole_enabled,E2,113.5,4.150781564421441,8.121218479293768,-69.64747700516473
representative_folded,dipole_enabled,E2,114.0,4.153646092333307,8.182626659519457,-69.6275412972264
representative_folded,dipole_enabled,E2,114.5,4.156541673725715,8.246050991823129,-69.60738183938992
representative_folded,dipole_enabled,E2,115.0,4.159469311875434,8.309360463098518,-69.58699177750897
representative_folded,dipole_enabled,E2,115.5,4.162430223711802,8.370865335378733,-69.56636270126339
representative_folded,dipole_enabled,E2,116.0,4.16542564246344,8.429157017204725,-69.5454857094313
representative_folded,dipole_enabled,E2,116.5,4.1684567497518215,8.484386720054498,-69.5243520403895
representative_folded,dipole_enabled,E2,117.0,4.171524669339306,8.538601890298342,-69.50295309774285
representative_folded,dipole_enabled,E2,117.5,4.17463048008252,8.593484141809126,-69.48128052334647
representative_folded,dipole_enabled,E2,118.0,4.177775231413857,8.649709717163605,-69.45932607362795
representative_folded,dipole_enabled,E2,118.5,4.180959962167844,8.70586387368635,-69.43708157083628
representative_folded,dipole_enabled,E2,119.0,4.184185793147759,8.762151510253759,-69.41453840028431
representative_folded,dipole_enabled,E2,119.5,4.187453995895761,8.819493616819322,-69.39168695216999
representative_folded,dipole_enabled,E2,120.0,4.190765934704831,8.878416275896068,-69.3685168799932
representative_folded,dipole_enabled,E2,120.5,4.194123006623736,8.938504787013768,-69.34501748130991
representative_folded,dipole_enabled,E2,121.0,4.197526642508101,8.99935829823477,-69.32117773423286
representative_folded,dipole_enabled,E2,121.5,4.200978321265517,9.061135727713891,-69.29698620405449
representative_folded,dipole_enabled,E2,122.0,4.204479584142705,9.123203434479372,-69.27243095983162
representative_folded,dipole_enabled,E2,122.5,4.208031943866528,9.184468657364178,-69.24750005738417
representative_folded,dipole_enabled,E2,123.0,4.211637007080681,9.243977590859048,-69.22218101572336
representative_folded,dipole_enabled,E2,123.5,4.2152964621557665,9.301709320057984,-69.19646067829814
representative_folded,dipole_enabled,E2,124.0,4.219012133836579,9.358046007358425,-69.17032496962256
representative_folded,dipole_enabled,E2,124.5,4.222786007912798,9.413417891160352,-69.1437586289975
representative_folded,dipole_enabled,E2,125.0,4.227007057457404,9.473551915922556,-69.11401856509008
representative_folded,dipole_enabled,E2,125.5,4.230910244678457,9.530027698625831,-69.08649315251014
representative_folded,dipole_enabled,E2,126.0,4.234878425113138,9.58975154721631,-69.05848401910491
representative_folded,dipole_enabled,E2,126.5,4.238913835315562,9.652366837916892,-69.02997332627073
representative_folded,dipole_enabled,E2,127.0,4.243018813336325,9.716593737964367,-69.00094237847654
representative_folded,dipole_enabled,E2,127.5,4.247195851790108,9.780412435022043,-68.9713714369202
representative_folded,dipole_enabled,E2,128.0,4.251447653385061,9.842505063223152,-68.94123915177458
representative_folded,dipole_enabled,E2,128.5,4.2557770936864445,9.901644774202081,-68.9105227771754
representative_folded,dipole_enabled,E2,129.0,4.260187100201802,9.957349069369787,-68.87919871903617
representative_folded,dipole_enabled,E2,129.5,4.264680459175493,10.01086321922335,-68.84724394650941
representative_folded,dipole_enabled,E2,130.0,4.269260149336306,10.065521839552176,-68.81463429710296
representative_folded,dipole_enabled,E2,130.5,4.273929492278027,10.122112995709722,-68.78134318160822
representative_folded,dipole_enabled,E2,131.0,4.278692094607331,10.179934796395433,-68.74734182523582
representative_folded,dipole_enabled,E2,131.5,4.2835518957310645,10.239362599615372,-68.71259890895153
representative_folded,dipole_enabled,E2,132.0,4.288513164091824,10.29991720904996,-68.6770804161274
representative_folded,dipole_enabled,E2,132.5,4.293580411854408,10.360229056222972,-68.64074999592215
representative_folded,dipole_enabled,E2,133.0,4.298758243061389,10.420273180782083,-68.60356993272546
representative_folded,dipole_enabled,E2,133.5,4.304051476892742,10.47942166683777,-68.56550056029408
representative_folded,dipole_enabled,E2,134.0,4.309465221234006,10.536192131535964,-68.52649967279521
representative_folded,dipole_enabled,E2,134.5,4.315004876498262,10.590781452887942,-68.48652245049958
representative_folded,dipole_enabled,E2,135.0,4.3206761420346,10.644949164149784,-68.4455213179267
representative_folded,dipole_enabled,E2,135.5,4.326485083688585,10.699349157479574,-68.40344556858376
representative_folded,dipole_enabled,E2,136.0,4.332438204928797,10.754004396452077,-68.36024069959078
representative_folded,dipole_enabled,E2,136.5,4.338542407298048,10.809078416612937,-68.3158485430696
representative_folded,dipole_enabled,E2,137.0,4.34480509494188,10.865573523388466,-68.27020661731582
representative_folded,dipole_enabled,E2,137.5,4.35123424374091,10.922779083865223,-68.22324739374105
representative_folded,dipole_enabled,E2,138.0,4.35783837930213,10.979526630843779,-68.17489827690498
representative_folded,dipole_enabled,E2,138.5,4.364626617188456,11.03503293823264,-68.12508117752097
representative_folded,dipole_enabled,E2,139.0,4.371608661294451,11.090028600613966,-68.07371227653947
representative_folded,dipole_enabled,E2,139.5,4.378794851964164,11.144781845809227,-68.0207017064321
representative_folded,dipole_enabled,E2,140.0,4.386196362813446,11.199984488180794,-67.96595199405478
representative_folded,dipole_enabled,E2,140.5,4.393825219781585,11.255482401682135,-67.909357679202
representative_folded,dipole_enabled,E2,141.0,4.401694457692081,11.310807358522815,-67.85080396547188
representative_folded,dipole_enabled,E2,141.5,4.409818191877147,11.365806321207073,-67.79016583343154
representative_folded,dipole_enabled,E2,142.0,4.418211741985997,11.420198823201503,-67.7273068353385
representative_folded,dipole_enabled,E2,142.5,4.426891790678085,11.47428192504536,-67.66207750910421
representative_folded,dipole_enabled,E2,143.0,4.435876404157284,11.529187120423181,-67.59431451874671
representative_folded,dipole_enabled,E2,143.5,4.445185154167046,11.585461323106367,-67.52383931228066
representative_folded,dipole_enabled,E2,144.0,4.454839294811571,11.641934445416739,-67.45045619230336
representative_folded,dipole_enabled,E2,144.5,4.464862046167369,11.69839089511241,-67.37394990916307
representative_folded,dipole_enabled,E2,145.0,4.475279067975743,11.754258777884186,-67.2940813675345
representative_folded,dipole_enabled,E2,145.5,4.486118642533051,11.808004564718914,-67.2105849621113
representative_folded,dipole_enabled,E2,146.0,4.497411858503657,11.859240503669195,-67.12316562034773
representative_folded,dipole_enabled,E2,146.5,4.509193039494793,11.909555828119839,-67.03149444934152
representative_folded,dipole_enabled,E2,147.0,4.521500229009548,11.959657136987566,-66.93520327659563
representative_folded,dipole_enabled,E2,147.5,4.534375739731972,12.00930069186725,-66.83387841426155
representative_folded,dipole_enabled,E2,148.0,4.547866769108026,12.056890123168081,-66.72705327913877
representative_folded,dipole_enabled,E2,148.5,4.562026114973633,12.102701723484696,-66.61419969285905
representative_folded,dipole_enabled,E2,149.0,4.576913044268301,12.148148511767412,-66.49471722785657
representative_folded,dipole_enabled,E2,149.5,4.592594334105933,12.1940859616019,-66.3679202421748
representative_folded,dipole_enabled,E2,150.0,4.609145526430849,12.240131420242953,-66.233021967742
representative_folded,dipole_enabled,E2,150.5,4.626652494240482,12.285932711180855,-66.08911458755445
representative_folded,dipole_enabled,E2,151.0,4.645213432203118,12.33275348710646,-65.93514391766809
representative_folded,dipole_enabled,E2,151.5,4.66494135189591,12.382760963241601,-65.76987707144045
representative_folded,dipole_enabled,E2,152.0,4.685967044509063,12.437813476299265,-65.59186202142695
representative_folded,dipole_enabled,E2,152.5,4.708442799214997,12.499141619034544,-65.3993756318048
representative_folded,dipole_enabled,E2,153.0,4.732547148584241,12.56854086322794,-65.19035584892794
representative_folded,dipole_enabled,E2,153.5,4.758491114473598,12.646427639154334,-64.96231130327274
representative_folded,dipole_enabled,E2,154.0,4.786526483950611,12.732898558048852,-64.71219900524227
representative_folded,dipole_enabled,E2,154.5,4.816956747973334,12.828571698686757,-64.4362572713512
representative_folded,dipole_enabled,E2,155.0,4.850151736955523,12.934983868637325,-64.12977358202527
representative_folded,dipole_enabled,E2,155.5,4.88656782483999,13.057580220524152,-63.786754219631156
representative_folded,dipole_enabled,E2,156.0,4.926776373609228,13.209987248461733,-63.39944239850909
representative_folded,dipole_enabled,E2,156.5,4.971505147872747,13.410213403593968,-62.95759455539444
representative_folded,dipole_enabled,E2,157.0,5.0217002570358185,13.669865862090404,-62.44735797158854
representative_folded,dipole_enabled,E2,157.5,5.078621614145122,13.966136337086933,-61.84946837610482
representative_folded,dipole_enabled,E2,158.0,5.14399649958047,14.246473058218015,-61.13622669709883
representative_folded,dipole_enabled,E2,158.5,5.22027955174672,14.467111448939784,-60.266166286684715
representative_folded,dipole_enabled,E2,159.0,5.311122580427329,14.609287646308037,-59.17406670230821
representative_folded,dipole_enabled,E2,159.5,5.422288888582057,14.676205458984018,-57.75096028817061
representative_folded,dipole_enabled,E2,160.0,5.563539275151547,14.685687001245768,-55.80150470761447
representative_folded,dipole_enabled,E2,160.5,5.7526204246363335,14.663314919920271,-52.95293750596905
representative_folded,dipole_enabled,E2,161.0,6.024414756173974,14.632889328560461,-48.53058095211462
representative_folded,dipole_enabled,E2,161.5,6.445705433744032,14.613141483125789,-42.08069367075939
representative_folded,dipole_enabled,E2,162.0,7.090500534419851,14.612294528510859,-35.3893866931662
representative_folded,dipole_enabled,E2,162.5,7.962516375452851,14.626622621879957,-30.32875204313597
representative_folded,dipole_enabled,E2,163.0,9.01211806129412,14.647858747583687,-26.75359602028351
representative_folded,dipole_enabled,E2,163.5,10.186540122053838,14.665091301711417,-24.165475030277992
representative_folded,dipole_enabled,E2,164.0,11.443783369842995,14.670839249698739,-22.230255901075505
representative_folded,dipole_enabled,E2,164.5,12.75264341103927,14.661363957747078,-20.745808132387094
representative_folded,dipole_enabled,E2,165.0,14.090336867829855,14.636147204607955,-19.586265567569047
representative_folded,dipole_enabled,E2,165.5,15.439930344389664,14.595955694379732,-18.669575727903617
representative_folded,dipole_enabled,E2,166.0,16.788504109506594,14.543268994324272,-17.939904555964088
representative_folded,dipole_enabled,E2,166.5,18.1260706149115,14.481550512537138,-17.357810788992563
representative_folded,dipole_enabled,E2,167.0,19.44487352168908,14.413441561039997,-16.894534458515494
representative_folded,dipole_enabled,E2,167.5,20.73888535200287,14.340156148518492,-16.528537177431684
representative_folded,dipole_enabled,E2,168.0,22.0034332972717,14.2615060588294,-16.24332118563583
representative_folded,dipole_enabled,E2,168.5,23.234915799319868,14.176819682664288,-16.026004952303182
representative_folded,dipole_enabled,E2,169.0,24.430584913973863,14.086652809680267,-15.866363823266973
representative_folded,dipole_enabled,E2,169.5,25.58837785452926,13.990093022688882,-15.756165165704983
representative_folded,dipole_enabled,E2,170.0,26.706784738149658,13.888363882302562,-15.688696993900532
representative_folded,dipole_enabled,E2,170.5,27.78474394891283,13.783842262233195,-15.658426460279374
representative_folded,dipole_enabled,E2,171.0,28.82155860668787,13.678113292686163,-15.660747759956951
representative_folded,dipole_enabled,E2,171.5,29.81682880390772,13.57185059268508,-15.69179350743235
representative_folded,dipole_enabled,E2,172.0,30.770397293152374,13.46629507609251,-15.748290489277858
representative_folded,dipole_enabled,E2,172.5,31.6823052667089,13.362262723891838,-15.827448037980364
representative_folded,dipole_enabled,E2,173.0,32.552755638466685,13.259555636514293,-15.926871308736764
representative_folded,dipole_enabled,E2,173.5,33.38208328930011,13.158011868660866,-16.044492286627506
representative_folded,dipole_enabled,E2,174.0,34.17073032092366,13.057590572211382,-16.17851481368222
representative_folded,dipole_enabled,E2,174.5,34.91922568128389,12.958211110375675,-16.32737017420976
representative_folded,dipole_enabled,E2,175.0,35.62816876466521,12.860307767380519,-16.48968060760269
representative_folded,dipole_enabled,E2,175.5,36.29821575023056,12.763866296067153,-16.664229377482073
representative_folded,dipole_enabled,E2,176.0,36.9300679001279,12.668782554472116,-16.849936477691312
representative_folded,dipole_enabled,E2,176.5,37.52446221167458,12.574938987513873,-17.045838093386504
representative_folded,dipole_enabled,E2,177.0,38.08216313133161,12.481773337814175,-17.251069941065946
representative_folded,dipole_enabled,E2,177.5,38.60395666436734,12.389821368664883,-17.46485255327335
representative_folded,dipole_enabled,E2,178.0,39.09064506313984,12.298768828148683,-17.686479102265118
representative_folded,dipole_enabled,E2,178.5,39.54304219408688,12.20843529291653,-17.91530546852132
representative_folded,dipole_enabled,E2,179.0,39.96197031586259,12.118636503933583,-18.150741325224075
representative_folded,dipole_enabled,E2,179.5,40.34825711157717,12.027938537521507,-18.392242791237916
representative_folded,dipole_enabled,E2,180.0,40.70273332847549,11.93719416610276,-18.63930623452239
representative_folded,dipole_enabled,E2,180.5,41.02623113677948,11.84608155182187,-18.891462729317016
representative_folded,dipole_enabled,E2,181.0,41.31958268895003,11.754785754729495,-19.148273507326824
representative_folded,dipole_enabled,E2,181.5,41.58361890196524,11.662466279609585,-19.4093261566631
representative_folded,dipole_enabled,E2,182.0,41.81916850529774,11.569112449733934,-19.674231373252102
representative_folded,dipole_enabled,E2,182.5,42.027057274048964,11.474114453949671,-19.942620295554416
representative_folded,dipole_enabled,E2,183.0,42.20810744170257,11.373158025435012,-20.214142260609837
representative_folded,dipole_enabled,E2,183.5,42.363137472069766,11.264699188835694,-20.48846283064326
representative_folded,dipole_enabled,E2,184.0,42.492961315367374,11.153091312357859,-20.765262503174952
representative_folded,dipole_enabled,E2,184.5,42.59838884368121,11.03182215132476,-21.044235162252196
representative_folded,dipole_enabled,E2,185.0,42.680224835634036,10.90503936467329,-21.32508750068585
representative_folded,dipole_enabled,E2,185.5,42.73926863627338,10.775223306313135,-21.607538603209914
representative_folded,dipole_enabled,E2,186.0,42.77631425858119,10.642422211153836,-21.891319232077674
representative_folded,dipole_enabled,E2,186.5,42.79215004975754,10.506777407390835,-22.176171668643285
representative_folded,dipole_enabled,E2,187.0,42.78755857574708,10.361232986357072,-22.461849517335743
representative_folded,dipole_enabled,E2,187.5,42.763316102732205,10.207978966122482,-22.748117869774635
representative_folded,dipole_enabled,E2,188.0,42.720192090726584,10.05261839566479,-23.034753606443616
representative_folded,dipole_enabled,E2,188.5,42.658948912524814,9.895795337523051,-23.321545545566167
representative_folded,dipole_enabled,E2,189.0,42.580341072405204,9.73719182631919,-23.608294988681596
representative_folded,dipole_enabled,E2,189.5,42.48511488925997,9.577794499670672,-23.894815977326374
representative_folded,dipole_enabled,E2,190.0,42.37400783446468,9.417039748510563,-24.180935705975983
representative_folded,dipole_enabled,E2,190.5,42.247747880418274,9.24889266782745,-24.46649492610808
representative_folded,dipole_enabled,E2,191.0,42.10705306026863,9.06355094719224,-24.751348229510732
representative_folded,dipole_enabled,E2,191.5,41.952631065491374,8.87523165683268,-25.03536401809076
representative_folded,dipole_enabled,E2,192.0,41.78517731368296,8.685667082316343,-25.31842554313372
representative_folded,dipole_enabled,E2,192.5,41.60537474077338,8.495251762425656,-25.600430773016143
representative_folded,dipole_enabled,E2,193.0,41.413893264442585,8.302470752132823,-25.881292360198373
representative_folded,dipole_enabled,E2,193.5,41.211396204359026,8.107979648600121,-26.160933786468245
representative_folded,dipole_enabled,E2,194.0,40.99853694902794,7.913579249546223,-26.43928831147452
representative_folded,dipole_enabled,E2,194.5,40.775944962983644,7.719086742625696,-26.716308664023444
representative_folded,dipole_enabled,E2,195.0,40.54423279159406,7.519488418366349,-26.99196224481693
representative_folded,dipole_enabled,E2,195.5,40.30399607671011,7.31219124832486,-27.266229950635104
representative_folded,dipole_enabled,E2,196.0,40.05581223427615,7.106377306326048,-27.539106062370916
representative_folded,dipole_enabled,E2,196.5,39.800240377692674,6.902383548108206,-27.810597290482743
representative_folded,dipole_enabled,E2,197.0,39.53782111937721,6.700245263595502,-28.08072182574237
representative_folded,dipole_enabled,E2,197.5,39.269087302409176,6.499963447214392,-28.3495032139102
representative_folded,dipole_enabled,E2,198.0,38.99474456234556,6.307291475822858,-28.61676761627549
representative_folded,dipole_enabled,E2,198.5,38.715534738731506,6.118150401556783,-28.88220289666778
representative_folded,dipole_enabled,E2,199.0,38.43195296304139,5.930735781556969,-29.145857933908758
representative_folded,dipole_enabled,E2,199.5,38.14445694808292,5.7428220759813815,-29.4078066237307
representative_folded,dipole_enabled,E2,200.0,37.85348238917984,5.550205732884295,-29.66812773431635
representative_folded,dipole_enabled,E2,200.5,37.55944316776891,5.357192794734383,-29.926903735129134
representative_folded,dipole_enabled,E2,201.0,37.2627316589532,5.1663461439304115,-30.184219908358575
representative_folded,dipole_enabled,E2,201.5,36.9637192090951,4.97741839312363,-30.44016336616662
representative_folded,dipole_enabled,E2,202.0,36.66275656986323,4.790331799861334,-30.694822220085047
representative_folded,dipole_enabled,E2,202.5,36.36017513193463,4.6048180561841034,-30.948284457713886
representative_folded,dipole_enabled,E2,203.0,36.056305911729844,4.421478843784459,-31.20062657475734
representative_folded,dipole_enabled,E2,203.5,35.7520296249464,4.283761959746246,-31.428618812834785
representative_folded,dipole_enabled,E2,204.0,35.45131841078513,4.253693503875766,-31.58320818579542
representative_folded,dipole_enabled,E2,204.5,35.155848486957204,4.224681654781756,-31.736468246724336
representative_folded,dipole_enabled,E2,205.0,34.865646833531095,4.193336429132755,-31.888313321214003
representative_folded,dipole_enabled,E2,205.5,34.58064794289372,4.160176201823875,-32.03872961622997
representative_folded,dipole_enabled,E2,206.0,34.30078407590277,4.124956174464751,-32.1877061712922
representative_folded,dipole_enabled,E2,206.5,34.025986890244376,4.089345335519184,-32.335233320910625
representative_folded,dipole_enabled,E2,207.0,33.75618825274703,4.052985793996631,-32.48130227208102
representative_folded,dipole_enabled,E2,207.5,33.491327073522704,4.015033137568633,-32.62590228814429
representative_folded,dipole_enabled,E2,208.0,33.20573330397227,3.9745143726066723,-32.78319286782759
representative_folded,dipole_enabled,E2,208.5,32.95152291811872,3.939608409083488,-32.92440921439162
representative_folded,dipole_enabled,E2,209.0,32.702446669681834,3.904048358593284,-33.0638935883026
representative_folded,dipole_enabled,E2,209.5,32.45844134679639,3.867066901409557,-33.201637237739035
representative_folded,dipole_enabled,E2,210.0,32.21945199825553,3.828247486833334,-33.33762624170711
representative_folded,dipole_enabled,E2,210.5,31.985409743484656,3.7863554188176796,-33.47185557652202
representative_folded,dipole_enabled,E2,211.0,31.756243164302035,3.742298279601841,-33.60432313454901
representative_folded,dipole_enabled,E2,211.5,31.531879189737413,3.6976245231957927,-33.735028735013834
representative_folded,dipole_enabled,E2,212.0,31.31224373103163,3.6525732383601506,-33.86397381634605
representative_folded,dipole_enabled,E2,212.5,31.097262447999665,3.6060954027078207,-33.9911610069907
representative_folded,dipole_enabled,E2,213.0,30.886860909267106,3.5594291252524046,-34.11659394111797
representative_folded,dipole_enabled,E2,213.5,30.68096427963959,3.5124500059965813,-34.240277488699164
representative_folded,dipole_enabled,E2,214.0,30.479497403317467,3.46457852183649,-34.362217720198615
representative_folded,dipole_enabled,E2,214.5,30.282384852429814,3.4161744151624163,-34.482421876243535
representative_folded,dipole_enabled,E2,215.0,30.08955101750185,3.3665699735308596,-34.6008983260063
representative_folded,dipole_enabled,E2,215.5,29.900920200586658,3.316224855021237,-34.717656498583445
representative_folded,dipole_enabled,E2,216.0,29.716416617182176,3.2666550440489583,-34.83270688906174
representative_folded,dipole_enabled,E2,216.5,29.53596449006875,3.2180114733657206,-34.946060998390706
representative_folded,dipole_enabled,E2,217.0,29.359488114552875,3.170283799408802,-35.05773128901346
representative_folded,dipole_enabled,E2,217.5,29.186911921634984,3.1234613127247846,-35.16773114072282
representative_folded,dipole_enabled,E2,218.0,29.018160539647496,3.0775329641878724,-35.27607480591061
representative_folded,dipole_enabled,E2,218.5,28.85315885425263,3.03248739105066,-35.38277736436319
representative_folded,dipole_enabled,E2,219.0,28.691832066696882,2.988312942750877,-35.487854677753674
representative_folded,dipole_enabled,E2,219.5,28.534105750226846,2.944997706401984,-35.59132334397737
representative_folded,dipole_enabled,E2,220.0,28.379905904579356,2.9025295319000755,-35.69320065147309
flat_control,no_dipole,E1,0.0,3.5,0.0,-74.34443899396732
flat_control,no_dipole,E1,0.5,3.500691062006115,-0.11846620065826527,-74.24927094120717
flat_control,no_dipole,E1,1.0,3.502755912656366,-0.11686409898232554,-74.14956289710479
flat_control,no_dipole,E1,1.5,3.5059650076099036,-0.11481037780104063,-74.05567966505566
flat_control,no_dipole,E1,2.0,3.510120329857141,-0.11237953341672545,-73.96712807146045
flat_control,no_dipole,E1,2.5,3.515051441911758,-0.10968446208020156,-73.8834625058347
flat_control,no_dipole,E1,3.0,3.5206119782526626,-0.10676210885095133,-73.80427984377745
flat_control,no_dipole,E1,3.5,3.526676544293189,-0.10355993903213707,-73.7292150264981
flat_control,no_dipole,E1,4.0,3.533137987063906,-0.10008091011915027,-73.6579371518968
flat_control,no_dipole,E1,4.5,3.539904997569072,-0.09631918336992504,-73.59014600034747
flat_control,no_dipole,E1,5.0,3.5469000047112154,-0.09223132356301197,-73.52556896633197
flat_control,no_dipole,E1,5.5,3.554057330333385,-0.08775311108638052,-73.46395833492645
flat_control,no_dipole,E1,6.0,3.561321577577219,-0.08282003087973752,-73.40508884760808
flat_control,no_dipole,E1,6.5,3.5686462259223486,-0.077408323945767,-73.34875552092718
flat_control,no_dipole,E1,7.0,3.575992409162143,-0.07154426170133106,-73.29477168342866
flat_control,no_dipole,E1,7.5,3.583327855068993,-0.06526924196876271,-73.2429671985233
flat_control,no_dipole,E1,8.0,3.5913528511413904,-0.05791576980431397,-73.18831456874702
flat_control,no_dipole,E1,8.5,3.5985849850305924,-0.05081861276457624,-73.1405974727231
flat_control,no_dipole,E1,9.0,3.605739010782691,-0.043301194941370164,-73.0946206721974
flat_control,no_dipole,E1,9.5,3.6128013484871064,-0.03532825358699164,-73.05026634291634
flat_control,no_dipole,E1,10.0,3.6197614745450055,-0.026900016061028546,-73.007426233838
flat_control,no_dipole,E1,10.5,3.626611505945347,-0.018047486839219192,-72.96600054742305
flat_control,no_dipole,E1,11.0,3.6333458471566833,-0.008805857493214865,-72.9258969175733
flat_control,no_dipole,E1,11.5,3.6399608860278576,0.0008037994021038199,-72.88702955530249
flat_control,no_dipole,E1,12.0,3.646454731629176,0.010737711194450019,-72.84931857845261
flat_control,no_dipole,E1,12.5,3.652826996066573,0.020929003657129634,-72.81268944465607
flat_control,no_dipole,E1,13.0,3.659078614499952,0.03136431101544646,-72.77707243388781
flat_control,no_dipole,E1,13.5,3.66521169469591,0.04209236239612556,-72.74240216052738
flat_control,no_dipole,E1,14.0,3.6712293899345547,0.05316816860575998,-72.70861708804578
flat_control,no_dipole,E1,14.5,3.6771357843742924,0.06465083587583129,-72.67565906754854
flat_control,no_dipole,E1,15.0,3.6829357837095396,0.0765710458784598,-72.64347293361205
flat_control,no_dipole,E1,15.5,3.6886350185820898,0.08891367218888335,-72.61200611217
flat_control,no_dipole,E1,16.0,3.6942397736719825,0.10166311804540723,-72.58120818065464
flat_control,no_dipole,E1,16.5,3.699756968751053,0.11480329003720152,-72.55103027198362
flat_control,no_dipole,E1,17.0,3.7051942360572263,0.12827670199682975,-72.52142415765563
flat_control,no_dipole,E1,17.5,3.7105601184743686,0.14201641711289678,-72.49234111212138
flat_control,no_dipole,E1,18.0,3.715864383548662,0.15603798178434994,-72.46373089204158
flat_control,no_dipole,E1,18.5,3.72111835679839,0.17041597543793258,-72.43554105396505
flat_control,no_dipole,E1,19.0,3.7263351532307514,0.18518377442545586,-72.40771664487441
flat_control,no_dipole,E1,19.5,3.731529776335421,0.2003489229306628,-72.38020000109616
flat_control,no_dipole,E1,20.0,3.7367190749670716,0.21588941024057873,-72.35293062769335
flat_control,no_dipole,E1,20.5,3.7419215678468736,0.23178648915192804,-72.32584520476189
flat_control,no_dipole,E1,21.0,3.7471571639124512,0.24804686622638433,-72.29887784337116
flat_control,no_dipole,E1,21.5,3.7524468802477835,0.264670292851697,-72.27196034567899
flat_control,no_dipole,E1,22.0,3.757812678377815,0.281602935165931,-72.24502213314658
flat_control,no_dipole,E1,22.5,3.7632775707894157,0.29875700224547547,-72.21798946070244
flat_control,no_dipole,E1,23.0,3.768866282697597,0.31609065608296233,-72.1907831505951
flat_control,no_dipole,E1,23.5,3.7751908439057638,0.3354453680272356,-72.16054775776311
flat_control,no_dipole,E1,24.0,3.7811408350879945,0.3534572690512402,-72.13265913804685
flat_control,no_dipole,E1,24.5,3.7873329261498703,0.37199938621320483,-72.10423797974964
flat_control,no_dipole,E1,25.0,3.793831942229787,0.39113489816234237,-72.07510214361001
flat_control,no_dipole,E1,25.5,3.8007154982969706,0.41083601375477724,-72.04503745614615
flat_control,no_dipole,E1,26.0,3.8080701274616504,0.4310316634915371,-72.01380478499094
flat_control,no_dipole,E1,26.5,3.8159870271531178,0.45163330694555753,-71.98114749724539
flat_control,no_dipole,E1,27.0,3.8245583130734695,0.472512790316879,-71.9467984097604
flat_control,no_dipole,E1,27.5,3.8338746426569235,0.49351354403123615,-71.91048443711794
flat_control,no_dipole,E1,28.0,3.8440249535178936,0.5145464156097889,-71.8719267617978
flat_control,no_dipole,E1,28.5,3.8550991203800495,0.5355660236917141,-71.83083458732558
flat_control,no_dipole,E1,29.0,3.867195412225199,0.5565678608676055,-71.78688819160642
flat_control,no_dipole,E1,29.5,3.8804382217112665,0.5776910378718961,-71.73969958274101
flat_control,no_dipole,E1,30.0,3.895020612515394,0.5992887960454784,-71.6887202280133
flat_control,no_dipole,E1,30.5,3.9112758365953986,0.6217645983352206,-71.63307879008734
flat_control,no_dipole,E1,31.0,3.9296905192288385,0.6452885963165224,-71.57151692361204
flat_control,no_dipole,E1,31.5,3.9508168213486057,0.6697121866788581,-71.50254708608468
flat_control,no_dipole,E1,32.0,3.9751857119965854,0.6946589014729238,-71.42463070771184
flat_control,no_dipole,E1,32.5,4.003259947021128,0.7197173516056432,-71.33627594134336
flat_control,no_dipole,E1,33.0,4.035418915866507,0.7445678502752255,-71.23606959510133
flat_control,no_dipole,E1,33.5,4.071968203044864,0.7689804094509167,-71.12265694640472
flat_control,no_dipole,E1,34.0,4.1131700189090274,0.7927536199691175,-70.99467182924722
flat_control,no_dipole,E1,34.5,4.159295786118603,0.8157264598370872,-70.85061092180077
flat_control,no_dipole,E1,35.0,4.210716044145144,0.8378627016675957,-70.68861861903073
flat_control,no_dipole,E1,35.5,4.268079403819607,0.8594496044435751,-70.50607504951118
flat_control,no_dipole,E1,36.0,4.332742475046101,0.881380414432747,-70.29866012734317
flat_control,no_dipole,E1,36.5,4.407736962692196,0.9052311719943693,-70.05820105178732
flat_control,no_dipole,E1,37.0,4.498072354687605,0.9320065813669118,-69.7709376633379
flat_control,no_dipole,E1,37.5,4.608181080283372,0.9609924617528955,-69.4211753212334
flat_control,no_dipole,E1,38.0,4.740333162099642,0.9904981141295286,-68.9940663553591
flat_control,no_dipole,E1,38.5,4.8950851472017245,1.0188278391579189,-68.47376707950393
flat_control,no_dipole,E1,39.0,5.09088043806228,1.0470793381577272,-67.76915541310187
flat_control,no_dipole,E1,39.5,5.291251433574925,1.0691516836443,-66.97467903833649
flat_control,no_dipole,E1,40.0,5.512340859588348,1.087283983716225,-65.98124578504867
flat_control,no_dipole,E1,40.5,5.754437968649882,1.1013968358308468,-64.70071223343537
flat_control,no_dipole,E1,41.0,6.019621561897888,1.1118574691770473,-62.97035576794591
flat_control,no_dipole,E1,41.5,6.313717822835108,1.1196688089344573,-60.46124620008685
flat_control,no_dipole,E1,42.0,6.6514006916587345,1.1269825851947748,-56.44706706425841
flat_control,no_dipole,E1,42.5,7.069946331063602,1.1380741249092265,-49.58962323055099
flat_control,no_dipole,E1,43.0,7.6367676455641496,1.1579928847975454,-40.70594272516973
flat_control,no_dipole,E1,43.5,8.376386183345078,1.1840378050951634,-33.82576010352142
flat_control,no_dipole,E1,44.0,9.248970061191269,1.2071830004507964,-29.250123798553417
flat_control,no_dipole,E1,44.5,10.208776484469931,1.2202169708378459,-26.09723463149452
flat_control,no_dipole,E1,45.0,11.220085541775514,1.219390608732388,-23.821144983285055
flat_control,no_dipole,E1,45.5,12.256696693706536,1.2031862444885064,-22.119428534985055
flat_control,no_dipole,E1,46.0,13.299758421063965,1.1713763229497482,-20.8151546443077
flat_control,no_dipole,E1,46.5,14.335835154648533,1.1245499227816709,-19.798035952042188
flat_control,no_dipole,E1,47.0,15.355469225800425,1.0638310316394741,-18.99549814214753
flat_control,no_dipole,E1,47.5,16.352174238635694,0.9906801361682316,-18.357612982458207
flat_control,no_dipole,E1,48.0,17.321772553472066,0.9067474287289006,-17.848749089077238
flat_control,no_dipole,E1,48.5,18.26206541777865,0.8139464162115073,-17.44266757140579
flat_control,no_dipole,E1,49.0,19.172997072953777,0.7147672994609908,-17.119464045388053
flat_control,no_dipole,E1,49.5,20.05735679744349,0.612044255519228,-16.86357275178776
flat_control,no_dipole,E1,50.0,20.919884614707037,0.507146877282415,-16.662719551751614
flat_control,no_dipole,E1,50.5,21.764412013810563,0.399551119957935,-16.507494148237814
flat_control,no_dipole,E1,51.0,22.592978732226126,0.2881105308278502,-16.390744657506957
flat_control,no_dipole,E1,51.5,23.406255643712235,0.17171959096430434,-16.306941810461105
flat_control,no_dipole,E1,52.0,24.204036068445223,0.049482963454851314,-16.251714169558834
flat_control,no_dipole,E1,52.5,24.985605850033053,-0.07923455742413515,-16.221528781063313
flat_control,no_dipole,E1,53.0,25.749998194595275,-0.21480406068877023,-16.213469893417937
flat_control,no_dipole,E1,53.5,26.496161921586513,-0.357339738211202,-16.22508549614104
flat_control,no_dipole,E1,54.0,27.22306972963041,-0.5067506793040255,-16.25428045093406
flat_control,no_dipole,E1,54.5,27.99931769723532,-0.6787659550407967,-16.3045393781567
flat_control,no_dipole,E1,55.0,28.68292078190674,-0.8416834287139485,-16.365004746718085
flat_control,no_dipole,E1,55.5,29.34489046496106,-1.010183839049211,-16.438084228255512
flat_control,no_dipole,E1,56.0,29.984892271604703,-1.1834939789542442,-16.522498443733273
flat_control,no_dipole,E1,56.5,30.60286422042102,-1.3610340614885361,-16.617081042287293
flat_control,no_dipole,E1,57.0,31.19894928864654,-1.5424709306914475,-16.720791969562434
flat_control,no_dipole,E1,57.5,31.773404176291386,-1.7275904167217129,-16.832722503393338
flat_control,no_dipole,E1,58.0,32.326535145252834,-1.9162587669963085,-16.952086537528007
flat_control,no_dipole,E1,58.5,32.85865982396203,-2.108385205414048,-17.07820700009478
flat_control,no_dipole,E1,59.0,33.3700882460836,-2.3038732711837513,-17.210499851143624
flat_control,no_dipole,E1,59.5,33.86111539553534,-2.502615660444995,-17.348458345330595
flat_control,no_dipole,E1,60.0,34.33201979554688,-2.7045094643122676,-17.49163930352338
flat_control,no_dipole,E1,60.5,34.78306561317605,-2.9094660664843186,-17.63965139206472
flat_control,no_dipole,E1,61.0,35.214506850155516,-3.117402178288123,-17.79214503156857
flat_control,no_dipole,E1,61.5,35.626592785236774,-3.32818028448985,-17.94880361731267
flat_control,no_dipole,E1,62.0,36.019574546785805,-3.5415966910058017,-18.109335543361556
flat_control,no_dipole,E1,62.5,36.39371187521347,-3.7573605162183843,-18.2734675429337
flat_control,no_dipole,E1,63.0,36.749276804626625,-3.975148862364295,-18.44094192607547
flat_control,no_dipole,E1,63.5,37.08655416586756,-4.194790703036057,-18.6115167130306
flat_control,no_dipole,E1,64.0,37.40584103618993,-4.41620082132622,-18.784965394797716
flat_control,no_dipole,E1,64.5,37.70744496586982,-4.6390950196187655,-18.961076516749564
flat_control,no_dipole,E1,65.0,37.99168179738984,-4.863293147016822,-19.139653055791026
flat_control,no_dipole,E1,65.5,38.25887368170376,-5.088790133579301,-19.320511439327923
flat_control,no_dipole,E1,66.0,38.50934727567638,-5.31524624220105,-19.503480457671188
flat_control,no_dipole,E1,66.5,38.74343223410814,-5.5425055495501,-19.688400141938942
flat_control,no_dipole,E1,67.0,38.96146012084109,-5.770431776447028,-19.87512057073086
flat_control,no_dipole,E1,67.5,39.16376371646938,-5.9988958283837786,-20.063500645149837
flat_control,no_dipole,E1,68.0,39.35067670535265,-6.227740428112847,-20.25340684634694
flat_control,no_dipole,E1,68.5,39.522533730725264,-6.456871953463286,-20.44471196634556
flat_control,no_dipole,E1,69.0,39.679670468205586,-6.6861175202263565,-20.637294021986605
flat_control,no_dipole,E1,69.5,39.82242316365827,-6.915281753556911,-20.831035790118015
flat_control,no_dipole,E1,70.0,39.963238896823306,-7.167219939095768,-21.045356918635875
flat_control,no_dipole,E1,70.5,40.076879270360415,-7.396115487149588,-21.24117277764017
flat_control,no_dipole,E1,71.0,40.177176561528526,-7.624639286267567,-21.437813522751732
flat_control,no_dipole,E1,71.5,40.26446498549747,-7.8526342368052955,-21.6351799512121
flat_control,no_dipole,E1,72.0,40.33907754271742,-8.079959737866716,-21.833177010461934
flat_control,no_dipole,E1,72.5,40.401345769719036,-8.30647699891275,-22.03171374572785
flat_control,no_dipole,E1,73.0,40.45159952423901,-8.532091536303133,-22.2307032415226
flat_control,no_dipole,E1,73.5,40.49016680773654,-8.756738908550673,-22.430062550020438
flat_control,no_dipole,E1,74.0,40.517373620989666,-8.980375702656291,-22.629712607399163
flat_control,no_dipole,E1,74.5,40.53354386286939,-9.202931990947928,-22.829578131272136
flat_control,no_dipole,E1,75.0,40.538999273667784,-9.424309068051143,-23.029587493400673
flat_control,no_dipole,E1,75.5,40.534059322633524,-9.644510965391786,-23.229672630800884
flat_control,no_dipole,E1,76.0,40.51904099151471,-9.863591202694199,-23.429769041873385
flat_control,no_dipole,E1,76.5,40.49425856506065,-10.081488630598766,-23.629815789986257
flat_control,no_dipole,E1,77.0,40.460023413203785,-10.29816065358309,-23.829755516585543
flat_control,no_dipole,E1,77.5,40.416643815014304,-10.513488484665505,-24.029534435484845
flat_control,no_dipole,E1,78.0,40.36442474683821,-10.727699007839973,-24.22910234293701
flat_control,no_dipole,E1,78.5,40.30366771961918,-10.940551411034377,-24.42841260527058
flat_control,no_dipole,E1,79.0,40.23467055864206,-11.15197033371719,-24.627422170521847
flat_control,no_dipole,E1,79.5,40.15772722324327,-11.36215673446138,-24.82609156079299
flat_control,no_dipole,E1,80.0,40.0731276557699,-11.571444545850287,-25.024384835800802
flat_control,no_dipole,E1,80.5,39.98115775027272,-11.779587640589178,-25.222269491275487
flat_control,no_dipole,E1,81.0,39.88209928687954,-11.98664533653237,-25.41971633135188
flat_control,no_dipole,E1,81.5,39.77622964311004,-12.192497648464983,-25.616699490573506
flat_control,no_dipole,E1,82.0,39.663821608998035,-12.397051479307331,-25.813196414275076
flat_control,no_dipole,E1,82.5,39.54514327870598,-12.60043257468741,-26.009187747378935
flat_control,no_dipole,E1,83.0,39.42045791194722,-12.802614265541472,-26.204657262789002
flat_control,no_dipole,E1,83.5,39.290023826719626,-13.003493237184562,-26.399591752360696
flat_control,no_dipole,E1,84.0,39.15409438431897,-13.203243435828526,-26.593980885467687
flat_control,no_dipole,E1,84.5,39.01291901054675,-13.40175645927923,-26.78781640172238
flat_control,no_dipole,E1,85.0,38.866742487988475,-13.59926440134581,-26.98109218559854
flat_control,no_dipole,E1,85.5,38.70045661353772,-13.815420191017296,-27.193045463172425
flat_control,no_dipole,E1,86.0,38.5445480869327,-14.010903692070658,-27.385138593450588
flat_control,no_dipole,E1,86.5,38.38436058384739,-14.205419998144546,-27.576670036863586
flat_control,no_dipole,E1,87.0,38.22011562628824,-14.399234085095873,-27.767643768846618
flat_control,no_dipole,E1,87.5,38.05202910119161,-14.59232420393935,-27.95806574463959
flat_control,no_dipole,E1,88.0,37.88031129349106,-14.784508999838717,-28.14794370622686
flat_control,no_dipole,E1,88.5,37.705167568259064,-14.975725069713835,-28.33728678433617
flat_control,no_dipole,E1,89.0,37.52680555855024,-15.165820164150619,-28.526100516844483
flat_control,no_dipole,E1,89.5,37.34542795952371,-15.354937445057391,-28.71439018066607
flat_control,no_dipole,E1,90.0,37.161226439940805,-15.54316618239371,-28.902165832993003
flat_control,no_dipole,E1,90.5,36.974387864487426,-15.73058672546454,-29.089438074232802
flat_control,no_dipole,E1,91.0,36.785092468382565,-15.917286471399805,-29.276218848263312
flat_control,no_dipole,E1,91.5,36.59351424056717,-16.103104279343402,-29.462521343466808
flat_control,no_dipole,E1,92.0,36.399821326761746,-16.288026145779224,-29.64835958228269
flat_control,no_dipole,E1,92.5,36.2041763678099,-16.472144670189603,-29.833748108295847
flat_control,no_dipole,E1,93.0,36.006736039402355,-16.655683260469985,-30.018702217551684
flat_control,no_dipole,E1,93.5,35.807658139053636,-16.83822340883583,-30.203234619752212
flat_control,no_dipole,E1,94.0,35.60714311768395,-17.019109504680436,-30.387320115882027
flat_control,no_dipole,E1,94.5,35.40537353532235,-17.198884682173112,-30.570930918008887
flat_control,no_dipole,E1,95.0,35.2024976505277,-17.37778338539005,-30.75406370682576
flat_control,no_dipole,E1,95.5,34.99866126585324,-17.555798054155392,-30.93671555132806
flat_control,no_dipole,E1,96.0,34.79399919542598,-17.733007215265353,-31.118888850069787
flat_control,no_dipole,E1,96.5,34.58863898407126,-17.90947430093411,-31.300589125122293
flat_control,no_dipole,E1,97.0,34.38270247446179,-18.084870989854455,-31.48182349504827
flat_control,no_dipole,E1,97.5,34.176306379626,-18.259242226908857,-31.66259987903767
flat_control,no_dipole,E1,98.0,33.969560905891946,-18.432604405780065,-31.842927998185054
flat_control,no_dipole,E1,98.5,33.76257072625922,-18.605066864578653,-32.022818589359595
flat_control,no_dipole,E1,99.0,33.55560597936532,-18.76903773127855,-32.20187672417295
flat_control,no_dipole,E1,99.5,33.34905540463926,-18.92806200353602,-32.37945183770567
flat_control,no_dipole,E1,100.0,33.14305877949353,-19.085012776141227,-32.555585712891705
flat_control,no_dipole,E1,100.5,32.93772511757482,-19.239791818836714,-32.73034725870811
flat_control,no_dipole,E1,101.0,32.71273946603716,-19.407922712837568,-32.921074690241824
flat_control,no_dipole,E1,101.5,32.50909638703556,-19.558902883420835,-33.093160895353606
flat_control,no_dipole,E1,102.0,32.30637858700847,-19.708217971904077,-33.26406759568418
flat_control,no_dipole,E1,102.5,32.10465792846276,-19.855920251890403,-33.43384652252799
flat_control,no_dipole,E1,103.0,31.903998098427326,-20.002070629278403,-33.6025467816328
flat_control,no_dipole,E1,103.5,31.70445711902832,-20.1466948420852,-33.77021366655395
flat_control,no_dipole,E1,104.0,31.506110445353876,-20.283295863277257,-33.93001754895571
flat_control,no_dipole,E1,104.5,31.309961257480477,-20.370695843413962,-34.04389192203756
flat_control,no_dipole,E1,105.0,31.116856132859354,-20.4518703919317,-34.15682685900349
flat_control,no_dipole,E1,105.5,30.926805534820748,-20.532255438094722,-34.268766715560076
flat_control,no_dipole,E1,106.0,30.739796715563365,-20.61157074602579,-34.37968821462299
flat_control,no_dipole,E1,106.5,30.555777602251883,-20.69030527867036,-34.489590952322864
flat_control,no_dipole,E1,107.0,30.374689527249267,-20.76848297249464,-34.598482062867674
flat_control,no_dipole,E1,107.5,30.196479708686756,-20.845920558525926,-34.70636649421802
flat_control,no_dipole,E1,108.0,30.02109410758844,-20.922683804647967,-34.81325034698471
flat_control,no_dipole,E1,108.5,29.848477215422268,-20.9987379433772,-34.919142110663806
flat_control,no_dipole,E1,109.0,29.678574513266287,-21.07404450376555,-35.024050687284934
flat_control,no_dipole,E1,109.5,29.51133287145097,-21.148616134346803,-35.12798512140109
flat_control,no_dipole,E1,110.0,29.34690481461138,-21.21380097086703,-35.23085057583717
flat_control,no_dipole,E1,110.5,29.185499991241983,-21.275844702597972,-35.33247144995365
flat_control,no_dipole,E1,111.0,29.02708157196382,-21.336620623334042,-35.43284408371713
flat_control,no_dipole,E1,111.5,28.871605308132608,-21.39614416729389,-35.531975278566016
flat_control,no_dipole,E1,112.0,28.719013209498158,-21.45447537650195,-35.629880068784765
flat_control,no_dipole,E1,112.5,28.569246302553378,-21.511648819648777,-35.72657547019568
flat_control,no_dipole,E1,113.0,28.422249445459965,-21.567730034378517,-35.82207643886969
flat_control,no_dipole,E1,113.5,28.277966601105355,-21.622647620160564,-35.916398746864225
flat_control,no_dipole,E1,114.0,28.13634209745441,-21.67653752439433,-36.009558555476914
flat_control,no_dipole,E1,114.5,27.997321227982606,-21.729317861119934,-36.101571894853
flat_control,no_dipole,E1,115.0,27.860850470932874,-21.78105701686727,-36.19245451886953
flat_control,no_dipole,E1,115.5,27.726891063369077,-21.830862357257494,-36.282215395957
flat_control,no_dipole,E1,116.0,27.59544845050253,-21.87849661026313,-36.370832744103176
flat_control,no_dipole,E1,116.5,27.453729187525052,-21.929373772784906,-36.46699160259577
flat_control,no_dipole,E1,117.0,27.327455837634552,-21.97452718201776,-36.553218420662844
flat_control,no_dipole,E1,117.5,27.20357685586576,-22.018532133456606,-36.63832348417257
flat_control,no_dipole,E1,118.0,27.08204693322072,-22.061439842902352,-36.722319682300544
flat_control,no_dipole,E1,118.5,26.962821670599222,-22.103196443738057,-36.80521975656502
flat_control,no_dipole,E1,119.0,26.845856151498964,-22.14387848352418,-36.88703725139242
flat_control,no_dipole,E1,119.5,26.73110558306774,-22.183452522654818,-36.967786157847726
flat_control,no_dipole,E1,120.0,26.618525545206925,-22.222112564160312,-37.047480708218885
flat_control,no_dipole,E1,120.5,26.508072071102582,-22.259603206626032,-37.12613528850721
flat_control,no_dipole,E1,121.0,26.399702097725804,-22.295929045377612,-37.20376430455972
flat_control,no_dipole,E1,121.5,26.293380357242373,-22.330960382523457,-37.28037762691979
flat_control,no_dipole,E1,122.0,26.189070733598093,-22.364817189610342,-37.35598505582734
flat_control,no_dipole,E1,122.5,26.08673390443203,-22.39767472771394,-37.43059950012586
flat_control,no_dipole,E1,123.0,25.986330626402363,-22.429613480815156,-37.50423412966914
flat_control,no_dipole,E1,123.5,25.887821642733623,-22.460601320277043,-37.57690262840887
flat_control,no_dipole,E1,124.0,25.791168399809404,-22.49070045389277,-37.64861859575869
flat_control,no_dipole,E1,124.5,25.696332652019382,-22.519930500518246,-37.71939579137268
flat_control,no_dipole,E1,125.0,25.603276571753714,-22.548282030839168,-37.78924808801971
flat_control,no_dipole,E1,125.5,25.51196283590666,-22.575724481944324,-37.858189392862265
flat_control,no_dipole,E1,126.0,25.42235463361893,-22.602202698530213,-37.92623362717417
flat_control,no_dipole,E1,126.5,25.33441562496033,-22.627676260362144,-37.993394750214875
flat_control,no_dipole,E1,127.0,25.248110463344137,-22.65222281612597,-38.059686474923076
flat_control,no_dipole,E1,127.5,25.16340550150863,-22.675859222263814,-38.12512157443524
flat_control,no_dipole,E1,128.0,25.08026670690905,-22.698557864435674,-38.18971338772097
flat_control,no_dipole,E1,128.5,24.9986605403421,-22.72040294959682,-38.25347527556243
flat_control,no_dipole,E1,129.0,24.918553816283367,-22.74152678607376,-38.316420677433065
flat_control,no_dipole,E1,129.5,24.839913945064108,-22.761914034252086,-38.3785629405391
flat_control,no_dipole,E1,130.0,24.762708869863626,-22.78165778012554,-38.43991533642602
flat_control,no_dipole,E1,130.5,24.68690705347596,-22.80061576091444,-38.50049107682685
flat_control,no_dipole,E1,131.0,24.61247750909553,-22.818830408430006,-38.5603032802968
flat_control,no_dipole,E1,131.5,24.539389799703773,-22.836347755508744,-38.619364962762766
flat_control,no_dipole,E1,132.0,24.460507463771798,-22.85460775924029,-38.68348137737128
flat_control,no_dipole,E1,132.5,24.390140920398725,-22.870332842846697,-38.7410088854132
flat_control,no_dipole,E1,133.0,24.32102548096478,-22.885385907137543,-38.79782542314921
flat_control,no_dipole,E1,133.5,24.253133129326244,-22.899716224075675,-38.8539433770805
flat_control,no_dipole,E1,134.0,24.186436309802648,-22.913301003152373,-38.90937507046029
flat_control,no_dipole,E1,134.5,24.12090797277991,-22.92612798716423,-38.964132707819
flat_control,no_dipole,E1,135.0,24.056521597757484,-22.938545206007444,-39.01822835833357
flat_control,no_dipole,E1,135.5,23.9932511952976,-22.950331599301215,-39.071673941331376
flat_control,no_dipole,E1,136.0,23.931071289157757,-22.96150155762856,-39.124481235213096
flat_control,no_dipole,E1,136.5,23.86995692131509,-22.97211527012322,-39.176661866927724
flat_control,no_dipole,E1,137.0,23.80988364687165,-22.982108959994243,-39.22822730843048
flat_control,no_dipole,E1,137.5,23.750827524827052,-22.99147200116357,-39.27918887727592
flat_control,no_dipole,E1,138.0,23.692765113473786,-23.000139902001628,-39.32955773392992
flat_control,no_dipole,E1,138.5,23.635673473942155,-23.008134402940748,-39.37934487481038
flat_control,no_dipole,E1,139.0,23.579530195296698,-23.015493193720072,-39.428561105074024
flat_control,no_dipole,E1,139.5,23.524313333120336,-23.022328672825445,-39.477217075848415
flat_control,no_dipole,E1,140.0,23.470001417563942,-23.028583783298554,-39.5253232761094
flat_control,no_dipole,E1,140.5,23.4165734439536,-23.03442380191119,-39.57289003356904
flat_control,no_dipole,E1,141.0,23.36400887499943,-23.039950615366116,-39.61992750711003
flat_control,no_dipole,E1,141.5,23.312287629339178,-23.04497915105526,-39.66644568964698
flat_control,no_dipole,E1,142.0,23.261390076384004,-23.049552263429582,-39.71245440703268
flat_control,no_dipole,E1,142.5,23.211297030038818,-23.053607931351117,-39.757963317390185
flat_control,no_dipole,E1,143.0,23.161989740777553,-23.057151811412364,-39.802981911934076
flat_control,no_dipole,E1,143.5,23.11344988857637,-23.06010364306511,-39.84751951544357
flat_control,no_dipole,E1,144.0,23.065659575997483,-23.062622143444603,-39.891585286601284
flat_control,no_dipole,E1,144.5,23.018601324756546,-23.065084595903038,-39.93518821646508
flat_control,no_dipole,E1,145.0,22.972258069341503,-23.06750293713047,-39.97833712728261
flat_control,no_dipole,E1,145.5,22.926613143150362,-23.0698340003624,-40.02104067939073
flat_control,no_dipole,E1,146.0,22.881650272920503,-23.072195791123768,-40.06330737083023
flat_control,no_dipole,E1,146.5,22.837353572485846,-23.07439374504666,-40.10514553806708
flat_control,no_dipole,E1,147.0,22.793707535600117,-23.076266257922164,-40.146563357017676
flat_control,no_dipole,E1,147.5,22.74643036012373,-23.078055029621474,-40.19164701937277
flat_control,no_dipole,E1,148.0,22.70410189214008,-23.079485152449312,-40.23220801481695
flat_control,no_dipole,E1,148.5,22.662378354106213,-23.080569340127653,-40.272373004382594
flat_control,no_dipole,E1,149.0,22.62124572191852,-23.08149692180468,-40.3121495224166
flat_control,no_dipole,E1,149.5,22.580690314875355,-23.082270076034224,-40.35154495105732
flat_control,no_dipole,E1,150.0,22.540698788726214,-23.082952221609485,-40.39056652204894
flat_control,no_dipole,E1,150.5,22.501258129795723,-23.083469009357547,-40.42922131782955
flat_control,no_dipole,E1,151.0,22.46235564690852,-23.08390328739489,-40.46751627417181
flat_control,no_dipole,E1,151.5,22.423978964505675,-23.08427971927051,-40.50545818238214
flat_control,no_dipole,E1,152.0,22.38611601586849,-23.084422125463874,-40.543053691321234
flat_control,no_dipole,E1,152.5,22.348755036688235,-23.084425369252966,-40.580309309249074
flat_control,no_dipole,E1,153.0,22.31188455826626,-23.08431939271456,-40.617231406071454
flat_control,no_dipole,E1,153.5,22.2754934010644,-23.084091424582,-40.653826215407655
flat_control,no_dipole,E1,154.0,22.239570668232304,-23.0837458535464,-40.690099836746846
flat_control,no_dipole,E1,154.5,22.204105739194162,-23.083334217655267,-40.72605823765634
flat_control,no_dipole,E1,155.0,22.169088263373514,-23.08312474206831,-40.76170725596267
flat_control,no_dipole,E1,155.5,22.13450815398036,-23.083434057894294,-40.7970526019638
flat_control,no_dipole,E1,156.0,22.100355581967623,-23.08438577547922,-40.83209986060422
flat_control,no_dipole,E1,156.5,22.06662097013273,-23.086143691649355,-40.86685449357468
flat_control,no_dipole,E1,157.0,22.0332949869706,-23.088962655980943,-40.90132184171043
flat_control,no_dipole,E1,157.5,22.000368540866063,-23.09315202324059,-40.93550712719717
flat_control,no_dipole,E1,158.0,21.967832774401884,-23.099488172962104,-40.96941545576087
flat_control,no_dipole,E1,158.5,21.93567905870597,-23.108860680667796,-41.00305181888118
flat_control,no_dipole,E1,159.0,21.9038989879144,-23.122841136845086,-41.03642109599699
flat_control,no_dipole,E1,159.5,21.872484373739198,-23.144195095719233,-41.069528056687396
flat_control,no_dipole,E1,160.0,21.841427240116126,-23.176823478156106,-41.10237736285752
flat_control,no_dipole,E1,160.5,21.810719817963868,-23.222430438300883,-41.13497357089992
flat_control,no_dipole,E1,161.0,21.780354540037674,-23.277128357246255,-41.16732113384185
flat_control,no_dipole,E1,161.5,21.75032403588419,-23.334769457903725,-41.19942440347344
flat_control,no_dipole,E1,162.0,21.720621126920527,-23.390068070293495,-41.23128763243798
flat_control,no_dipole,E1,162.5,21.69123882157432,-23.439225013932386,-41.26291497632084
flat_control,no_dipole,E1,163.0,21.65928046125949,-23.483141135764836,-41.29743745087726
flat_control,no_dipole,E1,163.5,21.630549470960123,-23.512343470584813,-41.32858254251551
flat_control,no_dipole,E1,164.0,21.60211854798829,-23.530579129718188,-41.35950403685513
flat_control,no_dipole,E1,164.5,21.57398141884105,-23.537551348788185,-41.39020571292782
flat_control,no_dipole,E1,165.0,21.546131973800023,-23.53326905660161,-41.420691262990125
flat_control,no_dipole,E1,165.5,21.51856426266843,-23.51774486318048,-41.45096429445891
flat_control,no_dipole,E1,166.0,21.49127249060394,-23.491331843104216,-41.48102833181765
flat_control,no_dipole,E1,166.5,21.464251014043437,-23.454451983992087,-41.51088681849416
flat_control,no_dipole,E1,167.0,21.43749433671947,-23.407551224478226,-41.54054311870946
flat_control,no_dipole,E1,167.5,21.41099710576881,-23.35135414099203,-41.570000519295995
flat_control,no_dipole,E1,168.0,21.384754107932636,-23.286437164912456,-41.59926223148316
flat_control,no_dipole,E1,168.5,21.358760265834757,-23.213279668723537,-41.628331392661366
flat_control,no_dipole,E1,169.0,21.3330106343528,-23.1321353900721,-41.65721106811106
flat_control,no_dipole,E1,169.5,21.307500397076268,-23.04341580326512,-41.68590425269992
flat_control,no_dipole,E1,170.0,21.2822248628465,-22.94759186102163,-41.714413872551425
flat_control,no_dipole,E1,170.5,21.25717946238131,-22.845109846954585,-41.74274278668126
flat_control,no_dipole,E1,171.0,21.232359744980318,-22.736515023196358,-41.770893788603814
flat_control,no_dipole,E1,171.5,21.207761375310806,-22.622204750136117,-41.79886960790783
flat_control,no_dipole,E1,172.0,21.183380130272592,-22.50249676491757,-41.82667291180132
flat_control,no_dipole,E1,172.5,21.15921189594051,-22.37788897613145,-41.85430630662589
flat_control,no_dipole,E1,173.0,21.13525266458304,-22.248675608875203,-41.88177233934072
flat_control,no_dipole,E1,173.5,21.111498531756904,-22.115340835096838,-41.909073498975395
flat_control,no_dipole,E1,174.0,21.08794569347327,-21.978059595985044,-41.93621221805387
flat_control,no_dipole,E1,174.5,21.06459044343642,-21.83715784357493,-41.963190873988495
flat_control,no_dipole,E1,175.0,21.04142917035364,-21.69292346352513,-41.99001179044394
flat_control,no_dipole,E1,175.5,21.018458355313975,-21.545507284636685,-42.016677238671996
flat_control,no_dipole,E1,176.0,20.99567456923504,-21.395297435813237,-42.04318943881715
flat_control,no_dipole,E1,176.5,20.973074470376204,-21.24258135871569,-42.06955056119362
flat_control,no_dipole,E1,177.0,20.95065480191681,-21.087500222953558,-42.0957627275339
flat_control,no_dipole,E1,177.5,20.92841238959816,-20.930258806713912,-42.121828012209235
flat_control,no_dipole,E1,178.0,20.906344139427855,-20.771147513469458,-42.147748443422486
flat_control,no_dipole,E1,178.5,20.882266624247475,-20.594416288787013,-42.176095977642596
flat_control,no_dipole,E1,179.0,20.860554388107822,-20.432386530676013,-42.20171861958218
flat_control,no_dipole,E1,179.5,20.839007209027116,-20.26921064895828,-42.227202414526765
flat_control,no_dipole,E1,180.0,20.817622299378492,-20.104950787720437,-42.252549213284695
flat_control,no_dipole,E1,180.5,20.79639694101409,-19.939798501707998,-42.27776082616238
flat_control,no_dipole,E1,181.0,20.775328483320912,-19.77390525335497,-42.30283902399661
flat_control,no_dipole,E1,181.5,20.754414341329785,-19.607551561196154,-42.32778553916196
flat_control,no_dipole,E1,182.0,20.733651993876098,-19.440817886354154,-42.35260206655378
flat_control,no_dipole,E1,182.5,20.713038981811053,-19.27385672308712,-42.37729026454722
flat_control,no_dipole,E1,183.0,20.6925729062624,-19.10678525683656,-42.40185175593265
flat_control,no_dipole,E1,183.5,20.672251426943216,-18.939735112111087,-42.426288128827984
flat_control,no_dipole,E1,184.0,20.652072260507744,-18.772947917191306,-42.450600937568346
flat_control,no_dipole,E1,184.5,20.632033178953076,-18.606605899590125,-42.4747917035734
flat_control,no_dipole,E1,185.0,20.612132008065483,-18.440670537975844,-42.49886191619289
flat_control,no_dipole,E1,185.5,20.592366625910362,-18.275231285577714,-42.52281303353086
flat_control,no_dipole,E1,186.0,20.572734961364613,-18.110465860951845,-42.54664648324887
flat_control,no_dipole,E1,186.5,20.55323499269051,-17.946515959339997,-42.570363663348715
flat_control,no_dipole,E1,187.0,20.53386474614986,-17.783264534831638,-42.593965942935036
flat_control,no_dipole,E1,187.5,20.51462229465748,-17.62087717779432,-42.6174546629583
flat_control,no_dipole,E1,188.0,20.495505756472976,-17.45937660873932,-42.6408311369385
flat_control,no_dipole,E1,188.5,20.47651329392982,-17.298883535728077,-42.664096651670086
flat_control,no_dipole,E1,189.0,20.457643112200742,-17.139575051842236,-42.6872524679085
flat_control,no_dipole,E1,189.5,20.438893458098484,-16.981532070651838,-42.710299821038596
flat_control,no_dipole,E1,190.0,20.420262618910982,-16.824816766139925,-42.7332399217257
flat_control,no_dipole,E1,190.5,20.40174892127007,-16.669340871847254,-42.75607395654921
flat_control,no_dipole,E1,191.0,20.383350730052722,-16.515099287325825,-42.77880308861968
flat_control,no_dipole,E1,191.5,20.36506644731414,-16.36221506801325,-42.80142845817931
flat_control,no_dipole,E1,192.0,20.346894511251588,-16.210612371810754,-42.82395118318653
flat_control,no_dipole,E1,192.5,20.328833395198355,-16.06028318084409,-42.84637235988492
flat_control,no_dipole,E1,193.0,20.310881606646895,-15.911276237143532,-42.86869306335684
flat_control,no_dipole,E1,193.5,20.293037686300337,-15.763895600737769,-42.890914348062275
flat_control,no_dipole,E1,194.0,20.273532259504396,-15.603369482250304,-42.91524416648665
flat_control,no_dipole,E1,194.5,20.25591025492527,-15.45897475182863,-42.937260015266745
flat_control,no_dipole,E1,195.0,20.238391795987873,-15.315961840508393,-42.959179588634775
flat_control,no_dipole,E1,195.5,20.220975550217794,-15.174341854176912,-42.981003861828924
flat_control,no_dipole,E1,196.0,20.203660213927893,-15.034085769570048,-43.00273379199427
flat_control,no_dipole,E1,196.5,20.186444511426807,-14.895123793800744,-43.02437031863848
flat_control,no_dipole,E1,197.0,20.169327194250705,-14.757493697819193,-43.045914364074946
flat_control,no_dipole,E1,197.5,20.152307040417607,-14.621283157660482,-43.067366833853754
flat_control,no_dipole,E1,198.0,20.135382853703653,-14.486343503356917,-43.08872861718101
flat_control,no_dipole,E1,198.5,20.118553462940625,-14.352607599026799,-43.11000058732648
flat_control,no_dipole,E1,199.0,20.1018177213342,-14.220141765634292,-43.131183602020144
flat_control,no_dipole,E1,199.5,20.085174505802296,-14.088889378542685,-43.152278503837735
flat_control,no_dipole,E1,200.0,20.068622716332925,-13.95885021364515,-43.17328612057575
flat_control,no_dipole,E1,200.5,20.052161275360984,-13.829949298754487,-43.19420726561609
flat_control,no_dipole,E1,201.0,20.035789127163483,-13.70205574123287,-43.215042738280566
flat_control,no_dipole,E1,201.5,20.019505237272618,-13.575322489406014,-43.23579332417566
flat_control,no_dipole,E1,202.0,20.00330859190617,-13.449438086216773,-43.25645979552776
flat_control,no_dipole,E1,202.5,19.987198197414788,-13.324614318786786,-43.27704291150909
flat_control,no_dipole,E1,203.0,19.971173079745583,-13.200856266286799,-43.297543418554625
flat_control,no_dipole,E1,203.5,19.955232283921582,-13.07802330714473,-43.31796205067016
flat_control,no_dipole,E1,204.0,19.939374873536575,-12.95599968834981,-43.338299529732
flat_control,no_dipole,E1,204.5,19.923599930264963,-12.834864619770094,-43.35855656577807
flat_control,no_dipole,E1,205.0,19.907906553386013,-12.7143977811509,-43.378733857291266
flat_control,no_dipole,E1,205.5,19.892293859322212,-12.594857211055333,-43.398832091474674
flat_control,no_dipole,E1,206.0,19.87676098119132,-12.4761183469994,-43.41885194451931
flat_control,no_dipole,E1,206.5,19.861307068371612,-12.358098227247659,-43.438794081864366
flat_control,no_dipole,E1,207.0,19.845931286079963,-12.240660150159751,-43.458659158450246
flat_control,no_dipole,E1,207.5,19.830632814962424,-12.123808560416274,-43.47844781896462
flat_control,no_dipole,E1,208.0,19.81541085069687,-12.007675622938887,-43.49816069808157
flat_control,no_dipole,E1,208.5,19.800264603607413,-11.89212905697897,-43.51779842069422
flat_control,no_dipole,E1,209.0,19.785193298290093,-11.777147024337026,-43.53736160214081
flat_control,no_dipole,E1,209.5,19.768700511749692,-11.6510904284203,-43.558795729676845
flat_control,no_dipole,E1,210.0,19.7537841216561,-11.536916734224501,-43.57820433633534
flat_control,no_dipole,E1,210.5,19.738940356416993,-11.423337818774403,-43.5975402509962
flat_control,no_dipole,E1,211.0,19.72416849545978,-11.310250095396007,-43.61680405205669
flat_control,no_dipole,E1,211.5,19.709467830739825,-11.197536952810832,-43.63599630941874
flat_control,no_dipole,E1,212.0,19.6948376664285,-11.085094760724989,-43.655117584679566
flat_control,no_dipole,E1,212.5,19.680277318610397,-10.973133466538298,-43.674168431317014
flat_control,no_dipole,E1,213.0,19.665786114989373,-10.861784285786516,-43.693149394869856
flat_control,no_dipole,E1,213.5,19.651363394603248,-10.750844336835748,-43.71206101311298
flat_control,no_dipole,E1,214.0,19.63700850754675,-10.640420676458128,-43.73090381622802
flat_control,no_dipole,E1,214.5,19.622720814702625,-10.53082227166251,-43.74967832696911
flat_control,no_dipole,E1,215.0,19.608499687480524,-10.42199110695902,-43.76838506082416
flat_control,no_dipole,E1,215.5,19.594344507563516,-10.314442125019347,-43.78702452617177
flat_control,no_dipole,E1,216.0,19.58025466666191,-10.208981306777801,-43.805597224433846
flat_control,no_dipole,E1,216.5,19.56622956627427,-10.120148149937682,-43.82410365022406
flat_control,no_dipole,E1,217.0,19.552268617455322,-10.049443620116335,-43.842544291492295
flat_control,no_dipole,E1,217.5,19.53837124059053,-9.97913294200034,-43.86091962966511
flat_control,no_dipole,E1,218.0,19.524536865177232,-9.909227897905652,-43.87923013978257
flat_control,no_dipole,E1,218.5,19.510764929612037,-9.839739653721038,-43.89747629063113
flat_control,no_dipole,E1,219.0,19.497054880984308,-9.770678769375522,-43.91565854487327
flat_control,no_dipole,E1,219.5,19.483406174875604,-9.702055209664216,-43.9337773591733
flat_control,no_dipole,E1,220.0,19.46981827516484,-9.633878355408733,-43.951833184320094
flat_control,no_dipole,E2,0.0,3.5,0.0,-74.34443899396732
flat_control,no_dipole,E2,0.5,3.500690547577298,-0.11855332707842386,-74.24927403051055
flat_control,no_dipole,E2,1.0,3.502753909503128,-0.11710314379614763,-74.14957595549694
flat_control,no_dipole,E2,1.5,3.50595995212496,-0.11531109457650755,-74.05571383500919
flat_control,no_dipole,E2,2.0,3.5101100076281884,-0.11328172397392706,-73.96719943287174
flat_control,no_dipole,E2,2.5,3.515032960719408,-0.11115585915528794,-73.88359232384794
flat_control,no_dipole,E2,3.0,3.5205817669377697,-0.10899509658920098,-73.80449455382207
flat_control,no_dipole,E2,3.5,3.526630367502034,-0.10676772567939509,-73.72954602125878
flat_control,no_dipole,E2,4.0,3.5330709655079424,-0.10449371491862412,-73.65842045275419
flat_control,no_dipole,E2,4.5,3.539811628295226,-0.10218026825141649,-73.59082187461857
flat_control,no_dipole,E2,5.0,3.546774182418402,-0.09979277938803266,-73.52648150284207
flat_control,no_dipole,E2,5.5,3.553892369680766,-0.09727168726795658,-73.46515498955823
flat_control,no_dipole,E2,6.0,3.5611102350295627,-0.09455307464119642,-73.40661997612952
flat_control,no_dipole,E2,6.5,3.5683807195883657,-0.09160989347342878,-73.35067391217508
flat_control,no_dipole,E2,7.0,3.5756644345969564,-0.08846152964025904,-73.29713210694659
flat_control,no_dipole,E2,7.5,3.582928594454991,-0.08513935061117521,-73.24582598496914
flat_control,no_dipole,E2,8.0,3.590864377808658,-0.08129284469726769,-73.19178803653892
flat_control,no_dipole,E2,8.5,3.598005021302265,-0.07760332482567979,-73.1446911546254
flat_control,no_dipole,E2,9.0,3.605057092941252,-0.07368618913941051,-73.09939377623877
flat_control,no_dipole,E2,9.5,3.6120064203589726,-0.06949005198365052,-73.05577868240721
flat_control,no_dipole,E2,10.0,3.6188418268246036,-0.06500026659047806,-73.01373829139058
flat_control,no_dipole,E2,10.5,3.625554685032254,-0.06023563865106686,-72.97317375069541
flat_control,no_dipole,E2,11.0,3.632138531659773,-0.0552218620431591,-72.9339941197013
flat_control,no_dipole,E2,11.5,3.638588734747036,-0.0499719857827147,-72.89611563364512
flat_control,no_dipole,E2,12.0,3.6449022069473984,-0.04452161662121894,-72.85946104069312
flat_control,no_dipole,E2,12.5,3.651077158590552,-0.038928420645366626,-72.82395900469336
flat_control,no_dipole,E2,13.0,3.65711288527243,-0.033194824499315476,-72.78954356696474
flat_control,no_dipole,E2,13.5,3.66300958536965,-0.027259282754111408,-72.75615366115467
flat_control,no_dipole,E2,14.0,3.668768203472966,-0.021052450257813844,-72.72373267580367
flat_control,no_dipole,E2,14.5,3.67439029625615,-0.014499405902820492,-72.69222805979464
flat_control,no_dipole,E2,15.0,3.6798779177524352,-0.00755245185714128,-72.66159096635204
flat_control,no_dipole,E2,15.5,3.685233521408252,-0.00020952618005961807,-72.63177593169205
flat_control,no_dipole,E2,16.0,3.690459876630465,0.007529156280474802,-72.60274058481859
flat_control,no_dipole,E2,16.5,3.6955599978451024,0.015657161238760188,-72.57444538531388
flat_control,no_dipole,E2,17.0,3.700537084348249,0.024115970301307292,-72.54685338629145
flat_control,no_dipole,E2,17.5,3.705394469458298,0.03282826597974618,-72.5199300199667
flat_control,no_dipole,E2,18.0,3.710135577677471,0.04179636910216701,-72.49364290355881
flat_control,no_dipole,E2,18.5,3.7147638887431618,0.05108734246080382,-72.46796166347094
flat_control,no_dipole,E2,19.0,3.7192829075997142,0.06073583696799832,-72.44285777590585
flat_control,no_dipole,E2,19.5,3.7236961394514925,0.07075937834281457,-72.41830442226265
flat_control,no_dipole,E2,20.0,3.728007069171251,0.08115292191677713,-72.39427635783078
flat_control,no_dipole,E2,20.5,3.732219144435956,0.09192109432291866,-72.37074979244962
flat_control,no_dipole,E2,21.0,3.736335762047399,0.10310028802587011,-72.34770228194036
flat_control,no_dipole,E2,21.5,3.7403602569688,0.11472332484456275,-72.32511262923937
flat_control,no_dipole,E2,22.0,3.744295893672678,0.1267680683820127,-72.30296079427389
flat_control,no_dipole,E2,22.5,3.7481458594508377,0.1391689273165253,-72.28122781171938
flat_control,no_dipole,E2,23.0,3.751913259385537,0.1518815632361471,-72.2598957158679
flat_control,no_dipole,E2,23.5,3.755965636609723,0.16624765946659958,-72.23687312974984
flat_control,no_dipole,E2,24.0,3.7595693705038267,0.17972353441297767,-72.21632848187609
flat_control,no_dipole,E2,24.5,3.7630996091368036,0.1936620536977876,-72.19613466940086
flat_control,no_dipole,E2,25.0,3.766559094303172,0.2081115031085505,-72.1762771661576
flat_control,no_dipole,E2,25.5,3.7699504775028583,0.22307424816169286,-72.15674215003067
flat_control,no_dipole,E2,26.0,3.773276320600505,0.23853803247178862,-72.13751645854371
flat_control,no_dipole,E2,26.5,3.7765390969342083,0.2544922679218007,-72.11858754793289
flat_control,no_dipole,E2,27.0,3.779741192786843,0.27090476169671035,-72.09994345538365
flat_control,no_dipole,E2,27.5,3.782884909145835,0.2877215793691506,-72.08157276414371
flat_control,no_dipole,E2,28.0,3.785972463688273,0.3049470085349681,-72.06346457125501
flat_control,no_dipole,E2,28.5,3.789005992937783,0.32259911345279196,-72.04560845767301
flat_control,no_dipole,E2,29.0,3.791987554547926,0.3406727789870374,-72.02799446056596
flat_control,no_dipole,E2,29.5,3.794919129674248,0.35918191155231677,-72.01061304760466
flat_control,no_dipole,E2,30.0,3.797802625403707,0.378163502230473,-71.99345509306967
flat_control,no_dipole,E2,30.5,3.8006398772160455,0.3976605395758031,-71.97651185561494
flat_control,no_dipole,E2,31.0,3.8034326514562133,0.4177131955413552,-71.95977495754065
flat_control,no_dipole,E2,31.5,3.8061826478000977,0.43832740328754183,-71.94323636544571
flat_control,no_dipole,E2,32.0,3.808891501698731,0.4594317642761925,-71.92688837214557
flat_control,no_dipole,E2,32.5,3.8115607867891157,0.48095814173921314,-71.91072357975025
flat_control,no_dipole,E2,33.0,3.814192017261671,0.5029428235073465,-71.89473488381103
flat_control,no_dipole,E2,33.5,3.816786650175563,0.525495804456586,-71.87891545845729
flat_control,no_dipole,E2,34.0,3.8193460877146737,0.5486876858263577,-71.8632587424568
flat_control,no_dipole,E2,34.5,3.8218716793784906,0.5725116732403748,-71.84775842613759
flat_control,no_dipole,E2,35.0,3.8243647241037197,0.5969010217437131,-71.83240843911696
flat_control,no_dipole,E2,35.5,3.82682647231415,0.6218152947952686,-71.81720293878242
flat_control,no_dipole,E2,36.0,3.8292581278982034,0.6472852888530876,-71.80213629946903
flat_control,no_dipole,E2,36.5,3.8316608501164606,0.6733174008168727,-71.78720310226812
flat_control,no_dipole,E2,37.0,3.834035755444109,0.6998583985808462,-71.77239812539017
flat_control,no_dipole,E2,37.5,3.8363839193516593,0.726923811923965,-71.75771633501775
flat_control,no_dipole,E2,38.0,3.838706378023284,0.7545720173233124,-71.74315287661744
flat_control,no_dipole,E2,38.5,3.8410041300128355,0.7828147042532134,-71.7287030666847
flat_control,no_dipole,E2,39.0,3.843504268711535,0.8146079431401282,-71.71293414941148
flat_control,no_dipole,E2,39.5,3.845753228528061,0.8442727281851272,-71.6987084732327
flat_control,no_dipole,E2,40.0,3.8479803549002223,0.8747473227393783,-71.68458293098183
flat_control,no_dipole,E2,40.5,3.8501865080617343,0.9060526941565806,-71.67055346263108
flat_control,no_dipole,E2,41.0,3.8523725180516677,0.9381351370384297,-71.65661614338096
flat_control,no_dipole,E2,41.5,3.8545391859635734,0.9709019336991537,-71.64276717788164
flat_control,no_dipole,E2,42.0,3.856687285130554,1.0042846678031456,-71.62900289482667
flat_control,no_dipole,E2,42.5,3.8588175622564185,1.0382782026294874,-71.61531974185526
flat_control,no_dipole,E2,43.0,3.860930738512251,1.0729165729652914,-71.60171428063724
flat_control,no_dipole,E2,43.5,3.8630275106187777,1.1082597434255916,-71.58818318199046
flat_control,no_dipole,E2,44.0,3.865108551912055,1.1443445330159487,-71.57472322101701
flat_control,no_dipole,E2,44.5,3.8671745133765514,1.1811829243546645,-71.56133127235962
flat_control,no_dipole,E2,45.0,3.869226024644467,1.2187784672008866,-71.54800430559276
flat_control,no_dipole,E2,45.5,3.8712636949520145,1.2571620798804715,-71.53473938079719
flat_control,no_dipole,E2,46.0,3.873288114032425,1.2963440904107904,-71.52153364446094
flat_control,no_dipole,E2,46.5,3.875299852937239,1.33629372114616,-71.5083843257836
flat_control,no_dipole,E2,47.0,3.877299464784619,1.376985801567113,-71.49528873341222
flat_control,no_dipole,E2,47.5,3.8792874854386117,1.4184376706706203,-71.4822442526012
flat_control,no_dipole,E2,48.0,3.8812644341278846,1.4606559141640667,-71.46924834275926
flat_control,no_dipole,E2,48.5,3.8832308140282477,1.5036218442489617,-71.45629853524649
flat_control,no_dipole,E2,49.0,3.8851871128588846,1.5473453915562307,-71.4433924311118
flat_control,no_dipole,E2,49.5,3.8871338035731355,1.5918253644757292,-71.43052769823284
flat_control,no_dipole,E2,50.0,3.8890713451816965,1.6370332846313147,-71.41770206749344
flat_control,no_dipole,E2,50.5,3.8910001836033685,1.682953205385485,-71.40491332857701
flat_control,no_dipole,E2,51.0,3.892920752464319,1.7295359818861333,-71.39215932598192
flat_control,no_dipole,E2,51.5,3.894833473851449,1.7767269562728503,-71.37943795523934
flat_control,no_dipole,E2,52.0,3.8967387589473095,1.82454541957161,-71.3667471598007
flat_control,no_dipole,E2,52.5,3.8986370085081656,1.8730295484223378,-71.35408492896414
flat_control,no_dipole,E2,53.0,3.900528613205222,1.922207619617413,-71.34144929678928
flat_control,no_dipole,E2,53.5,3.9024139538563745,1.9721241469769626,-71.3288383418749
flat_control,no_dipole,E2,54.0,3.9042934015771773,2.0228306130527027,-71.31625018785677
flat_control,no_dipole,E2,54.5,3.90635441897221,2.0795216404151606,-71.3024273701207
flat_control,no_dipole,E2,55.0,3.9082226573297096,2.1318425896241076,-71.28988119459058
flat_control,no_dipole,E2,55.5,3.9100860941155893,2.1848434329140076,-71.27735229297215
flat_control,no_dipole,E2,56.0,3.9119450649360368,2.2384531339650064,-71.26483896641406
flat_control,no_dipole,E2,56.5,3.9137998999267265,2.292625259881417,-71.25233954353453
flat_control,no_dipole,E2,57.0,3.915650925122655,2.3473518189526343,-71.23985237241014
flat_control,no_dipole,E2,57.5,3.9174984635041588,2.4026351626125475,-71.22737581478917
flat_control,no_dipole,E2,58.0,3.919342835711152,2.4584861173976345,-71.21490824249811
flat_control,no_dipole,E2,58.5,3.9211843602549794,2.514923913419298,-71.20244803763946
flat_control,no_dipole,E2,59.0,3.92302335342583,2.5719845272083752,-71.1899935957141
flat_control,no_dipole,E2,59.5,3.9248601290736715,2.6297088731075364,-71.1775433305755
flat_control,no_dipole,E2,60.0,3.9266949983612713,2.6881202000193802,-71.16509568057374
flat_control,no_dipole,E2,60.5,3.928528269713705,2.7472024883651858,-71.15264911444558
flat_control,no_dipole,E2,61.0,3.930360249358766,2.8068988906892836,-71.14020213423198
flat_control,no_dipole,E2,61.5,3.9321912431017068,2.867158399987137,-71.12775327087981
flat_control,no_dipole,E2,62.0,3.9340215604078432,2.927934079207906,-71.115301065179
flat_control,no_dipole,E2,62.5,3.935851520993495,2.989228933119046,-71.10284403045097
flat_control,no_dipole,E2,63.0,3.9376814604514205,3.0511045145104125,-71.0903806174724
flat_control,no_dipole,E2,63.5,3.9395117329288785,3.1135019133472888,-71.07790919986284
flat_control,no_dipole,E2,64.0,3.9413427129467773,3.176295703636605,-71.06542806924887
flat_control,no_dipole,E2,64.5,3.943174796245082,3.239579202622607,-71.05293544129866
flat_control,no_dipole,E2,65.0,3.9450084002529398,3.3033552964382684,-71.04042947053927
flat_control,no_dipole,E2,65.5,3.9468439651058267,3.367461681816743,-71.02790826667334
flat_control,no_dipole,E2,66.0,3.9486819552450654,3.432079644483287,-71.01536991008808
flat_control,no_dipole,E2,66.5,3.9505228619023,3.497212736862884,-71.00281246307517
flat_control,no_dipole,E2,67.0,3.9523672074350134,3.5628478072769636,-70.99023396886373
flat_control,no_dipole,E2,67.5,3.9542155530785497,3.6289646264818067,-70.9776324273759
flat_control,no_dipole,E2,68.0,3.956068513259673,3.6955685018870805,-70.96500572782587
flat_control,no_dipole,E2,68.5,3.95792678083269,3.7625964934995397,-70.95235150955054
flat_control,no_dipole,E2,69.0,3.9597911569311015,3.8300661140165655,-70.93966698432475
flat_control,no_dipole,E2,69.5,3.9616625674132147,3.8980260381215914,-70.92694885767906
flat_control,no_dipole,E2,70.0,3.963730516897762,3.973230476133417,-70.9129155610057
flat_control,no_dipole,E2,70.5,3.96562034587833,4.041871633410477,-70.9001139199179
flat_control,no_dipole,E2,71.0,3.967521034609721,4.110881528762264,-70.88726532404006
flat_control,no_dipole,E2,71.5,3.969434194724777,4.1802955970263955,-70.87436451113663
flat_control,no_dipole,E2,72.0,3.9713616562789062,4.250137815083333,-70.86140576303916
flat_control,no_dipole,E2,72.5,3.973305484278655,4.32043542998838,-70.84838288760774
flat_control,no_dipole,E2,73.0,3.975267996218475,4.391176741566294,-70.83528916044375
flat_control,no_dipole,E2,73.5,3.9772517878879046,4.462326481537295,-70.82211719287945
flat_control,no_dipole,E2,74.0,3.9792597818799096,4.533837455118605,-70.8088586645813
flat_control,no_dipole,E2,74.5,3.981295327709402,4.605702814410039,-70.79550379623899
flat_control,no_dipole,E2,75.0,3.983362378255232,4.677960666039521,-70.7820404963382
flat_control,no_dipole,E2,75.5,3.985465694031049,4.750554254232531,-70.76845368259251
flat_control,no_dipole,E2,76.0,3.987611063218623,4.823378781850361,-70.75472506883706
flat_control,no_dipole,E2,76.5,3.989805554604648,4.896443900806001,-70.74083290224813
flat_control,no_dipole,E2,77.0,3.992057700864826,4.9697385859461125,-70.72675174166474
flat_control,no_dipole,E2,77.5,3.994377570284816,5.043325285153339,-70.71245234480101
flat_control,no_dipole,E2,78.0,3.996776737910399,5.1169196442003795,-70.69790162707048
flat_control,no_dipole,E2,78.5,3.999268192037164,5.190704351959625,-70.6830626646584
flat_control,no_dipole,E2,79.0,4.0018662417973,5.264700682683044,-70.66789459365029
flat_control,no_dipole,E2,79.5,4.004586508291243,5.338662057285339,-70.65235220182622
flat_control,no_dipole,E2,80.0,4.007446123256497,5.412226951480691,-70.63638489016361
flat_control,no_dipole,E2,80.5,4.0104643860062,5.485645540252207,-70.61993431115282
flat_control,no_dipole,E2,81.0,4.013664420889075,5.558921122015963,-70.60292930418535
flat_control,no_dipole,E2,81.5,4.017076394294634,5.6322651146711245,-70.58527772760326
flat_control,no_dipole,E2,82.0,4.020741255665161,5.705820970354041,-70.56685907811968
flat_control,no_dipole,E2,82.5,4.02471250279071,5.779474319905286,-70.54752106776718
flat_control,no_dipole,E2,83.0,4.029055063232132,5.853226933778894,-70.52708068621824
flat_control,no_dipole,E2,83.5,4.0338424502142916,5.927129708826749,-70.50532848681542
flat_control,no_dipole,E2,84.0,4.039153644725253,6.000931084263956,-70.48203346669641
flat_control,no_dipole,E2,84.5,4.045070635275334,6.074635395273084,-70.4569468888144
flat_control,no_dipole,E2,85.0,4.0516772791989935,6.147940821381464,-70.42980358198035
flat_control,no_dipole,E2,85.5,4.059844636180821,6.228011956248433,-70.39723007688049
flat_control,no_dipole,E2,86.0,4.068189719259837,6.300315996940238,-70.36480602920295
flat_control,no_dipole,E2,86.5,4.0775276165686,6.372281322728865,-70.32931880402164
flat_control,no_dipole,E2,87.0,4.08801788783719,6.443974770620238,-70.29027616505113
flat_control,no_dipole,E2,87.5,4.099922957834274,6.515879761244769,-70.24694247312088
flat_control,no_dipole,E2,88.0,4.1136500028277565,6.5883759340590275,-70.19822437241959
flat_control,no_dipole,E2,88.5,4.1297032038658035,6.661356584947241,-70.1427310212023
flat_control,no_dipole,E2,89.0,4.148600992848482,6.734552638112676,-70.07892275036252
flat_control,no_dipole,E2,89.5,4.170822003860146,6.807542917962276,-70.00521617796839
flat_control,no_dipole,E2,90.0,4.196785165162136,6.879909194754021,-69.92002449109353
flat_control,no_dipole,E2,90.5,4.226855715145225,6.951221034151982,-69.82174295469068
flat_control,no_dipole,E2,91.0,4.261372634599684,7.021164804587525,-69.70868369495174
flat_control,no_dipole,E2,91.5,4.300700996916968,7.089795317370471,-69.57894772352684
flat_control,no_dipole,E2,92.0,4.3453285522759915,7.157235447469127,-69.43019007833477
flat_control,no_dipole,E2,92.5,4.396069038807387,7.223875216064445,-69.25914693374784
flat_control,no_dipole,E2,93.0,4.454560813738812,7.2906702618289145,-69.06053722379896
flat_control,no_dipole,E2,93.5,4.524259658588241,7.359431696897319,-68.8247215999556
flat_control,no_dipole,E2,94.0,4.610285293409669,7.430728694460659,-68.53651634725446
flat_control,no_dipole,E2,94.5,4.716825099196636,7.503318049194593,-68.17875892324913
flat_control,no_dipole,E2,95.0,4.8460035105206,7.5751009677717125,-67.73388737751478
flat_control,no_dipole,E2,95.5,4.998426339530953,7.644218468015502,-67.18143175876341
flat_control,no_dipole,E2,96.0,5.173924484439501,7.709248294152906,-66.49342833221202
flat_control,no_dipole,E2,96.5,5.372207435179599,7.769198891086423,-65.62710231548022
flat_control,no_dipole,E2,97.0,5.593508359288848,7.823965850692613,-64.51165265532603
flat_control,no_dipole,E2,97.5,5.83943868981105,7.87366681810316,-63.02106117827573
flat_control,no_dipole,E2,98.0,6.114556617364094,7.919143664624517,-60.91104214790798
flat_control,no_dipole,E2,98.5,6.4300959510512,7.962191310938948,-57.66022083351176
flat_control,no_dipole,E2,99.0,6.81421189715964,8.006500069355166,-52.16306967472285
flat_control,no_dipole,E2,99.5,7.329700919438862,8.058132599432382,-43.7731344269068
flat_control,no_dipole,E2,100.0,8.033398788445542,8.118584001708577,-36.002477411551325
flat_control,no_dipole,E2,100.5,8.902769020531256,8.17834406597319,-30.71402266836181
flat_control,no_dipole,E2,101.0,9.988596094875945,8.23199738718991,-26.834982884467887
flat_control,no_dipole,E2,101.5,11.04633938794416,8.263659215610971,-24.367658960267327
flat_control,no_dipole,E2,102.0,12.138323341030983,8.276342976793423,-22.54013599402967
flat_control,no_dipole,E2,102.5,13.241642846352073,8.269589576140495,-21.150241618551895
flat_control,no_dipole,E2,103.0,14.339907457740203,8.244113470042807,-20.073788933158507
flat_control,no_dipole,E2,103.5,15.421537200762069,8.201330676185014,-19.23002312640464
flat_control,no_dipole,E2,104.0,16.478553814120236,8.142965973266268,-18.56389856908791
flat_control,no_dipole,E2,104.5,17.505777965133156,8.07079836902588,-18.0364065218481
flat_control,no_dipole,E2,105.0,18.500432016203977,7.9874500857142525,-17.618967194468595
flat_control,no_dipole,E2,105.5,19.462330117929373,7.896030843341223,-17.289969814279658
flat_control,no_dipole,E2,106.0,20.394391476846334,7.799791864193172,-17.03257681331109
flat_control,no_dipole,E2,106.5,21.301058479562574,7.699880855139329,-16.833641752851943
flat_control,no_dipole,E2,107.0,22.18565399024959,7.595480898012045,-16.68314252198405
flat_control,no_dipole,E2,107.5,23.049885370363846,7.485520526775544,-16.573442960705545
flat_control,no_dipole,E2,108.0,23.89429025417853,7.3690447027057715,-16.49861984004526
flat_control,no_dipole,E2,108.5,24.718679444344367,7.245309166279906,-16.45397850632713
flat_control,no_dipole,E2,109.0,25.52245516698472,7.113842764448083,-16.435719114671176
flat_control,no_dipole,E2,109.5,26.30482670436684,6.974374327320878,-16.44070555988232
flat_control,no_dipole,E2,110.0,27.06495316510834,6.826859154818497,-16.46630359731903
flat_control,no_dipole,E2,110.5,27.802037105007656,6.6714536572042915,-16.51026535429021
flat_control,no_dipole,E2,111.0,28.515387954580685,6.508543659638266,-16.570644090750097
flat_control,no_dipole,E2,111.5,29.20447354424897,6.338791217389668,-16.645727146994986
flat_control,no_dipole,E2,112.0,29.868978386767974,6.1633681287829685,-16.733979932412172
flat_control,no_dipole,E2,112.5,30.50884693651206,5.982990306475086,-16.834014079342964
flat_control,no_dipole,E2,113.0,31.124245562195267,5.798012222646776,-16.944590494255866
flat_control,no_dipole,E2,113.5,31.715477179292623,5.6088306552243825,-17.064623355598574
flat_control,no_dipole,E2,114.0,32.28291250360619,5.415501814390441,-17.193170841763752
flat_control,no_dipole,E2,114.5,32.82694778832828,5.218250249725054,-17.329418992002264
flat_control,no_dipole,E2,115.0,33.34798140605809,5.017127495886971,-17.4726638664409
flat_control,no_dipole,E2,115.5,33.84640258591011,4.8123046507395815,-17.62229417083356
flat_control,no_dipole,E2,116.0,34.32258745147797,4.6038575382778015,-17.77777551146074
flat_control,no_dipole,E2,116.5,34.821141151823426,4.370628959208758,-17.955002124335028
flat_control,no_dipole,E2,117.0,35.25180064147816,4.154906900310307,-18.12129770876891
flat_control,no_dipole,E2,117.5,35.66132358117857,3.936125930252452,-18.292137917980305
flat_control,no_dipole,E2,118.0,36.05005985703923,3.7145422724644606,-18.467177423854196
flat_control,no_dipole,E2,118.5,36.418366007951136,3.490524740547033,-18.64609497793529
flat_control,no_dipole,E2,119.0,36.76660638600819,3.264284280406844,-18.82859172063328
flat_control,no_dipole,E2,119.5,37.095153061319884,3.0361016967392063,-19.01439030866859
flat_control,no_dipole,E2,120.0,37.40438506310692,2.80600908573726,-19.203233569469955
flat_control,no_dipole,E2,120.5,37.69468698780994,2.5744769400253764,-19.394883041208598
flat_control,no_dipole,E2,121.0,37.966447377269674,2.341644014055092,-19.589117490966473
flat_control,no_dipole,E2,121.5,38.22005727885002,2.1076410193989172,-19.785731336324577
flat_control,no_dipole,E2,122.0,38.45590894753368,1.872697911232457,-19.984533103785495
flat_control,no_dipole,E2,122.5,38.67439486415327,1.6368136147920143,-20.185343920605114
flat_control,no_dipole,E2,123.0,38.87590716891683,1.4001150556514608,-20.3879959672136
flat_control,no_dipole,E2,123.5,39.0608374740116,1.1628132821860993,-20.592330936450463
flat_control,no_dipole,E2,124.0,39.229577040530096,0.9250306865075641,-20.798198474599154
flat_control,no_dipole,E2,124.5,39.38251664586511,0.6869350695233845,-21.00545506786374
flat_control,no_dipole,E2,125.0,39.52004593277755,0.44870756481860896,-21.213963607568466
flat_control,no_dipole,E2,125.5,39.64255288638941,0.21054023893082974,-21.423593099704796
flat_control,no_dipole,E2,126.0,39.750423523024445,-0.02735722124199036,-21.63421835674303
flat_control,no_dipole,E2,126.5,39.844041648468554,-0.2647978433285769,-21.845719736584787
flat_control,no_dipole,E2,127.0,39.923788794665285,-0.5017480316509815,-22.05798286583969
flat_control,no_dipole,E2,127.5,39.990044321034,-0.7380947012518813,-22.270898251553774
flat_control,no_dipole,E2,128.0,40.04318468108944,-0.9736755611826386,-22.484361476856847
flat_control,no_dipole,E2,128.5,40.08358350213735,-1.2084586219255478,-22.698272953814087
flat_control,no_dipole,E2,129.0,40.111611427005876,-1.4424672598145971,-22.91253781383923
flat_control,no_dipole,E2,129.5,40.12763615395169,-1.6755858397331291,-23.12706570380674
flat_control,no_dipole,E2,130.0,40.132022400891614,-1.9078102937953334,-23.341770627051325
flat_control,no_dipole,E2,130.5,40.12513177730206,-2.1389101980289227,-23.556570868491853
flat_control,no_dipole,E2,131.0,40.10732258428071,-2.368848260657148,-23.771388986674083
flat_control,no_dipole,E2,131.5,40.07894961283646,-2.5975983352510124,-23.986151819942037
flat_control,no_dipole,E2,132.0,40.035957085393115,-2.847570873262162,-24.222245009774348
flat_control,no_dipole,E2,132.5,39.98653844036274,-3.0732896946930244,-24.436672642777868
flat_control,no_dipole,E2,133.0,39.92763385836469,-3.297625857480848,-24.650844190421807
flat_control,no_dipole,E2,133.5,39.859584221750474,-3.5205039191723952,-24.864702445725207
flat_control,no_dipole,E2,134.0,39.782725291322855,-3.7418631956183313,-25.07819498686306
flat_control,no_dipole,E2,134.5,39.69738808395349,-3.96166472551736,-25.29127369623429
flat_control,no_dipole,E2,135.0,39.60389889152383,-4.180231032231543,-25.50389466142693
flat_control,no_dipole,E2,135.5,39.50257918633053,-4.3973241388624125,-25.71601804797892
flat_control,no_dipole,E2,136.0,39.39374536140663,-4.612947253571866,-25.92760812412232
flat_control,no_dipole,E2,136.5,39.27770862328887,-4.827155157588637,-26.13863316292802
flat_control,no_dipole,E2,137.0,39.15477482463327,-5.03988483113023,-26.34906537163829
flat_control,no_dipole,E2,137.5,39.02524427573551,-5.251132170496405,-26.55888083038705
flat_control,no_dipole,E2,138.0,38.88941159351152,-5.460844424421724,-26.768059398749685
flat_control,no_dipole,E2,138.5,38.74756895300148,-5.668890203425249,-26.976583040391528
flat_control,no_dipole,E2,139.0,38.60001499558633,-5.875240653635922,-27.184428632469874
flat_control,no_dipole,E2,139.5,38.447034609661266,-6.080137337005487,-27.3915803951754
flat_control,no_dipole,E2,140.0,38.2889048512201,-6.283559654378701,-27.59802700913971
flat_control,no_dipole,E2,140.5,38.12589511331198,-6.485698772670174,-27.80376104358827
flat_control,no_dipole,E2,141.0,37.958268495390506,-6.686682581110615,-28.00877782281264
flat_control,no_dipole,E2,141.5,37.7862810952633,-6.886361409835995,-28.21307567847402
flat_control,no_dipole,E2,142.0,37.61018213492367,-7.0848123771006914,-28.416655719635475
flat_control,no_dipole,E2,142.5,37.43021398169216,-7.2820109133670226,-28.619521609172914
flat_control,no_dipole,E2,143.0,37.246612014834184,-7.478004217839409,-28.82167946044222
flat_control,no_dipole,E2,143.5,37.0596046016947,-7.672754956898693,-29.023137677548267
flat_control,no_dipole,E2,144.0,36.86941336043614,-7.8664200679526575,-29.223906764732625
flat_control,no_dipole,E2,144.5,36.67630142366483,-8.057702872423855,-29.42396966350848
flat_control,no_dipole,E2,145.0,36.480546475228756,-8.247624311998973,-29.623276413353057
flat_control,no_dipole,E2,145.5,36.282372821145714,-8.436364227202295,-29.82181300973496
flat_control,no_dipole,E2,146.0,36.0819896659305,-8.62419260148994,-30.019574971153368
flat_control,no_dipole,E2,146.5,35.87959638146864,-8.81093560423289,-30.21656350409689
flat_control,no_dipole,E2,147.0,35.675383810715076,-8.996503863735937,-30.4127834708319
flat_control,no_dipole,E2,147.5,35.44886580993707,-9.19944057189201,-30.627748094476065
flat_control,no_dipole,E2,148.0,35.24141627613063,-9.382954913737436,-30.82238520662144
flat_control,no_dipole,E2,148.5,35.03268697582071,-9.565442605806497,-31.016288544480965
flat_control,no_dipole,E2,149.0,34.82283646860045,-9.747148610505542,-31.209473723540246
flat_control,no_dipole,E2,149.5,34.61201617443797,-9.928130252736194,-31.401957844320865
flat_control,no_dipole,E2,150.0,34.400429295014455,-10.104231785425311,-31.593645596511042
flat_control,no_dipole,E2,150.5,34.188625592912274,-10.2709165980479,-31.783626060327048
flat_control,no_dipole,E2,151.0,33.97686489100862,-10.43505731478625,-31.971749896848717
flat_control,no_dipole,E2,151.5,33.76529578083503,-10.597182343395326,-32.15810681784101
flat_control,no_dipole,E2,152.0,33.55404273343411,-10.757351480057391,-32.34279143027573
flat_control,no_dipole,E2,152.5,33.34322433437043,-10.915861374727205,-32.52588935833216
flat_control,no_dipole,E2,153.0,33.132949050987435,-11.072918687394843,-32.70748123110784
flat_control,no_dipole,E2,153.5,32.923318204141616,-11.228642224199927,-32.887641259844244
flat_control,no_dipole,E2,154.0,32.71442609876859,-11.3831661923036,-33.06643769433092
flat_control,no_dipole,E2,154.5,32.50635991774739,-11.536657724786172,-33.24393365825438
flat_control,no_dipole,E2,155.0,32.29920026726662,-11.689486849100161,-33.42018739671269
flat_control,no_dipole,E2,155.5,32.09302143929745,-11.842061813905666,-33.59525269859822
flat_control,no_dipole,E2,156.0,31.888564951183064,-11.941161187654119,-33.71988297977534
flat_control,no_dipole,E2,156.5,31.687162783440048,-12.026265322490826,-33.83527616532862
flat_control,no_dipole,E2,157.0,31.488899710169974,-12.111901792058417,-33.94970978755378
flat_control,no_dipole,E2,157.5,31.29374072876878,-12.199369578796224,-34.06316797674973
flat_control,no_dipole,E2,158.0,31.1016379179181,-12.289300902805977,-34.17564760071076
flat_control,no_dipole,E2,158.5,30.912539303183646,-12.38266725642491,-34.2871487338967
flat_control,no_dipole,E2,159.0,30.72639120894963,-12.480986402232803,-34.39767424419692
flat_control,no_dipole,E2,159.5,30.543140591229076,-12.586994194045054,-34.50722779567848
flat_control,no_dipole,E2,160.0,30.3627343887,-12.704568918475061,-34.61581423234851
flat_control,no_dipole,E2,160.5,30.185120080427954,-12.835387119809994,-34.72343920031816
flat_control,no_dipole,E2,161.0,30.010245860576543,-12.975537122835519,-34.8301089493422
flat_control,no_dipole,E2,161.5,29.838081986902253,-13.11657654780339,-34.9358238146432
flat_control,no_dipole,E2,162.0,29.668938362110545,-13.245979573102593,-35.040384450524776
flat_control,no_dipole,E2,162.5,29.50294035583672,-13.36809843595959,-35.143662740274564
flat_control,no_dipole,E2,163.0,29.32391580317601,-13.491727669917683,-35.255796261729266
flat_control,no_dipole,E2,163.5,29.16434610425713,-13.59298883700297,-35.35641603311043
flat_control,no_dipole,E2,164.0,29.00774133396384,-13.682968888362543,-35.455796262148894
flat_control,no_dipole,E2,164.5,28.854039837742718,-13.761383720812258,-35.55395453163342
flat_control,no_dipole,E2,165.0,28.70318169745196,-13.828249518353834,-35.650907789177886
flat_control,no_dipole,E2,165.5,28.55510805630928,-13.88359325772864,-35.74667275870707
flat_control,no_dipole,E2,166.0,28.409761172098488,-13.927774027731456,-35.84126596106694
flat_control,no_dipole,E2,166.5,28.2670843968084,-13.96121934664271,-35.93470371069788
flat_control,no_dipole,E2,167.0,28.127022130102972,-13.984379957857907,-36.027002150897005
flat_control,no_dipole,E2,167.5,27.989549972953526,-13.996445557739861,-36.118161948788305
flat_control,no_dipole,E2,168.0,27.85467791040339,-13.99871513388959,-36.208154405359465
flat_control,no_dipole,E2,168.5,27.722368048797968,-13.992149242007795,-36.29698343497697
flat_control,no_dipole,E2,169.0,27.592574870250374,-13.97707422631517,-36.384659761316
flat_control,no_dipole,E2,169.5,27.465252384410313,-13.95390826794916,-36.4711951654255
flat_control,no_dipole,E2,170.0,27.34035377607595,-13.923133073929254,-36.55660251295586
flat_control,no_dipole,E2,170.5,27.217832361598898,-13.885194662138087,-36.64089515030571
flat_control,no_dipole,E2,171.0,27.09764157508036,-13.840644289536696,-36.724086853659806
flat_control,no_dipole,E2,171.5,26.979735047151305,-13.78988268110606,-36.80619179189693
flat_control,no_dipole,E2,172.0,26.86406672239784,-13.733231520559439,-36.88722442788233
flat_control,no_dipole,E2,172.5,26.750590924521116,-13.671193007736381,-36.96719946468134
flat_control,no_dipole,E2,173.0,26.63926372498154,-13.603946582235766,-37.046131248885175
flat_control,no_dipole,E2,173.5,26.530051572682776,-13.531822791946777,-37.1240275856733
flat_control,no_dipole,E2,174.0,26.42291620298741,-13.455174234697342,-37.20089892883346
flat_control,no_dipole,E2,174.5,26.31781670221394,-13.3743569775865,-37.276758406963296
flat_control,no_dipole,E2,175.0,26.21471230417309,-13.289657284333734,-37.351619573178574
flat_control,no_dipole,E2,175.5,26.113562523698274,-13.201231896356491,-37.425496195688886
flat_control,no_dipole,E2,176.0,26.014327331835936,-13.109469914368033,-37.49840216571619
flat_control,no_dipole,E2,176.5,25.916967164277583,-13.014662039716324,-37.570351463420714
flat_control,no_dipole,E2,177.0,25.821442917955473,-12.916952261541002,-37.64135816029156
flat_control,no_dipole,E2,177.5,25.7277159781118,-12.816548500993639,-37.71143639010181
flat_control,no_dipole,E2,178.0,25.635748229875357,-12.713744714183406,-37.78060033233615
flat_control,no_dipole,E2,178.5,25.536570817401284,-12.598330912083707,-37.855641586777516
flat_control,no_dipole,E2,179.0,25.448177546055568,-12.491439260896477,-37.92293060963657
flat_control,no_dipole,E2,179.5,25.361431787840512,-12.382859064327576,-37.98934722667547
flat_control,no_dipole,E2,180.0,25.276298299301022,-12.272661535340772,-38.05490510144153
flat_control,no_dipole,E2,180.5,25.192742331157394,-12.16104074573986,-38.119617918195374
flat_control,no_dipole,E2,181.0,25.110729652020705,-12.048152251731112,-38.18349933407978
flat_control,no_dipole,E2,181.5,25.030226594441288,-11.934279752039432,-38.246562945063246
flat_control,no_dipole,E2,182.0,24.95120004627349,-11.81950757620501,-38.30882227923412
flat_control,no_dipole,E2,182.5,24.873617452458685,-11.703992000898658,-38.37029078944898
flat_control,no_dipole,E2,183.0,24.79744681670794,-11.587854153075616,-38.43098184326373
flat_control,no_dipole,E2,183.5,24.722656699233312,-11.471229833855595,-38.49090871626801
flat_control,no_dipole,E2,184.0,24.64921623753656,-11.35436230231996,-38.5500845768883
flat_control,no_dipole,E2,184.5,24.57709540420392,-11.237430917028277,-38.60852229685768
flat_control,no_dipole,E2,185.0,24.506264672480583,-11.1204062965726,-38.66623463732987
flat_control,no_dipole,E2,185.5,24.436694973039604,-11.00338290902377,-38.72323431857847
flat_control,no_dipole,E2,186.0,24.36835778433733,-10.88654279891054,-38.77953393766204
flat_control,no_dipole,E2,186.5,24.301225127901493,-10.770031980789865,-38.835145962496284
flat_control,no_dipole,E2,187.0,24.235269574414342,-10.65373779407421,-38.890082719844905
flat_control,no_dipole,E2,187.5,24.170464235959088,-10.537830279125945,-38.94435639370989
flat_control,no_dipole,E2,188.0,24.106782762635127,-10.422336652006896,-38.997979020720116
flat_control,no_dipole,E2,188.5,24.04419933764483,-10.307382179823538,-39.05096248666633
flat_control,no_dipole,E2,189.0,23.98268867122046,-10.193148574086507,-39.10331852409076
flat_control,no_dipole,E2,189.5,23.92222601584206,-10.079720042785723,-39.15505869810573
flat_control,no_dipole,E2,190.0,23.86278718135931,-9.967163359834048,-39.20619438106325
flat_control,no_dipole,E2,190.5,23.80434846481845,-9.855395370069235,-39.256736799984346
flat_control,no_dipole,E2,191.0,23.74688666358678,-9.744415620542428,-39.30669702332654
flat_control,no_dipole,E2,191.5,23.69037907391048,-9.634351835958114,-39.356085954501914
flat_control,no_dipole,E2,192.0,23.634803486093656,-9.52513281611694,-39.40491432948561
flat_control,no_dipole,E2,192.5,23.580138177319757,-9.41675520252019,-39.453192716053124
flat_control,no_dipole,E2,193.0,23.526361905097072,-9.309272393750344,-39.500931512872874
flat_control,no_dipole,E2,193.5,23.473453900319203,-9.202993113171622,-39.54814094894183
flat_control,no_dipole,E2,194.0,23.416233726145713,-9.087195727238942,-39.59947191751446
flat_control,no_dipole,E2,194.5,23.365083550758875,-8.983029345603978,-39.64560223201447
flat_control,no_dipole,E2,195.0,23.314740206324917,-8.87983617998401,-39.69123380388815
flat_control,no_dipole,E2,195.5,23.265184796787395,-8.777631988782835,-39.736376160204294
flat_control,no_dipole,E2,196.0,23.216398862774547,-8.676392344452335,-39.781038658845596
flat_control,no_dipole,E2,196.5,23.168364374585835,-8.576052018564457,-39.825230488775645
flat_control,no_dipole,E2,197.0,23.121063724897716,-8.476653330004126,-39.86896067067452
flat_control,no_dipole,E2,197.5,23.07447972134422,-8.378288476234864,-39.91223805786339
flat_control,no_dipole,E2,198.0,23.028595579061804,-8.280813285438056,-39.955071337345835
flat_control,no_dipole,E2,198.5,22.983394913266054,-8.184165081144048,-39.99746903099975
flat_control,no_dipole,E2,199.0,22.938861733279925,-8.088414570143625,-40.039439495835936
flat_control,no_dipole,E2,199.5,22.894980433865495,-7.993509557735576,-40.0809909260077
flat_control,no_dipole,E2,200.0,22.85173578714762,-7.899454195022684,-40.12213135508702
flat_control,no_dipole,E2,200.5,22.80911293569391,-7.806177847442246,-40.162868657259935
flat_control,no_dipole,E2,201.0,22.76709738523542,-7.713553924543071,-40.203210548948036
flat_control,no_dipole,E2,201.5,22.725674997372565,-7.621739639702834,-40.24316459056257
flat_control,no_dipole,E2,202.0,22.68483198231476,-7.530427763766778,-40.28273818833717
flat_control,no_dipole,E2,202.5,22.64455489184542,-7.439834262250207,-40.321938596127595
flat_control,no_dipole,E2,203.0,22.604830612270035,-7.3499683643080616,-40.360772917237135
flat_control,no_dipole,E2,203.5,22.56564635698631,-7.260693558469868,-40.39924810672441
flat_control,no_dipole,E2,204.0,22.526989659593937,-7.1718981589998965,-40.43737097337414
flat_control,no_dipole,E2,204.5,22.488848366980406,-7.08366540124167,-40.47514818177307
flat_control,no_dipole,E2,205.0,22.451210632465543,-6.995778948273852,-40.51258625444014
flat_control,no_dipole,E2,205.5,22.41406490906022,-6.908500777121089,-40.54969157396845
flat_control,no_dipole,E2,206.0,22.377399942780126,-6.821710223156399,-40.5864703851972
flat_control,no_dipole,E2,206.5,22.341204765977576,-6.735328178943849,-40.622928797478785
flat_control,no_dipole,E2,207.0,22.305468690844222,-6.64922175320056,-40.65907278689392
flat_control,no_dipole,E2,207.5,22.270181302986,-6.563399157078025,-40.69490819849493
flat_control,no_dipole,E2,208.0,22.235332455093573,-6.477996277574021,-40.7304407485592
flat_control,no_dipole,E2,208.5,22.20091226070694,-6.3928845121734845,-40.76567602684792
flat_control,no_dipole,E2,209.0,22.16691108805995,-6.3080456567617205,-40.80061949888404
flat_control,no_dipole,E2,209.5,22.129982576784137,-6.214814013934302,-40.83872665584603
flat_control,no_dipole,E2,210.0,22.096831097248756,-6.130182719938464,-40.873074585207675
flat_control,no_dipole,E2,210.5,22.064070334834405,-6.0458655657628,-40.90714688637853
flat_control,no_dipole,E2,211.0,22.031691639909123,-5.961762417695362,-40.94094853917019
flat_control,no_dipole,E2,211.5,21.999686587751814,-5.877760073513336,-40.97448441067192
flat_control,no_dipole,E2,212.0,21.968046973020535,-5.793758268234206,-41.007759257481005
flat_control,no_dipole,E2,212.5,21.936764804322422,-5.709970271026155,-41.0407777279193
flat_control,no_dipole,E2,213.0,21.90583229888594,-5.62653057587553,-41.073544364233285
flat_control,no_dipole,E2,213.5,21.875241877334688,-5.543239536548885,-41.10606360477674
flat_control,no_dipole,E2,214.0,21.844986158563376,-5.460207402427861,-41.13833978617363
flat_control,no_dipole,E2,214.5,21.8150579547157,-5.377746290638115,-41.170377145459696
flat_control,no_dipole,E2,215.0,21.785450266263233,-5.295801293635516,-41.20217982220192
flat_control,no_dipole,E2,215.5,21.756156277185173,-5.214890420197671,-41.23375186059422
flat_control,no_dipole,E2,216.0,21.727169350248232,-5.135822675878612,-41.26509721152835
flat_control,no_dipole,E2,216.5,21.698483022385954,-5.073140541882166,-41.296219734639074
flat_control,no_dipole,E2,217.0,21.670091000176722,-5.028347926588483,-41.327123200322504
flat_control,no_dipole,E2,217.5,21.64198715541956,-4.983712957103523,-41.35781129172703
flat_control,no_dipole,E2,218.0,21.61416552080684,-4.939250278224736,-41.388287606716
flat_control,no_dipole,E2,218.5,21.58662028569286,-4.894973878800339,-41.41855565980126
flat_control,no_dipole,E2,219.0,21.559345791957252,-4.850897102621876,-41.448618884047576
flat_control,no_dipole,E2,219.5,21.532336529962095,-4.807032659683004,-41.478480632946884
flat_control,no_dipole,E2,220.0,21.505587134601637,-4.763392637780091,-41.50814418226221
flat_control,dipole_enabled,E1,0.0,3.5,0.0,-74.34443899396732
flat_control,dipole_enabled,E1,0.5,3.500691062006115,-0.11846620065826527,-74.24927094120717
flat_control,dipole_enabled,E1,1.0,3.502755912656366,-0.11686409898232554,-74.14956289710479
flat_control,dipole_enabled,E1,1.5,3.5059650076099036,-0.11481037780104063,-74.05567966505566
flat_control,dipole_enabled,E1,2.0,3.510120329857141,-0.11237953341672545,-73.96712807146045
flat_control,dipole_enabled,E1,2.5,3.515051441911758,-0.10968446208020156,-73.8834625058347
flat_control,dipole_enabled,E1,3.0,3.5206119782526626,-0.10676210885095133,-73.80427984377745
flat_control,dipole_enabled,E1,3.5,3.526676544293189,-0.10355993903213707,-73.7292150264981
flat_control,dipole_enabled,E1,4.0,3.533137987063906,-0.10008091011915027,-73.6579371518968
flat_control,dipole_enabled,E1,4.5,3.539904997569072,-0.09631918336992504,-73.59014600034747
flat_control,dipole_enabled,E1,5.0,3.5469000047112154,-0.09223132356301197,-73.52556896633197
flat_control,dipole_enabled,E1,5.5,3.554057330333385,-0.08775311108638052,-73.46395833492645
flat_control,dipole_enabled,E1,6.0,3.561321577577219,-0.08282003087973752,-73.40508884760808
flat_control,dipole_enabled,E1,6.5,3.5686462259223486,-0.077408323945767,-73.34875552092718
flat_control,dipole_enabled,E1,7.0,3.575992409162143,-0.07154426170133106,-73.29477168342866
flat_control,dipole_enabled,E1,7.5,3.583327855068993,-0.06526924196876271,-73.2429671985233
flat_control,dipole_enabled,E1,8.0,3.5913528511413904,-0.05791576980431397,-73.18831456874702
flat_control,dipole_enabled,E1,8.5,3.5985849850305924,-0.05081861276457624,-73.1405974727231
flat_control,dipole_enabled,E1,9.0,3.605739010782691,-0.043301194941370164,-73.0946206721974
flat_control,dipole_enabled,E1,9.5,3.6128013484871064,-0.03532825358699164,-73.05026634291634
flat_control,dipole_enabled,E1,10.0,3.6197614745450055,-0.026900016061028546,-73.007426233838
flat_control,dipole_enabled,E1,10.5,3.626611505945347,-0.018047486839219192,-72.96600054742305
flat_control,dipole_enabled,E1,11.0,3.6333458471566833,-0.008805857493214865,-72.9258969175733
flat_control,dipole_enabled,E1,11.5,3.6399608860278576,0.0008037994021038199,-72.88702955530249
flat_control,dipole_enabled,E1,12.0,3.646454731629176,0.010737711194450019,-72.84931857845261
flat_control,dipole_enabled,E1,12.5,3.652826996066573,0.020929003657129634,-72.81268944465607
flat_control,dipole_enabled,E1,13.0,3.659078614499952,0.03136431101544646,-72.77707243388781
flat_control,dipole_enabled,E1,13.5,3.66521169469591,0.04209236239612556,-72.74240216052738
flat_control,dipole_enabled,E1,14.0,3.6712293899345547,0.05316816860575998,-72.70861708804578
flat_control,dipole_enabled,E1,14.5,3.6771357843742924,0.06465083587583129,-72.67565906754854
flat_control,dipole_enabled,E1,15.0,3.6829357837095396,0.0765710458784598,-72.64347293361205
flat_control,dipole_enabled,E1,15.5,3.6886350185820898,0.08891367218888335,-72.61200611217
flat_control,dipole_enabled,E1,16.0,3.6942397736719825,0.10166311804540723,-72.58120818065464
flat_control,dipole_enabled,E1,16.5,3.699756968751053,0.11480329003720152,-72.55103027198362
flat_control,dipole_enabled,E1,17.0,3.7051942360572263,0.12827670199682975,-72.52142415765563
flat_control,dipole_enabled,E1,17.5,3.7105601184743686,0.14201641711289678,-72.49234111212138
flat_control,dipole_enabled,E1,18.0,3.715864383548662,0.15603798178434994,-72.46373089204158
flat_control,dipole_enabled,E1,18.5,3.72111835679839,0.17041597543793258,-72.43554105396505
flat_control,dipole_enabled,E1,19.0,3.7263351532307514,0.18518377442545586,-72.40771664487441
flat_control,dipole_enabled,E1,19.5,3.731529776335421,0.2003489229306628,-72.38020000109616
flat_control,dipole_enabled,E1,20.0,3.7367190749670716,0.21588941024057873,-72.35293062769335
flat_control,dipole_enabled,E1,20.5,3.7419215678468736,0.23178648915192804,-72.32584520476189
flat_control,dipole_enabled,E1,21.0,3.7471571639124512,0.24804686622638433,-72.29887784337116
flat_control,dipole_enabled,E1,21.5,3.7524468802477835,0.264670292851697,-72.27196034567899
flat_control,dipole_enabled,E1,22.0,3.757812678377815,0.281602935165931,-72.24502213314658
flat_control,dipole_enabled,E1,22.5,3.7632775707894157,0.29875700224547547,-72.21798946070244
flat_control,dipole_enabled,E1,23.0,3.768866282697597,0.31609065608296233,-72.1907831505951
flat_control,dipole_enabled,E1,23.5,3.7751908439057638,0.3354453680272356,-72.16054775776311
flat_control,dipole_enabled,E1,24.0,3.7811408350879945,0.3534572690512402,-72.13265913804685
flat_control,dipole_enabled,E1,24.5,3.7873329261498703,0.37199938621320483,-72.10423797974964
flat_control,dipole_enabled,E1,25.0,3.793831942229787,0.39113489816234237,-72.07510214361001
flat_control,dipole_enabled,E1,25.5,3.8007154982969706,0.41083601375477724,-72.04503745614615
flat_control,dipole_enabled,E1,26.0,3.8080701274616504,0.4310316634915371,-72.01380478499094
flat_control,dipole_enabled,E1,26.5,3.8159870271531178,0.45163330694555753,-71.98114749724539
flat_control,dipole_enabled,E1,27.0,3.8245583130734695,0.472512790316879,-71.9467984097604
flat_control,dipole_enabled,E1,27.5,3.8338746426569235,0.49351354403123615,-71.91048443711794
flat_control,dipole_enabled,E1,28.0,3.8440249535178936,0.5145464156097889,-71.8719267617978
flat_control,dipole_enabled,E1,28.5,3.8550991203800495,0.5355660236917141,-71.83083458732558
flat_control,dipole_enabled,E1,29.0,3.867195412225199,0.5565678608676055,-71.78688819160642
flat_control,dipole_enabled,E1,29.5,3.8804382217112665,0.5776910378718961,-71.73969958274101
flat_control,dipole_enabled,E1,30.0,3.895020612515394,0.5992887960454784,-71.6887202280133
flat_control,dipole_enabled,E1,30.5,3.9112758365953986,0.6217645983352206,-71.63307879008734
flat_control,dipole_enabled,E1,31.0,3.9296905192288385,0.6452885963165224,-71.57151692361204
flat_control,dipole_enabled,E1,31.5,3.9508168213486057,0.6697121866788581,-71.50254708608468
flat_control,dipole_enabled,E1,32.0,3.9751857119965854,0.6946589014729238,-71.42463070771184
flat_control,dipole_enabled,E1,32.5,4.003259947021128,0.7197173516056432,-71.33627594134336
flat_control,dipole_enabled,E1,33.0,4.035418915866507,0.7445678502752255,-71.23606959510133
flat_control,dipole_enabled,E1,33.5,4.071968203044864,0.7689804094509167,-71.12265694640472
flat_control,dipole_enabled,E1,34.0,4.1131700189090274,0.7927536199691175,-70.99467182924722
flat_control,dipole_enabled,E1,34.5,4.159295786118603,0.8157264598370872,-70.85061092180077
flat_control,dipole_enabled,E1,35.0,4.210716044145144,0.8378627016675957,-70.68861861903073
flat_control,dipole_enabled,E1,35.5,4.268079403819607,0.8594496044435751,-70.50607504951118
flat_control,dipole_enabled,E1,36.0,4.332742475046101,0.881380414432747,-70.29866012734317
flat_control,dipole_enabled,E1,36.5,4.407736962692196,0.9052311719943693,-70.05820105178732
flat_control,dipole_enabled,E1,37.0,4.498072354687605,0.9320065813669118,-69.7709376633379
flat_control,dipole_enabled,E1,37.5,4.608181080283372,0.9609924617528955,-69.4211753212334
flat_control,dipole_enabled,E1,38.0,4.740333162099642,0.9904981141295286,-68.9940663553591
flat_control,dipole_enabled,E1,38.5,4.8950851472017245,1.0188278391579189,-68.47376707950393
flat_control,dipole_enabled,E1,39.0,5.09088043806228,1.0470793381577272,-67.76915541310187
flat_control,dipole_enabled,E1,39.5,5.291251433574925,1.0691516836443,-66.97467903833649
flat_control,dipole_enabled,E1,40.0,5.512340859588348,1.087283983716225,-65.98124578504867
flat_control,dipole_enabled,E1,40.5,5.754437968649882,1.1013968358308468,-64.70071223343537
flat_control,dipole_enabled,E1,41.0,6.019621561897888,1.1118574691770473,-62.97035576794591
flat_control,dipole_enabled,E1,41.5,6.313717822835108,1.1196688089344573,-60.46124620008685
flat_control,dipole_enabled,E1,42.0,6.6514006916587345,1.1269825851947748,-56.44706706425841
flat_control,dipole_enabled,E1,42.5,7.069946331063602,1.1380741249092265,-49.58962323055099
flat_control,dipole_enabled,E1,43.0,7.6367676455641496,1.1579928847975454,-40.70594272516973
flat_control,dipole_enabled,E1,43.5,8.376386183345078,1.1840378050951634,-33.82576010352142
flat_control,dipole_enabled,E1,44.0,9.248970061191269,1.2071830004507964,-29.250123798553417
flat_control,dipole_enabled,E1,44.5,10.208776484469931,1.2202169708378459,-26.09723463149452
flat_control,dipole_enabled,E1,45.0,11.220085541775514,1.219390608732388,-23.821144983285055
flat_control,dipole_enabled,E1,45.5,12.256696693706536,1.2031862444885064,-22.119428534985055
flat_control,dipole_enabled,E1,46.0,13.299758421063965,1.1713763229497482,-20.8151546443077
flat_control,dipole_enabled,E1,46.5,14.335835154648533,1.1245499227816709,-19.798035952042188
flat_control,dipole_enabled,E1,47.0,15.355469225800425,1.0638310316394741,-18.99549814214753
flat_control,dipole_enabled,E1,47.5,16.352174238635694,0.9906801361682316,-18.357612982458207
flat_control,dipole_enabled,E1,48.0,17.321772553472066,0.9067474287289006,-17.848749089077238
flat_control,dipole_enabled,E1,48.5,18.26206541777865,0.8139464162115073,-17.44266757140579
flat_control,dipole_enabled,E1,49.0,19.172997072953777,0.7147672994609908,-17.119464045388053
flat_control,dipole_enabled,E1,49.5,20.05735679744349,0.612044255519228,-16.86357275178776
flat_control,dipole_enabled,E1,50.0,20.919884614707037,0.507146877282415,-16.662719551751614
flat_control,dipole_enabled,E1,50.5,21.764412013810563,0.399551119957935,-16.507494148237814
flat_control,dipole_enabled,E1,51.0,22.592978732226126,0.2881105308278502,-16.390744657506957
flat_control,dipole_enabled,E1,51.5,23.406255643712235,0.17171959096430434,-16.306941810461105
flat_control,dipole_enabled,E1,52.0,24.204036068445223,0.049482963454851314,-16.251714169558834
flat_control,dipole_enabled,E1,52.5,24.985605850033053,-0.07923455742413515,-16.221528781063313
flat_control,dipole_enabled,E1,53.0,25.749998194595275,-0.21480406068877023,-16.213469893417937
flat_control,dipole_enabled,E1,53.5,26.496161921586513,-0.357339738211202,-16.22508549614104
flat_control,dipole_enabled,E1,54.0,27.22306972963041,-0.5067506793040255,-16.25428045093406
flat_control,dipole_enabled,E1,54.5,27.99931769723532,-0.6787659550407967,-16.3045393781567
flat_control,dipole_enabled,E1,55.0,28.68292078190674,-0.8416834287139485,-16.365004746718085
flat_control,dipole_enabled,E1,55.5,29.34489046496106,-1.010183839049211,-16.438084228255512
flat_control,dipole_enabled,E1,56.0,29.984892271604703,-1.1834939789542442,-16.522498443733273
flat_control,dipole_enabled,E1,56.5,30.60286422042102,-1.3610340614885361,-16.617081042287293
flat_control,dipole_enabled,E1,57.0,31.19894928864654,-1.5424709306914475,-16.720791969562434
flat_control,dipole_enabled,E1,57.5,31.773404176291386,-1.7275904167217129,-16.832722503393338
flat_control,dipole_enabled,E1,58.0,32.326535145252834,-1.9162587669963085,-16.952086537528007
flat_control,dipole_enabled,E1,58.5,32.85865982396203,-2.108385205414048,-17.07820700009478
flat_control,dipole_enabled,E1,59.0,33.3700882460836,-2.3038732711837513,-17.210499851143624
flat_control,dipole_enabled,E1,59.5,33.86111539553534,-2.502615660444995,-17.348458345330595
flat_control,dipole_enabled,E1,60.0,34.33201979554688,-2.7045094643122676,-17.49163930352338
flat_control,dipole_enabled,E1,60.5,34.78306561317605,-2.9094660664843186,-17.63965139206472
flat_control,dipole_enabled,E1,61.0,35.214506850155516,-3.117402178288123,-17.79214503156857
flat_control,dipole_enabled,E1,61.5,35.626592785236774,-3.32818028448985,-17.94880361731267
flat_control,dipole_enabled,E1,62.0,36.019574546785805,-3.5415966910058017,-18.109335543361556
flat_control,dipole_enabled,E1,62.5,36.39371187521347,-3.7573605162183843,-18.2734675429337
flat_control,dipole_enabled,E1,63.0,36.749276804626625,-3.975148862364295,-18.44094192607547
flat_control,dipole_enabled,E1,63.5,37.08655416586756,-4.194790703036057,-18.6115167130306
flat_control,dipole_enabled,E1,64.0,37.40584103618993,-4.41620082132622,-18.784965394797716
flat_control,dipole_enabled,E1,64.5,37.70744496586982,-4.6390950196187655,-18.961076516749564
flat_control,dipole_enabled,E1,65.0,37.99168179738984,-4.863293147016822,-19.139653055791026
flat_control,dipole_enabled,E1,65.5,38.25887368170376,-5.088790133579301,-19.320511439327923
flat_control,dipole_enabled,E1,66.0,38.50934727567638,-5.31524624220105,-19.503480457671188
flat_control,dipole_enabled,E1,66.5,38.74343223410814,-5.5425055495501,-19.688400141938942
flat_control,dipole_enabled,E1,67.0,38.96146012084109,-5.770431776447028,-19.87512057073086
flat_control,dipole_enabled,E1,67.5,39.16376371646938,-5.9988958283837786,-20.063500645149837
flat_control,dipole_enabled,E1,68.0,39.35067670535265,-6.227740428112847,-20.25340684634694
flat_control,dipole_enabled,E1,68.5,39.522533730725264,-6.456871953463286,-20.44471196634556
flat_control,dipole_enabled,E1,69.0,39.679670468205586,-6.6861175202263565,-20.637294021986605
flat_control,dipole_enabled,E1,69.5,39.82242316365827,-6.915281753556911,-20.831035790118015
flat_control,dipole_enabled,E1,70.0,39.963238896823306,-7.167219939095768,-21.045356918635875
flat_control,dipole_enabled,E1,70.5,40.076879270360415,-7.396115487149588,-21.24117277764017
flat_control,dipole_enabled,E1,71.0,40.177176561528526,-7.624639286267567,-21.437813522751732
flat_control,dipole_enabled,E1,71.5,40.26446498549747,-7.8526342368052955,-21.6351799512121
flat_control,dipole_enabled,E1,72.0,40.33907754271742,-8.079959737866716,-21.833177010461934
flat_control,dipole_enabled,E1,72.5,40.401345769719036,-8.30647699891275,-22.03171374572785
flat_control,dipole_enabled,E1,73.0,40.45159952423901,-8.532091536303133,-22.2307032415226
flat_control,dipole_enabled,E1,73.5,40.49016680773654,-8.756738908550673,-22.430062550020438
flat_control,dipole_enabled,E1,74.0,40.517373620989666,-8.980375702656291,-22.629712607399163
flat_control,dipole_enabled,E1,74.5,40.53354386286939,-9.202931990947928,-22.829578131272136
flat_control,dipole_enabled,E1,75.0,40.538999273667784,-9.424309068051143,-23.029587493400673
flat_control,dipole_enabled,E1,75.5,40.534059322633524,-9.644510965391786,-23.229672630800884
flat_control,dipole_enabled,E1,76.0,40.51904099151471,-9.863591202694199,-23.429769041873385
flat_control,dipole_enabled,E1,76.5,40.49425856506065,-10.081488630598766,-23.629815789986257
flat_control,dipole_enabled,E1,77.0,40.460023413203785,-10.29816065358309,-23.829755516585543
flat_control,dipole_enabled,E1,77.5,40.416643815014304,-10.513488484665505,-24.029534435484845
flat_control,dipole_enabled,E1,78.0,40.36442474683821,-10.727699007839973,-24.22910234293701
flat_control,dipole_enabled,E1,78.5,40.30366771961918,-10.940551411034377,-24.42841260527058
flat_control,dipole_enabled,E1,79.0,40.23467055864206,-11.15197033371719,-24.627422170521847
flat_control,dipole_enabled,E1,79.5,40.15772722324327,-11.36215673446138,-24.82609156079299
flat_control,dipole_enabled,E1,80.0,40.0731276557699,-11.571444545850287,-25.024384835800802
flat_control,dipole_enabled,E1,80.5,39.98115775027272,-11.779587640589178,-25.222269491275487
flat_control,dipole_enabled,E1,81.0,39.88209928687954,-11.98664533653237,-25.41971633135188
flat_control,dipole_enabled,E1,81.5,39.77622964311004,-12.192497648464983,-25.616699490573506
flat_control,dipole_enabled,E1,82.0,39.663821608998035,-12.397051479307331,-25.813196414275076
flat_control,dipole_enabled,E1,82.5,39.54514327870598,-12.60043257468741,-26.009187747378935
flat_control,dipole_enabled,E1,83.0,39.42045791194722,-12.802614265541472,-26.204657262789002
flat_control,dipole_enabled,E1,83.5,39.290023826719626,-13.003493237184562,-26.399591752360696
flat_control,dipole_enabled,E1,84.0,39.15409438431897,-13.203243435828526,-26.593980885467687
flat_control,dipole_enabled,E1,84.5,39.01291901054675,-13.40175645927923,-26.78781640172238
flat_control,dipole_enabled,E1,85.0,38.866742487988475,-13.59926440134581,-26.98109218559854
flat_control,dipole_enabled,E1,85.5,38.70045661353772,-13.815420191017296,-27.193045463172425
flat_control,dipole_enabled,E1,86.0,38.5445480869327,-14.010903692070658,-27.385138593450588
flat_control,dipole_enabled,E1,86.5,38.38436058384739,-14.205419998144546,-27.576670036863586
flat_control,dipole_enabled,E1,87.0,38.22011562628824,-14.399234085095873,-27.767643768846618
flat_control,dipole_enabled,E1,87.5,38.05202910119161,-14.59232420393935,-27.95806574463959
flat_control,dipole_enabled,E1,88.0,37.88031129349106,-14.784508999838717,-28.14794370622686
flat_control,dipole_enabled,E1,88.5,37.705167568259064,-14.975725069713835,-28.33728678433617
flat_control,dipole_enabled,E1,89.0,37.52680555855024,-15.165820164150619,-28.526100516844483
flat_control,dipole_enabled,E1,89.5,37.34542795952371,-15.354937445057391,-28.71439018066607
flat_control,dipole_enabled,E1,90.0,37.161226439940805,-15.54316618239371,-28.902165832993003
flat_control,dipole_enabled,E1,90.5,36.974387864487426,-15.73058672546454,-29.089438074232802
flat_control,dipole_enabled,E1,91.0,36.785092468382565,-15.917286471399805,-29.276218848263312
flat_control,dipole_enabled,E1,91.5,36.59351424056717,-16.103104279343402,-29.462521343466808
flat_control,dipole_enabled,E1,92.0,36.399821326761746,-16.288026145779224,-29.64835958228269
flat_control,dipole_enabled,E1,92.5,36.2041763678099,-16.472144670189603,-29.833748108295847
flat_control,dipole_enabled,E1,93.0,36.006736039402355,-16.655683260469985,-30.018702217551684
flat_control,dipole_enabled,E1,93.5,35.807658139053636,-16.83822340883583,-30.203234619752212
flat_control,dipole_enabled,E1,94.0,35.60714311768395,-17.019109504680436,-30.387320115882027
flat_control,dipole_enabled,E1,94.5,35.40537353532235,-17.198884682173112,-30.570930918008887
flat_control,dipole_enabled,E1,95.0,35.2024976505277,-17.37778338539005,-30.75406370682576
flat_control,dipole_enabled,E1,95.5,34.99866126585324,-17.555798054155392,-30.93671555132806
flat_control,dipole_enabled,E1,96.0,34.79399919542598,-17.733007215265353,-31.118888850069787
flat_control,dipole_enabled,E1,96.5,34.58863898407126,-17.90947430093411,-31.300589125122293
flat_control,dipole_enabled,E1,97.0,34.38270247446179,-18.084870989854455,-31.48182349504827
flat_control,dipole_enabled,E1,97.5,34.176306379626,-18.259242226908857,-31.66259987903767
flat_control,dipole_enabled,E1,98.0,33.969560905891946,-18.432604405780065,-31.842927998185054
flat_control,dipole_enabled,E1,98.5,33.76257072625922,-18.605066864578653,-32.022818589359595
flat_control,dipole_enabled,E1,99.0,33.55560597936532,-18.76903773127855,-32.20187672417295
flat_control,dipole_enabled,E1,99.5,33.34905540463926,-18.92806200353602,-32.37945183770567
flat_control,dipole_enabled,E1,100.0,33.14305877949353,-19.085012776141227,-32.555585712891705
flat_control,dipole_enabled,E1,100.5,32.93772511757482,-19.239791818836714,-32.73034725870811
flat_control,dipole_enabled,E1,101.0,32.71273946603716,-19.407922712837568,-32.921074690241824
flat_control,dipole_enabled,E1,101.5,32.50909638703556,-19.558902883420835,-33.093160895353606
flat_control,dipole_enabled,E1,102.0,32.30637858700847,-19.708217971904077,-33.26406759568418
flat_control,dipole_enabled,E1,102.5,32.10465792846276,-19.855920251890403,-33.43384652252799
flat_control,dipole_enabled,E1,103.0,31.903998098427326,-20.002070629278403,-33.6025467816328
flat_control,dipole_enabled,E1,103.5,31.70445711902832,-20.1466948420852,-33.77021366655395
flat_control,dipole_enabled,E1,104.0,31.506110445353876,-20.283295863277257,-33.93001754895571
flat_control,dipole_enabled,E1,104.5,31.309961257480477,-20.370695843413962,-34.04389192203756
flat_control,dipole_enabled,E1,105.0,31.116856132859354,-20.4518703919317,-34.15682685900349
flat_control,dipole_enabled,E1,105.5,30.926805534820748,-20.532255438094722,-34.268766715560076
flat_control,dipole_enabled,E1,106.0,30.739796715563365,-20.61157074602579,-34.37968821462299
flat_control,dipole_enabled,E1,106.5,30.555777602251883,-20.69030527867036,-34.489590952322864
flat_control,dipole_enabled,E1,107.0,30.374689527249267,-20.76848297249464,-34.598482062867674
flat_control,dipole_enabled,E1,107.5,30.196479708686756,-20.845920558525926,-34.70636649421802
flat_control,dipole_enabled,E1,108.0,30.02109410758844,-20.922683804647967,-34.81325034698471
flat_control,dipole_enabled,E1,108.5,29.848477215422268,-20.9987379433772,-34.919142110663806
flat_control,dipole_enabled,E1,109.0,29.678574513266287,-21.07404450376555,-35.024050687284934
flat_control,dipole_enabled,E1,109.5,29.51133287145097,-21.148616134346803,-35.12798512140109
flat_control,dipole_enabled,E1,110.0,29.34690481461138,-21.21380097086703,-35.23085057583717
flat_control,dipole_enabled,E1,110.5,29.185499991241983,-21.275844702597972,-35.33247144995365
flat_control,dipole_enabled,E1,111.0,29.02708157196382,-21.336620623334042,-35.43284408371713
flat_control,dipole_enabled,E1,111.5,28.871605308132608,-21.39614416729389,-35.531975278566016
flat_control,dipole_enabled,E1,112.0,28.719013209498158,-21.45447537650195,-35.629880068784765
flat_control,dipole_enabled,E1,112.5,28.569246302553378,-21.511648819648777,-35.72657547019568
flat_control,dipole_enabled,E1,113.0,28.422249445459965,-21.567730034378517,-35.82207643886969
flat_control,dipole_enabled,E1,113.5,28.277966601105355,-21.622647620160564,-35.916398746864225
flat_control,dipole_enabled,E1,114.0,28.13634209745441,-21.67653752439433,-36.009558555476914
flat_control,dipole_enabled,E1,114.5,27.997321227982606,-21.729317861119934,-36.101571894853
flat_control,dipole_enabled,E1,115.0,27.860850470932874,-21.78105701686727,-36.19245451886953
flat_control,dipole_enabled,E1,115.5,27.726891063369077,-21.830862357257494,-36.282215395957
flat_control,dipole_enabled,E1,116.0,27.59544845050253,-21.87849661026313,-36.370832744103176
flat_control,dipole_enabled,E1,116.5,27.453729187525052,-21.929373772784906,-36.46699160259577
flat_control,dipole_enabled,E1,117.0,27.327455837634552,-21.97452718201776,-36.553218420662844
flat_control,dipole_enabled,E1,117.5,27.20357685586576,-22.018532133456606,-36.63832348417257
flat_control,dipole_enabled,E1,118.0,27.08204693322072,-22.061439842902352,-36.722319682300544
flat_control,dipole_enabled,E1,118.5,26.962821670599222,-22.103196443738057,-36.80521975656502
flat_control,dipole_enabled,E1,119.0,26.845856151498964,-22.14387848352418,-36.88703725139242
flat_control,dipole_enabled,E1,119.5,26.73110558306774,-22.183452522654818,-36.967786157847726
flat_control,dipole_enabled,E1,120.0,26.618525545206925,-22.222112564160312,-37.047480708218885
flat_control,dipole_enabled,E1,120.5,26.508072071102582,-22.259603206626032,-37.12613528850721
flat_control,dipole_enabled,E1,121.0,26.399702097725804,-22.295929045377612,-37.20376430455972
flat_control,dipole_enabled,E1,121.5,26.293380357242373,-22.330960382523457,-37.28037762691979
flat_control,dipole_enabled,E1,122.0,26.189070733598093,-22.364817189610342,-37.35598505582734
flat_control,dipole_enabled,E1,122.5,26.08673390443203,-22.39767472771394,-37.43059950012586
flat_control,dipole_enabled,E1,123.0,25.986330626402363,-22.429613480815156,-37.50423412966914
flat_control,dipole_enabled,E1,123.5,25.887821642733623,-22.460601320277043,-37.57690262840887
flat_control,dipole_enabled,E1,124.0,25.791168399809404,-22.49070045389277,-37.64861859575869
flat_control,dipole_enabled,E1,124.5,25.696332652019382,-22.519930500518246,-37.71939579137268
flat_control,dipole_enabled,E1,125.0,25.603276571753714,-22.548282030839168,-37.78924808801971
flat_control,dipole_enabled,E1,125.5,25.51196283590666,-22.575724481944324,-37.858189392862265
flat_control,dipole_enabled,E1,126.0,25.42235463361893,-22.602202698530213,-37.92623362717417
flat_control,dipole_enabled,E1,126.5,25.33441562496033,-22.627676260362144,-37.993394750214875
flat_control,dipole_enabled,E1,127.0,25.248110463344137,-22.65222281612597,-38.059686474923076
flat_control,dipole_enabled,E1,127.5,25.16340550150863,-22.675859222263814,-38.12512157443524
flat_control,dipole_enabled,E1,128.0,25.08026670690905,-22.698557864435674,-38.18971338772097
flat_control,dipole_enabled,E1,128.5,24.9986605403421,-22.72040294959682,-38.25347527556243
flat_control,dipole_enabled,E1,129.0,24.918553816283367,-22.74152678607376,-38.316420677433065
flat_control,dipole_enabled,E1,129.5,24.839913945064108,-22.761914034252086,-38.3785629405391
flat_control,dipole_enabled,E1,130.0,24.762708869863626,-22.78165778012554,-38.43991533642602
flat_control,dipole_enabled,E1,130.5,24.68690705347596,-22.80061576091444,-38.50049107682685
flat_control,dipole_enabled,E1,131.0,24.61247750909553,-22.818830408430006,-38.5603032802968
flat_control,dipole_enabled,E1,131.5,24.539389799703773,-22.836347755508744,-38.619364962762766
flat_control,dipole_enabled,E1,132.0,24.460507463771798,-22.85460775924029,-38.68348137737128
flat_control,dipole_enabled,E1,132.5,24.390140920398725,-22.870332842846697,-38.7410088854132
flat_control,dipole_enabled,E1,133.0,24.32102548096478,-22.885385907137543,-38.79782542314921
flat_control,dipole_enabled,E1,133.5,24.253133129326244,-22.899716224075675,-38.8539433770805
flat_control,dipole_enabled,E1,134.0,24.186436309802648,-22.913301003152373,-38.90937507046029
flat_control,dipole_enabled,E1,134.5,24.12090797277991,-22.92612798716423,-38.964132707819
flat_control,dipole_enabled,E1,135.0,24.056521597757484,-22.938545206007444,-39.01822835833357
flat_control,dipole_enabled,E1,135.5,23.9932511952976,-22.950331599301215,-39.071673941331376
flat_control,dipole_enabled,E1,136.0,23.931071289157757,-22.96150155762856,-39.124481235213096
flat_control,dipole_enabled,E1,136.5,23.86995692131509,-22.97211527012322,-39.176661866927724
flat_control,dipole_enabled,E1,137.0,23.80988364687165,-22.982108959994243,-39.22822730843048
flat_control,dipole_enabled,E1,137.5,23.750827524827052,-22.99147200116357,-39.27918887727592
flat_control,dipole_enabled,E1,138.0,23.692765113473786,-23.000139902001628,-39.32955773392992
flat_control,dipole_enabled,E1,138.5,23.635673473942155,-23.008134402940748,-39.37934487481038
flat_control,dipole_enabled,E1,139.0,23.579530195296698,-23.015493193720072,-39.428561105074024
flat_control,dipole_enabled,E1,139.5,23.524313333120336,-23.022328672825445,-39.477217075848415
flat_control,dipole_enabled,E1,140.0,23.470001417563942,-23.028583783298554,-39.5253232761094
flat_control,dipole_enabled,E1,140.5,23.4165734439536,-23.03442380191119,-39.57289003356904
flat_control,dipole_enabled,E1,141.0,23.36400887499943,-23.039950615366116,-39.61992750711003
flat_control,dipole_enabled,E1,141.5,23.312287629339178,-23.04497915105526,-39.66644568964698
flat_control,dipole_enabled,E1,142.0,23.261390076384004,-23.049552263429582,-39.71245440703268
flat_control,dipole_enabled,E1,142.5,23.211297030038818,-23.053607931351117,-39.757963317390185
flat_control,dipole_enabled,E1,143.0,23.161989740777553,-23.057151811412364,-39.802981911934076
flat_control,dipole_enabled,E1,143.5,23.11344988857637,-23.06010364306511,-39.84751951544357
flat_control,dipole_enabled,E1,144.0,23.065659575997483,-23.062622143444603,-39.891585286601284
flat_control,dipole_enabled,E1,144.5,23.018601324756546,-23.065084595903038,-39.93518821646508
flat_control,dipole_enabled,E1,145.0,22.972258069341503,-23.06750293713047,-39.97833712728261
flat_control,dipole_enabled,E1,145.5,22.926613143150362,-23.0698340003624,-40.02104067939073
flat_control,dipole_enabled,E1,146.0,22.881650272920503,-23.072195791123768,-40.06330737083023
flat_control,dipole_enabled,E1,146.5,22.837353572485846,-23.07439374504666,-40.10514553806708
flat_control,dipole_enabled,E1,147.0,22.793707535600117,-23.076266257922164,-40.146563357017676
flat_control,dipole_enabled,E1,147.5,22.74643036012373,-23.078055029621474,-40.19164701937277
flat_control,dipole_enabled,E1,148.0,22.70410189214008,-23.079485152449312,-40.23220801481695
flat_control,dipole_enabled,E1,148.5,22.662378354106213,-23.080569340127653,-40.272373004382594
flat_control,dipole_enabled,E1,149.0,22.62124572191852,-23.08149692180468,-40.3121495224166
flat_control,dipole_enabled,E1,149.5,22.580690314875355,-23.082270076034224,-40.35154495105732
flat_control,dipole_enabled,E1,150.0,22.540698788726214,-23.082952221609485,-40.39056652204894
flat_control,dipole_enabled,E1,150.5,22.501258129795723,-23.083469009357547,-40.42922131782955
flat_control,dipole_enabled,E1,151.0,22.46235564690852,-23.08390328739489,-40.46751627417181
flat_control,dipole_enabled,E1,151.5,22.423978964505675,-23.08427971927051,-40.50545818238214
flat_control,dipole_enabled,E1,152.0,22.38611601586849,-23.084422125463874,-40.543053691321234
flat_control,dipole_enabled,E1,152.5,22.348755036688235,-23.084425369252966,-40.580309309249074
flat_control,dipole_enabled,E1,153.0,22.31188455826626,-23.08431939271456,-40.617231406071454
flat_control,dipole_enabled,E1,153.5,22.2754934010644,-23.084091424582,-40.653826215407655
flat_control,dipole_enabled,E1,154.0,22.239570668232304,-23.0837458535464,-40.690099836746846
flat_control,dipole_enabled,E1,154.5,22.204105739194162,-23.083334217655267,-40.72605823765634
flat_control,dipole_enabled,E1,155.0,22.169088263373514,-23.08312474206831,-40.76170725596267
flat_control,dipole_enabled,E1,155.5,22.13450815398036,-23.083434057894294,-40.7970526019638
flat_control,dipole_enabled,E1,156.0,22.100355581967623,-23.08438577547922,-40.83209986060422
flat_control,dipole_enabled,E1,156.5,22.06662097013273,-23.086143691649355,-40.86685449357468
flat_control,dipole_enabled,E1,157.0,22.0332949869706,-23.088962655980943,-40.90132184171043
flat_control,dipole_enabled,E1,157.5,22.000368540866063,-23.09315202324059,-40.93550712719717
flat_control,dipole_enabled,E1,158.0,21.967832774401884,-23.099488172962104,-40.96941545576087
flat_control,dipole_enabled,E1,158.5,21.93567905870597,-23.108860680667796,-41.00305181888118
flat_control,dipole_enabled,E1,159.0,21.9038989879144,-23.122841136845086,-41.03642109599699
flat_control,dipole_enabled,E1,159.5,21.872484373739198,-23.144195095719233,-41.069528056687396
flat_control,dipole_enabled,E1,160.0,21.841427240116126,-23.176823478156106,-41.10237736285752
flat_control,dipole_enabled,E1,160.5,21.810719817963868,-23.222430438300883,-41.13497357089992
flat_control,dipole_enabled,E1,161.0,21.780354540037674,-23.277128357246255,-41.16732113384185
flat_control,dipole_enabled,E1,161.5,21.75032403588419,-23.334769457903725,-41.19942440347344
flat_control,dipole_enabled,E1,162.0,21.720621126920527,-23.390068070293495,-41.23128763243798
flat_control,dipole_enabled,E1,162.5,21.69123882157432,-23.439225013932386,-41.26291497632084
flat_control,dipole_enabled,E1,163.0,21.65928046125949,-23.483141135764836,-41.29743745087726
flat_control,dipole_enabled,E1,163.5,21.630549470960123,-23.512343470584813,-41.32858254251551
flat_control,dipole_enabled,E1,164.0,21.60211854798829,-23.530579129718188,-41.35950403685513
flat_control,dipole_enabled,E1,164.5,21.57398141884105,-23.537551348788185,-41.39020571292782
flat_control,dipole_enabled,E1,165.0,21.546131973800023,-23.53326905660161,-41.420691262990125
flat_control,dipole_enabled,E1,165.5,21.51856426266843,-23.51774486318048,-41.45096429445891
flat_control,dipole_enabled,E1,166.0,21.49127249060394,-23.491331843104216,-41.48102833181765
flat_control,dipole_enabled,E1,166.5,21.464251014043437,-23.454451983992087,-41.51088681849416
flat_control,dipole_enabled,E1,167.0,21.43749433671947,-23.407551224478226,-41.54054311870946
flat_control,dipole_enabled,E1,167.5,21.41099710576881,-23.35135414099203,-41.570000519295995
flat_control,dipole_enabled,E1,168.0,21.384754107932636,-23.286437164912456,-41.59926223148316
flat_control,dipole_enabled,E1,168.5,21.358760265834757,-23.213279668723537,-41.628331392661366
flat_control,dipole_enabled,E1,169.0,21.3330106343528,-23.1321353900721,-41.65721106811106
flat_control,dipole_enabled,E1,169.5,21.307500397076268,-23.04341580326512,-41.68590425269992
flat_control,dipole_enabled,E1,170.0,21.2822248628465,-22.94759186102163,-41.714413872551425
flat_control,dipole_enabled,E1,170.5,21.25717946238131,-22.845109846954585,-41.74274278668126
flat_control,dipole_enabled,E1,171.0,21.232359744980318,-22.736515023196358,-41.770893788603814
flat_control,dipole_enabled,E1,171.5,21.207761375310806,-22.622204750136117,-41.79886960790783
flat_control,dipole_enabled,E1,172.0,21.183380130272592,-22.50249676491757,-41.82667291180132
flat_control,dipole_enabled,E1,172.5,21.15921189594051,-22.37788897613145,-41.85430630662589
flat_control,dipole_enabled,E1,173.0,21.13525266458304,-22.248675608875203,-41.88177233934072
flat_control,dipole_enabled,E1,173.5,21.111498531756904,-22.115340835096838,-41.909073498975395
flat_control,dipole_enabled,E1,174.0,21.08794569347327,-21.978059595985044,-41.93621221805387
flat_control,dipole_enabled,E1,174.5,21.06459044343642,-21.83715784357493,-41.963190873988495
flat_control,dipole_enabled,E1,175.0,21.04142917035364,-21.69292346352513,-41.99001179044394
flat_control,dipole_enabled,E1,175.5,21.018458355313975,-21.545507284636685,-42.016677238671996
flat_control,dipole_enabled,E1,176.0,20.99567456923504,-21.395297435813237,-42.04318943881715
flat_control,dipole_enabled,E1,176.5,20.973074470376204,-21.24258135871569,-42.06955056119362
flat_control,dipole_enabled,E1,177.0,20.95065480191681,-21.087500222953558,-42.0957627275339
flat_control,dipole_enabled,E1,177.5,20.92841238959816,-20.930258806713912,-42.121828012209235
flat_control,dipole_enabled,E1,178.0,20.906344139427855,-20.771147513469458,-42.147748443422486
flat_control,dipole_enabled,E1,178.5,20.882266624247475,-20.594416288787013,-42.176095977642596
flat_control,dipole_enabled,E1,179.0,20.860554388107822,-20.432386530676013,-42.20171861958218
flat_control,dipole_enabled,E1,179.5,20.839007209027116,-20.26921064895828,-42.227202414526765
flat_control,dipole_enabled,E1,180.0,20.817622299378492,-20.104950787720437,-42.252549213284695
flat_control,dipole_enabled,E1,180.5,20.79639694101409,-19.939798501707998,-42.27776082616238
flat_control,dipole_enabled,E1,181.0,20.775328483320912,-19.77390525335497,-42.30283902399661
flat_control,dipole_enabled,E1,181.5,20.754414341329785,-19.607551561196154,-42.32778553916196
flat_control,dipole_enabled,E1,182.0,20.733651993876098,-19.440817886354154,-42.35260206655378
flat_control,dipole_enabled,E1,182.5,20.713038981811053,-19.27385672308712,-42.37729026454722
flat_control,dipole_enabled,E1,183.0,20.6925729062624,-19.10678525683656,-42.40185175593265
flat_control,dipole_enabled,E1,183.5,20.672251426943216,-18.939735112111087,-42.426288128827984
flat_control,dipole_enabled,E1,184.0,20.652072260507744,-18.772947917191306,-42.450600937568346
flat_control,dipole_enabled,E1,184.5,20.632033178953076,-18.606605899590125,-42.4747917035734
flat_control,dipole_enabled,E1,185.0,20.612132008065483,-18.440670537975844,-42.49886191619289
flat_control,dipole_enabled,E1,185.5,20.592366625910362,-18.275231285577714,-42.52281303353086
flat_control,dipole_enabled,E1,186.0,20.572734961364613,-18.110465860951845,-42.54664648324887
flat_control,dipole_enabled,E1,186.5,20.55323499269051,-17.946515959339997,-42.570363663348715
flat_control,dipole_enabled,E1,187.0,20.53386474614986,-17.783264534831638,-42.593965942935036
flat_control,dipole_enabled,E1,187.5,20.51462229465748,-17.62087717779432,-42.6174546629583
flat_control,dipole_enabled,E1,188.0,20.495505756472976,-17.45937660873932,-42.6408311369385
flat_control,dipole_enabled,E1,188.5,20.47651329392982,-17.298883535728077,-42.664096651670086
flat_control,dipole_enabled,E1,189.0,20.457643112200742,-17.139575051842236,-42.6872524679085
flat_control,dipole_enabled,E1,189.5,20.438893458098484,-16.981532070651838,-42.710299821038596
flat_control,dipole_enabled,E1,190.0,20.420262618910982,-16.824816766139925,-42.7332399217257
flat_control,dipole_enabled,E1,190.5,20.40174892127007,-16.669340871847254,-42.75607395654921
flat_control,dipole_enabled,E1,191.0,20.383350730052722,-16.515099287325825,-42.77880308861968
flat_control,dipole_enabled,E1,191.5,20.36506644731414,-16.36221506801325,-42.80142845817931
flat_control,dipole_enabled,E1,192.0,20.346894511251588,-16.210612371810754,-42.82395118318653
flat_control,dipole_enabled,E1,192.5,20.328833395198355,-16.06028318084409,-42.84637235988492
flat_control,dipole_enabled,E1,193.0,20.310881606646895,-15.911276237143532,-42.86869306335684
flat_control,dipole_enabled,E1,193.5,20.293037686300337,-15.763895600737769,-42.890914348062275
flat_control,dipole_enabled,E1,194.0,20.273532259504396,-15.603369482250304,-42.91524416648665
flat_control,dipole_enabled,E1,194.5,20.25591025492527,-15.45897475182863,-42.937260015266745
flat_control,dipole_enabled,E1,195.0,20.238391795987873,-15.315961840508393,-42.959179588634775
flat_control,dipole_enabled,E1,195.5,20.220975550217794,-15.174341854176912,-42.981003861828924
flat_control,dipole_enabled,E1,196.0,20.203660213927893,-15.034085769570048,-43.00273379199427
flat_control,dipole_enabled,E1,196.5,20.186444511426807,-14.895123793800744,-43.02437031863848
flat_control,dipole_enabled,E1,197.0,20.169327194250705,-14.757493697819193,-43.045914364074946
flat_control,dipole_enabled,E1,197.5,20.152307040417607,-14.621283157660482,-43.067366833853754
flat_control,dipole_enabled,E1,198.0,20.135382853703653,-14.486343503356917,-43.08872861718101
flat_control,dipole_enabled,E1,198.5,20.118553462940625,-14.352607599026799,-43.11000058732648
flat_control,dipole_enabled,E1,199.0,20.1018177213342,-14.220141765634292,-43.131183602020144
flat_control,dipole_enabled,E1,199.5,20.085174505802296,-14.088889378542685,-43.152278503837735
flat_control,dipole_enabled,E1,200.0,20.068622716332925,-13.95885021364515,-43.17328612057575
flat_control,dipole_enabled,E1,200.5,20.052161275360984,-13.829949298754487,-43.19420726561609
flat_control,dipole_enabled,E1,201.0,20.035789127163483,-13.70205574123287,-43.215042738280566
flat_control,dipole_enabled,E1,201.5,20.019505237272618,-13.575322489406014,-43.23579332417566
flat_control,dipole_enabled,E1,202.0,20.00330859190617,-13.449438086216773,-43.25645979552776
flat_control,dipole_enabled,E1,202.5,19.987198197414788,-13.324614318786786,-43.27704291150909
flat_control,dipole_enabled,E1,203.0,19.971173079745583,-13.200856266286799,-43.297543418554625
flat_control,dipole_enabled,E1,203.5,19.955232283921582,-13.07802330714473,-43.31796205067016
flat_control,dipole_enabled,E1,204.0,19.939374873536575,-12.95599968834981,-43.338299529732
flat_control,dipole_enabled,E1,204.5,19.923599930264963,-12.834864619770094,-43.35855656577807
flat_control,dipole_enabled,E1,205.0,19.907906553386013,-12.7143977811509,-43.378733857291266
flat_control,dipole_enabled,E1,205.5,19.892293859322212,-12.594857211055333,-43.398832091474674
flat_control,dipole_enabled,E1,206.0,19.87676098119132,-12.4761183469994,-43.41885194451931
flat_control,dipole_enabled,E1,206.5,19.861307068371612,-12.358098227247659,-43.438794081864366
flat_control,dipole_enabled,E1,207.0,19.845931286079963,-12.240660150159751,-43.458659158450246
flat_control,dipole_enabled,E1,207.5,19.830632814962424,-12.123808560416274,-43.47844781896462
flat_control,dipole_enabled,E1,208.0,19.81541085069687,-12.007675622938887,-43.49816069808157
flat_control,dipole_enabled,E1,208.5,19.800264603607413,-11.89212905697897,-43.51779842069422
flat_control,dipole_enabled,E1,209.0,19.785193298290093,-11.777147024337026,-43.53736160214081
flat_control,dipole_enabled,E1,209.5,19.768700511749692,-11.6510904284203,-43.558795729676845
flat_control,dipole_enabled,E1,210.0,19.7537841216561,-11.536916734224501,-43.57820433633534
flat_control,dipole_enabled,E1,210.5,19.738940356416993,-11.423337818774403,-43.5975402509962
flat_control,dipole_enabled,E1,211.0,19.72416849545978,-11.310250095396007,-43.61680405205669
flat_control,dipole_enabled,E1,211.5,19.709467830739825,-11.197536952810832,-43.63599630941874
flat_control,dipole_enabled,E1,212.0,19.6948376664285,-11.085094760724989,-43.655117584679566
flat_control,dipole_enabled,E1,212.5,19.680277318610397,-10.973133466538298,-43.674168431317014
flat_control,dipole_enabled,E1,213.0,19.665786114989373,-10.861784285786516,-43.693149394869856
flat_control,dipole_enabled,E1,213.5,19.651363394603248,-10.750844336835748,-43.71206101311298
flat_control,dipole_enabled,E1,214.0,19.63700850754675,-10.640420676458128,-43.73090381622802
flat_control,dipole_enabled,E1,214.5,19.622720814702625,-10.53082227166251,-43.74967832696911
flat_control,dipole_enabled,E1,215.0,19.608499687480524,-10.42199110695902,-43.76838506082416
flat_control,dipole_enabled,E1,215.5,19.594344507563516,-10.314442125019347,-43.78702452617177
flat_control,dipole_enabled,E1,216.0,19.58025466666191,-10.208981306777801,-43.805597224433846
flat_control,dipole_enabled,E1,216.5,19.56622956627427,-10.120148149937682,-43.82410365022406
flat_control,dipole_enabled,E1,217.0,19.552268617455322,-10.049443620116335,-43.842544291492295
flat_control,dipole_enabled,E1,217.5,19.53837124059053,-9.97913294200034,-43.86091962966511
flat_control,dipole_enabled,E1,218.0,19.524536865177232,-9.909227897905652,-43.87923013978257
flat_control,dipole_enabled,E1,218.5,19.510764929612037,-9.839739653721038,-43.89747629063113
flat_control,dipole_enabled,E1,219.0,19.497054880984308,-9.770678769375522,-43.91565854487327
flat_control,dipole_enabled,E1,219.5,19.483406174875604,-9.702055209664216,-43.9337773591733
flat_control,dipole_enabled,E1,220.0,19.46981827516484,-9.633878355408733,-43.951833184320094
flat_control,dipole_enabled,E2,0.0,3.5,0.0,-74.34443899396732
flat_control,dipole_enabled,E2,0.5,3.500690547577298,-0.11855332707842386,-74.24927403051055
flat_control,dipole_enabled,E2,1.0,3.502753909503128,-0.11710314379614763,-74.14957595549694
flat_control,dipole_enabled,E2,1.5,3.50595995212496,-0.11531109457650755,-74.05571383500919
flat_control,dipole_enabled,E2,2.0,3.5101100076281884,-0.11328172397392706,-73.96719943287174
flat_control,dipole_enabled,E2,2.5,3.515032960719408,-0.11115585915528794,-73.88359232384794
flat_control,dipole_enabled,E2,3.0,3.5205817669377697,-0.10899509658920098,-73.80449455382207
flat_control,dipole_enabled,E2,3.5,3.526630367502034,-0.10676772567939509,-73.72954602125878
flat_control,dipole_enabled,E2,4.0,3.5330709655079424,-0.10449371491862412,-73.65842045275419
flat_control,dipole_enabled,E2,4.5,3.539811628295226,-0.10218026825141649,-73.59082187461857
flat_control,dipole_enabled,E2,5.0,3.546774182418402,-0.09979277938803266,-73.52648150284207
flat_control,dipole_enabled,E2,5.5,3.553892369680766,-0.09727168726795658,-73.46515498955823
flat_control,dipole_enabled,E2,6.0,3.5611102350295627,-0.09455307464119642,-73.40661997612952
flat_control,dipole_enabled,E2,6.5,3.5683807195883657,-0.09160989347342878,-73.35067391217508
flat_control,dipole_enabled,E2,7.0,3.5756644345969564,-0.08846152964025904,-73.29713210694659
flat_control,dipole_enabled,E2,7.5,3.582928594454991,-0.08513935061117521,-73.24582598496914
flat_control,dipole_enabled,E2,8.0,3.590864377808658,-0.08129284469726769,-73.19178803653892
flat_control,dipole_enabled,E2,8.5,3.598005021302265,-0.07760332482567979,-73.1446911546254
flat_control,dipole_enabled,E2,9.0,3.605057092941252,-0.07368618913941051,-73.09939377623877
flat_control,dipole_enabled,E2,9.5,3.6120064203589726,-0.06949005198365052,-73.05577868240721
flat_control,dipole_enabled,E2,10.0,3.6188418268246036,-0.06500026659047806,-73.01373829139058
flat_control,dipole_enabled,E2,10.5,3.625554685032254,-0.06023563865106686,-72.97317375069541
flat_control,dipole_enabled,E2,11.0,3.632138531659773,-0.0552218620431591,-72.9339941197013
flat_control,dipole_enabled,E2,11.5,3.638588734747036,-0.0499719857827147,-72.89611563364512
flat_control,dipole_enabled,E2,12.0,3.6449022069473984,-0.04452161662121894,-72.85946104069312
flat_control,dipole_enabled,E2,12.5,3.651077158590552,-0.038928420645366626,-72.82395900469336
flat_control,dipole_enabled,E2,13.0,3.65711288527243,-0.033194824499315476,-72.78954356696474
flat_control,dipole_enabled,E2,13.5,3.66300958536965,-0.027259282754111408,-72.75615366115467
flat_control,dipole_enabled,E2,14.0,3.668768203472966,-0.021052450257813844,-72.72373267580367
flat_control,dipole_enabled,E2,14.5,3.67439029625615,-0.014499405902820492,-72.69222805979464
flat_control,dipole_enabled,E2,15.0,3.6798779177524352,-0.00755245185714128,-72.66159096635204
flat_control,dipole_enabled,E2,15.5,3.685233521408252,-0.00020952618005961807,-72.63177593169205
flat_control,dipole_enabled,E2,16.0,3.690459876630465,0.007529156280474802,-72.60274058481859
flat_control,dipole_enabled,E2,16.5,3.6955599978451024,0.015657161238760188,-72.57444538531388
flat_control,dipole_enabled,E2,17.0,3.700537084348249,0.024115970301307292,-72.54685338629145
flat_control,dipole_enabled,E2,17.5,3.705394469458298,0.03282826597974618,-72.5199300199667
flat_control,dipole_enabled,E2,18.0,3.710135577677471,0.04179636910216701,-72.49364290355881
flat_control,dipole_enabled,E2,18.5,3.7147638887431618,0.05108734246080382,-72.46796166347094
flat_control,dipole_enabled,E2,19.0,3.7192829075997142,0.06073583696799832,-72.44285777590585
flat_control,dipole_enabled,E2,19.5,3.7236961394514925,0.07075937834281457,-72.41830442226265
flat_control,dipole_enabled,E2,20.0,3.728007069171251,0.08115292191677713,-72.39427635783078
flat_control,dipole_enabled,E2,20.5,3.732219144435956,0.09192109432291866,-72.37074979244962
flat_control,dipole_enabled,E2,21.0,3.736335762047399,0.10310028802587011,-72.34770228194036
flat_control,dipole_enabled,E2,21.5,3.7403602569688,0.11472332484456275,-72.32511262923937
flat_control,dipole_enabled,E2,22.0,3.744295893672678,0.1267680683820127,-72.30296079427389
flat_control,dipole_enabled,E2,22.5,3.7481458594508377,0.1391689273165253,-72.28122781171938
flat_control,dipole_enabled,E2,23.0,3.751913259385537,0.1518815632361471,-72.2598957158679
flat_control,dipole_enabled,E2,23.5,3.755965636609723,0.16624765946659958,-72.23687312974984
flat_control,dipole_enabled,E2,24.0,3.7595693705038267,0.17972353441297767,-72.21632848187609
flat_control,dipole_enabled,E2,24.5,3.7630996091368036,0.1936620536977876,-72.19613466940086
flat_control,dipole_enabled,E2,25.0,3.766559094303172,0.2081115031085505,-72.1762771661576
flat_control,dipole_enabled,E2,25.5,3.7699504775028583,0.22307424816169286,-72.15674215003067
flat_control,dipole_enabled,E2,26.0,3.773276320600505,0.23853803247178862,-72.13751645854371
flat_control,dipole_enabled,E2,26.5,3.7765390969342083,0.2544922679218007,-72.11858754793289
flat_control,dipole_enabled,E2,27.0,3.779741192786843,0.27090476169671035,-72.09994345538365
flat_control,dipole_enabled,E2,27.5,3.782884909145835,0.2877215793691506,-72.08157276414371
flat_control,dipole_enabled,E2,28.0,3.785972463688273,0.3049470085349681,-72.06346457125501
flat_control,dipole_enabled,E2,28.5,3.789005992937783,0.32259911345279196,-72.04560845767301
flat_control,dipole_enabled,E2,29.0,3.791987554547926,0.3406727789870374,-72.02799446056596
flat_control,dipole_enabled,E2,29.5,3.794919129674248,0.35918191155231677,-72.01061304760466
flat_control,dipole_enabled,E2,30.0,3.797802625403707,0.378163502230473,-71.99345509306967
flat_control,dipole_enabled,E2,30.5,3.8006398772160455,0.3976605395758031,-71.97651185561494
flat_control,dipole_enabled,E2,31.0,3.8034326514562133,0.4177131955413552,-71.95977495754065
flat_control,dipole_enabled,E2,31.5,3.8061826478000977,0.43832740328754183,-71.94323636544571
flat_control,dipole_enabled,E2,32.0,3.808891501698731,0.4594317642761925,-71.92688837214557
flat_control,dipole_enabled,E2,32.5,3.8115607867891157,0.48095814173921314,-71.91072357975025
flat_control,dipole_enabled,E2,33.0,3.814192017261671,0.5029428235073465,-71.89473488381103
flat_control,dipole_enabled,E2,33.5,3.816786650175563,0.525495804456586,-71.87891545845729
flat_control,dipole_enabled,E2,34.0,3.8193460877146737,0.5486876858263577,-71.8632587424568
flat_control,dipole_enabled,E2,34.5,3.8218716793784906,0.5725116732403748,-71.84775842613759
flat_control,dipole_enabled,E2,35.0,3.8243647241037197,0.5969010217437131,-71.83240843911696
flat_control,dipole_enabled,E2,35.5,3.82682647231415,0.6218152947952686,-71.81720293878242
flat_control,dipole_enabled,E2,36.0,3.8292581278982034,0.6472852888530876,-71.80213629946903
flat_control,dipole_enabled,E2,36.5,3.8316608501164606,0.6733174008168727,-71.78720310226812
flat_control,dipole_enabled,E2,37.0,3.834035755444109,0.6998583985808462,-71.77239812539017
flat_control,dipole_enabled,E2,37.5,3.8363839193516593,0.726923811923965,-71.75771633501775
flat_control,dipole_enabled,E2,38.0,3.838706378023284,0.7545720173233124,-71.74315287661744
flat_control,dipole_enabled,E2,38.5,3.8410041300128355,0.7828147042532134,-71.7287030666847
flat_control,dipole_enabled,E2,39.0,3.843504268711535,0.8146079431401282,-71.71293414941148
flat_control,dipole_enabled,E2,39.5,3.845753228528061,0.8442727281851272,-71.6987084732327
flat_control,dipole_enabled,E2,40.0,3.8479803549002223,0.8747473227393783,-71.68458293098183
flat_control,dipole_enabled,E2,40.5,3.8501865080617343,0.9060526941565806,-71.67055346263108
flat_control,dipole_enabled,E2,41.0,3.8523725180516677,0.9381351370384297,-71.65661614338096
flat_control,dipole_enabled,E2,41.5,3.8545391859635734,0.9709019336991537,-71.64276717788164
flat_control,dipole_enabled,E2,42.0,3.856687285130554,1.0042846678031456,-71.62900289482667
flat_control,dipole_enabled,E2,42.5,3.8588175622564185,1.0382782026294874,-71.61531974185526
flat_control,dipole_enabled,E2,43.0,3.860930738512251,1.0729165729652914,-71.60171428063724
flat_control,dipole_enabled,E2,43.5,3.8630275106187777,1.1082597434255916,-71.58818318199046
flat_control,dipole_enabled,E2,44.0,3.865108551912055,1.1443445330159487,-71.57472322101701
flat_control,dipole_enabled,E2,44.5,3.8671745133765514,1.1811829243546645,-71.56133127235962
flat_control,dipole_enabled,E2,45.0,3.869226024644467,1.2187784672008866,-71.54800430559276
flat_control,dipole_enabled,E2,45.5,3.8712636949520145,1.2571620798804715,-71.53473938079719
flat_control,dipole_enabled,E2,46.0,3.873288114032425,1.2963440904107904,-71.52153364446094
flat_control,dipole_enabled,E2,46.5,3.875299852937239,1.33629372114616,-71.5083843257836
flat_control,dipole_enabled,E2,47.0,3.877299464784619,1.376985801567113,-71.49528873341222
flat_control,dipole_enabled,E2,47.5,3.8792874854386117,1.4184376706706203,-71.4822442526012
flat_control,dipole_enabled,E2,48.0,3.8812644341278846,1.4606559141640667,-71.46924834275926
flat_control,dipole_enabled,E2,48.5,3.8832308140282477,1.5036218442489617,-71.45629853524649
flat_control,dipole_enabled,E2,49.0,3.8851871128588846,1.5473453915562307,-71.4433924311118
flat_control,dipole_enabled,E2,49.5,3.8871338035731355,1.5918253644757292,-71.43052769823284
flat_control,dipole_enabled,E2,50.0,3.8890713451816965,1.6370332846313147,-71.41770206749344
flat_control,dipole_enabled,E2,50.5,3.8910001836033685,1.682953205385485,-71.40491332857701
flat_control,dipole_enabled,E2,51.0,3.892920752464319,1.7295359818861333,-71.39215932598192
flat_control,dipole_enabled,E2,51.5,3.894833473851449,1.7767269562728503,-71.37943795523934
flat_control,dipole_enabled,E2,52.0,3.8967387589473095,1.82454541957161,-71.3667471598007
flat_control,dipole_enabled,E2,52.5,3.8986370085081656,1.8730295484223378,-71.35408492896414
flat_control,dipole_enabled,E2,53.0,3.900528613205222,1.922207619617413,-71.34144929678928
flat_control,dipole_enabled,E2,53.5,3.9024139538563745,1.9721241469769626,-71.3288383418749
flat_control,dipole_enabled,E2,54.0,3.9042934015771773,2.0228306130527027,-71.31625018785677
flat_control,dipole_enabled,E2,54.5,3.90635441897221,2.0795216404151606,-71.3024273701207
flat_control,dipole_enabled,E2,55.0,3.9082226573297096,2.1318425896241076,-71.28988119459058
flat_control,dipole_enabled,E2,55.5,3.9100860941155893,2.1848434329140076,-71.27735229297215
flat_control,dipole_enabled,E2,56.0,3.9119450649360368,2.2384531339650064,-71.26483896641406
flat_control,dipole_enabled,E2,56.5,3.9137998999267265,2.292625259881417,-71.25233954353453
flat_control,dipole_enabled,E2,57.0,3.915650925122655,2.3473518189526343,-71.23985237241014
flat_control,dipole_enabled,E2,57.5,3.9174984635041588,2.4026351626125475,-71.22737581478917
flat_control,dipole_enabled,E2,58.0,3.919342835711152,2.4584861173976345,-71.21490824249811
flat_control,dipole_enabled,E2,58.5,3.9211843602549794,2.514923913419298,-71.20244803763946
flat_control,dipole_enabled,E2,59.0,3.92302335342583,2.5719845272083752,-71.1899935957141
flat_control,dipole_enabled,E2,59.5,3.9248601290736715,2.6297088731075364,-71.1775433305755
flat_control,dipole_enabled,E2,60.0,3.9266949983612713,2.6881202000193802,-71.16509568057374
flat_control,dipole_enabled,E2,60.5,3.928528269713705,2.7472024883651858,-71.15264911444558
flat_control,dipole_enabled,E2,61.0,3.930360249358766,2.8068988906892836,-71.14020213423198
flat_control,dipole_enabled,E2,61.5,3.9321912431017068,2.867158399987137,-71.12775327087981
flat_control,dipole_enabled,E2,62.0,3.9340215604078432,2.927934079207906,-71.115301065179
flat_control,dipole_enabled,E2,62.5,3.935851520993495,2.989228933119046,-71.10284403045097
flat_control,dipole_enabled,E2,63.0,3.9376814604514205,3.0511045145104125,-71.0903806174724
flat_control,dipole_enabled,E2,63.5,3.9395117329288785,3.1135019133472888,-71.07790919986284
flat_control,dipole_enabled,E2,64.0,3.9413427129467773,3.176295703636605,-71.06542806924887
flat_control,dipole_enabled,E2,64.5,3.943174796245082,3.239579202622607,-71.05293544129866
flat_control,dipole_enabled,E2,65.0,3.9450084002529398,3.3033552964382684,-71.04042947053927
flat_control,dipole_enabled,E2,65.5,3.9468439651058267,3.367461681816743,-71.02790826667334
flat_control,dipole_enabled,E2,66.0,3.9486819552450654,3.432079644483287,-71.01536991008808
flat_control,dipole_enabled,E2,66.5,3.9505228619023,3.497212736862884,-71.00281246307517
flat_control,dipole_enabled,E2,67.0,3.9523672074350134,3.5628478072769636,-70.99023396886373
flat_control,dipole_enabled,E2,67.5,3.9542155530785497,3.6289646264818067,-70.9776324273759
flat_control,dipole_enabled,E2,68.0,3.956068513259673,3.6955685018870805,-70.96500572782587
flat_control,dipole_enabled,E2,68.5,3.95792678083269,3.7625964934995397,-70.95235150955054
flat_control,dipole_enabled,E2,69.0,3.9597911569311015,3.8300661140165655,-70.93966698432475
flat_control,dipole_enabled,E2,69.5,3.9616625674132147,3.8980260381215914,-70.92694885767906
flat_control,dipole_enabled,E2,70.0,3.963730516897762,3.973230476133417,-70.9129155610057
flat_control,dipole_enabled,E2,70.5,3.96562034587833,4.041871633410477,-70.9001139199179
flat_control,dipole_enabled,E2,71.0,3.967521034609721,4.110881528762264,-70.88726532404006
flat_control,dipole_enabled,E2,71.5,3.969434194724777,4.1802955970263955,-70.87436451113663
flat_control,dipole_enabled,E2,72.0,3.9713616562789062,4.250137815083333,-70.86140576303916
flat_control,dipole_enabled,E2,72.5,3.973305484278655,4.32043542998838,-70.84838288760774
flat_control,dipole_enabled,E2,73.0,3.975267996218475,4.391176741566294,-70.83528916044375
flat_control,dipole_enabled,E2,73.5,3.9772517878879046,4.462326481537295,-70.82211719287945
flat_control,dipole_enabled,E2,74.0,3.9792597818799096,4.533837455118605,-70.8088586645813
flat_control,dipole_enabled,E2,74.5,3.981295327709402,4.605702814410039,-70.79550379623899
flat_control,dipole_enabled,E2,75.0,3.983362378255232,4.677960666039521,-70.7820404963382
flat_control,dipole_enabled,E2,75.5,3.985465694031049,4.750554254232531,-70.76845368259251
flat_control,dipole_enabled,E2,76.0,3.987611063218623,4.823378781850361,-70.75472506883706
flat_control,dipole_enabled,E2,76.5,3.989805554604648,4.896443900806001,-70.74083290224813
flat_control,dipole_enabled,E2,77.0,3.992057700864826,4.9697385859461125,-70.72675174166474
flat_control,dipole_enabled,E2,77.5,3.994377570284816,5.043325285153339,-70.71245234480101
flat_control,dipole_enabled,E2,78.0,3.996776737910399,5.1169196442003795,-70.69790162707048
flat_control,dipole_enabled,E2,78.5,3.999268192037164,5.190704351959625,-70.6830626646584
flat_control,dipole_enabled,E2,79.0,4.0018662417973,5.264700682683044,-70.66789459365029
flat_control,dipole_enabled,E2,79.5,4.004586508291243,5.338662057285339,-70.65235220182622
flat_control,dipole_enabled,E2,80.0,4.007446123256497,5.412226951480691,-70.63638489016361
flat_control,dipole_enabled,E2,80.5,4.0104643860062,5.485645540252207,-70.61993431115282
flat_control,dipole_enabled,E2,81.0,4.013664420889075,5.558921122015963,-70.60292930418535
flat_control,dipole_enabled,E2,81.5,4.017076394294634,5.6322651146711245,-70.58527772760326
flat_control,dipole_enabled,E2,82.0,4.020741255665161,5.705820970354041,-70.56685907811968
flat_control,dipole_enabled,E2,82.5,4.02471250279071,5.779474319905286,-70.54752106776718
flat_control,dipole_enabled,E2,83.0,4.029055063232132,5.853226933778894,-70.52708068621824
flat_control,dipole_enabled,E2,83.5,4.0338424502142916,5.927129708826749,-70.50532848681542
flat_control,dipole_enabled,E2,84.0,4.039153644725253,6.000931084263956,-70.48203346669641
flat_control,dipole_enabled,E2,84.5,4.045070635275334,6.074635395273084,-70.4569468888144
flat_control,dipole_enabled,E2,85.0,4.0516772791989935,6.147940821381464,-70.42980358198035
flat_control,dipole_enabled,E2,85.5,4.059844636180821,6.228011956248433,-70.39723007688049
flat_control,dipole_enabled,E2,86.0,4.068189719259837,6.300315996940238,-70.36480602920295
flat_control,dipole_enabled,E2,86.5,4.0775276165686,6.372281322728865,-70.32931880402164
flat_control,dipole_enabled,E2,87.0,4.08801788783719,6.443974770620238,-70.29027616505113
flat_control,dipole_enabled,E2,87.5,4.099922957834274,6.515879761244769,-70.24694247312088
flat_control,dipole_enabled,E2,88.0,4.1136500028277565,6.5883759340590275,-70.19822437241959
flat_control,dipole_enabled,E2,88.5,4.1297032038658035,6.661356584947241,-70.1427310212023
flat_control,dipole_enabled,E2,89.0,4.148600992848482,6.734552638112676,-70.07892275036252
flat_control,dipole_enabled,E2,89.5,4.170822003860146,6.807542917962276,-70.00521617796839
flat_control,dipole_enabled,E2,90.0,4.196785165162136,6.879909194754021,-69.92002449109353
flat_control,dipole_enabled,E2,90.5,4.226855715145225,6.951221034151982,-69.82174295469068
flat_control,dipole_enabled,E2,91.0,4.261372634599684,7.021164804587525,-69.70868369495174
flat_control,dipole_enabled,E2,91.5,4.300700996916968,7.089795317370471,-69.57894772352684
flat_control,dipole_enabled,E2,92.0,4.3453285522759915,7.157235447469127,-69.43019007833477
flat_control,dipole_enabled,E2,92.5,4.396069038807387,7.223875216064445,-69.25914693374784
flat_control,dipole_enabled,E2,93.0,4.454560813738812,7.2906702618289145,-69.06053722379896
flat_control,dipole_enabled,E2,93.5,4.524259658588241,7.359431696897319,-68.8247215999556
flat_control,dipole_enabled,E2,94.0,4.610285293409669,7.430728694460659,-68.53651634725446
flat_control,dipole_enabled,E2,94.5,4.716825099196636,7.503318049194593,-68.17875892324913
flat_control,dipole_enabled,E2,95.0,4.8460035105206,7.5751009677717125,-67.73388737751478
flat_control,dipole_enabled,E2,95.5,4.998426339530953,7.644218468015502,-67.18143175876341
flat_control,dipole_enabled,E2,96.0,5.173924484439501,7.709248294152906,-66.49342833221202
flat_control,dipole_enabled,E2,96.5,5.372207435179599,7.769198891086423,-65.62710231548022
flat_control,dipole_enabled,E2,97.0,5.593508359288848,7.823965850692613,-64.51165265532603
flat_control,dipole_enabled,E2,97.5,5.83943868981105,7.87366681810316,-63.02106117827573
flat_control,dipole_enabled,E2,98.0,6.114556617364094,7.919143664624517,-60.91104214790798
flat_control,dipole_enabled,E2,98.5,6.4300959510512,7.962191310938948,-57.66022083351176
flat_control,dipole_enabled,E2,99.0,6.81421189715964,8.006500069355166,-52.16306967472285
flat_control,dipole_enabled,E2,99.5,7.329700919438862,8.058132599432382,-43.7731344269068
flat_control,dipole_enabled,E2,100.0,8.033398788445542,8.118584001708577,-36.002477411551325
flat_control,dipole_enabled,E2,100.5,8.902769020531256,8.17834406597319,-30.71402266836181
flat_control,dipole_enabled,E2,101.0,9.988596094875945,8.23199738718991,-26.834982884467887
flat_control,dipole_enabled,E2,101.5,11.04633938794416,8.263659215610971,-24.367658960267327
flat_control,dipole_enabled,E2,102.0,12.138323341030983,8.276342976793423,-22.54013599402967
flat_control,dipole_enabled,E2,102.5,13.241642846352073,8.269589576140495,-21.150241618551895
flat_control,dipole_enabled,E2,103.0,14.339907457740203,8.244113470042807,-20.073788933158507
flat_control,dipole_enabled,E2,103.5,15.421537200762069,8.201330676185014,-19.23002312640464
flat_control,dipole_enabled,E2,104.0,16.478553814120236,8.142965973266268,-18.56389856908791
flat_control,dipole_enabled,E2,104.5,17.505777965133156,8.07079836902588,-18.0364065218481
flat_control,dipole_enabled,E2,105.0,18.500432016203977,7.9874500857142525,-17.618967194468595
flat_control,dipole_enabled,E2,105.5,19.462330117929373,7.896030843341223,-17.289969814279658
flat_control,dipole_enabled,E2,106.0,20.394391476846334,7.799791864193172,-17.03257681331109
flat_control,dipole_enabled,E2,106.5,21.301058479562574,7.699880855139329,-16.833641752851943
flat_control,dipole_enabled,E2,107.0,22.18565399024959,7.595480898012045,-16.68314252198405
flat_control,dipole_enabled,E2,107.5,23.049885370363846,7.485520526775544,-16.573442960705545
flat_control,dipole_enabled,E2,108.0,23.89429025417853,7.3690447027057715,-16.49861984004526
flat_control,dipole_enabled,E2,108.5,24.718679444344367,7.245309166279906,-16.45397850632713
flat_control,dipole_enabled,E2,109.0,25.52245516698472,7.113842764448083,-16.435719114671176
flat_control,dipole_enabled,E2,109.5,26.30482670436684,6.974374327320878,-16.44070555988232
flat_control,dipole_enabled,E2,110.0,27.06495316510834,6.826859154818497,-16.46630359731903
flat_control,dipole_enabled,E2,110.5,27.802037105007656,6.6714536572042915,-16.51026535429021
flat_control,dipole_enabled,E2,111.0,28.515387954580685,6.508543659638266,-16.570644090750097
flat_control,dipole_enabled,E2,111.5,29.20447354424897,6.338791217389668,-16.645727146994986
flat_control,dipole_enabled,E2,112.0,29.868978386767974,6.1633681287829685,-16.733979932412172
flat_control,dipole_enabled,E2,112.5,30.50884693651206,5.982990306475086,-16.834014079342964
flat_control,dipole_enabled,E2,113.0,31.124245562195267,5.798012222646776,-16.944590494255866
flat_control,dipole_enabled,E2,113.5,31.715477179292623,5.6088306552243825,-17.064623355598574
flat_control,dipole_enabled,E2,114.0,32.28291250360619,5.415501814390441,-17.193170841763752
flat_control,dipole_enabled,E2,114.5,32.82694778832828,5.218250249725054,-17.329418992002264
flat_control,dipole_enabled,E2,115.0,33.34798140605809,5.017127495886971,-17.4726638664409
flat_control,dipole_enabled,E2,115.5,33.84640258591011,4.8123046507395815,-17.62229417083356
flat_control,dipole_enabled,E2,116.0,34.32258745147797,4.6038575382778015,-17.77777551146074
flat_control,dipole_enabled,E2,116.5,34.821141151823426,4.370628959208758,-17.955002124335028
flat_control,dipole_enabled,E2,117.0,35.25180064147816,4.154906900310307,-18.12129770876891
flat_control,dipole_enabled,E2,117.5,35.66132358117857,3.936125930252452,-18.292137917980305
flat_control,dipole_enabled,E2,118.0,36.05005985703923,3.7145422724644606,-18.467177423854196
flat_control,dipole_enabled,E2,118.5,36.418366007951136,3.490524740547033,-18.64609497793529
flat_control,dipole_enabled,E2,119.0,36.76660638600819,3.264284280406844,-18.82859172063328
flat_control,dipole_enabled,E2,119.5,37.095153061319884,3.0361016967392063,-19.01439030866859
flat_control,dipole_enabled,E2,120.0,37.40438506310692,2.80600908573726,-19.203233569469955
flat_control,dipole_enabled,E2,120.5,37.69468698780994,2.5744769400253764,-19.394883041208598
flat_control,dipole_enabled,E2,121.0,37.966447377269674,2.341644014055092,-19.589117490966473
flat_control,dipole_enabled,E2,121.5,38.22005727885002,2.1076410193989172,-19.785731336324577
flat_control,dipole_enabled,E2,122.0,38.45590894753368,1.872697911232457,-19.984533103785495
flat_control,dipole_enabled,E2,122.5,38.67439486415327,1.6368136147920143,-20.185343920605114
flat_control,dipole_enabled,E2,123.0,38.87590716891683,1.4001150556514608,-20.3879959672136
flat_control,dipole_enabled,E2,123.5,39.0608374740116,1.1628132821860993,-20.592330936450463
flat_control,dipole_enabled,E2,124.0,39.229577040530096,0.9250306865075641,-20.798198474599154
flat_control,dipole_enabled,E2,124.5,39.38251664586511,0.6869350695233845,-21.00545506786374
flat_control,dipole_enabled,E2,125.0,39.52004593277755,0.44870756481860896,-21.213963607568466
flat_control,dipole_enabled,E2,125.5,39.64255288638941,0.21054023893082974,-21.423593099704796
flat_control,dipole_enabled,E2,126.0,39.750423523024445,-0.02735722124199036,-21.63421835674303
flat_control,dipole_enabled,E2,126.5,39.844041648468554,-0.2647978433285769,-21.845719736584787
flat_control,dipole_enabled,E2,127.0,39.923788794665285,-0.5017480316509815,-22.05798286583969
flat_control,dipole_enabled,E2,127.5,39.990044321034,-0.7380947012518813,-22.270898251553774
flat_control,dipole_enabled,E2,128.0,40.04318468108944,-0.9736755611826386,-22.484361476856847
flat_control,dipole_enabled,E2,128.5,40.08358350213735,-1.2084586219255478,-22.698272953814087
flat_control,dipole_enabled,E2,129.0,40.111611427005876,-1.4424672598145971,-22.91253781383923
flat_control,dipole_enabled,E2,129.5,40.12763615395169,-1.6755858397331291,-23.12706570380674
flat_control,dipole_enabled,E2,130.0,40.132022400891614,-1.9078102937953334,-23.341770627051325
flat_control,dipole_enabled,E2,130.5,40.12513177730206,-2.1389101980289227,-23.556570868491853
flat_control,dipole_enabled,E2,131.0,40.10732258428071,-2.368848260657148,-23.771388986674083
flat_control,dipole_enabled,E2,131.5,40.07894961283646,-2.5975983352510124,-23.986151819942037
flat_control,dipole_enabled,E2,132.0,40.035957085393115,-2.847570873262162,-24.222245009774348
flat_control,dipole_enabled,E2,132.5,39.98653844036274,-3.0732896946930244,-24.436672642777868
flat_control,dipole_enabled,E2,133.0,39.92763385836469,-3.297625857480848,-24.650844190421807
flat_control,dipole_enabled,E2,133.5,39.859584221750474,-3.5205039191723952,-24.864702445725207
flat_control,dipole_enabled,E2,134.0,39.782725291322855,-3.7418631956183313,-25.07819498686306
flat_control,dipole_enabled,E2,134.5,39.69738808395349,-3.96166472551736,-25.29127369623429
flat_control,dipole_enabled,E2,135.0,39.60389889152383,-4.180231032231543,-25.50389466142693
flat_control,dipole_enabled,E2,135.5,39.50257918633053,-4.3973241388624125,-25.71601804797892
flat_control,dipole_enabled,E2,136.0,39.39374536140663,-4.612947253571866,-25.92760812412232
flat_control,dipole_enabled,E2,136.5,39.27770862328887,-4.827155157588637,-26.13863316292802
flat_control,dipole_enabled,E2,137.0,39.15477482463327,-5.03988483113023,-26.34906537163829
flat_control,dipole_enabled,E2,137.5,39.02524427573551,-5.251132170496405,-26.55888083038705
flat_control,dipole_enabled,E2,138.0,38.88941159351152,-5.460844424421724,-26.768059398749685
flat_control,dipole_enabled,E2,138.5,38.74756895300148,-5.668890203425249,-26.976583040391528
flat_control,dipole_enabled,E2,139.0,38.60001499558633,-5.875240653635922,-27.184428632469874
flat_control,dipole_enabled,E2,139.5,38.447034609661266,-6.080137337005487,-27.3915803951754
flat_control,dipole_enabled,E2,140.0,38.2889048512201,-6.283559654378701,-27.59802700913971
flat_control,dipole_enabled,E2,140.5,38.12589511331198,-6.485698772670174,-27.80376104358827
flat_control,dipole_enabled,E2,141.0,37.958268495390506,-6.686682581110615,-28.00877782281264
flat_control,dipole_enabled,E2,141.5,37.7862810952633,-6.886361409835995,-28.21307567847402
flat_control,dipole_enabled,E2,142.0,37.61018213492367,-7.0848123771006914,-28.416655719635475
flat_control,dipole_enabled,E2,142.5,37.43021398169216,-7.2820109133670226,-28.619521609172914
flat_control,dipole_enabled,E2,143.0,37.246612014834184,-7.478004217839409,-28.82167946044222
flat_control,dipole_enabled,E2,143.5,37.0596046016947,-7.672754956898693,-29.023137677548267
flat_control,dipole_enabled,E2,144.0,36.86941336043614,-7.8664200679526575,-29.223906764732625
flat_control,dipole_enabled,E2,144.5,36.67630142366483,-8.057702872423855,-29.42396966350848
flat_control,dipole_enabled,E2,145.0,36.480546475228756,-8.247624311998973,-29.623276413353057
flat_control,dipole_enabled,E2,145.5,36.282372821145714,-8.436364227202295,-29.82181300973496
flat_control,dipole_enabled,E2,146.0,36.0819896659305,-8.62419260148994,-30.019574971153368
flat_control,dipole_enabled,E2,146.5,35.87959638146864,-8.81093560423289,-30.21656350409689
flat_control,dipole_enabled,E2,147.0,35.675383810715076,-8.996503863735937,-30.4127834708319
flat_control,dipole_enabled,E2,147.5,35.44886580993707,-9.19944057189201,-30.627748094476065
flat_control,dipole_enabled,E2,148.0,35.24141627613063,-9.382954913737436,-30.82238520662144
flat_control,dipole_enabled,E2,148.5,35.03268697582071,-9.565442605806497,-31.016288544480965
flat_control,dipole_enabled,E2,149.0,34.82283646860045,-9.747148610505542,-31.209473723540246
flat_control,dipole_enabled,E2,149.5,34.61201617443797,-9.928130252736194,-31.401957844320865
flat_control,dipole_enabled,E2,150.0,34.400429295014455,-10.104231785425311,-31.593645596511042
flat_control,dipole_enabled,E2,150.5,34.188625592912274,-10.2709165980479,-31.783626060327048
flat_control,dipole_enabled,E2,151.0,33.97686489100862,-10.43505731478625,-31.971749896848717
flat_control,dipole_enabled,E2,151.5,33.76529578083503,-10.597182343395326,-32.15810681784101
flat_control,dipole_enabled,E2,152.0,33.55404273343411,-10.757351480057391,-32.34279143027573
flat_control,dipole_enabled,E2,152.5,33.34322433437043,-10.915861374727205,-32.52588935833216
flat_control,dipole_enabled,E2,153.0,33.132949050987435,-11.072918687394843,-32.70748123110784
flat_control,dipole_enabled,E2,153.5,32.923318204141616,-11.228642224199927,-32.887641259844244
flat_control,dipole_enabled,E2,154.0,32.71442609876859,-11.3831661923036,-33.06643769433092
flat_control,dipole_enabled,E2,154.5,32.50635991774739,-11.536657724786172,-33.24393365825438
flat_control,dipole_enabled,E2,155.0,32.29920026726662,-11.689486849100161,-33.42018739671269
flat_control,dipole_enabled,E2,155.5,32.09302143929745,-11.842061813905666,-33.59525269859822
flat_control,dipole_enabled,E2,156.0,31.888564951183064,-11.941161187654119,-33.71988297977534
flat_control,dipole_enabled,E2,156.5,31.687162783440048,-12.026265322490826,-33.83527616532862
flat_control,dipole_enabled,E2,157.0,31.488899710169974,-12.111901792058417,-33.94970978755378
flat_control,dipole_enabled,E2,157.5,31.29374072876878,-12.199369578796224,-34.06316797674973
flat_control,dipole_enabled,E2,158.0,31.1016379179181,-12.289300902805977,-34.17564760071076
flat_control,dipole_enabled,E2,158.5,30.912539303183646,-12.38266725642491,-34.2871487338967
flat_control,dipole_enabled,E2,159.0,30.72639120894963,-12.480986402232803,-34.39767424419692
flat_control,dipole_enabled,E2,159.5,30.543140591229076,-12.586994194045054,-34.50722779567848
flat_control,dipole_enabled,E2,160.0,30.3627343887,-12.704568918475061,-34.61581423234851
flat_control,dipole_enabled,E2,160.5,30.185120080427954,-12.835387119809994,-34.72343920031816
flat_control,dipole_enabled,E2,161.0,30.010245860576543,-12.975537122835519,-34.8301089493422
flat_control,dipole_enabled,E2,161.5,29.838081986902253,-13.11657654780339,-34.9358238146432
flat_control,dipole_enabled,E2,162.0,29.668938362110545,-13.245979573102593,-35.040384450524776
flat_control,dipole_enabled,E2,162.5,29.50294035583672,-13.36809843595959,-35.143662740274564
flat_control,dipole_enabled,E2,163.0,29.32391580317601,-13.491727669917683,-35.255796261729266
flat_control,dipole_enabled,E2,163.5,29.16434610425713,-13.59298883700297,-35.35641603311043
flat_control,dipole_enabled,E2,164.0,29.00774133396384,-13.682968888362543,-35.455796262148894
flat_control,dipole_enabled,E2,164.5,28.854039837742718,-13.761383720812258,-35.55395453163342
flat_control,dipole_enabled,E2,165.0,28.70318169745196,-13.828249518353834,-35.650907789177886
flat_control,dipole_enabled,E2,165.5,28.55510805630928,-13.88359325772864,-35.74667275870707
flat_control,dipole_enabled,E2,166.0,28.409761172098488,-13.927774027731456,-35.84126596106694
flat_control,dipole_enabled,E2,166.5,28.2670843968084,-13.96121934664271,-35.93470371069788
flat_control,dipole_enabled,E2,167.0,28.127022130102972,-13.984379957857907,-36.027002150897005
flat_control,dipole_enabled,E2,167.5,27.989549972953526,-13.996445557739861,-36.118161948788305
flat_control,dipole_enabled,E2,168.0,27.85467791040339,-13.99871513388959,-36.208154405359465
flat_control,dipole_enabled,E2,168.5,27.722368048797968,-13.992149242007795,-36.29698343497697
flat_control,dipole_enabled,E2,169.0,27.592574870250374,-13.97707422631517,-36.384659761316
flat_control,dipole_enabled,E2,169.5,27.465252384410313,-13.95390826794916,-36.4711951654255
flat_control,dipole_enabled,E2,170.0,27.34035377607595,-13.923133073929254,-36.55660251295586
flat_control,dipole_enabled,E2,170.5,27.217832361598898,-13.885194662138087,-36.64089515030571
flat_control,dipole_enabled,E2,171.0,27.09764157508036,-13.840644289536696,-36.724086853659806
flat_control,dipole_enabled,E2,171.5,26.979735047151305,-13.78988268110606,-36.80619179189693
flat_control,dipole_enabled,E2,172.0,26.86406672239784,-13.733231520559439,-36.88722442788233
flat_control,dipole_enabled,E2,172.5,26.750590924521116,-13.671193007736381,-36.96719946468134
flat_control,dipole_enabled,E2,173.0,26.63926372498154,-13.603946582235766,-37.046131248885175
flat_control,dipole_enabled,E2,173.5,26.530051572682776,-13.531822791946777,-37.1240275856733
flat_control,dipole_enabled,E2,174.0,26.42291620298741,-13.455174234697342,-37.20089892883346
flat_control,dipole_enabled,E2,174.5,26.31781670221394,-13.3743569775865,-37.276758406963296
flat_control,dipole_enabled,E2,175.0,26.21471230417309,-13.289657284333734,-37.351619573178574
flat_control,dipole_enabled,E2,175.5,26.113562523698274,-13.201231896356491,-37.425496195688886
flat_control,dipole_enabled,E2,176.0,26.014327331835936,-13.109469914368033,-37.49840216571619
flat_control,dipole_enabled,E2,176.5,25.916967164277583,-13.014662039716324,-37.570351463420714
flat_control,dipole_enabled,E2,177.0,25.821442917955473,-12.916952261541002,-37.64135816029156
flat_control,dipole_enabled,E2,177.5,25.7277159781118,-12.816548500993639,-37.71143639010181
flat_control,dipole_enabled,E2,178.0,25.635748229875357,-12.713744714183406,-37.78060033233615
flat_control,dipole_enabled,E2,178.5,25.536570817401284,-12.598330912083707,-37.855641586777516
flat_control,dipole_enabled,E2,179.0,25.448177546055568,-12.491439260896477,-37.92293060963657
flat_control,dipole_enabled,E2,179.5,25.361431787840512,-12.382859064327576,-37.98934722667547
flat_control,dipole_enabled,E2,180.0,25.276298299301022,-12.272661535340772,-38.05490510144153
flat_control,dipole_enabled,E2,180.5,25.192742331157394,-12.16104074573986,-38.119617918195374
flat_control,dipole_enabled,E2,181.0,25.110729652020705,-12.048152251731112,-38.18349933407978
flat_control,dipole_enabled,E2,181.5,25.030226594441288,-11.934279752039432,-38.246562945063246
flat_control,dipole_enabled,E2,182.0,24.95120004627349,-11.81950757620501,-38.30882227923412
flat_control,dipole_enabled,E2,182.5,24.873617452458685,-11.703992000898658,-38.37029078944898
flat_control,dipole_enabled,E2,183.0,24.79744681670794,-11.587854153075616,-38.43098184326373
flat_control,dipole_enabled,E2,183.5,24.722656699233312,-11.471229833855595,-38.49090871626801
flat_control,dipole_enabled,E2,184.0,24.64921623753656,-11.35436230231996,-38.5500845768883
flat_control,dipole_enabled,E2,184.5,24.57709540420392,-11.237430917028277,-38.60852229685768
flat_control,dipole_enabled,E2,185.0,24.506264672480583,-11.1204062965726,-38.66623463732987
flat_control,dipole_enabled,E2,185.5,24.436694973039604,-11.00338290902377,-38.72323431857847
flat_control,dipole_enabled,E2,186.0,24.36835778433733,-10.88654279891054,-38.77953393766204
flat_control,dipole_enabled,E2,186.5,24.301225127901493,-10.770031980789865,-38.835145962496284
flat_control,dipole_enabled,E2,187.0,24.235269574414342,-10.65373779407421,-38.890082719844905
flat_control,dipole_enabled,E2,187.5,24.170464235959088,-10.537830279125945,-38.94435639370989
flat_control,dipole_enabled,E2,188.0,24.106782762635127,-10.422336652006896,-38.997979020720116
flat_control,dipole_enabled,E2,188.5,24.04419933764483,-10.307382179823538,-39.05096248666633
flat_control,dipole_enabled,E2,189.0,23.98268867122046,-10.193148574086507,-39.10331852409076
flat_control,dipole_enabled,E2,189.5,23.92222601584206,-10.079720042785723,-39.15505869810573
flat_control,dipole_enabled,E2,190.0,23.86278718135931,-9.967163359834048,-39.20619438106325
flat_control,dipole_enabled,E2,190.5,23.80434846481845,-9.855395370069235,-39.256736799984346
flat_control,dipole_enabled,E2,191.0,23.74688666358678,-9.744415620542428,-39.30669702332654
flat_control,dipole_enabled,E2,191.5,23.69037907391048,-9.634351835958114,-39.356085954501914
flat_control,dipole_enabled,E2,192.0,23.634803486093656,-9.52513281611694,-39.40491432948561
flat_control,dipole_enabled,E2,192.5,23.580138177319757,-9.41675520252019,-39.453192716053124
flat_control,dipole_enabled,E2,193.0,23.526361905097072,-9.309272393750344,-39.500931512872874
flat_control,dipole_enabled,E2,193.5,23.473453900319203,-9.202993113171622,-39.54814094894183
flat_control,dipole_enabled,E2,194.0,23.416233726145713,-9.087195727238942,-39.59947191751446
flat_control,dipole_enabled,E2,194.5,23.365083550758875,-8.983029345603978,-39.64560223201447
flat_control,dipole_enabled,E2,195.0,23.314740206324917,-8.87983617998401,-39.69123380388815
flat_control,dipole_enabled,E2,195.5,23.265184796787395,-8.777631988782835,-39.736376160204294
flat_control,dipole_enabled,E2,196.0,23.216398862774547,-8.676392344452335,-39.781038658845596
flat_control,dipole_enabled,E2,196.5,23.168364374585835,-8.576052018564457,-39.825230488775645
flat_control,dipole_enabled,E2,197.0,23.121063724897716,-8.476653330004126,-39.86896067067452
flat_control,dipole_enabled,E2,197.5,23.07447972134422,-8.378288476234864,-39.91223805786339
flat_control,dipole_enabled,E2,198.0,23.028595579061804,-8.280813285438056,-39.955071337345835
flat_control,dipole_enabled,E2,198.5,22.983394913266054,-8.184165081144048,-39.99746903099975
flat_control,dipole_enabled,E2,199.0,22.938861733279925,-8.088414570143625,-40.039439495835936
flat_control,dipole_enabled,E2,199.5,22.894980433865495,-7.993509557735576,-40.0809909260077
flat_control,dipole_enabled,E2,200.0,22.85173578714762,-7.899454195022684,-40.12213135508702
flat_control,dipole_enabled,E2,200.5,22.80911293569391,-7.806177847442246,-40.162868657259935
flat_control,dipole_enabled,E2,201.0,22.76709738523542,-7.713553924543071,-40.203210548948036
flat_control,dipole_enabled,E2,201.5,22.725674997372565,-7.621739639702834,-40.24316459056257
flat_control,dipole_enabled,E2,202.0,22.68483198231476,-7.530427763766778,-40.28273818833717
flat_control,dipole_enabled,E2,202.5,22.64455489184542,-7.439834262250207,-40.321938596127595
flat_control,dipole_enabled,E2,203.0,22.604830612270035,-7.3499683643080616,-40.360772917237135
flat_control,dipole_enabled,E2,203.5,22.56564635698631,-7.260693558469868,-40.39924810672441
flat_control,dipole_enabled,E2,204.0,22.526989659593937,-7.1718981589998965,-40.43737097337414
flat_control,dipole_enabled,E2,204.5,22.488848366980406,-7.08366540124167,-40.47514818177307
flat_control,dipole_enabled,E2,205.0,22.451210632465543,-6.995778948273852,-40.51258625444014
flat_control,dipole_enabled,E2,205.5,22.41406490906022,-6.908500777121089,-40.54969157396845
flat_control,dipole_enabled,E2,206.0,22.377399942780126,-6.821710223156399,-40.5864703851972
flat_control,dipole_enabled,E2,206.5,22.341204765977576,-6.735328178943849,-40.622928797478785
flat_control,dipole_enabled,E2,207.0,22.305468690844222,-6.64922175320056,-40.65907278689392
flat_control,dipole_enabled,E2,207.5,22.270181302986,-6.563399157078025,-40.69490819849493
flat_control,dipole_enabled,E2,208.0,22.235332455093573,-6.477996277574021,-40.7304407485592
flat_control,dipole_enabled,E2,208.5,22.20091226070694,-6.3928845121734845,-40.76567602684792
flat_control,dipole_enabled,E2,209.0,22.16691108805995,-6.3080456567617205,-40.80061949888404
flat_control,dipole_enabled,E2,209.5,22.129982576784137,-6.214814013934302,-40.83872665584603
flat_control,dipole_enabled,E2,210.0,22.096831097248756,-6.130182719938464,-40.873074585207675
flat_control,dipole_enabled,E2,210.5,22.064070334834405,-6.0458655657628,-40.90714688637853
flat_control,dipole_enabled,E2,211.0,22.031691639909123,-5.961762417695362,-40.94094853917019
flat_control,dipole_enabled,E2,211.5,21.999686587751814,-5.877760073513336,-40.97448441067192
flat_control,dipole_enabled,E2,212.0,21.968046973020535,-5.793758268234206,-41.007759257481005
flat_control,dipole_enabled,E2,212.5,21.936764804322422,-5.709970271026155,-41.0407777279193
flat_control,dipole_enabled,E2,213.0,21.90583229888594,-5.62653057587553,-41.073544364233285
flat_control,dipole_enabled,E2,213.5,21.875241877334688,-5.543239536548885,-41.10606360477674
flat_control,dipole_enabled,E2,214.0,21.844986158563376,-5.460207402427861,-41.13833978617363
flat_control,dipole_enabled,E2,214.5,21.8150579547157,-5.377746290638115,-41.170377145459696
flat_control,dipole_enabled,E2,215.0,21.785450266263233,-5.295801293635516,-41.20217982220192
flat_control,dipole_enabled,E2,215.5,21.756156277185173,-5.214890420197671,-41.23375186059422
flat_control,dipole_enabled,E2,216.0,21.727169350248232,-5.135822675878612,-41.26509721152835
flat_control,dipole_enabled,E2,216.5,21.698483022385954,-5.073140541882166,-41.296219734639074
flat_control,dipole_enabled,E2,217.0,21.670091000176722,-5.028347926588483,-41.327123200322504
flat_control,dipole_enabled,E2,217.5,21.64198715541956,-4.983712957103523,-41.35781129172703
flat_control,dipole_enabled,E2,218.0,21.61416552080684,-4.939250278224736,-41.388287606716
flat_control,dipole_enabled,E2,218.5,21.58662028569286,-4.894973878800339,-41.41855565980126
flat_control,dipole_enabled,E2,219.0,21.559345791957252,-4.850897102621876,-41.448618884047576
flat_control,dipole_enabled,E2,219.5,21.532336529962095,-4.807032659683004,-41.478480632946884
flat_control,dipole_enabled,E2,220.0,21.505587134601637,-4.763392637780091,-41.50814418226221
